timestamp,quality,angle_deg,distance_mm
1785141199.661025047,15,357.796875,7019.500
1785141199.661025047,15,359.453125,7003.750
1785141199.661025047,15,1.109375,7003.750
1785141199.661025047,15,2.765625,7014.750
1785141199.661025047,15,6.078125,6727.750
1785141199.661025047,15,7.718750,6719.250
1785141199.661025047,15,10.937500,8811.750
1785141199.661025047,8,12.593750,8830.750
1785141199.661025047,11,14.250000,8806.000
1785141199.661025047,15,46.062500,107.250
1785141199.661025047,15,51.000000,101.000
1785141199.661025047,15,164.484375,10336.250
1785141199.661025047,15,179.375000,10611.750
1785141199.661025047,11,192.703125,6182.500
1785141199.661025047,7,194.359375,6095.500
1785141199.661025047,13,197.671875,5604.000
1785141199.661025047,15,201.000000,5180.250
1785141199.661025047,9,209.343750,4336.500
1785141199.661025047,15,211.000000,4216.250
1785141199.661025047,9,212.671875,4112.750
1785141199.661025047,15,214.312500,4011.250
1785141199.661025047,15,215.984375,3912.250
1785141199.661025047,7,217.625000,3828.500
1785141199.661025047,15,232.609375,3000.750
1785141199.661025047,15,234.250000,3033.000
1785141199.661025047,10,235.921875,3048.750
1785141199.661025047,10,237.562500,3032.250
1785141199.661025047,6,242.531250,2907.750
1785141199.661025047,8,244.203125,2895.750
1785141199.661025047,15,245.843750,2879.000
1785141199.661025047,15,247.484375,2863.500
1785141199.661025047,15,249.171875,2842.500
1785141199.661025047,10,255.765625,2807.500
1785141199.661025047,10,257.421875,2788.500
1785141199.661025047,9,259.046875,2788.250
1785141199.661025047,9,260.687500,2784.250
1785141199.661025047,15,262.375000,2788.250
1785141199.661025047,13,267.421875,2276.250
1785141199.661025047,15,270.593750,2820.750
1785141199.661025047,15,272.250000,2840.250
1785141199.661025047,15,275.531250,2868.000
1785141199.661025047,15,278.828125,2932.250
1785141199.661025047,15,280.484375,2973.250
1785141199.661025047,15,295.265625,3253.000
1785141199.661025047,15,296.890625,3296.750
1785141199.661025047,15,298.625000,3344.000
1785141199.661025047,15,300.296875,3387.750
1785141199.661025047,15,301.921875,3449.000
1785141199.661025047,15,303.578125,3512.500
1785141199.661025047,15,305.234375,3585.000
1785141199.661025047,15,306.859375,3671.000
1785141199.661025047,15,339.796875,6132.750
1785141199.661025047,14,343.031250,9559.250
1785141199.661025047,15,344.671875,9471.000
1785141199.661025047,15,346.343750,9427.750
1785141199.661025047,15,348.015625,9375.500
1785141199.661025047,15,349.671875,9280.500
1785141201.098809004,15,357.984375,7012.250
1785141201.098809004,15,359.640625,6993.000
1785141201.098809004,15,1.281250,6980.500
1785141201.098809004,15,2.953125,7005.250
1785141201.098809004,15,6.265625,6726.750
1785141201.098809004,15,11.156250,8840.000
1785141201.098809004,9,12.828125,8855.750
1785141201.098809004,9,14.468750,8822.250
1785141201.098809004,15,46.234375,106.750
1785141201.098809004,13,163.046875,10274.750
1785141201.098809004,15,164.703125,10260.000
1785141201.098809004,12,192.906250,6177.750
1785141201.098809004,8,194.578125,6084.500
1785141201.098809004,13,197.890625,5604.750
1785141201.098809004,15,201.234375,5149.500
1785141201.098809004,13,204.515625,4816.750
1785141201.098809004,13,211.140625,4191.500
1785141201.098809004,12,212.812500,4097.000
1785141201.098809004,15,214.484375,4000.750
1785141201.098809004,15,216.125000,3909.000
1785141201.098809004,15,232.765625,3002.750
1785141201.098809004,15,234.406250,3030.750
1785141201.098809004,9,236.031250,3047.250
1785141201.098809004,15,237.687500,3032.250
1785141201.098809004,7,242.671875,2919.500
1785141201.098809004,15,247.625000,2862.750
1785141201.098809004,15,249.281250,2845.250
1785141201.098809004,9,257.578125,2791.000
1785141201.098809004,11,259.234375,2782.750
1785141201.098809004,10,260.875000,2782.750
1785141201.098809004,15,262.531250,2794.500
1785141201.098809004,15,265.921875,2290.000
1785141201.098809004,15,164.171875,10295.500
1785141201.098809004,15,165.828125,10167.750
1785141201.098809004,15,179.046875,10632.500
1785141201.098809004,9,194.015625,6117.500
1785141201.098809004,11,202.312500,5069.000
1785141201.098809004,10,208.968750,4376.000
1785141201.098809004,15,212.281250,4135.750
1785141201.098809004,15,215.609375,3938.250
1785141201.098809004,15,233.843750,3040.250
1785141201.098809004,11,235.531250,3058.500
1785141201.098809004,15,237.171875,3039.500
1785141201.098809004,15,238.812500,3014.750
1785141201.098809004,15,242.390625,1926.000
1785141201.098809004,15,247.109375,2865.250
1785141201.098809004,15,248.765625,2846.250
1785141201.098809004,15,252.437500,1622.250
1785141201.098809004,15,254.062500,1595.500
1785141201.098809004,15,255.750000,1597.500
1785141201.098809004,15,257.406250,1585.500
1785141201.098809004,10,263.609375,2789.250
1785141201.098809004,15,267.015625,2281.000
1785141201.098809004,15,270.187500,2822.750
1785141201.098809004,15,271.828125,2840.750
1785141201.098809004,15,294.843750,3266.000
1785141201.098809004,15,296.468750,3288.500
1785141201.098809004,15,298.125000,3337.500
1785141201.098809004,15,299.890625,3380.250
1785141201.098809004,15,301.546875,3435.750
1785141201.098809004,15,303.203125,3500.500
1785141201.098809004,15,304.812500,3570.750
1785141201.098809004,15,306.484375,3651.250
1785141201.098809004,15,342.703125,9592.750
1785141201.098809004,15,344.359375,9453.750
1785141201.098809004,15,346.000000,9403.750
1785141201.098809004,15,347.640625,9341.500
1785141201.098809004,15,349.281250,9287.250
1785141201.210407972,15,357.625000,7064.750
1785141201.210407972,15,359.281250,6999.750
1785141201.210407972,15,0.937500,6978.750
1785141201.210407972,15,2.578125,6989.250
1785141201.210407972,15,5.906250,6681.250
1785141201.210407972,15,7.562500,6703.750
1785141201.210407972,15,10.781250,8811.000
1785141201.210407972,10,12.421875,8837.250
1785141201.210407972,9,14.093750,8810.500
1785141201.210407972,7,15.734375,8832.750
1785141201.210407972,15,46.109375,107.750
1785141201.210407972,15,50.421875,101.500
1785141201.210407972,15,164.265625,10263.750
1785141201.210407972,10,165.921875,10167.000
1785141201.210407972,15,179.171875,10609.000
1785141201.210407972,10,192.515625,6187.250
1785141201.210407972,8,194.171875,6109.750
1785141201.210407972,12,197.500000,5639.500
1785141201.210407972,9,202.468750,5040.500
1785141201.210407972,7,209.109375,4357.500
1785141201.210407972,15,212.421875,4126.500
1785141201.210407972,12,214.109375,4030.750
1785141201.210407972,15,215.750000,3931.750
1785141201.210407972,10,217.406250,3840.500
1785141201.210407972,15,234.015625,3039.250
1785141201.210407972,8,235.656250,3059.500
1785141201.210407972,15,237.296875,3036.750
1785141201.210407972,15,238.937500,3008.250
1785141201.210407972,15,242.578125,1864.000
1785141201.210407972,15,248.890625,2846.500
1785141201.210407972,10,250.546875,2830.250
1785141201.210407972,15,254.312500,1554.000
1785141201.210407972,15,255.937500,1547.000
1785141201.210407972,14,262.125000,2788.000
1785141201.210407972,15,267.171875,2278.750
1785141201.210407972,15,270.343750,2822.250
1785141201.210407972,14,272.000000,2838.500
1785141201.210407972,15,295.031250,3271.000
1785141201.210407972,15,296.687500,3292.250
1785141201.210407972,15,298.312500,3336.750
1785141201.210407972,15,300.062500,3387.250
1785141201.210407972,15,301.687500,3443.750
1785141201.210407972,15,303.343750,3503.250
1785141201.210407972,15,305.000000,3573.000
1785141201.210407972,15,306.656250,3659.000
1785141201.210407972,14,342.828125,9568.250
1785141201.210407972,15,344.484375,9468.500
1785141201.210407972,15,346.140625,9412.500
1785141201.210407972,15,347.796875,9337.250
1785141201.210407972,15,349.453125,9273.250
1785141201.321068048,15,357.796875,7019.500
1785141201.321068048,15,359.421875,7009.000
1785141201.321068048,15,1.093750,7010.500
1785141201.321068048,15,2.750000,7018.250
1785141201.321068048,15,6.062500,6725.000
1785141201.321068048,15,7.718750,6718.500
1785141201.321068048,15,10.968750,8816.750
1785141201.321068048,8,12.625000,8831.000
1785141201.321068048,10,14.281250,8806.250
1785141201.321068048,15,45.812500,107.250
1785141201.321068048,14,49.984375,101.000
1785141201.321068048,15,164.406250,10225.000
1785141201.321068048,9,174.328125,10129.500
1785141201.321068048,15,179.312500,10609.750
1785141201.321068048,11,192.640625,6182.250
1785141201.321068048,8,194.281250,6093.750
1785141201.321068048,9,197.640625,5639.000
1785141201.321068048,15,212.531250,4114.500
1785141201.321068048,13,214.187500,4021.250
1785141201.321068048,15,215.859375,3931.500
1785141201.321068048,7,217.531250,3840.500
1785141201.321068048,15,234.125000,3033.250
1785141201.321068048,10,235.750000,3056.000
1785141201.321068048,15,237.406250,3034.000
1785141201.321068048,15,239.078125,3011.250
1785141201.321068048,15,242.718750,1766.250
1785141201.321068048,15,249.015625,2845.250
1785141201.321068048,15,254.390625,1572.000
1785141201.321068048,15,256.015625,1563.500
1785141201.321068048,15,262.234375,2786.500
1785141201.321068048,15,267.265625,2278.500
1785141201.321068048,15,270.453125,2820.500
1785141201.321068048,15,272.078125,2842.250
1785141201.321068048,6,275.406250,2875.250
1785141201.321068048,15,281.984375,2943.250
1785141201.321068048,15,295.140625,3264.750
1785141201.321068048,15,296.796875,3292.000
1785141201.321068048,15,298.515625,3338.000
1785141201.321068048,15,300.171875,3389.250
1785141201.321068048,15,301.796875,3446.500
1785141201.321068048,15,303.437500,3507.750
1785141201.321068048,15,305.093750,3584.750
1785141201.321068048,15,306.750000,3666.000
1785141201.321068048,15,342.937500,9572.750
1785141201.321068048,15,344.578125,9468.000
1785141201.321068048,15,346.250000,9427.500
1785141201.321068048,15,347.890625,9354.750
1785141201.321068048,15,349.546875,9272.000
1785141201.433166027,15,357.875000,7009.750
1785141201.433166027,15,359.515625,7004.750
1785141201.433166027,15,1.187500,7012.000
1785141201.433166027,15,2.828125,7021.250
1785141201.433166027,15,6.156250,6728.000
1785141201.433166027,15,7.796875,6716.000
1785141201.433166027,15,11.031250,8815.000
1785141201.433166027,7,12.671875,8827.250
1785141201.433166027,8,14.343750,8786.750
1785141201.433166027,15,46.859375,107.250
1785141201.433166027,14,50.234375,101.000
1785141201.433166027,15,164.531250,10318.250
1785141201.433166027,12,179.437500,10488.250
1785141201.433166027,9,192.765625,6181.500
1785141201.433166027,8,194.421875,6102.000
1785141201.433166027,12,197.734375,5602.500
1785141201.433166027,8,209.312500,4333.500
1785141201.433166027,14,210.984375,4214.000
1785141201.433166027,9,212.656250,4111.500
1785141201.433166027,13,214.281250,4017.000
1785141201.433166027,15,215.968750,3920.500
1785141201.433166027,9,217.625000,3829.750
1785141201.433166027,15,230.890625,2981.750
1785141201.433166027,15,234.187500,3027.500
1785141201.433166027,10,235.828125,3052.500
1785141201.433166027,10,237.484375,3032.000
1785141201.433166027,15,239.125000,3011.750
1785141201.433166027,15,240.781250,2981.000
1785141201.433166027,5,242.453125,2935.500
1785141201.433166027,8,244.109375,2897.500
1785141201.433166027,15,247.859375,1488.000
1785141201.433166027,15,249.562500,1483.000
1785141201.433166027,15,254.515625,1587.250
1785141201.433166027,15,256.125000,1600.750
1785141201.433166027,15,262.375000,2791.000
1785141201.433166027,13,267.437500,2275.750
1785141201.433166027,15,270.625000,2821.000
1785141201.433166027,15,272.265625,2839.250
1785141201.433166027,15,275.531250,2869.000
1785141201.433166027,15,282.093750,2930.250
1785141201.433166027,15,295.250000,3252.000
1785141201.433166027,15,296.906250,3297.000
1785141201.433166027,15,298.625000,3345.250
1785141201.433166027,15,300.281250,3387.500
1785141201.433166027,15,301.890625,3449.000
1785141201.433166027,15,303.546875,3511.500
1785141201.433166027,15,305.187500,3584.750
1785141201.433166027,15,306.843750,3671.250
1785141201.433166027,15,339.843750,6119.000
1785141201.433166027,11,343.078125,9566.750
1785141201.433166027,15,344.718750,9542.500
1785141201.433166027,15,346.390625,9481.500
1785141201.433166027,15,348.046875,9362.250
1785141201.433166027,15,349.718750,9281.250
1785141201.655314922,15,356.437500,6970.750
1785141201.655314922,15,358.093750,6983.750
1785141201.655314922,15,359.750000,6988.750
1785141201.655314922,15,1.421875,6978.000
1785141201.655314922,15,3.046875,7011.750
1785141201.655314922,15,6.375000,6724.750
1785141201.655314922,15,11.218750,8868.750
1785141201.655314922,9,12.875000,8875.000
1785141201.655314922,11,14.531250,8864.000
1785141201.655314922,15,45.796875,106.750
1785141201.655314922,15,164.781250,10330.750
1785141201.655314922,15,178.015625,10457.000
1785141201.655314922,12,197.953125,5600.750
1785141201.655314922,14,211.156250,4191.250
1785141201.655314922,12,212.828125,4097.250
1785141201.655314922,15,214.484375,3998.750
1785141201.655314922,15,216.156250,3908.500
1785141201.655314922,15,232.765625,3004.250
1785141201.655314922,15,234.390625,3032.250
1785141201.655314922,15,236.078125,3047.250
1785141201.655314922,15,237.687500,3029.750
1785141201.655314922,15,239.359375,3006.750
1785141201.655314922,6,241.015625,2961.750
1785141201.655314922,8,242.687500,2918.000
1785141201.655314922,10,244.312500,2897.000
1785141201.655314922,15,245.984375,2881.500
1785141201.655314922,15,247.625000,2864.250
1785141201.655314922,15,249.265625,2845.750
1785141201.655314922,15,256.296875,1554.000
1785141201.655314922,15,264.890625,1132.250
1785141201.655314922,15,266.515625,1166.750
1785141201.655314922,15,268.187500,1171.500
1785141201.655314922,15,269.828125,1175.750
1785141201.655314922,15,272.406250,2839.000
1785141201.655314922,11,275.625000,2888.500
1785141201.655314922,15,282.203125,2949.000
1785141201.655314922,15,295.328125,3251.750
1785141201.655314922,15,296.984375,3298.000
1785141201.655314922,15,298.734375,3347.500
1785141201.655314922,15,300.375000,3389.000
1785141201.655314922,15,302.031250,3447.500
1785141201.655314922,15,303.671875,3518.250
1785141201.655314922,15,305.312500,3596.000
1785141201.655314922,15,340.000000,6105.250
1785141201.655314922,14,343.234375,9505.000
1785141201.655314922,15,344.890625,9527.250
1785141201.655314922,15,346.500000,9473.000
1785141201.655314922,15,348.171875,9357.500
1785141201.655314922,15,349.828125,9277.250
1785141201.766928911,15,356.484375,7024.750
1785141201.766928911,15,358.140625,6990.000
1785141201.766928911,15,359.796875,6980.500
1785141201.766928911,15,1.453125,6966.000
1785141201.766928911,15,3.093750,7006.750
1785141201.766928911,15,6.421875,6724.500
1785141201.766928911,15,9.671875,8718.000
1785141201.766928911,15,11.265625,8848.250
1785141201.766928911,9,12.921875,8848.750
1785141201.766928911,9,14.562500,8859.000
1785141201.766928911,15,45.796875,106.750
1785141201.766928911,15,164.828125,10341.250
1785141201.766928911,15,178.046875,10462.000
1785141201.766928911,10,193.015625,6169.250
1785141201.766928911,12,197.984375,5603.000
1785141201.766928911,13,201.328125,5122.500
1785141201.766928911,13,211.265625,4180.000
1785141201.766928911,11,212.937500,4083.250
1785141201.766928911,15,214.578125,3989.250
1785141201.766928911,9,216.250000,3890.000
1785141201.766928911,15,217.921875,3789.750
1785141201.766928911,12,232.843750,3029.000
1785141201.766928911,12,234.500000,3038.750
1785141201.766928911,10,236.156250,3047.500
1785141201.766928911,15,237.812500,3028.500
1785141201.766928911,15,239.453125,3000.750
1785141201.766928911,15,241.109375,2961.000
1785141201.766928911,7,242.781250,2920.750
1785141201.766928911,9,244.453125,2895.250
1785141201.766928911,15,246.093750,2879.500
1785141201.766928911,15,247.718750,2859.750
1785141201.766928911,15,249.406250,2840.750
1785141201.766928911,15,256.390625,1493.000
1785141201.766928911,15,258.046875,1496.250
1785141201.766928911,15,264.953125,1183.750
1785141201.766928911,15,266.546875,1178.250
1785141201.766928911,15,268.218750,1169.000
1785141201.766928911,15,269.812500,1176.500
1785141201.766928911,15,295.390625,3259.750
1785141201.766928911,15,297.031250,3306.750
1785141201.766928911,15,298.796875,3347.750
1785141201.766928911,15,300.468750,3388.500
1785141201.766928911,15,302.093750,3447.750
1785141201.766928911,15,303.765625,3516.750
1785141201.766928911,15,305.406250,3595.500
1785141201.766928911,15,340.031250,6072.000
1785141201.766928911,15,343.250000,9493.500
1785141201.766928911,15,344.906250,9520.000
1785141201.766928911,15,346.531250,9470.500
1785141201.766928911,15,348.171875,9351.000
1785141201.766928911,15,349.828125,9274.250
1785141201.877556086,15,356.484375,7029.750
1785141201.877556086,15,358.156250,6993.750
1785141201.877556086,15,359.812500,6982.250
1785141201.877556086,15,1.453125,6965.500
1785141201.877556086,15,3.109375,7004.250
1785141201.877556086,15,6.421875,6724.250
1785141201.877556086,15,9.687500,8717.750
1785141201.877556086,15,11.296875,8847.750
1785141201.877556086,8,12.968750,8845.000
1785141201.877556086,8,14.609375,8855.750
1785141201.877556086,15,46.703125,106.750
1785141201.877556086,15,164.812500,10340.750
1785141201.877556086,15,178.015625,10462.000
1785141201.877556086,11,197.953125,5597.750
1785141201.877556086,11,201.281250,5131.500
1785141201.877556086,14,211.265625,4179.750
1785141201.877556086,11,212.953125,4084.750
1785141201.877556086,15,214.625000,3989.750
1785141201.877556086,11,216.265625,3889.750
1785141201.877556086,15,217.937500,3795.000
1785141201.877556086,15,232.843750,3029.250
1785141201.877556086,14,234.500000,3039.000
1785141201.877556086,9,236.171875,3047.000
1785141201.877556086,15,237.828125,3027.750
1785141201.877556086,15,239.468750,3002.000
1785141201.877556086,7,241.140625,2962.250
1785141201.877556086,8,242.765625,2921.000
1785141201.877556086,9,244.421875,2895.750
1785141201.877556086,15,246.078125,2879.000
1785141201.877556086,15,247.734375,2862.500
1785141201.877556086,15,249.406250,2844.000
1785141201.877556086,15,259.843750,1388.250
1785141201.877556086,15,265.015625,1177.000
1785141201.877556086,15,266.625000,1163.500
1785141201.877556086,15,268.328125,1150.500
1785141201.877556086,8,272.468750,2841.000
1785141201.877556086,15,295.421875,3253.000
1785141201.877556086,15,297.046875,3306.250
1785141201.877556086,15,298.812500,3348.250
1785141201.877556086,15,300.468750,3388.000
1785141201.877556086,15,302.109375,3446.500
1785141201.877556086,15,303.765625,3516.000
1785141201.877556086,15,305.406250,3596.250
1785141201.877556086,15,339.953125,6104.000
1785141201.877556086,15,343.187500,9531.750
1785141201.877556086,15,344.843750,9446.750
1785141201.877556086,15,346.515625,9401.250
1785141201.877556086,15,348.156250,9346.250
1785141201.877556086,15,349.828125,9270.000
1785141201.988933802,15,356.484375,7031.250
1785141201.988933802,15,358.140625,6999.500
1785141201.988933802,15,359.796875,6985.750
1785141201.988933802,15,1.453125,6966.000
1785141201.988933802,15,3.109375,7004.250
1785141201.988933802,15,6.421875,6722.500
1785141201.988933802,15,9.671875,8724.000
1785141201.988933802,15,11.281250,8843.500
1785141201.988933802,8,12.937500,8835.500
1785141201.988933802,7,14.578125,8855.250
1785141201.988933802,15,47.281250,106.750
1785141201.988933802,9,163.078125,10268.750
1785141201.988933802,15,164.718750,10207.750
1785141201.988933802,15,179.593750,10514.750
1785141201.988933802,15,197.859375,5598.750
1785141201.988933802,15,201.203125,5141.750
1785141201.988933802,13,204.500000,4813.500
1785141201.988933802,11,211.156250,4190.250
1785141201.988933802,11,212.812500,4093.750
1785141201.988933802,15,214.468750,3998.000
1785141201.988933802,15,216.125000,3911.000
1785141201.988933802,15,231.078125,2982.000
1785141201.988933802,6,232.718750,3018.000
1785141201.988933802,15,234.343750,3046.500
1785141201.988933802,10,236.015625,3048.500
1785141201.988933802,15,237.640625,3027.250
1785141201.988933802,15,239.312500,3004.500
1785141201.988933802,15,240.968750,2962.000
1785141201.988933802,7,242.640625,2917.500
1785141201.988933802,9,244.281250,2894.750
1785141201.988933802,15,245.953125,2880.000
1785141201.988933802,15,247.578125,2862.750
1785141201.988933802,15,249.218750,2844.500
1785141201.988933802,9,257.500000,2781.500
1785141201.988933802,11,259.171875,2779.250
1785141201.988933802,9,260.812500,2772.000
1785141201.988933802,15,264.843750,1174.750
1785141201.988933802,15,266.515625,1164.750
1785141201.988933802,15,295.390625,3261.000
1785141201.988933802,15,297.015625,3304.500
1785141201.988933802,15,298.734375,3347.750
1785141201.988933802,15,300.406250,3388.750
1785141201.988933802,15,302.046875,3446.750
1785141201.988933802,15,303.687500,3518.000
1785141201.988933802,15,305.328125,3595.750
1785141201.988933802,15,339.875000,6102.750
1785141201.988933802,12,343.109375,9565.750
1785141201.988933802,14,344.750000,9491.750
1785141201.988933802,15,346.421875,9427.750
1785141201.988933802,15,348.062500,9355.750
1785141201.988933802,15,349.718750,9275.250
1785141202.101316214,15,358.046875,6990.000
1785141202.101316214,15,359.703125,6987.000
1785141202.101316214,15,1.343750,6972.750
1785141202.101316214,15,3.000000,7006.500
1785141202.101316214,15,6.312500,6726.000
1785141202.101316214,15,9.562500,8717.500
1785141202.101316214,15,11.203125,8841.750
1785141202.101316214,10,12.843750,8841.750
1785141202.101316214,10,14.500000,8840.000
1785141202.101316214,15,46.593750,106.750
1785141202.101316214,15,162.968750,10311.000
1785141202.101316214,15,164.640625,10338.750
1785141202.101316214,15,197.828125,5596.250
1785141202.101316214,15,201.156250,5138.000
1785141202.101316214,13,204.421875,4812.000
1785141202.101316214,12,211.062500,4181.500
1785141202.101316214,10,212.703125,4094.750
1785141202.101316214,15,214.359375,3997.500
1785141202.101316214,15,216.031250,3912.000
1785141202.101316214,9,217.687500,3826.500
1785141202.101316214,15,230.984375,2988.250
1785141202.101316214,14,232.625000,2997.500
1785141202.101316214,15,234.265625,3026.500
1785141202.101316214,10,235.906250,3048.500
1785141202.101316214,15,237.562500,3029.250
1785141202.101316214,15,239.218750,3008.500
1785141202.101316214,15,240.859375,2977.250
1785141202.101316214,8,242.531250,2932.000
1785141202.101316214,10,244.171875,2896.500
1785141202.101316214,15,245.859375,2880.000
1785141202.101316214,15,247.468750,2862.000
1785141202.101316214,15,249.125000,2842.750
1785141202.101316214,8,257.406250,2792.500
1785141202.101316214,9,259.093750,2788.750
1785141202.101316214,10,260.734375,2793.000
1785141202.101316214,15,262.390625,2794.750
1785141202.101316214,15,266.437500,1161.250
1785141202.101316214,15,269.796875,1125.750
1785141202.101316214,15,279.593750,1145.250
1785141202.101316214,15,281.265625,1153.250
1785141202.101316214,15,282.906250,1165.250
1785141202.101316214,15,295.312500,3253.250
1785141202.101316214,15,296.953125,3297.000
1785141202.101316214,15,298.656250,3346.000
1785141202.101316214,15,300.296875,3388.750
1785141202.101316214,15,301.921875,3450.500
1785141202.101316214,15,303.593750,3513.250
1785141202.101316214,15,305.250000,3588.500
1785141202.101316214,15,306.890625,3671.750
1785141202.101316214,15,339.828125,6109.750
1785141202.101316214,15,343.078125,9560.250
1785141202.101316214,15,344.718750,9489.000
1785141202.101316214,15,346.359375,9446.750
1785141202.101316214,15,348.015625,9370.000
1785141202.101316214,15,349.671875,9274.000
1785141202.211827040,15,357.984375,6996.000
1785141202.211827040,15,359.656250,6987.250
1785141202.211827040,15,1.296875,6976.250
1785141202.211827040,15,2.953125,7011.250
1785141202.211827040,15,6.281250,6733.250
1785141202.211827040,8,7.921875,6726.750
1785141202.211827040,15,11.109375,8848.500
1785141202.211827040,9,14.406250,8884.000
1785141202.211827040,15,46.468750,107.000
1785141202.211827040,15,164.593750,10333.500
1785141202.211827040,10,192.812500,6175.250
1785141202.211827040,8,194.453125,6104.500
1785141202.211827040,11,197.796875,5604.750
1785141202.211827040,15,201.125000,5166.000
1785141202.211827040,13,204.406250,4814.750
1785141202.211827040,7,209.390625,4339.000
1785141202.211827040,14,211.062500,4213.750
1785141202.211827040,10,212.687500,4096.000
1785141202.211827040,15,214.375000,4000.250
1785141202.211827040,15,216.031250,3914.750
1785141202.211827040,8,217.671875,3827.250
1785141202.211827040,15,232.625000,3009.500
1785141202.211827040,15,234.281250,3039.250
1785141202.211827040,10,235.937500,3048.000
1785141202.211827040,15,237.562500,3029.000
1785141202.211827040,15,239.203125,3008.250
1785141202.211827040,15,240.890625,2976.500
1785141202.211827040,8,242.531250,2931.750
1785141202.211827040,9,244.187500,2897.000
1785141202.211827040,15,245.859375,2880.000
1785141202.211827040,15,247.500000,2861.750
1785141202.211827040,15,249.140625,2843.000
1785141202.211827040,9,255.781250,2812.500
1785141202.211827040,9,257.453125,2788.750
1785141202.211827040,10,259.093750,2782.250
1785141202.211827040,9,260.750000,2786.250
1785141202.211827040,15,262.390625,2791.750
1785141202.211827040,15,266.453125,1164.500
1785141202.211827040,15,268.093750,1142.500
1785141202.211827040,15,271.484375,1108.500
1785141202.211827040,15,273.156250,1108.750
1785141202.211827040,15,289.578125,1098.500
1785141202.211827040,15,291.187500,1114.750
1785141202.211827040,15,292.765625,1143.000
1785141202.211827040,15,294.406250,1168.250
1785141202.211827040,15,296.921875,3297.500
1785141202.211827040,15,298.640625,3345.750
1785141202.211827040,15,300.296875,3389.500
1785141202.211827040,15,301.937500,3450.750
1785141202.211827040,15,303.593750,3513.750
1785141202.211827040,15,305.218750,3587.250
1785141202.211827040,15,306.859375,3672.000
1785141202.211827040,15,339.890625,6101.000
1785141202.211827040,11,343.125000,9559.500
1785141202.211827040,15,344.781250,9524.500
1785141202.211827040,15,346.453125,9466.750
1785141202.211827040,15,348.093750,9355.750
1785141202.211827040,15,349.765625,9276.500
1785141202.322943926,15,356.437500,6959.250
1785141202.322943926,15,358.078125,6992.000
1785141202.322943926,15,359.750000,6987.000
1785141202.322943926,15,1.406250,6968.000
1785141202.322943926,15,3.062500,7036.750
1785141202.322943926,15,6.390625,6726.500
1785141202.322943926,15,9.656250,8736.750
1785141202.322943926,15,11.203125,8873.250
1785141202.322943926,10,12.859375,8849.000
1785141202.322943926,11,14.515625,8838.500
1785141202.322943926,15,46.765625,106.750
1785141202.322943926,12,163.062500,10256.750
1785141202.322943926,15,164.718750,10243.250
1785141202.322943926,12,192.906250,6177.250
1785141202.322943926,7,194.562500,6086.500
1785141202.322943926,11,197.890625,5597.250
1785141202.322943926,15,201.218750,5167.500
1785141202.322943926,15,204.484375,4815.750
1785141202.322943926,9,209.484375,4336.000
1785141202.322943926,13,211.156250,4212.750
1785141202.322943926,12,212.796875,4094.000
1785141202.322943926,14,214.453125,3999.250
1785141202.322943926,15,216.109375,3913.500
1785141202.322943926,15,217.765625,3809.500
1785141202.322943926,15,232.765625,3012.000
1785141202.322943926,15,234.406250,3040.000
1785141202.322943926,8,236.078125,3047.500
1785141202.322943926,15,237.703125,3026.750
1785141202.322943926,15,239.390625,3004.750
1785141202.322943926,15,241.015625,2974.000
1785141202.322943926,7,242.687500,2930.750
1785141202.322943926,8,244.343750,2897.000
1785141202.322943926,15,246.000000,2878.750
1785141202.322943926,15,247.640625,2861.500
1785141202.322943926,15,249.312500,2844.000
1785141202.322943926,9,257.593750,2781.000
1785141202.322943926,10,259.234375,2780.000
1785141202.322943926,9,260.921875,2776.750
1785141202.322943926,15,262.578125,2787.000
1785141202.322943926,15,269.984375,1105.500
1785141202.322943926,15,271.609375,1088.500
1785141202.322943926,15,273.265625,1076.500
1785141202.322943926,15,274.984375,1074.500
1785141202.322943926,15,276.593750,1074.750
1785141202.322943926,15,291.312500,1135.250
1785141202.322943926,15,296.218750,1197.250
1785141202.322943926,15,298.796875,3347.000
1785141202.322943926,15,300.453125,3388.000
1785141202.322943926,15,302.093750,3446.000
1785141202.322943926,15,303.750000,3517.000
1785141202.322943926,15,305.406250,3597.000
1785141202.322943926,15,340.093750,6039.250
1785141202.322943926,15,343.343750,9497.000
1785141202.322943926,15,344.984375,9408.000
1785141202.322943926,15,346.625000,9383.250
1785141202.322943926,15,348.296875,9310.250
1785141202.322943926,15,349.953125,9250.750
1785141202.435234070,15,356.640625,7034.250
1785141202.435234070,15,358.281250,7000.500
1785141202.435234070,15,359.937500,6990.750
1785141202.435234070,15,1.609375,6988.250
1785141202.435234070,15,6.578125,6747.250
1785141202.435234070,15,9.843750,8743.250
1785141202.435234070,15,11.406250,8836.750
1785141202.435234070,8,13.062500,8829.750
1785141202.435234070,15,46.546875,106.500
1785141202.435234070,11,173.265625,10139.250
1785141202.435234070,14,176.578125,10313.750
1785141202.435234070,15,178.203125,10542.750
1785141202.435234070,8,194.828125,6042.250
1785141202.435234070,8,198.156250,5590.750
1785141202.435234070,14,201.484375,5117.000
1785141202.435234070,12,204.781250,4782.750
1785141202.435234070,14,208.109375,4450.000
1785141202.435234070,15,211.406250,4178.250
1785141202.435234070,15,214.750000,3970.250
1785141202.435234070,8,216.390625,3878.250
1785141202.435234070,15,218.062500,3790.000
1785141202.435234070,12,236.328125,3046.250
1785141202.435234070,15,238.000000,3026.750
1785141202.435234070,15,239.671875,3000.250
1785141202.435234070,6,241.328125,2951.250
1785141202.435234070,8,242.968750,2910.250
1785141202.435234070,13,244.640625,2888.500
1785141202.435234070,15,246.296875,2871.500
1785141202.435234070,15,247.968750,2860.750
1785141202.435234070,15,249.609375,2844.250
1785141202.435234070,5,253.015625,2358.000
1785141202.435234070,8,256.187500,2780.000
1785141202.435234070,10,257.859375,2783.750
1785141202.435234070,11,259.515625,2786.750
1785141202.435234070,11,261.171875,2790.250
1785141202.435234070,15,262.828125,2794.250
1785141202.435234070,15,266.234375,2279.000
1785141202.435234070,15,271.046875,2828.500
1785141202.435234070,15,276.937500,1033.250
1785141202.435234070,15,278.609375,1019.000
1785141202.435234070,15,280.171875,1003.250
1785141202.435234070,15,281.859375,1007.000
1785141202.435234070,15,283.484375,1027.500
1785141202.435234070,15,291.531250,1144.250
1785141202.435234070,15,293.281250,1135.250
1785141202.435234070,15,299.109375,3349.750
1785141202.435234070,15,300.734375,3392.500
1785141202.435234070,15,302.406250,3458.000
1785141202.435234070,15,304.046875,3530.250
1785141202.435234070,15,305.671875,3605.500
1785141202.435234070,15,340.375000,6043.500
1785141202.435234070,15,343.593750,9484.000
1785141202.435234070,14,345.250000,9418.500
1785141202.435234070,15,346.875000,9413.500
1785141202.435234070,15,348.546875,9328.500
1785141202.546080112,15,350.187500,9251.000
1785141202.546080112,15,356.859375,7032.000
1785141202.546080112,15,358.515625,6978.750
1785141202.546080112,15,0.171875,6989.000
1785141202.546080112,15,1.828125,6987.500
1785141202.546080112,15,5.140625,6882.750
1785141202.546080112,15,6.796875,6767.500
1785141202.546080112,15,10.062500,8758.500
1785141202.546080112,15,11.656250,8862.500
1785141202.546080112,11,13.312500,8892.000
1785141202.546080112,15,46.906250,106.000
1785141202.546080112,15,165.281250,10346.500
1785141202.546080112,15,178.515625,10585.750
1785141202.546080112,11,201.828125,5121.750
1785141202.546080112,12,205.156250,4762.000
1785141202.546080112,9,208.484375,4415.500
1785141202.546080112,15,211.796875,4143.250
1785141202.546080112,15,215.109375,3959.250
1785141202.546080112,8,216.781250,3863.250
1785141202.546080112,12,218.453125,3757.750
1785141202.546080112,15,230.109375,3180.750
1785141202.546080112,10,235.078125,3026.500
1785141202.546080112,15,236.734375,3042.250
1785141202.546080112,15,238.390625,3026.000
1785141202.546080112,15,240.078125,2996.750
1785141202.546080112,7,241.718750,2951.000
1785141202.546080112,8,243.359375,2912.500
1785141202.546080112,15,245.031250,2886.750
1785141202.546080112,15,246.718750,2869.500
1785141202.546080112,15,248.343750,2853.250
1785141202.546080112,15,250.000000,2838.000
1785141202.546080112,3,253.421875,2353.750
1785141202.546080112,8,256.593750,2785.250
1785141202.546080112,9,258.281250,2783.250
1785141202.546080112,9,259.921875,2779.250
1785141202.546080112,10,261.546875,2787.750
1785141202.546080112,14,263.234375,2791.000
1785141202.546080112,15,266.640625,2297.250
1785141202.546080112,15,269.812500,2821.250
1785141202.546080112,15,271.484375,2837.750
1785141202.546080112,15,282.953125,3031.000
1785141202.546080112,15,290.640625,945.750
1785141202.546080112,15,292.234375,933.250
1785141202.546080112,15,293.843750,937.750
1785141202.546080112,15,297.171875,1002.750
1785141202.546080112,15,301.171875,3417.500
1785141202.546080112,15,302.828125,3482.250
1785141202.546080112,15,304.500000,3552.000
1785141202.546080112,15,306.125000,3637.000
1785141202.546080112,12,344.046875,9549.000
1785141202.546080112,15,345.703125,9439.000
1785141202.546080112,15,347.328125,9368.250
1785141202.546080112,15,349.000000,9315.250
1785141202.657834053,15,357.312500,7046.750
1785141202.657834053,15,358.984375,7001.250
1785141202.657834053,15,0.625000,6973.000
1785141202.657834053,15,2.281250,6976.750
1785141202.657834053,15,7.265625,6706.000
1785141202.657834053,15,10.468750,8770.500
1785141202.657834053,11,12.125000,8805.250
1785141202.657834053,9,13.781250,8829.500
1785141202.657834053,8,15.421875,8862.250
1785141202.657834053,15,45.796875,108.000
1785141202.657834053,15,164.171875,10295.500
1785141202.657834053,15,165.828125,10171.250
1785141202.657834053,15,179.062500,10628.000
1785141202.657834053,15,212.375000,4126.250
1785141202.657834053,8,214.046875,4031.250
1785141202.657834053,15,215.687500,3938.500
1785141202.657834053,15,233.953125,3038.750
1785141202.657834053,10,235.609375,3059.000
1785141202.657834053,12,237.281250,3036.250
1785141202.657834053,15,238.921875,3010.500
1785141202.657834053,15,240.578125,2978.500
1785141202.657834053,7,242.265625,2940.500
1785141202.657834053,9,243.890625,2904.750
1785141202.657834053,15,245.562500,2881.500
1785141202.657834053,15,247.218750,2864.750
1785141202.657834053,15,248.859375,2846.500
1785141202.657834053,15,250.531250,2832.750
1785141202.657834053,10,255.515625,2808.250
1785141202.657834053,9,257.140625,2786.500
1785141202.657834053,10,258.781250,2786.000
1785141202.657834053,12,260.453125,2784.500
1785141202.657834053,11,262.109375,2786.250
1785141202.657834053,15,267.156250,2277.000
1785141202.657834053,15,270.328125,2824.000
1785141202.657834053,13,272.015625,2839.750
1785141202.657834053,15,292.578125,1139.500
1785141202.657834053,15,294.234375,1126.500
1785141202.657834053,15,300.093750,3388.500
1785141202.657834053,15,301.750000,3446.250
1785141202.657834053,15,309.468750,954.500
1785141202.657834053,15,339.718750,6129.500
1785141202.657834053,15,342.953125,9579.750
1785141202.657834053,15,344.609375,9448.000
1785141202.657834053,15,346.250000,9406.750
1785141202.657834053,15,347.921875,9354.250
1785141202.657834053,15,349.562500,9269.000
1785141202.769372940,15,357.890625,7015.250
1785141202.769372940,15,359.562500,7008.500
1785141202.769372940,15,1.234375,7023.750
1785141202.769372940,15,2.875000,7036.000
1785141202.769372940,15,6.203125,6725.750
1785141202.769372940,11,7.843750,6713.750
1785141202.769372940,15,11.078125,8853.750
1785141202.769372940,9,14.406250,8886.500
1785141202.769372940,15,46.984375,107.000
1785141202.769372940,15,164.812500,10348.250
1785141202.769372940,15,178.046875,10463.000
1785141202.769372940,10,198.000000,5601.000
1785141202.769372940,12,201.328125,5122.750
1785141202.769372940,15,211.281250,4176.750
1785141202.769372940,10,212.937500,4086.250
1785141202.769372940,15,214.609375,3990.000
1785141202.769372940,15,217.921875,3789.000
1785141202.769372940,15,232.859375,3029.750
1785141202.769372940,12,234.484375,3039.250
1785141202.769372940,8,236.125000,3047.250
1785141202.769372940,15,237.812500,3028.000
1785141202.769372940,15,239.453125,3002.500
1785141202.769372940,6,241.125000,2962.000
1785141202.769372940,10,242.765625,2920.000
1785141202.769372940,9,244.406250,2894.750
1785141202.769372940,15,246.078125,2878.500
1785141202.769372940,15,247.734375,2861.000
1785141202.769372940,8,249.390625,2840.250
1785141202.769372940,8,256.046875,2784.250
1785141202.769372940,10,257.671875,2784.250
1785141202.769372940,11,259.343750,2779.250
1785141202.769372940,9,260.984375,2776.250
1785141202.769372940,15,262.640625,2787.500
1785141202.769372940,15,266.046875,2285.500
1785141202.769372940,15,270.890625,2820.750
1785141202.769372940,15,293.140625,1132.250
1785141202.769372940,15,294.796875,1127.000
1785141202.769372940,15,296.484375,1110.500
1785141202.769372940,15,303.937500,3528.000
1785141202.769372940,15,305.578125,3607.000
1785141202.769372940,15,313.203125,1069.000
1785141202.769372940,15,314.843750,1066.000
1785141202.769372940,15,316.515625,1049.500
1785141202.769372940,15,318.125000,1042.750
1785141202.769372940,15,340.265625,6058.250
1785141202.769372940,14,343.500000,9505.750
1785141202.769372940,15,345.156250,9412.750
1785141202.769372940,15,346.812500,9409.500
1785141202.769372940,15,348.453125,9326.000
1785141202.769372940,15,350.109375,9241.000
1785141202.880540848,15,356.796875,7028.000
1785141202.880540848,15,358.453125,6972.750
1785141202.880540848,15,0.109375,6978.000
1785141202.880540848,15,1.781250,6978.000
1785141202.880540848,15,5.078125,6884.500
1785141202.880540848,15,6.750000,6771.250
1785141202.880540848,15,10.015625,8732.500
1785141202.880540848,15,11.640625,8852.250
1785141202.880540848,12,13.281250,8880.500
1785141202.880540848,15,47.437500,106.250
1785141202.880540848,15,165.312500,10314.750
1785141202.880540848,10,173.593750,10161.000
1785141202.880540848,15,178.578125,10665.500
1785141202.880540848,12,201.921875,5108.750
1785141202.880540848,11,205.187500,4760.500
1785141202.880540848,10,208.500000,4411.250
1785141202.880540848,15,211.828125,4140.750
1785141202.880540848,15,215.156250,3958.500
1785141202.880540848,8,216.812500,3862.500
1785141202.880540848,13,218.468750,3756.250
1785141202.880540848,9,230.078125,3183.250
1785141202.880540848,8,235.062500,3028.000
1785141202.880540848,10,236.687500,3045.250
1785141202.880540848,15,238.343750,3025.000
1785141202.880540848,15,240.031250,2994.750
1785141202.880540848,7,241.640625,2952.000
1785141202.880540848,9,243.312500,2912.500
1785141202.880540848,15,244.968750,2880.750
1785141202.880540848,13,246.609375,2862.750
1785141202.880540848,15,248.265625,2853.500
1785141202.880540848,15,249.953125,2836.000
1785141202.880540848,10,253.359375,2352.750
1785141202.880540848,9,256.578125,2789.000
1785141202.880540848,9,258.218750,2780.500
1785141202.880540848,9,259.843750,2779.000
1785141202.880540848,10,261.515625,2787.500
1785141202.880540848,13,263.140625,2790.250
1785141202.880540848,15,266.578125,2281.000
1785141202.880540848,10,269.734375,2817.500
1785141202.880540848,15,271.375000,2837.250
1785141202.880540848,15,282.921875,3032.500
1785141202.880540848,15,295.265625,1121.750
1785141202.880540848,15,296.921875,1106.000
1785141202.880540848,15,298.640625,1109.750
1785141202.880540848,15,300.296875,1112.500
1785141202.880540848,15,306.031250,3633.000
1785141202.880540848,15,313.609375,1067.250
1785141202.880540848,15,315.250000,1073.000
1785141202.880540848,15,316.875000,1084.500
1785141202.880540848,8,343.890625,9709.250
1785141202.880540848,15,347.250000,9356.000
1785141202.880540848,15,348.906250,9300.500
1785141202.991856813,15,357.250000,7031.000
1785141202.991856813,15,358.906250,7000.500
1785141202.991856813,15,0.562500,6971.500
1785141202.991856813,15,2.234375,6967.750
1785141202.991856813,15,7.218750,6704.000
1785141202.991856813,15,10.421875,8766.000
1785141202.991856813,11,12.062500,8807.000
1785141202.991856813,9,13.718750,8811.000
1785141202.991856813,9,15.375000,8838.000
1785141202.991856813,15,45.515625,108.250
1785141202.991856813,15,47.421875,105.750
1785141202.991856813,15,164.140625,10298.250
1785141202.991856813,15,165.796875,10179.750
1785141202.991856813,15,179.078125,10628.500
1785141202.991856813,7,194.078125,6107.000
1785141202.991856813,8,209.031250,4373.000
1785141202.991856813,15,212.343750,4127.500
1785141202.991856813,8,214.015625,4034.750
1785141202.991856813,15,215.671875,3938.750
1785141202.991856813,15,233.953125,3038.000
1785141202.991856813,10,235.578125,3057.250
1785141202.991856813,15,237.234375,3036.500
1785141202.991856813,15,238.921875,3010.750
1785141202.991856813,6,240.562500,2975.500
1785141202.991856813,6,242.234375,2936.000
1785141202.991856813,8,243.890625,2902.500
1785141202.991856813,15,245.546875,2880.750
1785141202.991856813,15,247.171875,2864.750
1785141202.991856813,15,248.843750,2845.750
1785141202.991856813,15,250.546875,2830.250
1785141202.991856813,9,255.484375,2806.000
1785141202.991856813,8,257.140625,2785.250
1785141202.991856813,9,258.796875,2784.750
1785141202.991856813,9,260.468750,2784.750
1785141202.991856813,14,262.125000,2787.250
1785141202.991856813,15,267.203125,2275.750
1785141202.991856813,15,270.343750,2825.250
1785141202.991856813,13,272.031250,2841.250
1785141202.991856813,15,294.968750,3267.000
1785141202.991856813,15,296.625000,3290.500
1785141202.991856813,15,300.906250,1135.000
1785141202.991856813,15,302.546875,1126.500
1785141202.991856813,15,304.140625,1129.000
1785141202.991856813,15,305.859375,1128.500
1785141202.991856813,15,312.484375,1070.750
1785141202.991856813,15,314.203125,1060.750
1785141202.991856813,15,315.796875,1067.750
1785141202.991856813,15,317.484375,1078.750
1785141202.991856813,15,319.062500,1089.000
1785141202.991856813,15,342.843750,9581.500
1785141202.991856813,15,344.515625,9471.250
1785141202.991856813,15,346.187500,9411.500
1785141202.991856813,15,347.828125,9340.500
1785141202.991856813,15,349.484375,9277.250
1785141203.103415966,15,357.843750,7017.750
1785141203.103415966,15,359.500000,7013.250
1785141203.103415966,15,1.156250,7012.250
1785141203.103415966,15,2.812500,7018.250
1785141203.103415966,15,6.125000,6724.750
1785141203.103415966,15,7.781250,6713.500
1785141203.103415966,15,10.953125,8816.750
1785141203.103415966,7,12.609375,8832.500
1785141203.103415966,9,14.250000,8807.750
1785141203.103415966,15,45.625000,107.250
1785141203.103415966,15,50.734375,101.000
1785141203.103415966,15,163.000000,10319.750
1785141203.103415966,15,164.656250,10324.500
1785141203.103415966,10,192.843750,6175.750
1785141203.103415966,10,197.843750,5605.250
1785141203.103415966,15,204.484375,4817.250
1785141203.103415966,7,209.453125,4340.000
1785141203.103415966,11,212.765625,4095.500
1785141203.103415966,15,214.453125,4001.500
1785141203.103415966,15,216.109375,3916.250
1785141203.103415966,15,232.765625,3013.500
1785141203.103415966,15,234.406250,3040.000
1785141203.103415966,9,236.046875,3047.250
1785141203.103415966,15,237.703125,3027.750
1785141203.103415966,15,239.375000,3005.250
1785141203.103415966,15,241.046875,2974.000
1785141203.103415966,9,242.687500,2928.000
1785141203.103415966,8,244.359375,2894.500
1785141203.103415966,15,246.000000,2878.000
1785141203.103415966,15,247.656250,2858.750
1785141203.103415966,15,249.312500,2840.250
1785141203.103415966,8,257.609375,2782.250
1785141203.103415966,9,259.281250,2778.750
1785141203.103415966,9,260.921875,2777.000
1785141203.103415966,13,262.593750,2788.000
1785141203.103415966,14,265.984375,2289.500
1785141203.103415966,15,270.843750,2820.000
1785141203.103415966,15,272.500000,2839.000
1785141203.103415966,15,295.468750,3253.250
1785141203.103415966,15,297.125000,3304.250
1785141203.103415966,15,298.828125,3348.000
1785141203.103415966,15,300.484375,3388.000
1785141203.103415966,15,302.125000,3446.500
1785141203.103415966,15,303.781250,3517.750
1785141203.103415966,15,305.437500,3599.250
1785141203.103415966,15,313.062500,1072.000
1785141203.103415966,15,314.671875,1051.500
1785141203.103415966,15,316.359375,1060.000
1785141203.103415966,15,317.968750,1068.750
1785141203.103415966,15,340.093750,6043.250
1785141203.103415966,15,343.312500,9518.000
1785141203.103415966,15,344.968750,9440.750
1785141203.103415966,15,346.609375,9391.750
1785141203.103415966,15,348.250000,9311.500
1785141203.103415966,15,349.921875,9252.750
1785141203.213957787,15,356.593750,7036.500
1785141203.213957787,15,358.250000,7004.500
1785141203.213957787,15,359.906250,6981.000
1785141203.213957787,15,1.562500,6963.750
1785141203.213957787,15,6.531250,6748.000
1785141203.213957787,15,9.796875,8722.250
1785141203.213957787,15,11.375000,8844.750
1785141203.213957787,8,13.046875,8832.500
1785141203.213957787,15,46.328125,106.500
1785141203.213957787,8,170.078125,10150.500
1785141203.213957787,8,171.718750,10259.250
1785141203.213957787,15,176.703125,10486.750
1785141203.213957787,15,178.328125,10596.000
1785141203.213957787,14,201.625000,5119.750
1785141203.213957787,12,204.921875,4773.000
1785141203.213957787,12,208.234375,4420.500
1785141203.213957787,15,211.562500,4168.250
1785141203.213957787,9,213.218750,4079.500
1785141203.213957787,15,214.906250,3974.750
1785141203.213957787,15,216.531250,3878.250
1785141203.213957787,15,218.234375,3772.750
1785141203.213957787,9,236.500000,3044.500
1785141203.213957787,15,238.156250,3028.000
1785141203.213957787,15,239.796875,3000.250
1785141203.213957787,15,241.468750,2956.500
1785141203.213957787,9,243.156250,2915.000
1785141203.213957787,15,244.796875,2886.000
1785141203.213957787,15,246.437500,2865.750
1785141203.213957787,15,248.093750,2851.250
1785141203.213957787,15,249.765625,2838.500
1785141203.213957787,15,253.171875,2355.250
1785141203.213957787,8,256.390625,2784.500
1785141203.213957787,8,258.031250,2778.250
1785141203.213957787,10,259.703125,2783.500
1785141203.213957787,8,261.328125,2788.750
1785141203.213957787,14,263.015625,2790.250
1785141203.213957787,15,266.406250,2285.250
1785141203.213957787,12,269.609375,2821.250
1785141203.213957787,15,271.250000,2831.500
1785141203.213957787,15,282.750000,3032.250
1785141203.213957787,15,295.906250,3263.500
1785141203.213957787,15,297.578125,3316.000
1785141203.213957787,15,299.296875,3357.250
1785141203.213957787,15,300.953125,3407.250
1785141203.213957787,15,302.609375,3471.500
1785141203.213957787,15,304.250000,3550.000
1785141203.213957787,15,305.890625,3628.000
1785141203.213957787,15,313.515625,1063.750
1785141203.213957787,15,315.140625,1059.000
1785141203.213957787,15,316.875000,1062.750
1785141203.213957787,15,323.203125,1334.000
1785141203.213957787,15,340.593750,6187.500
1785141203.213957787,10,343.828125,9617.000
1785141203.213957787,15,345.500000,9520.750
1785141203.213957787,15,347.093750,9359.750
1785141203.213957787,15,348.750000,9311.750
1785141203.325891018,15,357.078125,7038.750
1785141203.325891018,15,358.734375,7001.500
1785141203.325891018,15,0.390625,6977.500
1785141203.325891018,15,2.031250,7017.250
1785141203.325891018,15,7.015625,6752.000
1785141203.325891018,15,10.234375,8770.500
1785141203.325891018,15,11.875000,8840.250
1785141203.325891018,10,13.515625,8880.750
1785141203.325891018,11,15.171875,8841.250
1785141203.325891018,15,48.000000,106.000
1785141203.325891018,15,163.890625,10353.750
1785141203.325891018,15,165.546875,10256.750
1785141203.325891018,7,175.468750,10224.000
1785141203.325891018,15,178.765625,10632.250
1785141203.325891018,13,202.062500,5095.000
1785141203.325891018,9,208.703125,4385.750
1785141203.325891018,15,212.031250,4139.750
1785141203.325891018,15,215.375000,3948.000
1785141203.325891018,11,217.031250,3877.250
1785141203.325891018,10,235.312500,3029.250
1785141203.325891018,15,236.968750,3035.750
1785141203.325891018,15,238.625000,3020.750
1785141203.325891018,15,240.281250,2995.500
1785141203.325891018,6,241.953125,2946.250
1785141203.325891018,8,243.578125,2904.250
1785141203.325891018,15,245.265625,2885.250
1785141203.325891018,15,246.890625,2868.750
1785141203.325891018,15,248.562500,2852.500
1785141203.325891018,6,250.234375,2826.250
1785141203.325891018,4,253.593750,2353.250
1785141203.325891018,9,256.828125,2789.750
1785141203.325891018,7,258.484375,2794.000
1785141203.325891018,10,260.156250,2792.500
1785141203.325891018,11,261.765625,2791.500
1785141203.325891018,10,263.437500,2789.250
1785141203.325891018,15,266.843750,2284.250
1785141203.325891018,15,270.015625,2822.250
1785141203.325891018,15,271.671875,2845.250
1785141203.325891018,15,294.718750,3265.250
1785141203.325891018,15,296.359375,3288.750
1785141203.325891018,15,297.984375,3334.250
1785141203.325891018,15,299.796875,3372.750
1785141203.325891018,15,301.453125,3431.500
1785141203.325891018,15,303.078125,3498.500
1785141203.325891018,15,304.750000,3569.750
1785141203.325891018,15,306.390625,3651.000
1785141203.325891018,15,313.984375,1087.500
1785141203.325891018,15,315.593750,1080.000
1785141203.325891018,15,317.296875,1080.250
1785141203.325891018,15,323.703125,1341.000
1785141203.325891018,15,325.359375,1346.750
1785141203.325891018,15,344.312500,9457.750
1785141203.325891018,15,345.984375,9404.250
1785141203.325891018,15,347.609375,9345.750
1785141203.325891018,15,349.265625,9315.500
1785141203.437541962,15,357.593750,7067.000
1785141203.437541962,15,359.265625,7000.250
1785141203.437541962,15,0.921875,6976.000
1785141203.437541962,15,2.578125,6985.000
1785141203.437541962,15,5.890625,6673.750
1785141203.437541962,15,7.562500,6701.000
1785141203.437541962,15,10.765625,8810.250
1785141203.437541962,11,12.406250,8838.750
1785141203.437541962,8,14.062500,8815.750
1785141203.437541962,8,15.718750,8840.250
1785141203.437541962,15,46.031250,107.750
1785141203.437541962,15,49.859375,101.500
1785141203.437541962,15,164.500000,10323.750
1785141203.437541962,7,167.796875,10385.000
1785141203.437541962,15,177.718750,10587.750
1785141203.437541962,15,179.390625,10622.500
1785141203.437541962,11,192.734375,6181.250
1785141203.437541962,12,197.703125,5606.500
1785141203.437541962,15,201.031250,5150.750
1785141203.437541962,9,209.375000,4336.500
1785141203.437541962,14,211.031250,4215.000
1785141203.437541962,9,212.718750,4099.750
1785141203.437541962,15,214.375000,4001.000
1785141203.437541962,15,216.015625,3914.500
1785141203.437541962,12,217.703125,3824.000
1785141203.437541962,15,232.625000,3012.000
1785141203.437541962,15,234.296875,3040.750
1785141203.437541962,15,235.968750,3047.250
1785141203.437541962,12,237.625000,3029.250
1785141203.437541962,15,239.265625,3007.250
1785141203.437541962,6,240.921875,2971.250
1785141203.437541962,6,242.578125,2927.500
1785141203.437541962,8,244.234375,2896.750
1785141203.437541962,15,245.906250,2880.750
1785141203.437541962,15,247.546875,2862.500
1785141203.437541962,15,249.187500,2842.500
1785141203.437541962,10,257.468750,2787.750
1785141203.437541962,9,259.125000,2784.500
1785141203.437541962,9,260.781250,2788.250
1785141203.437541962,15,262.437500,2792.000
1785141203.437541962,15,265.828125,2278.500
1785141203.437541962,15,270.671875,2823.500
1785141203.437541962,15,272.328125,2839.750
1785141203.437541962,12,275.578125,2870.000
1785141203.437541962,15,282.187500,2933.000
1785141203.437541962,15,295.359375,3256.500
1785141203.437541962,15,297.000000,3301.500
1785141203.437541962,15,298.734375,3349.750
1785141203.437541962,15,300.390625,3389.750
1785141203.437541962,15,302.031250,3447.500
1785141203.437541962,15,303.703125,3517.250
1785141203.437541962,15,305.328125,3594.250
1785141203.437541962,15,314.546875,1138.250
1785141203.437541962,15,317.859375,1106.750
1785141203.437541962,15,322.578125,1364.750
1785141203.437541962,15,324.250000,1351.000
1785141203.437541962,15,325.890625,1344.750
1785141203.437541962,15,340.000000,6103.750
1785141203.437541962,14,343.218750,9520.250
1785141203.437541962,15,344.875000,9500.500
1785141203.437541962,15,346.531250,9468.500
1785141203.437541962,15,348.187500,9357.250
1785141203.437541962,15,349.828125,9278.250
1785141203.548752785,15,356.515625,7048.250
1785141203.548752785,15,358.187500,7003.250
1785141203.548752785,15,359.828125,6988.750
1785141203.548752785,15,1.484375,6972.750
1785141203.548752785,15,6.468750,6763.000
1785141203.548752785,15,9.718750,8730.500
1785141203.548752785,15,11.375000,8849.750
1785141203.548752785,15,47.390625,106.500
1785141203.548752785,10,173.265625,10135.750
1785141203.548752785,15,178.265625,10590.500
1785141203.548752785,15,201.593750,5123.750
1785141203.548752785,11,204.921875,4778.500
1785141203.548752785,13,208.250000,4422.750
1785141203.548752785,15,211.562500,4167.750
1785141203.548752785,9,213.218750,4080.000
1785141203.548752785,15,214.906250,3976.250
1785141203.548752785,15,216.546875,3880.000
1785141203.548752785,15,218.234375,3773.250
1785141203.548752785,9,236.468750,3043.750
1785141203.548752785,15,238.109375,3028.000
1785141203.548752785,15,239.781250,3002.000
1785141203.548752785,15,241.437500,2958.500
1785141203.548752785,8,243.078125,2916.250
1785141203.548752785,13,244.734375,2888.000
1785141203.548752785,15,246.406250,2866.750
1785141203.548752785,15,248.031250,2855.750
1785141203.548752785,15,249.703125,2842.500
1785141203.548752785,15,253.156250,2354.750
1785141203.548752785,8,256.328125,2783.500
1785141203.548752785,8,257.984375,2783.000
1785141203.548752785,10,259.656250,2788.000
1785141203.548752785,9,261.312500,2789.500
1785141203.548752785,14,262.937500,2789.750
1785141203.548752785,15,266.375000,2283.000
1785141203.548752785,10,269.578125,2820.250
1785141203.548752785,15,271.234375,2829.750
1785141203.548752785,15,282.750000,3031.500
1785141203.548752785,15,295.921875,3264.500
1785141203.548752785,15,297.578125,3316.000
1785141203.548752785,15,299.281250,3356.500
1785141203.548752785,15,300.937500,3406.000
1785141203.548752785,15,302.578125,3470.000
1785141203.548752785,15,304.234375,3548.250
1785141203.548752785,15,305.906250,3626.250
1785141203.548752785,15,316.671875,1168.000
1785141203.548752785,15,318.328125,1169.500
1785141203.548752785,15,323.140625,1360.250
1785141203.548752785,15,324.796875,1339.750
1785141203.548752785,15,340.531250,6163.500
1785141203.548752785,12,343.765625,9602.750
1785141203.548752785,15,345.421875,9541.000
1785141203.548752785,15,347.093750,9382.000
1785141203.548752785,15,348.750000,9306.000
1785141203.659461975,15,357.093750,7036.500
1785141203.659461975,15,358.750000,7000.500
1785141203.659461975,15,0.406250,6974.750
1785141203.659461975,15,2.062500,7012.500
1785141203.659461975,15,7.062500,6746.500
1785141203.659461975,15,10.281250,8774.250
1785141203.659461975,15,11.937500,8841.750
1785141203.659461975,9,13.593750,8869.500
1785141203.659461975,9,15.234375,8837.500
1785141203.659461975,15,44.984375,108.750
1785141203.659461975,15,47.937500,105.750
1785141203.659461975,15,163.921875,10360.500
1785141203.659461975,15,165.578125,10202.000
1785141203.659461975,7,172.187500,10198.750
1785141203.659461975,15,178.812500,10643.000
1785141203.659461975,12,202.156250,5096.750
1785141203.659461975,9,208.765625,4387.750
1785141203.659461975,15,212.078125,4136.750
1785141203.659461975,9,213.750000,4045.250
1785141203.659461975,15,215.390625,3948.250
1785141203.659461975,13,217.062500,3875.750
1785141203.659461975,10,235.296875,3028.500
1785141203.659461975,8,236.984375,3036.000
1785141203.659461975,15,238.656250,3021.500
1785141203.659461975,15,240.281250,2994.250
1785141203.659461975,5,241.937500,2945.750
1785141203.659461975,5,243.593750,2905.250
1785141203.659461975,15,245.265625,2885.000
1785141203.659461975,15,246.937500,2867.750
1785141203.659461975,15,248.562500,2851.500
1785141203.659461975,7,250.250000,2824.750
1785141203.659461975,3,253.656250,2361.500
1785141203.659461975,9,256.906250,2788.000
1785141203.659461975,7,258.531250,2791.500
1785141203.659461975,11,260.203125,2790.250
1785141203.659461975,10,261.828125,2786.500
1785141203.659461975,8,263.500000,2785.500
1785141203.659461975,15,266.937500,2284.500
1785141203.659461975,15,270.078125,2823.250
1785141203.659461975,15,271.750000,2841.000
1785141203.659461975,15,294.781250,3264.500
1785141203.659461975,15,296.421875,3289.000
1785141203.659461975,15,298.046875,3335.000
1785141203.659461975,15,299.781250,3373.500
1785141203.659461975,15,301.437500,3432.750
1785141203.659461975,15,303.078125,3493.500
1785141203.659461975,15,304.718750,3564.250
1785141203.659461975,15,306.359375,3650.000
1785141203.659461975,15,313.765625,1233.750
1785141203.659461975,15,315.406250,1231.250
1785141203.659461975,15,317.125000,1228.500
1785141203.659461975,15,318.734375,1240.500
1785141203.659461975,15,320.406250,1250.500
1785141203.659461975,15,323.703125,1338.000
1785141203.659461975,15,342.609375,9682.250
1785141203.659461975,15,344.265625,9519.500
1785141203.659461975,15,345.937500,9413.000
1785141203.659461975,15,347.593750,9345.750
1785141203.659461975,15,349.250000,9315.500
1785141203.770946026,15,357.593750,7069.000
1785141203.770946026,15,359.250000,6999.750
1785141203.770946026,15,0.921875,6970.750
1785141203.770946026,15,2.562500,6980.750
1785141203.770946026,15,5.890625,6671.500
1785141203.770946026,15,7.546875,6702.250
1785141203.770946026,15,10.734375,8811.250
1785141203.770946026,11,12.375000,8834.000
1785141203.770946026,9,14.046875,8808.250
1785141203.770946026,10,15.687500,8832.000
1785141203.770946026,15,45.843750,107.500
1785141203.770946026,15,50.812500,101.750
1785141203.770946026,15,164.390625,10286.500
1785141203.770946026,15,179.281250,10614.750
1785141203.770946026,11,197.609375,5640.250
1785141203.770946026,11,212.531250,4109.250
1785141203.770946026,14,214.171875,4014.500
1785141203.770946026,15,215.843750,3929.250
1785141203.770946026,9,217.500000,3842.000
1785141203.770946026,15,234.109375,3034.250
1785141203.770946026,9,235.750000,3056.000
1785141203.770946026,15,237.406250,3034.000
1785141203.770946026,15,239.062500,3009.750
1785141203.770946026,15,240.734375,2978.000
1785141203.770946026,6,242.406250,2934.000
1785141203.770946026,7,244.062500,2897.250
1785141203.770946026,15,245.734375,2879.500
1785141203.770946026,15,247.375000,2864.000
1785141203.770946026,15,249.015625,2846.000
1785141203.770946026,9,255.671875,2811.000
1785141203.770946026,11,257.343750,2787.000
1785141203.770946026,10,259.015625,2787.500
1785141203.770946026,9,260.671875,2786.500
1785141203.770946026,15,262.328125,2788.250
1785141203.770946026,15,267.375000,2281.500
1785141203.770946026,15,270.562500,2821.500
1785141203.770946026,15,272.250000,2839.000
1785141203.770946026,15,275.484375,2870.750
1785141203.770946026,15,282.093750,2939.250
1785141203.770946026,15,295.250000,3256.750
1785141203.770946026,15,296.890625,3299.250
1785141203.770946026,15,298.625000,3346.750
1785141203.770946026,15,300.250000,3389.500
1785141203.770946026,15,301.906250,3451.000
1785141203.770946026,15,303.562500,3513.250
1785141203.770946026,15,305.203125,3592.500
1785141203.770946026,15,306.843750,3677.750
1785141203.770946026,15,312.562500,1331.000
1785141203.770946026,15,314.203125,1307.500
1785141203.770946026,15,315.875000,1300.750
1785141203.770946026,15,320.796875,1358.000
1785141203.770946026,15,322.453125,1364.750
1785141203.770946026,15,339.906250,6102.500
1785141203.770946026,11,343.140625,9560.250
1785141203.770946026,14,344.796875,9523.750
1785141203.770946026,15,346.453125,9460.000
1785141203.770946026,15,348.125000,9357.750
1785141203.770946026,15,349.781250,9280.750
1785141203.882907867,15,356.468750,7012.500
1785141203.882907867,15,358.125000,6999.000
1785141203.882907867,15,359.796875,6985.750
1785141203.882907867,15,1.453125,6970.000
1785141203.882907867,15,3.109375,7011.000
1785141203.882907867,15,6.437500,6723.250
1785141203.882907867,15,9.703125,8728.750
1785141203.882907867,15,11.250000,8852.000
1785141203.882907867,8,12.906250,8838.000
1785141203.882907867,8,14.562500,8854.250
1785141203.882907867,15,45.656250,106.500
1785141203.882907867,9,173.281250,10138.500
1785141203.882907867,15,176.609375,10307.000
1785141203.882907867,15,178.218750,10536.000
1785141203.882907867,9,198.171875,5592.250
1785141203.882907867,15,201.500000,5124.500
1785141203.882907867,13,204.781250,4782.250
1785141203.882907867,12,208.109375,4449.500
1785141203.882907867,15,211.421875,4178.500
1785141203.882907867,11,213.093750,4076.750
1785141203.882907867,15,214.718750,3972.250
1785141203.882907867,15,216.406250,3880.750
1785141203.882907867,15,218.062500,3791.000
1785141203.882907867,9,236.343750,3046.250
1785141203.882907867,15,237.984375,3026.750
1785141203.882907867,15,239.671875,2999.750
1785141203.882907867,6,241.328125,2949.750
1785141203.882907867,6,242.953125,2909.750
1785141203.882907867,13,244.625000,2889.750
1785141203.882907867,15,246.281250,2872.250
1785141203.882907867,15,247.968750,2858.750
1785141203.882907867,15,249.625000,2841.000
1785141203.882907867,6,253.000000,2357.500
1785141203.882907867,9,256.234375,2783.000
1785141203.882907867,9,257.859375,2784.500
1785141203.882907867,8,259.531250,2786.750
1785141203.882907867,8,261.187500,2790.750
1785141203.882907867,15,262.812500,2792.250
1785141203.882907867,15,266.218750,2280.500
1785141203.882907867,15,271.078125,2827.250
1785141203.882907867,9,272.703125,2837.000
1785141203.882907867,15,295.687500,3256.500
1785141203.882907867,15,297.312500,3309.000
1785141203.882907867,15,299.046875,3350.500
1785141203.882907867,15,300.718750,3392.250
1785141203.882907867,15,302.328125,3455.750
1785141203.882907867,15,304.000000,3528.000
1785141203.882907867,15,305.640625,3607.250
1785141203.882907867,15,312.875000,1379.000
1785141203.882907867,15,314.578125,1381.000
1785141203.882907867,15,316.171875,1407.000
1785141203.882907867,15,322.859375,1341.500
1785141203.882907867,15,324.625000,1333.750
1785141203.882907867,15,340.343750,6062.750
1785141203.882907867,15,343.578125,9490.000
1785141203.882907867,15,345.234375,9418.000
1785141203.882907867,15,346.843750,9411.500
1785141203.882907867,15,348.500000,9326.250
1785141203.882907867,15,350.171875,9241.500
1785141203.993628979,15,356.843750,7027.250
1785141203.993628979,15,358.484375,6969.750
1785141203.993628979,15,0.125000,6983.750
1785141203.993628979,15,1.796875,6985.250
1785141203.993628979,15,5.109375,6886.000
1785141203.993628979,15,6.765625,6772.250
1785141203.993628979,15,10.031250,8760.000
1785141203.993628979,15,11.625000,8850.750
1785141203.993628979,13,13.281250,8874.250
1785141203.993628979,15,47.125000,106.250
1785141203.993628979,15,165.296875,10317.750
1785141203.993628979,15,178.531250,10662.000
1785141203.993628979,15,201.796875,5123.250
1785141203.993628979,10,205.093750,4759.500
1785141203.993628979,13,208.437500,4418.250
1785141203.993628979,14,211.734375,4154.000
1785141203.993628979,15,215.062500,3961.250
1785141203.993628979,7,216.750000,3863.750
1785141203.993628979,10,218.406250,3758.750
1785141203.993628979,10,234.968750,3026.000
1785141203.993628979,9,236.640625,3044.500
1785141203.993628979,15,238.281250,3025.750
1785141203.993628979,15,239.937500,2996.500
1785141203.993628979,7,241.609375,2953.000
1785141203.993628979,8,243.265625,2912.250
1785141203.993628979,12,244.890625,2883.250
1785141203.993628979,15,246.546875,2865.250
1785141203.993628979,15,248.234375,2852.000
1785141203.993628979,15,249.859375,2837.000
1785141203.993628979,11,253.234375,2356.250
1785141203.993628979,9,256.484375,2786.000
1785141203.993628979,9,258.140625,2780.000
1785141203.993628979,9,259.765625,2783.000
1785141203.993628979,9,261.390625,2788.500
1785141203.993628979,14,263.078125,2788.000
1785141203.993628979,15,266.484375,2279.000
1785141203.993628979,13,269.656250,2817.500
1785141203.993628979,15,271.296875,2828.750
1785141203.993628979,15,282.796875,3031.000
1785141203.993628979,15,295.953125,3266.750
1785141203.993628979,15,297.562500,3315.500
1785141203.993628979,15,299.359375,3352.750
1785141203.993628979,15,300.984375,3403.250
1785141203.993628979,15,302.640625,3471.000
1785141203.993628979,15,304.296875,3548.750
1785141203.993628979,15,305.953125,3626.750
1785141203.993628979,15,311.484375,1453.250
1785141203.993628979,15,313.140625,1449.000
1785141203.993628979,15,314.781250,1460.000
1785141203.993628979,15,323.234375,1344.250
1785141203.993628979,15,340.609375,6180.750
1785141203.993628979,15,345.515625,9488.250
1785141203.993628979,15,347.109375,9365.750
1785141203.993628979,15,348.765625,9313.000
1785141204.104954958,15,357.093750,7035.750
1785141204.104954958,15,358.750000,7001.750
1785141204.104954958,15,0.406250,6973.750
1785141204.104954958,15,2.046875,7009.000
1785141204.104954958,15,7.015625,6749.250
1785141204.104954958,15,10.234375,8777.500
1785141204.104954958,15,11.875000,8845.250
1785141204.104954958,9,13.531250,8883.000
1785141204.104954958,11,15.187500,8839.500
1785141204.104954958,15,46.484375,105.750
1785141204.104954958,15,163.765625,10272.250
1785141204.104954958,15,165.406250,10214.000
1785141204.104954958,15,176.984375,10448.250
1785141204.104954958,15,178.609375,10668.750
1785141204.104954958,13,201.890625,5106.750
1785141204.104954958,14,205.234375,4754.750
1785141204.104954958,10,208.562500,4408.500
1785141204.104954958,15,211.875000,4138.750
1785141204.104954958,9,213.562500,4059.500
1785141204.104954958,15,215.203125,3957.750
1785141204.104954958,13,216.859375,3867.750
1785141204.104954958,15,218.515625,3766.000
1785141204.104954958,12,235.140625,3024.500
1785141204.104954958,10,236.781250,3039.500
1785141204.104954958,15,238.437500,3026.000
1785141204.104954958,15,240.062500,2997.500
1785141204.104954958,15,241.750000,2952.500
1785141204.104954958,8,243.406250,2913.500
1785141204.104954958,14,245.046875,2887.500
1785141204.104954958,15,246.703125,2869.500
1785141204.104954958,15,248.343750,2854.000
1785141204.104954958,15,250.000000,2835.750
1785141204.104954958,5,253.406250,2354.250
1785141204.104954958,8,256.593750,2784.000
1785141204.104954958,9,258.250000,2782.750
1785141204.104954958,9,259.906250,2779.000
1785141204.104954958,8,261.546875,2785.500
1785141204.104954958,15,263.203125,2787.000
1785141204.104954958,15,266.593750,2294.500
1785141204.104954958,9,269.812500,2815.750
1785141204.104954958,15,271.437500,2834.750
1785141204.104954958,8,273.078125,2831.500
1785141204.104954958,15,296.031250,3266.750
1785141204.104954958,15,297.687500,3318.000
1785141204.104954958,15,299.468750,3357.500
1785141204.104954958,15,301.109375,3412.250
1785141204.104954958,15,302.781250,3482.000
1785141204.104954958,15,304.421875,3553.500
1785141204.104954958,15,306.062500,3634.000
1785141204.104954958,15,311.625000,1482.500
1785141204.104954958,15,313.328125,1461.250
1785141204.104954958,15,314.953125,1472.250
1785141204.104954958,15,316.578125,1510.750
1785141204.104954958,15,323.296875,1338.000
1785141204.104954958,15,345.578125,9502.000
1785141204.104954958,15,347.203125,9360.750
1785141204.104954958,15,348.859375,9309.000
1785141204.219336033,15,357.171875,7034.500
1785141204.219336033,15,358.843750,7001.750
1785141204.219336033,15,0.500000,6968.750
1785141204.219336033,15,2.140625,6970.250
1785141204.219336033,7,3.812500,6896.500
1785141204.219336033,15,5.468750,6777.750
1785141204.219336033,15,7.125000,6721.000
1785141204.219336033,15,10.343750,8764.750
1785141204.219336033,15,12.000000,8804.500
1785141204.219336033,9,13.640625,8807.750
1785141204.219336033,9,15.296875,8835.500
1785141204.219336033,15,45.437500,108.500
1785141204.219336033,15,46.593750,105.750
1785141204.219336033,15,163.953125,10311.750
1785141204.219336033,15,165.593750,10160.250
1785141204.219336033,15,178.828125,10643.250
1785141204.219336033,10,202.140625,5095.000
1785141204.219336033,10,208.812500,4386.250
1785141204.219336033,15,212.109375,4133.000
1785141204.219336033,8,213.765625,4044.500
1785141204.219336033,15,215.453125,3950.250
1785141204.219336033,10,217.093750,3875.500
1785141204.219336033,10,235.390625,3028.750
1785141204.219336033,9,237.046875,3037.000
1785141204.219336033,15,238.687500,3021.000
1785141204.219336033,15,240.359375,2987.250
1785141204.219336033,6,242.031250,2937.750
1785141204.219336033,4,243.687500,2903.750
1785141204.219336033,15,245.312500,2885.500
1785141204.219336033,15,246.984375,2868.250
1785141204.219336033,15,248.625000,2852.250
1785141204.219336033,15,250.281250,2832.500
1785141204.219336033,8,256.906250,2786.250
1785141204.219336033,6,258.531250,2785.500
1785141204.219336033,7,260.218750,2784.000
1785141204.219336033,9,261.859375,2787.500
1785141204.219336033,8,263.515625,2788.250
1785141204.219336033,15,266.937500,2285.000
1785141204.219336033,15,270.109375,2822.500
1785141204.219336033,15,271.750000,2840.250
1785141204.219336033,15,294.765625,3264.000
1785141204.219336033,15,296.421875,3288.500
1785141204.219336033,15,298.062500,3334.250
1785141204.219336033,15,299.796875,3372.250
1785141204.219336033,15,301.437500,3432.000
1785141204.219336033,15,303.062500,3493.750
1785141204.219336033,15,304.718750,3563.500
1785141204.219336033,15,306.375000,3646.750
1785141204.219336033,15,313.625000,1464.500
1785141204.219336033,15,315.218750,1478.500
1785141204.219336033,15,321.953125,1337.500
1785141204.219336033,15,323.609375,1366.250
1785141204.219336033,15,344.187500,9532.000
1785141204.219336033,15,345.843750,9425.000
1785141204.219336033,15,347.531250,9357.500
1785141204.219336033,15,349.156250,9321.000
1785141204.331051111,15,357.484375,7071.000
1785141204.331051111,15,359.156250,7014.750
1785141204.331051111,15,0.812500,6963.500
1785141204.331051111,15,2.453125,6962.000
1785141204.331051111,15,7.437500,6708.000
1785141204.331051111,15,10.671875,8805.500
1785141204.331051111,10,12.328125,8811.750
1785141204.331051111,11,13.968750,8767.500
1785141204.331051111,8,15.625000,8800.500
1785141204.331051111,15,45.125000,107.500
1785141204.331051111,15,49.125000,101.750
1785141204.331051111,15,164.203125,10306.750
1785141204.331051111,15,165.859375,10189.250
1785141204.331051111,15,179.093750,10619.250
1785141204.331051111,7,194.078125,6106.750
1785141204.331051111,9,209.000000,4371.250
1785141204.331051111,15,212.328125,4129.750
1785141204.331051111,9,213.968750,4037.500
1785141204.331051111,15,215.625000,3941.000
1785141204.331051111,15,233.890625,3038.500
1785141204.331051111,10,235.546875,3057.000
1785141204.331051111,10,237.218750,3036.750
1785141204.331051111,15,238.859375,3014.500
1785141204.331051111,15,240.515625,2979.500
1785141204.331051111,8,242.187500,2936.750
1785141204.331051111,6,243.828125,2902.500
1785141204.331051111,15,245.468750,2881.000
1785141204.331051111,15,247.140625,2865.250
1785141204.331051111,15,248.781250,2847.000
1785141204.331051111,15,250.468750,2829.750
1785141204.331051111,11,255.390625,2805.000
1785141204.331051111,8,257.078125,2786.500
1785141204.331051111,9,258.718750,2783.000
1785141204.331051111,9,260.390625,2782.000
1785141204.331051111,11,262.031250,2787.250
1785141204.331051111,14,263.671875,2794.000
1785141204.331051111,15,267.062500,2279.500
1785141204.331051111,15,270.281250,2824.250
1785141204.331051111,15,271.890625,2839.000
1785141204.331051111,15,294.968750,3265.000
1785141204.331051111,15,296.625000,3291.500
1785141204.331051111,15,298.281250,3339.500
1785141204.331051111,15,299.984375,3384.500
1785141204.331051111,15,301.625000,3435.000
1785141204.331051111,15,303.281250,3496.000
1785141204.331051111,15,304.921875,3567.750
1785141204.331051111,15,306.546875,3656.750
1785141204.331051111,15,312.156250,1470.750
1785141204.331051111,15,313.718750,1487.500
1785141204.331051111,15,318.843750,1335.250
1785141204.331051111,15,320.484375,1339.000
1785141204.331051111,15,342.734375,9650.500
1785141204.331051111,15,344.390625,9522.000
1785141204.331051111,15,346.046875,9405.750
1785141204.331051111,15,347.687500,9335.750
1785141204.331051111,15,349.343750,9291.250
1785141204.442773104,15,357.671875,7039.250
1785141204.442773104,15,359.312500,6997.250
1785141204.442773104,15,0.968750,6968.500
1785141204.442773104,15,2.625000,6980.750
1785141204.442773104,15,5.937500,6696.750
1785141204.442773104,15,7.593750,6706.000
1785141204.442773104,15,10.812500,8817.000
1785141204.442773104,9,12.453125,8833.750
1785141204.442773104,9,14.109375,8816.500
1785141204.442773104,15,46.375000,107.750
1785141204.442773104,15,50.218750,101.500
1785141204.442773104,15,164.406250,10287.250
1785141204.442773104,8,174.312500,10178.000
1785141204.442773104,15,179.296875,10621.250
1785141204.442773104,10,192.640625,6182.750
1785141204.442773104,10,197.640625,5632.000
1785141204.442773104,10,212.546875,4109.500
1785141204.442773104,11,214.203125,4015.250
1785141204.442773104,15,215.859375,3931.500
1785141204.442773104,9,217.531250,3844.750
1785141204.442773104,15,224.140625,3791.000
1785141204.442773104,10,235.750000,3055.750
1785141204.442773104,15,237.406250,3033.250
1785141204.442773104,15,239.078125,3009.750
1785141204.442773104,6,240.718750,2965.750
1785141204.442773104,8,242.390625,2921.000
1785141204.442773104,6,244.015625,2897.750
1785141204.442773104,15,245.687500,2880.000
1785141204.442773104,15,247.328125,2862.000
1785141204.442773104,15,248.984375,2842.500
1785141204.442773104,9,255.640625,2808.000
1785141204.442773104,10,257.296875,2784.750
1785141204.442773104,9,258.968750,2786.250
1785141204.442773104,9,260.609375,2786.750
1785141204.442773104,12,262.250000,2787.250
1785141204.442773104,15,267.328125,2277.500
1785141204.442773104,15,270.484375,2821.250
1785141204.442773104,15,272.156250,2842.000
1785141204.442773104,9,275.406250,2874.000
1785141204.442773104,15,282.000000,2936.500
1785141204.442773104,15,295.171875,3265.250
1785141204.442773104,15,296.812500,3298.500
1785141204.442773104,15,298.546875,3344.250
1785141204.442773104,15,300.203125,3389.500
1785141204.442773104,15,301.843750,3451.500
1785141204.442773104,15,303.484375,3513.000
1785141204.442773104,15,305.125000,3591.750
1785141204.442773104,15,306.765625,3680.500
1785141204.442773104,15,310.656250,1513.250
1785141204.442773104,15,314.062500,1347.250
1785141204.442773104,15,315.812500,1318.000
1785141204.442773104,15,339.781250,6095.250
1785141204.442773104,15,343.000000,9627.750
1785141204.442773104,15,344.656250,9502.750
1785141204.442773104,15,346.328125,9454.750
1785141204.442773104,15,347.984375,9400.750
1785141204.442773104,15,349.656250,9268.500
1785141204.553680897,15,357.984375,7017.250
1785141204.553680897,15,359.625000,6994.000
1785141204.553680897,15,1.296875,6999.750
1785141204.553680897,15,2.953125,7031.000
1785141204.553680897,15,6.265625,6731.500
1785141204.553680897,10,7.921875,6726.500
1785141204.553680897,15,11.093750,8844.500
1785141204.553680897,9,14.390625,8878.750
1785141204.553680897,15,46.281250,107.000
1785141204.553680897,15,163.000000,10318.000
1785141204.553680897,15,164.656250,10316.750
1785141204.553680897,9,192.843750,6173.000
1785141204.553680897,8,194.500000,6106.500
1785141204.553680897,12,197.828125,5604.000
1785141204.553680897,15,201.140625,5170.000
1785141204.553680897,8,209.421875,4338.000
1785141204.553680897,13,211.093750,4214.000
1785141204.553680897,8,212.750000,4098.250
1785141204.553680897,15,214.390625,4001.500
1785141204.553680897,15,216.062500,3914.000
1785141204.553680897,13,217.734375,3821.500
1785141204.553680897,6,232.687500,3012.750
1785141204.553680897,15,234.343750,3041.500
1785141204.553680897,10,235.968750,3047.500
1785141204.553680897,9,237.656250,3028.250
1785141204.553680897,15,239.312500,3006.250
1785141204.553680897,5,240.968750,2959.000
1785141204.553680897,8,242.609375,2914.250
1785141204.553680897,8,244.250000,2896.500
1785141204.553680897,15,245.937500,2880.500
1785141204.553680897,15,247.593750,2860.500
1785141204.553680897,15,249.234375,2839.750
1785141204.553680897,7,257.531250,2782.250
1785141204.553680897,9,259.187500,2781.250
1785141204.553680897,9,260.859375,2788.250
1785141204.553680897,15,262.500000,2791.250
1785141204.553680897,15,265.906250,2287.750
1785141204.553680897,15,270.781250,2822.750
1785141204.553680897,15,272.390625,2839.000
1785141204.553680897,15,295.375000,3258.250
1785141204.553680897,15,297.015625,3305.250
1785141204.553680897,15,298.765625,3351.250
1785141204.553680897,15,300.406250,3390.000
1785141204.553680897,15,302.046875,3447.750
1785141204.553680897,15,303.703125,3516.750
1785141204.553680897,15,307.718750,1323.250
1785141204.553680897,15,309.312500,1350.500
1785141204.553680897,15,312.578125,1510.250
1785141204.553680897,15,314.156250,1510.250
1785141204.553680897,15,340.062500,6040.750
1785141204.553680897,15,343.296875,9512.000
1785141204.553680897,15,344.937500,9438.750
1785141204.553680897,15,346.593750,9398.000
1785141204.553680897,15,348.265625,9315.250
1785141204.553680897,15,349.921875,9253.000
1785141204.665306091,15,356.625000,7038.250
1785141204.665306091,15,358.265625,7006.750
1785141204.665306091,15,359.937500,6982.250
1785141204.665306091,15,1.578125,6975.750
1785141204.665306091,15,6.578125,6745.750
1785141204.665306091,15,9.843750,8705.000
1785141204.665306091,15,11.406250,8838.250
1785141204.665306091,8,13.046875,8836.250
1785141204.665306091,15,47.328125,106.500
1785141204.665306091,8,173.265625,10314.500
1785141204.665306091,8,176.578125,10312.000
1785141204.665306091,15,178.203125,10542.250
1785141204.665306091,12,204.781250,4785.500
1785141204.665306091,12,208.109375,4449.250
1785141204.665306091,15,211.421875,4179.000
1785141204.665306091,10,213.093750,4079.000
1785141204.665306091,14,214.734375,3974.500
1785141204.665306091,15,216.406250,3883.000
1785141204.665306091,15,218.078125,3791.750
1785141204.665306091,9,234.703125,3096.750
1785141204.665306091,8,236.343750,3047.500
1785141204.665306091,15,238.000000,3027.750
1785141204.665306091,15,239.656250,3002.500
1785141204.665306091,15,241.312500,2965.000
1785141204.665306091,5,242.968750,2924.000
1785141204.665306091,7,244.656250,2892.750
1785141204.665306091,15,246.281250,2874.750
1785141204.665306091,15,247.937500,2858.750
1785141204.665306091,15,249.578125,2841.000
1785141204.665306091,6,253.046875,2357.000
1785141204.665306091,8,256.234375,2786.000
1785141204.665306091,15,257.890625,2788.000
1785141204.665306091,9,259.515625,2788.750
1785141204.665306091,9,261.203125,2791.000
1785141204.665306091,10,262.843750,2794.500
1785141204.665306091,15,266.281250,2284.000
1785141204.665306091,15,271.109375,2827.250
1785141204.665306091,15,295.703125,3254.500
1785141204.665306091,15,297.343750,3308.000
1785141204.665306091,15,303.031250,1406.500
1785141204.665306091,15,305.687500,3631.500
1785141204.665306091,15,311.218750,1530.750
1785141204.665306091,15,312.875000,1504.500
1785141204.665306091,15,340.359375,6044.250
1785141204.665306091,14,343.593750,9496.250
1785141204.665306091,15,345.250000,9424.750
1785141204.665306091,15,346.875000,9421.250
1785141204.665306091,15,348.546875,9334.000
1785141204.665306091,15,350.187500,9254.000
1785141204.776159048,15,356.859375,7054.750
1785141204.776159048,15,358.515625,6998.500
1785141204.776159048,15,0.171875,6985.000
1785141204.776159048,15,1.828125,6984.750
1785141204.776159048,15,5.140625,6880.750
1785141204.776159048,15,6.796875,6770.750
1785141204.776159048,15,10.062500,8758.000
1785141204.776159048,15,11.656250,8855.250
1785141204.776159048,13,13.296875,8821.750
1785141204.776159048,15,47.546875,106.250
1785141204.776159048,15,178.421875,10690.250
1785141204.776159048,10,198.359375,5584.250
1785141204.776159048,15,201.703125,5130.000
1785141204.776159048,11,205.000000,4775.000
1785141204.776159048,15,211.656250,4154.500
1785141204.776159048,11,213.312500,4093.750
1785141204.776159048,11,216.609375,3897.750
1785141204.776159048,15,223.281250,3467.750
1785141204.776159048,9,234.953125,3093.250
1785141204.776159048,10,236.609375,3045.750
1785141204.776159048,15,238.281250,3027.000
1785141204.776159048,15,239.937500,2999.000
1785141204.776159048,15,241.578125,2955.500
1785141204.776159048,8,243.234375,2914.750
1785141204.776159048,10,244.890625,2886.500
1785141204.776159048,15,246.562500,2867.500
1785141204.776159048,15,248.218750,2853.000
1785141204.776159048,15,249.890625,2838.000
1785141204.776159048,10,253.218750,2354.750
1785141204.776159048,7,256.421875,2784.250
1785141204.776159048,7,258.093750,2779.000
1785141204.776159048,8,259.718750,2781.750
1785141204.776159048,9,261.390625,2788.250
1785141204.776159048,14,263.031250,2787.750
1785141204.776159048,15,266.453125,2278.750
1785141204.776159048,12,269.640625,2815.500
1785141204.776159048,15,271.250000,2826.750
1785141204.776159048,15,296.453125,1450.750
1785141204.776159048,15,298.156250,1442.000
1785141204.776159048,15,299.859375,1426.000
1785141204.776159048,15,301.578125,1424.000
1785141204.776159048,15,304.250000,3548.250
1785141204.776159048,15,305.890625,3627.250
1785141204.776159048,15,309.796875,1560.250
1785141204.776159048,15,313.093750,1496.750
1785141204.776159048,15,340.546875,6163.750
1785141204.776159048,12,343.781250,9614.500
1785141204.776159048,15,345.453125,9542.250
1785141204.776159048,15,347.062500,9385.250
1785141204.776159048,15,348.718750,9304.000
1785141204.887773037,9,350.359375,9170.000
1785141204.887773037,15,357.031250,7029.250
1785141204.887773037,15,358.687500,6987.250
1785141204.887773037,15,0.359375,6969.500
1785141204.887773037,15,2.000000,7007.750
1785141204.887773037,15,6.968750,6754.000
1785141204.887773037,15,10.187500,8769.500
1785141204.887773037,15,11.828125,8840.250
1785141204.887773037,14,13.484375,8881.250
1785141204.887773037,8,15.125000,8838.750
1785141204.887773037,15,47.953125,106.000
1785141204.887773037,13,163.734375,10275.000
1785141204.887773037,15,165.375000,10205.250
1785141204.887773037,15,176.937500,10453.000
1785141204.887773037,15,178.609375,10626.000
1785141204.887773037,15,201.875000,5107.000
1785141204.887773037,15,210.203125,4298.500
1785141204.887773037,15,211.859375,4178.750
1785141204.887773037,8,213.515625,4094.250
1785141204.887773037,15,216.859375,3899.000
1785141204.887773037,15,230.109375,3182.000
1785141204.887773037,9,235.093750,3028.500
1785141204.887773037,8,236.765625,3045.250
1785141204.887773037,10,238.406250,3029.000
1785141204.887773037,15,240.062500,2999.250
1785141204.887773037,7,241.734375,2953.000
1785141204.887773037,7,243.359375,2916.250
1785141204.887773037,7,245.015625,2892.000
1785141204.887773037,15,246.687500,2873.000
1785141204.887773037,15,248.343750,2856.500
1785141204.887773037,15,249.968750,2839.500
1785141204.887773037,5,253.375000,2353.750
1785141204.887773037,8,256.593750,2789.500
1785141204.887773037,7,258.250000,2786.000
1785141204.887773037,9,259.906250,2794.000
1785141204.887773037,9,261.546875,2799.250
1785141204.887773037,15,263.187500,2801.000
1785141204.887773037,15,266.625000,2287.000
1785141204.887773037,15,269.765625,2819.000
1785141204.887773037,15,271.406250,2835.000
1785141204.887773037,15,282.937500,3031.000
1785141204.887773037,15,296.078125,3270.000
1785141204.887773037,15,300.078125,1423.500
1785141204.887773037,15,301.750000,1419.250
1785141204.887773037,15,304.421875,3554.250
1785141204.887773037,15,309.953125,1493.250
1785141204.887773037,15,311.562500,1491.500
1785141204.887773037,15,345.578125,9494.750
1785141204.887773037,15,347.203125,9355.000
1785141204.887773037,15,348.859375,9310.750
1785141204.999567032,15,357.171875,7030.500
1785141204.999567032,15,358.828125,6994.500
1785141204.999567032,15,0.484375,6962.500
1785141204.999567032,15,2.140625,6963.250
1785141204.999567032,8,3.796875,6886.500
1785141204.999567032,15,5.453125,6746.750
1785141204.999567032,15,7.109375,6700.250
1785141204.999567032,15,11.984375,8814.250
1785141204.999567032,15,45.125000,108.750
1785141204.999567032,15,47.921875,105.750
1785141204.999567032,15,163.921875,10368.000
1785141204.999567032,15,165.578125,10210.750
1785141204.999567032,7,167.218750,10200.750
1785141204.999567032,9,173.828125,10215.250
1785141204.999567032,15,178.765625,10623.750
1785141204.999567032,15,202.046875,5100.000
1785141204.999567032,11,205.359375,4761.750
1785141204.999567032,15,210.343750,4283.000
1785141204.999567032,15,212.000000,4166.750
1785141204.999567032,10,213.656250,4082.500
1785141204.999567032,14,216.968750,3895.250
1785141204.999567032,5,223.656250,3228.250
1785141204.999567032,8,235.218750,3031.500
1785141204.999567032,7,236.859375,3043.500
1785141204.999567032,8,238.515625,3030.750
1785141204.999567032,15,240.171875,2998.750
1785141204.999567032,15,241.828125,2959.750
1785141204.999567032,6,243.500000,2925.250
1785141204.999567032,6,245.140625,2894.750
1785141204.999567032,15,246.812500,2876.500
1785141204.999567032,15,248.453125,2860.500
1785141204.999567032,15,250.109375,2855.750
1785141204.999567032,4,253.515625,2358.000
1785141204.999567032,15,256.734375,2809.500
1785141204.999567032,7,258.375000,2805.500
1785141204.999567032,7,260.031250,2792.500
1785141204.999567032,15,261.687500,2794.750
1785141204.999567032,15,263.296875,2810.750
1785141204.999567032,15,266.734375,2291.750
1785141204.999567032,14,269.921875,2836.750
1785141204.999567032,15,271.546875,2846.750
1785141204.999567032,15,283.109375,3034.000
1785141204.999567032,15,294.609375,3259.250
1785141204.999567032,15,296.250000,3283.750
1785141204.999567032,15,300.265625,1418.250
1785141204.999567032,15,306.828125,1458.250
1785141204.999567032,15,308.500000,1480.250
1785141204.999567032,15,344.109375,9484.250
1785141204.999567032,15,345.765625,9416.750
1785141204.999567032,15,347.421875,9368.000
1785141204.999567032,15,349.078125,9313.250
1785141205.110101938,15,357.406250,7039.750
1785141205.110101938,15,359.062500,6976.750
1785141205.110101938,15,0.718750,6938.750
1785141205.110101938,15,2.390625,6966.500
1785141205.110101938,15,7.343750,6696.500
1785141205.110101938,15,10.578125,8740.000
1785141205.110101938,9,12.234375,8842.250
1785141205.110101938,10,13.890625,8807.500
1785141205.110101938,8,15.546875,8817.000
1785141205.110101938,15,44.828125,107.750
1785141205.110101938,15,50.578125,102.250
1785141205.110101938,15,164.171875,10306.750
1785141205.110101938,15,165.828125,10177.750
1785141205.110101938,15,179.046875,10621.000
1785141205.110101938,8,194.031250,6117.000
1785141205.110101938,9,202.296875,5067.750
1785141205.110101938,11,205.625000,4751.750
1785141205.110101938,13,208.953125,4396.250
1785141205.110101938,15,212.265625,4136.250
1785141205.110101938,8,213.921875,4049.750
1785141205.110101938,15,215.578125,3951.000
1785141205.110101938,14,233.796875,3050.750
1785141205.110101938,8,235.437500,3079.250
1785141205.110101938,9,237.109375,3050.750
1785141205.110101938,14,238.765625,3017.750
1785141205.110101938,15,240.390625,2983.750
1785141205.110101938,7,242.046875,2941.000
1785141205.110101938,6,243.703125,2909.250
1785141205.110101938,7,245.375000,2890.750
1785141205.110101938,15,247.031250,2872.500
1785141205.110101938,15,248.656250,2864.750
1785141205.110101938,15,250.296875,2855.750
1785141205.110101938,8,255.328125,2818.000
1785141205.110101938,15,256.953125,2807.750
1785141205.110101938,8,258.625000,2817.000
1785141205.110101938,8,260.265625,2801.250
1785141205.110101938,7,261.937500,2790.750
1785141205.110101938,8,263.578125,2803.000
1785141205.110101938,15,266.968750,2282.000
1785141205.110101938,10,270.140625,2824.500
1785141205.110101938,15,271.812500,2842.500
1785141205.110101938,15,294.875000,3282.500
1785141205.110101938,15,300.437500,1420.250
1785141205.110101938,15,304.812500,3569.500
1785141205.110101938,15,306.468750,3649.500
1785141205.110101938,15,344.312500,9453.500
1785141205.110101938,15,345.953125,9416.250
1785141205.110101938,15,347.671875,9352.750
1785141205.110101938,15,349.328125,9295.500
1785141205.221797228,15,357.656250,7038.250
1785141205.221797228,15,359.312500,6993.750
1785141205.221797228,15,0.984375,6968.250
1785141205.221797228,15,2.656250,6971.750
1785141205.221797228,15,5.953125,6699.250
1785141205.221797228,15,7.625000,6706.500
1785141205.221797228,15,10.796875,8815.750
1785141205.221797228,8,12.453125,8830.500
1785141205.221797228,9,14.109375,8817.750
1785141205.221797228,15,46.437500,107.500
1785141205.221797228,15,164.421875,10287.000
1785141205.221797228,8,174.359375,10187.000
1785141205.221797228,15,179.359375,10610.750
1785141205.221797228,7,199.359375,5489.750
1785141205.221797228,10,209.265625,4368.000
1785141205.221797228,15,212.578125,4114.750
1785141205.221797228,11,214.234375,4020.500
1785141205.221797228,15,215.906250,3933.750
1785141205.221797228,14,217.546875,3859.500
1785141205.221797228,15,230.875000,3020.000
1785141205.221797228,9,232.515625,2994.250
1785141205.221797228,12,234.156250,3035.000
1785141205.221797228,10,235.796875,3055.500
1785141205.221797228,10,237.437500,3035.000
1785141205.221797228,14,239.109375,3012.250
1785141205.221797228,15,240.765625,2983.250
1785141205.221797228,7,242.437500,2939.500
1785141205.221797228,7,244.078125,2902.250
1785141205.221797228,15,245.734375,2883.750
1785141205.221797228,15,247.406250,2864.750
1785141205.221797228,15,249.046875,2848.250
1785141205.221797228,15,257.328125,2812.500
1785141205.221797228,9,258.984375,2804.250
1785141205.221797228,8,260.625000,2791.250
1785141205.221797228,15,262.265625,2809.250
1785141205.221797228,15,267.328125,2282.000
1785141205.221797228,8,270.515625,2821.000
1785141205.221797228,11,272.140625,2842.750
1785141205.221797228,9,275.421875,2876.000
1785141205.221797228,15,299.125000,1426.250
1785141205.221797228,15,300.781250,1430.750
1785141205.221797228,15,303.453125,3508.750
1785141205.221797228,15,305.093750,3590.750
1785141205.221797228,15,306.734375,3677.250
1785141205.221797228,15,339.734375,6122.250
1785141205.221797228,15,342.968750,9572.250
1785141205.221797228,15,344.609375,9453.250
1785141205.221797228,15,346.281250,9408.000
1785141205.221797228,15,347.937500,9349.750
1785141205.221797228,15,349.609375,9270.750
1785141205.333186150,15,357.937500,7012.000
1785141205.333186150,15,359.593750,6986.000
1785141205.333186150,15,1.265625,7001.500
1785141205.333186150,15,2.906250,7030.500
1785141205.333186150,15,6.234375,6723.250
1785141205.333186150,15,7.890625,6689.250
1785141205.333186150,15,11.062500,8848.000
1785141205.333186150,10,12.718750,8852.500
1785141205.333186150,15,45.500000,107.000
1785141205.333186150,15,164.593750,10294.250
1785141205.333186150,15,179.468750,10564.000
1785141205.333186150,11,204.390625,4822.750
1785141205.333186150,10,206.046875,4685.000
1785141205.333186150,15,212.671875,4126.750
1785141205.333186150,10,214.343750,4044.000
1785141205.333186150,10,217.656250,3850.000
1785141205.333186150,15,230.984375,3022.250
1785141205.333186150,11,234.265625,3045.750
1785141205.333186150,9,235.921875,3066.750
1785141205.333186150,12,237.578125,3035.250
1785141205.333186150,10,239.234375,3016.000
1785141205.333186150,6,240.906250,2980.250
1785141205.333186150,8,242.562500,2933.250
1785141205.333186150,8,244.234375,2900.250
1785141205.333186150,8,245.859375,2883.500
1785141205.333186150,15,247.515625,2868.250
1785141205.333186150,15,249.156250,2852.250
1785141205.333186150,6,252.609375,2372.750
1785141205.333186150,9,257.484375,2797.750
1785141205.333186150,15,259.125000,2796.250
1785141205.333186150,15,260.781250,2804.000
1785141205.333186150,15,262.406250,2813.250
1785141205.333186150,11,265.828125,2279.250
1785141205.333186150,13,267.468750,2282.500
1785141205.333186150,7,270.671875,2821.500
1785141205.333186150,15,272.296875,2841.500
1785141205.333186150,11,275.546875,2873.500
1785141205.333186150,15,299.187500,1442.750
1785141205.333186150,15,303.578125,3514.500
1785141205.333186150,15,305.187500,3589.500
1785141205.333186150,15,306.843750,3673.500
1785141205.333186150,15,339.843750,6109.000
1785141205.333186150,15,343.062500,9542.250
1785141205.333186150,15,344.734375,9451.750
1785141205.333186150,15,346.390625,9413.000
1785141205.333186150,15,348.015625,9360.500
1785141205.333186150,15,349.687500,9276.500
1785141205.444339991,15,358.015625,7039.500
1785141205.444339991,15,359.687500,6996.000
1785141205.444339991,15,1.328125,7003.000
1785141205.444339991,15,2.984375,7032.750
1785141205.444339991,15,6.312500,6729.000
1785141205.444339991,15,7.968750,6696.500
1785141205.444339991,15,11.140625,8853.000
1785141205.444339991,9,12.781250,8851.000
1785141205.444339991,7,14.437500,8850.000
1785141205.444339991,15,46.625000,107.000
1785141205.444339991,13,163.046875,10339.250
1785141205.444339991,15,164.703125,10279.500
1785141205.444339991,15,179.546875,10612.000
1785141205.444339991,9,194.515625,6165.500
1785141205.444339991,10,206.125000,4685.000
1785141205.444339991,15,212.765625,4120.000
1785141205.444339991,15,214.421875,4039.250
1785141205.444339991,15,216.093750,3933.750
1785141205.444339991,11,217.750000,3835.500
1785141205.444339991,15,231.093750,3021.000
1785141205.444339991,9,234.390625,3044.000
1785141205.444339991,9,236.046875,3065.500
1785141205.444339991,9,237.703125,3032.750
1785141205.444339991,12,239.359375,3009.500
1785141205.444339991,7,241.031250,2976.750
1785141205.444339991,9,242.656250,2934.000
1785141205.444339991,7,244.343750,2900.750
1785141205.444339991,8,245.968750,2882.250
1785141205.444339991,15,247.609375,2863.500
1785141205.444339991,15,249.296875,2855.000
1785141205.444339991,15,257.562500,2804.250
1785141205.444339991,8,259.234375,2813.750
1785141205.444339991,9,260.890625,2804.000
1785141205.444339991,15,262.515625,2812.750
1785141205.444339991,15,265.968750,2288.750
1785141205.444339991,10,270.812500,2835.750
1785141205.444339991,14,272.437500,2853.250
1785141205.444339991,15,294.093750,1827.000
1785141205.444339991,15,297.640625,1462.750
1785141205.444339991,15,299.359375,1454.250
1785141205.444339991,15,302.093750,3449.250
1785141205.444339991,15,303.734375,3515.250
1785141205.444339991,15,305.390625,3596.750
1785141205.444339991,15,340.031250,6078.750
1785141205.444339991,15,343.250000,9512.250
1785141205.444339991,15,344.906250,9439.750
1785141205.444339991,15,346.531250,9415.250
1785141205.444339991,15,348.187500,9350.500
1785141205.444339991,15,349.828125,9276.250
1785141205.556849957,15,356.500000,7034.500
1785141205.556849957,15,358.140625,6990.750
1785141205.556849957,15,359.812500,6980.500
1785141205.556849957,15,1.453125,6934.000
1785141205.556849957,15,3.109375,6977.250
1785141205.556849957,15,6.421875,6727.500
1785141205.556849957,15,8.078125,6722.500
1785141205.556849957,15,11.296875,8846.000
1785141205.556849957,9,12.937500,8833.250
1785141205.556849957,15,46.906250,106.500
1785141205.556849957,15,179.750000,10621.250
1785141205.556849957,10,193.062500,6169.000
1785141205.556849957,11,198.046875,5591.500
1785141205.556849957,8,203.015625,5010.250
1785141205.556849957,8,206.328125,4660.750
1785141205.556849957,11,209.656250,4333.500
1785141205.556849957,8,212.968750,4117.500
1785141205.556849957,15,216.296875,3894.000
1785141205.556849957,9,217.953125,3793.500
1785141205.556849957,8,234.562500,3062.250
1785141205.556849957,9,236.218750,3061.500
1785141205.556849957,9,237.890625,3032.000
1785141205.556849957,15,239.546875,3006.500
1785141205.556849957,8,241.203125,2964.750
1785141205.556849957,6,242.828125,2923.750
1785141205.556849957,6,244.515625,2907.000
1785141205.556849957,15,246.140625,2889.750
1785141205.556849957,15,247.796875,2872.250
1785141205.556849957,15,249.468750,2864.500
1785141205.556849957,8,252.890625,2350.500
1785141205.556849957,7,256.078125,2801.750
1785141205.556849957,7,257.734375,2800.000
1785141205.556849957,9,259.375000,2792.500
1785141205.556849957,8,261.046875,2804.000
1785141205.556849957,15,262.687500,2814.750
1785141205.556849957,15,266.109375,2283.750
1785141205.556849957,8,270.921875,2832.250
1785141205.556849957,15,296.093750,1478.750
1785141205.556849957,15,297.765625,1472.000
1785141205.556849957,15,303.937500,3529.000
1785141205.556849957,15,305.578125,3601.500
1785141205.556849957,15,340.234375,6056.500
1785141205.556849957,15,343.468750,9508.250
1785141205.556849957,15,345.125000,9419.000
1785141205.556849957,15,346.750000,9414.750
1785141205.556849957,15,348.406250,9328.750
1785141205.556849957,15,350.062500,9246.000
1785141205.667919874,15,356.718750,7045.250
1785141205.667919874,15,358.375000,6991.750
1785141205.667919874,15,0.046875,6975.000
1785141205.667919874,15,1.703125,6989.750
1785141205.667919874,15,6.656250,6738.250
1785141205.667919874,15,11.500000,8837.000
1785141205.667919874,15,46.796875,106.500
1785141205.667919874,12,173.328125,10189.250
1785141205.667919874,7,176.625000,10303.250
1785141205.667919874,15,178.281250,10578.250
1785141205.667919874,11,198.234375,5581.000
1785141205.667919874,15,201.562500,5127.000
1785141205.667919874,14,204.906250,4790.750
1785141205.667919874,11,208.203125,4451.500
1785141205.667919874,15,211.546875,4171.250
1785141205.667919874,11,213.187500,4109.000
1785141205.667919874,15,216.515625,3901.250
1785141205.667919874,8,234.765625,3124.750
1785141205.667919874,8,236.421875,3062.250
1785141205.667919874,10,238.078125,3031.500
1785141205.667919874,15,239.734375,3005.250
1785141205.667919874,6,241.390625,2965.750
1785141205.667919874,7,243.062500,2923.500
1785141205.667919874,8,244.703125,2902.000
1785141205.667919874,8,246.375000,2894.500
1785141205.667919874,15,248.031250,2870.250
1785141205.667919874,15,249.687500,2844.000
1785141205.667919874,6,253.062500,2357.250
1785141205.667919874,8,256.265625,2799.750
1785141205.667919874,15,257.890625,2806.750
1785141205.667919874,8,259.578125,2807.000
1785141205.667919874,8,261.218750,2804.000
1785141205.667919874,15,262.843750,2820.250
1785141205.667919874,15,266.281250,2283.750
1785141205.667919874,10,271.109375,2829.500
1785141205.667919874,15,292.906250,1582.250
1785141205.667919874,15,294.562500,1559.750
1785141205.667919874,15,296.218750,1566.500
1785141205.667919874,15,302.453125,3466.750
1785141205.667919874,15,304.093750,3531.250
1785141205.667919874,15,305.734375,3613.750
1785141205.667919874,15,340.359375,6047.500
1785141205.667919874,14,343.578125,9507.500
1785141205.667919874,15,345.250000,9431.500
1785141205.667919874,15,346.875000,9423.500
1785141205.667919874,15,348.515625,9335.000
1785141205.667919874,15,350.171875,9255.250
1785141205.778474092,15,356.843750,7054.000
1785141205.778474092,15,358.484375,6992.250
1785141205.778474092,15,0.140625,6983.500
1785141205.778474092,15,1.812500,6983.750
1785141205.778474092,15,6.765625,6746.000
1785141205.778474092,15,10.031250,8706.000
1785141205.778474092,15,11.656250,8861.500
1785141205.778474092,9,13.312500,8868.250
1785141205.778474092,15,47.203125,106.250
1785141205.778474092,8,176.593750,10305.750
1785141205.778474092,15,178.312500,10564.500
1785141205.778474092,8,193.281250,6152.250
1785141205.778474092,11,198.265625,5584.250
1785141205.778474092,15,201.609375,5130.000
1785141205.778474092,13,204.890625,4795.000
1785141205.778474092,15,211.531250,4172.250
1785141205.778474092,9,213.171875,4108.500
1785141205.778474092,15,216.500000,3903.250
1785141205.778474092,7,234.734375,3123.250
1785141205.778474092,9,236.359375,3061.000
1785141205.778474092,9,238.031250,3032.750
1785141205.778474092,15,239.671875,3009.000
1785141205.778474092,6,241.328125,2966.750
1785141205.778474092,5,243.000000,2922.500
1785141205.778474092,5,244.625000,2904.500
1785141205.778474092,15,246.296875,2888.250
1785141205.778474092,15,247.953125,2861.250
1785141205.778474092,15,249.609375,2844.250
1785141205.778474092,6,253.015625,2357.500
1785141205.778474092,8,256.218750,2792.000
1785141205.778474092,15,257.859375,2806.000
1785141205.778474092,9,259.515625,2805.250
1785141205.778474092,9,261.171875,2803.500
1785141205.778474092,15,262.812500,2817.750
1785141205.778474092,15,266.203125,2284.250
1785141205.778474092,15,271.031250,2830.000
1785141205.778474092,15,287.859375,1768.750
1785141205.778474092,15,289.515625,1760.750
1785141205.778474092,15,291.093750,1774.250
1785141205.778474092,15,292.718750,1814.000
1785141205.778474092,15,299.062500,3350.500
1785141205.778474092,15,300.703125,3395.500
1785141205.778474092,15,302.359375,3460.750
1785141205.778474092,15,304.000000,3532.250
1785141205.778474092,15,305.625000,3613.000
1785141205.778474092,15,340.218750,6057.250
1785141205.778474092,15,343.453125,9513.000
1785141205.778474092,15,345.093750,9422.500
1785141205.778474092,15,346.750000,9395.250
1785141205.778474092,15,348.406250,9312.250
1785141205.778474092,15,350.062500,9247.750
1785141205.889734983,15,356.718750,7044.750
1785141205.889734983,15,358.375000,6984.000
1785141205.889734983,15,0.015625,6974.750
1785141205.889734983,15,1.671875,6996.000
1785141205.889734983,15,6.656250,6751.250
1785141205.889734983,15,9.906250,8700.750
1785141205.889734983,15,11.546875,8840.000
1785141205.889734983,15,47.093750,106.500
1785141205.889734983,15,164.828125,10297.250
1785141205.889734983,15,178.015625,10455.750
1785141205.889734983,15,179.718750,10560.750
1785141205.889734983,8,193.031250,6174.500
1785141205.889734983,8,194.687500,6109.750
1785141205.889734983,8,198.031250,5600.250
1785141205.889734983,11,202.968750,5040.500
1785141205.889734983,9,209.609375,4342.250
1785141205.889734983,13,212.906250,4116.250
1785141205.889734983,15,231.187500,3039.750
1785141205.889734983,7,234.453125,3062.500
1785141205.889734983,9,236.109375,3066.500
1785141205.889734983,9,237.750000,3036.000
1785141205.889734983,15,239.406250,3012.000
1785141205.889734983,8,241.078125,2971.250
1785141205.889734983,7,242.734375,2927.500
1785141205.889734983,7,244.359375,2902.750
1785141205.889734983,7,246.046875,2887.000
1785141205.889734983,15,247.703125,2868.000
1785141205.889734983,15,249.312500,2858.250
1785141205.889734983,7,257.609375,2816.500
1785141205.889734983,9,259.250000,2812.000
1785141205.889734983,9,260.921875,2808.000
1785141205.889734983,15,262.531250,2815.500
1785141205.889734983,15,265.968750,2287.250
1785141205.889734983,9,272.421875,2851.500
1785141205.889734983,15,284.218750,1982.250
1785141205.889734983,15,285.859375,1972.000
1785141205.889734983,15,298.843750,3347.250
1785141205.889734983,15,300.468750,3393.000
1785141205.889734983,15,302.125000,3451.000
1785141205.889734983,15,303.765625,3516.250
1785141205.889734983,15,305.406250,3598.000
1785141205.889734983,15,339.984375,6081.750
1785141205.889734983,15,343.218750,9512.000
1785141205.889734983,15,344.875000,9435.500
1785141205.889734983,15,346.531250,9414.250
1785141205.889734983,15,348.203125,9348.500
1785141205.889734983,15,349.843750,9273.250
1785141206.002184868,15,356.500000,7038.250
1785141206.002184868,15,358.171875,6995.250
1785141206.002184868,15,359.812500,6983.500
1785141206.002184868,15,1.484375,6941.000
1785141206.002184868,15,3.125000,6978.000
1785141206.002184868,15,6.453125,6749.000
1785141206.002184868,15,8.093750,6746.250
1785141206.002184868,15,11.312500,8841.000
1785141206.002184868,10,12.953125,8830.250
1785141206.002184868,15,46.328125,106.500
1785141206.002184868,10,163.046875,10274.500
1785141206.002184868,15,164.687500,10229.000
1785141206.002184868,15,177.906250,10431.750
1785141206.002184868,15,179.593750,10608.500
1785141206.002184868,7,192.906250,6179.750
1785141206.002184868,15,212.750000,4120.250
1785141206.002184868,14,214.406250,4037.500
1785141206.002184868,15,216.078125,3932.000
1785141206.002184868,10,217.734375,3846.500
1785141206.002184868,15,231.000000,3021.250
1785141206.002184868,9,234.296875,3045.500
1785141206.002184868,8,235.953125,3068.750
1785141206.002184868,10,237.593750,3038.250
1785141206.002184868,11,239.250000,3016.250
1785141206.002184868,15,240.906250,2981.250
1785141206.002184868,6,242.578125,2938.000
1785141206.002184868,6,244.218750,2903.750
1785141206.002184868,7,245.843750,2886.000
1785141206.002184868,15,247.500000,2871.500
1785141206.002184868,15,249.156250,2854.250
1785141206.002184868,9,252.625000,2372.500
1785141206.002184868,9,257.515625,2815.000
1785141206.002184868,8,259.156250,2809.500
1785141206.002184868,8,260.812500,2803.500
1785141206.002184868,15,262.437500,2816.250
1785141206.002184868,15,265.875000,2280.000
1785141206.002184868,15,272.359375,2843.500
1785141206.002184868,11,275.578125,2893.000
1785141206.002184868,15,284.031250,2112.500
1785141206.002184868,15,298.687500,3336.000
1785141206.002184868,15,300.312500,3387.250
1785141206.002184868,15,301.953125,3451.750
1785141206.002184868,15,303.609375,3515.250
1785141206.002184868,15,305.250000,3591.750
1785141206.002184868,15,306.906250,3690.750
1785141206.002184868,15,339.859375,6094.000
1785141206.002184868,15,343.093750,9541.250
1785141206.002184868,15,344.765625,9455.000
1785141206.002184868,15,346.421875,9415.750
1785141206.002184868,15,348.078125,9353.250
1785141206.002184868,15,349.718750,9270.000
1785141206.112421989,15,358.062500,7036.250
1785141206.112421989,15,359.718750,6993.750
1785141206.112421989,15,1.375000,6998.000
1785141206.112421989,15,3.015625,7029.500
1785141206.112421989,15,6.343750,6728.000
1785141206.112421989,15,8.000000,6727.500
1785141206.112421989,15,11.171875,8853.750
1785141206.112421989,9,12.812500,8844.500
1785141206.112421989,15,46.390625,107.000
1785141206.112421989,15,164.578125,10288.500
1785141206.112421989,15,179.406250,10568.250
1785141206.112421989,10,209.250000,4374.000
1785141206.112421989,15,212.562500,4118.250
1785141206.112421989,11,214.234375,4023.250
1785141206.112421989,15,215.890625,3934.750
1785141206.112421989,14,217.546875,3859.750
1785141206.112421989,15,230.890625,3019.500
1785141206.112421989,9,232.515625,2994.750
1785141206.112421989,12,234.171875,3036.250
1785141206.112421989,10,235.796875,3056.500
1785141206.112421989,10,237.468750,3038.250
1785141206.112421989,11,239.140625,3018.500
1785141206.112421989,7,240.765625,2985.500
1785141206.112421989,7,242.437500,2940.000
1785141206.112421989,7,244.078125,2905.500
1785141206.112421989,15,245.718750,2886.500
1785141206.112421989,15,247.390625,2869.750
1785141206.112421989,15,249.046875,2856.000
1785141206.112421989,9,257.343750,2813.000
1785141206.112421989,9,258.984375,2805.500
1785141206.112421989,8,260.656250,2804.000
1785141206.112421989,15,262.281250,2819.750
1785141206.112421989,15,267.359375,2282.000
1785141206.112421989,8,270.531250,2823.750
1785141206.112421989,14,272.171875,2845.000
1785141206.112421989,11,275.406250,2877.250
1785141206.112421989,15,292.187500,1863.750
1785141206.112421989,15,298.515625,3347.000
1785141206.112421989,15,300.171875,3394.750
1785141206.112421989,15,301.796875,3451.500
1785141206.112421989,15,303.437500,3511.000
1785141206.112421989,15,305.093750,3589.250
1785141206.112421989,15,306.734375,3671.500
1785141206.112421989,15,339.734375,6120.250
1785141206.112421989,15,342.968750,9570.750
1785141206.112421989,15,344.625000,9464.000
1785141206.112421989,15,346.265625,9412.750
1785141206.112421989,15,347.921875,9344.750
1785141206.112421989,15,349.578125,9269.500
1785141206.223788977,15,357.890625,7012.750
1785141206.223788977,15,359.562500,7000.750
1785141206.223788977,15,1.218750,7017.750
1785141206.223788977,15,2.875000,7030.000
1785141206.223788977,15,6.203125,6723.750
1785141206.223788977,15,7.859375,6676.750
1785141206.223788977,15,11.015625,8828.500
1785141206.223788977,10,12.671875,8834.500
1785141206.223788977,7,14.328125,8855.000
1785141206.223788977,15,45.125000,107.250
1785141206.223788977,15,164.546875,10340.500
1785141206.223788977,7,172.812500,10270.000
1785141206.223788977,15,179.406250,10567.750
1785141206.223788977,12,205.953125,4711.250
1785141206.223788977,9,209.281250,4375.500
1785141206.223788977,15,212.578125,4122.750
1785141206.223788977,10,214.234375,4027.000
1785141206.223788977,15,215.890625,3936.250
1785141206.223788977,14,217.562500,3856.000
1785141206.223788977,15,230.875000,3016.750
1785141206.223788977,9,232.531250,2995.250
1785141206.223788977,11,234.171875,3037.500
1785141206.223788977,11,235.843750,3057.500
1785141206.223788977,10,237.468750,3039.750
1785141206.223788977,12,239.140625,3020.500
1785141206.223788977,15,240.796875,2986.500
1785141206.223788977,7,242.437500,2940.750
1785141206.223788977,7,244.125000,2907.750
1785141206.223788977,7,245.734375,2891.250
1785141206.223788977,15,247.421875,2874.500
1785141206.223788977,15,249.078125,2858.500
1785141206.223788977,7,257.328125,2812.500
1785141206.223788977,8,258.984375,2806.500
1785141206.223788977,7,260.625000,2806.000
1785141206.223788977,15,262.296875,2818.500
1785141206.223788977,15,267.343750,2283.000
1785141206.223788977,12,270.531250,2824.750
1785141206.223788977,13,272.156250,2845.500
1785141206.223788977,11,275.390625,2879.750
1785141206.223788977,15,288.796875,2089.250
1785141206.223788977,15,290.453125,2083.750
1785141206.223788977,15,295.140625,3263.000
1785141206.223788977,15,296.750000,3296.250
1785141206.223788977,15,298.531250,3346.750
1785141206.223788977,15,300.156250,3393.500
1785141206.223788977,15,301.796875,3451.500
1785141206.223788977,15,303.453125,3511.250
1785141206.223788977,15,305.078125,3587.500
1785141206.223788977,15,306.718750,3669.500
1785141206.223788977,15,339.796875,6119.000
1785141206.223788977,15,343.031250,9549.000
1785141206.223788977,15,344.687500,9456.000
1785141206.223788977,15,346.281250,9416.000
1785141206.223788977,15,347.937500,9351.000
1785141206.223788977,15,349.593750,9272.250
1785141206.338204861,15,357.921875,7015.750
1785141206.338204861,15,359.578125,6999.000
1785141206.338204861,15,1.234375,7018.750
1785141206.338204861,15,2.890625,7029.000
1785141206.338204861,15,6.203125,6721.250
1785141206.338204861,15,7.859375,6681.500
1785141206.338204861,15,11.046875,8830.500
1785141206.338204861,10,12.703125,8834.000
1785141206.338204861,7,14.343750,8843.250
1785141206.338204861,15,45.656250,107.000
1785141206.338204861,15,164.578125,10336.000
1785141206.338204861,15,177.796875,10455.750
1785141206.338204861,15,179.437500,10569.250
1785141206.338204861,10,209.343750,4378.750
1785141206.338204861,15,212.640625,4122.500
1785141206.338204861,12,214.312500,4031.500
1785141206.338204861,15,215.968750,3933.500
1785141206.338204861,14,217.625000,3849.500
1785141206.338204861,15,230.937500,3015.000
1785141206.338204861,8,232.578125,2997.250
1785141206.338204861,9,234.203125,3049.250
1785141206.338204861,9,235.859375,3069.750
1785141206.338204861,10,237.515625,3041.000
1785141206.338204861,14,239.187500,3021.500
1785141206.338204861,15,240.828125,2987.250
1785141206.338204861,6,242.484375,2940.750
1785141206.338204861,7,244.171875,2905.500
1785141206.338204861,6,245.796875,2890.250
1785141206.338204861,15,247.468750,2876.500
1785141206.338204861,15,249.093750,2860.750
1785141206.338204861,15,257.343750,2813.250
1785141206.338204861,8,258.984375,2808.000
1785141206.338204861,8,260.625000,2806.750
1785141206.338204861,15,262.281250,2816.750
1785141206.338204861,15,267.328125,2279.000
1785141206.338204861,10,270.515625,2826.750
1785141206.338204861,8,272.125000,2847.250
1785141206.338204861,15,295.109375,3263.000
1785141206.338204861,15,296.750000,3296.500
1785141206.338204861,15,298.531250,3346.500
1785141206.338204861,15,300.171875,3393.250
1785141206.338204861,15,301.828125,3452.250
1785141206.338204861,15,303.468750,3511.750
1785141206.338204861,15,305.125000,3587.500
1785141206.338204861,15,306.781250,3669.750
1785141206.338204861,15,339.750000,6119.500
1785141206.338204861,15,342.984375,9566.250
1785141206.338204861,15,344.640625,9455.750
1785141206.338204861,15,346.250000,9415.500
1785141206.338204861,15,347.906250,9351.000
1785141206.338204861,15,349.562500,9275.250
1785141206.449892044,15,357.875000,7018.000
1785141206.449892044,15,359.531250,6999.250
1785141206.449892044,15,1.187500,7006.750
1785141206.449892044,15,2.843750,7018.500
1785141206.449892044,15,6.140625,6719.500
1785141206.449892044,15,7.796875,6683.250
1785141206.449892044,15,11.031250,8824.500
1785141206.449892044,10,12.671875,8844.750
1785141206.449892044,8,14.328125,8848.000
1785141206.449892044,15,45.328125,107.000
1785141206.449892044,15,164.484375,10326.750
1785141206.449892044,15,177.687500,10455.250
1785141206.449892044,15,179.343750,10630.500
1785141206.449892044,8,209.296875,4379.500
1785141206.449892044,15,212.625000,4122.000
1785141206.449892044,12,214.281250,4027.250
1785141206.449892044,15,215.937500,3932.000
1785141206.449892044,15,217.609375,3852.750
1785141206.449892044,15,230.890625,3017.250
1785141206.449892044,9,234.187500,3031.250
1785141206.449892044,10,235.843750,3060.000
1785141206.449892044,9,237.500000,3041.750
1785141206.449892044,15,239.140625,3022.000
1785141206.449892044,15,240.781250,2988.250
1785141206.449892044,15,242.437500,2943.250
1785141206.449892044,6,244.109375,2911.250
1785141206.449892044,7,245.734375,2891.000
1785141206.449892044,8,247.406250,2875.750
1785141206.449892044,15,249.046875,2864.250
1785141206.449892044,15,257.281250,2819.000
1785141206.449892044,9,258.968750,2810.250
1785141206.449892044,7,260.609375,2808.500
1785141206.449892044,15,262.265625,2817.500
1785141206.449892044,15,267.296875,2279.000
1785141206.449892044,10,270.500000,2828.500
1785141206.449892044,7,272.140625,2848.250
1785141206.449892044,15,295.093750,3263.750
1785141206.449892044,15,296.734375,3297.000
1785141206.449892044,15,298.500000,3346.250
1785141206.449892044,15,300.125000,3392.750
1785141206.449892044,15,301.765625,3451.500
1785141206.449892044,15,303.406250,3506.250
1785141206.449892044,15,305.062500,3582.000
1785141206.449892044,15,306.703125,3668.750
1785141206.449892044,15,339.640625,6109.750
1785141206.449892044,15,342.875000,9580.500
1785141206.449892044,15,344.531250,9467.750
1785141206.449892044,15,346.187500,9409.500
1785141206.449892044,15,347.828125,9337.500
1785141206.449892044,15,349.484375,9275.250
1785141206.561290979,15,357.796875,7022.000
1785141206.561290979,15,359.453125,7002.500
1785141206.561290979,15,1.125000,7000.000
1785141206.561290979,15,2.765625,7029.000
1785141206.561290979,15,6.078125,6694.500
1785141206.561290979,15,7.734375,6684.500
1785141206.561290979,15,10.968750,8825.750
1785141206.561290979,11,12.625000,8844.000
1785141206.561290979,8,14.281250,8823.250
1785141206.561290979,15,46.656250,107.250
1785141206.561290979,15,164.453125,10321.500
1785141206.561290979,15,177.671875,10451.250
1785141206.561290979,15,179.328125,10625.000
1785141206.561290979,8,194.312500,6103.500
1785141206.561290979,11,205.937500,4712.500
1785141206.561290979,10,209.265625,4374.500
1785141206.561290979,15,212.578125,4120.500
1785141206.561290979,11,214.234375,4027.000
1785141206.561290979,15,215.906250,3937.000
1785141206.561290979,13,217.562500,3858.000
1785141206.561290979,15,230.875000,3018.750
1785141206.561290979,11,232.500000,2997.500
1785141206.561290979,13,234.125000,3039.500
1785141206.561290979,11,235.812500,3058.750
1785141206.561290979,9,237.453125,3035.750
1785141206.561290979,15,239.093750,3018.250
1785141206.561290979,15,240.750000,2989.500
1785141206.561290979,5,242.421875,2943.250
1785141206.561290979,7,244.078125,2910.250
1785141206.561290979,9,245.734375,2892.250
1785141206.561290979,15,247.343750,2878.750
1785141206.561290979,15,249.015625,2867.250
1785141206.561290979,15,257.296875,2817.750
1785141206.561290979,8,258.953125,2810.500
1785141206.561290979,15,260.609375,2809.500
1785141206.561290979,15,262.250000,2819.000
1785141206.561290979,15,267.296875,2280.000
1785141206.561290979,11,270.484375,2829.000
1785141206.561290979,10,272.140625,2847.500
1785141206.561290979,9,275.406250,2881.500
1785141206.561290979,15,295.171875,3264.500
1785141206.561290979,15,296.812500,3297.250
1785141206.561290979,15,298.515625,3346.000
1785141206.561290979,15,300.156250,3392.750
1785141206.561290979,15,301.781250,3451.750
1785141206.561290979,15,303.453125,3511.000
1785141206.561290979,15,305.109375,3586.750
1785141206.561290979,15,306.734375,3667.750
1785141206.561290979,15,339.656250,6112.250
1785141206.561290979,15,342.890625,9590.000
1785141206.561290979,15,344.531250,9469.000
1785141206.561290979,15,346.203125,9409.250
1785141206.561290979,15,347.859375,9336.000
1785141206.561290979,15,349.500000,9274.750
1785141206.673169851,15,357.828125,7019.000
1785141206.673169851,15,359.468750,7001.000
1785141206.673169851,15,1.125000,6996.500
1785141206.673169851,15,2.781250,7023.000
1785141206.673169851,15,6.093750,6699.500
1785141206.673169851,15,7.750000,6685.750
1785141206.673169851,15,10.984375,8823.500
1785141206.673169851,10,12.640625,8840.750
1785141206.673169851,8,14.296875,8823.250
1785141206.673169851,15,46.328125,107.250
1785141206.673169851,15,164.421875,10315.250
1785141206.673169851,15,177.640625,10443.000
1785141206.673169851,15,179.312500,10609.000
1785141206.673169851,12,205.890625,4716.250
1785141206.673169851,11,209.218750,4387.750
1785141206.673169851,15,212.515625,4126.500
1785141206.673169851,10,214.203125,4030.000
1785141206.673169851,15,215.843750,3941.500
1785141206.673169851,9,217.515625,3848.000
1785141206.673169851,12,234.093750,3041.500
1785141206.673169851,9,235.734375,3063.250
1785141206.673169851,9,237.375000,3039.000
1785141206.673169851,13,239.031250,3014.750
1785141206.673169851,11,240.671875,2978.000
1785141206.673169851,6,242.359375,2937.250
1785141206.673169851,6,244.000000,2912.250
1785141206.673169851,8,245.640625,2895.500
1785141206.673169851,15,247.312500,2880.250
1785141206.673169851,15,248.968750,2870.000
1785141206.673169851,15,257.218750,2819.250
1785141206.673169851,9,258.890625,2814.250
1785141206.673169851,8,260.562500,2810.500
1785141206.673169851,15,262.187500,2821.250
1785141206.673169851,15,267.234375,2281.000
1785141206.673169851,9,272.062500,2838.000
1785141206.673169851,15,285.437500,2138.000
1785141206.673169851,15,295.109375,3265.500
1785141206.673169851,15,296.765625,3297.750
1785141206.673169851,15,298.453125,3345.500
1785141206.673169851,15,300.109375,3390.250
1785141206.673169851,15,301.734375,3449.500
1785141206.673169851,15,303.375000,3504.500
1785141206.673169851,15,305.046875,3569.250
1785141206.673169851,15,306.687500,3655.250
1785141206.673169851,15,342.843750,9587.750
1785141206.673169851,14,344.484375,9472.000
1785141206.673169851,15,346.156250,9418.750
1785141206.673169851,15,347.796875,9347.250
1785141206.673169851,15,349.453125,9279.500
1785141206.784741879,15,357.765625,7031.000
1785141206.784741879,15,359.421875,7008.250
1785141206.784741879,15,1.078125,6985.750
1785141206.784741879,15,2.718750,6980.000
1785141206.784741879,15,6.046875,6665.500
1785141206.784741879,15,7.687500,6657.000
1785141206.784741879,15,10.875000,8816.250
1785141206.784741879,10,12.531250,8828.500
1785141206.784741879,9,14.171875,8819.250
1785141206.784741879,9,15.812500,8881.500
1785141206.784741879,15,46.015625,107.500
1785141206.784741879,14,50.984375,101.500
1785141206.784741879,15,164.343750,10276.500
1785141206.784741879,15,179.234375,10557.250
1785141206.784741879,10,194.218750,6108.250
1785141206.784741879,9,199.203125,5500.000
1785141206.784741879,15,205.812500,4714.500
1785141206.784741879,13,209.125000,4387.500
1785141206.784741879,15,212.421875,4145.000
1785141206.784741879,10,214.109375,4039.250
1785141206.784741879,15,215.765625,3943.500
1785141206.784741879,15,234.015625,3039.250
1785141206.784741879,9,235.656250,3060.750
1785141206.784741879,13,237.296875,3042.750
1785141206.784741879,11,238.937500,3031.250
1785141206.784741879,15,240.625000,2995.500
1785141206.784741879,7,242.281250,2939.250
1785141206.784741879,7,243.921875,2915.750
1785141206.784741879,8,245.562500,2900.250
1785141206.784741879,15,247.250000,2880.750
1785141206.784741879,15,248.890625,2869.000
1785141206.784741879,15,257.187500,2818.250
1785141206.784741879,9,258.828125,2812.500
1785141206.784741879,15,260.437500,2813.000
1785141206.784741879,15,262.093750,2821.250
1785141206.784741879,15,267.171875,2280.500
1785141206.784741879,7,270.359375,2827.250
1785141206.784741879,11,272.015625,2855.500
1785141206.784741879,15,283.640625,2249.500
1785141206.784741879,15,285.281250,2244.500
1785141206.784741879,15,295.015625,3281.250
1785141206.784741879,15,296.640625,3295.750
1785141206.784741879,15,298.265625,3343.750
1785141206.784741879,15,300.015625,3382.250
1785141206.784741879,15,301.671875,3441.250
1785141206.784741879,15,303.296875,3504.250
1785141206.784741879,15,304.937500,3570.750
1785141206.784741879,15,306.578125,3659.250
1785141206.784741879,14,342.828125,9586.750
1785141206.784741879,14,344.500000,9475.500
1785141206.784741879,15,346.156250,9428.000
1785141206.784741879,15,347.796875,9347.000
1785141206.784741879,15,349.468750,9274.000
1785141206.896266937,15,357.781250,7020.250
1785141206.896266937,15,359.437500,6997.000
1785141206.896266937,15,1.109375,6980.750
1785141206.896266937,15,2.765625,6980.250
1785141206.896266937,15,6.078125,6675.000
1785141206.896266937,15,7.734375,6655.000
1785141206.896266937,15,10.906250,8821.000
1785141206.896266937,10,12.562500,8833.250
1785141206.896266937,7,14.218750,8819.750
1785141206.896266937,8,15.859375,8881.750
1785141206.896266937,15,46.328125,107.500
1785141206.896266937,15,50.703125,101.500
1785141206.896266937,15,164.359375,10272.250
1785141206.896266937,15,179.203125,10554.500
1785141206.896266937,7,195.812500,5989.500
1785141206.896266937,9,199.140625,5505.750
1785141206.896266937,15,205.750000,4736.000
1785141206.896266937,13,209.062500,4402.750
1785141206.896266937,15,212.390625,4144.250
1785141206.896266937,9,214.046875,4059.250
1785141206.896266937,15,215.687500,3968.000
1785141206.896266937,14,233.968750,3041.750
1785141206.896266937,8,235.609375,3060.500
1785141206.896266937,10,237.265625,3041.750
1785141206.896266937,13,238.921875,3031.500
1785141206.896266937,15,240.578125,2996.500
1785141206.896266937,6,242.234375,2943.000
1785141206.896266937,6,243.906250,2918.000
1785141206.896266937,7,245.546875,2895.250
1785141206.896266937,15,247.218750,2875.250
1785141206.896266937,15,248.875000,2867.750
1785141206.896266937,15,257.140625,2809.250
1785141206.896266937,15,258.781250,2826.750
1785141206.896266937,15,260.437500,2827.000
1785141206.896266937,15,262.062500,2824.000
1785141206.896266937,15,267.171875,2279.250
1785141206.896266937,11,271.953125,2846.500
1785141206.896266937,15,283.546875,2377.500
1785141206.896266937,15,285.203125,2393.500
1785141206.896266937,15,294.921875,3279.500
1785141206.896266937,15,296.578125,3292.250
1785141206.896266937,15,298.203125,3340.000
1785141206.896266937,15,299.953125,3382.500
1785141206.896266937,15,301.625000,3437.750
1785141206.896266937,15,303.250000,3502.750
1785141206.896266937,15,304.921875,3573.500
1785141206.896266937,15,306.531250,3659.500
1785141206.896266937,15,342.781250,9587.250
1785141206.896266937,15,344.437500,9519.750
1785141206.896266937,14,346.109375,9491.000
1785141206.896266937,15,347.750000,9349.500
1785141206.896266937,15,349.406250,9281.250
1785141207.006929874,15,357.734375,7030.000
1785141207.006929874,15,359.375000,6994.250
1785141207.006929874,15,1.046875,6964.250
1785141207.006929874,15,2.703125,6978.000
1785141207.006929874,15,6.015625,6725.500
1785141207.006929874,15,7.671875,6711.500
1785141207.006929874,15,10.843750,8817.000
1785141207.006929874,8,12.500000,8830.500
1785141207.006929874,10,14.140625,8818.500
1785141207.006929874,9,15.781250,8875.250
1785141207.006929874,15,45.921875,107.500
1785141207.006929874,14,50.968750,101.500
1785141207.006929874,15,164.281250,10271.750
1785141207.006929874,11,165.937500,10163.000
1785141207.006929874,15,179.140625,10541.000
1785141207.006929874,8,199.062500,5511.000
1785141207.006929874,11,204.046875,4891.000
1785141207.006929874,13,205.718750,4752.000
1785141207.006929874,15,209.031250,4395.250
1785141207.006929874,15,212.359375,4145.250
1785141207.006929874,8,214.015625,4059.000
1785141207.006929874,15,215.671875,3970.000
1785141207.006929874,14,233.937500,3042.750
1785141207.006929874,8,235.578125,3060.500
1785141207.006929874,10,237.250000,3041.500
1785141207.006929874,12,238.890625,3029.250
1785141207.006929874,15,240.562500,2995.750
1785141207.006929874,7,242.203125,2945.750
1785141207.006929874,6,243.859375,2919.250
1785141207.006929874,7,245.515625,2897.000
1785141207.006929874,15,247.171875,2874.250
1785141207.006929874,15,248.812500,2864.500
1785141207.006929874,10,250.468750,2845.000
1785141207.006929874,8,257.093750,2810.000
1785141207.006929874,8,258.734375,2815.750
1785141207.006929874,15,260.359375,2816.500
1785141207.006929874,15,262.015625,2823.750
1785141207.006929874,15,263.671875,2836.500
1785141207.006929874,15,267.093750,2281.750
1785141207.006929874,8,270.281250,2827.000
1785141207.006929874,15,271.921875,2853.000
1785141207.006929874,15,283.500000,2446.500
1785141207.006929874,8,286.734375,2549.750
1785141207.006929874,15,294.859375,3279.000
1785141207.006929874,15,296.500000,3291.000
1785141207.006929874,15,298.140625,3339.750
1785141207.006929874,15,299.921875,3382.000
1785141207.006929874,15,301.546875,3438.250
1785141207.006929874,15,303.203125,3504.000
1785141207.006929874,15,304.843750,3573.250
1785141207.006929874,15,306.484375,3658.750
1785141207.006929874,15,344.359375,9454.500
1785141207.006929874,15,346.015625,9415.750
1785141207.006929874,15,347.640625,9352.000
1785141207.006929874,15,349.296875,9292.750
1785141207.119144917,15,357.609375,7060.250
1785141207.119144917,15,359.250000,6993.500
1785141207.119144917,15,0.890625,6967.000
1785141207.119144917,15,2.546875,6982.000
1785141207.119144917,15,5.890625,6649.000
1785141207.119144917,15,7.531250,6716.500
1785141207.119144917,15,10.734375,8814.750
1785141207.119144917,9,12.390625,8824.750
1785141207.119144917,8,14.046875,8821.750
1785141207.119144917,8,15.687500,8887.500
1785141207.119144917,15,45.609375,107.500
1785141207.119144917,15,164.187500,10308.250
1785141207.119144917,15,165.843750,10179.250
1785141207.119144917,15,179.046875,10615.000
1785141207.119144917,8,194.000000,6117.250
1785141207.119144917,11,198.984375,5513.500
1785141207.119144917,14,202.328125,5071.500
1785141207.119144917,9,205.640625,4750.750
1785141207.119144917,13,208.953125,4397.250
1785141207.119144917,15,212.296875,4155.250
1785141207.119144917,8,213.921875,4053.750
1785141207.119144917,15,215.609375,3962.750
1785141207.119144917,9,233.859375,3041.250
1785141207.119144917,10,235.515625,3060.750
1785141207.119144917,10,237.156250,3043.000
1785141207.119144917,11,238.812500,3021.000
1785141207.119144917,15,240.484375,2987.750
1785141207.119144917,15,242.156250,2947.750
1785141207.119144917,6,243.781250,2921.000
1785141207.119144917,6,245.453125,2898.250
1785141207.119144917,15,247.109375,2876.250
1785141207.119144917,15,248.765625,2867.250
1785141207.119144917,15,250.406250,2855.750
1785141207.119144917,9,257.015625,2808.500
1785141207.119144917,8,258.671875,2813.750
1785141207.119144917,9,260.312500,2802.750
1785141207.119144917,15,261.953125,2810.000
1785141207.119144917,15,263.625000,2834.500
1785141207.119144917,15,267.046875,2283.250
1785141207.119144917,12,270.203125,2826.500
1785141207.119144917,15,271.859375,2845.500
1785141207.119144917,15,283.421875,2446.250
1785141207.119144917,15,286.687500,2560.500
1785141207.119144917,15,294.812500,3276.500
1785141207.119144917,15,296.453125,3286.500
1785141207.119144917,15,298.109375,3338.250
1785141207.119144917,15,299.875000,3380.750
1785141207.119144917,15,301.515625,3437.500
1785141207.119144917,15,303.171875,3504.500
1785141207.119144917,15,304.812500,3573.500
1785141207.119144917,15,306.468750,3652.250
1785141207.119144917,15,344.343750,9447.750
1785141207.119144917,15,346.000000,9409.750
1785141207.119144917,15,347.625000,9349.000
1785141207.119144917,15,349.281250,9316.500
1785141207.229533911,15,357.593750,7066.250
1785141207.229533911,15,359.250000,6999.500
1785141207.229533911,15,0.890625,6968.000
1785141207.229533911,15,2.546875,6981.250
1785141207.229533911,15,5.843750,6648.500
1785141207.229533911,15,7.515625,6717.000
1785141207.229533911,15,10.734375,8814.000
1785141207.229533911,9,12.375000,8819.000
1785141207.229533911,8,14.015625,8823.500
1785141207.229533911,7,15.671875,8890.500
1785141207.229533911,15,45.328125,107.750
1785141207.229533911,15,164.203125,10307.750
1785141207.229533911,15,165.859375,10175.000
1785141207.229533911,15,179.078125,10561.500
1785141207.229533911,8,199.015625,5514.750
1785141207.229533911,10,204.015625,4894.250
1785141207.229533911,10,205.687500,4753.750
1785141207.229533911,13,209.031250,4399.750
1785141207.229533911,15,212.343750,4147.500
1785141207.229533911,8,214.000000,4061.750
1785141207.229533911,15,215.671875,3975.250
1785141207.229533911,13,233.921875,3045.500
1785141207.229533911,9,235.578125,3065.000
1785141207.229533911,11,237.187500,3045.500
1785141207.229533911,15,238.859375,3022.750
1785141207.229533911,15,240.515625,2989.500
1785141207.229533911,15,242.156250,2949.250
1785141207.229533911,8,243.828125,2922.500
1785141207.229533911,7,245.468750,2902.000
1785141207.229533911,15,247.140625,2879.500
1785141207.229533911,15,248.781250,2866.000
1785141207.229533911,12,250.421875,2854.000
1785141207.229533911,9,257.046875,2809.000
1785141207.229533911,8,258.687500,2811.500
1785141207.229533911,15,260.328125,2814.500
1785141207.229533911,15,262.000000,2823.500
1785141207.229533911,15,263.640625,2833.000
1785141207.229533911,15,267.062500,2283.250
1785141207.229533911,13,271.875000,2842.750
1785141207.229533911,15,283.546875,2429.000
1785141207.229533911,15,286.796875,2563.250
1785141207.229533911,15,294.921875,3278.250
1785141207.229533911,15,296.593750,3291.000
1785141207.229533911,15,298.218750,3339.500
1785141207.229533911,15,299.953125,3381.500
1785141207.229533911,15,301.609375,3438.500
1785141207.229533911,15,303.234375,3506.000
1785141207.229533911,15,304.906250,3576.500
1785141207.229533911,15,306.562500,3660.250
1785141207.229533911,15,342.750000,9596.000
1785141207.229533911,14,344.406250,9487.000
1785141207.229533911,15,346.062500,9457.500
1785141207.229533911,15,347.703125,9356.750
1785141207.229533911,15,349.375000,9290.000
1785141207.340785980,15,357.687500,7031.750
1785141207.340785980,15,359.343750,6993.500
1785141207.340785980,15,1.000000,6962.000
1785141207.340785980,15,2.671875,6977.000
1785141207.340785980,15,5.984375,6726.500
1785141207.340785980,15,7.640625,6709.750
1785141207.340785980,15,10.859375,8807.500
1785141207.340785980,9,12.515625,8808.750
1785141207.340785980,9,14.171875,8810.750
1785141207.340785980,8,15.828125,8880.250
1785141207.340785980,15,46.218750,107.500
1785141207.340785980,15,164.390625,10273.750
1785141207.340785980,15,179.250000,10567.250
1785141207.340785980,7,195.859375,5985.750
1785141207.340785980,9,199.187500,5506.000
1785141207.340785980,13,204.140625,4887.500
1785141207.340785980,12,209.125000,4388.500
1785141207.340785980,15,212.437500,4144.000
1785141207.340785980,10,214.125000,4044.000
1785141207.340785980,15,215.750000,3950.500
1785141207.340785980,15,230.734375,2780.000
1785141207.340785980,15,233.968750,3045.250
1785141207.340785980,9,235.640625,3064.500
1785141207.340785980,10,237.296875,3045.500
1785141207.340785980,13,238.937500,3030.000
1785141207.340785980,15,240.593750,2997.000
1785141207.340785980,15,242.234375,2951.750
1785141207.340785980,7,243.921875,2923.750
1785141207.340785980,7,245.531250,2901.750
1785141207.340785980,15,247.187500,2881.250
1785141207.340785980,15,248.843750,2866.000
1785141207.340785980,8,257.156250,2817.500
1785141207.340785980,8,258.796875,2811.250
1785141207.340785980,15,260.437500,2813.250
1785141207.340785980,15,262.093750,2823.500
1785141207.340785980,15,267.171875,2279.500
1785141207.340785980,10,272.000000,2844.000
1785141207.340785980,15,283.640625,2426.750
1785141207.340785980,12,286.890625,2585.750
1785141207.340785980,15,295.046875,3279.250
1785141207.340785980,15,296.703125,3297.250
1785141207.340785980,15,298.312500,3343.250
1785141207.340785980,15,300.031250,3388.250
1785141207.340785980,15,301.703125,3446.000
1785141207.340785980,15,303.343750,3502.250
1785141207.340785980,15,305.000000,3570.750
1785141207.340785980,15,306.625000,3659.250
1785141207.340785980,15,342.828125,9591.250
1785141207.340785980,14,344.500000,9493.000
1785141207.340785980,15,346.156250,9454.250
1785141207.340785980,15,347.781250,9360.750
1785141207.340785980,15,349.437500,9289.750
1785141207.452402830,15,357.781250,7023.500
1785141207.452402830,15,359.437500,6996.750
1785141207.452402830,15,1.093750,6975.500
1785141207.452402830,15,2.734375,6982.500
1785141207.452402830,15,6.062500,6699.250
1785141207.452402830,15,7.718750,6675.250
1785141207.452402830,15,10.953125,8818.500
1785141207.452402830,10,12.593750,8829.000
1785141207.452402830,8,14.250000,8817.000
1785141207.452402830,15,46.265625,107.250
1785141207.452402830,15,164.453125,10321.000
1785141207.452402830,15,179.375000,10633.500
1785141207.452402830,8,194.375000,6113.750
1785141207.452402830,10,209.281250,4378.250
1785141207.452402830,15,212.593750,4129.000
1785141207.452402830,10,214.250000,4034.500
1785141207.452402830,15,215.906250,3948.750
1785141207.452402830,13,217.578125,3866.000
1785141207.452402830,11,232.484375,2972.750
1785141207.452402830,11,234.109375,3040.250
1785141207.452402830,10,235.765625,3065.000
1785141207.452402830,9,237.437500,3045.250
1785141207.452402830,14,239.078125,3024.500
1785141207.452402830,15,240.718750,2990.500
1785141207.452402830,7,242.375000,2944.250
1785141207.452402830,7,244.046875,2913.000
1785141207.452402830,7,245.687500,2897.000
1785141207.452402830,15,247.359375,2878.750
1785141207.452402830,15,248.968750,2863.750
1785141207.452402830,8,257.265625,2815.000
1785141207.452402830,8,258.921875,2810.000
1785141207.452402830,8,260.562500,2810.000
1785141207.452402830,15,262.203125,2821.000
1785141207.452402830,15,267.265625,2280.250
1785141207.452402830,11,270.453125,2828.000
1785141207.452402830,11,272.078125,2848.750
1785141207.452402830,15,283.703125,2415.500
1785141207.452402830,15,295.109375,3267.500
1785141207.452402830,15,296.750000,3297.500
1785141207.452402830,15,298.453125,3343.500
1785141207.452402830,15,300.109375,3389.250
1785141207.452402830,15,301.734375,3446.750
1785141207.452402830,15,303.390625,3502.250
1785141207.452402830,15,305.046875,3572.750
1785141207.452402830,15,306.671875,3658.750
1785141207.452402830,15,342.828125,9597.500
1785141207.452402830,15,344.500000,9486.500
1785141207.452402830,15,346.203125,9442.750
1785141207.452402830,15,347.843750,9349.500
1785141207.452402830,15,349.515625,9276.250
1785141207.563967943,15,357.843750,7022.500
1785141207.563967943,15,359.500000,6996.000
1785141207.563967943,15,1.156250,6972.500
1785141207.563967943,15,2.796875,6983.500
1785141207.563967943,15,6.125000,6719.250
1785141207.563967943,15,7.796875,6691.750
1785141207.563967943,15,10.968750,8820.500
1785141207.563967943,10,12.625000,8831.500
1785141207.563967943,8,14.265625,8819.500
1785141207.563967943,15,46.296875,107.500
1785141207.563967943,15,164.484375,10332.250
1785141207.563967943,15,177.718750,10445.250
1785141207.563967943,15,179.390625,10606.250
1785141207.563967943,8,209.296875,4378.750
1785141207.563967943,15,212.609375,4131.500
1785141207.563967943,9,214.281250,4038.000
1785141207.563967943,15,215.953125,3940.000
1785141207.563967943,11,217.593750,3856.500
1785141207.563967943,15,230.890625,3018.000
1785141207.563967943,8,232.546875,2997.250
1785141207.563967943,10,234.156250,3041.000
1785141207.563967943,11,235.843750,3064.000
1785141207.563967943,10,237.500000,3042.500
1785141207.563967943,13,239.109375,3023.750
1785141207.563967943,15,240.796875,2991.250
1785141207.563967943,15,242.453125,2946.500
1785141207.563967943,7,244.093750,2914.000
1785141207.563967943,15,245.750000,2894.500
1785141207.563967943,15,247.390625,2878.000
1785141207.563967943,15,249.046875,2865.500
1785141207.563967943,15,257.343750,2815.000
1785141207.563967943,9,259.000000,2810.000
1785141207.563967943,15,260.640625,2811.750
1785141207.563967943,15,262.281250,2822.750
1785141207.563967943,15,267.375000,2282.000
1785141207.563967943,12,270.531250,2828.500
1785141207.563967943,12,272.171875,2850.000
1785141207.563967943,9,275.390625,2884.250
1785141207.563967943,15,283.718750,2414.000
1785141207.563967943,15,295.125000,3268.250
1785141207.563967943,15,296.750000,3297.750
1785141207.563967943,15,298.484375,3343.750
1785141207.563967943,15,300.125000,3390.000
1785141207.563967943,15,301.765625,3447.500
1785141207.563967943,15,303.390625,3502.500
1785141207.563967943,15,305.046875,3574.750
1785141207.563967943,15,306.687500,3661.000
1785141207.563967943,15,339.687500,6125.250
1785141207.563967943,15,342.921875,9648.000
1785141207.563967943,15,344.578125,9530.500
1785141207.563967943,15,346.234375,9428.750
1785141207.563967943,15,347.890625,9341.500
1785141207.563967943,15,349.562500,9273.500
1785141207.675620079,15,357.875000,7021.500
1785141207.675620079,15,359.531250,6997.500
1785141207.675620079,15,1.203125,7004.000
1785141207.675620079,15,2.843750,7024.750
1785141207.675620079,15,6.156250,6714.500
1785141207.675620079,15,7.828125,6689.500
1785141207.675620079,15,10.984375,8820.750
1785141207.675620079,10,12.625000,8841.250
1785141207.675620079,10,14.281250,8830.250
1785141207.675620079,15,46.765625,107.500
1785141207.675620079,15,164.468750,10326.500
1785141207.675620079,9,174.390625,10208.000
1785141207.675620079,15,179.312500,10565.250
1785141207.675620079,15,204.218750,4861.250
1785141207.675620079,13,205.875000,4724.000
1785141207.675620079,12,209.218750,4390.000
1785141207.675620079,15,212.515625,4135.250
1785141207.675620079,11,214.171875,4038.750
1785141207.675620079,15,215.843750,3950.250
1785141207.675620079,15,217.515625,3872.000
1785141207.675620079,15,230.843750,3017.250
1785141207.675620079,11,232.484375,2997.000
1785141207.675620079,10,234.140625,3040.750
1785141207.675620079,9,235.796875,3064.750
1785141207.675620079,9,237.453125,3045.250
1785141207.675620079,13,239.093750,3024.750
1785141207.675620079,15,240.781250,2991.250
1785141207.675620079,6,242.406250,2947.500
1785141207.675620079,6,244.062500,2915.250
1785141207.675620079,6,245.734375,2897.000
1785141207.675620079,15,247.390625,2880.500
1785141207.675620079,15,249.046875,2866.250
1785141207.675620079,15,257.312500,2814.000
1785141207.675620079,9,258.968750,2809.000
1785141207.675620079,8,260.625000,2810.500
1785141207.675620079,15,262.250000,2821.250
1785141207.675620079,15,267.312500,2282.500
1785141207.675620079,11,270.531250,2828.000
1785141207.675620079,11,272.156250,2850.750
1785141207.675620079,8,275.390625,2901.250
1785141207.675620079,10,278.671875,2981.000
1785141207.675620079,15,283.750000,2413.500
1785141207.675620079,15,295.140625,3269.500
1785141207.675620079,15,296.765625,3298.250
1785141207.675620079,15,298.468750,3344.000
1785141207.675620079,15,300.140625,3390.750
1785141207.675620079,15,301.765625,3447.750
1785141207.675620079,15,303.406250,3502.250
1785141207.675620079,15,305.062500,3579.750
1785141207.675620079,15,306.703125,3666.250
1785141207.675620079,15,342.906250,9644.000
1785141207.675620079,15,344.546875,9527.250
1785141207.675620079,15,346.203125,9432.500
1785141207.675620079,15,347.843750,9346.000
1785141207.675620079,15,349.500000,9274.500
1785141207.786446095,15,357.812500,7023.500
1785141207.786446095,15,359.484375,7001.500
1785141207.786446095,15,1.140625,6969.500
1785141207.786446095,15,2.781250,6982.250
1785141207.786446095,15,6.093750,6711.250
1785141207.786446095,15,7.750000,6688.000
1785141207.786446095,15,10.953125,8818.250
1785141207.786446095,10,12.593750,8844.250
1785141207.786446095,8,14.250000,8836.000
1785141207.786446095,15,45.921875,107.500
1785141207.786446095,15,164.468750,10329.500
1785141207.786446095,15,179.312500,10622.250
1785141207.786446095,14,204.218750,4861.500
1785141207.786446095,13,205.875000,4725.750
1785141207.786446095,10,209.218750,4393.250
1785141207.786446095,15,212.515625,4136.500
1785141207.786446095,11,214.171875,4038.250
1785141207.786446095,15,215.828125,3949.250
1785141207.786446095,15,217.500000,3871.500
1785141207.786446095,11,232.484375,2974.000
1785141207.786446095,10,234.125000,3040.250
1785141207.786446095,10,235.781250,3065.500
1785141207.786446095,9,237.437500,3046.000
1785141207.786446095,15,239.093750,3025.250
1785141207.786446095,15,240.765625,2991.750
1785141207.786446095,15,242.421875,2948.750
1785141207.786446095,8,244.062500,2917.000
1785141207.786446095,6,245.718750,2898.000
1785141207.786446095,14,247.375000,2879.750
1785141207.786446095,15,249.046875,2865.000
1785141207.786446095,8,257.296875,2811.000
1785141207.786446095,9,258.953125,2805.750
1785141207.786446095,7,260.609375,2806.750
1785141207.786446095,15,262.218750,2818.250
1785141207.786446095,15,267.296875,2278.250
1785141207.786446095,10,270.484375,2829.000
1785141207.786446095,10,272.125000,2852.000
1785141207.786446095,15,282.078125,2453.000
1785141207.786446095,15,283.734375,2413.000
1785141207.786446095,15,295.093750,3269.250
1785141207.786446095,15,296.765625,3299.000
1785141207.786446095,15,298.531250,3345.250
1785141207.786446095,15,300.171875,3392.000
1785141207.786446095,15,301.796875,3449.250
1785141207.786446095,15,303.437500,3509.500
1785141207.786446095,15,305.093750,3586.500
1785141207.786446095,15,306.765625,3667.500
1785141207.786446095,15,339.734375,6125.750
1785141207.786446095,14,342.968750,9585.500
1785141207.786446095,15,344.625000,9456.500
1785141207.786446095,15,346.234375,9407.750
1785141207.786446095,15,347.890625,9342.750
1785141207.786446095,15,349.531250,9278.250
1785141207.898362875,15,357.859375,7022.500
1785141207.898362875,15,359.500000,6998.750
1785141207.898362875,15,1.171875,6996.500
1785141207.898362875,15,2.828125,7005.750
1785141207.898362875,15,6.125000,6708.000
1785141207.898362875,15,7.781250,6686.750
1785141207.898362875,15,10.984375,8819.250
1785141207.898362875,10,12.625000,8850.750
1785141207.898362875,9,14.281250,8841.000
1785141207.898362875,15,46.875000,107.500
1785141207.898362875,15,164.515625,10337.750
1785141207.898362875,7,172.765625,10246.000
1785141207.898362875,15,179.390625,10602.500
1785141207.898362875,11,204.312500,4862.000
1785141207.898362875,8,209.296875,4378.250
1785141207.898362875,11,212.609375,4132.250
1785141207.898362875,11,214.281250,4035.000
1785141207.898362875,15,215.953125,3939.750
1785141207.898362875,13,217.578125,3859.500
1785141207.898362875,15,230.890625,3021.500
1785141207.898362875,9,234.203125,3039.500
1785141207.898362875,11,235.843750,3067.000
1785141207.898362875,8,237.500000,3043.500
1785141207.898362875,15,239.156250,3023.750
1785141207.898362875,15,240.812500,2991.750
1785141207.898362875,15,242.453125,2950.250
1785141207.898362875,7,244.109375,2919.500
1785141207.898362875,7,245.765625,2897.500
1785141207.898362875,15,247.421875,2878.250
1785141207.898362875,15,249.078125,2865.500
1785141207.898362875,15,257.312500,2815.500
1785141207.898362875,9,258.984375,2809.000
1785141207.898362875,9,260.625000,2808.250
1785141207.898362875,15,262.265625,2818.750
1785141207.898362875,15,267.328125,2281.250
1785141207.898362875,10,270.515625,2829.250
1785141207.898362875,11,272.140625,2852.250
1785141207.898362875,11,275.421875,2889.000
1785141207.898362875,15,282.109375,2451.500
1785141207.898362875,15,283.781250,2411.000
1785141207.898362875,15,295.156250,3270.000
1785141207.898362875,15,296.781250,3300.000
1785141207.898362875,15,298.562500,3345.250
1785141207.898362875,15,300.203125,3391.750
1785141207.898362875,15,301.859375,3453.500
1785141207.898362875,15,303.500000,3513.750
1785141207.898362875,15,305.171875,3587.000
1785141207.898362875,15,306.812500,3667.500
1785141207.898362875,15,339.765625,6121.500
1785141207.898362875,15,342.984375,9546.750
1785141207.898362875,15,344.656250,9457.000
1785141207.898362875,15,346.281250,9408.000
1785141207.898362875,15,347.937500,9344.000
1785141207.898362875,15,349.578125,9278.250
1785141208.008712053,15,357.906250,7022.000
1785141208.008712053,15,359.562500,6993.000
1785141208.008712053,15,1.218750,7004.500
1785141208.008712053,15,2.859375,7024.750
1785141208.008712053,15,6.171875,6709.500
1785141208.008712053,15,7.843750,6685.500
1785141208.008712053,15,11.031250,8826.000
1785141208.008712053,10,12.671875,8858.750
1785141208.008712053,15,46.890625,107.250
1785141208.008712053,15,164.500000,10333.750
1785141208.008712053,15,177.703125,10457.250
1785141208.008712053,15,179.375000,10604.750
1785141208.008712053,11,204.312500,4862.750
1785141208.008712053,8,209.296875,4380.000
1785141208.008712053,15,212.625000,4131.500
1785141208.008712053,9,214.296875,4035.000
1785141208.008712053,15,215.968750,3940.500
1785141208.008712053,12,217.609375,3860.500
1785141208.008712053,15,230.906250,3021.500
1785141208.008712053,9,232.515625,3001.000
1785141208.008712053,11,234.171875,3043.750
1785141208.008712053,10,235.843750,3067.000
1785141208.008712053,8,237.484375,3043.250
1785141208.008712053,13,239.140625,3023.500
1785141208.008712053,15,240.796875,2991.250
1785141208.008712053,5,242.484375,2949.500
1785141208.008712053,7,244.093750,2918.500
1785141208.008712053,6,245.765625,2897.750
1785141208.008712053,15,247.421875,2878.750
1785141208.008712053,15,249.062500,2866.250
1785141208.008712053,15,257.343750,2815.250
1785141208.008712053,15,258.984375,2810.500
1785141208.008712053,8,260.640625,2809.500
1785141208.008712053,7,262.296875,2817.750
1785141208.008712053,15,267.359375,2282.250
1785141208.008712053,11,270.515625,2828.250
1785141208.008712053,14,272.156250,2851.250
1785141208.008712053,13,275.453125,2887.250
1785141208.008712053,15,282.125000,2440.750
1785141208.008712053,15,283.796875,2410.250
1785141208.008712053,15,295.156250,3269.250
1785141208.008712053,15,296.812500,3299.750
1785141208.008712053,15,298.546875,3345.000
1785141208.008712053,15,300.203125,3391.000
1785141208.008712053,15,301.843750,3452.750
1785141208.008712053,15,303.500000,3512.500
1785141208.008712053,15,305.156250,3587.250
1785141208.008712053,15,306.796875,3668.250
1785141208.008712053,15,339.750000,6119.500
1785141208.008712053,15,342.984375,9551.500
1785141208.008712053,15,344.640625,9459.500
1785141208.008712053,15,346.281250,9408.250
1785141208.008712053,15,347.921875,9343.250
1785141208.008712053,15,349.593750,9275.500
1785141208.123621225,15,357.906250,7021.500
1785141208.123621225,15,359.562500,6990.750
1785141208.123621225,15,1.234375,7006.500
1785141208.123621225,15,2.890625,7027.750
1785141208.123621225,15,6.218750,6714.500
1785141208.123621225,15,7.859375,6688.750
1785141208.123621225,15,11.093750,8848.000
1785141208.123621225,8,12.734375,8854.250
1785141208.123621225,15,46.156250,107.000
1785141208.123621225,15,164.484375,10341.750
1785141208.123621225,8,174.390625,10217.000
1785141208.123621225,15,179.390625,10618.000
1785141208.123621225,12,204.312500,4862.000
1785141208.123621225,8,209.296875,4378.250
1785141208.123621225,15,212.609375,4132.000
1785141208.123621225,11,214.265625,4035.250
1785141208.123621225,15,215.937500,3940.750
1785141208.123621225,15,217.593750,3862.500
1785141208.123621225,15,230.875000,3019.500
1785141208.123621225,8,232.515625,3001.000
1785141208.123621225,10,234.156250,3044.750
1785141208.123621225,11,235.796875,3068.250
1785141208.123621225,9,237.437500,3044.750
1785141208.123621225,13,239.109375,3024.250
1785141208.123621225,15,240.750000,2992.250
1785141208.123621225,15,242.406250,2951.500
1785141208.123621225,7,244.093750,2919.500
1785141208.123621225,6,245.734375,2899.000
1785141208.123621225,15,247.390625,2879.750
1785141208.123621225,15,249.015625,2865.500
1785141208.123621225,15,257.343750,2815.000
1785141208.123621225,15,258.984375,2811.500
1785141208.123621225,9,260.625000,2810.250
1785141208.123621225,15,262.281250,2816.750
1785141208.123621225,15,267.328125,2282.750
1785141208.123621225,10,270.531250,2828.000
1785141208.123621225,13,272.171875,2851.000
1785141208.123621225,12,275.437500,2895.750
1785141208.123621225,10,278.734375,2976.250
1785141208.123621225,15,282.140625,2409.000
1785141208.123621225,15,283.812500,2407.500
1785141208.123621225,15,295.187500,3272.000
1785141208.123621225,15,296.859375,3299.000
1785141208.123621225,15,298.562500,3340.750
1785141208.123621225,15,300.234375,3392.250
1785141208.123621225,15,301.859375,3453.750
1785141208.123621225,15,303.500000,3513.750
1785141208.123621225,15,305.140625,3589.250
1785141208.123621225,15,306.796875,3670.500
1785141208.123621225,15,339.750000,6118.000
1785141208.123621225,15,342.968750,9549.500
1785141208.123621225,15,344.640625,9454.500
1785141208.123621225,15,346.296875,9407.750
1785141208.123621225,15,347.968750,9342.500
1785141208.123621225,15,349.625000,9270.750
1785141208.235806942,15,357.968750,7022.250
1785141208.235806942,15,359.609375,6986.500
1785141208.235806942,15,1.265625,7004.250
1785141208.235806942,15,2.921875,7027.750
1785141208.235806942,15,6.250000,6716.500
1785141208.235806942,15,7.890625,6694.750
1785141208.235806942,15,11.109375,8846.250
1785141208.235806942,8,12.765625,8856.000
1785141208.235806942,15,46.296875,107.000
1785141208.235806942,15,164.546875,10344.500
1785141208.235806942,15,177.781250,10453.500
1785141208.235806942,15,179.453125,10558.750
1785141208.235806942,13,206.000000,4702.500
1785141208.235806942,8,209.343750,4379.250
1785141208.235806942,15,212.656250,4129.750
1785141208.235806942,14,214.312500,4032.000
1785141208.235806942,15,215.968750,3938.250
1785141208.235806942,9,217.640625,3859.500
1785141208.235806942,15,230.953125,3018.500
1785141208.235806942,7,232.593750,2999.250
1785141208.235806942,8,234.234375,3048.000
1785141208.235806942,11,235.890625,3073.750
1785141208.235806942,7,237.531250,3044.750
1785141208.235806942,15,239.187500,3024.000
1785141208.235806942,15,240.859375,2991.500
1785141208.235806942,6,242.484375,2950.750
1785141208.235806942,7,244.140625,2915.500
1785141208.235806942,6,245.796875,2894.750
1785141208.235806942,9,247.468750,2881.250
1785141208.235806942,15,249.093750,2868.000
1785141208.235806942,7,257.406250,2814.500
1785141208.235806942,15,259.078125,2811.500
1785141208.235806942,8,260.703125,2811.500
1785141208.235806942,15,262.343750,2819.750
1785141208.235806942,15,265.765625,2280.250
1785141208.235806942,15,267.437500,2280.750
1785141208.235806942,13,272.250000,2838.500
1785141208.235806942,0,273.906250,2874.000
1785141208.235806942,8,275.500000,2910.500
1785141208.235806942,15,282.234375,2357.250
1785141208.235806942,15,283.875000,2369.750
1785141208.235806942,15,295.281250,3259.500
1785141208.235806942,15,296.906250,3298.250
1785141208.235806942,15,298.640625,3337.500
1785141208.235806942,15,300.281250,3387.000
1785141208.235806942,15,301.921875,3451.500
1785141208.235806942,15,303.578125,3514.500
1785141208.235806942,15,305.203125,3589.000
1785141208.235806942,15,306.859375,3673.250
1785141208.235806942,15,339.843750,6105.750
1785141208.235806942,15,343.078125,9543.250
1785141208.235806942,15,344.734375,9452.750
1785141208.235806942,15,346.390625,9411.250
1785141208.235806942,15,348.046875,9352.750
1785141208.235806942,15,349.703125,9269.500
1785141208.347128153,15,358.046875,7035.250
1785141208.347128153,15,359.703125,6993.750
1785141208.347128153,15,1.343750,7001.250
1785141208.347128153,15,3.015625,7033.250
1785141208.347128153,15,6.328125,6730.250
1785141208.347128153,15,7.984375,6700.500
1785141208.347128153,15,11.156250,8848.000
1785141208.347128153,9,12.812500,8850.500
1785141208.347128153,15,46.250000,107.000
1785141208.347128153,15,162.984375,10373.000
1785141208.347128153,15,164.640625,10285.000
1785141208.347128153,15,177.843750,10425.750
1785141208.347128153,15,179.515625,10551.250
1785141208.347128153,8,194.468750,6169.000
1785141208.347128153,15,212.703125,4121.000
1785141208.347128153,11,214.375000,4036.000
1785141208.347128153,15,216.015625,3937.250
1785141208.347128153,10,217.687500,3856.250
1785141208.347128153,15,230.984375,3020.250
1785141208.347128153,10,234.281250,3045.500
1785141208.347128153,12,235.937500,3072.500
1785141208.347128153,8,237.578125,3044.000
1785141208.347128153,13,239.250000,3023.000
1785141208.347128153,15,240.875000,2988.000
1785141208.347128153,7,242.562500,2941.000
1785141208.347128153,5,244.203125,2910.750
1785141208.347128153,7,245.859375,2897.500
1785141208.347128153,15,247.500000,2882.750
1785141208.347128153,15,249.171875,2868.750
1785141208.347128153,10,252.625000,2372.500
1785141208.347128153,8,257.500000,2816.750
1785141208.347128153,15,259.156250,2811.000
1785141208.347128153,15,260.781250,2817.500
1785141208.347128153,15,262.437500,2827.500
1785141208.347128153,15,265.890625,2280.250
1785141208.347128153,13,272.375000,2845.250
1785141208.347128153,12,275.578125,2895.000
1785141208.347128153,15,280.671875,2320.250
1785141208.347128153,15,282.281250,2332.500
1785141208.347128153,15,283.937500,2344.500
1785141208.347128153,15,295.312500,3260.000
1785141208.347128153,15,296.984375,3298.000
1785141208.347128153,15,298.671875,3337.000
1785141208.347128153,15,300.343750,3385.750
1785141208.347128153,15,301.984375,3448.750
1785141208.347128153,15,303.625000,3518.500
1785141208.347128153,15,305.281250,3595.750
1785141208.347128153,15,339.937500,6095.750
1785141208.347128153,14,343.156250,9467.750
1785141208.347128153,15,344.812500,9442.000
1785141208.347128153,15,346.453125,9420.250
1785141208.347128153,15,348.093750,9348.250
1785141208.347128153,15,349.765625,9263.750
1785141208.457475185,15,356.437500,7064.750
1785141208.457475185,15,358.093750,7028.000
1785141208.457475185,15,359.765625,6990.000
1785141208.457475185,15,1.406250,6991.500
1785141208.457475185,15,3.062500,7030.500
1785141208.457475185,15,6.390625,6728.500
1785141208.457475185,15,8.046875,6722.000
1785141208.457475185,15,11.218750,8855.500
1785141208.457475185,10,12.859375,8848.000
1785141208.457475185,15,45.468750,106.750
1785141208.457475185,10,163.093750,10219.000
1785141208.457475185,15,164.734375,10216.000
1785141208.457475185,15,177.968750,10469.500
1785141208.457475185,15,179.593750,10634.500
1785141208.457475185,7,192.875000,6185.750
1785141208.457475185,8,194.531250,6113.500
1785141208.457475185,7,209.453125,4367.750
1785141208.457475185,15,212.750000,4121.750
1785141208.457475185,9,214.421875,4035.000
1785141208.457475185,15,216.062500,3935.000
1785141208.457475185,11,217.734375,3841.750
1785141208.457475185,15,231.078125,3020.750
1785141208.457475185,10,234.359375,3046.000
1785141208.457475185,9,236.015625,3068.750
1785141208.457475185,9,237.687500,3037.000
1785141208.457475185,12,239.328125,3016.500
1785141208.457475185,15,241.000000,2984.750
1785141208.457475185,7,242.625000,2941.750
1785141208.457475185,6,244.312500,2912.250
1785141208.457475185,9,245.953125,2893.500
1785141208.457475185,9,247.609375,2882.250
1785141208.457475185,15,249.281250,2870.750
1785141208.457475185,8,257.531250,2814.500
1785141208.457475185,10,259.187500,2811.000
1785141208.457475185,10,260.843750,2815.500
1785141208.457475185,15,262.453125,2824.250
1785141208.457475185,15,265.906250,2286.750
1785141208.457475185,15,272.390625,2844.750
1785141208.457475185,15,282.359375,2315.250
1785141208.457475185,15,283.968750,2341.000
1785141208.457475185,15,295.312500,3261.000
1785141208.457475185,15,296.968750,3296.750
1785141208.457475185,15,298.703125,3336.750
1785141208.457475185,15,300.375000,3386.500
1785141208.457475185,15,302.000000,3448.750
1785141208.457475185,15,303.656250,3518.000
1785141208.457475185,15,305.281250,3595.250
1785141208.457475185,15,339.968750,6093.750
1785141208.457475185,15,343.203125,9477.500
1785141208.457475185,15,344.859375,9445.500
1785141208.457475185,15,346.484375,9422.250
1785141208.457475185,15,348.125000,9345.500
1785141208.457475185,15,349.781250,9264.000
1785141208.569622040,15,356.453125,7057.250
1785141208.569622040,15,358.109375,7021.750
1785141208.569622040,15,359.765625,6980.500
1785141208.569622040,15,1.406250,6979.750
1785141208.569622040,15,3.062500,7032.250
1785141208.569622040,15,6.390625,6728.750
1785141208.569622040,15,8.046875,6710.000
1785141208.569622040,15,11.234375,8850.000
1785141208.569622040,8,12.890625,8850.500
1785141208.569622040,8,14.546875,8859.750
1785141208.569622040,15,46.171875,106.750
1785141208.569622040,15,164.828125,10310.000
1785141208.569622040,15,178.046875,10399.750
1785141208.569622040,15,179.671875,10543.000
1785141208.569622040,8,192.984375,6181.000
1785141208.569622040,8,194.640625,6111.000
1785141208.569622040,11,202.921875,5044.000
1785141208.569622040,9,209.546875,4368.750
1785141208.569622040,13,212.875000,4120.250
1785141208.569622040,15,216.203125,3915.250
1785141208.569622040,15,231.140625,3033.250
1785141208.569622040,9,234.421875,3056.000
1785141208.569622040,9,236.093750,3066.250
1785141208.569622040,9,237.734375,3037.000
1785141208.569622040,10,239.375000,3017.500
1785141208.569622040,8,241.046875,2982.500
1785141208.569622040,7,242.687500,2936.250
1785141208.569622040,7,244.343750,2905.500
1785141208.569622040,14,246.000000,2889.750
1785141208.569622040,15,247.671875,2881.250
1785141208.569622040,15,249.312500,2868.500
1785141208.569622040,8,257.562500,2812.250
1785141208.569622040,9,259.203125,2809.250
1785141208.569622040,8,260.843750,2812.250
1785141208.569622040,15,262.484375,2821.750
1785141208.569622040,15,265.890625,2286.500
1785141208.569622040,7,270.734375,2832.750
1785141208.569622040,15,272.375000,2848.250
1785141208.569622040,15,280.718750,2304.250
1785141208.569622040,15,282.375000,2314.500
1785141208.569622040,15,283.984375,2330.000
1785141208.569622040,15,295.359375,3259.000
1785141208.569622040,15,297.015625,3302.500
1785141208.569622040,15,298.781250,3343.000
1785141208.569622040,15,300.421875,3390.750
1785141208.569622040,15,302.062500,3451.500
1785141208.569622040,15,303.718750,3516.250
1785141208.569622040,15,305.359375,3596.750
1785141208.569622040,15,340.000000,6085.750
1785141208.569622040,15,343.250000,9535.750
1785141208.569622040,15,344.875000,9441.000
1785141208.569622040,15,346.500000,9419.500
1785141208.569622040,15,348.156250,9347.000
1785141208.569622040,15,349.812500,9262.750
1785141208.681184053,15,356.484375,7052.250
1785141208.681184053,15,358.125000,7015.750
1785141208.681184053,15,359.781250,6983.000
1785141208.681184053,15,1.437500,6947.500
1785141208.681184053,15,3.078125,6997.750
1785141208.681184053,15,6.406250,6730.000
1785141208.681184053,15,8.062500,6729.250
1785141208.681184053,15,11.250000,8841.250
1785141208.681184053,9,12.906250,8842.250
1785141208.681184053,8,14.546875,8856.750
1785141208.681184053,15,46.500000,106.750
1785141208.681184053,13,163.031250,10298.000
1785141208.681184053,15,164.687500,10279.750
1785141208.681184053,15,177.906250,10416.750
1785141208.681184053,15,179.562500,10550.750
1785141208.681184053,8,194.500000,6177.250
1785141208.681184053,7,209.468750,4369.500
1785141208.681184053,15,212.781250,4122.250
1785141208.681184053,10,214.468750,4031.750
1785141208.681184053,15,216.109375,3926.000
1785141208.681184053,12,217.781250,3832.750
1785141208.681184053,15,231.046875,3021.250
1785141208.681184053,9,234.343750,3046.250
1785141208.681184053,8,236.000000,3074.500
1785141208.681184053,9,237.640625,3043.250
1785141208.681184053,15,239.312500,3018.000
1785141208.681184053,15,240.953125,2982.750
1785141208.681184053,7,242.609375,2940.750
1785141208.681184053,15,244.265625,2915.250
1785141208.681184053,7,245.921875,2900.250
1785141208.681184053,15,247.562500,2885.250
1785141208.681184053,15,249.203125,2868.250
1785141208.681184053,15,252.625000,2372.750
1785141208.681184053,15,257.468750,2812.750
1785141208.681184053,15,259.093750,2810.500
1785141208.681184053,15,260.734375,2814.250
1785141208.681184053,15,262.375000,2823.500
1785141208.681184053,15,265.781250,2279.250
1785141208.681184053,14,267.437500,2280.500
1785141208.681184053,11,272.250000,2842.250
1785141208.681184053,7,275.515625,2897.250
1785141208.681184053,10,278.812500,2979.750
1785141208.681184053,15,282.250000,2310.250
1785141208.681184053,15,283.890625,2329.750
1785141208.681184053,15,295.218750,3258.500
1785141208.681184053,15,296.890625,3297.750
1785141208.681184053,15,298.640625,3337.500
1785141208.681184053,15,300.281250,3385.500
1785141208.681184053,15,301.937500,3448.750
1785141208.681184053,15,303.578125,3513.000
1785141208.681184053,15,305.234375,3590.750
1785141208.681184053,15,306.875000,3678.250
1785141208.681184053,15,339.812500,6104.000
1785141208.681184053,15,343.046875,9527.500
1785141208.681184053,15,344.687500,9451.250
1785141208.681184053,15,346.328125,9418.250
1785141208.681184053,15,347.984375,9346.750
1785141208.681184053,15,349.640625,9270.000
1785141208.791883945,15,357.937500,7020.250
1785141208.791883945,15,359.609375,6984.500
1785141208.791883945,15,1.250000,7000.750
1785141208.791883945,15,2.906250,7023.750
1785141208.791883945,15,6.218750,6720.250
1785141208.791883945,15,7.859375,6688.000
1785141208.791883945,15,11.078125,8840.250
1785141208.791883945,9,12.734375,8848.000
1785141208.791883945,8,14.375000,8846.000
1785141208.791883945,15,46.109375,107.000
1785141208.791883945,15,164.515625,10361.500
1785141208.791883945,15,177.718750,10459.500
1785141208.791883945,15,179.406250,10565.750
1785141208.791883945,8,209.328125,4379.750
1785141208.791883945,12,212.656250,4125.750
1785141208.791883945,12,214.312500,4025.750
1785141208.791883945,15,215.984375,3932.750
1785141208.791883945,8,217.640625,3853.750
1785141208.791883945,15,230.906250,3021.000
1785141208.791883945,7,232.578125,3000.000
1785141208.791883945,8,234.218750,3047.750
1785141208.791883945,11,235.875000,3073.750
1785141208.791883945,8,237.531250,3044.500
1785141208.791883945,11,239.187500,3022.000
1785141208.791883945,9,240.843750,2987.250
1785141208.791883945,15,242.500000,2948.500
1785141208.791883945,6,244.140625,2920.500
1785141208.791883945,6,245.812500,2900.750
1785141208.791883945,15,247.468750,2884.000
1785141208.791883945,15,249.109375,2869.250
1785141208.791883945,8,257.375000,2813.750
1785141208.791883945,7,259.015625,2810.500
1785141208.791883945,15,260.671875,2812.500
1785141208.791883945,15,262.328125,2820.000
1785141208.791883945,15,267.406250,2281.000
1785141208.791883945,10,270.546875,2829.750
1785141208.791883945,15,272.218750,2850.250
1785141208.791883945,15,275.468750,2883.000
1785141208.791883945,15,282.187500,2302.250
1785141208.791883945,15,283.812500,2325.000
1785141208.791883945,15,295.187500,3268.500
1785141208.791883945,15,296.843750,3298.000
1785141208.791883945,15,298.546875,3342.750
1785141208.791883945,15,300.218750,3392.500
1785141208.791883945,15,301.859375,3453.000
1785141208.791883945,15,303.500000,3513.250
1785141208.791883945,15,305.125000,3590.000
1785141208.791883945,15,306.781250,3671.500
1785141208.791883945,15,339.687500,6114.250
1785141208.791883945,15,342.921875,9603.750
1785141208.791883945,15,344.562500,9515.000
1785141208.791883945,15,346.234375,9425.250
1785141208.791883945,15,347.890625,9345.000
1785141208.791883945,15,349.546875,9270.750
1785141208.903232098,15,357.875000,7017.000
1785141208.903232098,15,359.515625,6985.750
1785141208.903232098,15,1.187500,6999.000
1785141208.903232098,15,2.828125,7017.500
1785141208.903232098,15,6.156250,6720.000
1785141208.903232098,15,7.812500,6688.750
1785141208.903232098,15,11.031250,8834.750
1785141208.903232098,10,12.687500,8857.250
1785141208.903232098,15,45.578125,107.000
1785141208.903232098,15,164.453125,10310.250
1785141208.903232098,15,179.343750,10583.750
1785141208.903232098,9,199.281250,5505.500
1785141208.903232098,14,204.250000,4864.250
1785141208.903232098,13,205.890625,4728.250
1785141208.903232098,14,209.218750,4396.750
1785141208.903232098,14,212.531250,4131.750
1785141208.903232098,12,214.187500,4036.000
1785141208.903232098,15,215.843750,3951.500
1785141208.903232098,8,217.500000,3858.750
1785141208.903232098,13,234.078125,3041.750
1785141208.903232098,7,235.718750,3067.750
1785141208.903232098,9,237.375000,3045.500
1785141208.903232098,12,239.031250,3030.250
1785141208.903232098,9,240.671875,2995.500
1785141208.903232098,6,242.343750,2948.750
1785141208.903232098,6,243.968750,2919.500
1785141208.903232098,5,245.640625,2900.250
1785141208.903232098,15,247.265625,2880.750
1785141208.903232098,15,248.937500,2865.250
1785141208.903232098,8,257.218750,2810.500
1785141208.903232098,9,258.875000,2807.750
1785141208.903232098,9,260.515625,2811.000
1785141208.903232098,15,262.187500,2819.000
1785141208.903232098,15,267.234375,2280.500
1785141208.903232098,15,270.421875,2825.250
1785141208.903232098,15,272.046875,2847.750
1785141208.903232098,15,282.078125,2302.000
1785141208.903232098,15,283.687500,2343.500
1785141208.903232098,15,295.062500,3271.000
1785141208.903232098,15,296.703125,3299.500
1785141208.903232098,15,298.375000,3341.500
1785141208.903232098,15,300.046875,3389.250
1785141208.903232098,15,301.703125,3448.000
1785141208.903232098,15,303.343750,3504.500
1785141208.903232098,15,304.984375,3575.500
1785141208.903232098,15,306.625000,3661.750
1785141208.903232098,14,342.781250,9595.750
1785141208.903232098,15,344.406250,9465.250
1785141208.903232098,15,346.078125,9420.000
1785141208.903232098,15,347.703125,9344.000
1785141208.903232098,15,349.359375,9288.250
1785141209.014633894,15,357.687500,7035.750
1785141209.014633894,15,359.328125,6995.250
1785141209.014633894,15,0.984375,6963.500
1785141209.014633894,15,2.640625,6974.750
1785141209.014633894,15,5.953125,6728.500
1785141209.014633894,15,7.593750,6709.500
1785141209.014633894,15,10.812500,8819.000
1785141209.014633894,8,14.109375,8851.250
1785141209.014633894,15,45.453125,107.750
1785141209.014633894,15,164.203125,10295.000
1785141209.014633894,15,165.859375,10174.250
1785141209.014633894,15,179.109375,10566.500
1785141209.014633894,8,199.093750,5516.750
1785141209.014633894,15,202.343750,5074.000
1785141209.014633894,8,205.656250,4752.500
1785141209.014633894,12,208.968750,4402.250
1785141209.014633894,15,212.296875,4152.500
1785141209.014633894,11,213.953125,4076.000
1785141209.014633894,15,215.609375,3992.000
1785141209.014633894,10,233.875000,3044.000
1785141209.014633894,8,235.500000,3063.000
1785141209.014633894,10,237.140625,3045.000
1785141209.014633894,9,238.796875,3026.000
1785141209.014633894,15,240.453125,2992.500
1785141209.014633894,15,242.109375,2945.750
1785141209.014633894,8,243.765625,2917.000
1785141209.014633894,6,245.421875,2900.500
1785141209.014633894,8,247.093750,2882.000
1785141209.014633894,15,248.718750,2867.750
1785141209.014633894,15,250.359375,2853.500
1785141209.014633894,6,257.046875,2810.500
1785141209.014633894,9,258.687500,2810.500
1785141209.014633894,9,260.359375,2811.000
1785141209.014633894,8,262.000000,2806.250
1785141209.014633894,15,263.640625,2816.750
1785141209.014633894,15,267.046875,2283.750
1785141209.014633894,14,270.234375,2826.750
1785141209.014633894,14,271.890625,2850.000
1785141209.014633894,15,281.890625,2299.250
1785141209.014633894,15,283.500000,2335.000
1785141209.014633894,15,294.890625,3275.500
1785141209.014633894,15,296.531250,3288.250
1785141209.014633894,15,298.187500,3338.000
1785141209.014633894,15,299.906250,3380.250
1785141209.014633894,15,301.546875,3438.750
1785141209.014633894,15,303.187500,3507.000
1785141209.014633894,15,304.843750,3575.500
1785141209.014633894,15,306.468750,3653.500
1785141209.014633894,15,344.328125,9442.250
1785141209.014633894,15,346.000000,9396.250
1785141209.014633894,15,347.625000,9345.500
1785141209.014633894,15,349.296875,9291.500
1785141209.126487970,15,357.625000,7060.500
1785141209.126487970,15,359.281250,6995.500
1785141209.126487970,15,0.937500,6966.000
1785141209.126487970,15,2.578125,6980.000
1785141209.126487970,15,5.906250,6640.750
1785141209.126487970,15,7.562500,6707.000
1785141209.126487970,15,10.718750,8823.250
1785141209.126487970,9,12.375000,8821.500
1785141209.126487970,9,14.015625,8826.250
1785141209.126487970,7,15.671875,8889.500
1785141209.126487970,15,46.500000,108.000
1785141209.126487970,15,164.125000,10363.000
1785141209.126487970,15,165.781250,10273.500
1785141209.126487970,15,178.968750,10679.000
1785141209.126487970,13,202.234375,5076.750
1785141209.126487970,9,205.515625,4762.000
1785141209.126487970,15,212.156250,4156.500
1785141209.126487970,11,213.796875,4088.500
1785141209.126487970,15,215.468750,4007.250
1785141209.126487970,9,235.359375,3044.000
1785141209.126487970,12,237.046875,3052.000
1785141209.126487970,15,238.671875,3024.000
1785141209.126487970,15,240.343750,2991.000
1785141209.126487970,8,241.984375,2961.000
1785141209.126487970,7,243.640625,2938.500
1785141209.126487970,6,245.296875,2918.500
1785141209.126487970,7,246.953125,2903.000
1785141209.126487970,15,248.609375,2883.250
1785141209.126487970,15,250.250000,2866.500
1785141209.126487970,3,253.703125,2362.500
1785141209.126487970,15,256.906250,2821.250
1785141209.126487970,15,258.546875,2821.000
1785141209.126487970,15,260.203125,2824.750
1785141209.126487970,15,261.859375,2833.500
1785141209.126487970,15,263.500000,2837.500
1785141209.126487970,15,266.937500,2285.250
1785141209.126487970,15,281.718750,2301.000
1785141209.126487970,15,283.312500,2331.250
1785141209.126487970,15,294.687500,3276.250
1785141209.126487970,15,296.343750,3285.000
1785141209.126487970,15,298.000000,3335.500
1785141209.126487970,15,299.718750,3375.250
1785141209.126487970,15,301.359375,3436.500
1785141209.126487970,15,303.031250,3502.500
1785141209.126487970,15,304.656250,3570.250
1785141209.126487970,15,306.312500,3652.250
1785141209.126487970,15,344.250000,9478.500
1785141209.126487970,15,345.890625,9407.000
1785141209.126487970,15,347.531250,9350.250
1785141209.126487970,15,349.187500,9310.750
1785141209.237519979,15,357.531250,7064.000
1785141209.237519979,15,359.171875,6987.250
1785141209.237519979,15,0.843750,6941.250
1785141209.237519979,15,2.484375,6966.250
1785141209.237519979,15,7.468750,6738.500
1785141209.237519979,15,10.640625,8821.250
1785141209.237519979,11,12.281250,8846.000
1785141209.237519979,11,13.921875,8809.750
1785141209.237519979,15,45.796875,108.000
1785141209.237519979,15,164.062500,10392.750
1785141209.237519979,15,165.718750,10272.500
1785141209.237519979,15,178.937500,10680.750
1785141209.237519979,11,198.890625,5535.750
1785141209.237519979,14,202.203125,5079.250
1785141209.237519979,9,205.468750,4763.000
1785141209.237519979,15,210.453125,4286.250
1785141209.237519979,15,212.125000,4163.750
1785141209.237519979,11,213.750000,4087.000
1785141209.237519979,8,235.375000,3044.250
1785141209.237519979,9,237.046875,3052.250
1785141209.237519979,12,238.671875,3026.250
1785141209.237519979,15,240.343750,2993.500
1785141209.237519979,6,242.015625,2959.000
1785141209.237519979,9,243.640625,2934.750
1785141209.237519979,6,245.312500,2915.500
1785141209.237519979,7,246.968750,2901.000
1785141209.237519979,15,248.625000,2882.250
1785141209.237519979,15,250.281250,2859.000
1785141209.237519979,5,253.671875,2364.250
1785141209.237519979,8,256.906250,2818.500
1785141209.237519979,8,258.562500,2818.000
1785141209.237519979,15,260.187500,2822.750
1785141209.237519979,15,261.843750,2831.500
1785141209.237519979,15,263.500000,2834.500
1785141209.237519979,15,266.937500,2286.000
1785141209.237519979,8,270.093750,2837.500
1785141209.237519979,15,271.750000,2846.000
1785141209.237519979,15,281.718750,2300.500
1785141209.237519979,15,283.359375,2329.000
1785141209.237519979,15,294.718750,3262.000
1785141209.237519979,15,296.343750,3284.750
1785141209.237519979,15,298.000000,3335.500
1785141209.237519979,15,299.765625,3374.750
1785141209.237519979,15,301.406250,3435.000
1785141209.237519979,15,303.031250,3501.500
1785141209.237519979,15,304.703125,3568.500
1785141209.237519979,15,306.328125,3648.500
1785141209.237519979,15,344.250000,9490.500
1785141209.237519979,15,345.906250,9415.000
1785141209.237519979,15,347.515625,9356.000
1785141209.237519979,15,349.171875,9309.250
1785141209.349261999,15,357.484375,7065.250
1785141209.349261999,15,359.156250,6990.750
1785141209.349261999,15,0.812500,6944.250
1785141209.349261999,15,2.453125,6969.500
1785141209.349261999,15,5.781250,6724.500
1785141209.349261999,15,7.437500,6732.250
1785141209.349261999,15,10.625000,8819.000
1785141209.349261999,11,12.281250,8847.750
1785141209.349261999,10,13.921875,8811.500
1785141209.349261999,8,15.593750,8847.250
1785141209.349261999,15,45.875000,108.250
1785141209.349261999,15,164.125000,10360.750
1785141209.349261999,15,165.765625,10262.750
1785141209.349261999,15,178.968750,10684.000
1785141209.349261999,15,202.250000,5079.250
1785141209.349261999,9,205.531250,4763.000
1785141209.349261999,15,212.203125,4155.750
1785141209.349261999,7,213.843750,4068.750
1785141209.349261999,15,215.500000,3983.250
1785141209.349261999,15,233.781250,3053.250
1785141209.349261999,9,235.468750,3078.000
1785141209.349261999,8,237.140625,3051.500
1785141209.349261999,11,238.781250,3028.000
1785141209.349261999,15,240.437500,2996.000
1785141209.349261999,5,242.109375,2958.500
1785141209.349261999,7,243.750000,2931.000
1785141209.349261999,6,245.421875,2903.750
1785141209.349261999,15,247.062500,2882.750
1785141209.349261999,15,248.703125,2868.000
1785141209.349261999,15,250.375000,2852.500
1785141209.349261999,4,253.750000,2365.250
1785141209.349261999,8,256.937500,2811.500
1785141209.349261999,7,258.593750,2808.750
1785141209.349261999,15,260.234375,2818.000
1785141209.349261999,8,261.890625,2827.500
1785141209.349261999,15,263.515625,2830.500
1785141209.349261999,15,266.937500,2287.750
1785141209.349261999,13,270.109375,2824.250
1785141209.349261999,15,271.750000,2847.000
1785141209.349261999,15,281.734375,2300.000
1785141209.349261999,15,283.375000,2329.250
1785141209.349261999,15,294.750000,3262.750
1785141209.349261999,15,296.375000,3285.500
1785141209.349261999,15,298.015625,3335.500
1785141209.349261999,15,299.765625,3375.000
1785141209.349261999,15,301.437500,3434.250
1785141209.349261999,15,303.062500,3501.250
1785141209.349261999,15,304.734375,3570.750
1785141209.349261999,15,306.375000,3650.500
1785141209.349261999,15,344.234375,9503.000
1785141209.349261999,15,345.890625,9426.750
1785141209.349261999,15,347.500000,9367.000
1785141209.349261999,15,349.156250,9313.500
1785141209.459732056,15,357.468750,7066.500
1785141209.459732056,15,359.125000,6997.750
1785141209.459732056,15,0.781250,6952.250
1785141209.459732056,15,2.437500,6976.750
1785141209.459732056,15,7.406250,6726.750
1785141209.459732056,15,10.609375,8771.500
1785141209.459732056,9,12.265625,8853.500
1785141209.459732056,10,13.921875,8817.250
1785141209.459732056,8,15.578125,8850.000
1785141209.459732056,15,46.187500,108.000
1785141209.459732056,15,164.093750,10352.750
1785141209.459732056,15,165.750000,10254.500
1785141209.459732056,8,174.000000,10183.500
1785141209.459732056,15,178.968750,10703.000
1785141209.459732056,15,202.265625,5080.500
1785141209.459732056,12,205.593750,4764.000
1785141209.459732056,14,208.906250,4405.000
1785141209.459732056,15,212.265625,4157.250
1785141209.459732056,9,213.890625,4070.500
1785141209.459732056,15,215.546875,3984.250
1785141209.459732056,15,233.796875,3052.750
1785141209.459732056,8,235.453125,3071.500
1785141209.459732056,8,237.140625,3045.500
1785141209.459732056,8,238.765625,3029.250
1785141209.459732056,15,240.437500,2997.750
1785141209.459732056,5,242.093750,2957.250
1785141209.459732056,8,243.750000,2928.500
1785141209.459732056,6,245.390625,2903.250
1785141209.459732056,15,247.062500,2883.500
1785141209.459732056,15,248.703125,2868.000
1785141209.459732056,15,250.359375,2850.750
1785141209.459732056,8,256.968750,2798.500
1785141209.459732056,7,258.625000,2796.500
1785141209.459732056,10,260.265625,2814.250
1785141209.459732056,8,261.921875,2812.500
1785141209.459732056,15,263.546875,2816.250
1785141209.459732056,15,266.968750,2283.250
1785141209.459732056,15,270.156250,2826.000
1785141209.459732056,15,271.812500,2846.500
1785141209.459732056,15,281.781250,2302.000
1785141209.459732056,15,294.796875,3262.000
1785141209.459732056,15,296.468750,3285.500
1785141209.459732056,15,298.109375,3337.750
1785141209.459732056,15,299.859375,3377.250
1785141209.459732056,15,301.515625,3435.750
1785141209.459732056,15,303.125000,3506.250
1785141209.459732056,15,304.781250,3574.000
1785141209.459732056,15,306.437500,3650.750
1785141209.459732056,15,344.312500,9460.750
1785141209.459732056,15,345.968750,9425.500
1785141209.459732056,15,347.593750,9367.250
1785141209.459732056,15,349.250000,9312.250
1785141209.571434021,15,357.562500,7066.500
1785141209.571434021,15,359.218750,6998.750
1785141209.571434021,15,0.875000,6961.750
1785141209.571434021,15,2.531250,6979.750
1785141209.571434021,15,5.843750,6644.750
1785141209.571434021,15,7.500000,6722.500
1785141209.571434021,15,10.718750,8827.750
1785141209.571434021,8,12.375000,8823.750
1785141209.571434021,9,14.015625,8827.000
1785141209.571434021,8,15.671875,8879.750
1785141209.571434021,15,45.734375,107.750
1785141209.571434021,15,164.234375,10285.750
1785141209.571434021,15,165.890625,10159.750
1785141209.571434021,7,172.500000,10138.250
1785141209.571434021,15,179.078125,10610.750
1785141209.571434021,9,202.375000,5076.000
1785141209.571434021,10,205.671875,4753.250
1785141209.571434021,12,208.984375,4404.500
1785141209.571434021,15,212.312500,4152.750
1785141209.571434021,9,213.968750,4072.250
1785141209.571434021,15,215.640625,3990.000
1785141209.571434021,9,233.890625,3048.000
1785141209.571434021,9,235.531250,3068.500
1785141209.571434021,11,237.187500,3048.250
1785141209.571434021,15,238.843750,3030.250
1785141209.571434021,15,240.500000,2998.000
1785141209.571434021,7,242.156250,2955.250
1785141209.571434021,9,243.796875,2925.500
1785141209.571434021,6,245.437500,2904.250
1785141209.571434021,15,247.093750,2886.000
1785141209.571434021,15,248.734375,2869.500
1785141209.571434021,15,250.390625,2852.500
1785141209.571434021,15,257.015625,2812.250
1785141209.571434021,15,258.640625,2810.500
1785141209.571434021,15,260.312500,2816.750
1785141209.571434021,7,261.968750,2814.500
1785141209.571434021,15,263.593750,2821.250
1785141209.571434021,15,267.031250,2283.500
1785141209.571434021,11,271.828125,2837.500
1785141209.571434021,15,278.578125,2344.250
1785141209.571434021,15,280.234375,2327.750
1785141209.571434021,15,281.890625,2312.250
1785141209.571434021,15,294.921875,3274.250
1785141209.571434021,15,296.562500,3287.500
1785141209.571434021,15,298.187500,3338.250
1785141209.571434021,15,299.921875,3379.750
1785141209.571434021,15,301.593750,3438.000
1785141209.571434021,15,303.234375,3507.250
1785141209.571434021,15,304.906250,3579.250
1785141209.571434021,15,306.531250,3660.000
1785141209.571434021,15,342.750000,9600.750
1785141209.571434021,13,344.390625,9472.750
1785141209.571434021,15,346.062500,9422.750
1785141209.571434021,15,347.718750,9347.750
1785141209.571434021,15,349.375000,9292.000
1785141209.682661772,15,357.703125,7034.750
1785141209.682661772,15,359.375000,6993.000
1785141209.682661772,15,1.015625,6951.250
1785141209.682661772,15,2.671875,6977.250
1785141209.682661772,15,6.000000,6727.500
1785141209.682661772,15,7.656250,6701.750
1785141209.682661772,15,10.875000,8838.500
1785141209.682661772,9,12.531250,8851.750
1785141209.682661772,8,14.171875,8839.500
1785141209.682661772,9,15.828125,8885.500
1785141209.682661772,15,45.562500,107.500
1785141209.682661772,15,164.515625,10320.000
1785141209.682661772,15,179.406250,10569.250
1785141209.682661772,9,209.281250,4380.500
1785141209.682661772,15,212.593750,4128.250
1785141209.682661772,11,214.265625,4033.000
1785141209.682661772,15,215.906250,3948.750
1785141209.682661772,9,217.562500,3864.500
1785141209.682661772,12,232.515625,2987.250
1785141209.682661772,15,234.140625,3041.500
1785141209.682661772,8,235.796875,3065.500
1785141209.682661772,8,237.437500,3044.750
1785141209.682661772,15,239.078125,3023.250
1785141209.682661772,5,240.750000,2986.750
1785141209.682661772,7,242.390625,2944.250
1785141209.682661772,9,244.031250,2915.250
1785141209.682661772,14,245.671875,2895.500
1785141209.682661772,15,247.343750,2878.500
1785141209.682661772,15,248.984375,2863.750
1785141209.682661772,9,257.281250,2784.500
1785141209.682661772,8,258.968750,2793.750
1785141209.682661772,8,260.609375,2807.750
1785141209.682661772,8,262.250000,2803.500
1785141209.682661772,15,267.296875,2278.250
1785141209.682661772,15,270.484375,2828.500
1785141209.682661772,15,272.156250,2847.750
1785141209.682661772,15,280.500000,2321.250
1785141209.682661772,15,282.140625,2305.250
1785141209.682661772,15,295.171875,3268.250
1785141209.682661772,15,296.812500,3298.750
1785141209.682661772,15,298.515625,3343.500
1785141209.682661772,15,300.156250,3391.000
1785141209.682661772,15,301.812500,3448.000
1785141209.682661772,15,303.453125,3509.000
1785141209.682661772,15,305.109375,3590.250
1785141209.682661772,15,306.734375,3672.750
1785141209.682661772,15,339.687500,6120.750
1785141209.682661772,15,342.906250,9608.500
1785141209.682661772,15,344.562500,9508.500
1785141209.682661772,15,346.265625,9416.750
1785141209.682661772,15,347.921875,9345.250
1785141209.682661772,15,349.578125,9272.000
1785141209.794759989,15,357.906250,7020.000
1785141209.794759989,15,359.562500,6987.250
1785141209.794759989,15,1.218750,7008.250
1785141209.794759989,15,2.875000,7025.500
1785141209.794759989,15,6.203125,6718.500
1785141209.794759989,15,7.859375,6692.000
1785141209.794759989,15,11.046875,8837.500
1785141209.794759989,9,12.687500,8863.250
1785141209.794759989,7,14.343750,8859.250
1785141209.794759989,15,46.875000,107.000
1785141209.794759989,15,164.546875,10324.500
1785141209.794759989,15,177.765625,10434.250
1785141209.794759989,15,179.453125,10564.250
1785141209.794759989,9,209.375000,4381.750
1785141209.794759989,15,212.656250,4133.750
1785141209.794759989,9,214.328125,4049.000
1785141209.794759989,10,217.640625,3855.000
1785141209.794759989,15,230.953125,3022.750
1785141209.794759989,8,232.609375,3000.250
1785141209.794759989,9,234.218750,3047.750
1785141209.794759989,12,235.875000,3073.000
1785141209.794759989,9,237.531250,3043.750
1785141209.794759989,13,239.171875,3023.000
1785141209.794759989,10,240.843750,2986.000
1785141209.794759989,15,242.484375,2943.500
1785141209.794759989,7,244.156250,2917.250
1785141209.794759989,8,245.796875,2900.000
1785141209.794759989,15,247.468750,2883.250
1785141209.794759989,15,249.093750,2868.000
1785141209.794759989,9,257.390625,2812.500
1785141209.794759989,9,259.031250,2809.000
1785141209.794759989,15,260.656250,2809.500
1785141209.794759989,8,262.343750,2819.500
1785141209.794759989,15,267.390625,2283.250
1785141209.794759989,12,272.218750,2838.750
1785141209.794759989,15,280.531250,2333.750
1785141209.794759989,15,282.187500,2318.500
1785141209.794759989,15,295.156250,3268.750
1785141209.794759989,15,296.812500,3299.750
1785141209.794759989,15,298.562500,3344.000
1785141209.794759989,15,300.187500,3390.000
1785141209.794759989,15,301.828125,3451.250
1785141209.794759989,15,303.500000,3512.000
1785141209.794759989,15,305.125000,3589.500
1785141209.794759989,15,306.781250,3672.000
1785141209.794759989,15,339.750000,6094.500
1785141209.794759989,15,342.984375,9553.750
1785141209.794759989,15,344.625000,9454.500
1785141209.794759989,15,346.296875,9418.750
1785141209.794759989,15,347.953125,9348.750
1785141209.794759989,15,349.609375,9270.750
1785141209.908674955,15,357.937500,7012.500
1785141209.908674955,15,359.593750,6973.500
1785141209.908674955,15,1.250000,6964.750
1785141209.908674955,15,2.906250,6985.500
1785141209.908674955,15,6.234375,6722.000
1785141209.908674955,15,7.890625,6703.000
1785141209.908674955,15,11.062500,8846.500
1785141209.908674955,9,12.718750,8870.750
1785141209.908674955,11,14.359375,8808.500
1785141209.908674955,15,45.390625,107.000
1785141209.908674955,15,164.562500,10324.250
1785141209.908674955,15,177.812500,10418.500
1785141209.908674955,15,179.406250,10558.000
1785141209.908674955,9,207.687500,4487.000
1785141209.908674955,15,211.015625,4152.250
1785141209.908674955,15,214.312500,3944.000
1785141209.908674955,8,216.000000,3853.500
1785141209.908674955,15,217.671875,3741.250
1785141209.908674955,15,232.562500,3013.000
1785141209.908674955,15,234.203125,2993.750
1785141209.908674955,14,235.890625,2954.750
1785141209.908674955,14,237.546875,2901.250
1785141209.908674955,15,239.171875,2875.750
1785141209.908674955,15,240.843750,2852.000
1785141209.908674955,9,242.500000,2812.250
1785141209.908674955,11,244.156250,2778.000
1785141209.908674955,11,245.812500,2759.250
1785141209.908674955,15,247.468750,2745.500
1785141209.908674955,15,249.109375,2722.000
1785141209.908674955,13,255.750000,2673.750
1785141209.908674955,12,257.421875,2656.000
1785141209.908674955,15,259.046875,2645.500
1785141209.908674955,15,260.703125,2631.500
1785141209.908674955,15,262.375000,2634.000
1785141209.908674955,10,270.640625,2655.500
1785141209.908674955,9,272.296875,2665.000
1785141209.908674955,15,273.906250,2691.000
1785141209.908674955,15,275.484375,2716.750
1785141209.908674955,15,277.140625,2730.500
1785141209.908674955,15,280.546875,2348.500
1785141209.908674955,15,282.187500,2318.250
1785141209.908674955,9,295.171875,3166.250
1785141209.908674955,13,296.781250,3230.000
1785141209.908674955,12,298.531250,3257.750
1785141209.908674955,11,303.437500,3501.000
1785141209.908674955,5,305.062500,3562.250
1785141209.908674955,15,306.734375,3651.250
1785141209.908674955,15,339.718750,6123.500
1785141209.908674955,15,344.609375,9462.250
1785141209.908674955,15,346.218750,9413.500
1785141209.908674955,15,347.875000,9351.250
1785141209.908674955,15,349.531250,9278.750
1785141210.019903898,15,357.828125,7015.500
1785141210.019903898,15,359.484375,6982.250
1785141210.019903898,15,1.140625,6969.250
1785141210.019903898,15,2.781250,6979.250
1785141210.019903898,15,6.109375,6727.500
1785141210.019903898,15,7.765625,6726.500
1785141210.019903898,15,10.953125,8843.750
1785141210.019903898,9,12.593750,8859.500
1785141210.019903898,13,14.250000,8835.500
1785141210.019903898,15,45.765625,107.500
1785141210.019903898,15,164.328125,10324.750
1785141210.019903898,11,165.968750,10173.750
1785141210.019903898,8,174.234375,10100.250
1785141210.019903898,13,202.375000,5072.500
1785141210.019903898,15,205.687500,4752.250
1785141210.019903898,10,209.000000,4406.500
1785141210.019903898,15,212.312500,4149.000
1785141210.019903898,15,213.968750,4091.500
1785141210.019903898,15,215.625000,4032.750
1785141210.019903898,15,237.203125,3106.500
1785141210.019903898,15,238.859375,3059.500
1785141210.019903898,15,240.500000,3025.500
1785141210.019903898,13,242.156250,3026.250
1785141210.019903898,15,243.796875,3019.500
1785141210.019903898,15,245.453125,3011.750
1785141210.019903898,15,247.125000,2998.250
1785141210.019903898,15,248.781250,2969.250
1785141210.019903898,15,250.421875,2943.000
1785141210.019903898,15,253.859375,2365.250
1785141210.019903898,8,257.062500,2884.750
1785141210.019903898,7,258.703125,2895.250
1785141210.019903898,15,260.359375,2895.250
1785141210.019903898,15,261.968750,2879.250
1785141210.019903898,15,267.062500,2286.000
1785141210.019903898,15,278.531250,2366.500
1785141210.019903898,15,280.218750,2328.250
1785141210.019903898,15,281.828125,2315.500
1785141210.019903898,15,294.812500,3267.500
1785141210.019903898,15,296.468750,3289.250
1785141210.019903898,15,298.125000,3340.000
1785141210.019903898,15,299.859375,3382.750
1785141210.019903898,15,301.531250,3439.750
1785141210.019903898,15,303.156250,3507.500
1785141210.019903898,15,304.796875,3596.000
1785141210.019903898,15,306.468750,3674.000
1785141210.019903898,15,344.312500,9476.250
1785141210.019903898,15,345.968750,9438.250
1785141210.019903898,15,347.531250,9366.000
1785141210.019903898,15,349.187500,9308.250
1785141210.131746054,15,357.500000,7064.500
1785141210.131746054,15,359.140625,6999.500
1785141210.131746054,15,0.781250,7000.750
1785141210.131746054,15,2.437500,7023.500
1785141210.131746054,15,5.750000,6685.500
1785141210.131746054,15,7.406250,6724.500
1785141210.131746054,15,10.640625,8783.750
1785141210.131746054,10,12.281250,8854.750
1785141210.131746054,7,15.578125,8813.750
1785141210.131746054,15,46.140625,108.500
1785141210.131746054,15,48.390625,106.000
1785141210.131746054,15,164.000000,10371.500
1785141210.131746054,15,165.656250,10216.500
1785141210.131746054,15,178.765625,10655.500
1785141210.131746054,11,198.625000,5574.750
1785141210.131746054,9,203.625000,5029.250
1785141210.131746054,11,211.890625,4156.500
1785141210.131746054,15,215.203125,3955.750
1785141210.131746054,15,218.531250,3748.250
1785141210.131746054,15,233.453125,3047.500
1785141210.131746054,15,235.093750,3031.000
1785141210.131746054,14,236.734375,2986.250
1785141210.131746054,15,238.406250,2901.000
1785141210.131746054,8,240.031250,2876.000
1785141210.131746054,15,241.703125,2881.750
1785141210.131746054,15,243.343750,2865.250
1785141210.131746054,15,244.984375,2850.250
1785141210.131746054,8,246.640625,2810.000
1785141210.131746054,7,248.265625,2775.500
1785141210.131746054,9,249.937500,2764.500
1785141210.131746054,15,253.328125,2393.500
1785141210.131746054,8,256.578125,2755.500
1785141210.131746054,15,258.187500,2750.750
1785141210.131746054,10,259.859375,2751.250
1785141210.131746054,9,261.500000,2757.250
1785141210.131746054,14,263.171875,2765.250
1785141210.131746054,10,266.562500,2295.250
1785141210.131746054,15,269.703125,2822.250
1785141210.131746054,11,271.359375,2838.250
1785141210.131746054,15,281.296875,2344.250
1785141210.131746054,15,295.921875,3286.500
1785141210.131746054,15,297.562500,3345.000
1785141210.131746054,15,299.328125,3391.000
1785141210.131746054,15,300.984375,3449.750
1785141210.131746054,15,302.625000,3494.000
1785141210.131746054,15,305.906250,3667.000
1785141210.131746054,11,315.750000,4752.500
1785141210.131746054,15,319.046875,5021.750
1785141210.131746054,15,322.359375,5342.250
1785141210.131746054,15,342.093750,9664.250
1785141210.131746054,15,345.421875,9519.250
1785141210.131746054,15,347.031250,9394.500
1785141210.131746054,15,348.687500,9306.500
1785141210.242655039,15,353.640625,8447.750
1785141210.242655039,15,356.984375,7028.500
1785141210.242655039,15,358.640625,6988.250
1785141210.242655039,15,0.296875,6993.500
1785141210.242655039,15,1.953125,6988.500
1785141210.242655039,15,5.265625,6866.250
1785141210.242655039,15,6.906250,6755.000
1785141210.242655039,15,10.171875,8694.250
1785141210.242655039,15,11.750000,8841.000
1785141210.242655039,11,13.390625,8866.250
1785141210.242655039,15,47.031250,105.750
1785141210.242655039,15,176.843750,10469.750
1785141210.242655039,15,178.484375,10624.250
1785141210.242655039,10,198.421875,5586.750
1785141210.242655039,7,206.750000,4660.500
1785141210.242655039,15,211.734375,4233.750
1785141210.242655039,13,213.406250,4153.250
1785141210.242655039,13,236.593750,3129.000
1785141210.242655039,15,238.281250,3084.250
1785141210.242655039,15,239.906250,3038.000
1785141210.242655039,15,241.546875,3017.250
1785141210.242655039,15,243.203125,3010.500
1785141210.242655039,15,244.890625,2984.500
1785141210.242655039,15,246.531250,2963.000
1785141210.242655039,8,248.187500,2933.500
1785141210.242655039,7,249.843750,2906.000
1785141210.242655039,4,253.265625,2370.000
1785141210.242655039,15,258.093750,2858.250
1785141210.242655039,15,259.750000,2854.500
1785141210.242655039,15,261.406250,2858.750
1785141210.242655039,15,263.046875,2865.000
1785141210.242655039,15,266.484375,2294.750
1785141210.242655039,13,269.671875,2861.000
1785141210.242655039,14,271.312500,2849.750
1785141210.242655039,15,281.265625,2344.000
1785141210.242655039,15,295.921875,3274.750
1785141210.242655039,15,297.578125,3333.500
1785141210.242655039,15,299.343750,3393.750
1785141210.242655039,15,300.984375,3451.500
1785141210.242655039,15,302.625000,3527.250
1785141210.242655039,15,304.281250,3598.500
1785141210.242655039,15,305.906250,3662.500
1785141210.242655039,15,345.453125,9519.250
1785141210.242655039,15,347.062500,9387.750
1785141210.242655039,15,348.734375,9309.500
1785141210.354469061,15,357.031250,7029.500
1785141210.354469061,15,358.687500,6982.000
1785141210.354469061,15,0.328125,6966.250
1785141210.354469061,15,2.000000,6993.250
1785141210.354469061,7,3.656250,6934.500
1785141210.354469061,15,5.296875,6805.750
1785141210.354469061,15,6.953125,6749.000
1785141210.354469061,15,10.187500,8735.250
1785141210.354469061,15,11.828125,8787.750
1785141210.354469061,7,13.468750,8826.500
1785141210.354469061,8,15.125000,8830.750
1785141210.354469061,15,46.781250,106.000
1785141210.354469061,9,173.359375,10138.500
1785141210.354469061,15,178.359375,10630.250
1785141210.354469061,11,193.328125,6115.750
1785141210.354469061,12,201.656250,5103.000
1785141210.354469061,10,208.265625,4370.000
1785141210.354469061,11,211.578125,4131.500
1785141210.354469061,15,214.890625,3939.000
1785141210.354469061,9,216.546875,3847.500
1785141210.354469061,15,218.218750,3753.500
1785141210.354469061,14,233.093750,3041.250
1785141210.354469061,12,234.750000,3046.750
1785141210.354469061,15,236.421875,3014.750
1785141210.354469061,14,238.062500,2969.000
1785141210.354469061,10,239.750000,2930.750
1785141210.354469061,6,241.359375,2907.000
1785141210.354469061,8,243.031250,2899.250
1785141210.354469061,15,244.671875,2883.250
1785141210.354469061,15,246.343750,2852.500
1785141210.354469061,15,247.984375,2829.000
1785141210.354469061,7,249.656250,2808.000
1785141210.354469061,7,253.046875,2375.000
1785141210.354469061,9,256.281250,2776.750
1785141210.354469061,10,257.890625,2774.250
1785141210.354469061,11,259.562500,2774.500
1785141210.354469061,11,261.234375,2780.000
1785141210.354469061,10,262.875000,2782.000
1785141210.354469061,13,266.250000,2299.250
1785141210.354469061,15,271.078125,2831.250
1785141210.354469061,15,272.750000,2851.000
1785141210.354469061,15,281.078125,2359.500
1785141210.354469061,9,282.718750,2367.250
1785141210.354469061,15,295.765625,3286.750
1785141210.354469061,15,297.406250,3328.500
1785141210.354469061,15,299.140625,3369.750
1785141210.354469061,15,300.765625,3423.500
1785141210.354469061,15,302.437500,3473.000
1785141210.354469061,15,304.062500,3548.000
1785141210.354469061,15,305.687500,3631.000
1785141210.354469061,15,340.312500,6158.000
1785141210.354469061,15,343.546875,9506.500
1785141210.354469061,15,345.203125,9423.250
1785141210.354469061,15,346.875000,9415.750
1785141210.354469061,15,348.515625,9331.250
1785141210.354469061,14,350.171875,9256.750
1785141210.466021061,15,356.843750,7051.250
1785141210.466021061,15,358.500000,6997.000
1785141210.466021061,15,0.156250,6991.000
1785141210.466021061,15,1.828125,7013.750
1785141210.466021061,15,6.796875,6742.250
1785141210.466021061,15,10.046875,8749.750
1785141210.466021061,15,11.671875,8848.000
1785141210.466021061,12,13.328125,8866.000
1785141210.466021061,15,47.218750,106.250
1785141210.466021061,9,173.265625,10184.000
1785141210.466021061,15,178.250000,10639.250
1785141210.466021061,11,198.218750,5580.750
1785141210.466021061,15,201.546875,5127.000
1785141210.466021061,13,204.828125,4791.750
1785141210.466021061,15,211.484375,4176.250
1785141210.466021061,9,213.125000,4103.500
1785141210.466021061,15,216.468750,3887.500
1785141210.466021061,13,218.125000,3799.000
1785141210.466021061,12,234.687500,3040.000
1785141210.466021061,10,236.343750,3047.500
1785141210.466021061,15,237.984375,3009.750
1785141210.466021061,15,239.625000,2985.250
1785141210.466021061,15,241.281250,2962.500
1785141210.466021061,7,242.937500,2916.750
1785141210.466021061,15,244.593750,2889.500
1785141210.466021061,15,246.250000,2876.000
1785141210.466021061,15,247.890625,2854.500
1785141210.466021061,15,249.562500,2819.750
1785141210.466021061,13,252.953125,2393.500
1785141210.466021061,10,256.171875,2769.500
1785141210.466021061,9,257.828125,2765.750
1785141210.466021061,11,259.500000,2762.500
1785141210.466021061,10,261.156250,2767.000
1785141210.466021061,11,262.781250,2769.500
1785141210.466021061,15,266.203125,2298.250
1785141210.466021061,15,271.031250,2826.750
1785141210.466021061,15,272.671875,2847.500
1785141210.466021061,15,274.328125,2865.250
1785141210.466021061,15,281.031250,2350.250
1785141210.466021061,15,282.671875,2347.250
1785141210.466021061,15,295.703125,3273.250
1785141210.466021061,15,297.359375,3312.500
1785141210.466021061,15,299.046875,3370.750
1785141210.466021061,15,300.703125,3431.500
1785141210.466021061,15,302.359375,3481.000
1785141210.466021061,15,304.000000,3550.000
1785141210.466021061,15,305.640625,3635.000
1785141210.466021061,15,340.234375,6093.500
1785141210.466021061,15,343.468750,9513.750
1785141210.466021061,15,345.109375,9427.500
1785141210.466021061,15,346.781250,9412.250
1785141210.466021061,15,348.437500,9328.250
1785141210.466021061,15,350.093750,9249.500
1785141210.577658176,15,356.765625,7043.750
1785141210.577658176,15,358.421875,6982.250
1785141210.577658176,15,0.093750,6981.500
1785141210.577658176,15,1.734375,6993.750
1785141210.577658176,15,6.703125,6749.250
1785141210.577658176,15,9.968750,8774.250
1785141210.577658176,15,11.546875,8884.000
1785141210.577658176,9,13.218750,8884.000
1785141210.577658176,8,14.859375,8844.250
1785141210.577658176,15,47.437500,106.250
1785141210.577658176,9,173.328125,10146.500
1785141210.577658176,15,178.296875,10680.250
1785141210.577658176,10,198.281250,5557.500
1785141210.577658176,15,201.593750,5124.000
1785141210.577658176,13,204.875000,4784.750
1785141210.577658176,13,208.187500,4434.750
1785141210.577658176,15,211.500000,4175.250
1785141210.577658176,10,213.171875,4078.750
1785141210.577658176,15,214.828125,3976.750
1785141210.577658176,15,216.500000,3890.250
1785141210.577658176,15,218.156250,3799.000
1785141210.577658176,15,233.078125,3022.500
1785141210.577658176,12,234.718750,3038.000
1785141210.577658176,9,236.359375,3047.500
1785141210.577658176,11,238.000000,3035.750
1785141210.577658176,15,239.687500,3012.500
1785141210.577658176,15,241.343750,2981.250
1785141210.577658176,9,242.968750,2935.500
1785141210.577658176,8,244.640625,2893.500
1785141210.577658176,8,246.296875,2880.250
1785141210.577658176,15,247.921875,2870.750
1785141210.577658176,15,249.578125,2863.750
1785141210.577658176,15,256.281250,2814.000
1785141210.577658176,15,257.937500,2814.250
1785141210.577658176,10,259.593750,2816.500
1785141210.577658176,8,261.234375,2813.500
1785141210.577658176,15,262.875000,2817.750
1785141210.577658176,15,266.312500,2287.750
1785141210.577658176,15,271.125000,2858.000
1785141210.577658176,15,281.078125,2364.750
1785141210.577658176,11,282.734375,2347.750
1785141210.577658176,15,295.750000,3288.500
1785141210.577658176,15,297.375000,3330.750
1785141210.577658176,15,299.093750,3371.750
1785141210.577658176,15,300.765625,3423.500
1785141210.577658176,15,302.406250,3477.000
1785141210.577658176,15,304.046875,3551.750
1785141210.577658176,15,305.718750,3636.500
1785141210.577658176,15,340.343750,6177.000
1785141210.577658176,15,343.578125,9498.000
1785141210.577658176,15,345.250000,9467.000
1785141210.577658176,15,346.906250,9407.000
1785141210.577658176,15,348.546875,9357.750
1785141210.688831091,11,350.218750,9229.500
1785141210.688831091,15,356.875000,7041.250
1785141210.688831091,15,358.546875,6983.500
1785141210.688831091,15,0.203125,6988.750
1785141210.688831091,15,1.859375,7010.750
1785141210.688831091,15,6.843750,6748.500
1785141210.688831091,15,10.109375,8748.500
1785141210.688831091,15,11.656250,8846.500
1785141210.688831091,10,13.312500,8866.750
1785141210.688831091,7,14.968750,8839.250
1785141210.688831091,15,46.843750,106.250
1785141210.688831091,15,178.437500,10634.000
1785141210.688831091,11,193.390625,6132.750
1785141210.688831091,9,198.375000,5584.000
1785141210.688831091,15,201.703125,5096.250
1785141210.688831091,12,208.328125,4393.500
1785141210.688831091,15,211.625000,4151.750
1785141210.688831091,15,214.953125,3943.500
1785141210.688831091,8,216.609375,3873.250
1785141210.688831091,8,233.250000,3056.750
1785141210.688831091,12,234.890625,3050.500
1785141210.688831091,15,236.546875,3017.750
1785141210.688831091,9,238.203125,2977.250
1785141210.688831091,15,239.828125,2950.750
1785141210.688831091,8,241.531250,2924.000
1785141210.688831091,8,243.187500,2903.000
1785141210.688831091,11,244.796875,2885.500
1785141210.688831091,15,246.453125,2856.750
1785141210.688831091,15,248.125000,2836.250
1785141210.688831091,15,249.796875,2823.250
1785141210.688831091,12,253.218750,2368.250
1785141210.688831091,8,256.406250,2764.750
1785141210.688831091,8,258.046875,2769.250
1785141210.688831091,9,259.703125,2769.250
1785141210.688831091,8,261.390625,2770.500
1785141210.688831091,9,263.031250,2783.000
1785141210.688831091,11,266.421875,2294.500
1785141210.688831091,11,269.640625,2807.000
1785141210.688831091,15,271.265625,2826.250
1785141210.688831091,12,272.906250,2853.000
1785141210.688831091,15,281.187500,2342.500
1785141210.688831091,15,295.875000,3286.250
1785141210.688831091,15,297.500000,3331.000
1785141210.688831091,15,299.250000,3374.500
1785141210.688831091,15,300.890625,3424.750
1785141210.688831091,15,302.546875,3479.500
1785141210.688831091,15,305.843750,3661.000
1785141210.688831091,15,345.359375,9521.250
1785141210.688831091,15,347.015625,9388.250
1785141210.688831091,15,348.656250,9346.750
1785141210.800529957,15,357.000000,7034.750
1785141210.800529957,15,358.656250,6987.750
1785141210.800529957,15,0.312500,6992.750
1785141210.800529957,15,1.953125,7016.250
1785141210.800529957,15,6.937500,6739.500
1785141210.800529957,15,10.187500,8787.250
1785141210.800529957,15,11.765625,8837.000
1785141210.800529957,7,13.406250,8882.750
1785141210.800529957,15,47.000000,106.000
1785141210.800529957,15,178.500000,10609.500
1785141210.800529957,8,198.453125,5578.250
1785141210.800529957,14,201.781250,5101.000
1785141210.800529957,15,205.031250,4765.000
1785141210.800529957,11,208.359375,4424.250
1785141210.800529957,15,211.671875,4153.000
1785141210.800529957,10,213.343750,4071.500
1785141210.800529957,15,214.984375,3962.750
1785141210.800529957,15,216.640625,3875.500
1785141210.800529957,12,234.921875,3047.250
1785141210.800529957,9,236.578125,3036.250
1785141210.800529957,15,238.218750,3015.750
1785141210.800529957,15,239.875000,2996.000
1785141210.800529957,7,241.546875,2949.500
1785141210.800529957,7,243.187500,2905.750
1785141210.800529957,5,244.828125,2889.750
1785141210.800529957,15,246.468750,2870.250
1785141210.800529957,15,248.140625,2848.000
1785141210.800529957,15,249.781250,2825.000
1785141210.800529957,10,253.203125,2370.500
1785141210.800529957,8,256.406250,2766.750
1785141210.800529957,7,258.078125,2771.250
1785141210.800529957,9,259.734375,2770.500
1785141210.800529957,9,261.359375,2772.500
1785141210.800529957,10,263.031250,2784.000
1785141210.800529957,13,266.437500,2295.000
1785141210.800529957,11,269.625000,2807.500
1785141210.800529957,15,271.250000,2826.000
1785141210.800529957,13,272.890625,2851.750
1785141210.800529957,15,281.187500,2342.250
1785141210.800529957,15,295.859375,3283.250
1785141210.800529957,15,297.484375,3329.000
1785141210.800529957,15,299.250000,3375.500
1785141210.800529957,15,300.906250,3425.750
1785141210.800529957,15,302.531250,3485.250
1785141210.800529957,15,304.203125,3571.500
1785141210.800529957,15,305.843750,3659.250
1785141210.800529957,15,345.421875,9516.500
1785141210.800529957,15,347.031250,9390.500
1785141210.800529957,15,348.671875,9348.000
1785141210.910607100,15,357.015625,7031.250
1785141210.910607100,15,358.656250,6990.000
1785141210.910607100,15,0.312500,6989.500
1785141210.910607100,15,1.968750,7013.250
1785141210.910607100,15,6.937500,6734.750
1785141210.910607100,15,10.187500,8782.500
1785141210.910607100,15,11.781250,8819.000
1785141210.910607100,15,47.140625,106.000
1785141210.910607100,15,178.515625,10612.000
1785141210.910607100,9,193.468750,6122.750
1785141210.910607100,13,201.781250,5103.500
1785141210.910607100,8,208.390625,4423.000
1785141210.910607100,12,211.718750,4153.500
1785141210.910607100,9,213.375000,4071.250
1785141210.910607100,15,215.031250,3968.750
1785141210.910607100,7,216.687500,3862.500
1785141210.910607100,15,218.375000,3760.500
1785141210.910607100,13,234.953125,3052.500
1785141210.910607100,9,236.593750,3041.750
1785141210.910607100,15,238.250000,3018.250
1785141210.910607100,15,239.890625,2997.750
1785141210.910607100,7,241.546875,2951.750
1785141210.910607100,7,243.203125,2908.250
1785141210.910607100,7,244.843750,2897.750
1785141210.910607100,15,246.531250,2878.500
1785141210.910607100,15,248.156250,2849.000
1785141210.910607100,15,249.812500,2826.500
1785141210.910607100,10,253.218750,2371.500
1785141210.910607100,8,256.390625,2769.000
1785141210.910607100,8,258.031250,2773.500
1785141210.910607100,9,259.687500,2772.500
1785141210.910607100,9,261.312500,2775.000
1785141210.910607100,11,262.984375,2785.750
1785141210.910607100,15,266.406250,2297.750
1785141210.910607100,15,269.578125,2811.500
1785141210.910607100,15,271.203125,2829.500
1785141210.910607100,15,272.843750,2853.000
1785141210.910607100,15,281.218750,2342.750
1785141210.910607100,15,295.828125,3283.250
1785141210.910607100,15,297.484375,3329.750
1785141210.910607100,15,299.265625,3377.500
1785141210.910607100,15,300.906250,3427.750
1785141210.910607100,15,302.578125,3485.500
1785141210.910607100,15,304.203125,3571.000
1785141210.910607100,15,305.875000,3658.750
1785141210.910607100,7,343.718750,9684.000
1785141210.910607100,15,347.000000,9393.750
1785141210.910607100,15,348.656250,9342.750
1785141211.022026062,15,356.968750,7033.750
1785141211.022026062,15,358.593750,6996.000
1785141211.022026062,15,0.265625,6988.000
1785141211.022026062,15,1.921875,7011.500
1785141211.022026062,15,6.906250,6731.500
1785141211.022026062,15,10.140625,8783.500
1785141211.022026062,15,11.765625,8839.000
1785141211.022026062,8,13.421875,8885.250
1785141211.022026062,15,47.765625,106.000
1785141211.022026062,15,176.843750,10462.000
1785141211.022026062,15,178.515625,10604.250
1785141211.022026062,9,193.484375,6137.250
1785141211.022026062,11,201.796875,5106.500
1785141211.022026062,15,205.140625,4738.750
1785141211.022026062,7,208.453125,4421.750
1785141211.022026062,15,211.812500,4155.500
1785141211.022026062,9,213.453125,4066.750
1785141211.022026062,15,215.093750,3965.750
1785141211.022026062,9,216.796875,3862.750
1785141211.022026062,15,218.437500,3761.000
1785141211.022026062,12,235.015625,3056.750
1785141211.022026062,9,236.671875,3041.000
1785141211.022026062,15,238.328125,3017.750
1785141211.022026062,15,239.984375,2987.500
1785141211.022026062,7,241.640625,2946.500
1785141211.022026062,7,243.296875,2911.250
1785141211.022026062,15,244.953125,2895.000
1785141211.022026062,15,246.578125,2876.750
1785141211.022026062,15,248.265625,2849.000
1785141211.022026062,15,249.906250,2828.250
1785141211.022026062,12,253.281250,2379.500
1785141211.022026062,9,256.531250,2782.250
1785141211.022026062,8,258.156250,2775.750
1785141211.022026062,8,259.828125,2775.250
1785141211.022026062,6,261.468750,2784.250
1785141211.022026062,12,263.109375,2799.250
1785141211.022026062,15,266.546875,2294.500
1785141211.022026062,15,269.703125,2823.750
1785141211.022026062,15,271.343750,2842.750
1785141211.022026062,15,272.968750,2852.250
1785141211.022026062,15,281.312500,2342.000
1785141211.022026062,15,295.921875,3287.750
1785141211.022026062,15,297.593750,3332.000
1785141211.022026062,15,299.343750,3389.500
1785141211.022026062,15,301.000000,3446.750
1785141211.022026062,15,302.625000,3499.500
1785141211.022026062,15,304.281250,3571.750
1785141211.022026062,15,305.921875,3660.000
1785141211.022026062,15,345.421875,9469.500
1785141211.022026062,15,347.062500,9350.500
1785141211.022026062,15,348.718750,9338.750
1785141211.133680105,15,357.046875,7000.000
1785141211.133680105,15,358.703125,6966.250
1785141211.133680105,15,0.343750,6963.250
1785141211.133680105,15,2.000000,6983.500
1785141211.133680105,15,6.968750,6733.500
1785141211.133680105,15,10.218750,8812.250
1785141211.133680105,13,11.859375,8814.750
1785141211.133680105,8,13.500000,8821.500
1785141211.133680105,15,47.703125,106.000
1785141211.133680105,15,165.328125,10363.500
1785141211.133680105,15,178.562500,10617.750
1785141211.133680105,8,193.531250,6132.250
1785141211.133680105,10,198.515625,5523.750
1785141211.133680105,10,201.859375,5101.500
1785141211.133680105,9,208.500000,4417.500
1785141211.133680105,15,211.812500,4156.750
1785141211.133680105,10,213.453125,4065.250
1785141211.133680105,15,215.109375,3962.750
1785141211.133680105,8,216.781250,3863.500
1785141211.133680105,15,218.437500,3763.250
1785141211.133680105,7,233.359375,3088.000
1785141211.133680105,11,235.031250,3077.500
1785141211.133680105,14,236.671875,3039.750
1785141211.133680105,15,238.328125,3015.750
1785141211.133680105,15,240.000000,2985.250
1785141211.133680105,7,241.656250,2944.750
1785141211.133680105,6,243.296875,2909.500
1785141211.133680105,15,244.953125,2893.000
1785141211.133680105,15,246.609375,2875.250
1785141211.133680105,15,248.265625,2848.250
1785141211.133680105,15,249.921875,2829.500
1785141211.133680105,12,253.312500,2379.250
1785141211.133680105,10,256.515625,2781.750
1785141211.133680105,9,258.171875,2777.000
1785141211.133680105,11,259.828125,2768.000
1785141211.133680105,8,261.484375,2776.500
1785141211.133680105,11,263.140625,2796.750
1785141211.133680105,14,266.515625,2292.750
1785141211.133680105,9,269.734375,2816.250
1785141211.133680105,15,271.375000,2836.250
1785141211.133680105,15,273.000000,2851.250
1785141211.133680105,15,279.718750,2356.500
1785141211.133680105,15,281.375000,2340.250
1785141211.133680105,15,296.046875,3287.000
1785141211.133680105,15,297.687500,3329.750
1785141211.133680105,15,299.375000,3385.750
1785141211.133680105,15,301.031250,3444.000
1785141211.133680105,15,302.687500,3499.250
1785141211.133680105,15,304.312500,3572.250
1785141211.133680105,15,305.953125,3663.750
1785141211.133680105,15,345.406250,9470.750
1785141211.133680105,15,347.046875,9351.250
1785141211.133680105,15,348.718750,9336.500
1785141211.244923830,15,357.046875,6997.750
1785141211.244923830,15,358.687500,6965.500
1785141211.244923830,15,0.328125,6963.000
1785141211.244923830,15,2.000000,6980.000
1785141211.244923830,15,6.968750,6726.250
1785141211.244923830,15,10.218750,8806.750
1785141211.244923830,14,11.859375,8811.500
1785141211.244923830,8,13.500000,8822.250
1785141211.244923830,15,47.234375,106.000
1785141211.244923830,15,178.515625,10618.000
1785141211.244923830,12,201.796875,5103.500
1785141211.244923830,9,208.406250,4416.000
1785141211.244923830,13,211.718750,4151.750
1785141211.244923830,9,213.359375,4071.750
1785141211.244923830,15,215.031250,3967.750
1785141211.244923830,15,216.703125,3866.750
1785141211.244923830,15,218.343750,3767.750
1785141211.244923830,11,234.906250,3048.750
1785141211.244923830,9,236.562500,3037.000
1785141211.244923830,15,238.234375,3014.750
1785141211.244923830,15,239.875000,2993.250
1785141211.244923830,7,241.546875,2951.250
1785141211.244923830,7,243.187500,2910.000
1785141211.244923830,15,244.859375,2891.250
1785141211.244923830,15,246.500000,2870.000
1785141211.244923830,15,248.140625,2848.250
1785141211.244923830,15,249.781250,2827.500
1785141211.244923830,11,253.203125,2372.000
1785141211.244923830,8,256.437500,2780.500
1785141211.244923830,8,258.093750,2777.500
1785141211.244923830,9,259.734375,2777.000
1785141211.244923830,8,261.406250,2780.000
1785141211.244923830,12,263.062500,2791.250
1785141211.244923830,13,266.484375,2292.000
1785141211.244923830,15,269.625000,2822.500
1785141211.244923830,15,271.296875,2841.000
1785141211.244923830,15,272.921875,2850.500
1785141211.244923830,15,281.296875,2342.750
1785141211.244923830,15,295.953125,3286.500
1785141211.244923830,15,297.625000,3328.000
1785141211.244923830,15,299.312500,3380.500
1785141211.244923830,15,300.968750,3439.000
1785141211.244923830,15,302.593750,3498.750
1785141211.244923830,15,304.250000,3572.500
1785141211.244923830,15,305.906250,3660.000
1785141211.244923830,15,345.375000,9516.750
1785141211.244923830,15,347.031250,9395.000
1785141211.244923830,15,348.687500,9338.750
1785141211.356758118,15,357.000000,7025.250
1785141211.356758118,15,358.656250,6991.500
1785141211.356758118,15,0.296875,6966.750
1785141211.356758118,15,1.953125,6982.250
1785141211.356758118,15,6.937500,6722.000
1785141211.356758118,15,10.187500,8763.750
1785141211.356758118,15,11.750000,8815.750
1785141211.356758118,7,13.406250,8883.500
1785141211.356758118,8,15.062500,8832.250
1785141211.356758118,15,46.640625,106.000
1785141211.356758118,7,173.437500,10150.500
1785141211.356758118,15,178.421875,10616.250
1785141211.356758118,9,193.375000,6121.500
1785141211.356758118,7,198.390625,5553.750
1785141211.356758118,13,201.703125,5100.500
1785141211.356758118,15,204.968750,4760.500
1785141211.356758118,12,208.281250,4396.750
1785141211.356758118,15,211.609375,4169.000
1785141211.356758118,11,213.265625,4071.000
1785141211.356758118,15,214.921875,3963.500
1785141211.356758118,14,216.562500,3877.500
1785141211.356758118,9,234.796875,3046.500
1785141211.356758118,8,236.468750,3038.250
1785141211.356758118,15,238.140625,3008.500
1785141211.356758118,15,239.796875,2986.250
1785141211.356758118,7,241.421875,2952.000
1785141211.356758118,7,243.093750,2909.000
1785141211.356758118,15,244.734375,2890.500
1785141211.356758118,15,246.375000,2863.250
1785141211.356758118,15,248.031250,2842.000
1785141211.356758118,15,249.687500,2829.000
1785141211.356758118,7,253.093750,2387.500
1785141211.356758118,8,256.312500,2774.500
1785141211.356758118,8,257.984375,2780.250
1785141211.356758118,10,259.640625,2777.250
1785141211.356758118,10,261.265625,2780.000
1785141211.356758118,10,262.937500,2788.500
1785141211.356758118,15,266.359375,2307.250
1785141211.356758118,15,269.515625,2831.750
1785141211.356758118,15,271.171875,2841.250
1785141211.356758118,15,272.828125,2854.500
1785141211.356758118,15,281.125000,2345.250
1785141211.356758118,15,295.781250,3282.750
1785141211.356758118,15,297.421875,3327.750
1785141211.356758118,15,299.171875,3377.000
1785141211.356758118,15,300.796875,3428.000
1785141211.356758118,15,302.437500,3482.000
1785141211.356758118,15,304.078125,3555.750
1785141211.356758118,15,305.750000,3638.500
1785141211.356758118,12,340.406250,6200.000
1785141211.356758118,12,343.640625,9632.500
1785141211.356758118,15,345.312500,9550.250
1785141211.356758118,15,346.953125,9416.250
1785141211.356758118,15,348.609375,9339.750
1785141211.468067169,8,350.265625,9198.750
1785141211.468067169,15,356.937500,7026.750
1785141211.468067169,15,358.593750,6988.750
1785141211.468067169,15,0.250000,6983.750
1785141211.468067169,15,1.921875,7003.500
1785141211.468067169,15,6.890625,6726.500
1785141211.468067169,15,10.140625,8776.250
1785141211.468067169,15,11.703125,8839.500
1785141211.468067169,9,13.343750,8870.000
1785141211.468067169,8,14.984375,8807.000
1785141211.468067169,15,47.250000,106.250
1785141211.468067169,7,173.437500,10164.000
1785141211.468067169,15,178.359375,10688.500
1785141211.468067169,8,193.312500,6132.000
1785141211.468067169,9,198.296875,5558.750
1785141211.468067169,15,201.625000,5120.250
1785141211.468067169,15,211.546875,4171.000
1785141211.468067169,11,213.218750,4075.250
1785141211.468067169,15,214.843750,3966.000
1785141211.468067169,15,216.531250,3881.000
1785141211.468067169,9,234.765625,3035.750
1785141211.468067169,9,236.453125,3038.000
1785141211.468067169,15,238.109375,3008.250
1785141211.468067169,15,239.765625,2984.750
1785141211.468067169,6,241.406250,2953.750
1785141211.468067169,7,243.046875,2911.000
1785141211.468067169,6,244.703125,2891.000
1785141211.468067169,15,246.359375,2867.000
1785141211.468067169,15,248.031250,2845.000
1785141211.468067169,15,249.671875,2830.250
1785141211.468067169,15,253.078125,2356.750
1785141211.468067169,8,256.312500,2777.000
1785141211.468067169,7,257.984375,2782.500
1785141211.468067169,10,259.609375,2780.000
1785141211.468067169,9,261.281250,2782.000
1785141211.468067169,9,262.906250,2790.250
1785141211.468067169,15,266.343750,2305.000
1785141211.468067169,15,271.187500,2827.750
1785141211.468067169,13,272.812500,2853.750
1785141211.468067169,15,281.093750,2345.500
1785141211.468067169,13,282.750000,2348.000
1785141211.468067169,15,295.750000,3281.750
1785141211.468067169,15,297.375000,3326.000
1785141211.468067169,15,299.125000,3374.250
1785141211.468067169,15,300.765625,3424.750
1785141211.468067169,15,302.421875,3483.000
1785141211.468067169,15,304.062500,3556.250
1785141211.468067169,15,305.718750,3638.500
1785141211.468067169,15,340.375000,6184.250
1785141211.468067169,15,343.593750,9623.000
1785141211.468067169,15,345.265625,9543.000
1785141211.468067169,15,346.906250,9407.500
1785141211.468067169,15,348.562500,9335.500
1785141211.582269907,9,350.218750,9205.500
1785141211.582269907,15,356.890625,7046.500
1785141211.582269907,15,358.546875,6982.500
1785141211.582269907,15,0.203125,6981.000
1785141211.582269907,15,1.859375,7004.000
1785141211.582269907,15,6.828125,6732.250
1785141211.582269907,15,10.093750,8765.250
1785141211.582269907,15,11.656250,8839.750
1785141211.582269907,11,13.296875,8872.250
1785141211.582269907,7,14.953125,8859.000
1785141211.582269907,15,46.937500,106.250
1785141211.582269907,8,173.343750,10146.500
1785141211.582269907,15,178.265625,10686.250
1785141211.582269907,10,198.203125,5568.000
1785141211.582269907,15,201.515625,5120.000
1785141211.582269907,15,204.843750,4777.750
1785141211.582269907,15,208.171875,4418.250
1785141211.582269907,15,211.484375,4170.250
1785141211.582269907,9,213.140625,4074.750
1785141211.582269907,15,214.812500,3973.500
1785141211.582269907,15,216.453125,3888.750
1785141211.582269907,13,218.109375,3788.500
1785141211.582269907,14,234.703125,3039.500
1785141211.582269907,10,236.359375,3045.250
1785141211.582269907,15,238.031250,3006.500
1785141211.582269907,15,239.671875,2980.750
1785141211.582269907,7,241.328125,2953.000
1785141211.582269907,7,242.968750,2909.750
1785141211.582269907,7,244.625000,2892.250
1785141211.582269907,15,246.281250,2879.500
1785141211.582269907,15,247.953125,2855.250
1785141211.582269907,15,249.609375,2829.750
1785141211.582269907,9,256.187500,2771.000
1785141211.582269907,10,257.843750,2775.750
1785141211.582269907,9,259.500000,2778.750
1785141211.582269907,9,261.125000,2780.000
1785141211.582269907,10,262.796875,2786.500
1785141211.582269907,15,266.187500,2298.750
1785141211.582269907,15,271.031250,2826.000
1785141211.582269907,15,272.640625,2850.500
1785141211.582269907,7,274.296875,2864.500
1785141211.582269907,15,280.953125,2366.250
1785141211.582269907,15,282.609375,2347.250
1785141211.582269907,15,295.593750,3274.000
1785141211.582269907,15,297.218750,3312.250
1785141211.582269907,15,299.000000,3367.000
1785141211.582269907,15,300.656250,3429.500
1785141211.582269907,15,302.296875,3484.500
1785141211.582269907,15,303.937500,3556.500
1785141211.582269907,15,305.593750,3643.750
1785141211.582269907,15,340.187500,6063.500
1785141211.582269907,15,343.421875,9515.500
1785141211.582269907,15,345.078125,9431.000
1785141211.582269907,15,346.703125,9394.500
1785141211.582269907,15,348.343750,9316.000
1785141211.582269907,15,350.015625,9253.000
1785141211.694117785,15,356.687500,7028.750
1785141211.694117785,15,358.328125,6976.000
1785141211.694117785,15,359.968750,6983.000
1785141211.694117785,15,1.625000,6987.750
1785141211.694117785,15,6.593750,6739.000
1785141211.694117785,15,9.859375,8772.250
1785141211.694117785,15,11.437500,8881.250
1785141211.694117785,9,13.093750,8887.500
1785141211.694117785,15,46.781250,106.500
1785141211.694117785,15,164.875000,10322.250
1785141211.694117785,11,176.437500,10420.250
1785141211.694117785,15,178.078125,10585.500
1785141211.694117785,12,197.984375,5580.250
1785141211.694117785,15,201.328125,5129.500
1785141211.694117785,15,211.281250,4175.250
1785141211.694117785,13,212.953125,4110.250
1785141211.694117785,15,216.281250,3912.000
1785141211.694117785,14,234.546875,3027.250
1785141211.694117785,7,236.187500,3046.750
1785141211.694117785,15,237.859375,3008.000
1785141211.694117785,15,239.515625,2984.750
1785141211.694117785,7,241.156250,2965.000
1785141211.694117785,6,242.812500,2924.750
1785141211.694117785,7,244.453125,2903.500
1785141211.694117785,15,246.125000,2883.750
1785141211.694117785,15,247.781250,2854.500
1785141211.694117785,15,249.437500,2828.250
1785141211.694117785,9,257.656250,2780.500
1785141211.694117785,8,259.312500,2789.250
1785141211.694117785,11,260.968750,2785.750
1785141211.694117785,9,262.593750,2781.000
1785141211.694117785,15,266.031250,2288.000
1785141211.694117785,15,270.828125,2817.750
1785141211.694117785,10,272.484375,2852.500
1785141211.694117785,15,280.812500,2367.500
1785141211.694117785,15,282.468750,2341.750
1785141211.694117785,15,295.484375,3272.500
1785141211.694117785,15,297.125000,3308.500
1785141211.694117785,15,298.875000,3361.000
1785141211.694117785,15,300.515625,3425.000
1785141211.694117785,15,302.156250,3472.500
1785141211.694117785,15,305.468750,3635.500
1785141211.694117785,15,340.062500,6060.000
1785141211.694117785,15,343.281250,9524.000
1785141211.694117785,15,344.953125,9424.750
1785141211.694117785,15,346.578125,9393.250
1785141211.694117785,15,348.218750,9316.000
1785141211.694117785,15,349.890625,9250.000
1785141211.804699898,15,356.546875,7033.750
1785141211.804699898,15,358.203125,6996.500
1785141211.804699898,15,359.859375,6985.750
1785141211.804699898,15,1.515625,6956.000
1785141211.804699898,15,4.828125,6843.000
1785141211.804699898,15,6.468750,6747.250
1785141211.804699898,15,9.734375,8708.500
1785141211.804699898,15,11.328125,8878.750
1785141211.804699898,8,12.984375,8882.750
1785141211.804699898,9,14.625000,8853.500
1785141211.804699898,15,46.796875,106.500
1785141211.804699898,15,163.093750,10383.750
1785141211.804699898,15,164.734375,10362.500
1785141211.804699898,15,177.921875,10479.500
1785141211.804699898,10,192.875000,6181.000
1785141211.804699898,13,197.859375,5584.250
1785141211.804699898,15,201.187500,5153.250
1785141211.804699898,10,207.843750,4464.000
1785141211.804699898,15,211.171875,4183.500
1785141211.804699898,8,212.843750,4095.000
1785141211.804699898,15,214.500000,3991.000
1785141211.804699898,15,216.140625,3911.000
1785141211.804699898,11,217.828125,3831.000
1785141211.804699898,10,236.000000,3065.250
1785141211.804699898,15,237.687500,3016.500
1785141211.804699898,15,239.328125,2996.000
1785141211.804699898,7,240.984375,2964.750
1785141211.804699898,9,242.625000,2911.000
1785141211.804699898,13,244.265625,2888.000
1785141211.804699898,15,245.953125,2880.000
1785141211.804699898,15,247.578125,2857.000
1785141211.804699898,15,249.265625,2826.250
1785141211.804699898,9,257.500000,2779.500
1785141211.804699898,8,259.140625,2777.250
1785141211.804699898,10,260.796875,2778.000
1785141211.804699898,9,262.437500,2789.250
1785141211.804699898,15,270.640625,2831.250
1785141211.804699898,11,272.296875,2849.250
1785141211.804699898,15,280.687500,2363.750
1785141211.804699898,15,282.328125,2337.750
1785141211.804699898,15,295.375000,3277.000
1785141211.804699898,15,297.000000,3321.750
1785141211.804699898,15,298.750000,3374.750
1785141211.804699898,15,300.375000,3404.000
1785141211.804699898,15,302.031250,3467.000
1785141211.804699898,15,303.671875,3562.000
1785141211.804699898,15,305.343750,3642.500
1785141211.804699898,15,339.921875,6067.000
1785141211.804699898,15,343.140625,9531.500
1785141211.804699898,15,344.796875,9452.250
1785141211.804699898,15,346.453125,9425.750
1785141211.804699898,15,348.109375,9355.500
1785141211.804699898,15,349.765625,9264.000
1785141211.917127848,15,356.437500,7046.500
1785141211.917127848,15,358.078125,7008.750
1785141211.917127848,15,359.750000,6987.750
1785141211.917127848,15,1.406250,6960.250
1785141211.917127848,15,4.718750,6851.000
1785141211.917127848,15,6.375000,6737.750
1785141211.917127848,15,9.625000,8716.000
1785141211.917127848,15,11.234375,8876.750
1785141211.917127848,8,12.906250,8874.250
1785141211.917127848,12,14.546875,8815.250
1785141211.917127848,15,47.015625,107.000
1785141211.917127848,15,164.687500,10292.000
1785141211.917127848,10,197.796875,5612.250
1785141211.917127848,10,207.718750,4462.750
1785141211.917127848,15,211.046875,4171.500
1785141211.917127848,10,212.703125,4094.250
1785141211.917127848,15,216.031250,3893.750
1785141211.917127848,9,217.671875,3827.000
1785141211.917127848,15,219.328125,3729.500
1785141211.917127848,10,235.890625,3062.000
1785141211.917127848,15,237.531250,3019.000
1785141211.917127848,15,239.203125,2993.750
1785141211.917127848,15,240.828125,2964.500
1785141211.917127848,7,242.484375,2925.500
1785141211.917127848,7,244.125000,2897.250
1785141211.917127848,15,245.812500,2879.250
1785141211.917127848,15,247.437500,2863.750
1785141211.917127848,15,249.109375,2840.500
1785141211.917127848,8,257.359375,2786.000
1785141211.917127848,9,259.046875,2788.250
1785141211.917127848,9,260.687500,2796.500
1785141211.917127848,10,262.343750,2801.500
1785141211.917127848,15,267.390625,2299.000
1785141211.917127848,15,270.546875,2834.500
1785141211.917127848,11,272.187500,2853.000
1785141211.917127848,5,275.500000,2878.250
1785141211.917127848,15,280.593750,2360.750
1785141211.917127848,15,282.203125,2342.000
1785141211.917127848,15,293.578125,3254.250
1785141211.917127848,15,295.234375,3274.750
1785141211.917127848,15,296.875000,3317.500
1785141211.917127848,15,298.593750,3360.000
1785141211.917127848,15,300.218750,3397.500
1785141211.917127848,15,301.890625,3457.750
1785141211.917127848,15,303.515625,3533.500
1785141211.917127848,15,305.171875,3617.000
1785141211.917127848,15,339.765625,6117.750
1785141211.917127848,15,342.984375,9545.000
1785141211.917127848,15,344.640625,9445.500
1785141211.917127848,15,346.296875,9420.500
1785141211.917127848,15,347.953125,9356.750
1785141211.917127848,15,349.609375,9280.000
1785141212.027508020,15,356.281250,7004.750
1785141212.027508020,15,357.921875,6991.000
1785141212.027508020,15,359.562500,7026.500
1785141212.027508020,15,1.234375,7009.750
1785141212.027508020,15,2.890625,6988.750
1785141212.027508020,15,6.203125,6729.250
1785141212.027508020,15,11.078125,8847.000
1785141212.027508020,9,12.734375,8865.750
1785141212.027508020,8,14.390625,8816.500
1785141212.027508020,15,45.312500,107.000
1785141212.027508020,14,50.968750,101.000
1785141212.027508020,15,164.515625,10334.750
1785141212.027508020,8,194.390625,6162.250
1785141212.027508020,10,197.718750,5637.500
1785141212.027508020,15,201.062500,5182.750
1785141212.027508020,13,204.312500,4834.250
1785141212.027508020,12,210.937500,4198.750
1785141212.027508020,10,212.593750,4114.500
1785141212.027508020,9,214.281250,4030.500
1785141212.027508020,15,215.937500,3941.750
1785141212.027508020,8,217.578125,3845.250
1785141212.027508020,11,219.250000,3733.500
1785141212.027508020,10,235.781250,3072.250
1785141212.027508020,15,237.406250,3018.500
1785141212.027508020,15,239.078125,2986.500
1785141212.027508020,6,240.718750,2961.000
1785141212.027508020,8,242.390625,2923.000
1785141212.027508020,8,244.046875,2898.750
1785141212.027508020,15,245.687500,2885.500
1785141212.027508020,15,247.343750,2861.750
1785141212.027508020,15,248.968750,2831.500
1785141212.027508020,8,250.671875,2810.500
1785141212.027508020,8,257.265625,2780.250
1785141212.027508020,10,258.906250,2782.750
1785141212.027508020,10,260.562500,2792.000
1785141212.027508020,9,262.218750,2794.000
1785141212.027508020,15,267.281250,2308.000
1785141212.027508020,15,270.453125,2816.000
1785141212.027508020,15,272.109375,2848.000
1785141212.027508020,15,273.750000,2859.000
1785141212.027508020,15,280.421875,2359.250
1785141212.027508020,15,282.109375,2340.000
1785141212.027508020,15,295.109375,3263.000
1785141212.027508020,15,296.734375,3303.750
1785141212.027508020,15,298.453125,3365.000
1785141212.027508020,15,300.078125,3422.750
1785141212.027508020,15,301.718750,3475.500
1785141212.027508020,15,303.375000,3548.250
1785141212.027508020,15,305.000000,3628.500
1785141212.027508020,15,306.671875,3687.000
1785141212.027508020,15,339.609375,6115.500
1785141212.027508020,15,342.828125,9560.250
1785141212.027508020,15,344.468750,9520.250
1785141212.027508020,15,346.187500,9480.750
1785141212.027508020,15,347.812500,9353.500
1785141212.027508020,15,349.484375,9280.750
1785141212.139389038,15,357.812500,6997.000
1785141212.139389038,15,359.468750,7020.500
1785141212.139389038,15,1.125000,7004.250
1785141212.139389038,15,2.781250,6980.250
1785141212.139389038,15,6.109375,6730.500
1785141212.139389038,8,7.750000,6733.750
1785141212.139389038,15,10.937500,8840.750
1785141212.139389038,11,12.578125,8855.500
1785141212.139389038,8,14.234375,8835.250
1785141212.139389038,15,44.921875,107.500
1785141212.139389038,15,164.375000,10334.750
1785141212.139389038,9,166.031250,10166.750
1785141212.139389038,14,179.265625,10552.750
1785141212.139389038,14,197.593750,5622.750
1785141212.139389038,9,202.515625,5053.750
1785141212.139389038,8,209.156250,4371.000
1785141212.139389038,11,212.484375,4127.750
1785141212.139389038,15,215.796875,3942.000
1785141212.139389038,11,217.437500,3858.750
1785141212.139389038,10,235.703125,3069.250
1785141212.139389038,15,237.343750,3020.250
1785141212.139389038,15,239.015625,2995.250
1785141212.139389038,6,240.656250,2966.000
1785141212.139389038,7,242.296875,2922.750
1785141212.139389038,7,243.984375,2899.500
1785141212.139389038,15,245.609375,2885.000
1785141212.139389038,15,247.265625,2862.500
1785141212.139389038,15,248.906250,2834.750
1785141212.139389038,15,250.609375,2825.250
1785141212.139389038,9,257.203125,2782.250
1785141212.139389038,8,258.859375,2791.500
1785141212.139389038,9,260.515625,2793.500
1785141212.139389038,7,262.171875,2788.500
1785141212.139389038,8,263.781250,2806.000
1785141212.139389038,14,267.234375,2305.500
1785141212.139389038,15,270.406250,2827.250
1785141212.139389038,15,272.046875,2849.000
1785141212.139389038,15,280.359375,2351.250
1785141212.139389038,15,281.984375,2328.000
1785141212.139389038,15,294.984375,3276.500
1785141212.139389038,15,296.625000,3294.000
1785141212.139389038,15,298.250000,3343.500
1785141212.139389038,15,300.000000,3387.000
1785141212.139389038,15,301.640625,3459.250
1785141212.139389038,15,303.296875,3532.250
1785141212.139389038,15,304.937500,3610.250
1785141212.139389038,15,306.593750,3683.500
1785141212.139389038,15,339.593750,6116.750
1785141212.139389038,14,342.812500,9585.750
1785141212.139389038,15,344.484375,9477.250
1785141212.139389038,15,346.140625,9448.250
1785141212.139389038,15,347.781250,9366.500
1785141212.139389038,15,349.453125,9285.500
1785141212.250294924,15,357.765625,7009.500
1785141212.250294924,15,359.437500,7015.500
1785141212.250294924,15,1.093750,7001.750
1785141212.250294924,15,2.765625,6983.250
1785141212.250294924,15,6.078125,6731.750
1785141212.250294924,15,7.718750,6728.500
1785141212.250294924,15,10.890625,8837.250
1785141212.250294924,9,12.546875,8852.000
1785141212.250294924,8,14.187500,8839.750
1785141212.250294924,15,46.625000,107.500
1785141212.250294924,15,164.421875,10320.750
1785141212.250294924,15,179.296875,10560.500
1785141212.250294924,15,197.578125,5619.500
1785141212.250294924,15,210.843750,4203.250
1785141212.250294924,12,212.484375,4114.750
1785141212.250294924,15,214.140625,4027.750
1785141212.250294924,15,215.812500,3937.750
1785141212.250294924,15,219.140625,3735.250
1785141212.250294924,11,235.765625,3067.250
1785141212.250294924,15,237.453125,3018.250
1785141212.250294924,15,239.078125,2987.750
1785141212.250294924,6,240.734375,2957.750
1785141212.250294924,7,242.406250,2920.000
1785141212.250294924,8,244.046875,2898.250
1785141212.250294924,15,245.718750,2883.500
1785141212.250294924,15,247.359375,2865.500
1785141212.250294924,15,249.031250,2841.500
1785141212.250294924,8,250.687500,2815.750
1785141212.250294924,8,257.281250,2783.750
1785141212.250294924,9,258.953125,2786.500
1785141212.250294924,10,260.593750,2792.750
1785141212.250294924,8,262.250000,2792.500
1785141212.250294924,13,267.312500,2303.000
1785141212.250294924,15,270.500000,2817.500
1785141212.250294924,15,272.140625,2847.500
1785141212.250294924,15,280.437500,2355.750
1785141212.250294924,15,282.125000,2338.750
1785141212.250294924,15,295.125000,3264.500
1785141212.250294924,15,296.765625,3305.500
1785141212.250294924,15,298.468750,3364.000
1785141212.250294924,15,300.093750,3419.500
1785141212.250294924,15,301.765625,3475.500
1785141212.250294924,15,303.406250,3548.500
1785141212.250294924,15,305.062500,3627.250
1785141212.250294924,15,306.687500,3707.500
1785141212.250294924,15,339.703125,6109.000
1785141212.250294924,15,342.937500,9546.000
1785141212.250294924,15,344.593750,9447.750
1785141212.250294924,15,346.218750,9426.750
1785141212.250294924,15,347.875000,9403.500
1785141212.250294924,15,349.531250,9322.500
1785141212.362014055,15,357.859375,7000.500
1785141212.362014055,15,359.515625,7016.250
1785141212.362014055,15,1.187500,7002.000
1785141212.362014055,15,2.812500,6996.250
1785141212.362014055,15,6.140625,6733.000
1785141212.362014055,12,7.796875,6731.500
1785141212.362014055,15,10.984375,8850.500
1785141212.362014055,12,12.640625,8858.000
1785141212.362014055,8,14.296875,8843.750
1785141212.362014055,15,45.062500,107.250
1785141212.362014055,15,49.812500,101.000
1785141212.362014055,15,164.640625,10336.500
1785141212.362014055,7,192.843750,6157.000
1785141212.362014055,11,197.828125,5603.750
1785141212.362014055,15,211.093750,4180.500
1785141212.362014055,13,212.734375,4096.750
1785141212.362014055,15,216.062500,3910.500
1785141212.362014055,14,217.718750,3840.750
1785141212.362014055,9,236.046875,3051.250
1785141212.362014055,15,237.718750,3015.250
1785141212.362014055,15,239.359375,2993.750
1785141212.362014055,6,241.031250,2963.500
1785141212.362014055,7,242.703125,2917.000
1785141212.362014055,15,244.343750,2898.750
1785141212.362014055,15,246.031250,2885.000
1785141212.362014055,15,247.656250,2856.500
1785141212.362014055,15,249.328125,2828.000
1785141212.362014055,9,257.562500,2776.750
1785141212.362014055,9,259.234375,2777.750
1785141212.362014055,11,260.875000,2778.750
1785141212.362014055,9,262.546875,2783.250
1785141212.362014055,15,265.984375,2289.500
1785141212.362014055,15,270.796875,2827.750
1785141212.362014055,11,272.421875,2851.250
1785141212.362014055,15,280.781250,2364.500
1785141212.362014055,15,282.437500,2340.500
1785141212.362014055,15,295.437500,3271.250
1785141212.362014055,15,297.078125,3322.000
1785141212.362014055,15,298.843750,3375.750
1785141212.362014055,15,300.484375,3424.250
1785141212.362014055,15,302.156250,3484.750
1785141212.362014055,15,303.796875,3559.750
1785141212.362014055,15,305.437500,3636.750
1785141212.362014055,15,340.109375,6057.750
1785141212.362014055,15,343.328125,9514.750
1785141212.362014055,15,345.000000,9422.250
1785141212.362014055,15,346.593750,9391.000
1785141212.362014055,15,348.265625,9316.500
1785141212.362014055,15,349.906250,9253.250
1785141212.473567963,15,356.578125,7023.750
1785141212.473567963,15,358.218750,6992.000
1785141212.473567963,15,359.890625,6987.500
1785141212.473567963,15,1.531250,6965.250
1785141212.473567963,15,4.843750,6853.500
1785141212.473567963,15,6.500000,6753.750
1785141212.473567963,15,9.765625,8718.000
1785141212.473567963,15,11.375000,8875.750
1785141212.473567963,9,13.015625,8872.250
1785141212.473567963,15,45.828125,106.500
1785141212.473567963,10,173.359375,10150.500
1785141212.473567963,15,178.328125,10685.500
1785141212.473567963,9,193.328125,6126.750
1785141212.473567963,8,198.312500,5560.500
1785141212.473567963,15,201.640625,5110.250
1785141212.473567963,15,204.968750,4757.500
1785141212.473567963,11,208.296875,4418.000
1785141212.473567963,15,211.625000,4169.250
1785141212.473567963,10,213.296875,4071.000
1785141212.473567963,15,214.937500,3967.000
1785141212.473567963,7,216.593750,3879.250
1785141212.473567963,11,234.875000,3045.750
1785141212.473567963,15,236.546875,3036.750
1785141212.473567963,15,238.203125,3012.500
1785141212.473567963,15,239.859375,2990.750
1785141212.473567963,8,241.515625,2951.250
1785141212.473567963,8,243.156250,2908.000
1785141212.473567963,15,244.812500,2890.750
1785141212.473567963,15,246.468750,2872.750
1785141212.473567963,15,248.140625,2848.750
1785141212.473567963,15,249.781250,2828.250
1785141212.473567963,11,253.203125,2373.250
1785141212.473567963,9,256.406250,2773.250
1785141212.473567963,8,258.062500,2776.750
1785141212.473567963,10,259.703125,2776.500
1785141212.473567963,11,261.359375,2779.750
1785141212.473567963,11,263.015625,2789.250
1785141212.473567963,13,266.437500,2293.250
1785141212.473567963,11,269.640625,2810.000
1785141212.473567963,15,271.265625,2829.750
1785141212.473567963,12,272.906250,2853.500
1785141212.473567963,15,281.250000,2343.000
1785141212.473567963,15,295.937500,3281.500
1785141212.473567963,15,297.562500,3328.500
1785141212.473567963,15,299.359375,3385.250
1785141212.473567963,15,301.000000,3443.500
1785141212.473567963,15,302.671875,3499.750
1785141212.473567963,15,304.312500,3573.500
1785141212.473567963,15,305.984375,3664.000
1785141212.473567963,15,343.875000,9592.000
1785141212.473567963,15,345.531250,9480.500
1785141212.473567963,15,347.156250,9353.250
1785141212.473567963,15,348.812500,9311.250
1785141212.585222006,15,357.140625,7017.500
1785141212.585222006,15,358.796875,6993.500
1785141212.585222006,15,0.453125,6965.750
1785141212.585222006,15,2.109375,6958.250
1785141212.585222006,7,3.781250,6879.500
1785141212.585222006,15,5.421875,6770.250
1785141212.585222006,15,7.078125,6727.250
1785141212.585222006,15,10.281250,8781.750
1785141212.585222006,10,11.937500,8823.500
1785141212.585222006,14,13.593750,8797.750
1785141212.585222006,9,15.250000,8837.000
1785141212.585222006,15,47.828125,105.750
1785141212.585222006,15,163.953125,10373.000
1785141212.585222006,15,165.609375,10214.250
1785141212.585222006,8,175.515625,10128.500
1785141212.585222006,15,178.843750,10625.000
1785141212.585222006,15,203.828125,4892.500
1785141212.585222006,10,208.812500,4387.500
1785141212.585222006,11,212.125000,4133.750
1785141212.585222006,15,215.437500,3949.500
1785141212.585222006,15,218.796875,3753.250
1785141212.585222006,15,237.031250,3045.750
1785141212.585222006,15,238.671875,3021.000
1785141212.585222006,7,240.343750,2989.500
1785141212.585222006,6,242.000000,2939.250
1785141212.585222006,7,243.640625,2911.500
1785141212.585222006,15,245.281250,2893.750
1785141212.585222006,15,246.953125,2865.250
1785141212.585222006,15,248.593750,2844.500
1785141212.585222006,15,250.250000,2827.750
1785141212.585222006,5,253.671875,2366.250
1785141212.585222006,11,256.875000,2783.000
1785141212.585222006,8,258.531250,2786.000
1785141212.585222006,8,260.171875,2784.500
1785141212.585222006,9,261.859375,2790.500
1785141212.585222006,9,263.500000,2798.250
1785141212.585222006,15,266.921875,2316.000
1785141212.585222006,15,270.078125,2823.250
1785141212.585222006,15,271.718750,2846.000
1785141212.585222006,15,273.375000,2857.000
1785141212.585222006,15,280.093750,2335.000
1785141212.585222006,15,281.765625,2317.750
1785141212.585222006,15,294.750000,3268.750
1785141212.585222006,15,296.421875,3291.250
1785141212.585222006,15,298.062500,3340.000
1785141212.585222006,15,299.812500,3380.500
1785141212.585222006,15,301.453125,3439.000
1785141212.585222006,15,303.125000,3510.500
1785141212.585222006,15,304.765625,3597.000
1785141212.585222006,15,306.421875,3674.250
1785141212.585222006,15,342.656250,9652.500
1785141212.585222006,14,344.312500,9541.000
1785141212.585222006,15,345.968750,9433.750
1785141212.585222006,15,347.625000,9360.000
1785141212.585222006,15,349.265625,9297.500
1785141212.696143866,15,357.593750,7002.250
1785141212.696143866,15,359.265625,6998.500
1785141212.696143866,15,0.921875,6971.000
1785141212.696143866,15,2.593750,6986.750
1785141212.696143866,15,5.906250,6713.500
1785141212.696143866,15,7.562500,6730.500
1785141212.696143866,15,10.796875,8821.750
1785141212.696143866,10,12.453125,8819.750
1785141212.696143866,10,14.093750,8820.750
1785141212.696143866,15,46.593750,107.250
1785141212.696143866,15,50.671875,101.500
1785141212.696143866,15,164.359375,10338.500
1785141212.696143866,12,166.015625,10172.250
1785141212.696143866,15,179.281250,10562.250
1785141212.696143866,9,192.625000,6185.750
1785141212.696143866,11,197.609375,5621.750
1785141212.696143866,15,210.890625,4202.000
1785141212.696143866,10,212.531250,4115.250
1785141212.696143866,15,214.203125,4026.500
1785141212.696143866,15,215.859375,3934.750
1785141212.696143866,15,219.203125,3732.000
1785141212.696143866,10,235.765625,3066.250
1785141212.696143866,15,237.406250,3020.000
1785141212.696143866,15,239.062500,2997.500
1785141212.696143866,6,240.734375,2965.250
1785141212.696143866,6,242.390625,2920.500
1785141212.696143866,9,244.015625,2898.500
1785141212.696143866,15,245.703125,2884.000
1785141212.696143866,15,247.343750,2862.750
1785141212.696143866,15,248.984375,2839.250
1785141212.696143866,8,250.687500,2817.750
1785141212.696143866,8,257.281250,2784.250
1785141212.696143866,9,258.953125,2786.500
1785141212.696143866,11,260.609375,2792.250
1785141212.696143866,9,262.265625,2791.750
1785141212.696143866,15,267.328125,2302.750
1785141212.696143866,15,270.515625,2833.750
1785141212.696143866,15,272.156250,2848.250
1785141212.696143866,3,275.421875,2881.750
1785141212.696143866,15,280.500000,2356.500
1785141212.696143866,15,282.140625,2337.750
1785141212.696143866,15,295.171875,3266.000
1785141212.696143866,15,296.828125,3312.750
1785141212.696143866,15,298.546875,3370.750
1785141212.696143866,15,300.187500,3420.000
1785141212.696143866,15,301.843750,3470.500
1785141212.696143866,15,303.484375,3534.750
1785141212.696143866,15,305.140625,3615.750
1785141212.696143866,15,339.765625,6105.750
1785141212.696143866,15,342.984375,9545.000
1785141212.696143866,15,344.656250,9440.750
1785141212.696143866,15,346.343750,9429.750
1785141212.696143866,15,347.984375,9361.750
1785141212.696143866,15,349.640625,9264.250
1785141212.807702065,15,356.328125,7012.000
1785141212.807702065,15,357.984375,7000.250
1785141212.807702065,15,359.625000,6993.750
1785141212.807702065,15,1.296875,6965.750
1785141212.807702065,7,2.953125,6986.750
1785141212.807702065,15,6.281250,6745.750
1785141212.807702065,15,11.156250,8846.750
1785141212.807702065,8,12.812500,8859.000
1785141212.807702065,9,14.453125,8820.250
1785141212.807702065,15,45.750000,106.750
1785141212.807702065,15,163.125000,10386.000
1785141212.807702065,15,164.781250,10359.250
1785141212.807702065,12,198.046875,5589.500
1785141212.807702065,15,201.375000,5128.000
1785141212.807702065,15,211.281250,4175.250
1785141212.807702065,14,212.937500,4108.750
1785141212.807702065,15,216.250000,3908.250
1785141212.807702065,6,217.921875,3829.000
1785141212.807702065,14,234.546875,3028.000
1785141212.807702065,7,236.171875,3049.250
1785141212.807702065,15,237.859375,3009.250
1785141212.807702065,15,239.500000,2984.500
1785141212.807702065,7,241.171875,2964.250
1785141212.807702065,6,242.828125,2920.250
1785141212.807702065,6,244.453125,2897.750
1785141212.807702065,15,246.109375,2881.750
1785141212.807702065,15,247.781250,2855.750
1785141212.807702065,15,249.421875,2829.250
1785141212.807702065,8,257.718750,2778.750
1785141212.807702065,7,259.390625,2786.000
1785141212.807702065,9,261.046875,2784.250
1785141212.807702065,8,262.687500,2785.000
1785141212.807702065,15,266.093750,2298.000
1785141212.807702065,15,270.921875,2820.250
1785141212.807702065,15,272.562500,2849.500
1785141212.807702065,15,280.921875,2368.250
1785141212.807702065,15,282.546875,2343.250
1785141212.807702065,15,295.593750,3273.750
1785141212.807702065,15,297.250000,3313.000
1785141212.807702065,15,298.968750,3367.750
1785141212.807702065,15,300.609375,3429.750
1785141212.807702065,15,302.250000,3484.750
1785141212.807702065,15,303.890625,3553.250
1785141212.807702065,15,305.531250,3637.000
1785141212.807702065,15,340.203125,6069.750
1785141212.807702065,15,343.437500,9461.500
1785141212.807702065,15,345.093750,9427.750
1785141212.807702065,15,346.750000,9388.500
1785141212.807702065,15,348.406250,9309.500
1785141212.807702065,15,350.062500,9246.500
1785141212.919438124,15,356.734375,7030.750
1785141212.919438124,15,358.390625,6985.000
1785141212.919438124,15,0.046875,6983.500
1785141212.919438124,15,1.718750,6982.000
1785141212.919438124,15,5.031250,6859.750
1785141212.919438124,15,6.687500,6749.500
1785141212.919438124,15,9.953125,8776.250
1785141212.919438124,15,11.515625,8885.500
1785141212.919438124,10,13.171875,8888.250
1785141212.919438124,7,14.828125,8872.250
1785141212.919438124,15,46.625000,106.250
1785141212.919438124,12,173.390625,10188.500
1785141212.919438124,15,178.375000,10627.750
1785141212.919438124,10,193.359375,6115.750
1785141212.919438124,8,198.328125,5558.750
1785141212.919438124,15,201.640625,5106.250
1785141212.919438124,12,204.937500,4760.250
1785141212.919438124,11,208.250000,4420.000
1785141212.919438124,15,211.593750,4167.000
1785141212.919438124,10,213.250000,4073.000
1785141212.919438124,15,214.921875,3970.500
1785141212.919438124,15,216.562500,3883.500
1785141212.919438124,15,218.234375,3788.000
1785141212.919438124,9,234.828125,3044.250
1785141212.919438124,15,236.500000,3035.500
1785141212.919438124,15,238.125000,3001.750
1785141212.919438124,15,239.781250,2979.500
1785141212.919438124,7,241.437500,2949.250
1785141212.919438124,6,243.125000,2907.750
1785141212.919438124,15,244.765625,2890.750
1785141212.919438124,15,246.390625,2869.000
1785141212.919438124,15,248.046875,2847.250
1785141212.919438124,15,249.734375,2831.000
1785141212.919438124,9,253.171875,2373.500
1785141212.919438124,9,256.390625,2773.500
1785141212.919438124,8,258.062500,2776.750
1785141212.919438124,10,259.718750,2775.750
1785141212.919438124,10,261.359375,2778.750
1785141212.919438124,10,263.031250,2789.250
1785141212.919438124,12,266.453125,2292.250
1785141212.919438124,15,269.609375,2810.750
1785141212.919438124,15,271.281250,2829.750
1785141212.919438124,13,272.921875,2852.500
1785141212.919438124,15,281.218750,2344.000
1785141212.919438124,15,295.890625,3281.750
1785141212.919438124,15,297.562500,3328.250
1785141212.919438124,15,299.281250,3381.250
1785141212.919438124,15,300.906250,3429.250
1785141212.919438124,15,302.578125,3488.500
1785141212.919438124,15,304.218750,3574.500
1785141212.919438124,15,305.859375,3661.250
1785141212.919438124,7,343.781250,9716.500
1785141212.919438124,15,347.093750,9385.750
1785141212.919438124,15,348.765625,9330.500
1785141213.030799866,15,357.109375,7012.000
1785141213.030799866,15,358.765625,6991.750
1785141213.030799866,15,0.406250,6965.750
1785141213.030799866,15,2.078125,6977.250
1785141213.030799866,8,3.750000,6903.250
1785141213.030799866,15,5.390625,6774.750
1785141213.030799866,15,7.046875,6731.500
1785141213.030799866,13,11.875000,8822.500
1785141213.030799866,12,13.531250,8816.000
1785141213.030799866,15,48.093750,106.000
1785141213.030799866,15,165.578125,10159.250
1785141213.030799866,15,178.765625,10674.000
1785141213.030799866,8,193.734375,6130.000
1785141213.030799866,14,202.046875,5088.500
1785141213.030799866,8,208.656250,4396.750
1785141213.030799866,15,211.968750,4133.500
1785141213.030799866,15,215.296875,3942.500
1785141213.030799866,15,218.625000,3748.500
1785141213.030799866,15,236.921875,3038.000
1785141213.030799866,15,238.578125,3018.500
1785141213.030799866,6,240.234375,2986.750
1785141213.030799866,7,241.906250,2942.750
1785141213.030799866,8,243.562500,2911.750
1785141213.030799866,15,245.234375,2888.750
1785141213.030799866,15,246.890625,2864.250
1785141213.030799866,15,248.515625,2844.000
1785141213.030799866,15,250.187500,2829.750
1785141213.030799866,4,253.625000,2361.750
1785141213.030799866,10,256.796875,2782.250
1785141213.030799866,8,258.468750,2784.250
1785141213.030799866,9,260.109375,2787.500
1785141213.030799866,8,261.750000,2791.250
1785141213.030799866,10,263.421875,2795.250
1785141213.030799866,15,266.859375,2315.250
1785141213.030799866,15,270.015625,2820.750
1785141213.030799866,15,271.656250,2843.500
1785141213.030799866,15,273.312500,2857.500
1785141213.030799866,15,279.984375,2341.500
1785141213.030799866,15,281.656250,2331.000
1785141213.030799866,15,294.671875,3268.500
1785141213.030799866,15,296.296875,3292.500
1785141213.030799866,15,297.921875,3341.250
1785141213.030799866,15,299.687500,3384.500
1785141213.030799866,15,301.343750,3442.500
1785141213.030799866,15,303.000000,3518.250
1785141213.030799866,15,304.640625,3599.000
1785141213.030799866,15,306.312500,3674.250
1785141213.030799866,15,342.609375,9653.500
1785141213.030799866,15,344.250000,9511.500
1785141213.030799866,15,345.921875,9389.250
1785141213.030799866,15,347.531250,9314.750
1785141213.030799866,15,349.187500,9306.500
1785141213.141098022,15,357.531250,7029.750
1785141213.141098022,15,359.203125,6970.250
1785141213.141098022,15,0.828125,6973.500
1785141213.141098022,15,2.500000,6993.750
1785141213.141098022,15,5.812500,6722.000
1785141213.141098022,15,7.468750,6719.750
1785141213.141098022,15,10.671875,8824.750
1785141213.141098022,12,12.328125,8790.250
1785141213.141098022,12,13.984375,8777.250
1785141213.141098022,15,45.312500,107.750
1785141213.141098022,15,50.281250,102.000
1785141213.141098022,15,164.390625,10336.750
1785141213.141098022,10,166.046875,10153.500
1785141213.141098022,15,179.250000,10567.750
1785141213.141098022,14,197.562500,5616.500
1785141213.141098022,8,202.500000,5045.750
1785141213.141098022,8,209.156250,4330.500
1785141213.141098022,15,210.828125,4204.250
1785141213.141098022,12,212.468750,4123.750
1785141213.141098022,15,215.781250,3932.250
1785141213.141098022,15,219.109375,3732.000
1785141213.141098022,9,235.703125,3065.250
1785141213.141098022,15,237.375000,3021.750
1785141213.141098022,15,239.031250,2999.500
1785141213.141098022,6,240.671875,2967.250
1785141213.141098022,8,242.328125,2922.250
1785141213.141098022,9,244.015625,2898.500
1785141213.141098022,15,245.625000,2884.000
1785141213.141098022,15,247.296875,2863.250
1785141213.141098022,15,248.968750,2837.250
1785141213.141098022,15,250.625000,2823.500
1785141213.141098022,9,257.218750,2781.250
1785141213.141098022,10,258.859375,2788.750
1785141213.141098022,9,260.531250,2790.500
1785141213.141098022,9,262.187500,2785.750
1785141213.141098022,15,267.218750,2305.000
1785141213.141098022,15,270.406250,2824.250
1785141213.141098022,15,272.093750,2844.000
1785141213.141098022,7,273.718750,2858.500
1785141213.141098022,15,280.437500,2351.250
1785141213.141098022,15,282.046875,2334.500
1785141213.141098022,15,295.062500,3267.000
1785141213.141098022,15,296.734375,3307.000
1785141213.141098022,15,298.500000,3363.250
1785141213.141098022,15,300.140625,3419.000
1785141213.141098022,15,301.796875,3477.250
1785141213.141098022,15,303.437500,3542.750
1785141213.141098022,15,305.093750,3616.750
1785141213.141098022,15,306.750000,3707.000
1785141213.141098022,15,339.796875,6104.500
1785141213.141098022,15,343.031250,9531.500
1785141213.141098022,15,344.687500,9439.000
1785141213.141098022,15,346.312500,9431.250
1785141213.141098022,15,347.968750,9369.500
1785141213.141098022,15,349.625000,9276.000
1785141213.253355026,15,356.312500,7010.250
1785141213.253355026,15,357.968750,6997.500
1785141213.253355026,15,359.625000,7000.750
1785141213.253355026,15,1.281250,6973.500
1785141213.253355026,13,2.937500,6989.500
1785141213.253355026,15,6.265625,6747.000
1785141213.253355026,15,11.109375,8851.500
1785141213.253355026,8,12.765625,8868.750
1785141213.253355026,10,14.421875,8832.250
1785141213.253355026,15,45.687500,106.750
1785141213.253355026,12,163.171875,10229.250
1785141213.253355026,15,164.828125,10219.500
1785141213.253355026,15,176.406250,10423.500
1785141213.253355026,15,178.062500,10597.000
1785141213.253355026,10,198.062500,5584.000
1785141213.253355026,14,201.390625,5128.750
1785141213.253355026,15,204.718750,4774.000
1785141213.253355026,15,211.390625,4169.750
1785141213.253355026,9,213.031250,4079.750
1785141213.253355026,14,214.718750,3976.000
1785141213.253355026,15,216.343750,3889.000
1785141213.253355026,14,218.015625,3797.750
1785141213.253355026,12,234.625000,3027.250
1785141213.253355026,10,236.296875,3045.000
1785141213.253355026,15,237.953125,3004.750
1785141213.253355026,15,239.593750,2981.750
1785141213.253355026,15,241.234375,2958.000
1785141213.253355026,8,242.921875,2912.500
1785141213.253355026,7,244.562500,2892.750
1785141213.253355026,15,246.203125,2879.250
1785141213.253355026,15,247.875000,2856.500
1785141213.253355026,15,249.515625,2830.250
1785141213.253355026,15,252.890625,2392.250
1785141213.253355026,9,256.109375,2786.750
1785141213.253355026,7,257.781250,2779.500
1785141213.253355026,9,259.421875,2784.750
1785141213.253355026,10,261.046875,2783.250
1785141213.253355026,9,262.718750,2786.750
1785141213.253355026,15,266.109375,2298.250
1785141213.253355026,15,270.968750,2821.500
1785141213.253355026,15,272.593750,2850.000
1785141213.253355026,15,280.906250,2368.750
1785141213.253355026,15,282.562500,2343.750
1785141213.253355026,15,295.562500,3276.250
1785141213.253355026,15,297.218750,3316.750
1785141213.253355026,15,299.000000,3369.750
1785141213.253355026,15,300.625000,3431.000
1785141213.253355026,15,302.296875,3488.250
1785141213.253355026,15,303.937500,3555.500
1785141213.253355026,15,305.625000,3640.750
1785141213.253355026,15,340.250000,6084.250
1785141213.253355026,15,343.453125,9457.250
1785141213.253355026,15,345.109375,9422.250
1785141213.253355026,15,346.734375,9386.000
1785141213.253355026,15,348.406250,9314.500
1785141213.253355026,15,350.046875,9252.500
1785141213.364178896,15,356.718750,7027.750
1785141213.364178896,15,358.359375,6985.000
1785141213.364178896,15,0.031250,6982.000
1785141213.364178896,15,1.687500,6976.750
1785141213.364178896,15,5.000000,6858.500
1785141213.364178896,15,6.656250,6746.250
1785141213.364178896,15,9.906250,8778.000
1785141213.364178896,15,11.546875,8889.750
1785141213.364178896,11,13.203125,8891.250
1785141213.364178896,7,14.859375,8858.750
1785141213.364178896,15,46.265625,106.250
1785141213.364178896,12,173.406250,10161.000
1785141213.364178896,15,178.390625,10617.750
1785141213.364178896,11,193.375000,6112.500
1785141213.364178896,9,198.359375,5553.750
1785141213.364178896,14,201.703125,5107.000
1785141213.364178896,13,205.046875,4758.000
1785141213.364178896,10,208.375000,4414.250
1785141213.364178896,15,211.687500,4165.250
1785141213.364178896,10,213.343750,4072.000
1785141213.364178896,15,215.000000,3969.250
1785141213.364178896,8,216.703125,3867.250
1785141213.364178896,15,218.343750,3765.500
1785141213.364178896,8,233.250000,3078.250
1785141213.364178896,13,234.937500,3078.250
1785141213.364178896,15,236.593750,3038.250
1785141213.364178896,15,238.250000,3009.750
1785141213.364178896,15,239.906250,2987.500
1785141213.364178896,7,241.562500,2949.000
1785141213.364178896,7,243.218750,2907.250
1785141213.364178896,15,244.859375,2891.750
1785141213.364178896,15,246.546875,2873.250
1785141213.364178896,15,248.203125,2847.250
1785141213.364178896,15,249.859375,2827.000
1785141213.364178896,11,253.218750,2372.500
1785141213.364178896,9,256.453125,2777.750
1785141213.364178896,9,258.109375,2775.750
1785141213.364178896,9,259.750000,2775.250
1785141213.364178896,9,261.390625,2778.500
1785141213.364178896,11,263.046875,2791.250
1785141213.364178896,11,266.484375,2292.500
1785141213.364178896,15,269.656250,2811.500
1785141213.364178896,15,271.296875,2832.000
1785141213.364178896,15,272.937500,2850.500
1785141213.364178896,15,281.281250,2343.500
1785141213.364178896,15,295.937500,3285.750
1785141213.364178896,15,297.593750,3326.750
1785141213.364178896,15,299.296875,3384.750
1785141213.364178896,15,300.968750,3443.250
1785141213.364178896,15,302.625000,3499.000
1785141213.364178896,15,304.265625,3575.000
1785141213.364178896,15,305.906250,3660.750
1785141213.364178896,15,345.390625,9496.750
1785141213.364178896,15,347.062500,9384.000
1785141213.364178896,15,348.718750,9337.500
1785141213.476306915,15,357.046875,6994.000
1785141213.476306915,15,358.703125,6961.500
1785141213.476306915,15,0.359375,6964.750
1785141213.476306915,15,2.015625,6977.500
1785141213.476306915,15,6.984375,6735.000
1785141213.476306915,15,10.234375,8820.000
1785141213.476306915,13,11.875000,8816.250
1785141213.476306915,9,13.531250,8812.500
1785141213.476306915,8,15.187500,8829.500
1785141213.476306915,15,46.921875,105.750
1785141213.476306915,15,165.453125,10333.250
1785141213.476306915,7,173.703125,10169.500
1785141213.476306915,15,178.687500,10630.000
1785141213.476306915,7,193.671875,6124.500
1785141213.476306915,12,198.640625,5522.500
1785141213.476306915,13,201.968750,5099.750
1785141213.476306915,11,208.578125,4398.750
1785141213.476306915,15,211.890625,4152.000
1785141213.476306915,10,213.562500,4059.750
1785141213.476306915,15,215.218750,3957.000
1785141213.476306915,15,218.562500,3748.500
1785141213.476306915,15,236.796875,3039.500
1785141213.476306915,15,238.437500,3017.500
1785141213.476306915,15,240.093750,2985.500
1785141213.476306915,8,241.734375,2942.750
1785141213.476306915,8,243.437500,2908.750
1785141213.476306915,15,245.078125,2891.250
1785141213.476306915,15,246.734375,2873.750
1785141213.476306915,15,248.359375,2850.500
1785141213.476306915,15,250.015625,2831.000
1785141213.476306915,5,253.468750,2385.500
1785141213.476306915,10,256.671875,2789.500
1785141213.476306915,9,258.328125,2781.500
1785141213.476306915,10,259.984375,2783.750
1785141213.476306915,9,261.640625,2788.250
1785141213.476306915,8,263.296875,2792.500
1785141213.476306915,15,266.734375,2302.000
1785141213.476306915,15,269.890625,2819.500
1785141213.476306915,15,271.515625,2842.750
1785141213.476306915,15,273.187500,2852.000
1785141213.476306915,15,279.906250,2346.750
1785141213.476306915,15,281.546875,2330.500
1785141213.476306915,15,296.203125,3297.250
1785141213.476306915,15,297.859375,3346.500
1785141213.476306915,15,299.578125,3395.500
1785141213.476306915,15,301.234375,3450.000
1785141213.476306915,15,302.875000,3513.000
1785141213.476306915,15,304.515625,3590.250
1785141213.476306915,15,306.156250,3671.000
1785141213.476306915,15,344.000000,9442.250
1785141213.476306915,15,345.656250,9407.000
1785141213.476306915,15,347.312500,9367.000
1785141213.476306915,15,348.984375,9322.000
1785141213.586713076,14,353.968750,8379.000
1785141213.586713076,15,357.312500,7039.500
1785141213.586713076,15,358.968750,6990.250
1785141213.586713076,15,0.625000,6964.500
1785141213.586713076,15,2.281250,6974.250
1785141213.586713076,15,5.578125,6736.750
1785141213.586713076,15,7.250000,6705.000
1785141213.586713076,15,10.453125,8774.750
1785141213.586713076,11,12.109375,8811.250
1785141213.586713076,10,13.765625,8828.500
1785141213.586713076,15,45.718750,108.500
1785141213.586713076,15,47.718750,105.750
1785141213.586713076,15,164.078125,10338.500
1785141213.586713076,15,165.718750,10238.000
1785141213.586713076,15,178.984375,10671.250
1785141213.586713076,11,197.296875,5630.500
1785141213.586713076,10,202.312500,5040.000
1785141213.586713076,8,208.890625,4365.750
1785141213.586713076,13,212.203125,4129.250
1785141213.586713076,15,215.515625,3947.500
1785141213.586713076,15,218.859375,3750.500
1785141213.586713076,10,223.875000,3192.750
1785141213.586713076,15,237.093750,3035.750
1785141213.586713076,15,238.750000,2998.500
1785141213.586713076,15,240.406250,2974.750
1785141213.586713076,7,242.093750,2938.000
1785141213.586713076,7,243.750000,2907.750
1785141213.586713076,15,245.406250,2890.250
1785141213.586713076,15,247.062500,2862.250
1785141213.586713076,15,248.687500,2842.250
1785141213.586713076,15,250.343750,2827.750
1785141213.586713076,15,253.828125,2381.750
1785141213.586713076,8,257.031250,2778.000
1785141213.586713076,8,258.687500,2781.250
1785141213.586713076,9,260.328125,2783.750
1785141213.586713076,15,261.984375,2786.500
1785141213.586713076,8,263.625000,2798.000
1785141213.586713076,11,267.031250,2289.750
1785141213.586713076,15,270.250000,2826.000
1785141213.586713076,15,271.890625,2847.500
1785141213.586713076,15,273.531250,2868.250
1785141213.586713076,15,280.250000,2346.000
1785141213.586713076,15,281.890625,2321.750
1785141213.586713076,15,294.937500,3279.250
1785141213.586713076,15,296.578125,3295.000
1785141213.586713076,15,298.203125,3344.000
1785141213.586713076,15,299.921875,3388.750
1785141213.586713076,15,301.578125,3459.000
1785141213.586713076,15,303.218750,3525.750
1785141213.586713076,15,306.531250,3684.250
1785141213.586713076,15,339.546875,6118.750
1785141213.586713076,13,342.781250,9583.000
1785141213.586713076,15,344.437500,9485.250
1785141213.586713076,15,346.093750,9449.250
1785141213.586713076,15,347.750000,9369.500
1785141213.586713076,15,349.421875,9297.750
1785141213.698343992,15,357.734375,7028.750
1785141213.698343992,15,359.390625,7037.000
1785141213.698343992,15,1.062500,7005.750
1785141213.698343992,15,2.718750,6986.500
1785141213.698343992,15,6.046875,6732.000
1785141213.698343992,15,7.703125,6724.250
1785141213.698343992,15,10.859375,8822.250
1785141213.698343992,8,12.515625,8833.750
1785141213.698343992,9,14.171875,8846.250
1785141213.698343992,15,44.875000,107.500
1785141213.698343992,15,49.640625,101.500
1785141213.698343992,15,164.546875,10336.000
1785141213.698343992,7,167.859375,10342.750
1785141213.698343992,15,177.781250,10515.500
1785141213.698343992,8,192.765625,6183.500
1785141213.698343992,9,197.750000,5612.250
1785141213.698343992,15,211.015625,4197.500
1785141213.698343992,11,212.671875,4098.500
1785141213.698343992,13,214.343750,4003.250
1785141213.698343992,15,215.984375,3925.250
1785141213.698343992,10,217.671875,3840.000
1785141213.698343992,15,219.328125,3733.750
1785141213.698343992,9,235.937500,3059.750
1785141213.698343992,15,237.593750,3016.750
1785141213.698343992,15,239.234375,2989.500
1785141213.698343992,15,240.906250,2957.750
1785141213.698343992,7,242.546875,2914.750
1785141213.698343992,6,244.218750,2892.500
1785141213.698343992,15,245.859375,2879.500
1785141213.698343992,15,247.515625,2860.500
1785141213.698343992,15,249.187500,2838.000
1785141213.698343992,9,257.468750,2785.000
1785141213.698343992,9,259.093750,2781.000
1785141213.698343992,9,260.781250,2781.250
1785141213.698343992,8,262.421875,2790.500
1785141213.698343992,14,267.500000,2298.500
1785141213.698343992,15,270.687500,2827.500
1785141213.698343992,15,272.296875,2847.500
1785141213.698343992,15,273.953125,2865.250
1785141213.698343992,15,280.593750,2362.500
1785141213.698343992,15,282.281250,2339.000
1785141213.698343992,15,295.281250,3274.000
1785141213.698343992,15,296.906250,3313.500
1785141213.698343992,15,298.656250,3366.000
1785141213.698343992,15,300.296875,3409.750
1785141213.698343992,15,301.953125,3464.500
1785141213.698343992,15,303.593750,3541.250
1785141213.698343992,15,305.234375,3628.250
1785141213.698343992,15,339.937500,6064.000
1785141213.698343992,15,343.187500,9517.250
1785141213.698343992,15,344.843750,9427.750
1785141213.698343992,15,346.453125,9423.000
1785141213.698343992,15,348.125000,9357.250
1785141213.698343992,15,349.781250,9267.250
1785141213.810544968,15,356.437500,7039.250
1785141213.810544968,15,358.109375,7007.750
1785141213.810544968,15,1.421875,6982.500
1785141213.810544968,15,4.750000,6855.500
1785141213.810544968,15,6.390625,6747.000
1785141213.810544968,15,9.656250,8717.250
1785141213.810544968,15,11.234375,8855.000
1785141213.810544968,9,12.890625,8844.500
1785141213.810544968,11,14.531250,8813.000
1785141213.810544968,15,22.640625,920.500
1785141213.810544968,15,24.171875,916.750
1785141213.810544968,15,46.125000,106.750
1785141213.810544968,14,163.171875,10313.500
1785141213.810544968,15,164.828125,10285.500
1785141213.810544968,7,174.750000,10217.750
1785141213.810544968,15,178.078125,10595.000
1785141213.810544968,12,198.015625,5581.500
1785141213.810544968,15,201.343750,5128.250
1785141213.810544968,15,211.250000,4169.750
1785141213.810544968,9,212.921875,4088.250
1785141213.810544968,13,214.578125,3988.250
1785141213.810544968,15,216.250000,3903.750
1785141213.810544968,13,234.546875,3028.500
1785141213.810544968,15,236.218750,3044.000
1785141213.810544968,15,237.875000,3001.500
1785141213.810544968,15,239.531250,2980.000
1785141213.810544968,8,241.187500,2961.000
1785141213.810544968,6,242.843750,2918.000
1785141213.810544968,7,244.515625,2895.500
1785141213.810544968,15,246.140625,2880.250
1785141213.810544968,15,247.812500,2856.500
1785141213.810544968,15,249.484375,2829.500
1785141213.810544968,10,256.109375,2788.500
1785141213.810544968,7,257.734375,2778.250
1785141213.810544968,7,259.375000,2783.000
1785141213.810544968,9,261.031250,2782.250
1785141213.810544968,8,262.703125,2785.250
1785141213.810544968,15,266.125000,2297.250
1785141213.810544968,15,270.953125,2821.000
1785141213.810544968,15,272.593750,2849.250
1785141213.810544968,10,274.265625,2862.250
1785141213.810544968,15,280.875000,2368.750
1785141213.810544968,15,282.531250,2343.000
1785141213.810544968,15,295.562500,3270.750
1785141213.810544968,15,297.187500,3314.750
1785141213.810544968,15,298.937500,3368.500
1785141213.810544968,15,300.593750,3430.250
1785141213.810544968,15,302.250000,3488.750
1785141213.810544968,15,303.875000,3555.000
1785141213.810544968,15,305.531250,3638.250
1785141213.810544968,15,340.203125,6072.000
1785141213.810544968,15,343.437500,9462.000
1785141213.810544968,15,345.093750,9424.500
1785141213.810544968,15,346.718750,9386.250
1785141213.810544968,15,348.375000,9314.750
1785141213.810544968,15,350.031250,9249.500
1785141213.921056986,15,356.703125,7025.250
1785141213.921056986,15,358.359375,6984.000
1785141213.921056986,15,0.031250,6989.000
1785141213.921056986,15,1.671875,6976.750
1785141213.921056986,15,4.984375,6854.500
1785141213.921056986,15,6.656250,6744.500
1785141213.921056986,15,9.906250,8771.500
1785141213.921056986,15,11.500000,8883.250
1785141213.921056986,10,13.140625,8890.500
1785141213.921056986,15,21.046875,987.750
1785141213.921056986,15,22.703125,996.750
1785141213.921056986,15,24.375000,992.500
1785141213.921056986,15,46.109375,106.250
1785141213.921056986,9,173.281250,10238.250
1785141213.921056986,15,178.203125,10650.750
1785141213.921056986,9,198.125000,5585.750
1785141213.921056986,15,201.468750,5118.500
1785141213.921056986,15,208.109375,4430.000
1785141213.921056986,15,211.437500,4167.750
1785141213.921056986,10,213.093750,4076.500
1785141213.921056986,15,214.750000,3975.500
1785141213.921056986,15,216.406250,3888.250
1785141213.921056986,15,218.078125,3798.500
1785141213.921056986,14,234.703125,3037.000
1785141213.921056986,12,236.375000,3042.750
1785141213.921056986,15,238.031250,3002.500
1785141213.921056986,15,239.703125,2977.500
1785141213.921056986,15,241.343750,2956.250
1785141213.921056986,9,242.984375,2913.750
1785141213.921056986,7,244.671875,2893.000
1785141213.921056986,15,246.312500,2874.000
1785141213.921056986,15,247.953125,2849.250
1785141213.921056986,15,249.609375,2832.000
1785141213.921056986,10,253.000000,2395.500
1785141213.921056986,9,256.187500,2773.250
1785141213.921056986,9,257.875000,2775.750
1785141213.921056986,10,259.484375,2777.250
1785141213.921056986,10,261.171875,2779.750
1785141213.921056986,10,262.812500,2786.000
1785141213.921056986,15,266.234375,2297.500
1785141213.921056986,15,271.031250,2826.250
1785141213.921056986,14,272.671875,2851.000
1785141213.921056986,15,281.031250,2357.000
1785141213.921056986,15,282.656250,2346.000
1785141213.921056986,15,295.687500,3276.750
1785141213.921056986,15,297.328125,3317.750
1785141213.921056986,15,299.109375,3371.250
1785141213.921056986,15,300.734375,3429.500
1785141213.921056986,15,302.390625,3489.250
1785141213.921056986,15,304.031250,3557.000
1785141213.921056986,15,305.703125,3639.500
1785141213.921056986,15,340.359375,6173.750
1785141213.921056986,15,343.593750,9534.750
1785141213.921056986,15,345.250000,9455.250
1785141213.921056986,15,346.875000,9400.250
1785141213.921056986,15,348.531250,9326.750
1785141213.921056986,14,350.171875,9205.250
1785141214.032399893,15,356.859375,7034.250
1785141214.032399893,15,358.500000,6967.750
1785141214.032399893,15,0.171875,6981.000
1785141214.032399893,15,1.812500,7002.750
1785141214.032399893,15,6.781250,6743.750
1785141214.032399893,15,10.046875,8760.250
1785141214.032399893,15,11.656250,8839.750
1785141214.032399893,9,13.312500,8874.250
1785141214.032399893,7,14.953125,8850.750
1785141214.032399893,15,19.515625,1011.000
1785141214.032399893,15,22.859375,966.250
1785141214.032399893,15,24.625000,967.000
1785141214.032399893,15,26.203125,961.250
1785141214.032399893,15,46.328125,106.000
1785141214.032399893,9,173.484375,10172.750
1785141214.032399893,15,178.453125,10610.000
1785141214.032399893,10,193.437500,6112.000
1785141214.032399893,8,198.421875,5546.000
1785141214.032399893,11,201.750000,5105.250
1785141214.032399893,8,208.406250,4414.750
1785141214.032399893,14,211.718750,4161.500
1785141214.032399893,11,213.406250,4069.000
1785141214.032399893,15,215.062500,3964.750
1785141214.032399893,9,216.734375,3865.000
1785141214.032399893,15,218.390625,3763.500
1785141214.032399893,13,234.953125,3051.750
1785141214.032399893,11,236.625000,3039.000
1785141214.032399893,15,238.281250,3011.750
1785141214.032399893,15,239.937500,2988.000
1785141214.032399893,7,241.609375,2948.250
1785141214.032399893,8,243.250000,2907.250
1785141214.032399893,15,244.921875,2891.000
1785141214.032399893,15,246.531250,2872.000
1785141214.032399893,15,248.234375,2846.750
1785141214.032399893,15,249.859375,2826.750
1785141214.032399893,10,253.265625,2376.750
1785141214.032399893,10,256.468750,2778.250
1785141214.032399893,10,258.140625,2777.000
1785141214.032399893,10,259.765625,2776.750
1785141214.032399893,9,261.453125,2785.500
1785141214.032399893,9,263.109375,2796.250
1785141214.032399893,15,266.531250,2292.750
1785141214.032399893,15,269.687500,2814.250
1785141214.032399893,15,271.328125,2835.750
1785141214.032399893,15,272.984375,2852.500
1785141214.032399893,15,279.687500,2357.750
1785141214.032399893,15,281.343750,2342.500
1785141214.032399893,15,296.000000,3285.000
1785141214.032399893,15,297.640625,3324.750
1785141214.032399893,15,299.421875,3382.500
1785141214.032399893,15,301.031250,3443.250
1785141214.032399893,15,302.703125,3500.500
1785141214.032399893,15,304.343750,3563.750
1785141214.032399893,15,305.984375,3653.250
1785141214.032399893,13,343.875000,9483.500
1785141214.032399893,15,345.531250,9411.750
1785141214.032399893,15,347.171875,9351.750
1785141214.032399893,15,348.828125,9312.000
1785141214.143463850,15,357.156250,7007.250
1785141214.143463850,15,358.812500,6985.500
1785141214.143463850,15,0.453125,6959.500
1785141214.143463850,15,2.125000,6952.250
1785141214.143463850,8,3.781250,6876.000
1785141214.143463850,15,5.437500,6771.000
1785141214.143463850,15,7.078125,6732.250
1785141214.143463850,15,10.296875,8809.500
1785141214.143463850,9,11.953125,8859.000
1785141214.143463850,15,16.562500,1016.250
1785141214.143463850,15,18.203125,1000.500
1785141214.143463850,15,21.500000,955.000
1785141214.143463850,15,23.312500,951.250
1785141214.143463850,15,26.640625,877.500
1785141214.143463850,15,45.562500,108.750
1785141214.143463850,15,47.281250,105.750
1785141214.143463850,15,165.546875,10170.500
1785141214.143463850,15,178.750000,10616.000
1785141214.143463850,11,202.046875,5084.750
1785141214.143463850,14,205.375000,4720.250
1785141214.143463850,9,208.687500,4390.500
1785141214.143463850,14,212.031250,4133.000
1785141214.143463850,15,215.328125,3943.500
1785141214.143463850,15,218.640625,3753.000
1785141214.143463850,15,236.875000,3038.000
1785141214.143463850,15,238.531250,3018.000
1785141214.143463850,5,240.218750,2984.000
1785141214.143463850,7,241.875000,2939.500
1785141214.143463850,13,243.515625,2907.750
1785141214.143463850,15,245.156250,2888.500
1785141214.143463850,15,246.796875,2872.500
1785141214.143463850,15,248.468750,2849.250
1785141214.143463850,15,250.125000,2829.750
1785141214.143463850,6,253.515625,2384.500
1785141214.143463850,9,256.734375,2788.250
1785141214.143463850,9,258.390625,2783.750
1785141214.143463850,8,260.031250,2784.750
1785141214.143463850,8,261.687500,2786.000
1785141214.143463850,7,263.343750,2790.250
1785141214.143463850,15,266.750000,2305.500
1785141214.143463850,15,269.921875,2820.000
1785141214.143463850,15,271.562500,2841.250
1785141214.143463850,15,273.218750,2853.250
1785141214.143463850,15,279.984375,2354.250
1785141214.143463850,15,281.640625,2331.000
1785141214.143463850,15,294.640625,3273.000
1785141214.143463850,15,296.312500,3296.500
1785141214.143463850,15,297.937500,3342.250
1785141214.143463850,15,299.687500,3392.750
1785141214.143463850,15,301.312500,3449.250
1785141214.143463850,15,302.953125,3518.750
1785141214.143463850,15,304.609375,3596.750
1785141214.143463850,15,306.250000,3670.750
1785141214.143463850,15,344.125000,9487.500
1785141214.143463850,15,345.781250,9422.500
1785141214.143463850,15,347.437500,9371.500
1785141214.143463850,15,349.093750,9312.000
1785141214.258781910,15,357.421875,6987.250
1785141214.258781910,15,359.062500,6935.500
1785141214.258781910,15,0.750000,6968.500
1785141214.258781910,15,2.406250,6977.250
1785141214.258781910,15,5.718750,6723.000
1785141214.258781910,15,7.375000,6689.250
1785141214.258781910,15,13.625000,985.000
1785141214.258781910,15,15.296875,969.500
1785141214.258781910,15,16.953125,951.750
1785141214.258781910,15,18.640625,938.750
1785141214.258781910,15,20.296875,947.250
1785141214.258781910,15,23.671875,887.750
1785141214.258781910,15,25.328125,888.250
1785141214.258781910,15,26.921875,897.750
1785141214.258781910,15,44.875000,108.000
1785141214.258781910,15,164.265625,10350.250
1785141214.258781910,15,165.921875,10182.750
1785141214.258781910,13,179.171875,10576.250
1785141214.258781910,13,197.515625,5617.000
1785141214.258781910,9,202.421875,5045.000
1785141214.258781910,8,205.750000,4682.500
1785141214.258781910,13,212.390625,4124.000
1785141214.258781910,15,214.078125,4041.500
1785141214.258781910,15,215.703125,3936.250
1785141214.258781910,6,217.375000,3835.750
1785141214.258781910,15,219.046875,3735.750
1785141214.258781910,10,235.593750,3058.000
1785141214.258781910,15,237.250000,3028.000
1785141214.258781910,15,238.906250,3003.250
1785141214.258781910,15,240.546875,2966.250
1785141214.258781910,8,242.234375,2923.750
1785141214.258781910,14,243.875000,2894.000
1785141214.258781910,15,245.531250,2874.500
1785141214.258781910,15,247.171875,2859.500
1785141214.258781910,15,248.812500,2837.000
1785141214.258781910,15,250.546875,2822.000
1785141214.258781910,9,257.140625,2780.500
1785141214.258781910,7,258.781250,2776.500
1785141214.258781910,9,260.437500,2778.000
1785141214.258781910,8,262.078125,2786.000
1785141214.258781910,15,263.750000,2797.500
1785141214.258781910,15,267.140625,2296.250
1785141214.258781910,9,270.359375,2822.250
1785141214.258781910,15,271.968750,2844.250
1785141214.258781910,15,273.656250,2866.500
1785141214.258781910,15,280.359375,2351.750
1785141214.258781910,15,281.984375,2331.750
1785141214.258781910,15,295.015625,3284.000
1785141214.258781910,15,296.671875,3307.750
1785141214.258781910,15,298.312500,3350.250
1785141214.258781910,15,300.031250,3391.250
1785141214.258781910,15,301.687500,3463.000
1785141214.258781910,15,303.312500,3547.250
1785141214.258781910,15,304.968750,3624.000
1785141214.258781910,15,306.609375,3686.000
1785141214.258781910,15,339.593750,6119.500
1785141214.258781910,15,342.828125,9549.000
1785141214.258781910,15,344.500000,9468.250
1785141214.258781910,15,346.156250,9450.250
1785141214.258781910,15,347.812500,9374.500
1785141214.258781910,15,349.484375,9287.250
1785141214.369452953,15,357.812500,7009.750
1785141214.369452953,15,359.484375,7015.750
1785141214.369452953,15,1.125000,7005.250
1785141214.369452953,15,2.781250,6989.500
1785141214.369452953,15,6.109375,6742.500
1785141214.369452953,15,10.796875,941.000
1785141214.369452953,15,12.421875,928.750
1785141214.369452953,15,14.000000,923.500
1785141214.369452953,15,15.656250,929.500
1785141214.369452953,15,20.671875,897.500
1785141214.369452953,15,22.250000,894.250
1785141214.369452953,15,24.000000,889.500
1785141214.369452953,15,25.671875,877.500
1785141214.369452953,15,27.343750,874.500
1785141214.369452953,15,45.984375,107.500
1785141214.369452953,15,164.546875,10331.750
1785141214.369452953,10,197.781250,5611.500
1785141214.369452953,15,211.046875,4196.750
1785141214.369452953,8,212.687500,4095.000
1785141214.369452953,14,214.359375,4000.000
1785141214.369452953,15,216.015625,3922.750
1785141214.369452953,9,217.671875,3838.000
1785141214.369452953,15,219.359375,3733.500
1785141214.369452953,10,235.890625,3059.750
1785141214.369452953,15,237.562500,3016.750
1785141214.369452953,15,239.218750,2990.250
1785141214.369452953,15,240.890625,2960.750
1785141214.369452953,8,242.546875,2917.000
1785141214.369452953,7,244.187500,2893.500
1785141214.369452953,15,245.843750,2879.750
1785141214.369452953,15,247.500000,2859.000
1785141214.369452953,15,249.171875,2835.500
1785141214.369452953,9,257.453125,2783.750
1785141214.369452953,9,259.093750,2779.750
1785141214.369452953,8,260.750000,2783.000
1785141214.369452953,8,262.406250,2791.500
1785141214.369452953,15,267.453125,2297.500
1785141214.369452953,15,270.656250,2828.750
1785141214.369452953,12,272.281250,2848.750
1785141214.369452953,15,280.593750,2360.500
1785141214.369452953,15,282.234375,2337.000
1785141214.369452953,15,295.265625,3273.250
1785141214.369452953,15,296.921875,3312.250
1785141214.369452953,15,298.640625,3365.000
1785141214.369452953,15,300.281250,3412.500
1785141214.369452953,15,301.953125,3468.500
1785141214.369452953,15,303.578125,3544.000
1785141214.369452953,15,305.250000,3629.250
1785141214.369452953,15,339.906250,6062.500
1785141214.369452953,15,343.140625,9529.000
1785141214.369452953,15,344.796875,9438.500
1785141214.369452953,15,346.468750,9421.500
1785141214.369452953,15,348.125000,9359.000
1785141214.369452953,15,349.796875,9268.750
1785141214.478362083,15,356.468750,7041.000
1785141214.478362083,15,358.140625,7006.750
1785141214.478362083,15,359.796875,6996.500
1785141214.478362083,15,1.453125,6973.500
1785141214.478362083,15,4.781250,6858.250
1785141214.478362083,15,9.421875,924.000
1785141214.478362083,15,11.078125,914.750
1785141214.478362083,15,12.656250,915.000
1785141214.478362083,15,14.281250,917.750
1785141214.478362083,15,19.312500,879.250
1785141214.478362083,15,21.015625,872.500
1785141214.478362083,15,22.734375,870.750
1785141214.478362083,15,24.359375,861.000
1785141214.478362083,15,25.984375,857.000
1785141214.478362083,15,45.453125,106.750
1785141214.478362083,15,178.187500,10640.250
1785141214.478362083,11,198.156250,5582.250
1785141214.478362083,15,201.484375,5117.750
1785141214.478362083,12,208.078125,4428.000
1785141214.478362083,15,211.421875,4166.000
1785141214.478362083,9,213.078125,4078.000
1785141214.478362083,15,214.750000,3975.750
1785141214.478362083,15,216.406250,3888.750
1785141214.478362083,14,218.062500,3800.500
1785141214.478362083,13,234.703125,3035.250
1785141214.478362083,11,236.343750,3042.750
1785141214.478362083,15,238.031250,3002.250
1785141214.478362083,15,239.687500,2975.250
1785141214.478362083,15,241.312500,2955.000
1785141214.478362083,8,242.968750,2913.250
1785141214.478362083,15,244.625000,2891.250
1785141214.478362083,15,246.312500,2878.250
1785141214.478362083,15,247.953125,2854.750
1785141214.478362083,15,249.625000,2831.250
1785141214.478362083,10,253.015625,2395.750
1785141214.478362083,9,256.250000,2779.000
1785141214.478362083,10,257.875000,2781.750
1785141214.478362083,9,259.546875,2777.750
1785141214.478362083,10,261.203125,2780.500
1785141214.478362083,10,262.875000,2786.750
1785141214.478362083,14,266.281250,2304.250
1785141214.478362083,15,271.125000,2826.250
1785141214.478362083,15,272.765625,2851.750
1785141214.478362083,15,281.031250,2355.500
1785141214.478362083,15,282.671875,2346.250
1785141214.478362083,15,295.687500,3277.500
1785141214.478362083,15,297.343750,3319.250
1785141214.478362083,15,299.062500,3372.750
1785141214.478362083,15,300.718750,3428.250
1785141214.478362083,15,302.390625,3487.250
1785141214.478362083,15,304.015625,3557.250
1785141214.478362083,15,305.671875,3639.000
1785141214.478362083,15,340.359375,6170.000
1785141214.478362083,15,343.593750,9532.000
1785141214.478362083,15,345.250000,9458.000
1785141214.478362083,15,346.890625,9399.000
1785141214.478362083,15,348.546875,9327.500
1785141214.592778921,13,350.187500,9211.000
1785141214.592778921,15,356.875000,7038.750
1785141214.592778921,15,358.531250,6968.250
1785141214.592778921,15,0.187500,6978.250
1785141214.592778921,15,1.859375,6999.250
1785141214.592778921,15,9.812500,904.250
1785141214.592778921,15,11.531250,904.750
1785141214.592778921,15,13.156250,908.500
1785141214.592778921,15,14.656250,914.000
1785141214.592778921,15,16.343750,924.750
1785141214.592778921,15,19.828125,870.250
1785141214.592778921,15,21.375000,868.750
1785141214.592778921,15,23.125000,861.250
1785141214.592778921,15,24.703125,855.500
1785141214.592778921,15,26.390625,852.250
1785141214.592778921,15,47.140625,106.250
1785141214.592778921,12,173.562500,10183.250
1785141214.592778921,15,178.484375,10604.250
1785141214.592778921,11,193.468750,6110.750
1785141214.592778921,8,198.437500,5546.500
1785141214.592778921,12,201.765625,5106.250
1785141214.592778921,10,208.406250,4415.250
1785141214.592778921,15,211.718750,4159.000
1785141214.592778921,9,213.375000,4069.250
1785141214.592778921,15,215.046875,3964.500
1785141214.592778921,8,216.703125,3864.750
1785141214.592778921,15,218.343750,3764.250
1785141214.592778921,14,233.359375,3088.000
1785141214.592778921,11,235.000000,3076.000
1785141214.592778921,12,236.656250,3037.750
1785141214.592778921,15,238.312500,3011.500
1785141214.592778921,15,239.984375,2983.250
1785141214.592778921,7,241.640625,2943.250
1785141214.592778921,7,243.296875,2906.750
1785141214.592778921,15,244.953125,2889.250
1785141214.592778921,15,246.609375,2870.500
1785141214.592778921,15,248.296875,2846.250
1785141214.592778921,15,249.921875,2829.250
1785141214.592778921,11,253.312500,2378.250
1785141214.592778921,8,256.531250,2778.500
1785141214.592778921,9,258.187500,2777.500
1785141214.592778921,11,259.828125,2771.000
1785141214.592778921,8,261.500000,2778.750
1785141214.592778921,9,263.156250,2794.250
1785141214.592778921,15,266.562500,2291.250
1785141214.592778921,8,269.750000,2814.000
1785141214.592778921,15,271.375000,2835.250
1785141214.592778921,15,273.062500,2852.250
1785141214.592778921,15,279.703125,2358.250
1785141214.592778921,15,281.328125,2340.250
1785141214.592778921,15,296.000000,3284.750
1785141214.592778921,15,297.640625,3324.500
1785141214.592778921,15,299.375000,3381.000
1785141214.592778921,15,301.046875,3441.750
1785141214.592778921,15,302.687500,3500.500
1785141214.592778921,15,304.312500,3575.250
1785141214.592778921,15,305.968750,3664.000
1785141214.592778921,9,343.828125,9638.000
1785141214.592778921,15,347.109375,9364.000
1785141214.592778921,15,348.765625,9322.750
1785141214.703322887,15,357.078125,7010.250
1785141214.703322887,15,358.734375,6981.500
1785141214.703322887,15,0.375000,6957.500
1785141214.703322887,15,2.046875,6969.500
1785141214.703322887,7,3.703125,6914.000
1785141214.703322887,15,5.359375,6790.000
1785141214.703322887,15,10.078125,904.000
1785141214.703322887,15,11.656250,905.250
1785141214.703322887,15,13.312500,908.000
1785141214.703322887,15,14.953125,915.250
1785141214.703322887,15,16.625000,922.250
1785141214.703322887,15,20.046875,873.000
1785141214.703322887,15,21.703125,868.500
1785141214.703322887,15,23.375000,860.750
1785141214.703322887,15,24.984375,855.000
1785141214.703322887,15,26.687500,852.500
1785141214.703322887,15,46.703125,105.750
1785141214.703322887,15,165.500000,10135.500
1785141214.703322887,15,178.703125,10623.000
1785141214.703322887,12,198.656250,5524.750
1785141214.703322887,12,201.984375,5091.500
1785141214.703322887,8,208.625000,4399.500
1785141214.703322887,15,211.968750,4143.500
1785141214.703322887,15,215.250000,3945.250
1785141214.703322887,9,216.921875,3854.500
1785141214.703322887,15,218.578125,3749.250
1785141214.703322887,15,236.843750,3036.500
1785141214.703322887,15,238.468750,3013.750
1785141214.703322887,15,240.171875,2985.500
1785141214.703322887,6,241.812500,2943.750
1785141214.703322887,7,243.437500,2907.500
1785141214.703322887,15,245.109375,2888.250
1785141214.703322887,15,246.765625,2871.500
1785141214.703322887,15,248.421875,2849.750
1785141214.703322887,15,250.078125,2830.500
1785141214.703322887,15,253.468750,2385.500
1785141214.703322887,9,256.687500,2786.250
1785141214.703322887,10,258.343750,2780.750
1785141214.703322887,13,260.015625,2780.500
1785141214.703322887,10,261.656250,2782.750
1785141214.703322887,9,263.281250,2787.750
1785141214.703322887,15,266.718750,2303.000
1785141214.703322887,9,269.906250,2816.500
1785141214.703322887,15,271.515625,2839.500
1785141214.703322887,15,273.203125,2852.750
1785141214.703322887,15,279.859375,2354.750
1785141214.703322887,15,281.500000,2338.250
1785141214.703322887,15,294.515625,3273.000
1785141214.703322887,15,296.156250,3297.750
1785141214.703322887,15,297.796875,3345.500
1785141214.703322887,15,299.578125,3394.250
1785141214.703322887,15,301.218750,3449.000
1785141214.703322887,15,302.875000,3512.500
1785141214.703322887,15,304.531250,3590.000
1785141214.703322887,15,306.187500,3671.000
1785141214.703322887,15,344.062500,9444.000
1785141214.703322887,15,345.734375,9417.750
1785141214.703322887,15,347.312500,9369.750
1785141214.703322887,15,348.968750,9322.250
1785141214.815006971,15,353.968750,8405.500
1785141214.815006971,15,357.296875,7039.250
1785141214.815006971,15,358.953125,6987.750
1785141214.815006971,15,0.609375,6962.750
1785141214.815006971,15,2.250000,6958.250
1785141214.815006971,8,3.921875,6850.750
1785141214.815006971,15,5.562500,6735.250
1785141214.815006971,15,10.328125,905.500
1785141214.815006971,15,11.875000,905.250
1785141214.815006971,15,13.515625,905.750
1785141214.815006971,15,15.203125,912.000
1785141214.815006971,15,16.765625,925.250
1785141214.815006971,15,20.140625,875.000
1785141214.815006971,15,21.859375,867.000
1785141214.815006971,15,23.562500,860.750
1785141214.815006971,15,25.218750,856.500
1785141214.815006971,15,26.875000,853.750
1785141214.815006971,15,45.640625,108.250
1785141214.815006971,15,47.671875,105.750
1785141214.815006971,15,164.015625,10311.500
1785141214.815006971,15,165.671875,10177.250
1785141214.815006971,15,178.906250,10703.250
1785141214.815006971,10,202.203125,5040.500
1785141214.815006971,7,208.843750,4364.750
1785141214.815006971,11,212.171875,4131.000
1785141214.815006971,14,215.484375,3945.500
1785141214.815006971,15,218.843750,3751.750
1785141214.815006971,9,223.859375,3225.750
1785141214.815006971,15,237.062500,3038.750
1785141214.815006971,15,238.703125,3005.250
1785141214.815006971,6,240.375000,2974.250
1785141214.815006971,5,242.046875,2936.000
1785141214.815006971,6,243.718750,2906.750
1785141214.815006971,15,245.375000,2888.750
1785141214.815006971,15,247.015625,2863.000
1785141214.815006971,15,248.671875,2842.250
1785141214.815006971,15,250.343750,2826.500
1785141214.815006971,4,253.687500,2379.250
1785141214.815006971,9,256.937500,2782.250
1785141214.815006971,8,258.562500,2784.500
1785141214.815006971,9,260.218750,2782.500
1785141214.815006971,9,261.875000,2787.250
1785141214.815006971,9,263.531250,2795.250
1785141214.815006971,15,266.953125,2304.250
1785141214.815006971,15,270.093750,2827.000
1785141214.815006971,15,271.765625,2844.500
1785141214.815006971,12,273.421875,2857.750
1785141214.815006971,15,280.109375,2346.250
1785141214.815006971,15,281.781250,2321.750
1785141214.815006971,15,294.796875,3272.000
1785141214.815006971,15,296.437500,3293.750
1785141214.815006971,15,298.078125,3342.500
1785141214.815006971,15,299.859375,3391.500
1785141214.815006971,15,301.500000,3459.000
1785141214.815006971,15,303.140625,3524.000
1785141214.815006971,15,304.796875,3598.250
1785141214.815006971,15,306.437500,3674.500
1785141214.815006971,15,342.687500,9586.000
1785141214.815006971,14,344.343750,9478.750
1785141214.815006971,15,346.015625,9425.500
1785141214.815006971,15,347.625000,9352.500
1785141214.815006971,15,349.281250,9291.500
1785141214.926951885,15,357.609375,7004.500
1785141214.926951885,15,359.265625,7021.250
1785141214.926951885,15,0.906250,7004.500
1785141214.926951885,15,2.562500,7000.000
1785141214.926951885,15,5.890625,6718.500
1785141214.926951885,15,10.562500,899.000
1785141214.926951885,15,12.187500,894.750
1785141214.926951885,15,13.796875,897.750
1785141214.926951885,15,15.515625,901.250
1785141214.926951885,15,17.109375,916.500
1785141214.926951885,15,18.781250,914.750
1785141214.926951885,15,20.546875,889.500
1785141214.926951885,15,22.171875,869.500
1785141214.926951885,15,23.796875,861.000
1785141214.926951885,15,25.468750,859.250
1785141214.926951885,15,27.203125,860.250
1785141214.926951885,15,46.093750,107.500
1785141214.926951885,15,50.328125,101.750
1785141214.926951885,15,164.218750,10328.750
1785141214.926951885,15,165.875000,10175.250
1785141214.926951885,15,179.093750,10614.500
1785141214.926951885,12,197.390625,5627.000
1785141214.926951885,10,202.343750,5045.250
1785141214.926951885,7,209.015625,4356.750
1785141214.926951885,10,212.312500,4127.250
1785141214.926951885,15,213.968750,4041.000
1785141214.926951885,15,215.640625,3937.250
1785141214.926951885,9,217.296875,3837.250
1785141214.926951885,15,218.953125,3745.000
1785141214.926951885,10,223.984375,3265.250
1785141214.926951885,13,237.187500,3030.000
1785141214.926951885,15,238.843750,3003.250
1785141214.926951885,8,240.468750,2974.750
1785141214.926951885,7,242.140625,2933.750
1785141214.926951885,8,243.828125,2896.000
1785141214.926951885,15,245.468750,2876.750
1785141214.926951885,12,247.093750,2860.750
1785141214.926951885,15,248.781250,2842.250
1785141214.926951885,15,250.421875,2826.750
1785141214.926951885,15,253.828125,2384.250
1785141214.926951885,8,257.046875,2777.500
1785141214.926951885,9,258.671875,2779.250
1785141214.926951885,11,260.343750,2780.500
1785141214.926951885,9,261.968750,2782.500
1785141214.926951885,8,263.640625,2795.000
1785141214.926951885,15,267.015625,2291.500
1785141214.926951885,15,270.234375,2827.250
1785141214.926951885,15,271.859375,2847.000
1785141214.926951885,15,273.500000,2864.500
1785141214.926951885,15,280.250000,2348.250
1785141214.926951885,15,281.890625,2325.750
1785141214.926951885,15,294.906250,3275.750
1785141214.926951885,15,296.546875,3295.750
1785141214.926951885,15,298.171875,3345.750
1785141214.926951885,15,299.906250,3394.500
1785141214.926951885,15,301.562500,3460.250
1785141214.926951885,15,303.203125,3523.750
1785141214.926951885,15,304.859375,3597.250
1785141214.926951885,15,306.515625,3679.250
1785141214.926951885,14,342.703125,9588.250
1785141214.926951885,15,344.359375,9486.250
1785141214.926951885,15,346.000000,9433.000
1785141214.926951885,15,347.671875,9365.250
1785141214.926951885,15,349.328125,9300.500
1785141215.037476063,15,357.656250,7020.000
1785141215.037476063,15,359.312500,7022.500
1785141215.037476063,15,0.984375,7006.500
1785141215.037476063,15,2.625000,7001.750
1785141215.037476063,15,5.968750,6729.500
1785141215.037476063,15,7.609375,6729.250
1785141215.037476063,15,13.937500,894.500
1785141215.037476063,15,15.531250,893.250
1785141215.037476063,15,17.312500,898.000
1785141215.037476063,15,18.843750,915.500
1785141215.037476063,15,20.453125,931.250
1785141215.037476063,15,23.921875,864.500
1785141215.037476063,15,25.546875,860.500
1785141215.037476063,15,27.187500,862.750
1785141215.037476063,15,46.515625,107.500
1785141215.037476063,15,164.328125,10352.500
1785141215.037476063,15,165.968750,10188.500
1785141215.037476063,15,179.234375,10577.000
1785141215.037476063,14,197.578125,5611.250
1785141215.037476063,9,209.156250,4332.500
1785141215.037476063,15,210.812500,4205.750
1785141215.037476063,12,212.468750,4121.750
1785141215.037476063,15,215.796875,3930.250
1785141215.037476063,6,217.468750,3838.500
1785141215.037476063,14,219.125000,3735.750
1785141215.037476063,10,235.703125,3062.750
1785141215.037476063,15,237.328125,3022.000
1785141215.037476063,15,238.984375,2998.000
1785141215.037476063,6,240.671875,2964.500
1785141215.037476063,7,242.296875,2921.250
1785141215.037476063,9,243.953125,2898.500
1785141215.037476063,15,245.640625,2883.000
1785141215.037476063,15,247.265625,2862.750
1785141215.037476063,15,248.921875,2837.250
1785141215.037476063,15,250.625000,2821.000
1785141215.037476063,9,257.218750,2780.500
1785141215.037476063,9,258.890625,2787.750
1785141215.037476063,8,260.531250,2793.750
1785141215.037476063,15,262.187500,2791.000
1785141215.037476063,15,267.218750,2305.000
1785141215.037476063,15,270.421875,2828.250
1785141215.037476063,12,272.078125,2848.500
1785141215.037476063,10,273.734375,2857.000
1785141215.037476063,15,280.437500,2353.500
1785141215.037476063,15,282.078125,2334.250
1785141215.037476063,15,295.093750,3268.500
1785141215.037476063,15,296.734375,3308.250
1785141215.037476063,15,298.468750,3362.750
1785141215.037476063,15,300.093750,3417.250
1785141215.037476063,15,301.750000,3475.750
1785141215.037476063,15,303.390625,3546.500
1785141215.037476063,15,305.031250,3625.500
1785141215.037476063,15,306.671875,3707.500
1785141215.037476063,15,339.640625,6116.250
1785141215.037476063,15,342.890625,9544.250
1785141215.037476063,15,344.531250,9468.000
1785141215.037476063,15,346.218750,9456.000
1785141215.037476063,15,347.859375,9371.000
1785141215.037476063,15,349.515625,9281.000
1785141215.149456978,15,357.843750,7018.750
1785141215.149456978,15,359.484375,7017.500
1785141215.149456978,15,1.156250,7006.500
1785141215.149456978,15,2.812500,6994.500
1785141215.149456978,15,6.140625,6737.500
1785141215.149456978,15,11.000000,8846.750
1785141215.149456978,15,15.796875,902.000
1785141215.149456978,15,17.453125,897.750
1785141215.149456978,15,19.046875,899.750
1785141215.149456978,15,20.671875,917.250
1785141215.149456978,15,22.312500,927.500
1785141215.149456978,15,24.000000,919.250
1785141215.149456978,15,27.359375,852.250
1785141215.149456978,15,46.375000,107.250
1785141215.149456978,15,164.453125,10336.000
1785141215.149456978,10,197.640625,5615.000
1785141215.149456978,10,209.218750,4331.250
1785141215.149456978,15,210.890625,4204.750
1785141215.149456978,11,212.531250,4116.250
1785141215.149456978,15,215.859375,3930.250
1785141215.149456978,9,217.500000,3841.000
1785141215.149456978,14,219.171875,3738.250
1785141215.149456978,12,235.718750,3062.500
1785141215.149456978,15,237.390625,3020.000
1785141215.149456978,15,239.062500,2995.000
1785141215.149456978,8,240.687500,2962.000
1785141215.149456978,8,242.343750,2920.500
1785141215.149456978,10,243.984375,2899.500
1785141215.149456978,15,245.640625,2882.250
1785141215.149456978,15,247.312500,2861.000
1785141215.149456978,15,248.953125,2836.750
1785141215.149456978,8,250.687500,2814.750
1785141215.149456978,9,257.281250,2781.500
1785141215.149456978,10,258.953125,2785.000
1785141215.149456978,10,260.625000,2789.750
1785141215.149456978,9,262.265625,2790.500
1785141215.149456978,15,267.312500,2302.000
1785141215.149456978,15,270.531250,2829.750
1785141215.149456978,15,272.140625,2846.000
1785141215.149456978,15,273.812500,2856.250
1785141215.149456978,15,280.453125,2359.750
1785141215.149456978,15,282.078125,2339.250
1785141215.149456978,15,295.093750,3269.500
1785141215.149456978,15,296.734375,3308.500
1785141215.149456978,15,298.484375,3362.750
1785141215.149456978,15,300.093750,3417.250
1785141215.149456978,15,301.765625,3476.250
1785141215.149456978,15,303.390625,3547.000
1785141215.149456978,15,305.015625,3625.750
1785141215.149456978,15,306.703125,3706.750
1785141215.149456978,15,339.687500,6105.750
1785141215.149456978,15,342.921875,9539.500
1785141215.149456978,15,344.578125,9460.750
1785141215.149456978,15,346.234375,9452.500
1785141215.149456978,15,347.875000,9374.750
1785141215.149456978,15,349.531250,9285.000
1785141215.261035919,15,357.875000,7015.500
1785141215.261035919,15,359.531250,7015.750
1785141215.261035919,15,1.171875,7004.250
1785141215.261035919,15,2.812500,6999.250
1785141215.261035919,15,6.156250,6738.000
1785141215.261035919,8,7.796875,6731.250
1785141215.261035919,15,10.984375,8851.000
1785141215.261035919,12,12.625000,8861.750
1785141215.261035919,15,17.328125,895.250
1785141215.261035919,15,19.062500,890.000
1785141215.261035919,15,20.718750,894.250
1785141215.261035919,15,27.250000,903.750
1785141215.261035919,15,45.937500,107.500
1785141215.261035919,15,164.500000,10341.750
1785141215.261035919,14,179.343750,10571.750
1785141215.261035919,9,192.640625,6189.750
1785141215.261035919,11,197.609375,5618.250
1785141215.261035919,15,210.890625,4195.250
1785141215.261035919,10,212.546875,4115.250
1785141215.261035919,15,215.875000,3927.250
1785141215.261035919,10,217.531250,3840.250
1785141215.261035919,15,219.171875,3734.000
1785141215.261035919,12,235.781250,3063.250
1785141215.261035919,15,237.453125,3016.750
1785141215.261035919,15,239.109375,2990.000
1785141215.261035919,8,240.750000,2959.750
1785141215.261035919,7,242.421875,2920.250
1785141215.261035919,8,244.078125,2900.500
1785141215.261035919,15,245.718750,2883.250
1785141215.261035919,15,247.390625,2860.500
1785141215.261035919,15,249.031250,2836.500
1785141215.261035919,15,250.703125,2817.000
1785141215.261035919,8,257.328125,2783.000
1785141215.261035919,11,258.968750,2783.250
1785141215.261035919,11,260.640625,2788.500
1785141215.261035919,8,262.265625,2789.500
1785141215.261035919,15,267.359375,2300.250
1785141215.261035919,15,270.531250,2828.000
1785141215.261035919,15,272.203125,2844.500
1785141215.261035919,11,273.812500,2855.500
1785141215.261035919,2,275.437500,2885.250
1785141215.261035919,15,280.500000,2360.000
1785141215.261035919,15,282.125000,2338.000
1785141215.261035919,15,295.140625,3269.250
1785141215.261035919,15,296.796875,3308.750
1785141215.261035919,15,298.546875,3364.250
1785141215.261035919,15,300.171875,3419.750
1785141215.261035919,15,301.843750,3475.750
1785141215.261035919,15,303.468750,3543.750
1785141215.261035919,15,305.125000,3620.000
1785141215.261035919,15,339.796875,6102.250
1785141215.261035919,15,343.031250,9530.750
1785141215.261035919,15,344.687500,9433.500
1785141215.261035919,15,346.312500,9425.750
1785141215.261035919,15,347.984375,9369.000
1785141215.261035919,15,349.640625,9274.500
1785141215.372349977,15,356.312500,6988.000
1785141215.372349977,15,357.968750,6972.500
1785141215.372349977,15,359.609375,6999.500
1785141215.372349977,15,1.281250,6971.750
1785141215.372349977,15,2.937500,6986.500
1785141215.372349977,15,6.265625,6746.000
1785141215.372349977,15,9.515625,8713.750
1785141215.372349977,15,11.093750,8845.000
1785141215.372349977,9,12.734375,8864.500
1785141215.372349977,15,17.593750,885.000
1785141215.372349977,15,19.125000,873.750
1785141215.372349977,15,20.781250,881.250
1785141215.372349977,15,25.562500,964.000
1785141215.372349977,15,27.296875,964.750
1785141215.372349977,15,45.593750,107.000
1785141215.372349977,15,164.687500,10343.250
1785141215.372349977,11,197.812500,5612.250
1785141215.372349977,15,211.046875,4193.250
1785141215.372349977,10,212.703125,4094.750
1785141215.372349977,15,214.343750,3998.750
1785141215.372349977,15,216.015625,3919.000
1785141215.372349977,11,217.656250,3835.500
1785141215.372349977,15,219.328125,3732.000
1785141215.372349977,9,235.937500,3059.000
1785141215.372349977,15,237.625000,3016.250
1785141215.372349977,15,239.265625,2995.000
1785141215.372349977,15,240.953125,2964.500
1785141215.372349977,7,242.593750,2916.750
1785141215.372349977,7,244.250000,2896.000
1785141215.372349977,15,245.906250,2880.250
1785141215.372349977,15,247.562500,2853.500
1785141215.372349977,15,249.234375,2827.750
1785141215.372349977,10,257.468750,2783.750
1785141215.372349977,9,259.109375,2780.250
1785141215.372349977,10,260.734375,2782.250
1785141215.372349977,8,262.390625,2789.500
1785141215.372349977,15,267.453125,2299.000
1785141215.372349977,15,270.640625,2829.500
1785141215.372349977,15,272.281250,2848.000
1785141215.372349977,8,273.937500,2863.500
1785141215.372349977,15,280.640625,2365.500
1785141215.372349977,15,282.281250,2341.000
1785141215.372349977,15,295.265625,3274.750
1785141215.372349977,15,296.921875,3312.500
1785141215.372349977,15,298.671875,3365.500
1785141215.372349977,15,300.296875,3415.500
1785141215.372349977,15,301.953125,3472.250
1785141215.372349977,15,303.609375,3558.750
1785141215.372349977,15,305.250000,3642.250
1785141215.372349977,15,339.968750,6061.250
1785141215.372349977,15,343.203125,9519.000
1785141215.372349977,15,344.859375,9425.750
1785141215.372349977,15,346.453125,9421.750
1785141215.372349977,15,348.125000,9362.500
1785141215.372349977,15,349.781250,9271.250
1785141215.484037161,15,356.453125,7034.000
1785141215.484037161,15,358.109375,7000.500
1785141215.484037161,15,359.750000,7002.250
1785141215.484037161,15,1.421875,6980.250
1785141215.484037161,15,4.718750,6857.500
1785141215.484037161,15,6.390625,6749.000
1785141215.484037161,15,9.640625,8728.000
1785141215.484037161,15,11.234375,8858.500
1785141215.484037161,9,12.890625,8798.500
1785141215.484037161,12,14.546875,8766.750
1785141215.484037161,15,19.421875,871.000
1785141215.484037161,15,21.000000,860.750
1785141215.484037161,15,22.593750,869.000
1785141215.484037161,15,24.265625,890.250
1785141215.484037161,15,47.093750,106.750
1785141215.484037161,15,164.890625,10373.000
1785141215.484037161,9,176.468750,10396.750
1785141215.484037161,15,178.109375,10563.000
1785141215.484037161,7,193.078125,6156.250
1785141215.484037161,10,198.031250,5583.750
1785141215.484037161,15,201.375000,5130.000
1785141215.484037161,15,211.328125,4163.750
1785141215.484037161,12,212.984375,4087.250
1785141215.484037161,15,214.640625,3988.500
1785141215.484037161,15,216.312500,3892.500
1785141215.484037161,14,217.953125,3802.000
1785141215.484037161,13,221.296875,3450.750
1785141215.484037161,15,234.546875,3028.000
1785141215.484037161,8,236.218750,3045.000
1785141215.484037161,15,237.859375,3004.000
1785141215.484037161,15,239.500000,2981.750
1785141215.484037161,7,241.171875,2960.500
1785141215.484037161,6,242.828125,2917.000
1785141215.484037161,6,244.468750,2897.750
1785141215.484037161,7,246.156250,2883.250
1785141215.484037161,15,247.796875,2858.500
1785141215.484037161,15,249.437500,2831.500
1785141215.484037161,8,257.640625,2780.250
1785141215.484037161,11,259.328125,2783.500
1785141215.484037161,11,260.953125,2784.250
1785141215.484037161,9,262.609375,2788.500
1785141215.484037161,15,266.031250,2290.250
1785141215.484037161,15,270.843750,2821.750
1785141215.484037161,15,272.468750,2851.750
1785141215.484037161,15,280.843750,2367.750
1785141215.484037161,15,282.453125,2342.500
1785141215.484037161,15,295.484375,3271.000
1785141215.484037161,15,297.109375,3320.500
1785141215.484037161,15,298.890625,3373.500
1785141215.484037161,15,300.531250,3424.250
1785141215.484037161,15,302.187500,3484.500
1785141215.484037161,15,303.828125,3555.000
1785141215.484037161,15,305.468750,3635.750
1785141215.484037161,15,340.093750,6061.250
1785141215.484037161,15,343.328125,9514.000
1785141215.484037161,15,345.000000,9418.500
1785141215.484037161,15,346.609375,9387.750
1785141215.484037161,15,348.250000,9318.750
1785141215.484037161,15,349.921875,9254.750
1785141215.594309092,15,356.578125,7026.250
1785141215.594309092,15,358.234375,6991.000
1785141215.594309092,15,359.906250,6992.000
1785141215.594309092,15,1.546875,6978.000
1785141215.594309092,15,4.859375,6864.250
1785141215.594309092,15,6.515625,6761.750
1785141215.594309092,15,9.765625,8753.250
1785141215.594309092,15,11.375000,8896.250
1785141215.594309092,8,13.031250,8893.250
1785141215.594309092,8,14.687500,8816.750
1785141215.594309092,15,21.171875,847.500
1785141215.594309092,15,22.875000,837.500
1785141215.594309092,15,24.484375,844.250
1785141215.594309092,15,26.140625,857.000
1785141215.594309092,15,46.781250,106.500
1785141215.594309092,15,164.875000,10363.000
1785141215.594309092,15,176.437500,10418.500
1785141215.594309092,15,178.093750,10592.500
1785141215.594309092,8,193.078125,6130.250
1785141215.594309092,10,198.046875,5584.000
1785141215.594309092,15,201.390625,5129.750
1785141215.594309092,15,211.390625,4163.500
1785141215.594309092,11,213.046875,4078.250
1785141215.594309092,15,214.718750,3977.000
1785141215.594309092,15,216.390625,3890.500
1785141215.594309092,13,218.031250,3802.750
1785141215.594309092,13,234.593750,3025.750
1785141215.594309092,11,236.265625,3042.750
1785141215.594309092,15,237.906250,3001.250
1785141215.594309092,15,239.546875,2977.750
1785141215.594309092,15,241.234375,2959.250
1785141215.594309092,6,242.859375,2917.000
1785141215.594309092,7,244.500000,2894.500
1785141215.594309092,15,246.171875,2878.750
1785141215.594309092,8,247.812500,2845.250
1785141215.594309092,9,249.500000,2818.000
1785141215.594309092,9,256.062500,2792.750
1785141215.594309092,7,257.718750,2778.750
1785141215.594309092,10,259.375000,2781.750
1785141215.594309092,12,261.015625,2782.500
1785141215.594309092,9,262.640625,2786.500
1785141215.594309092,15,266.062500,2297.750
1785141215.594309092,15,270.906250,2820.000
1785141215.594309092,15,272.546875,2848.750
1785141215.594309092,14,274.203125,2861.500
1785141215.594309092,15,280.875000,2367.500
1785141215.594309092,15,282.515625,2342.000
1785141215.594309092,15,295.500000,3271.250
1785141215.594309092,15,297.140625,3320.000
1785141215.594309092,15,298.890625,3372.500
1785141215.594309092,15,300.531250,3425.000
1785141215.594309092,15,302.171875,3484.500
1785141215.594309092,15,303.828125,3553.250
1785141215.594309092,15,305.453125,3634.500
1785141215.594309092,15,340.046875,6062.500
1785141215.594309092,15,343.281250,9514.000
1785141215.594309092,15,344.937500,9423.750
1785141215.594309092,15,346.578125,9390.750
1785141215.594309092,15,348.218750,9320.750
1785141215.594309092,15,349.890625,9258.750
1785141215.706034899,15,356.546875,7040.750
1785141215.706034899,15,358.187500,6996.250
1785141215.706034899,15,359.843750,6995.250
1785141215.706034899,15,1.500000,6978.500
1785141215.706034899,15,4.812500,6865.000
1785141215.706034899,15,6.468750,6764.750
1785141215.706034899,15,9.734375,8755.500
1785141215.706034899,15,11.343750,8898.000
1785141215.706034899,8,13.015625,8895.250
1785141215.706034899,8,14.656250,8824.250
1785141215.706034899,15,24.578125,791.500
1785141215.706034899,15,26.296875,787.750
1785141215.706034899,15,46.390625,106.500
1785141215.706034899,15,163.093750,10405.250
1785141215.706034899,15,164.765625,10361.750
1785141215.706034899,13,197.921875,5582.500
1785141215.706034899,15,201.250000,5145.500
1785141215.706034899,9,207.890625,4454.500
1785141215.706034899,15,211.203125,4177.750
1785141215.706034899,12,212.859375,4095.250
1785141215.706034899,15,214.515625,3991.500
1785141215.706034899,15,216.187500,3903.750
1785141215.706034899,12,217.859375,3826.250
1785141215.706034899,15,234.421875,3024.750
1785141215.706034899,10,236.093750,3049.500
1785141215.706034899,15,237.750000,3013.500
1785141215.706034899,15,239.390625,2992.250
1785141215.706034899,6,241.046875,2965.000
1785141215.706034899,8,242.703125,2916.750
1785141215.706034899,9,244.359375,2896.000
1785141215.706034899,15,245.984375,2884.000
1785141215.706034899,15,247.656250,2856.750
1785141215.706034899,15,249.296875,2829.000
1785141215.706034899,8,257.562500,2778.000
1785141215.706034899,12,259.203125,2777.750
1785141215.706034899,9,260.843750,2781.750
1785141215.706034899,9,262.515625,2789.000
1785141215.706034899,15,270.734375,2827.500
1785141215.706034899,15,272.375000,2848.250
1785141215.706034899,8,274.031250,2861.250
1785141215.706034899,15,280.750000,2365.750
1785141215.706034899,15,282.375000,2341.250
1785141215.706034899,15,295.406250,3274.500
1785141215.706034899,15,297.031250,3318.000
1785141215.706034899,15,298.734375,3371.500
1785141215.706034899,15,300.375000,3416.000
1785141215.706034899,15,302.031250,3475.500
1785141215.706034899,15,303.671875,3559.250
1785141215.706034899,15,305.343750,3639.500
1785141215.706034899,14,339.890625,6059.000
1785141215.706034899,15,343.093750,9535.750
1785141215.706034899,15,344.750000,9437.000
1785141215.706034899,15,346.437500,9429.750
1785141215.706034899,15,348.078125,9364.750
1785141215.706034899,15,349.734375,9266.250
1785141215.816988945,15,356.421875,7037.250
1785141215.816988945,15,358.062500,6996.000
1785141215.816988945,15,359.718750,7000.000
1785141215.816988945,15,1.359375,6971.500
1785141215.816988945,15,4.687500,6848.750
1785141215.816988945,15,6.328125,6753.750
1785141215.816988945,15,9.593750,8713.500
1785141215.816988945,15,11.203125,8854.500
1785141215.816988945,8,12.859375,8855.000
1785141215.816988945,12,14.515625,8823.000
1785141215.816988945,15,46.093750,107.000
1785141215.816988945,15,164.609375,10296.000
1785141215.816988945,9,197.812500,5597.750
1785141215.816988945,15,211.031250,4193.000
1785141215.816988945,11,212.703125,4096.500
1785141215.816988945,13,214.343750,3999.500
1785141215.816988945,15,216.015625,3918.750
1785141215.816988945,9,217.687500,3836.250
1785141215.816988945,15,219.343750,3732.250
1785141215.816988945,9,235.937500,3058.750
1785141215.816988945,15,237.562500,3016.250
1785141215.816988945,15,239.234375,2990.250
1785141215.816988945,15,240.875000,2961.750
1785141215.816988945,8,242.546875,2918.250
1785141215.816988945,14,244.187500,2895.000
1785141215.816988945,15,245.812500,2878.750
1785141215.816988945,15,247.484375,2857.250
1785141215.816988945,15,249.171875,2833.750
1785141215.816988945,10,257.437500,2782.500
1785141215.816988945,10,259.109375,2781.250
1785141215.816988945,10,260.718750,2782.750
1785141215.816988945,10,262.406250,2788.500
1785141215.816988945,15,267.468750,2298.000
1785141215.816988945,15,270.640625,2828.250
1785141215.816988945,15,272.312500,2847.500
1785141215.816988945,15,280.625000,2366.000
1785141215.816988945,15,282.265625,2340.750
1785141215.816988945,15,295.296875,3275.750
1785141215.816988945,15,296.937500,3313.000
1785141215.816988945,15,298.640625,3366.500
1785141215.816988945,15,300.296875,3419.250
1785141215.816988945,15,301.953125,3476.000
1785141215.816988945,15,303.593750,3559.000
1785141215.816988945,15,305.234375,3640.000
1785141215.816988945,15,339.828125,6073.750
1785141215.816988945,15,343.062500,9537.000
1785141215.816988945,15,344.703125,9436.250
1785141215.816988945,15,346.375000,9427.750
1785141215.816988945,15,348.031250,9359.000
1785141215.816988945,15,349.671875,9259.250
1785141215.928363085,15,356.343750,7012.250
1785141215.928363085,15,358.000000,6991.750
1785141215.928363085,15,359.656250,7003.750
1785141215.928363085,15,1.312500,6971.500
1785141215.928363085,11,2.968750,6979.250
1785141215.928363085,15,6.265625,6756.500
1785141215.928363085,15,9.546875,8723.250
1785141215.928363085,15,11.109375,8854.750
1785141215.928363085,8,12.750000,8868.000
1785141215.928363085,10,14.421875,8820.750
1785141215.928363085,15,45.578125,107.000
1785141215.928363085,15,164.609375,10330.750
1785141215.928363085,8,197.796875,5607.500
1785141215.928363085,15,201.109375,5145.000
1785141215.928363085,15,211.015625,4191.750
1785141215.928363085,10,212.671875,4096.500
1785141215.928363085,15,214.328125,3999.500
1785141215.928363085,15,216.000000,3917.500
1785141215.928363085,9,217.640625,3835.750
1785141215.928363085,15,219.312500,3732.250
1785141215.928363085,9,235.906250,3058.000
1785141215.928363085,15,237.562500,3014.500
1785141215.928363085,15,239.203125,2989.750
1785141215.928363085,15,240.875000,2961.750
1785141215.928363085,8,242.500000,2917.000
1785141215.928363085,7,244.187500,2895.250
1785141215.928363085,15,245.812500,2879.000
1785141215.928363085,15,247.484375,2856.250
1785141215.928363085,15,249.125000,2833.000
1785141215.928363085,9,257.437500,2784.250
1785141215.928363085,9,259.062500,2784.750
1785141215.928363085,9,260.718750,2785.000
1785141215.928363085,8,262.390625,2788.750
1785141215.928363085,15,267.437500,2297.250
1785141215.928363085,15,270.625000,2830.750
1785141215.928363085,15,272.265625,2848.000
1785141215.928363085,12,273.906250,2861.000
1785141215.928363085,15,280.609375,2362.500
1785141215.928363085,15,282.218750,2337.000
1785141215.928363085,15,295.234375,3274.750
1785141215.928363085,15,296.890625,3312.750
1785141215.928363085,15,298.640625,3365.500
1785141215.928363085,15,300.265625,3417.750
1785141215.928363085,15,301.937500,3476.250
1785141215.928363085,15,303.562500,3555.750
1785141215.928363085,15,305.203125,3630.500
1785141215.928363085,15,339.875000,6067.250
1785141215.928363085,15,343.125000,9544.000
1785141215.928363085,15,344.765625,9438.250
1785141215.928363085,15,346.421875,9428.500
1785141215.928363085,15,348.078125,9357.500
1785141215.928363085,15,349.734375,9258.000
1785141216.039668083,15,356.421875,7029.500
1785141216.039668083,15,358.078125,6987.250
1785141216.039668083,15,359.734375,7003.750
1785141216.039668083,15,1.390625,6981.750
1785141216.039668083,15,4.703125,6854.000
1785141216.039668083,15,6.359375,6755.250
1785141216.039668083,15,9.625000,8729.000
1785141216.039668083,15,11.187500,8855.000
1785141216.039668083,9,12.843750,8861.250
1785141216.039668083,12,14.484375,8834.500
1785141216.039668083,15,46.031250,107.000
1785141216.039668083,15,163.078125,10400.000
1785141216.039668083,15,164.750000,10347.250
1785141216.039668083,12,197.906250,5582.500
1785141216.039668083,15,201.234375,5140.500
1785141216.039668083,9,207.828125,4453.000
1785141216.039668083,15,211.171875,4177.750
1785141216.039668083,11,212.828125,4096.500
1785141216.039668083,14,214.484375,3994.500
1785141216.039668083,15,216.140625,3907.750
1785141216.039668083,10,217.812500,3828.250
1785141216.039668083,14,234.406250,3029.750
1785141216.039668083,12,236.078125,3048.000
1785141216.039668083,15,237.765625,3009.500
1785141216.039668083,15,239.406250,2988.250
1785141216.039668083,8,241.046875,2962.750
1785141216.039668083,6,242.703125,2915.500
1785141216.039668083,6,244.359375,2895.250
1785141216.039668083,15,246.031250,2883.500
1785141216.039668083,15,247.687500,2856.750
1785141216.039668083,15,249.312500,2829.500
1785141216.039668083,8,257.609375,2778.250
1785141216.039668083,12,259.234375,2779.500
1785141216.039668083,11,260.906250,2781.750
1785141216.039668083,9,262.562500,2788.000
1785141216.039668083,15,265.953125,2292.750
1785141216.039668083,15,270.796875,2816.750
1785141216.039668083,15,272.453125,2844.750
1785141216.039668083,15,274.109375,2861.000
1785141216.039668083,15,280.765625,2366.000
1785141216.039668083,15,282.421875,2340.000
1785141216.039668083,15,295.421875,3270.000
1785141216.039668083,15,297.046875,3315.750
1785141216.039668083,15,298.812500,3369.250
1785141216.039668083,15,300.437500,3423.500
1785141216.039668083,15,302.078125,3483.750
1785141216.039668083,15,303.750000,3560.000
1785141216.039668083,15,305.359375,3640.250
1785141216.039668083,15,340.062500,6065.500
1785141216.039668083,15,343.312500,9507.250
1785141216.039668083,15,344.968750,9418.000
1785141216.039668083,15,346.593750,9387.250
1785141216.039668083,15,348.250000,9320.250
1785141216.039668083,15,349.906250,9258.250
1785141216.151633978,15,356.593750,7030.500
1785141216.151633978,15,358.234375,6988.500
1785141216.151633978,15,359.890625,6993.750
1785141216.151633978,15,1.546875,6976.500
1785141216.151633978,15,4.859375,6861.000
1785141216.151633978,15,6.515625,6760.500
1785141216.151633978,15,9.781250,8750.000
1785141216.151633978,15,11.359375,8891.500
1785141216.151633978,7,13.000000,8891.750
1785141216.151633978,7,14.656250,8829.750
1785141216.151633978,15,46.156250,106.500
1785141216.151633978,15,164.859375,10155.000
1785141216.151633978,7,174.765625,10206.250
1785141216.151633978,15,178.078125,10593.500
1785141216.151633978,11,198.000000,5582.250
1785141216.151633978,15,201.328125,5129.500
1785141216.151633978,15,211.281250,4161.500
1785141216.151633978,9,212.937500,4086.000
1785141216.151633978,14,214.609375,3990.500
1785141216.151633978,15,216.250000,3903.500
1785141216.151633978,15,234.515625,3029.000
1785141216.151633978,9,236.187500,3046.750
1785141216.151633978,15,237.828125,3003.500
1785141216.151633978,15,239.468750,2978.500
1785141216.151633978,7,241.140625,2958.000
1785141216.151633978,6,242.796875,2915.250
1785141216.151633978,15,244.437500,2894.500
1785141216.151633978,15,246.109375,2881.500
1785141216.151633978,15,247.781250,2858.500
1785141216.151633978,15,249.406250,2830.750
1785141216.151633978,8,257.687500,2780.500
1785141216.151633978,9,259.343750,2782.000
1785141216.151633978,12,261.000000,2784.000
1785141216.151633978,8,262.640625,2790.000
1785141216.151633978,15,266.062500,2294.000
1785141216.151633978,15,270.875000,2817.000
1785141216.151633978,15,272.515625,2846.000
1785141216.151633978,15,280.859375,2367.250
1785141216.151633978,15,282.500000,2341.250
1785141216.151633978,15,295.484375,3270.500
1785141216.151633978,15,297.125000,3316.000
1785141216.151633978,15,298.890625,3369.000
1785141216.151633978,15,300.531250,3424.500
1785141216.151633978,15,302.187500,3483.250
1785141216.151633978,15,303.843750,3552.000
1785141216.151633978,15,305.484375,3634.750
1785141216.151633978,15,340.125000,6061.250
1785141216.151633978,15,343.359375,9503.750
1785141216.151633978,15,345.000000,9420.500
1785141216.151633978,15,346.640625,9390.750
1785141216.151633978,15,348.296875,9314.250
1785141216.151633978,15,349.937500,9253.000
1785141216.263228893,15,356.625000,7036.250
1785141216.263228893,15,358.265625,6991.000
1785141216.263228893,15,359.921875,6996.750
1785141216.263228893,15,1.578125,6981.500
1785141216.263228893,15,4.890625,6864.000
1785141216.263228893,15,6.546875,6761.250
1785141216.263228893,15,9.812500,8747.750
1785141216.263228893,15,11.390625,8886.750
1785141216.263228893,9,13.046875,8895.750
1785141216.263228893,15,46.062500,106.500
1785141216.263228893,15,164.906250,10341.250
1785141216.263228893,15,176.468750,10423.250
1785141216.263228893,15,178.109375,10614.000
1785141216.263228893,8,193.078125,6130.250
1785141216.263228893,10,198.031250,5585.250
1785141216.263228893,15,201.375000,5131.000
1785141216.263228893,15,211.343750,4158.000
1785141216.263228893,10,213.015625,4084.750
1785141216.263228893,14,214.671875,3985.750
1785141216.263228893,15,216.328125,3890.500
1785141216.263228893,15,217.984375,3802.250
1785141216.263228893,15,234.625000,3026.500
1785141216.263228893,8,236.250000,3043.250
1785141216.263228893,15,237.906250,3003.750
1785141216.263228893,15,239.578125,2980.000
1785141216.263228893,6,241.234375,2957.250
1785141216.263228893,6,242.875000,2912.000
1785141216.263228893,6,244.562500,2892.500
1785141216.263228893,15,246.187500,2878.000
1785141216.263228893,15,247.859375,2854.750
1785141216.263228893,15,249.515625,2831.000
1785141216.263228893,10,256.093750,2791.000
1785141216.263228893,7,257.734375,2779.000
1785141216.263228893,10,259.406250,2783.250
1785141216.263228893,10,261.046875,2784.250
1785141216.263228893,9,262.703125,2786.750
1785141216.263228893,15,266.125000,2297.500
1785141216.263228893,15,270.953125,2820.250
1785141216.263228893,15,272.562500,2850.250
1785141216.263228893,15,280.937500,2367.000
1785141216.263228893,15,282.546875,2342.250
1785141216.263228893,15,295.578125,3274.000
1785141216.263228893,15,297.234375,3318.000
1785141216.263228893,15,298.968750,3372.000
1785141216.263228893,15,300.640625,3428.000
1785141216.263228893,15,302.296875,3484.500
1785141216.263228893,15,303.921875,3553.750
1785141216.263228893,15,305.593750,3636.250
1785141216.263228893,15,340.234375,6072.750
1785141216.263228893,15,343.468750,9443.250
1785141216.263228893,15,345.109375,9412.000
1785141216.263228893,15,346.734375,9385.500
1785141216.263228893,15,348.390625,9320.750
1785141216.263228893,15,350.046875,9254.500
1785141216.374891043,15,356.734375,7027.750
1785141216.374891043,15,358.375000,6982.250
1785141216.374891043,15,0.031250,6987.500
1785141216.374891043,15,1.687500,6970.500
1785141216.374891043,15,4.984375,6851.250
1785141216.374891043,15,6.656250,6742.250
1785141216.374891043,15,9.906250,8771.500
1785141216.374891043,15,11.531250,8876.500
1785141216.374891043,10,13.187500,8882.000
1785141216.374891043,15,47.359375,106.250
1785141216.374891043,13,173.328125,10124.750
1785141216.374891043,15,178.312500,10706.250
1785141216.374891043,10,193.281250,6114.000
1785141216.374891043,10,198.281250,5556.500
1785141216.374891043,15,201.593750,5113.250
1785141216.374891043,13,204.937500,4754.000
1785141216.374891043,11,208.250000,4414.000
1785141216.374891043,15,211.578125,4162.500
1785141216.374891043,11,213.250000,4070.000
1785141216.374891043,15,214.906250,3967.250
1785141216.374891043,15,216.562500,3883.000
1785141216.374891043,10,234.796875,3046.750
1785141216.374891043,15,236.468750,3035.250
1785141216.374891043,15,238.093750,2997.750
1785141216.374891043,15,239.781250,2974.250
1785141216.374891043,6,241.406250,2953.000
1785141216.374891043,6,243.078125,2912.500
1785141216.374891043,15,244.734375,2889.500
1785141216.374891043,15,246.375000,2870.250
1785141216.374891043,15,248.031250,2848.250
1785141216.374891043,15,249.687500,2830.000
1785141216.374891043,15,253.109375,2382.250
1785141216.374891043,8,256.296875,2777.000
1785141216.374891043,7,257.953125,2780.500
1785141216.374891043,10,259.593750,2778.000
1785141216.374891043,8,261.234375,2780.250
1785141216.374891043,9,262.906250,2789.500
1785141216.374891043,15,266.328125,2304.750
1785141216.374891043,13,269.500000,2816.750
1785141216.374891043,15,271.125000,2825.750
1785141216.374891043,14,272.781250,2850.750
1785141216.374891043,15,281.140625,2341.250
1785141216.374891043,15,295.843750,3280.750
1785141216.374891043,15,297.468750,3324.750
1785141216.374891043,15,299.203125,3379.500
1785141216.374891043,15,300.843750,3430.500
1785141216.374891043,15,302.500000,3486.750
1785141216.374891043,15,304.156250,3561.000
1785141216.374891043,15,305.781250,3650.000
1785141216.374891043,12,340.421875,6192.250
1785141216.374891043,11,343.656250,9639.000
1785141216.374891043,15,345.312500,9542.500
1785141216.374891043,15,346.953125,9390.000
1785141216.374891043,15,348.625000,9338.750
1785141216.486003876,15,356.937500,7035.750
1785141216.486003876,15,358.593750,6994.500
1785141216.486003876,15,0.250000,6978.000
1785141216.486003876,15,1.921875,6999.000
1785141216.486003876,15,6.890625,6725.000
1785141216.486003876,15,10.140625,8752.250
1785141216.486003876,15,11.765625,8786.500
1785141216.486003876,8,15.062500,8803.000
1785141216.486003876,15,47.734375,106.000
1785141216.486003876,15,178.531250,10608.000
1785141216.486003876,9,193.531250,6123.500
1785141216.486003876,11,201.828125,5104.000
1785141216.486003876,15,205.125000,4737.750
1785141216.486003876,13,211.734375,4155.750
1785141216.486003876,12,213.406250,4062.250
1785141216.486003876,15,215.078125,3958.250
1785141216.486003876,8,216.750000,3865.250
1785141216.486003876,15,218.375000,3765.750
1785141216.486003876,15,233.296875,3088.000
1785141216.486003876,12,234.984375,3074.500
1785141216.486003876,13,236.609375,3036.750
1785141216.486003876,15,238.265625,3010.250
1785141216.486003876,15,239.937500,2986.250
1785141216.486003876,7,241.578125,2946.750
1785141216.486003876,8,243.234375,2906.750
1785141216.486003876,14,244.875000,2889.000
1785141216.486003876,15,246.531250,2870.750
1785141216.486003876,15,248.203125,2848.250
1785141216.486003876,15,249.859375,2827.500
1785141216.486003876,11,253.250000,2378.500
1785141216.486003876,9,256.468750,2777.750
1785141216.486003876,9,258.125000,2777.500
1785141216.486003876,11,259.796875,2777.250
1785141216.486003876,7,261.421875,2779.500
1785141216.486003876,9,263.093750,2788.750
1785141216.486003876,13,266.500000,2291.250
1785141216.486003876,9,269.687500,2812.500
1785141216.486003876,8,271.312500,2832.500
1785141216.486003876,15,272.968750,2852.000
1785141216.486003876,15,279.703125,2359.000
1785141216.486003876,15,281.328125,2340.000
1785141216.486003876,15,296.015625,3284.750
1785141216.486003876,15,297.640625,3324.250
1785141216.486003876,15,299.343750,3380.000
1785141216.486003876,15,301.031250,3441.000
1785141216.486003876,15,302.656250,3500.250
1785141216.486003876,15,304.312500,3575.000
1785141216.486003876,15,305.937500,3664.250
1785141216.486003876,15,345.453125,9495.250
1785141216.486003876,15,347.109375,9380.250
1785141216.486003876,15,348.765625,9321.750
1785141216.600185156,15,357.078125,7006.000
1785141216.600185156,15,358.734375,6979.250
1785141216.600185156,15,0.390625,6960.000
1785141216.600185156,15,2.046875,6967.500
1785141216.600185156,15,7.031250,6724.000
1785141216.600185156,15,10.250000,8771.750
1785141216.600185156,12,11.906250,8807.500
1785141216.600185156,9,13.546875,8812.250
1785141216.600185156,8,15.203125,8848.500
1785141216.600185156,15,48.015625,105.750
1785141216.600185156,15,165.406250,10351.750
1785141216.600185156,15,178.640625,10629.000
1785141216.600185156,8,193.625000,6123.250
1785141216.600185156,9,198.609375,5522.000
1785141216.600185156,12,201.937500,5097.500
1785141216.600185156,8,208.531250,4390.000
1785141216.600185156,15,211.859375,4148.500
1785141216.600185156,11,213.515625,4056.000
1785141216.600185156,15,215.171875,3955.500
1785141216.600185156,7,216.812500,3864.750
1785141216.600185156,15,218.468750,3760.500
1785141216.600185156,10,233.375000,3088.250
1785141216.600185156,10,235.000000,3073.750
1785141216.600185156,15,236.687500,3035.500
1785141216.600185156,15,238.328125,3009.250
1785141216.600185156,15,239.984375,2983.500
1785141216.600185156,8,241.625000,2943.500
1785141216.600185156,6,243.281250,2905.500
1785141216.600185156,15,244.937500,2888.000
1785141216.600185156,15,246.593750,2869.000
1785141216.600185156,15,248.250000,2846.250
1785141216.600185156,15,249.875000,2827.500
1785141216.600185156,9,253.312500,2379.000
1785141216.600185156,10,256.546875,2777.750
1785141216.600185156,8,258.187500,2778.250
1785141216.600185156,11,259.828125,2774.250
1785141216.600185156,8,261.484375,2779.000
1785141216.600185156,10,263.156250,2791.250
1785141216.600185156,15,266.578125,2290.250
1785141216.600185156,15,269.718750,2814.750
1785141216.600185156,15,271.390625,2834.250
1785141216.600185156,15,273.015625,2851.750
1785141216.600185156,15,279.718750,2357.250
1785141216.600185156,15,281.390625,2340.250
1785141216.600185156,15,296.015625,3286.000
1785141216.600185156,15,297.656250,3325.000
1785141216.600185156,15,299.390625,3380.500
1785141216.600185156,15,301.046875,3440.750
1785141216.600185156,15,302.671875,3500.500
1785141216.600185156,15,304.312500,3575.750
1785141216.600185156,15,305.968750,3665.000
1785141216.600185156,12,343.781250,9630.750
1785141216.600185156,15,345.453125,9526.000
1785141216.600185156,15,347.156250,9354.250
1785141216.600185156,15,348.796875,9303.000
1785141216.711963892,15,357.156250,6995.500
1785141216.711963892,15,358.796875,6977.750
1785141216.711963892,15,0.453125,6958.750
1785141216.711963892,15,2.125000,6950.250
1785141216.711963892,8,3.781250,6875.750
1785141216.711963892,15,5.453125,6768.750
1785141216.711963892,15,7.093750,6725.500
1785141216.711963892,15,10.265625,8767.000
1785141216.711963892,12,11.906250,8805.750
1785141216.711963892,10,13.562500,8806.750
1785141216.711963892,8,15.203125,8848.500
1785141216.711963892,15,46.312500,105.750
1785141216.711963892,15,165.375000,10338.750
1785141216.711963892,8,173.640625,10194.250
1785141216.711963892,15,178.593750,10605.500
1785141216.711963892,10,193.578125,6123.250
1785141216.711963892,9,198.562500,5522.750
1785141216.711963892,11,201.890625,5095.250
1785141216.711963892,7,208.468750,4411.000
1785141216.711963892,15,211.796875,4150.250
1785141216.711963892,9,213.437500,4056.250
1785141216.711963892,15,215.093750,3955.250
1785141216.711963892,7,216.750000,3864.500
1785141216.711963892,15,218.437500,3766.000
1785141216.711963892,11,235.000000,3062.250
1785141216.711963892,11,236.671875,3035.500
1785141216.711963892,15,238.312500,3010.750
1785141216.711963892,15,239.968750,2985.250
1785141216.711963892,8,241.625000,2943.500
1785141216.711963892,7,243.296875,2904.750
1785141216.711963892,15,244.937500,2887.000
1785141216.711963892,15,246.593750,2869.000
1785141216.711963892,15,248.218750,2847.000
1785141216.711963892,15,249.875000,2828.000
1785141216.711963892,10,253.265625,2378.250
1785141216.711963892,8,256.515625,2779.250
1785141216.711963892,8,258.156250,2779.000
1785141216.711963892,9,259.796875,2777.500
1785141216.711963892,8,261.421875,2783.250
1785141216.711963892,9,263.093750,2792.250
1785141216.711963892,15,266.531250,2290.250
1785141216.711963892,15,269.687500,2814.000
1785141216.711963892,15,271.328125,2834.000
1785141216.711963892,15,279.625000,2369.000
1785141216.711963892,15,281.250000,2342.000
1785141216.711963892,15,295.875000,3280.250
1785141216.711963892,15,297.531250,3325.250
1785141216.711963892,15,299.281250,3380.250
1785141216.711963892,15,300.921875,3430.750
1785141216.711963892,15,302.578125,3490.500
1785141216.711963892,15,304.218750,3574.750
1785141216.711963892,15,305.875000,3659.500
1785141216.711963892,15,345.406250,9487.250
1785141216.711963892,15,347.046875,9378.250
1785141216.711963892,15,348.703125,9338.750
1785141216.823252916,15,357.046875,7031.750
1785141216.823252916,15,358.687500,7005.750
1785141216.823252916,15,0.343750,6961.750
1785141216.823252916,15,2.000000,6969.750
1785141216.823252916,7,3.656250,6913.750
1785141216.823252916,15,5.312500,6793.750
1785141216.823252916,15,6.968750,6727.000
1785141216.823252916,15,10.234375,8819.250
1785141216.823252916,15,11.781250,8848.500
1785141216.823252916,7,15.078125,8804.750
1785141216.823252916,15,47.828125,106.000
1785141216.823252916,9,173.484375,10129.750
1785141216.823252916,15,178.437500,10610.750
1785141216.823252916,11,193.406250,6111.250
1785141216.823252916,8,198.375000,5559.250
1785141216.823252916,15,201.687500,5106.000
1785141216.823252916,15,204.984375,4748.250
1785141216.823252916,13,208.296875,4410.000
1785141216.823252916,15,211.609375,4156.750
1785141216.823252916,11,213.265625,4069.250
1785141216.823252916,15,214.921875,3966.500
1785141216.823252916,8,216.593750,3879.000
1785141216.823252916,15,218.234375,3781.750
1785141216.823252916,13,233.234375,3076.250
1785141216.823252916,12,234.890625,3073.750
1785141216.823252916,15,236.531250,3032.750
1785141216.823252916,15,238.203125,2996.500
1785141216.823252916,15,239.843750,2972.500
1785141216.823252916,7,241.500000,2944.000
1785141216.823252916,8,243.171875,2906.750
1785141216.823252916,15,244.828125,2889.750
1785141216.823252916,15,246.453125,2871.000
1785141216.823252916,15,248.140625,2847.250
1785141216.823252916,15,249.781250,2826.250
1785141216.823252916,8,253.156250,2374.250
1785141216.823252916,8,256.375000,2777.500
1785141216.823252916,7,258.000000,2778.750
1785141216.823252916,10,259.656250,2775.250
1785141216.823252916,10,261.328125,2780.000
1785141216.823252916,8,262.968750,2790.250
1785141216.823252916,13,266.406250,2292.750
1785141216.823252916,12,269.578125,2813.500
1785141216.823252916,15,271.203125,2832.750
1785141216.823252916,15,272.875000,2851.500
1785141216.823252916,15,281.156250,2341.250
1785141216.823252916,10,282.796875,2378.750
1785141216.823252916,15,295.796875,3280.500
1785141216.823252916,15,297.421875,3324.750
1785141216.823252916,15,299.140625,3378.750
1785141216.823252916,15,300.781250,3430.500
1785141216.823252916,15,302.437500,3487.500
1785141216.823252916,15,304.078125,3560.750
1785141216.823252916,15,305.703125,3641.750
1785141216.823252916,15,340.328125,6162.750
1785141216.823252916,15,343.562500,9472.750
1785141216.823252916,15,345.218750,9445.750
1785141216.823252916,15,346.828125,9389.750
1785141216.823252916,15,348.500000,9318.000
1785141216.823252916,15,350.156250,9247.000
1785141216.934079885,15,356.812500,7032.500
1785141216.934079885,15,358.468750,6981.000
1785141216.934079885,15,0.109375,6993.000
1785141216.934079885,15,1.765625,6996.750
1785141216.934079885,15,6.734375,6744.000
1785141216.934079885,15,10.000000,8795.750
1785141216.934079885,15,11.578125,8907.500
1785141216.934079885,11,13.234375,8878.250
1785141216.934079885,7,14.875000,8863.750
1785141216.934079885,15,47.343750,106.250
1785141216.934079885,15,178.218750,10663.500
1785141216.934079885,10,198.156250,5578.750
1785141216.934079885,14,201.468750,5119.750
1785141216.934079885,11,208.078125,4427.500
1785141216.934079885,15,211.390625,4162.750
1785141216.934079885,9,213.046875,4081.500
1785141216.934079885,15,214.718750,3979.000
1785141216.934079885,15,216.359375,3891.750
1785141216.934079885,15,218.015625,3804.750
1785141216.934079885,12,234.656250,3034.500
1785141216.934079885,12,236.296875,3044.000
1785141216.934079885,13,237.984375,3001.750
1785141216.934079885,15,239.609375,2973.250
1785141216.934079885,7,241.281250,2952.000
1785141216.934079885,7,242.937500,2911.250
1785141216.934079885,10,244.593750,2891.750
1785141216.934079885,15,246.250000,2876.750
1785141216.934079885,15,247.921875,2852.750
1785141216.934079885,15,249.546875,2830.750
1785141216.934079885,11,256.156250,2789.500
1785141216.934079885,8,257.828125,2778.500
1785141216.934079885,9,259.484375,2778.000
1785141216.934079885,10,261.125000,2779.000
1785141216.934079885,10,262.765625,2786.500
1785141216.934079885,15,266.171875,2297.750
1785141216.934079885,15,271.000000,2826.250
1785141216.934079885,15,272.656250,2850.500
1785141216.934079885,15,280.937500,2356.500
1785141216.934079885,15,282.609375,2347.000
1785141216.934079885,15,295.609375,3276.250
1785141216.934079885,15,297.250000,3318.250
1785141216.934079885,15,299.000000,3371.500
1785141216.934079885,15,300.640625,3428.500
1785141216.934079885,15,302.296875,3485.500
1785141216.934079885,15,303.937500,3555.000
1785141216.934079885,15,305.562500,3638.500
1785141216.934079885,15,340.203125,6060.000
1785141216.934079885,15,343.421875,9512.250
1785141216.934079885,15,345.093750,9418.250
1785141216.934079885,15,346.687500,9382.000
1785141216.934079885,15,348.343750,9314.000
1785141216.934079885,15,350.000000,9245.250
1785141217.045536041,15,356.656250,7032.000
1785141217.045536041,15,358.312500,6989.000
1785141217.045536041,15,359.953125,6995.750
1785141217.045536041,15,1.609375,6975.750
1785141217.045536041,15,4.921875,6862.500
1785141217.045536041,15,6.593750,6759.000
1785141217.045536041,15,9.828125,8754.500
1785141217.045536041,15,11.437500,8886.250
1785141217.045536041,9,13.078125,8893.000
1785141217.045536041,15,46.187500,106.500
1785141217.045536041,15,164.937500,10358.250
1785141217.045536041,15,176.500000,10482.250
1785141217.045536041,15,178.156250,10662.250
1785141217.045536041,11,198.078125,5578.750
1785141217.045536041,15,201.406250,5127.250
1785141217.045536041,11,208.078125,4426.000
1785141217.045536041,15,211.406250,4160.250
1785141217.045536041,9,213.046875,4079.500
1785141217.045536041,15,214.703125,3979.250
1785141217.045536041,15,216.375000,3891.250
1785141217.045536041,15,218.046875,3805.250
1785141217.045536041,12,234.625000,3028.500
1785141217.045536041,9,236.265625,3045.250
1785141217.045536041,15,237.937500,3003.250
1785141217.045536041,15,239.562500,2979.000
1785141217.045536041,15,241.218750,2960.000
1785141217.045536041,8,242.890625,2914.500
1785141217.045536041,10,244.531250,2891.500
1785141217.045536041,15,246.187500,2876.500
1785141217.045536041,15,247.843750,2854.000
1785141217.045536041,15,249.484375,2831.250
1785141217.045536041,12,252.890625,2394.000
1785141217.045536041,12,256.109375,2789.250
1785141217.045536041,8,257.781250,2778.500
1785141217.045536041,10,259.406250,2781.500
1785141217.045536041,10,261.078125,2782.750
1785141217.045536041,10,262.734375,2785.500
1785141217.045536041,15,266.109375,2298.250
1785141217.045536041,15,270.953125,2824.500
1785141217.045536041,15,272.593750,2852.750
1785141217.045536041,15,280.937500,2356.500
1785141217.045536041,15,282.578125,2346.750
1785141217.045536041,15,295.609375,3276.250
1785141217.045536041,15,297.250000,3319.000
1785141217.045536041,15,299.031250,3372.250
1785141217.045536041,15,300.687500,3428.500
1785141217.045536041,15,302.343750,3486.250
1785141217.045536041,15,304.000000,3559.000
1785141217.045536041,15,305.640625,3643.750
1785141217.045536041,15,340.265625,6090.500
1785141217.045536041,15,343.484375,9446.250
1785141217.045536041,15,345.125000,9382.750
1785141217.045536041,15,346.781250,9347.250
1785141217.045536041,15,348.437500,9316.750
1785141217.045536041,15,350.093750,9246.250
1785141217.156945944,15,356.765625,7031.750
1785141217.156945944,15,358.421875,6983.500
1785141217.156945944,15,0.062500,6990.250
1785141217.156945944,15,1.718750,6974.000
1785141217.156945944,15,5.031250,6850.000
1785141217.156945944,15,6.687500,6742.250
1785141217.156945944,15,9.953125,8777.500
1785141217.156945944,15,11.546875,8883.000
1785141217.156945944,10,13.187500,8885.500
1785141217.156945944,15,46.718750,106.250
1785141217.156945944,7,173.296875,10247.500
1785141217.156945944,15,178.250000,10702.500
1785141217.156945944,9,193.218750,6122.250
1785141217.156945944,10,198.203125,5555.250
1785141217.156945944,15,201.546875,5111.250
1785141217.156945944,14,208.187500,4412.000
1785141217.156945944,15,211.515625,4165.500
1785141217.156945944,9,213.171875,4080.250
1785141217.156945944,15,214.812500,3977.250
1785141217.156945944,15,216.468750,3882.750
1785141217.156945944,15,218.140625,3784.500
1785141217.156945944,10,234.703125,3036.500
1785141217.156945944,11,236.359375,3040.500
1785141217.156945944,15,238.031250,2996.500
1785141217.156945944,15,239.703125,2974.500
1785141217.156945944,7,241.343750,2953.000
1785141217.156945944,7,243.015625,2909.750
1785141217.156945944,7,244.640625,2890.500
1785141217.156945944,15,246.296875,2874.750
1785141217.156945944,15,247.937500,2850.750
1785141217.156945944,15,249.625000,2831.250
1785141217.156945944,11,253.015625,2394.000
1785141217.156945944,9,256.218750,2788.500
1785141217.156945944,8,257.875000,2778.250
1785141217.156945944,9,259.546875,2776.750
1785141217.156945944,10,261.187500,2781.500
1785141217.156945944,9,262.843750,2786.750
1785141217.156945944,15,266.250000,2299.250
1785141217.156945944,15,271.046875,2827.250
1785141217.156945944,15,272.703125,2852.500
1785141217.156945944,15,281.046875,2344.500
1785141217.156945944,15,282.671875,2348.500
1785141217.156945944,15,295.718750,3276.500
1785141217.156945944,15,297.375000,3321.500
1785141217.156945944,15,299.109375,3375.250
1785141217.156945944,15,300.765625,3427.250
1785141217.156945944,15,302.421875,3488.250
1785141217.156945944,15,304.062500,3562.500
1785141217.156945944,15,305.703125,3643.000
1785141217.156945944,15,340.328125,6163.750
1785141217.156945944,15,343.562500,9469.250
1785141217.156945944,15,345.218750,9405.000
1785141217.156945944,15,346.890625,9350.250
1785141217.156945944,15,348.531250,9317.750
1785141217.156945944,14,350.187500,9212.750
1785141217.268477917,15,356.875000,7031.000
1785141217.268477917,15,358.515625,6963.750
1785141217.268477917,15,0.171875,6974.500
1785141217.268477917,15,1.828125,6993.750
1785141217.268477917,15,6.796875,6732.750
1785141217.268477917,15,10.062500,8763.000
1785141217.268477917,15,11.671875,8810.500
1785141217.268477917,9,13.328125,8845.250
1785141217.268477917,8,14.984375,8813.500
1785141217.268477917,15,47.671875,106.250
1785141217.268477917,9,173.437500,10132.250
1785141217.268477917,15,178.468750,10609.750
1785141217.268477917,9,193.468750,6110.250
1785141217.268477917,9,198.437500,5533.000
1785141217.268477917,13,201.781250,5105.500
1785141217.268477917,15,205.046875,4745.250
1785141217.268477917,9,208.375000,4411.250
1785141217.268477917,15,211.703125,4155.500
1785141217.268477917,8,213.359375,4068.750
1785141217.268477917,15,215.031250,3966.500
1785141217.268477917,7,216.703125,3866.000
1785141217.268477917,15,218.328125,3766.500
1785141217.268477917,12,234.921875,3048.500
1785141217.268477917,12,236.578125,3035.500
1785141217.268477917,15,238.218750,3000.250
1785141217.268477917,15,239.890625,2972.500
1785141217.268477917,6,241.531250,2941.750
1785141217.268477917,7,243.187500,2907.250
1785141217.268477917,15,244.843750,2890.250
1785141217.268477917,15,246.500000,2870.000
1785141217.268477917,15,248.125000,2848.250
1785141217.268477917,15,249.828125,2827.250
1785141217.268477917,10,253.234375,2376.750
1785141217.268477917,8,256.437500,2780.750
1785141217.268477917,7,258.093750,2779.500
1785141217.268477917,10,259.718750,2775.500
1785141217.268477917,9,261.390625,2779.000
1785141217.268477917,11,263.046875,2788.000
1785141217.268477917,11,266.453125,2291.000
1785141217.268477917,15,269.625000,2815.000
1785141217.268477917,15,271.281250,2833.250
1785141217.268477917,14,272.921875,2852.750
1785141217.268477917,15,279.625000,2366.500
1785141217.268477917,15,281.265625,2342.000
1785141217.268477917,15,295.937500,3284.750
1785141217.268477917,15,297.609375,3326.000
1785141217.268477917,15,299.296875,3381.000
1785141217.268477917,15,300.953125,3439.500
1785141217.268477917,15,302.593750,3498.750
1785141217.268477917,15,304.234375,3574.750
1785141217.268477917,15,305.890625,3660.000
1785141217.268477917,15,345.390625,9483.750
1785141217.268477917,15,347.062500,9376.250
1785141217.268477917,15,348.734375,9338.500
1785141217.380207062,15,357.062500,6992.250
1785141217.380207062,15,358.703125,6964.250
1785141217.380207062,15,0.359375,6962.500
1785141217.380207062,15,2.031250,6972.500
1785141217.380207062,15,7.000000,6727.000
1785141217.380207062,15,10.218750,8816.250
1785141217.380207062,13,11.875000,8803.750
1785141217.380207062,9,13.531250,8811.250
1785141217.380207062,15,47.453125,106.000
1785141217.380207062,15,165.343750,10381.000
1785141217.380207062,9,173.609375,10197.500
1785141217.380207062,15,178.578125,10650.000
1785141217.380207062,8,193.593750,6123.000
1785141217.380207062,10,198.578125,5526.000
1785141217.380207062,12,201.906250,5093.750
1785141217.380207062,8,208.484375,4409.750
1785141217.380207062,15,211.796875,4152.250
1785141217.380207062,10,213.484375,4056.500
1785141217.380207062,15,215.125000,3955.500
1785141217.380207062,7,216.781250,3864.250
1785141217.380207062,15,218.437500,3766.750
1785141217.380207062,10,233.359375,3089.000
1785141217.380207062,11,235.031250,3073.250
1785141217.380207062,13,236.671875,3035.750
1785141217.380207062,15,238.328125,3001.750
1785141217.380207062,15,240.015625,2972.500
1785141217.380207062,8,241.640625,2938.750
1785141217.380207062,6,243.296875,2903.250
1785141217.380207062,15,244.968750,2884.500
1785141217.380207062,15,246.609375,2866.500
1785141217.380207062,15,248.250000,2848.500
1785141217.380207062,9,249.937500,2830.000
1785141217.380207062,11,253.312500,2378.500
1785141217.380207062,10,256.546875,2779.500
1785141217.380207062,7,258.187500,2776.750
1785141217.380207062,10,259.843750,2772.000
1785141217.380207062,9,261.500000,2777.750
1785141217.380207062,10,263.156250,2790.000
1785141217.380207062,14,266.546875,2290.250
1785141217.380207062,9,269.750000,2812.750
1785141217.380207062,15,271.375000,2833.250
1785141217.380207062,13,273.046875,2855.500
1785141217.380207062,15,279.750000,2355.000
1785141217.380207062,15,281.390625,2340.750
1785141217.380207062,15,296.046875,3286.250
1785141217.380207062,15,297.703125,3326.000
1785141217.380207062,15,299.390625,3381.750
1785141217.380207062,15,301.031250,3441.750
1785141217.380207062,15,302.703125,3500.250
1785141217.380207062,15,304.343750,3567.500
1785141217.380207062,15,305.968750,3657.250
1785141217.380207062,12,343.843750,9568.000
1785141217.380207062,15,345.500000,9462.500
1785141217.380207062,15,347.140625,9343.000
1785141217.380207062,15,348.796875,9298.250
1785141217.491699934,15,357.140625,6989.000
1785141217.491699934,15,358.781250,6973.750
1785141217.491699934,15,0.437500,6959.000
1785141217.491699934,15,2.109375,6951.750
1785141217.491699934,8,3.750000,6877.000
1785141217.491699934,15,5.406250,6768.500
1785141217.491699934,15,7.093750,6724.000
1785141217.491699934,15,10.265625,8754.250
1785141217.491699934,12,11.906250,8806.500
1785141217.491699934,10,13.562500,8809.000
1785141217.491699934,8,15.203125,8850.000
1785141217.491699934,15,48.109375,105.750
1785141217.491699934,15,165.359375,10371.500
1785141217.491699934,7,173.625000,10209.000
1785141217.491699934,15,178.578125,10637.750
1785141217.491699934,9,193.531250,6120.250
1785141217.491699934,9,198.531250,5533.000
1785141217.491699934,12,201.843750,5099.500
1785141217.491699934,14,211.750000,4156.000
1785141217.491699934,15,215.078125,3957.750
1785141217.491699934,7,216.718750,3864.500
1785141217.491699934,15,218.359375,3767.750
1785141217.491699934,13,235.000000,3065.250
1785141217.491699934,15,236.640625,3033.750
1785141217.491699934,15,238.312500,3000.250
1785141217.491699934,15,239.953125,2973.500
1785141217.491699934,8,241.625000,2939.750
1785141217.491699934,7,243.250000,2903.000
1785141217.491699934,15,248.203125,2848.000
1785141217.491699934,15,249.859375,2828.250
1785141217.491699934,10,253.328125,2378.250
1785141217.491699934,11,256.531250,2778.500
1785141217.491699934,8,258.187500,2775.250
1785141217.491699934,10,259.812500,2772.750
1785141217.491699934,9,261.468750,2779.000
1785141217.491699934,8,263.156250,2789.000
1785141217.491699934,15,266.578125,2289.250
1785141217.491699934,9,269.750000,2812.500
1785141217.491699934,15,271.390625,2832.250
1785141217.491699934,15,273.031250,2856.250
1785141217.491699934,15,281.343750,2340.750
1785141217.491699934,15,295.984375,3286.750
1785141217.491699934,15,297.625000,3326.750
1785141217.491699934,15,299.359375,3382.500
1785141217.491699934,15,301.015625,3442.000
1785141217.491699934,15,302.656250,3500.750
1785141217.491699934,15,304.312500,3575.750
1785141217.491699934,15,305.937500,3661.750
1785141217.491699934,11,343.859375,9562.500
1785141217.491699934,15,345.515625,9459.750
1785141217.491699934,15,347.156250,9338.750
1785141217.491699934,15,348.812500,9297.250
1785141217.602019072,15,357.140625,6983.750
1785141217.602019072,15,358.796875,6972.000
1785141217.602019072,15,0.453125,6958.000
1785141217.602019072,15,2.109375,6950.750
1785141217.602019072,8,3.765625,6879.250
1785141217.602019072,15,5.406250,6769.500
1785141217.602019072,15,7.078125,6726.500
1785141217.602019072,15,10.250000,8754.500
1785141217.602019072,12,11.906250,8807.750
1785141217.602019072,10,13.546875,8808.000
1785141217.602019072,8,15.203125,8849.000
1785141217.602019072,15,46.500000,105.750
1785141217.602019072,15,165.468750,10065.000
1785141217.602019072,15,178.656250,10619.500
1785141217.602019072,8,193.609375,6122.250
1785141217.602019072,10,198.593750,5524.250
1785141217.602019072,12,201.921875,5097.500
1785141217.602019072,8,208.531250,4393.000
1785141217.602019072,15,211.859375,4153.000
1785141217.602019072,12,213.515625,4057.000
1785141217.602019072,15,215.171875,3955.750
1785141217.602019072,9,216.843750,3863.000
1785141217.602019072,15,218.484375,3759.250
1785141217.602019072,11,235.109375,3063.750
1785141217.602019072,15,236.781250,3034.250
1785141217.602019072,15,238.421875,3011.250
1785141217.602019072,15,240.109375,2983.250
1785141217.602019072,8,241.765625,2938.000
1785141217.602019072,9,243.406250,2903.000
1785141217.602019072,15,248.390625,2847.250
1785141217.602019072,15,250.062500,2828.000
1785141217.602019072,6,253.437500,2383.250
1785141217.602019072,9,256.656250,2786.500
1785141217.602019072,8,258.296875,2780.000
1785141217.602019072,10,259.953125,2777.250
1785141217.602019072,10,261.625000,2779.750
1785141217.602019072,10,263.265625,2790.250
1785141217.602019072,15,266.687500,2303.000
1785141217.602019072,15,269.843750,2813.500
1785141217.602019072,15,271.500000,2835.500
1785141217.602019072,12,273.156250,2854.000
1785141217.602019072,15,281.453125,2339.000
1785141217.602019072,15,296.093750,3295.500
1785141217.602019072,15,297.750000,3341.250
1785141217.602019072,15,299.515625,3391.500
1785141217.602019072,15,301.156250,3450.500
1785141217.602019072,15,302.812500,3512.750
1785141217.602019072,15,304.468750,3577.750
1785141217.602019072,15,306.109375,3659.000
1785141217.602019072,15,344.015625,9446.000
1785141217.602019072,15,345.687500,9415.250
1785141217.602019072,15,347.296875,9372.000
1785141217.602019072,15,348.953125,9330.750
1785141217.714355946,15,357.296875,7037.750
1785141217.714355946,15,358.937500,6987.250
1785141217.714355946,15,0.593750,6960.750
1785141217.714355946,15,2.250000,6962.750
1785141217.714355946,15,5.562500,6736.750
1785141217.714355946,15,7.218750,6711.000
1785141217.714355946,15,10.421875,8810.000
1785141217.714355946,11,12.062500,8848.750
1785141217.714355946,10,13.718750,8851.000
1785141217.714355946,15,46.093750,108.250
1785141217.714355946,15,47.234375,105.750
1785141217.714355946,15,164.000000,10317.000
1785141217.714355946,15,165.656250,10182.250
1785141217.714355946,10,173.921875,10154.750
1785141217.714355946,15,178.859375,10654.000
1785141217.714355946,12,202.140625,5079.250
1785141217.714355946,10,208.718750,4369.000
1785141217.714355946,15,212.015625,4134.000
1785141217.714355946,15,215.343750,3944.500
1785141217.714355946,15,218.656250,3752.250
1785141217.714355946,15,236.890625,3032.750
1785141217.714355946,15,238.562500,3012.500
1785141217.714355946,15,240.203125,2983.000
1785141217.714355946,6,241.859375,2939.250
1785141217.714355946,8,243.484375,2906.750
1785141217.714355946,15,248.468750,2847.000
1785141217.714355946,15,250.109375,2830.000
1785141217.714355946,0,253.500000,2368.750
1785141217.714355946,9,256.718750,2783.500
1785141217.714355946,6,258.359375,2778.000
1785141217.714355946,11,260.015625,2778.250
1785141217.714355946,10,261.640625,2782.250
1785141217.714355946,9,263.328125,2789.500
1785141217.714355946,15,266.734375,2302.500
1785141217.714355946,8,269.906250,2815.750
1785141217.714355946,15,271.531250,2837.500
1785141217.714355946,11,273.187500,2854.000
1785141217.714355946,15,276.640625,2114.750
1785141217.714355946,15,279.843750,2354.750
1785141217.714355946,15,281.484375,2338.750
1785141217.714355946,15,294.515625,3274.750
1785141217.714355946,15,296.140625,3295.250
1785141217.714355946,15,297.796875,3338.750
1785141217.714355946,15,299.562500,3391.250
1785141217.714355946,15,301.187500,3452.000
1785141217.714355946,15,302.859375,3513.500
1785141217.714355946,15,304.515625,3580.250
1785141217.714355946,15,306.156250,3661.750
1785141217.714355946,15,344.031250,9447.750
1785141217.714355946,15,345.671875,9413.000
1785141217.714355946,15,347.296875,9370.750
1785141217.714355946,15,348.937500,9331.000
1785141217.824723959,15,357.265625,7011.750
1785141217.824723959,15,358.921875,6986.250
1785141217.824723959,15,0.578125,6958.250
1785141217.824723959,15,2.218750,6958.000
1785141217.824723959,7,3.890625,6871.500
1785141217.824723959,15,5.546875,6759.000
1785141217.824723959,15,7.203125,6713.500
1785141217.824723959,15,10.390625,8808.750
1785141217.824723959,11,12.046875,8848.000
1785141217.824723959,13,13.687500,8844.250
1785141217.824723959,7,15.343750,8888.750
1785141217.824723959,15,45.484375,108.250
1785141217.824723959,15,47.015625,105.750
1785141217.824723959,15,163.921875,10370.500
1785141217.824723959,15,165.578125,10226.250
1785141217.824723959,15,178.796875,10641.500
1785141217.824723959,12,202.093750,5074.250
1785141217.824723959,11,208.734375,4373.000
1785141217.824723959,15,212.046875,4135.250
1785141217.824723959,15,215.375000,3946.250
1785141217.824723959,15,218.718750,3750.750
1785141217.824723959,15,236.921875,3032.750
1785141217.824723959,15,238.578125,3010.750
1785141217.824723959,15,240.250000,2981.000
1785141217.824723959,7,241.890625,2939.250
1785141217.824723959,8,243.531250,2906.000
1785141217.824723959,15,248.515625,2841.500
1785141217.824723959,8,250.171875,2826.500
1785141217.824723959,1,253.531250,2378.500
1785141217.824723959,11,256.734375,2782.250
1785141217.824723959,8,258.390625,2780.750
1785141217.824723959,10,260.031250,2780.750
1785141217.824723959,9,261.656250,2782.250
1785141217.824723959,8,263.328125,2789.500
1785141217.824723959,15,266.734375,2304.250
1785141217.824723959,15,269.906250,2815.500
1785141217.824723959,15,271.562500,2836.750
1785141217.824723959,15,279.906250,2348.750
1785141217.824723959,15,281.531250,2333.500
1785141217.824723959,15,294.531250,3272.500
1785141217.824723959,15,296.171875,3295.250
1785141217.824723959,15,297.843750,3340.000
1785141217.824723959,15,299.625000,3392.000
1785141217.824723959,15,301.250000,3451.250
1785141217.824723959,15,302.921875,3518.000
1785141217.824723959,15,304.562500,3593.500
1785141217.824723959,15,306.187500,3670.000
1785141217.824723959,15,344.031250,9445.500
1785141217.824723959,15,345.703125,9409.250
1785141217.824723959,15,347.328125,9365.750
1785141217.824723959,15,348.968750,9326.500
1785141217.936262846,15,357.281250,7035.500
1785141217.936262846,15,358.937500,6984.750
1785141217.936262846,15,0.593750,6958.750
1785141217.936262846,15,2.250000,6958.500
1785141217.936262846,10,3.906250,6867.250
1785141217.936262846,15,5.562500,6756.250
1785141217.936262846,15,7.218750,6714.750
1785141217.936262846,15,10.468750,8808.250
1785141217.936262846,11,12.109375,8843.250
1785141217.936262846,9,13.765625,8824.750
1785141217.936262846,15,45.359375,108.250
1785141217.936262846,15,46.843750,105.500
1785141217.936262846,15,163.953125,10370.250
1785141217.936262846,15,165.609375,10226.500
1785141217.936262846,9,173.859375,10181.250
1785141217.936262846,15,178.843750,10636.000
1785141217.936262846,12,202.125000,5068.000
1785141217.936262846,12,205.453125,4703.250
1785141217.936262846,10,208.796875,4374.500
1785141217.936262846,13,212.109375,4135.500
1785141217.936262846,15,215.421875,3945.750
1785141217.936262846,15,218.750000,3751.750
1785141217.936262846,15,236.968750,3035.750
1785141217.936262846,15,238.625000,3010.750
1785141217.936262846,7,240.296875,2980.250
1785141217.936262846,8,241.953125,2938.250
1785141217.936262846,7,243.593750,2909.750
1785141217.936262846,15,248.562500,2840.250
1785141217.936262846,15,250.187500,2826.500
1785141217.936262846,4,253.609375,2381.000
1785141217.936262846,9,256.843750,2781.250
1785141217.936262846,8,258.453125,2781.750
1785141217.936262846,10,260.140625,2780.000
1785141217.936262846,9,261.765625,2782.500
1785141217.936262846,11,263.406250,2788.250
1785141217.936262846,15,266.843750,2304.750
1785141217.936262846,15,273.328125,2857.000
1785141217.936262846,15,280.015625,2341.500
1785141217.936262846,15,281.640625,2333.500
1785141217.936262846,15,294.656250,3272.000
1785141217.936262846,15,296.296875,3295.000
1785141217.936262846,15,297.921875,3344.250
1785141217.936262846,15,299.671875,3396.750
1785141217.936262846,15,301.328125,3451.250
1785141217.936262846,15,302.984375,3518.000
1785141217.936262846,15,304.609375,3594.750
1785141217.936262846,15,306.281250,3670.250
1785141217.936262846,15,344.078125,9481.750
1785141217.936262846,15,345.734375,9419.250
1785141217.936262846,15,347.406250,9367.750
1785141217.936262846,15,349.062500,9321.250
1785141218.047858000,15,357.390625,7011.500
1785141218.047858000,15,359.046875,6958.250
1785141218.047858000,15,0.703125,6966.000
1785141218.047858000,15,2.375000,6978.500
1785141218.047858000,15,5.687500,6682.500
1785141218.047858000,15,7.359375,6705.750
1785141218.047858000,15,10.562500,8850.250
1785141218.047858000,10,12.218750,8813.250
1785141218.047858000,8,13.875000,8765.500
1785141218.047858000,15,45.343750,108.000
1785141218.047858000,15,164.062500,10329.750
1785141218.047858000,15,165.734375,10214.250
1785141218.047858000,15,178.953125,10717.500
1785141218.047858000,11,202.250000,5039.000
1785141218.047858000,7,208.859375,4369.750
1785141218.047858000,11,212.171875,4131.250
1785141218.047858000,15,215.484375,3943.500
1785141218.047858000,15,218.812500,3752.500
1785141218.047858000,8,223.843750,3226.750
1785141218.047858000,14,237.031250,3035.250
1785141218.047858000,15,238.718750,3010.250
1785141218.047858000,15,240.375000,2979.750
1785141218.047858000,6,242.015625,2934.750
1785141218.047858000,7,243.656250,2905.000
1785141218.047858000,15,248.625000,2840.250
1785141218.047858000,15,250.296875,2827.250
1785141218.047858000,5,253.734375,2378.000
1785141218.047858000,8,256.937500,2777.750
1785141218.047858000,8,258.593750,2779.250
1785141218.047858000,9,260.234375,2780.750
1785141218.047858000,10,261.875000,2785.500
1785141218.047858000,9,263.562500,2793.000
1785141218.047858000,15,266.953125,2299.500
1785141218.047858000,15,270.140625,2826.750
1785141218.047858000,11,271.796875,2847.000
1785141218.047858000,12,273.468750,2860.750
1785141218.047858000,15,280.171875,2347.000
1785141218.047858000,15,281.828125,2325.000
1785141218.047858000,15,294.843750,3272.750
1785141218.047858000,15,296.484375,3296.000
1785141218.047858000,15,298.140625,3345.750
1785141218.047858000,15,299.843750,3389.750
1785141218.047858000,15,301.500000,3452.500
1785141218.047858000,15,303.125000,3522.750
1785141218.047858000,15,304.796875,3598.000
1785141218.047858000,15,306.437500,3674.750
1785141218.047858000,15,342.609375,9588.750
1785141218.047858000,14,344.265625,9490.500
1785141218.047858000,15,345.921875,9422.750
1785141218.047858000,15,347.578125,9355.750
1785141218.047858000,15,349.234375,9309.000
1785141218.159588099,15,357.562500,6978.750
1785141218.159588099,15,359.218750,6996.500
1785141218.159588099,15,0.875000,7011.000
1785141218.159588099,15,2.531250,7007.500
1785141218.159588099,15,5.859375,6751.000
1785141218.159588099,15,7.500000,6730.500
1785141218.159588099,15,10.703125,8842.750
1785141218.159588099,15,12.359375,8815.250
1785141218.159588099,11,14.015625,8822.750
1785141218.159588099,15,45.218750,107.500
1785141218.159588099,15,50.015625,101.750
1785141218.159588099,15,164.296875,10355.750
1785141218.159588099,15,165.953125,10196.750
1785141218.159588099,15,179.203125,10572.500
1785141218.159588099,14,197.515625,5614.750
1785141218.159588099,8,202.468750,5045.500
1785141218.159588099,15,210.765625,4202.750
1785141218.159588099,12,212.437500,4122.000
1785141218.159588099,15,214.093750,4040.250
1785141218.159588099,15,215.765625,3938.000
1785141218.159588099,8,217.421875,3841.000
1785141218.159588099,15,219.093750,3740.750
1785141218.159588099,11,235.671875,3056.500
1785141218.159588099,15,237.328125,3019.750
1785141218.159588099,15,238.968750,2995.000
1785141218.159588099,6,240.625000,2963.250
1785141218.159588099,5,242.281250,2919.750
1785141218.159588099,7,243.921875,2894.500
1785141218.159588099,15,248.906250,2836.000
1785141218.159588099,15,250.593750,2821.750
1785141218.159588099,9,257.218750,2781.000
1785141218.159588099,8,258.875000,2785.500
1785141218.159588099,10,260.531250,2788.250
1785141218.159588099,7,262.171875,2786.250
1785141218.159588099,15,267.281250,2307.500
1785141218.159588099,15,270.437500,2824.500
1785141218.159588099,15,272.078125,2842.250
1785141218.159588099,15,273.734375,2856.250
1785141218.159588099,15,280.421875,2359.250
1785141218.159588099,15,282.062500,2338.750
1785141218.159588099,15,295.093750,3269.500
1785141218.159588099,15,296.734375,3308.000
1785141218.159588099,15,298.453125,3362.500
1785141218.159588099,15,300.093750,3418.250
1785141218.159588099,15,301.734375,3476.750
1785141218.159588099,15,303.421875,3546.500
1785141218.159588099,15,305.046875,3625.000
1785141218.159588099,15,306.671875,3697.750
1785141218.159588099,15,339.687500,6100.750
1785141218.159588099,15,342.921875,9530.750
1785141218.159588099,15,344.578125,9454.000
1785141218.159588099,15,346.218750,9450.000
1785141218.159588099,15,347.875000,9373.250
1785141218.159588099,15,349.531250,9284.500
1785141218.270393133,15,357.859375,7011.750
1785141218.270393133,15,359.500000,7014.750
1785141218.270393133,15,1.156250,7004.750
1785141218.270393133,15,2.828125,6998.000
1785141218.270393133,15,6.140625,6734.500
1785141218.270393133,8,7.796875,6733.000
1785141218.270393133,15,10.968750,8852.250
1785141218.270393133,12,12.625000,8865.250
1785141218.270393133,15,45.500000,107.500
1785141218.270393133,15,50.765625,101.500
1785141218.270393133,15,164.562500,10337.250
1785141218.270393133,10,174.484375,10185.250
1785141218.270393133,10,197.734375,5606.250
1785141218.270393133,13,211.000000,4194.000
1785141218.270393133,12,212.671875,4097.750
1785141218.270393133,15,214.312500,4003.250
1785141218.270393133,15,215.984375,3920.000
1785141218.270393133,8,217.656250,3836.250
1785141218.270393133,15,219.312500,3732.250
1785141218.270393133,11,235.921875,3056.500
1785141218.270393133,15,237.562500,3013.250
1785141218.270393133,15,239.250000,2987.500
1785141218.270393133,15,240.890625,2961.250
1785141218.270393133,7,242.531250,2917.500
1785141218.270393133,15,249.171875,2833.250
1785141218.270393133,9,257.453125,2782.500
1785141218.270393133,9,259.078125,2780.250
1785141218.270393133,10,260.734375,2779.750
1785141218.270393133,8,262.406250,2787.000
1785141218.270393133,15,270.656250,2815.500
1785141218.270393133,11,272.281250,2847.250
1785141218.270393133,15,273.937500,2861.250
1785141218.270393133,15,280.609375,2364.500
1785141218.270393133,15,282.265625,2338.250
1785141218.270393133,15,293.609375,3267.500
1785141218.270393133,15,295.234375,3274.000
1785141218.270393133,15,296.906250,3312.750
1785141218.270393133,15,298.625000,3366.250
1785141218.270393133,15,300.281250,3418.750
1785141218.270393133,15,301.921875,3476.750
1785141218.270393133,15,303.562500,3554.000
1785141218.270393133,15,305.218750,3629.750
1785141218.270393133,15,339.953125,6064.500
1785141218.270393133,15,343.171875,9529.000
1785141218.270393133,15,344.828125,9417.750
1785141218.270393133,15,346.437500,9423.500
1785141218.270393133,15,348.109375,9359.250
1785141218.270393133,15,349.765625,9259.750
1785141218.385142088,15,356.437500,7028.500
1785141218.385142088,15,358.093750,6983.750
1785141218.385142088,15,359.734375,6999.750
1785141218.385142088,15,1.390625,6974.750
1785141218.385142088,15,4.718750,6851.250
1785141218.385142088,15,6.375000,6759.000
1785141218.385142088,15,9.640625,8727.750
1785141218.385142088,15,11.203125,8860.500
1785141218.385142088,9,12.859375,8849.750
1785141218.385142088,12,14.515625,8825.500
1785141218.385142088,15,46.750000,107.000
1785141218.385142088,15,163.078125,10358.000
1785141218.385142088,15,164.750000,10351.750
1785141218.385142088,12,197.906250,5587.000
1785141218.385142088,15,201.234375,5136.500
1785141218.385142088,15,211.171875,4176.500
1785141218.385142088,11,212.828125,4098.500
1785141218.385142088,15,214.484375,3995.750
1785141218.385142088,15,216.125000,3905.500
1785141218.385142088,12,217.796875,3824.500
1785141218.385142088,15,234.421875,3031.000
1785141218.385142088,10,236.109375,3049.250
1785141218.385142088,15,237.750000,3007.500
1785141218.385142088,15,239.406250,2984.500
1785141218.385142088,7,241.046875,2960.750
1785141218.385142088,7,242.703125,2916.250
1785141218.385142088,15,246.062500,2662.750
1785141218.385142088,15,249.328125,2831.000
1785141218.385142088,8,257.593750,2779.750
1785141218.385142088,11,259.234375,2779.000
1785141218.385142088,11,260.906250,2781.250
1785141218.385142088,9,262.546875,2787.250
1785141218.385142088,10,264.218750,2793.500
1785141218.385142088,15,270.796875,2815.250
1785141218.385142088,12,272.453125,2847.750
1785141218.385142088,8,274.093750,2862.250
1785141218.385142088,15,280.765625,2367.250
1785141218.385142088,15,282.437500,2341.250
1785141218.385142088,15,295.437500,3271.250
1785141218.385142088,15,297.046875,3315.250
1785141218.385142088,15,298.812500,3369.250
1785141218.385142088,15,300.453125,3423.500
1785141218.385142088,15,302.093750,3483.750
1785141218.385142088,15,303.750000,3560.750
1785141218.385142088,15,305.406250,3639.500
1785141218.385142088,15,340.078125,6057.750
1785141218.385142088,15,343.328125,9501.000
1785141218.385142088,15,344.984375,9413.250
1785141218.385142088,15,346.593750,9381.750
1785141218.385142088,15,348.265625,9313.000
1785141218.385142088,15,349.906250,9255.250
1785141218.496778011,15,356.578125,7033.000
1785141218.496778011,15,358.234375,6983.750
1785141218.496778011,15,359.890625,6993.750
1785141218.496778011,15,1.562500,6979.000
1785141218.496778011,15,4.859375,6866.250
1785141218.496778011,15,6.515625,6760.500
1785141218.496778011,15,9.796875,8755.000
1785141218.496778011,15,11.359375,8890.000
1785141218.496778011,9,13.031250,8884.250
1785141218.496778011,8,14.671875,8818.500
1785141218.496778011,15,47.218750,106.500
1785141218.496778011,15,164.921875,10343.500
1785141218.496778011,15,178.140625,10654.500
1785141218.496778011,7,193.062500,6132.750
1785141218.496778011,10,198.015625,5577.250
1785141218.496778011,15,201.359375,5128.500
1785141218.496778011,15,211.328125,4158.500
1785141218.496778011,8,212.968750,4085.000
1785141218.496778011,15,214.656250,3989.500
1785141218.496778011,15,216.312500,3895.500
1785141218.496778011,15,217.984375,3803.750
1785141218.496778011,2,221.312500,3407.750
1785141218.496778011,13,234.578125,3029.500
1785141218.496778011,8,236.234375,3046.500
1785141218.496778011,15,237.921875,3004.750
1785141218.496778011,15,239.546875,2982.000
1785141218.496778011,6,241.234375,2960.500
1785141218.496778011,7,242.890625,2913.750
1785141218.496778011,15,246.218750,2669.000
1785141218.496778011,15,249.484375,2832.250
1785141218.496778011,8,251.125000,2810.250
1785141218.496778011,2,254.484375,2376.000
1785141218.496778011,7,257.718750,2778.250
1785141218.496778011,9,259.390625,2782.250
1785141218.496778011,11,261.000000,2784.500
1785141218.496778011,10,262.687500,2786.750
1785141218.496778011,10,264.328125,2792.750
1785141218.496778011,9,265.968750,2799.750
1785141218.496778011,10,267.625000,2810.250
1785141218.496778011,14,269.265625,2811.000
1785141218.496778011,13,270.906250,2824.000
1785141218.496778011,15,272.546875,2850.500
1785141218.496778011,15,280.859375,2366.750
1785141218.496778011,15,282.515625,2343.500
1785141218.496778011,15,295.531250,3272.000
1785141218.496778011,15,297.171875,3315.750
1785141218.496778011,15,298.921875,3369.250
1785141218.496778011,15,300.578125,3426.000
1785141218.496778011,15,302.218750,3485.500
1785141218.496778011,15,303.875000,3555.250
1785141218.496778011,15,305.515625,3638.750
1785141218.496778011,15,340.125000,6057.250
1785141218.496778011,15,343.359375,9503.250
1785141218.496778011,15,345.015625,9422.500
1785141218.496778011,15,346.656250,9388.000
1785141218.496778011,15,348.312500,9313.000
1785141218.496778011,15,349.953125,9254.250
1785141218.608367205,15,356.609375,7037.500
1785141218.608367205,15,358.265625,6987.000
1785141218.608367205,15,359.921875,6996.750
1785141218.608367205,15,1.593750,6982.750
1785141218.608367205,15,4.906250,6868.000
1785141218.608367205,15,6.546875,6761.250
1785141218.608367205,15,9.812500,8761.250
1785141218.608367205,15,11.406250,8888.500
1785141218.608367205,8,13.062500,8896.000
1785141218.608367205,15,46.109375,106.500
1785141218.608367205,15,164.859375,10350.000
1785141218.608367205,12,176.406250,10409.000
1785141218.608367205,15,178.062500,10594.250
1785141218.608367205,9,198.031250,5577.250
1785141218.608367205,15,201.359375,5129.750
1785141218.608367205,15,211.328125,4157.000
1785141218.608367205,9,212.984375,4083.500
1785141218.608367205,15,214.640625,3988.750
1785141218.608367205,15,216.328125,3895.000
1785141218.608367205,12,217.984375,3804.750
1785141218.608367205,3,221.328125,3422.500
1785141218.608367205,15,234.562500,3032.500
1785141218.608367205,10,236.218750,3049.500
1785141218.608367205,15,237.875000,3005.000
1785141218.608367205,15,239.515625,2981.750
1785141218.608367205,7,241.203125,2958.750
1785141218.608367205,5,242.843750,2914.500
1785141218.608367205,15,246.171875,2667.000
1785141218.608367205,15,249.437500,2833.250
1785141218.608367205,9,251.093750,2810.750
1785141218.608367205,15,254.500000,2357.500
1785141218.608367205,8,257.703125,2777.500
1785141218.608367205,10,259.343750,2782.000
1785141218.608367205,11,261.015625,2783.000
1785141218.608367205,9,262.656250,2784.000
1785141218.608367205,7,264.328125,2790.750
1785141218.608367205,8,265.968750,2799.500
1785141218.608367205,9,267.609375,2810.250
1785141218.608367205,15,269.265625,2809.750
1785141218.608367205,15,270.890625,2822.500
1785141218.608367205,15,272.546875,2848.500
1785141218.608367205,15,280.843750,2367.000
1785141218.608367205,15,282.531250,2343.750
1785141218.608367205,15,295.515625,3273.000
1785141218.608367205,15,297.156250,3315.750
1785141218.608367205,15,298.921875,3369.000
1785141218.608367205,15,300.578125,3427.500
1785141218.608367205,15,302.234375,3487.250
1785141218.608367205,15,303.859375,3555.500
1785141218.608367205,15,305.515625,3639.000
1785141218.608367205,15,340.125000,6058.250
1785141218.608367205,15,343.375000,9494.750
1785141218.608367205,15,345.015625,9418.500
1785141218.608367205,15,346.656250,9389.250
1785141218.608367205,15,348.312500,9309.750
1785141218.608367205,15,349.953125,9250.250
1785141218.719029903,15,356.609375,7038.500
1785141218.719029903,15,358.281250,6988.750
1785141218.719029903,15,359.921875,6999.500
1785141218.719029903,15,1.578125,6985.250
1785141218.719029903,15,4.890625,6868.000
1785141218.719029903,15,6.546875,6762.250
1785141218.719029903,15,9.812500,8771.000
1785141218.719029903,15,11.421875,8893.750
1785141218.719029903,8,13.078125,8896.750
1785141218.719029903,15,45.859375,106.500
1785141218.719029903,15,164.921875,10344.750
1785141218.719029903,15,176.484375,10457.750
1785141218.719029903,15,178.156250,10694.250
1785141218.719029903,7,193.109375,6136.250
1785141218.719029903,11,198.078125,5575.250
1785141218.719029903,15,201.406250,5126.500
1785141218.719029903,15,211.390625,4157.750
1785141218.719029903,10,213.046875,4076.000
1785141218.719029903,15,214.703125,3978.750
1785141218.719029903,15,216.375000,3892.500
1785141218.719029903,15,218.015625,3805.000
1785141218.719029903,14,234.578125,3029.750
1785141218.719029903,9,236.234375,3046.750
1785141218.719029903,15,237.921875,3005.750
1785141218.719029903,15,239.546875,2983.000
1785141218.719029903,6,241.218750,2957.750
1785141218.719029903,8,242.859375,2912.750
1785141218.719029903,15,246.203125,2665.000
1785141218.719029903,15,249.453125,2833.250
1785141218.719029903,8,251.125000,2811.500
1785141218.719029903,15,254.500000,2386.000
1785141218.719029903,9,259.375000,2781.000
1785141218.719029903,9,261.000000,2782.250
1785141218.719029903,8,262.671875,2784.250
1785141218.719029903,7,264.312500,2791.750
1785141218.719029903,9,265.968750,2799.750
1785141218.719029903,8,267.609375,2808.250
1785141218.719029903,15,269.250000,2808.250
1785141218.719029903,15,270.906250,2822.250
1785141218.719029903,15,272.546875,2849.250
1785141218.719029903,11,274.187500,2861.250
1785141218.719029903,15,280.937500,2357.250
1785141218.719029903,15,282.609375,2344.250
1785141218.719029903,15,295.609375,3276.500
1785141218.719029903,15,297.234375,3318.250
1785141218.719029903,15,298.984375,3372.250
1785141218.719029903,15,300.609375,3431.000
1785141218.719029903,15,302.265625,3487.250
1785141218.719029903,15,303.921875,3554.000
1785141218.719029903,15,305.546875,3638.250
1785141218.719029903,15,340.187500,6072.250
1785141218.719029903,15,343.406250,9505.500
1785141218.719029903,15,345.062500,9419.500
1785141218.719029903,15,346.718750,9390.500
1785141218.719029903,15,348.375000,9314.500
1785141218.719029903,15,350.031250,9245.750
1785141218.830961943,15,356.703125,7030.500
1785141218.830961943,15,358.359375,6982.250
1785141218.830961943,15,0.015625,6995.250
1785141218.830961943,15,1.671875,6979.500
1785141218.830961943,15,4.984375,6863.250
1785141218.830961943,15,6.640625,6755.000
1785141218.830961943,15,9.906250,8780.750
1785141218.830961943,15,11.515625,8888.500
1785141218.830961943,11,13.171875,8893.750
1785141218.830961943,7,14.828125,8876.250
1785141218.830961943,15,46.156250,106.250
1785141218.830961943,9,173.343750,10181.000
1785141218.830961943,15,178.296875,10652.500
1785141218.830961943,8,193.281250,6121.500
1785141218.830961943,10,198.250000,5560.250
1785141218.830961943,15,201.593750,5112.750
1785141218.830961943,15,208.171875,4419.000
1785141218.830961943,15,211.500000,4167.000
1785141218.830961943,9,213.156250,4079.750
1785141218.830961943,15,214.812500,3976.500
1785141218.830961943,15,216.468750,3884.250
1785141218.830961943,15,218.140625,3787.750
1785141218.830961943,10,234.687500,3035.750
1785141218.830961943,10,236.343750,3045.250
1785141218.830961943,15,238.000000,3002.000
1785141218.830961943,15,239.656250,2973.500
1785141218.830961943,8,241.328125,2950.500
1785141218.830961943,9,242.953125,2910.250
1785141218.830961943,12,246.265625,2655.250
1785141218.830961943,15,249.546875,2833.500
1785141218.830961943,8,251.281250,2814.750
1785141218.830961943,8,252.937500,2798.750
1785141218.830961943,15,256.312500,2388.250
1785141218.830961943,9,259.562500,2775.500
1785141218.830961943,11,261.203125,2781.250
1785141218.830961943,8,262.859375,2787.000
1785141218.830961943,9,264.500000,2792.250
1785141218.830961943,8,266.140625,2801.750
1785141218.830961943,10,267.796875,2814.250
1785141218.830961943,15,269.437500,2816.750
1785141218.830961943,15,271.062500,2829.250
1785141218.830961943,13,272.734375,2852.500
1785141218.830961943,15,281.093750,2345.000
1785141218.830961943,15,282.750000,2361.000
1785141218.830961943,15,295.765625,3279.500
1785141218.830961943,15,297.437500,3324.000
1785141218.830961943,15,299.109375,3375.250
1785141218.830961943,15,300.765625,3427.000
1785141218.830961943,15,302.406250,3488.000
1785141218.830961943,15,304.078125,3563.500
1785141218.830961943,15,305.703125,3643.750
1785141218.830961943,15,340.375000,6176.750
1785141218.830961943,15,343.609375,9603.250
1785141218.830961943,15,345.250000,9529.750
1785141218.830961943,15,346.921875,9396.500
1785141218.830961943,15,348.578125,9327.750
1785141218.942494869,8,350.234375,9211.250
1785141218.942494869,15,356.921875,7022.000
1785141218.942494869,15,358.578125,6957.000
1785141218.942494869,15,0.218750,6976.500
1785141218.942494869,15,1.875000,6994.250
1785141218.942494869,15,6.859375,6727.250
1785141218.942494869,15,10.125000,8760.250
1785141218.942494869,15,11.718750,8813.500
1785141218.942494869,8,13.375000,8858.250
1785141218.942494869,7,15.015625,8823.500
1785141218.942494869,15,46.687500,106.000
1785141218.942494869,15,178.546875,10636.750
1785141218.942494869,9,193.546875,6120.750
1785141218.942494869,8,198.515625,5530.000
1785141218.942494869,13,201.859375,5098.250
1785141218.942494869,15,211.750000,4154.500
1785141218.942494869,15,215.062500,3955.000
1785141218.942494869,6,216.734375,3863.500
1785141218.942494869,15,218.390625,3767.750
1785141218.942494869,11,234.937500,3064.250
1785141218.942494869,15,236.609375,3033.750
1785141218.942494869,15,238.250000,3002.750
1785141218.942494869,15,239.921875,2976.250
1785141218.942494869,6,241.562500,2940.250
1785141218.942494869,7,243.203125,2905.500
1785141218.942494869,15,246.515625,2878.000
1785141218.942494869,15,248.187500,2847.500
1785141218.942494869,15,249.812500,2829.000
1785141218.942494869,15,251.515625,2811.500
1785141218.942494869,9,253.171875,2796.750
1785141218.942494869,15,256.531250,2373.250
1785141218.942494869,9,259.765625,2775.250
1785141218.942494869,7,261.437500,2781.000
1785141218.942494869,8,263.078125,2789.000
1785141218.942494869,8,264.718750,2799.500
1785141218.942494869,15,266.359375,2814.500
1785141218.942494869,15,268.046875,2817.000
1785141218.942494869,9,269.687500,2815.250
1785141218.942494869,15,271.312500,2834.500
1785141218.942494869,10,272.953125,2857.000
1785141218.942494869,15,281.265625,2341.750
1785141218.942494869,13,282.921875,2379.750
1785141218.942494869,15,295.921875,3282.250
1785141218.942494869,15,297.578125,3327.750
1785141218.942494869,15,299.312500,3382.500
1785141218.942494869,15,300.968750,3440.250
1785141218.942494869,15,302.593750,3499.250
1785141218.942494869,15,304.234375,3575.750
1785141218.942494869,15,305.890625,3661.750
1785141218.942494869,7,343.781250,9653.500
1785141218.942494869,15,347.125000,9345.500
1785141218.942494869,15,348.765625,9297.750
1785141219.053277969,15,357.125000,6988.500
1785141219.053277969,15,358.781250,6970.500
1785141219.053277969,15,0.421875,6957.000
1785141219.053277969,15,2.093750,6964.500
1785141219.053277969,8,3.750000,6886.000
1785141219.053277969,15,5.406250,6765.000
1785141219.053277969,15,7.062500,6730.000
1785141219.053277969,15,10.250000,8755.750
1785141219.053277969,11,11.890625,8808.750
1785141219.053277969,10,13.546875,8807.750
1785141219.053277969,8,15.187500,8832.750
1785141219.053277969,15,47.625000,105.750
1785141219.053277969,15,165.500000,10114.500
1785141219.053277969,9,173.765625,10172.250
1785141219.053277969,15,178.718750,10617.000
1785141219.053277969,10,198.703125,5523.000
1785141219.053277969,13,202.031250,5070.500
1785141219.053277969,8,208.656250,4385.000
1785141219.053277969,14,211.968750,4144.750
1785141219.053277969,15,215.281250,3945.500
1785141219.053277969,11,216.937500,3854.750
1785141219.053277969,15,218.609375,3753.250
1785141219.053277969,15,236.859375,3031.000
1785141219.053277969,15,238.500000,3007.000
1785141219.053277969,15,240.171875,2978.250
1785141219.053277969,8,241.843750,2937.000
1785141219.053277969,15,245.218750,2518.750
1785141219.053277969,15,248.468750,2845.250
1785141219.053277969,8,250.109375,2825.250
1785141219.053277969,15,251.781250,2811.500
1785141219.053277969,9,253.453125,2797.500
1785141219.053277969,10,260.046875,2780.250
1785141219.053277969,9,261.687500,2785.250
1785141219.053277969,11,263.343750,2792.250
1785141219.053277969,9,265.000000,2798.500
1785141219.053277969,8,266.656250,2804.500
1785141219.053277969,9,268.296875,2807.750
1785141219.053277969,15,269.953125,2816.500
1785141219.053277969,15,271.578125,2837.500
1785141219.053277969,14,273.250000,2858.250
1785141219.053277969,15,279.875000,2366.000
1785141219.053277969,15,281.546875,2337.750
1785141219.053277969,15,296.171875,3294.250
1785141219.053277969,15,297.781250,3338.750
1785141219.053277969,15,299.562500,3393.000
1785141219.053277969,15,301.203125,3452.750
1785141219.053277969,15,302.843750,3512.750
1785141219.053277969,15,304.500000,3581.750
1785141219.053277969,15,306.125000,3662.500
1785141219.053277969,15,344.046875,9454.750
1785141219.053277969,15,345.718750,9425.750
1785141219.053277969,15,347.328125,9376.000
1785141219.053277969,15,348.984375,9328.000
1785141219.165253878,15,353.984375,8375.750
1785141219.165253878,15,357.312500,7011.250
1785141219.165253878,15,358.984375,6957.000
1785141219.165253878,15,0.625000,6960.000
1785141219.165253878,15,2.281250,6970.000
1785141219.165253878,15,5.609375,6731.000
1785141219.165253878,15,7.250000,6709.500
1785141219.165253878,15,10.437500,8799.500
1785141219.165253878,10,12.078125,8836.000
1785141219.165253878,10,13.734375,8844.500
1785141219.165253878,15,45.765625,108.250
1785141219.165253878,15,47.187500,105.750
1785141219.165253878,15,164.015625,10303.250
1785141219.165253878,15,165.671875,10186.250
1785141219.165253878,15,178.890625,10661.500
1785141219.165253878,12,202.171875,5048.750
1785141219.165253878,12,205.468750,4712.500
1785141219.165253878,10,208.796875,4371.750
1785141219.165253878,12,212.109375,4135.500
1785141219.165253878,15,215.406250,3944.250
1785141219.165253878,15,218.734375,3753.000
1785141219.165253878,14,237.046875,3034.250
1785141219.165253878,15,238.687500,3008.000
1785141219.165253878,15,240.343750,2978.500
1785141219.165253878,6,242.031250,2934.750
1785141219.165253878,15,245.437500,2430.250
1785141219.165253878,15,248.640625,2839.500
1785141219.165253878,8,250.328125,2813.000
1785141219.165253878,8,251.953125,2795.500
1785141219.165253878,9,253.578125,2789.250
1785141219.165253878,10,260.203125,2777.250
1785141219.165253878,11,261.828125,2784.000
1785141219.165253878,11,263.515625,2791.750
1785141219.165253878,9,265.156250,2798.500
1785141219.165253878,10,266.796875,2803.750
1785141219.165253878,11,268.453125,2807.000
1785141219.165253878,9,270.109375,2811.250
1785141219.165253878,15,271.750000,2832.250
1785141219.165253878,10,273.375000,2859.000
1785141219.165253878,15,280.062500,2342.500
1785141219.165253878,15,281.703125,2328.750
1785141219.165253878,15,296.359375,3295.750
1785141219.165253878,15,298.000000,3344.500
1785141219.165253878,15,299.734375,3392.500
1785141219.165253878,15,301.375000,3448.250
1785141219.165253878,15,303.031250,3519.750
1785141219.165253878,15,304.671875,3595.000
1785141219.165253878,15,306.296875,3669.250
1785141219.165253878,15,344.156250,9476.000
1785141219.165253878,15,345.812500,9428.250
1785141219.165253878,15,347.437500,9376.750
1785141219.165253878,15,349.078125,9320.250
1785141219.276813984,15,357.390625,7013.250
1785141219.276813984,15,359.046875,6956.250
1785141219.276813984,15,0.703125,6963.250
1785141219.276813984,15,2.359375,6968.750
1785141219.276813984,15,5.671875,6658.500
1785141219.276813984,15,7.312500,6706.750
1785141219.276813984,15,10.546875,8846.000
1785141219.276813984,8,12.187500,8807.000
1785141219.276813984,15,45.234375,108.000
1785141219.276813984,15,164.109375,10280.750
1785141219.276813984,15,165.750000,10168.250
1785141219.276813984,15,178.953125,10673.000
1785141219.276813984,11,202.265625,5040.500
1785141219.276813984,8,208.890625,4366.250
1785141219.276813984,11,212.171875,4132.000
1785141219.276813984,15,215.515625,3941.750
1785141219.276813984,15,218.843750,3749.250
1785141219.276813984,10,223.859375,3174.000
1785141219.276813984,12,237.093750,3033.500
1785141219.276813984,15,238.734375,3004.000
1785141219.276813984,15,240.406250,2974.750
1785141219.276813984,6,242.078125,2934.750
1785141219.276813984,15,248.671875,2840.250
1785141219.276813984,15,250.343750,2813.750
1785141219.276813984,10,251.984375,2797.250
1785141219.276813984,11,253.609375,2789.750
1785141219.276813984,10,260.234375,2778.500
1785141219.276813984,8,261.875000,2781.500
1785141219.276813984,10,263.546875,2789.750
1785141219.276813984,8,265.203125,2797.250
1785141219.276813984,8,266.843750,2804.000
1785141219.276813984,10,268.500000,2807.750
1785141219.276813984,15,270.140625,2812.500
1785141219.276813984,15,271.765625,2833.750
1785141219.276813984,12,273.421875,2859.000
1785141219.276813984,15,281.781250,2323.250
1785141219.276813984,15,283.390625,2333.750
1785141219.276813984,15,294.781250,3274.250
1785141219.276813984,15,296.421875,3297.000
1785141219.276813984,15,298.046875,3345.750
1785141219.276813984,15,299.828125,3393.750
1785141219.276813984,15,301.484375,3453.750
1785141219.276813984,15,303.140625,3522.500
1785141219.276813984,15,304.765625,3599.250
1785141219.276813984,15,306.406250,3676.000
1785141219.276813984,15,342.640625,9601.750
1785141219.276813984,13,344.296875,9481.000
1785141219.276813984,15,345.968750,9418.750
1785141219.276813984,15,347.562500,9352.750
1785141219.276813984,15,349.218750,9308.000
1785141219.387753963,15,357.546875,7013.250
1785141219.387753963,15,359.203125,6966.000
1785141219.387753963,15,0.859375,6980.500
1785141219.387753963,15,2.515625,7012.000
1785141219.387753963,15,5.828125,6745.000
1785141219.387753963,15,7.484375,6693.250
1785141219.387753963,15,10.687500,8837.000
1785141219.387753963,13,12.328125,8816.000
1785141219.387753963,12,13.984375,8814.000
1785141219.387753963,15,45.500000,107.500
1785141219.387753963,15,50.156250,101.750
1785141219.387753963,15,164.218750,10337.250
1785141219.387753963,15,165.875000,10205.250
1785141219.387753963,15,179.093750,10618.000
1785141219.387753963,11,197.406250,5621.750
1785141219.387753963,8,202.390625,5040.750
1785141219.387753963,10,212.359375,4121.750
1785141219.387753963,15,214.000000,4039.500
1785141219.387753963,15,215.656250,3935.750
1785141219.387753963,9,217.328125,3837.250
1785141219.387753963,14,219.015625,3729.500
1785141219.387753963,11,235.593750,3059.000
1785141219.387753963,15,237.203125,3031.750
1785141219.387753963,15,238.875000,3006.000
1785141219.387753963,15,240.546875,2967.000
1785141219.387753963,6,242.187500,2923.250
1785141219.387753963,15,247.156250,2861.000
1785141219.387753963,15,248.796875,2841.250
1785141219.387753963,8,250.484375,2822.500
1785141219.387753963,8,252.109375,2808.750
1785141219.387753963,10,253.781250,2796.750
1785141219.387753963,8,260.359375,2781.250
1785141219.387753963,7,262.000000,2785.000
1785141219.387753963,8,263.671875,2793.750
1785141219.387753963,8,265.312500,2802.500
1785141219.387753963,7,266.984375,2806.500
1785141219.387753963,14,268.625000,2808.500
1785141219.387753963,15,270.250000,2819.250
1785141219.387753963,15,271.921875,2842.000
1785141219.387753963,13,273.531250,2862.250
1785141219.387753963,15,281.890625,2323.000
1785141219.387753963,15,283.546875,2326.000
1785141219.387753963,15,286.765625,2714.250
1785141219.387753963,15,294.953125,3278.500
1785141219.387753963,15,296.562500,3296.500
1785141219.387753963,15,298.203125,3347.250
1785141219.387753963,15,299.984375,3399.000
1785141219.387753963,15,301.625000,3460.250
1785141219.387753963,15,303.281250,3540.250
1785141219.387753963,15,304.937500,3621.250
1785141219.387753963,15,306.578125,3685.750
1785141219.387753963,15,339.562500,6119.750
1785141219.387753963,14,342.812500,9550.750
1785141219.387753963,15,344.468750,9458.000
1785141219.387753963,15,346.109375,9448.000
1785141219.387753963,15,347.750000,9373.000
1785141219.387753963,15,349.406250,9292.250
1785141219.499184847,15,357.734375,7014.500
1785141219.499184847,15,359.390625,7021.500
1785141219.499184847,15,1.046875,7001.250
1785141219.499184847,15,2.687500,6992.250
1785141219.499184847,15,6.015625,6730.250
1785141219.499184847,15,7.656250,6722.500
1785141219.499184847,15,10.890625,8848.250
1785141219.499184847,9,12.531250,8861.750
1785141219.499184847,8,14.187500,8855.000
1785141219.499184847,15,45.093750,107.500
1785141219.499184847,14,49.937500,101.500
1785141219.499184847,15,164.406250,10345.000
1785141219.499184847,9,174.312500,10286.250
1785141219.499184847,13,179.296875,10575.500
1785141219.499184847,9,192.609375,6187.000
1785141219.499184847,10,197.578125,5611.000
1785141219.499184847,7,202.546875,5024.750
1785141219.499184847,15,210.875000,4201.000
1785141219.499184847,10,212.515625,4115.750
1785141219.499184847,15,215.828125,3928.250
1785141219.499184847,7,217.515625,3841.000
1785141219.499184847,15,219.171875,3740.250
1785141219.499184847,11,235.734375,3063.250
1785141219.499184847,15,237.359375,3020.250
1785141219.499184847,15,239.031250,2994.750
1785141219.499184847,15,240.687500,2966.500
1785141219.499184847,6,242.359375,2924.750
1785141219.499184847,15,247.312500,2860.000
1785141219.499184847,15,248.953125,2837.500
1785141219.499184847,8,250.625000,2819.750
1785141219.499184847,8,252.296875,2800.000
1785141219.499184847,8,253.937500,2788.500
1785141219.499184847,9,260.531250,2786.750
1785141219.499184847,8,262.156250,2787.000
1785141219.499184847,8,263.828125,2801.250
1785141219.499184847,15,265.468750,2821.000
1785141219.499184847,8,267.140625,2813.250
1785141219.499184847,15,268.781250,2804.750
1785141219.499184847,15,270.421875,2822.500
1785141219.499184847,15,272.093750,2842.750
1785141219.499184847,15,273.718750,2857.250
1785141219.499184847,15,282.062500,2322.250
1785141219.499184847,15,283.703125,2330.500
1785141219.499184847,15,286.937500,2713.250
1785141219.499184847,15,295.062500,3270.500
1785141219.499184847,15,296.734375,3307.750
1785141219.499184847,15,298.437500,3360.750
1785141219.499184847,15,300.062500,3416.500
1785141219.499184847,15,301.703125,3475.500
1785141219.499184847,15,303.359375,3545.250
1785141219.499184847,15,305.015625,3622.000
1785141219.499184847,15,306.656250,3685.250
1785141219.499184847,15,339.609375,6120.000
1785141219.499184847,14,342.843750,9540.250
1785141219.499184847,15,344.484375,9469.500
1785141219.499184847,15,346.156250,9461.250
1785141219.499184847,15,347.812500,9383.250
1785141219.499184847,15,349.484375,9293.500
1785141219.609798908,15,357.796875,7006.500
1785141219.609798908,15,359.453125,7013.750
1785141219.609798908,15,1.109375,7003.000
1785141219.609798908,15,2.765625,6992.000
1785141219.609798908,15,6.093750,6743.750
1785141219.609798908,15,10.937500,8852.000
1785141219.609798908,11,12.593750,8867.000
1785141219.609798908,15,45.812500,107.250
1785141219.609798908,14,50.359375,101.500
1785141219.609798908,15,164.343750,10358.750
1785141219.609798908,12,166.015625,10202.000
1785141219.609798908,11,197.609375,5609.250
1785141219.609798908,15,210.859375,4201.250
1785141219.609798908,12,212.500000,4117.750
1785141219.609798908,15,215.812500,3928.250
1785141219.609798908,6,217.500000,3842.000
1785141219.609798908,15,219.156250,3740.250
1785141219.609798908,12,235.703125,3062.500
1785141219.609798908,15,237.375000,3020.250
1785141219.609798908,15,239.000000,2995.000
1785141219.609798908,6,240.687500,2964.000
1785141219.609798908,6,242.328125,2921.000
1785141219.609798908,15,247.296875,2856.500
1785141219.609798908,15,248.937500,2835.500
1785141219.609798908,8,250.640625,2818.250
1785141219.609798908,9,252.296875,2798.750
1785141219.609798908,9,253.921875,2788.000
1785141219.609798908,12,260.546875,2783.250
1785141219.609798908,9,262.187500,2784.750
1785141219.609798908,10,263.843750,2798.500
1785141219.609798908,9,265.484375,2816.250
1785141219.609798908,7,267.156250,2811.750
1785141219.609798908,15,268.796875,2805.500
1785141219.609798908,8,270.453125,2819.750
1785141219.609798908,15,272.093750,2840.250
1785141219.609798908,15,273.734375,2857.750
1785141219.609798908,15,280.437500,2305.500
1785141219.609798908,15,282.062500,2309.000
1785141219.609798908,15,283.703125,2330.750
1785141219.609798908,15,286.937500,2712.750
1785141219.609798908,15,295.078125,3270.750
1785141219.609798908,15,296.750000,3308.000
1785141219.609798908,15,298.453125,3359.500
1785141219.609798908,15,300.093750,3414.000
1785141219.609798908,15,301.734375,3474.750
1785141219.609798908,15,303.375000,3547.000
1785141219.609798908,15,305.015625,3624.000
1785141219.609798908,15,306.671875,3695.250
1785141219.609798908,15,339.640625,6110.500
1785141219.609798908,15,342.859375,9538.000
1785141219.609798908,15,344.515625,9461.250
1785141219.609798908,15,346.203125,9455.750
1785141219.609798908,15,347.843750,9382.000
1785141219.609798908,15,349.500000,9293.000
1785141219.722169161,15,357.828125,7011.250
1785141219.722169161,15,359.500000,7012.250
1785141219.722169161,15,1.140625,7001.750
1785141219.722169161,15,2.796875,6994.000
1785141219.722169161,15,6.125000,6733.250
1785141219.722169161,7,7.781250,6732.250
1785141219.722169161,15,10.968750,8850.000
1785141219.722169161,11,12.640625,8865.000
1785141219.722169161,15,45.984375,107.250
1785141219.722169161,15,164.437500,10306.500
1785141219.722169161,8,174.343750,10241.250
1785141219.722169161,12,197.593750,5614.000
1785141219.722169161,9,202.531250,5029.250
1785141219.722169161,10,209.187500,4333.250
1785141219.722169161,15,210.843750,4205.500
1785141219.722169161,12,212.484375,4119.500
1785141219.722169161,15,215.812500,3928.500
1785141219.722169161,7,217.484375,3842.500
1785141219.722169161,15,219.125000,3741.500
1785141219.722169161,12,235.687500,3061.250
1785141219.722169161,15,237.359375,3021.000
1785141219.722169161,15,239.015625,2995.000
1785141219.722169161,15,240.671875,2964.500
1785141219.722169161,4,242.328125,2921.250
1785141219.722169161,15,247.296875,2855.250
1785141219.722169161,15,248.953125,2834.000
1785141219.722169161,15,252.296875,2808.500
1785141219.722169161,8,253.937500,2788.250
1785141219.722169161,11,260.562500,2780.000
1785141219.722169161,8,262.203125,2782.750
1785141219.722169161,9,263.875000,2779.000
1785141219.722169161,9,265.515625,2795.750
1785141219.722169161,9,267.156250,2811.250
1785141219.722169161,15,268.812500,2809.500
1785141219.722169161,15,270.453125,2821.500
1785141219.722169161,10,272.109375,2840.500
1785141219.722169161,11,273.750000,2858.750
1785141219.722169161,15,285.359375,2338.250
1785141219.722169161,15,286.984375,2380.000
1785141219.722169161,15,295.046875,3271.250
1785141219.722169161,15,296.687500,3307.000
1785141219.722169161,15,298.453125,3358.500
1785141219.722169161,15,300.078125,3412.750
1785141219.722169161,15,301.703125,3473.750
1785141219.722169161,15,303.359375,3547.250
1785141219.722169161,15,305.000000,3624.250
1785141219.722169161,15,306.656250,3685.000
1785141219.722169161,15,339.656250,6114.000
1785141219.722169161,15,342.875000,9534.500
1785141219.722169161,15,344.531250,9459.250
1785141219.722169161,15,346.203125,9453.000
1785141219.722169161,15,347.843750,9381.750
1785141219.722169161,15,349.500000,9294.000
1785141219.833563805,15,357.828125,7012.750
1785141219.833563805,15,359.484375,7014.000
1785141219.833563805,15,1.140625,7003.000
1785141219.833563805,15,2.796875,6995.500
1785141219.833563805,15,6.109375,6734.000
1785141219.833563805,15,7.750000,6731.750
1785141219.833563805,15,10.937500,8847.250
1785141219.833563805,12,12.578125,8863.250
1785141219.833563805,15,45.546875,107.500
1785141219.833563805,14,50.250000,101.500
1785141219.833563805,15,164.406250,10348.000
1785141219.833563805,7,166.062500,10156.250
1785141219.833563805,15,179.265625,10574.000
1785141219.833563805,7,192.562500,6206.500
1785141219.833563805,14,197.531250,5612.000
1785141219.833563805,8,202.515625,5040.500
1785141219.833563805,15,210.796875,4203.500
1785141219.833563805,13,212.453125,4119.750
1785141219.833563805,15,215.765625,3929.250
1785141219.833563805,8,217.437500,3841.500
1785141219.833563805,15,219.093750,3740.750
1785141219.833563805,10,235.703125,3060.750
1785141219.833563805,15,237.359375,3023.500
1785141219.833563805,15,239.000000,2997.250
1785141219.833563805,15,240.671875,2965.750
1785141219.833563805,5,242.343750,2923.750
1785141219.833563805,15,247.312500,2855.500
1785141219.833563805,15,248.953125,2836.250
1785141219.833563805,15,252.296875,2811.000
1785141219.833563805,8,253.937500,2788.750
1785141219.833563805,10,258.921875,2780.250
1785141219.833563805,9,260.562500,2778.500
1785141219.833563805,9,262.187500,2782.250
1785141219.833563805,10,263.875000,2781.250
1785141219.833563805,9,265.515625,2796.750
1785141219.833563805,8,267.187500,2811.250
1785141219.833563805,14,268.828125,2810.500
1785141219.833563805,15,270.468750,2823.000
1785141219.833563805,15,272.109375,2843.250
1785141219.833563805,15,285.312500,2699.000
1785141219.833563805,15,286.937500,2706.750
1785141219.833563805,15,290.296875,2490.500
1785141219.833563805,15,295.093750,3270.750
1785141219.833563805,15,296.750000,3306.750
1785141219.833563805,15,298.484375,3359.250
1785141219.833563805,15,300.109375,3414.250
1785141219.833563805,15,301.750000,3475.000
1785141219.833563805,15,303.406250,3547.750
1785141219.833563805,15,305.046875,3622.750
1785141219.833563805,15,306.687500,3710.000
1785141219.833563805,15,339.750000,6100.500
1785141219.833563805,15,342.984375,9531.250
1785141219.833563805,15,344.640625,9438.250
1785141219.833563805,15,346.281250,9428.750
1785141219.833563805,15,347.937500,9377.000
1785141219.833563805,15,349.593750,9290.750
1785141219.944091797,15,356.265625,6966.750
1785141219.944091797,15,357.921875,6983.500
1785141219.944091797,15,359.593750,7011.500
1785141219.944091797,15,1.234375,6986.750
1785141219.944091797,15,2.906250,6986.000
1785141219.944091797,15,6.218750,6732.000
1785141219.944091797,15,11.046875,8857.000
1785141219.944091797,10,12.703125,8871.000
1785141219.944091797,9,14.343750,8820.250
1785141219.944091797,15,45.359375,107.000
1785141219.944091797,15,164.609375,10348.750
1785141219.944091797,8,192.750000,6187.500
1785141219.944091797,9,197.734375,5608.000
1785141219.944091797,15,201.046875,5166.250
1785141219.944091797,15,210.953125,4194.000
1785141219.944091797,12,212.625000,4101.500
1785141219.944091797,15,214.265625,4013.250
1785141219.944091797,15,215.953125,3924.000
1785141219.944091797,7,217.609375,3834.500
1785141219.944091797,15,219.265625,3731.750
1785141219.944091797,12,235.906250,3056.000
1785141219.944091797,15,237.562500,3013.000
1785141219.944091797,15,239.218750,2986.750
1785141219.944091797,15,240.890625,2960.250
1785141219.944091797,15,247.515625,2857.750
1785141219.944091797,15,249.171875,2831.250
1785141219.944091797,15,250.796875,2813.000
1785141219.944091797,8,252.453125,2798.000
1785141219.944091797,8,257.406250,2784.750
1785141219.944091797,10,259.062500,2781.500
1785141219.944091797,10,260.703125,2781.250
1785141219.944091797,12,262.375000,2785.750
1785141219.944091797,9,264.000000,2794.250
1785141219.944091797,8,265.656250,2797.000
1785141219.944091797,9,267.296875,2803.500
1785141219.944091797,15,268.968750,2809.000
1785141219.944091797,15,270.593750,2821.000
1785141219.944091797,15,272.234375,2844.750
1785141219.944091797,15,273.875000,2861.000
1785141219.944091797,2,275.468750,2883.000
1785141219.944091797,15,285.406250,2709.750
1785141219.944091797,15,287.046875,2702.750
1785141219.944091797,15,293.640625,2610.000
1785141219.944091797,15,296.843750,3312.750
1785141219.944091797,15,298.593750,3366.000
1785141219.944091797,15,300.250000,3418.000
1785141219.944091797,15,301.906250,3476.000
1785141219.944091797,15,303.546875,3550.250
1785141219.944091797,15,305.187500,3626.750
1785141219.944091797,15,339.890625,6071.750
1785141219.944091797,15,343.125000,9548.750
1785141219.944091797,15,344.781250,9431.750
1785141219.944091797,15,346.375000,9423.500
1785141219.944091797,15,348.031250,9356.750
1785141219.944091797,15,349.703125,9257.000
1785141220.055979967,15,356.359375,7039.000
1785141220.055979967,15,358.015625,6987.500
1785141220.055979967,15,359.671875,7007.000
1785141220.055979967,15,1.328125,6979.250
1785141220.055979967,15,4.640625,6852.000
1785141220.055979967,15,6.296875,6759.750
1785141220.055979967,15,9.562500,8725.000
1785141220.055979967,15,11.156250,8857.750
1785141220.055979967,8,12.812500,8865.750
1785141220.055979967,11,14.468750,8820.500
1785141220.055979967,15,46.375000,107.000
1785141220.055979967,15,163.156250,10436.500
1785141220.055979967,15,164.796875,10349.000
1785141220.055979967,11,197.968750,5584.750
1785141220.055979967,15,201.328125,5128.000
1785141220.055979967,9,207.921875,4450.000
1785141220.055979967,15,211.281250,4157.750
1785141220.055979967,10,212.921875,4081.750
1785141220.055979967,15,214.562500,3990.000
1785141220.055979967,15,216.234375,3905.750
1785141220.055979967,12,217.921875,3821.500
1785141220.055979967,15,234.500000,3034.250
1785141220.055979967,8,236.125000,3049.500
1785141220.055979967,15,237.796875,3004.750
1785141220.055979967,15,239.453125,2962.000
1785141220.055979967,15,244.515625,2486.500
1785141220.055979967,15,247.734375,2849.000
1785141220.055979967,8,251.015625,2821.500
1785141220.055979967,9,252.656250,2799.250
1785141220.055979967,9,259.265625,2777.500
1785141220.055979967,12,260.906250,2778.250
1785141220.055979967,12,262.531250,2783.250
1785141220.055979967,10,264.203125,2791.500
1785141220.055979967,10,265.843750,2796.500
1785141220.055979967,9,267.484375,2799.250
1785141220.055979967,15,269.140625,2798.000
1785141220.055979967,15,270.765625,2816.000
1785141220.055979967,10,272.390625,2847.750
1785141220.055979967,9,274.062500,2861.000
1785141220.055979967,15,285.687500,2696.250
1785141220.055979967,15,287.312500,2709.250
1785141220.055979967,15,292.265625,2723.250
1785141220.055979967,15,293.906250,2716.000
1785141220.055979967,15,297.109375,3316.250
1785141220.055979967,15,298.875000,3369.000
1785141220.055979967,15,300.515625,3424.000
1785141220.055979967,15,302.156250,3483.000
1785141220.055979967,15,303.812500,3553.250
1785141220.055979967,15,305.484375,3636.500
1785141220.055979967,15,340.109375,6059.000
1785141220.055979967,15,343.343750,9498.750
1785141220.055979967,15,345.000000,9412.000
1785141220.055979967,15,346.625000,9391.750
1785141220.055979967,15,348.296875,9315.500
1785141220.055979967,15,349.937500,9248.750
1785141220.166596174,15,356.609375,7042.250
1785141220.166596174,15,358.265625,6992.750
1785141220.166596174,15,359.921875,7002.750
1785141220.166596174,15,1.578125,6988.000
1785141220.166596174,15,4.890625,6864.000
1785141220.166596174,15,6.546875,6759.250
1785141220.166596174,15,9.812500,8770.000
1785141220.166596174,15,11.421875,8887.000
1785141220.166596174,8,13.062500,8893.250
1785141220.166596174,15,46.437500,106.500
1785141220.166596174,15,178.218750,10698.500
1785141220.166596174,8,193.203125,6119.500
1785141220.166596174,10,198.171875,5562.750
1785141220.166596174,15,201.500000,5113.750
1785141220.166596174,15,208.171875,4420.500
1785141220.166596174,15,211.515625,4166.500
1785141220.166596174,8,213.187500,4077.000
1785141220.166596174,14,214.843750,3974.250
1785141220.166596174,15,216.500000,3884.000
1785141220.166596174,15,218.171875,3787.750
1785141220.166596174,11,234.718750,3035.500
1785141220.166596174,9,236.390625,3040.500
1785141220.166596174,15,238.031250,2999.750
1785141220.166596174,15,244.750000,2471.500
1785141220.166596174,7,249.640625,2840.500
1785141220.166596174,10,251.281250,2811.500
1785141220.166596174,15,256.234375,2800.250
1785141220.166596174,8,257.890625,2783.250
1785141220.166596174,9,259.500000,2773.250
1785141220.166596174,9,261.187500,2779.000
1785141220.166596174,12,262.812500,2787.250
1785141220.166596174,8,264.484375,2793.250
1785141220.166596174,9,266.125000,2801.000
1785141220.166596174,9,267.781250,2799.750
1785141220.166596174,15,269.421875,2802.000
1785141220.166596174,15,271.062500,2827.750
1785141220.166596174,15,272.703125,2850.250
1785141220.166596174,15,282.593750,2831.500
1785141220.166596174,15,285.890625,2693.500
1785141220.166596174,15,292.468750,2741.500
1785141220.166596174,15,295.671875,3275.500
1785141220.166596174,15,297.312500,3318.250
1785141220.166596174,15,299.078125,3373.750
1785141220.166596174,15,300.734375,3430.000
1785141220.166596174,15,302.390625,3489.750
1785141220.166596174,15,304.031250,3562.000
1785141220.166596174,15,305.687500,3643.250
1785141220.166596174,15,340.296875,6155.750
1785141220.166596174,15,343.546875,9532.500
1785141220.166596174,15,345.187500,9447.000
1785141220.166596174,15,346.812500,9394.750
1785141220.166596174,15,348.468750,9326.500
1785141220.166596174,15,350.140625,9252.500
1785141220.278513908,15,356.812500,7026.500
1785141220.278513908,15,358.453125,6977.750
1785141220.278513908,15,0.109375,6991.500
1785141220.278513908,15,1.781250,6993.000
1785141220.278513908,15,6.734375,6745.000
1785141220.278513908,15,10.000000,8736.250
1785141220.278513908,15,11.640625,8817.500
1785141220.278513908,10,13.281250,8860.750
1785141220.278513908,8,14.937500,8874.500
1785141220.278513908,15,47.000000,106.250
1785141220.278513908,15,178.390625,10584.500
1785141220.278513908,8,198.359375,5540.250
1785141220.278513908,15,201.703125,5106.000
1785141220.278513908,15,204.984375,4746.000
1785141220.278513908,12,208.312500,4415.500
1785141220.278513908,15,211.640625,4153.750
1785141220.278513908,9,213.312500,4069.500
1785141220.278513908,15,214.968750,3966.500
1785141220.278513908,7,216.640625,3878.250
1785141220.278513908,15,218.281250,3782.000
1785141220.278513908,12,234.906250,3041.250
1785141220.278513908,10,236.546875,3036.750
1785141220.278513908,15,238.203125,3008.250
1785141220.278513908,15,241.562500,2741.000
1785141220.278513908,15,244.906250,2455.500
1785141220.278513908,15,249.796875,2840.000
1785141220.278513908,8,251.453125,2813.250
1785141220.278513908,9,258.046875,2770.750
1785141220.278513908,11,259.703125,2775.250
1785141220.278513908,10,261.343750,2780.000
1785141220.278513908,9,263.015625,2788.750
1785141220.278513908,8,264.656250,2795.750
1785141220.278513908,9,266.312500,2799.000
1785141220.278513908,9,267.968750,2806.000
1785141220.278513908,12,269.609375,2815.750
1785141220.278513908,15,271.250000,2832.000
1785141220.278513908,14,272.890625,2853.250
1785141220.278513908,15,284.453125,2731.000
1785141220.278513908,15,286.125000,2696.250
1785141220.278513908,15,291.062500,2722.500
1785141220.278513908,15,292.703125,2721.750
1785141220.278513908,15,295.906250,3282.250
1785141220.278513908,15,297.546875,3327.750
1785141220.278513908,15,299.281250,3383.250
1785141220.278513908,15,300.906250,3431.500
1785141220.278513908,15,302.546875,3490.750
1785141220.278513908,15,304.203125,3575.250
1785141220.278513908,15,305.828125,3660.750
1785141220.278513908,15,345.328125,9491.250
1785141220.278513908,15,347.000000,9378.250
1785141220.278513908,15,348.671875,9343.000
1785141220.389966011,15,357.015625,7005.250
1785141220.389966011,15,358.656250,6964.750
1785141220.389966011,15,0.328125,6946.750
1785141220.389966011,15,1.968750,6966.500
1785141220.389966011,8,3.625000,6909.250
1785141220.389966011,15,5.281250,6787.250
1785141220.389966011,15,6.937500,6724.500
1785141220.389966011,15,10.203125,8803.250
1785141220.389966011,15,11.812500,8839.500
1785141220.389966011,7,15.109375,8798.250
1785141220.389966011,15,46.875000,106.000
1785141220.389966011,15,165.375000,10373.250
1785141220.389966011,8,173.640625,10259.750
1785141220.389966011,15,178.593750,10626.250
1785141220.389966011,8,193.593750,6117.500
1785141220.389966011,8,198.578125,5521.500
1785141220.389966011,12,201.921875,5098.500
1785141220.389966011,15,211.828125,4148.250
1785141220.389966011,15,215.140625,3952.750
1785141220.389966011,10,216.812500,3862.250
1785141220.389966011,15,218.453125,3759.500
1785141220.389966011,11,235.046875,3066.250
1785141220.389966011,11,236.750000,3034.750
1785141220.389966011,15,243.437500,2428.000
1785141220.389966011,15,248.328125,2848.500
1785141220.389966011,7,249.984375,2823.250
1785141220.389966011,10,254.968750,2814.750
1785141220.389966011,8,256.640625,2793.250
1785141220.389966011,8,258.281250,2774.500
1785141220.389966011,11,259.906250,2776.750
1785141220.389966011,7,261.593750,2781.500
1785141220.389966011,8,263.250000,2790.750
1785141220.389966011,8,264.875000,2798.500
1785141220.389966011,8,266.546875,2804.250
1785141220.389966011,10,268.203125,2808.750
1785141220.389966011,15,269.843750,2815.750
1785141220.389966011,15,271.500000,2834.750
1785141220.389966011,15,273.125000,2857.000
1785141220.389966011,15,284.718750,2712.750
1785141220.389966011,15,286.359375,2681.000
1785141220.389966011,15,291.312500,2692.500
1785141220.389966011,15,292.953125,2713.250
1785141220.389966011,15,296.171875,3292.500
1785141220.389966011,15,297.796875,3337.250
1785141220.389966011,15,299.515625,3393.000
1785141220.389966011,15,301.156250,3454.000
1785141220.389966011,15,302.812500,3512.750
1785141220.389966011,15,304.468750,3580.500
1785141220.389966011,15,306.109375,3661.500
1785141220.389966011,15,343.968750,9452.750
1785141220.389966011,15,345.625000,9402.250
1785141220.389966011,15,347.265625,9347.250
1785141220.389966011,15,348.906250,9314.500
1785141220.501535892,15,357.250000,7006.750
1785141220.501535892,15,358.906250,6981.250
1785141220.501535892,15,0.562500,6957.250
1785141220.501535892,15,2.218750,6955.750
1785141220.501535892,15,7.187500,6709.000
1785141220.501535892,15,10.375000,8794.250
1785141220.501535892,11,12.031250,8834.750
1785141220.501535892,14,13.671875,8841.250
1785141220.501535892,7,15.328125,8890.000
1785141220.501535892,15,45.703125,108.500
1785141220.501535892,15,47.843750,105.750
1785141220.501535892,15,164.031250,10301.750
1785141220.501535892,15,165.687500,10182.750
1785141220.501535892,7,170.656250,10243.750
1785141220.501535892,15,178.921875,10671.750
1785141220.501535892,9,202.250000,5040.000
1785141220.501535892,10,208.828125,4370.750
1785141220.501535892,12,212.125000,4135.000
1785141220.501535892,15,215.437500,3942.500
1785141220.501535892,15,218.765625,3754.500
1785141220.501535892,12,237.000000,3033.750
1785141220.501535892,15,240.453125,2418.750
1785141220.501535892,15,243.671875,2695.500
1785141220.501535892,8,250.265625,2825.250
1785141220.501535892,9,256.890625,2780.500
1785141220.501535892,8,258.531250,2776.750
1785141220.501535892,8,260.187500,2776.750
1785141220.501535892,8,261.843750,2782.750
1785141220.501535892,9,263.500000,2790.250
1785141220.501535892,10,265.156250,2798.000
1785141220.501535892,8,266.812500,2803.750
1785141220.501535892,10,268.453125,2806.500
1785141220.501535892,15,270.093750,2813.750
1785141220.501535892,15,271.750000,2833.750
1785141220.501535892,15,273.390625,2858.000
1785141220.501535892,15,286.593750,2641.500
1785141220.501535892,15,291.515625,2679.750
1785141220.501535892,15,293.140625,2715.250
1785141220.501535892,15,296.375000,3297.500
1785141220.501535892,15,298.000000,3345.500
1785141220.501535892,15,299.734375,3395.000
1785141220.501535892,15,301.359375,3451.500
1785141220.501535892,15,303.000000,3522.000
1785141220.501535892,15,304.656250,3596.250
1785141220.501535892,15,306.312500,3670.250
1785141220.501535892,15,342.546875,9615.000
1785141220.501535892,15,344.187500,9476.500
1785141220.501535892,15,345.859375,9406.000
1785141220.501535892,15,347.500000,9349.000
1785141220.501535892,15,349.156250,9306.750
1785141220.613003969,15,357.468750,7012.000
1785141220.613003969,15,359.125000,6962.750
1785141220.613003969,15,0.796875,6973.250
1785141220.613003969,15,2.437500,6976.500
1785141220.613003969,15,5.765625,6699.750
1785141220.613003969,15,7.437500,6690.750
1785141220.613003969,15,10.578125,8840.250
1785141220.613003969,9,12.218750,8804.500
1785141220.613003969,8,13.875000,8763.500
1785141220.613003969,15,46.046875,108.000
1785141220.613003969,15,164.093750,10284.000
1785141220.613003969,15,165.750000,10175.750
1785141220.613003969,8,174.015625,10158.750
1785141220.613003969,15,178.937500,10674.500
1785141220.613003969,10,202.218750,5041.750
1785141220.613003969,11,205.515625,4714.250
1785141220.613003969,11,208.843750,4373.000
1785141220.613003969,11,212.156250,4135.750
1785141220.613003969,15,215.468750,3942.500
1785141220.613003969,15,218.796875,3754.250
1785141220.613003969,9,223.796875,3232.500
1785141220.613003969,15,237.187500,2508.500
1785141220.613003969,15,240.406250,2780.750
1785141220.613003969,15,242.093750,2731.750
1785141220.613003969,15,243.750000,2694.750
1785141220.613003969,9,256.937500,2780.250
1785141220.613003969,9,258.593750,2778.000
1785141220.613003969,9,260.218750,2779.250
1785141220.613003969,10,261.890625,2782.000
1785141220.613003969,10,263.546875,2788.000
1785141220.613003969,11,265.203125,2795.750
1785141220.613003969,10,266.843750,2802.500
1785141220.613003969,12,268.500000,2804.750
1785141220.613003969,8,270.156250,2811.000
1785141220.613003969,15,271.796875,2832.000
1785141220.613003969,15,273.421875,2857.250
1785141220.613003969,15,288.265625,2611.750
1785141220.613003969,15,291.515625,2684.250
1785141220.613003969,15,293.156250,2714.250
1785141220.613003969,15,296.359375,3299.250
1785141220.613003969,15,298.000000,3346.500
1785141220.613003969,15,299.781250,3396.000
1785141220.613003969,15,301.421875,3453.250
1785141220.613003969,15,303.046875,3523.750
1785141220.613003969,15,304.718750,3602.750
1785141220.613003969,15,306.343750,3676.000
1785141220.613003969,15,342.640625,9607.500
1785141220.613003969,14,344.296875,9481.500
1785141220.613003969,15,345.968750,9412.750
1785141220.613003969,15,347.562500,9350.250
1785141220.613003969,15,349.218750,9311.000
1785141220.727106094,15,357.546875,7014.750
1785141220.727106094,15,359.218750,6994.750
1785141220.727106094,15,0.859375,7012.250
1785141220.727106094,15,2.531250,7016.500
1785141220.727106094,15,5.843750,6749.250
1785141220.727106094,15,7.500000,6695.500
1785141220.727106094,15,10.671875,8840.750
1785141220.727106094,13,12.328125,8814.250
1785141220.727106094,12,13.984375,8803.500
1785141220.727106094,15,44.984375,107.500
1785141220.727106094,14,49.531250,101.750
1785141220.727106094,15,164.125000,10280.500
1785141220.727106094,15,165.781250,10173.750
1785141220.727106094,15,178.968750,10769.000
1785141220.727106094,6,208.859375,4371.750
1785141220.727106094,13,212.171875,4132.500
1785141220.727106094,15,215.484375,3941.500
1785141220.727106094,15,218.796875,3752.750
1785141220.727106094,9,223.843750,3166.500
1785141220.727106094,15,240.421875,2782.500
1785141220.727106094,15,242.093750,2732.500
1785141220.727106094,10,253.609375,2811.500
1785141220.727106094,9,255.250000,2789.000
1785141220.727106094,10,256.906250,2780.500
1785141220.727106094,9,258.546875,2778.500
1785141220.727106094,10,260.218750,2779.250
1785141220.727106094,9,261.875000,2780.000
1785141220.727106094,10,263.515625,2786.500
1785141220.727106094,11,265.156250,2796.750
1785141220.727106094,9,266.812500,2803.250
1785141220.727106094,15,268.468750,2805.250
1785141220.727106094,15,270.093750,2812.500
1785141220.727106094,15,271.734375,2832.750
1785141220.727106094,11,273.390625,2859.000
1785141220.727106094,15,289.906250,2529.500
1785141220.727106094,15,293.140625,2720.500
1785141220.727106094,15,296.343750,3300.250
1785141220.727106094,15,297.984375,3347.000
1785141220.727106094,15,299.750000,3397.500
1785141220.727106094,15,301.390625,3455.250
1785141220.727106094,15,303.046875,3524.750
1785141220.727106094,15,304.703125,3601.750
1785141220.727106094,15,306.359375,3674.750
1785141220.727106094,15,342.562500,9617.750
1785141220.727106094,15,344.203125,9475.500
1785141220.727106094,15,345.843750,9402.000
1785141220.727106094,15,347.484375,9349.000
1785141220.727106094,15,349.156250,9311.500
1785141220.838923931,15,357.468750,7012.500
1785141220.838923931,15,359.109375,6985.500
1785141220.838923931,15,0.781250,7000.500
1785141220.838923931,15,2.437500,6981.000
1785141220.838923931,15,5.750000,6695.750
1785141220.838923931,15,7.390625,6688.250
1785141220.838923931,15,10.593750,8837.750
1785141220.838923931,12,12.250000,8803.750
1785141220.838923931,10,13.906250,8770.750
1785141220.838923931,15,44.609375,107.750
1785141220.838923931,15,50.203125,102.250
1785141220.838923931,15,164.078125,10324.250
1785141220.838923931,15,165.734375,10213.750
1785141220.838923931,15,178.921875,10708.750
1785141220.838923931,7,208.843750,4368.000
1785141220.838923931,11,212.171875,4132.250
1785141220.838923931,15,215.500000,3939.750
1785141220.838923931,15,218.812500,3751.000
1785141220.838923931,9,223.843750,3169.250
1785141220.838923931,15,235.500000,2683.750
1785141220.838923931,15,240.421875,2782.250
1785141220.838923931,15,242.125000,2730.750
1785141220.838923931,8,255.265625,2787.000
1785141220.838923931,10,256.906250,2778.500
1785141220.838923931,9,258.562500,2777.500
1785141220.838923931,10,260.234375,2778.500
1785141220.838923931,8,261.890625,2780.250
1785141220.838923931,9,263.531250,2787.500
1785141220.838923931,10,265.171875,2797.750
1785141220.838923931,9,266.828125,2804.500
1785141220.838923931,10,268.468750,2805.750
1785141220.838923931,15,270.125000,2813.750
1785141220.838923931,15,271.750000,2835.250
1785141220.838923931,12,273.390625,2860.000
1785141220.838923931,15,293.250000,2508.500
1785141220.838923931,15,296.406250,3301.750
1785141220.838923931,15,298.046875,3348.500
1785141220.838923931,15,299.812500,3397.250
1785141220.838923931,15,301.453125,3456.500
1785141220.838923931,15,303.125000,3522.750
1785141220.838923931,15,304.750000,3598.750
1785141220.838923931,15,306.421875,3676.000
1785141220.838923931,15,342.625000,9613.000
1785141220.838923931,14,344.281250,9480.750
1785141220.838923931,15,345.953125,9412.250
1785141220.838923931,15,347.578125,9347.500
1785141220.838923931,15,349.218750,9310.750
1785141220.950157166,15,357.531250,7012.500
1785141220.950157166,15,359.203125,6989.250
1785141220.950157166,15,0.843750,7008.750
1785141220.950157166,15,2.500000,7019.500
1785141220.950157166,15,5.812500,6739.500
1785141220.950157166,15,7.468750,6693.000
1785141220.950157166,15,10.703125,8838.000
1785141220.950157166,15,12.343750,8812.250
1785141220.950157166,11,14.000000,8804.500
1785141220.950157166,15,45.796875,107.500
1785141220.950157166,15,50.218750,102.000
1785141220.950157166,15,164.156250,10319.000
1785141220.950157166,15,165.812500,10210.500
1785141220.950157166,15,179.046875,10688.250
1785141220.950157166,10,197.343750,5620.500
1785141220.950157166,11,202.328125,5041.250
1785141220.950157166,15,210.625000,4202.500
1785141220.950157166,10,212.312500,4131.000
1785141220.950157166,15,215.609375,3935.000
1785141220.950157166,6,217.281250,3839.750
1785141220.950157166,15,218.937500,3745.500
1785141220.950157166,7,223.937500,3273.000
1785141220.950157166,15,237.156250,3031.000
1785141220.950157166,15,245.609375,2067.750
1785141220.950157166,9,253.703125,2791.000
1785141220.950157166,8,255.328125,2786.250
1785141220.950157166,8,256.968750,2783.250
1785141220.950157166,15,258.640625,2782.000
1785141220.950157166,9,260.296875,2777.750
1785141220.950157166,8,261.937500,2779.250
1785141220.950157166,8,263.562500,2786.000
1785141220.950157166,9,265.250000,2795.500
1785141220.950157166,7,266.890625,2803.750
1785141220.950157166,12,268.531250,2806.000
1785141220.950157166,15,270.156250,2813.250
1785141220.950157166,15,271.812500,2835.000
1785141220.950157166,10,273.468750,2859.750
1785141220.950157166,15,299.859375,3398.750
1785141220.950157166,15,301.500000,3458.500
1785141220.950157166,15,303.187500,3523.500
1785141220.950157166,15,304.812500,3599.750
1785141220.950157166,15,306.453125,3676.750
1785141220.950157166,14,342.656250,9580.500
1785141220.950157166,14,344.312500,9485.750
1785141220.950157166,15,345.968750,9411.500
1785141220.950157166,15,347.609375,9350.500
1785141220.950157166,15,349.265625,9312.750
1785141221.060687780,15,357.593750,6986.750
1785141221.060687780,15,359.250000,6995.000
1785141221.060687780,15,0.906250,7008.250
1785141221.060687780,15,2.546875,7016.500
1785141221.060687780,15,5.859375,6734.000
1785141221.060687780,15,7.515625,6719.000
1785141221.060687780,15,10.750000,8831.000
1785141221.060687780,12,12.406250,8807.000
1785141221.060687780,10,14.062500,8797.500
1785141221.060687780,15,46.203125,107.500
1785141221.060687780,15,49.687500,101.750
1785141221.060687780,15,164.250000,10350.250
1785141221.060687780,15,165.921875,10209.250
1785141221.060687780,15,179.140625,10584.750
1785141221.060687780,11,197.453125,5620.750
1785141221.060687780,10,202.375000,5042.000
1785141221.060687780,11,212.359375,4121.750
1785141221.060687780,15,215.640625,3935.250
1785141221.060687780,7,217.328125,3843.000
1785141221.060687780,15,218.953125,3747.500
1785141221.060687780,15,235.625000,2788.250
1785141221.060687780,15,242.375000,2064.500
1785141221.060687780,15,244.062500,2037.000
1785141221.060687780,11,247.343750,2042.250
1785141221.060687780,8,252.140625,2799.500
1785141221.060687780,9,253.781250,2795.250
1785141221.060687780,9,255.437500,2784.000
1785141221.060687780,10,257.078125,2778.750
1785141221.060687780,11,258.718750,2780.000
1785141221.060687780,12,260.375000,2780.750
1785141221.060687780,9,262.031250,2783.750
1785141221.060687780,10,263.687500,2792.250
1785141221.060687780,9,265.343750,2801.000
1785141221.060687780,15,266.984375,2804.250
1785141221.060687780,14,268.640625,2804.250
1785141221.060687780,15,270.265625,2815.500
1785141221.060687780,15,271.937500,2839.250
1785141221.060687780,12,273.546875,2861.500
1785141221.060687780,15,293.437500,2713.000
1785141221.060687780,15,301.640625,3461.250
1785141221.060687780,15,303.296875,3540.500
1785141221.060687780,15,304.937500,3620.750
1785141221.060687780,15,306.578125,3683.750
1785141221.060687780,15,339.562500,6119.000
1785141221.060687780,15,342.781250,9549.500
1785141221.060687780,15,344.437500,9463.250
1785141221.060687780,15,346.093750,9455.000
1785141221.060687780,15,347.765625,9381.000
1785141221.060687780,15,349.421875,9296.750
1785141221.172997952,15,357.765625,7015.250
1785141221.172997952,15,359.406250,7015.000
1785141221.172997952,15,1.078125,6998.500
1785141221.172997952,15,2.734375,6995.500
1785141221.172997952,15,6.046875,6731.500
1785141221.172997952,12,7.703125,6722.750
1785141221.172997952,15,10.921875,8842.750
1785141221.172997952,10,12.578125,8859.000
1785141221.172997952,8,14.218750,8854.000
1785141221.172997952,15,45.593750,107.500
1785141221.172997952,13,50.687500,101.500
1785141221.172997952,15,164.484375,10384.250
1785141221.172997952,9,192.703125,6185.000
1785141221.172997952,8,194.390625,6104.750
1785141221.172997952,15,201.046875,5165.000
1785141221.172997952,15,210.937500,4193.750
1785141221.172997952,10,212.578125,4103.500
1785141221.172997952,15,214.250000,4013.500
1785141221.172997952,15,215.921875,3928.000
1785141221.172997952,8,217.593750,3838.500
1785141221.172997952,15,219.218750,3731.000
1785141221.172997952,15,235.812500,2796.750
1785141221.172997952,15,245.937500,2001.500
1785141221.172997952,11,252.375000,2799.000
1785141221.172997952,9,254.046875,2788.500
1785141221.172997952,9,255.687500,2783.500
1785141221.172997952,9,257.328125,2779.250
1785141221.172997952,9,259.000000,2780.250
1785141221.172997952,10,260.625000,2782.000
1785141221.172997952,10,262.312500,2782.750
1785141221.172997952,9,263.953125,2784.500
1785141221.172997952,8,265.609375,2791.500
1785141221.172997952,8,267.250000,2804.750
1785141221.172997952,15,268.890625,2808.750
1785141221.172997952,15,270.546875,2821.000
1785141221.172997952,15,272.203125,2843.750
1785141221.172997952,11,273.828125,2859.000
1785141221.172997952,2,275.468750,2883.250
1785141221.172997952,15,301.859375,3475.250
1785141221.172997952,15,303.500000,3548.500
1785141221.172997952,15,305.140625,3623.500
1785141221.172997952,15,339.796875,6101.500
1785141221.172997952,15,343.031250,9553.250
1785141221.172997952,15,344.703125,9441.750
1785141221.172997952,14,346.375000,9435.000
1785141221.172997952,15,348.046875,9359.750
1785141221.172997952,15,349.718750,9257.000
1785141221.284457922,15,356.390625,7027.750
1785141221.284457922,15,358.046875,6986.000
1785141221.284457922,15,359.703125,7007.500
1785141221.284457922,15,1.359375,6979.500
1785141221.284457922,15,4.703125,6849.000
1785141221.284457922,15,6.359375,6757.250
1785141221.284457922,15,9.625000,8726.000
1785141221.284457922,15,11.171875,8859.000
1785141221.284457922,8,12.812500,8862.750
1785141221.284457922,10,14.468750,8823.250
1785141221.284457922,15,46.250000,107.000
1785141221.284457922,15,164.875000,10361.750
1785141221.284457922,15,178.109375,10684.000
1785141221.284457922,10,198.140625,5576.750
1785141221.284457922,15,201.453125,5120.000
1785141221.284457922,15,211.359375,4157.500
1785141221.284457922,9,213.031250,4081.250
1785141221.284457922,15,214.687500,3984.250
1785141221.284457922,15,216.343750,3894.000
1785141221.284457922,15,217.984375,3805.500
1785141221.284457922,13,221.343750,3412.000
1785141221.284457922,15,249.515625,2831.500
1785141221.284457922,15,251.203125,2813.250
1785141221.284457922,9,252.859375,2798.000
1785141221.284457922,8,254.500000,2787.000
1785141221.284457922,9,256.156250,2781.250
1785141221.284457922,8,257.781250,2778.250
1785141221.284457922,12,259.468750,2789.500
1785141221.284457922,9,261.093750,2792.500
1785141221.284457922,9,262.765625,2787.750
1785141221.284457922,8,264.421875,2794.250
1785141221.284457922,8,266.078125,2799.000
1785141221.284457922,8,267.734375,2808.000
1785141221.284457922,15,269.390625,2812.250
1785141221.284457922,15,270.984375,2827.250
1785141221.284457922,15,272.671875,2851.000
1785141221.284457922,15,295.781250,2438.500
1785141221.284457922,15,302.281250,3485.750
1785141221.284457922,15,303.953125,3554.500
1785141221.284457922,15,305.578125,3639.750
1785141221.284457922,15,340.296875,6156.750
1785141221.284457922,15,343.531250,9495.250
1785141221.284457922,15,345.203125,9450.500
1785141221.284457922,15,346.843750,9391.500
1785141221.284457922,15,348.500000,9325.250
1785141221.284457922,15,350.171875,9255.000
1785141221.395454884,15,356.859375,7029.250
1785141221.395454884,15,358.500000,6966.250
1785141221.395454884,15,0.171875,6979.500
1785141221.395454884,15,1.828125,6993.500
1785141221.395454884,15,5.156250,6868.250
1785141221.395454884,15,6.796875,6741.750
1785141221.395454884,15,10.078125,8756.000
1785141221.395454884,15,11.625000,8825.000
1785141221.395454884,11,13.296875,8863.250
1785141221.395454884,8,14.937500,8867.500
1785141221.395454884,15,47.359375,106.250
1785141221.395454884,15,165.359375,10447.250
1785141221.395454884,15,178.578125,10635.000
1785141221.395454884,9,193.562500,6119.000
1785141221.395454884,9,198.546875,5521.500
1785141221.395454884,12,201.875000,5094.500
1785141221.395454884,15,211.828125,4146.000
1785141221.395454884,15,215.140625,3949.250
1785141221.395454884,9,216.796875,3860.000
1785141221.395454884,15,218.468750,3759.250
1785141221.395454884,15,242.015625,1929.750
1785141221.395454884,15,248.375000,2841.250
1785141221.395454884,15,250.062500,2821.250
1785141221.395454884,15,251.718750,2802.000
1785141221.395454884,9,253.328125,2788.250
1785141221.395454884,9,255.015625,2780.750
1785141221.395454884,10,256.671875,2773.750
1785141221.395454884,8,258.328125,2776.000
1785141221.395454884,11,259.953125,2777.000
1785141221.395454884,9,261.640625,2779.500
1785141221.395454884,8,263.281250,2788.750
1785141221.395454884,9,264.937500,2796.000
1785141221.395454884,10,266.593750,2800.750
1785141221.395454884,9,268.250000,2805.000
1785141221.395454884,8,269.890625,2813.000
1785141221.395454884,15,271.515625,2832.250
1785141221.395454884,15,273.171875,2853.750
1785141221.395454884,15,301.140625,3454.750
1785141221.395454884,15,302.781250,3512.250
1785141221.395454884,15,304.437500,3580.250
1785141221.395454884,15,306.093750,3662.000
1785141221.395454884,15,344.015625,9458.250
1785141221.395454884,15,345.671875,9423.500
1785141221.395454884,15,347.296875,9377.750
1785141221.395454884,15,348.953125,9330.250
1785141221.507235050,15,357.281250,7013.500
1785141221.507235050,15,358.937500,6981.750
1785141221.507235050,15,0.593750,6956.500
1785141221.507235050,15,2.250000,6957.750
1785141221.507235050,15,7.218750,6712.500
1785141221.507235050,15,10.421875,8795.750
1785141221.507235050,11,12.062500,8837.500
1785141221.507235050,11,13.718750,8845.500
1785141221.507235050,15,45.734375,108.250
1785141221.507235050,15,47.812500,105.750
1785141221.507235050,15,164.171875,10313.250
1785141221.507235050,15,165.828125,10202.500
1785141221.507235050,15,179.046875,10685.250
1785141221.507235050,11,197.359375,5622.250
1785141221.507235050,10,202.343750,5051.250
1785141221.507235050,14,210.671875,4205.500
1785141221.507235050,10,212.312500,4124.750
1785141221.507235050,15,215.656250,3934.500
1785141221.507235050,9,217.312500,3842.250
1785141221.507235050,15,218.968750,3744.000
1785141221.507235050,11,239.203125,1902.500
1785141221.507235050,12,240.843750,1943.000
1785141221.507235050,15,245.546875,2826.750
1785141221.507235050,15,247.218750,2856.500
1785141221.507235050,15,248.890625,2835.250
1785141221.507235050,11,250.546875,2814.750
1785141221.507235050,15,252.203125,2800.000
1785141221.507235050,9,253.843750,2794.000
1785141221.507235050,8,255.500000,2786.250
1785141221.507235050,15,257.171875,2771.000
1785141221.507235050,14,258.796875,2769.500
1785141221.507235050,9,260.437500,2778.500
1785141221.507235050,10,262.078125,2782.000
1785141221.507235050,11,263.765625,2790.750
1785141221.507235050,9,265.406250,2804.750
1785141221.507235050,10,267.062500,2809.500
1785141221.507235050,15,268.718750,2805.500
1785141221.507235050,15,270.343750,2816.000
1785141221.507235050,15,272.015625,2837.250
1785141221.507235050,11,273.671875,2860.250
1785141221.507235050,15,296.765625,2467.250
1785141221.507235050,15,300.156250,2610.000
1785141221.507235050,15,304.953125,3621.500
1785141221.507235050,15,306.625000,3683.750
1785141221.507235050,15,339.609375,6119.750
1785141221.507235050,13,342.843750,9577.000
1785141221.507235050,15,344.500000,9476.000
1785141221.507235050,15,346.171875,9467.750
1785141221.507235050,15,347.781250,9389.250
1785141221.507235050,15,349.421875,9298.250
1785141221.617648125,15,357.765625,7016.000
1785141221.617648125,15,359.406250,7015.000
1785141221.617648125,15,1.046875,6999.250
1785141221.617648125,15,2.703125,6996.500
1785141221.617648125,15,6.015625,6733.500
1785141221.617648125,15,7.671875,6718.750
1785141221.617648125,15,10.906250,8846.750
1785141221.617648125,9,12.546875,8858.250
1785141221.617648125,8,14.203125,8854.000
1785141221.617648125,15,45.468750,107.500
1785141221.617648125,15,164.578125,10385.500
1785141221.617648125,10,197.765625,5599.000
1785141221.617648125,15,211.078125,4176.250
1785141221.617648125,10,212.734375,4098.250
1785141221.617648125,15,214.421875,4003.250
1785141221.617648125,15,216.062500,3916.250
1785141221.617648125,14,217.750000,3829.750
1785141221.617648125,15,224.406250,3261.500
1785141221.617648125,15,237.906250,1886.000
1785141221.617648125,15,242.640625,2699.000
1785141221.617648125,15,245.906250,2877.250
1785141221.617648125,15,247.578125,2857.000
1785141221.617648125,15,249.218750,2830.250
1785141221.617648125,15,250.921875,2804.250
1785141221.617648125,15,252.531250,2787.500
1785141221.617648125,10,254.218750,2786.750
1785141221.617648125,9,255.859375,2783.000
1785141221.617648125,10,257.484375,2778.250
1785141221.617648125,10,259.156250,2775.000
1785141221.617648125,10,260.812500,2776.000
1785141221.617648125,11,262.453125,2783.500
1785141221.617648125,10,264.109375,2792.250
1785141221.617648125,8,265.765625,2797.750
1785141221.617648125,12,267.421875,2802.250
1785141221.617648125,15,269.078125,2799.250
1785141221.617648125,15,270.718750,2815.750
1785141221.617648125,12,272.343750,2847.500
1785141221.617648125,8,274.015625,2861.500
1785141221.617648125,15,302.125000,3482.250
1785141221.617648125,15,305.593750,2610.000
1785141221.617648125,15,307.203125,2659.750
1785141221.617648125,14,340.093750,6061.750
1785141221.617648125,15,343.312500,9501.250
1785141221.617648125,15,344.968750,9415.000
1785141221.617648125,15,346.593750,9396.000
1785141221.617648125,15,348.250000,9322.250
1785141221.617648125,15,349.921875,9253.500
1785141221.729463100,15,356.593750,7042.500
1785141221.729463100,15,358.250000,6989.500
1785141221.729463100,15,359.890625,7001.750
1785141221.729463100,15,1.546875,6987.250
1785141221.729463100,15,4.875000,6865.750
1785141221.729463100,15,6.531250,6762.000
1785141221.729463100,15,9.796875,8761.000
1785141221.729463100,15,11.390625,8880.750
1785141221.729463100,9,13.031250,8875.250
1785141221.729463100,8,14.687500,8824.750
1785141221.729463100,15,47.218750,106.500
1785141221.729463100,8,173.328125,10149.000
1785141221.729463100,15,178.296875,10678.000
1785141221.729463100,10,193.296875,6115.000
1785141221.729463100,10,198.296875,5563.500
1785141221.729463100,15,201.625000,5111.750
1785141221.729463100,13,204.953125,4746.500
1785141221.729463100,12,208.281250,4410.500
1785141221.729463100,15,211.578125,4162.500
1785141221.729463100,13,213.281250,4066.750
1785141221.729463100,15,214.906250,3964.000
1785141221.729463100,8,216.609375,3876.250
1785141221.729463100,15,218.265625,3783.500
1785141221.729463100,15,233.468750,1872.500
1785141221.729463100,12,235.125000,1872.750
1785141221.729463100,15,241.531250,2743.250
1785141221.729463100,15,243.140625,2695.250
1785141221.729463100,15,246.437500,2872.500
1785141221.729463100,15,248.109375,2850.750
1785141221.729463100,15,249.734375,2830.500
1785141221.729463100,15,251.390625,2810.500
1785141221.729463100,9,253.046875,2791.250
1785141221.729463100,10,259.703125,2775.750
1785141221.729463100,9,261.328125,2780.750
1785141221.729463100,8,262.984375,2786.250
1785141221.729463100,9,264.640625,2795.250
1785141221.729463100,9,266.296875,2800.750
1785141221.729463100,9,267.937500,2804.750
1785141221.729463100,11,269.609375,2813.000
1785141221.729463100,15,271.234375,2830.500
1785141221.729463100,12,272.875000,2852.500
1785141221.729463100,15,296.062500,2464.500
1785141221.729463100,15,302.625000,3500.000
1785141221.729463100,15,304.281250,3575.500
1785141221.729463100,15,307.734375,2652.000
1785141221.729463100,10,343.828125,9603.750
1785141221.729463100,15,345.484375,9494.000
1785141221.729463100,15,347.140625,9347.000
1785141221.729463100,15,348.796875,9306.500
1785141221.840466022,15,357.140625,6992.500
1785141221.840466022,15,358.812500,6971.000
1785141221.840466022,15,0.453125,6958.500
1785141221.840466022,15,2.125000,6952.500
1785141221.840466022,7,3.781250,6872.500
1785141221.840466022,15,5.437500,6764.750
1785141221.840466022,15,7.109375,6728.000
1785141221.840466022,15,10.328125,8787.250
1785141221.840466022,10,11.984375,8867.000
1785141221.840466022,13,13.640625,8833.250
1785141221.840466022,8,15.281250,8888.000
1785141221.840466022,15,45.781250,108.750
1785141221.840466022,15,46.984375,105.750
1785141221.840466022,15,164.015625,10314.500
1785141221.840466022,15,165.656250,10188.000
1785141221.840466022,10,173.937500,10186.000
1785141221.840466022,15,178.953125,10768.500
1785141221.840466022,11,197.312500,5622.000
1785141221.840466022,11,202.343750,5037.250
1785141221.840466022,15,210.578125,4209.000
1785141221.840466022,12,212.234375,4128.000
1785141221.840466022,15,215.546875,3939.500
1785141221.840466022,15,218.890625,3745.750
1785141221.840466022,9,223.890625,3241.750
1785141221.840466022,15,240.468750,2847.500
1785141221.840466022,15,243.781250,2698.500
1785141221.840466022,15,247.093750,2858.750
1785141221.840466022,15,248.734375,2838.750
1785141221.840466022,15,250.406250,2816.250
1785141221.840466022,15,252.093750,2801.000
1785141221.840466022,15,255.515625,2307.000
1785141221.840466022,7,258.703125,2778.500
1785141221.840466022,9,260.359375,2778.750
1785141221.840466022,8,262.015625,2782.750
1785141221.840466022,8,263.656250,2791.000
1785141221.840466022,9,265.312500,2799.750
1785141221.840466022,8,266.968750,2805.000
1785141221.840466022,12,268.609375,2804.250
1785141221.840466022,9,270.281250,2812.750
1785141221.840466022,15,271.906250,2836.250
1785141221.840466022,15,273.562500,2860.000
1785141221.840466022,15,294.968750,3277.250
1785141221.840466022,15,303.250000,3526.250
1785141221.840466022,15,306.687500,2652.000
1785141221.840466022,15,308.343750,2675.750
1785141221.840466022,15,339.562500,6120.500
1785141221.840466022,14,342.812500,9556.750
1785141221.840466022,15,344.453125,9471.000
1785141221.840466022,15,346.125000,9463.500
1785141221.840466022,15,347.796875,9390.000
1785141221.840466022,15,349.468750,9298.250
1785141221.952259064,15,357.781250,7006.500
1785141221.952259064,15,359.453125,7008.750
1785141221.952259064,15,1.109375,7001.250
1785141221.952259064,15,2.765625,6997.500
1785141221.952259064,15,6.093750,6745.000
1785141221.952259064,15,10.968750,8852.250
1785141221.952259064,12,12.640625,8864.500
1785141221.952259064,8,14.296875,8858.750
1785141221.952259064,15,46.609375,107.000
1785141221.952259064,15,164.640625,10350.500
1785141221.952259064,12,197.890625,5586.750
1785141221.952259064,15,211.156250,4176.250
1785141221.952259064,14,212.812500,4099.250
1785141221.952259064,13,214.484375,3999.750
1785141221.952259064,15,216.156250,3909.000
1785141221.952259064,8,217.812500,3824.750
1785141221.952259064,15,229.781250,1882.500
1785141221.952259064,15,237.750000,2943.000
1785141221.952259064,15,242.765625,2700.250
1785141221.952259064,15,246.031250,2872.750
1785141221.952259064,15,247.703125,2851.500
1785141221.952259064,15,249.328125,2832.250
1785141221.952259064,15,251.000000,2810.000
1785141221.952259064,9,252.687500,2796.000
1785141221.952259064,9,259.296875,2778.750
1785141221.952259064,10,260.921875,2780.500
1785141221.952259064,8,262.593750,2784.750
1785141221.952259064,10,264.265625,2792.000
1785141221.952259064,9,265.890625,2797.750
1785141221.952259064,7,267.562500,2807.000
1785141221.952259064,15,269.218750,2808.000
1785141221.952259064,15,270.859375,2822.000
1785141221.952259064,15,272.515625,2849.250
1785141221.952259064,15,295.531250,3277.250
1785141221.952259064,15,297.187500,3317.000
1785141221.952259064,15,307.281250,2651.000
1785141221.952259064,15,340.187500,6053.500
1785141221.952259064,15,343.437500,9465.250
1785141221.952259064,15,345.078125,9416.000
1785141221.952259064,15,346.734375,9397.750
1785141221.952259064,15,348.406250,9329.250
1785141221.952259064,15,350.046875,9252.250
1785141222.064067125,15,356.734375,7027.000
1785141222.064067125,15,358.406250,6980.250
1785141222.064067125,15,0.046875,6995.500
1785141222.064067125,15,1.718750,6983.500
1785141222.064067125,8,3.375000,6907.250
1785141222.064067125,15,5.046875,6813.750
1785141222.064067125,15,6.703125,6747.500
1785141222.064067125,15,9.968750,8789.500
1785141222.064067125,15,11.546875,8895.250
1785141222.064067125,11,13.187500,8890.750
1785141222.064067125,15,47.515625,106.250
1785141222.064067125,15,178.531250,10685.750
1785141222.064067125,9,193.546875,6119.000
1785141222.064067125,9,198.531250,5532.500
1785141222.064067125,10,201.875000,5097.500
1785141222.064067125,15,211.796875,4149.750
1785141222.064067125,15,215.125000,3948.250
1785141222.064067125,8,216.765625,3860.500
1785141222.064067125,15,218.437500,3765.500
1785141222.064067125,15,238.390625,2980.250
1785141222.064067125,15,241.703125,2774.500
1785141222.064067125,15,243.406250,2729.250
1785141222.064067125,15,246.671875,2861.250
1785141222.064067125,15,248.328125,2840.500
1785141222.064067125,7,249.984375,2818.500
1785141222.064067125,15,251.687500,2798.500
1785141222.064067125,15,253.359375,2788.000
1785141222.064067125,9,258.328125,2773.250
1785141222.064067125,12,259.984375,2775.000
1785141222.064067125,10,261.640625,2777.750
1785141222.064067125,9,263.296875,2787.000
1785141222.064067125,10,264.953125,2794.500
1785141222.064067125,15,266.609375,2800.750
1785141222.064067125,8,268.265625,2806.500
1785141222.064067125,15,269.890625,2816.750
1785141222.064067125,15,271.546875,2835.250
1785141222.064067125,15,273.203125,2854.250
1785141222.064067125,15,294.531250,3272.750
1785141222.064067125,15,296.187500,3292.750
1785141222.064067125,15,297.828125,3339.500
1785141222.064067125,15,299.562500,3394.250
1785141222.064067125,15,301.218750,3453.750
1785141222.064067125,15,304.718750,2426.000
1785141222.064067125,15,308.000000,2693.250
1785141222.064067125,15,344.140625,9472.000
1785141222.064067125,15,345.812500,9426.750
1785141222.064067125,15,347.453125,9376.500
1785141222.064067125,15,349.109375,9308.250
