timestamp,quality,angle_deg,distance_mm
1785156855.330114126,15,355.125000,622.000
1785156855.330114126,15,356.843750,624.000
1785156855.330114126,15,358.343750,624.750
1785156855.330114126,15,0.015625,626.000
1785156855.330114126,15,1.609375,628.750
1785156855.330114126,15,3.390625,632.000
1785156855.330114126,15,4.890625,634.750
1785156855.330114126,15,6.546875,637.250
1785156855.330114126,15,8.171875,640.000
1785156855.330114126,15,9.890625,645.000
1785156855.330114126,14,11.390625,650.500
1785156855.330114126,11,12.937500,655.500
1785156855.330114126,9,14.578125,661.000
1785156855.330114126,9,16.125000,668.000
1785156855.330114126,11,17.906250,675.500
1785156855.330114126,15,48.421875,106.500
1785156855.330114126,15,51.843750,101.250
1785156855.330114126,15,159.828125,10530.500
1785156855.330114126,15,161.468750,10360.000
1785156855.330114126,15,186.000000,10407.500
1785156855.330114126,15,210.875000,2693.500
1785156855.330114126,15,217.312500,3388.750
1785156855.330114126,15,218.953125,3324.250
1785156855.330114126,15,220.593750,3229.500
1785156855.330114126,15,223.890625,2995.000
1785156855.330114126,15,228.859375,2719.500
1785156855.330114126,15,230.531250,2659.250
1785156855.330114126,15,232.140625,2601.000
1785156855.330114126,15,233.796875,2553.500
1785156855.330114126,12,235.453125,2498.000
1785156855.330114126,15,237.078125,2449.250
1785156855.330114126,15,238.734375,2414.000
1785156855.330114126,13,240.375000,2372.250
1785156855.330114126,15,242.046875,2328.500
1785156855.330114126,15,243.671875,2296.750
1785156855.330114126,15,245.296875,2270.750
1785156855.330114126,15,246.953125,2249.250
1785156855.330114126,15,260.078125,2082.750
1785156855.330114126,15,261.703125,2067.750
1785156855.330114126,15,263.328125,2057.500
1785156855.330114126,15,264.984375,2046.000
1785156855.330114126,15,266.609375,2034.000
1785156855.330114126,15,268.265625,2026.750
1785156855.330114126,15,269.906250,2022.250
1785156855.330114126,15,271.500000,2023.500
1785156855.330114126,15,273.171875,2025.750
1785156855.330114126,15,274.750000,2027.750
1785156855.330114126,15,276.343750,2041.250
1785156855.330114126,15,278.000000,2056.750
1785156855.330114126,15,279.593750,2065.750
1785156855.330114126,15,281.234375,2072.500
1785156855.330114126,15,282.890625,2077.000
1785156855.330114126,12,284.531250,2085.750
1785156855.330114126,15,297.531250,2254.250
1785156855.330114126,15,299.234375,2277.750
1785156855.330114126,9,300.875000,2301.500
1785156855.330114126,13,302.531250,2337.250
1785156855.330114126,15,304.140625,2384.000
1785156855.330114126,11,305.781250,2421.750
1785156855.330114126,11,307.406250,2449.750
1785156855.330114126,15,309.031250,2489.750
1785156855.330114126,9,310.656250,2536.250
1785156855.330114126,15,312.296875,2591.500
1785156855.330114126,11,313.906250,2648.500
1785156855.330114126,14,315.546875,2708.750
1785156855.330114126,15,317.171875,2788.750
1785156855.330114126,13,318.796875,2861.500
1785156855.330114126,10,322.046875,3052.000
1785156855.330114126,12,323.703125,3137.000
1785156855.330114126,15,325.343750,3216.750
1785156855.330114126,15,330.218750,3567.500
1785156855.546334982,15,355.078125,621.250
1785156855.546334982,15,356.593750,622.500
1785156855.546334982,15,358.312500,624.000
1785156855.546334982,15,359.968750,625.500
1785156855.546334982,15,1.609375,626.750
1785156855.546334982,15,3.140625,628.500
1785156855.546334982,15,4.750000,632.000
1785156855.546334982,15,6.500000,635.750
1785156855.546334982,15,8.109375,640.250
1785156855.546334982,14,9.718750,645.000
1785156855.546334982,15,11.265625,649.750
1785156855.546334982,15,12.875000,654.750
1785156855.546334982,12,14.437500,659.750
1785156855.546334982,10,16.234375,666.750
1785156855.546334982,11,17.765625,675.250
1785156855.546334982,15,46.812500,106.500
1785156855.546334982,15,51.500000,101.250
1785156855.546334982,15,159.640625,10507.750
1785156855.546334982,15,161.281250,10376.500
1785156855.546334982,14,185.828125,10433.500
1785156855.546334982,15,210.796875,2705.750
1785156855.546334982,15,217.265625,3399.000
1785156855.546334982,15,218.890625,3338.500
1785156855.546334982,15,223.875000,2996.000
1785156855.546334982,15,228.781250,2717.250
1785156855.546334982,15,230.406250,2662.000
1785156855.546334982,15,232.062500,2606.750
1785156855.546334982,13,233.718750,2559.000
1785156855.546334982,15,235.343750,2507.750
1785156855.546334982,15,237.000000,2462.750
1785156855.546334982,15,238.640625,2424.500
1785156855.546334982,13,240.296875,2375.500
1785156855.546334982,15,241.953125,2327.000
1785156855.546334982,15,243.593750,2294.500
1785156855.546334982,15,245.218750,2270.250
1785156855.546334982,15,246.875000,2248.750
1785156855.546334982,8,248.500000,2226.250
1785156855.546334982,15,260.015625,2084.750
1785156855.546334982,15,261.671875,2067.250
1785156855.546334982,15,263.296875,2057.250
1785156855.546334982,15,264.906250,2045.500
1785156855.546334982,15,266.578125,2031.500
1785156855.546334982,15,268.218750,2024.750
1785156855.546334982,15,269.843750,2021.750
1785156855.546334982,15,271.437500,2022.750
1785156855.546334982,15,273.109375,2024.000
1785156855.546334982,15,274.703125,2026.250
1785156855.546334982,15,276.343750,2040.250
1785156855.546334982,15,277.937500,2056.750
1785156855.546334982,15,279.578125,2066.250
1785156855.546334982,15,281.187500,2071.500
1785156855.546334982,15,282.859375,2075.750
1785156855.546334982,14,284.484375,2084.750
1785156855.546334982,15,295.843750,2230.000
1785156855.546334982,15,297.515625,2253.250
1785156855.546334982,15,299.187500,2277.750
1785156855.546334982,8,300.828125,2301.500
1785156855.546334982,12,302.484375,2336.250
1785156855.546334982,15,304.078125,2382.250
1785156855.546334982,11,305.750000,2421.000
1785156855.546334982,14,307.375000,2455.750
1785156855.546334982,15,308.984375,2495.250
1785156855.546334982,11,310.593750,2537.250
1785156855.546334982,13,312.250000,2591.750
1785156855.546334982,10,313.875000,2647.250
1785156855.546334982,12,315.484375,2708.750
1785156855.546334982,15,317.109375,2788.750
1785156855.546334982,9,318.734375,2861.250
1785156855.546334982,8,322.000000,3041.250
1785156855.546334982,15,325.265625,3216.750
1785156855.546334982,15,330.156250,3567.500
1785156855.659760952,15,355.062500,621.500
1785156855.659760952,15,356.734375,622.750
1785156855.659760952,15,358.250000,624.000
1785156855.659760952,15,359.875000,625.750
1785156855.659760952,15,1.500000,628.750
1785156855.659760952,15,3.218750,632.000
1785156855.659760952,15,4.937500,635.250
1785156855.659760952,15,6.500000,637.250
1785156855.659760952,15,8.062500,640.250
1785156855.659760952,15,9.656250,645.500
1785156855.659760952,15,11.265625,650.750
1785156855.659760952,14,13.031250,655.750
1785156855.659760952,15,14.625000,662.000
1785156855.659760952,15,16.250000,671.000
1785156855.659760952,14,17.703125,677.750
1785156855.659760952,15,47.234375,106.500
1785156855.659760952,14,51.343750,101.250
1785156855.659760952,15,159.687500,10504.500
1785156855.659760952,15,161.312500,10370.500
1785156855.659760952,15,185.890625,10430.250
1785156855.659760952,15,210.781250,2706.250
1785156855.659760952,15,217.265625,3398.000
1785156855.659760952,15,218.875000,3337.750
1785156855.659760952,15,223.843750,2996.500
1785156855.659760952,15,225.500000,2917.500
1785156855.659760952,15,228.796875,2717.500
1785156855.659760952,15,230.453125,2661.750
1785156855.659760952,15,232.093750,2607.000
1785156855.659760952,15,233.734375,2559.250
1785156855.659760952,15,235.375000,2508.500
1785156855.659760952,15,237.015625,2458.250
1785156855.659760952,15,238.640625,2417.000
1785156855.659760952,13,240.328125,2374.500
1785156855.659760952,15,241.984375,2328.500
1785156855.659760952,15,243.609375,2296.000
1785156855.659760952,15,245.250000,2271.500
1785156855.659760952,15,246.890625,2249.250
1785156855.659760952,8,248.531250,2227.000
1785156855.659760952,15,260.031250,2082.750
1785156855.659760952,15,261.656250,2068.000
1785156855.659760952,15,263.312500,2058.250
1785156855.659760952,15,264.968750,2045.500
1785156855.659760952,15,266.593750,2031.500
1785156855.659760952,15,268.265625,2024.250
1785156855.659760952,15,269.890625,2021.500
1785156855.659760952,15,271.515625,2023.500
1785156855.659760952,15,273.140625,2026.250
1785156855.659760952,15,274.812500,2030.750
1785156855.659760952,15,276.421875,2044.500
1785156855.659760952,15,278.062500,2058.000
1785156855.659760952,15,279.671875,2066.750
1785156855.659760952,15,281.312500,2073.250
1785156855.659760952,15,282.953125,2077.500
1785156855.659760952,9,284.593750,2086.250
1785156855.659760952,14,296.000000,2234.000
1785156855.659760952,15,297.609375,2260.000
1785156855.659760952,10,299.281250,2281.750
1785156855.659760952,11,300.937500,2302.250
1785156855.659760952,12,302.578125,2336.000
1785156855.659760952,15,304.203125,2384.250
1785156855.659760952,10,305.828125,2422.750
1785156855.659760952,10,307.453125,2450.500
1785156855.659760952,15,309.062500,2492.000
1785156855.659760952,9,310.687500,2537.750
1785156855.659760952,14,312.312500,2591.750
1785156855.659760952,11,313.968750,2648.500
1785156855.659760952,13,315.578125,2709.250
1785156855.659760952,15,317.218750,2789.000
1785156855.659760952,15,318.828125,2863.000
1785156855.659760952,9,322.078125,3052.000
1785156855.659760952,15,323.703125,3134.000
1785156855.659760952,15,325.328125,3217.000
1785156855.659760952,15,330.218750,3566.250
1785156855.769294024,15,355.187500,620.500
1785156855.769294024,15,356.843750,622.250
1785156855.769294024,15,358.390625,624.000
1785156855.769294024,15,0.093750,624.250
1785156855.769294024,15,1.750000,625.250
1785156855.769294024,15,3.250000,627.750
1785156855.769294024,15,5.015625,630.500
1785156855.769294024,15,6.640625,635.250
1785156855.769294024,15,8.296875,639.500
1785156855.769294024,14,9.859375,643.000
1785156855.769294024,14,11.421875,649.000
1785156855.769294024,14,13.109375,655.000
1785156855.769294024,9,16.312500,665.000
1785156855.769294024,11,17.843750,676.250
1785156855.769294024,15,47.609375,106.500
1785156855.769294024,15,159.765625,10532.500
1785156855.769294024,15,161.406250,10359.000
1785156855.769294024,9,184.375000,10222.750
1785156855.769294024,15,210.890625,2694.750
1785156855.769294024,15,217.328125,3389.500
1785156855.769294024,15,219.000000,3335.500
1785156855.769294024,15,223.937500,2996.750
1785156855.769294024,15,228.875000,2712.250
1785156855.769294024,15,230.546875,2653.250
1785156855.769294024,15,232.156250,2600.500
1785156855.769294024,15,233.828125,2553.500
1785156855.769294024,14,235.484375,2497.750
1785156855.769294024,15,237.125000,2450.000
1785156855.769294024,15,238.750000,2415.750
1785156855.769294024,14,240.390625,2372.750
1785156855.769294024,15,242.031250,2327.500
1785156855.769294024,15,243.671875,2296.000
1785156855.769294024,15,245.343750,2270.750
1785156855.769294024,13,246.984375,2247.750
1785156855.769294024,15,260.156250,2080.500
1785156855.769294024,15,261.765625,2066.500
1785156855.769294024,15,263.421875,2056.000
1785156855.769294024,15,265.062500,2043.250
1785156855.769294024,15,266.687500,2030.000
1785156855.769294024,15,268.359375,2021.250
1785156855.769294024,15,269.968750,2021.750
1785156855.769294024,15,271.625000,2023.500
1785156855.769294024,15,273.234375,2023.750
1785156855.769294024,15,274.890625,2030.500
1785156855.769294024,15,276.484375,2043.000
1785156855.769294024,15,278.140625,2056.750
1785156855.769294024,15,279.750000,2066.750
1785156855.769294024,15,281.390625,2072.500
1785156855.769294024,13,283.046875,2078.250
1785156855.769294024,8,284.671875,2091.750
1785156855.769294024,15,296.046875,2233.000
1785156855.769294024,15,297.671875,2259.000
1785156855.769294024,15,299.375000,2278.250
1785156855.769294024,11,301.015625,2305.500
1785156855.769294024,11,302.640625,2342.500
1785156855.769294024,15,304.234375,2384.250
1785156855.769294024,11,305.906250,2422.750
1785156855.769294024,11,307.515625,2452.250
1785156855.769294024,15,309.140625,2493.750
1785156855.769294024,10,310.765625,2538.750
1785156855.769294024,11,314.015625,2666.000
1785156855.769294024,12,315.671875,2721.750
1785156855.769294024,15,317.265625,2794.250
1785156855.769294024,10,318.906250,2868.000
1785156855.769294024,15,322.156250,3055.500
1785156855.769294024,12,323.828125,3138.000
1785156855.769294024,7,325.437500,3212.750
1785156855.769294024,7,330.312500,3566.750
1785156855.883369923,15,353.546875,623.250
1785156855.883369923,15,355.218750,622.750
1785156855.883369923,15,356.859375,623.250
1785156855.883369923,15,358.406250,625.250
1785156855.883369923,15,0.109375,627.250
1785156855.883369923,15,1.781250,628.500
1785156855.883369923,15,3.437500,631.500
1785156855.883369923,15,5.015625,632.750
1785156855.883369923,15,6.718750,635.250
1785156855.883369923,13,8.250000,639.500
1785156855.883369923,15,9.890625,644.750
1785156855.883369923,15,11.468750,651.250
1785156855.883369923,10,12.937500,655.750
1785156855.883369923,9,14.562500,661.500
1785156855.883369923,10,16.265625,669.250
1785156855.883369923,12,17.937500,676.250
1785156855.883369923,15,48.265625,106.500
1785156855.883369923,15,51.390625,101.250
1785156855.883369923,15,159.828125,10524.000
1785156855.883369923,15,161.468750,10396.000
1785156855.883369923,8,184.406250,10290.000
1785156855.883369923,15,186.031250,10367.750
1785156855.883369923,15,217.390625,3390.750
1785156855.883369923,15,219.015625,3335.250
1785156855.883369923,15,223.984375,3000.750
1785156855.883369923,15,228.921875,2708.750
1785156855.883369923,15,230.593750,2654.500
1785156855.883369923,15,232.234375,2599.750
1785156855.883369923,15,233.875000,2553.000
1785156855.883369923,12,235.546875,2498.750
1785156855.883369923,15,237.156250,2451.250
1785156855.883369923,15,238.812500,2415.250
1785156855.883369923,15,240.484375,2371.000
1785156855.883369923,14,242.109375,2320.250
1785156855.883369923,15,243.765625,2286.000
1785156855.883369923,15,245.390625,2267.500
1785156855.883369923,15,247.031250,2249.000
1785156855.883369923,8,248.656250,2226.500
1785156855.883369923,15,260.171875,2074.000
1785156855.883369923,15,261.812500,2065.500
1785156855.883369923,15,263.468750,2057.750
1785156855.883369923,15,265.109375,2042.750
1785156855.883369923,15,266.765625,2030.000
1785156855.883369923,15,268.390625,2020.000
1785156855.883369923,15,270.000000,2021.000
1785156855.883369923,15,271.671875,2023.250
1785156855.883369923,15,273.265625,2023.500
1785156855.883369923,15,274.875000,2030.750
1785156855.883369923,15,276.500000,2042.750
1785156855.883369923,15,278.125000,2055.750
1785156855.883369923,15,279.796875,2066.500
1785156855.883369923,14,281.390625,2071.750
1785156855.883369923,13,283.000000,2076.000
1785156855.883369923,9,284.640625,2089.750
1785156855.883369923,15,296.015625,2233.250
1785156855.883369923,15,297.656250,2259.000
1785156855.883369923,15,299.390625,2279.500
1785156855.883369923,15,301.031250,2306.000
1785156855.883369923,12,302.656250,2342.750
1785156855.883369923,15,304.250000,2385.250
1785156855.883369923,14,305.906250,2423.000
1785156855.883369923,11,307.562500,2453.750
1785156855.883369923,15,309.140625,2495.000
1785156855.883369923,10,310.796875,2540.250
1785156855.883369923,13,312.390625,2599.500
1785156855.883369923,12,314.062500,2665.250
1785156855.883369923,15,315.687500,2721.250
1785156855.883369923,15,317.281250,2794.250
1785156855.883369923,9,318.921875,2869.250
1785156855.883369923,15,322.187500,3057.500
1785156855.883369923,15,323.875000,3141.500
1785156855.883369923,8,325.515625,3217.000
1785156855.883369923,15,330.406250,3568.750
1785156855.995260954,15,353.656250,624.250
1785156855.995260954,15,355.359375,623.500
1785156855.995260954,15,356.890625,623.250
1785156855.995260954,15,358.546875,625.250
1785156855.995260954,15,0.125000,627.000
1785156855.995260954,15,1.906250,626.500
1785156855.995260954,15,3.421875,629.750
1785156855.995260954,11,5.031250,634.500
1785156855.995260954,15,6.703125,637.250
1785156855.995260954,15,8.328125,641.250
1785156855.995260954,15,9.859375,645.500
1785156855.995260954,12,11.687500,650.250
1785156855.995260954,13,13.156250,656.500
1785156855.995260954,9,16.406250,665.500
1785156855.995260954,15,17.906250,676.500
1785156855.995260954,15,47.171875,106.250
1785156855.995260954,15,49.375000,104.250
1785156855.995260954,14,52.031250,101.250
1785156855.995260954,15,159.875000,10517.000
1785156855.995260954,15,161.500000,10392.500
1785156855.995260954,7,171.343750,10299.750
1785156855.995260954,15,186.062500,10382.750
1785156855.995260954,15,217.406250,3390.750
1785156855.995260954,15,219.062500,3333.000
1785156855.995260954,15,224.015625,3004.750
1785156855.995260954,15,229.000000,2710.250
1785156855.995260954,15,230.625000,2654.000
1785156855.995260954,15,232.281250,2597.500
1785156855.995260954,15,233.921875,2551.250
1785156855.995260954,15,235.593750,2499.750
1785156855.995260954,14,237.203125,2456.000
1785156855.995260954,12,238.843750,2414.000
1785156855.995260954,15,240.546875,2365.500
1785156855.995260954,11,242.187500,2321.000
1785156855.995260954,15,243.812500,2287.750
1785156855.995260954,15,245.468750,2267.500
1785156855.995260954,15,247.093750,2248.750
1785156855.995260954,10,248.718750,2226.250
1785156855.995260954,15,260.265625,2074.500
1785156855.995260954,15,261.890625,2064.750
1785156855.995260954,15,263.515625,2055.250
1785156855.995260954,15,265.171875,2041.000
1785156855.995260954,15,266.812500,2029.000
1785156855.995260954,15,268.437500,2019.500
1785156855.995260954,15,270.093750,2020.500
1785156855.995260954,15,271.718750,2025.500
1785156855.995260954,15,273.328125,2028.000
1785156855.995260954,15,274.890625,2032.500
1785156855.995260954,15,276.546875,2042.000
1785156855.995260954,15,278.171875,2057.250
1785156855.995260954,15,279.796875,2069.750
1785156855.995260954,14,281.421875,2074.250
1785156855.995260954,15,283.093750,2077.500
1785156855.995260954,9,284.671875,2089.250
1785156855.995260954,8,286.328125,2102.000
1785156855.995260954,15,296.109375,2233.500
1785156855.995260954,15,297.687500,2258.000
1785156855.995260954,15,299.468750,2278.750
1785156855.995260954,14,301.062500,2306.000
1785156855.995260954,12,302.703125,2343.250
1785156855.995260954,15,304.343750,2385.250
1785156855.995260954,13,305.968750,2422.500
1785156855.995260954,10,307.625000,2458.750
1785156855.995260954,15,309.234375,2499.250
1785156855.995260954,11,310.875000,2541.500
1785156855.995260954,12,312.500000,2601.750
1785156855.995260954,10,314.125000,2664.250
1785156855.995260954,15,315.750000,2721.000
1785156855.995260954,15,317.390625,2795.250
1785156855.995260954,8,319.000000,2871.000
1785156855.995260954,15,322.250000,3055.500
1785156855.995260954,13,323.921875,3137.500
1785156855.995260954,15,325.578125,3231.750
1785156855.995260954,5,327.218750,3327.750
1785156856.106205940,15,353.781250,623.750
1785156856.106205940,15,355.328125,623.000
1785156856.106205940,15,357.078125,622.750
1785156856.106205940,15,358.578125,623.000
1785156856.106205940,15,0.218750,623.500
1785156856.106205940,15,1.875000,625.000
1785156856.106205940,15,3.468750,627.500
1785156856.106205940,15,5.125000,632.250
1785156856.106205940,15,6.734375,636.750
1785156856.106205940,12,8.375000,639.500
1785156856.106205940,12,10.093750,644.000
1785156856.106205940,13,11.656250,648.500
1785156856.106205940,15,13.218750,653.250
1785156856.106205940,15,48.156250,106.250
1785156856.106205940,15,160.015625,10484.750
1785156856.106205940,15,161.640625,10378.250
1785156856.106205940,11,171.468750,10212.250
1785156856.106205940,7,178.015625,10139.250
1785156856.106205940,14,209.468750,2720.500
1785156856.106205940,15,211.093750,2732.250
1785156856.106205940,15,217.546875,3397.500
1785156856.106205940,15,219.203125,3329.000
1785156856.106205940,15,224.156250,2995.000
1785156856.106205940,15,227.421875,2779.750
1785156856.106205940,15,229.109375,2715.500
1785156856.106205940,15,230.750000,2652.000
1785156856.106205940,15,232.406250,2598.750
1785156856.106205940,12,234.046875,2551.500
1785156856.106205940,13,235.687500,2497.750
1785156856.106205940,13,237.343750,2457.750
1785156856.106205940,15,238.984375,2416.250
1785156856.106205940,13,240.593750,2369.250
1785156856.106205940,15,242.265625,2324.750
1785156856.106205940,15,243.921875,2292.000
1785156856.106205940,15,245.531250,2271.750
1785156856.106205940,15,247.187500,2250.500
1785156856.106205940,9,248.859375,2228.750
1785156856.106205940,13,260.296875,2078.250
1785156856.106205940,15,261.921875,2067.000
1785156856.106205940,15,263.562500,2056.750
1785156856.106205940,15,265.218750,2052.000
1785156856.106205940,15,266.890625,2043.250
1785156856.106205940,15,268.468750,2027.750
1785156856.106205940,15,270.109375,2026.250
1785156856.106205940,15,271.765625,2027.500
1785156856.106205940,15,273.390625,2029.500
1785156856.106205940,15,275.015625,2044.750
1785156856.106205940,15,276.609375,2059.000
1785156856.106205940,15,278.281250,2064.000
1785156856.106205940,14,279.906250,2072.250
1785156856.106205940,10,281.515625,2085.250
1785156856.106205940,8,283.171875,2097.250
1785156856.106205940,11,294.546875,2226.000
1785156856.106205940,15,296.156250,2238.750
1785156856.106205940,15,297.781250,2267.750
1785156856.106205940,15,299.546875,2292.000
1785156856.106205940,12,301.156250,2318.000
1785156856.106205940,9,302.828125,2350.750
1785156856.106205940,14,304.437500,2397.000
1785156856.106205940,14,306.093750,2433.750
1785156856.106205940,15,307.703125,2461.750
1785156856.106205940,13,309.343750,2503.500
1785156856.106205940,13,310.953125,2548.250
1785156856.106205940,13,312.609375,2606.500
1785156856.106205940,15,314.203125,2677.750
1785156856.106205940,11,315.859375,2736.750
1785156856.106205940,13,319.109375,2880.500
1785156856.106205940,15,323.984375,3160.500
1785156856.106205940,7,327.234375,3337.500
1785156856.221349955,15,353.781250,622.000
1785156856.221349955,15,355.453125,621.500
1785156856.221349955,15,356.984375,621.250
1785156856.221349955,15,358.671875,622.250
1785156856.221349955,15,0.421875,623.500
1785156856.221349955,15,1.937500,625.250
1785156856.221349955,15,3.687500,627.750
1785156856.221349955,15,5.109375,632.000
1785156856.221349955,15,6.750000,636.250
1785156856.221349955,15,8.531250,639.250
1785156856.221349955,12,11.734375,646.250
1785156856.221349955,15,13.328125,653.750
1785156856.221349955,9,16.515625,664.500
1785156856.221349955,11,18.156250,676.000
1785156856.221349955,15,47.421875,106.250
1785156856.221349955,15,159.984375,10482.000
1785156856.221349955,15,161.625000,10366.000
1785156856.221349955,15,217.562500,3339.750
1785156856.221349955,15,220.843750,3151.250
1785156856.221349955,15,224.171875,2914.250
1785156856.221349955,15,227.468750,2775.750
1785156856.221349955,15,229.109375,2711.750
1785156856.221349955,15,232.406250,2563.000
1785156856.221349955,15,234.046875,2527.250
1785156856.221349955,14,235.687500,2497.500
1785156856.221349955,13,237.328125,2459.250
1785156856.221349955,15,239.000000,2427.500
1785156856.221349955,9,240.625000,2392.250
1785156856.221349955,15,242.265625,2351.500
1785156856.221349955,11,243.937500,2319.250
1785156856.221349955,15,245.562500,2286.000
1785156856.221349955,15,247.187500,2253.500
1785156856.221349955,15,248.859375,2231.750
1785156856.221349955,15,258.703125,2092.750
1785156856.221349955,15,260.328125,2069.250
1785156856.221349955,15,261.968750,2057.250
1785156856.221349955,15,263.656250,2051.750
1785156856.221349955,15,265.265625,2034.750
1785156856.221349955,15,266.921875,2020.000
1785156856.221349955,15,268.546875,2017.500
1785156856.221349955,15,270.203125,2023.500
1785156856.221349955,15,271.843750,2025.250
1785156856.221349955,15,273.453125,2027.750
1785156856.221349955,15,275.078125,2030.750
1785156856.221349955,15,276.687500,2045.500
1785156856.221349955,15,278.312500,2063.000
1785156856.221349955,15,279.937500,2070.000
1785156856.221349955,15,281.625000,2075.000
1785156856.221349955,12,283.203125,2078.750
1785156856.221349955,15,296.265625,2238.750
1785156856.221349955,15,297.859375,2265.250
1785156856.221349955,15,299.625000,2289.000
1785156856.221349955,15,301.265625,2315.000
1785156856.221349955,10,302.906250,2347.250
1785156856.221349955,15,304.531250,2378.250
1785156856.221349955,15,306.171875,2417.000
1785156856.221349955,13,307.796875,2462.500
1785156856.221349955,15,309.453125,2505.500
1785156856.221349955,13,311.046875,2548.750
1785156856.221349955,11,312.703125,2605.000
1785156856.221349955,10,314.328125,2674.750
1785156856.221349955,10,315.953125,2733.250
1785156856.221349955,15,317.609375,2794.250
1785156856.221349955,12,319.218750,2865.000
1785156856.221349955,7,322.484375,3075.000
1785156856.221349955,15,324.062500,3153.750
1785156856.221349955,15,325.687500,3221.750
1785156856.221349955,9,330.578125,3568.500
1785156856.333338976,15,353.734375,622.000
1785156856.333338976,15,355.390625,621.750
1785156856.333338976,15,357.140625,621.500
1785156856.333338976,15,358.640625,622.500
1785156856.333338976,15,0.453125,623.500
1785156856.333338976,15,2.078125,625.500
1785156856.333338976,15,3.546875,628.250
1785156856.333338976,15,5.296875,632.250
1785156856.333338976,15,6.828125,637.000
1785156856.333338976,15,8.453125,642.250
1785156856.333338976,12,10.015625,647.500
1785156856.333338976,14,11.812500,650.500
1785156856.333338976,11,13.265625,655.500
1785156856.333338976,15,48.406250,106.250
1785156856.333338976,15,160.125000,10456.250
1785156856.333338976,15,161.781250,10388.000
1785156856.333338976,11,211.296875,2720.000
1785156856.333338976,15,217.718750,3402.250
1785156856.333338976,15,221.031250,3217.750
1785156856.333338976,15,224.359375,2998.500
1785156856.333338976,15,227.609375,2790.500
1785156856.333338976,15,229.250000,2720.250
1785156856.333338976,15,230.906250,2654.750
1785156856.333338976,15,232.593750,2596.500
1785156856.333338976,15,234.187500,2555.000
1785156856.333338976,15,235.843750,2509.500
1785156856.333338976,15,237.500000,2460.750
1785156856.333338976,15,239.125000,2416.750
1785156856.333338976,13,240.812500,2377.500
1785156856.333338976,15,242.437500,2345.000
1785156856.333338976,15,244.093750,2307.000
1785156856.333338976,15,245.734375,2280.750
1785156856.333338976,15,247.359375,2261.000
1785156856.333338976,15,249.000000,2240.750
1785156856.333338976,7,250.656250,2220.250
1785156856.333338976,10,262.140625,2086.750
1785156856.333338976,15,263.765625,2076.000
1785156856.333338976,15,265.406250,2064.750
1785156856.333338976,15,267.046875,2053.750
1785156856.333338976,15,268.671875,2047.750
1785156856.333338976,15,270.296875,2043.750
1785156856.333338976,15,271.921875,2043.250
1785156856.333338976,15,273.562500,2048.750
1785156856.333338976,15,275.203125,2057.000
1785156856.333338976,14,276.875000,2061.500
1785156856.333338976,11,278.531250,2073.000
1785156856.333338976,13,280.140625,2079.000
1785156856.333338976,10,281.796875,2085.250
1785156856.333338976,11,283.390625,2092.750
1785156856.333338976,15,296.437500,2239.750
1785156856.333338976,15,298.062500,2262.750
1785156856.333338976,15,299.781250,2288.250
1785156856.333338976,12,301.390625,2317.250
1785156856.333338976,12,303.046875,2353.750
1785156856.333338976,15,304.671875,2383.500
1785156856.333338976,11,306.312500,2418.250
1785156856.333338976,12,307.937500,2454.250
1785156856.333338976,15,309.562500,2502.750
1785156856.333338976,15,311.203125,2551.750
1785156856.333338976,12,312.843750,2602.750
1785156856.333338976,13,314.453125,2671.750
1785156856.333338976,12,316.062500,2730.750
1785156856.333338976,12,317.734375,2784.000
1785156856.333338976,12,319.359375,2854.750
1785156856.333338976,8,322.609375,3059.250
1785156856.333338976,9,325.859375,3218.750
1785156856.333338976,15,330.750000,3582.250
1785156856.443736076,15,353.937500,624.750
1785156856.443736076,15,355.703125,624.000
1785156856.443736076,15,357.281250,624.000
1785156856.443736076,15,358.890625,625.250
1785156856.443736076,15,0.640625,627.750
1785156856.443736076,15,2.312500,630.750
1785156856.443736076,15,3.718750,633.500
1785156856.443736076,9,5.453125,635.750
1785156856.443736076,15,6.968750,638.000
1785156856.443736076,15,8.734375,641.750
1785156856.443736076,13,10.406250,647.000
1785156856.443736076,15,11.937500,652.750
1785156856.443736076,13,13.453125,658.000
1785156856.443736076,11,15.140625,665.000
1785156856.443736076,13,16.734375,673.750
1785156856.443736076,15,18.375000,681.750
1785156856.443736076,15,46.062500,108.250
1785156856.443736076,15,47.578125,105.750
1785156856.443736076,15,160.421875,10422.750
1785156856.443736076,15,162.062500,10230.250
1785156856.443736076,15,209.921875,2719.250
1785156856.443736076,12,211.531250,2731.250
1785156856.443736076,15,218.000000,3332.250
1785156856.443736076,15,224.593750,2900.250
1785156856.443736076,15,226.250000,2842.250
1785156856.443736076,15,231.203125,2589.750
1785156856.443736076,15,232.843750,2548.250
1785156856.443736076,14,234.484375,2487.750
1785156856.443736076,15,236.125000,2447.750
1785156856.443736076,12,237.765625,2406.500
1785156856.443736076,15,239.437500,2355.500
1785156856.443736076,15,241.062500,2313.500
1785156856.443736076,15,242.703125,2283.250
1785156856.443736076,15,244.375000,2258.750
1785156856.443736076,10,246.015625,2232.500
1785156856.443736076,15,257.562500,2075.750
1785156856.443736076,15,259.187500,2051.500
1785156856.443736076,15,260.859375,2039.000
1785156856.443736076,15,262.468750,2031.000
1785156856.443736076,15,264.109375,2021.750
1785156856.443736076,15,265.734375,2009.750
1785156856.443736076,15,267.406250,2000.000
1785156856.443736076,15,269.031250,1995.250
1785156856.443736076,15,270.656250,1999.500
1785156856.443736076,15,272.296875,2003.000
1785156856.443736076,15,273.937500,2008.750
1785156856.443736076,15,275.562500,2026.750
1785156856.443736076,15,277.234375,2030.500
1785156856.443736076,15,278.859375,2030.750
1785156856.443736076,15,280.468750,2047.250
1785156856.443736076,15,282.125000,2056.750
1785156856.443736076,15,283.734375,2065.000
1785156856.443736076,11,285.359375,2086.500
1785156856.443736076,15,296.781250,2241.500
1785156856.443736076,15,298.437500,2261.500
1785156856.443736076,15,300.109375,2281.750
1785156856.443736076,9,301.750000,2306.750
1785156856.443736076,14,303.375000,2347.500
1785156856.443736076,15,305.015625,2387.500
1785156856.443736076,12,306.640625,2424.000
1785156856.443736076,9,308.281250,2464.000
1785156856.443736076,14,309.906250,2509.500
1785156856.443736076,15,311.531250,2560.000
1785156856.443736076,15,313.171875,2613.750
1785156856.443736076,15,314.765625,2683.500
1785156856.443736076,15,316.421875,2747.000
1785156856.443736076,15,319.671875,2891.000
1785156856.443736076,15,322.937500,3080.000
1785156856.443736076,14,324.562500,3158.750
1785156856.443736076,15,326.218750,3245.250
1785156856.558932066,15,354.265625,628.000
1785156856.558932066,15,355.906250,627.250
1785156856.558932066,15,357.656250,627.500
1785156856.558932066,15,359.343750,628.750
1785156856.558932066,15,0.796875,631.250
1785156856.558932066,15,2.484375,633.500
1785156856.558932066,15,4.140625,636.000
1785156856.558932066,15,5.750000,637.500
1785156856.558932066,15,7.453125,640.250
1785156856.558932066,15,9.125000,645.750
1785156856.558932066,13,10.593750,651.000
1785156856.558932066,15,12.265625,655.250
1785156856.558932066,9,15.453125,663.250
1785156856.558932066,14,17.171875,674.750
1785156856.558932066,15,18.703125,683.500
1785156856.558932066,15,46.171875,107.500
1785156856.558932066,15,48.953125,105.250
1785156856.558932066,15,51.468750,102.750
1785156856.558932066,15,160.734375,10438.000
1785156856.558932066,15,162.359375,10236.000
1785156856.558932066,9,173.843750,10189.750
1785156856.558932066,15,210.203125,2712.000
1785156856.558932066,10,218.312500,3306.000
1785156856.558932066,15,221.593750,3085.750
1785156856.558932066,15,224.921875,2884.500
1785156856.558932066,15,226.546875,2802.750
1785156856.558932066,15,231.453125,2575.250
1785156856.558932066,15,233.093750,2547.250
1785156856.558932066,15,234.750000,2492.750
1785156856.558932066,14,236.406250,2442.250
1785156856.558932066,15,238.046875,2398.750
1785156856.558932066,15,239.703125,2342.750
1785156856.558932066,15,241.328125,2303.000
1785156856.558932066,15,242.968750,2273.000
1785156856.558932066,15,244.625000,2245.500
1785156856.558932066,15,256.140625,2079.250
1785156856.558932066,15,257.812500,2053.000
1785156856.558932066,15,259.468750,2038.500
1785156856.558932066,15,261.109375,2027.000
1785156856.558932066,15,262.734375,2018.000
1785156856.558932066,15,264.359375,2008.500
1785156856.558932066,15,266.000000,2002.250
1785156856.558932066,15,267.656250,1996.750
1785156856.558932066,15,269.296875,1993.250
1785156856.558932066,15,270.921875,1993.250
1785156856.558932066,15,272.546875,1997.250
1785156856.558932066,15,274.171875,2001.500
1785156856.558932066,15,275.765625,2005.500
1785156856.558932066,15,277.421875,2016.000
1785156856.558932066,15,279.031250,2025.250
1785156856.558932066,15,280.671875,2030.000
1785156856.558932066,15,282.281250,2037.750
1785156856.558932066,15,283.890625,2056.250
1785156856.558932066,12,285.531250,2070.500
1785156856.558932066,11,287.187500,2081.500
1785156856.558932066,14,296.921875,2223.500
1785156856.558932066,15,298.562500,2245.000
1785156856.558932066,15,300.234375,2268.500
1785156856.558932066,15,301.875000,2299.000
1785156856.558932066,12,303.515625,2334.000
1785156856.558932066,15,305.140625,2372.500
1785156856.558932066,12,306.796875,2421.000
1785156856.558932066,12,308.390625,2451.750
1785156856.558932066,15,310.031250,2483.000
1785156856.558932066,13,311.640625,2534.500
1785156856.558932066,15,314.906250,2670.250
1785156856.558932066,15,316.515625,2727.000
1785156856.558932066,15,318.140625,2789.750
1785156856.558932066,14,319.781250,2863.750
1785156856.558932066,15,323.062500,3078.000
1785156856.558932066,15,324.671875,3154.500
1785156856.558932066,15,326.328125,3240.500
1785156856.558932066,11,327.937500,3331.500
1785156856.669630051,15,354.593750,623.500
1785156856.669630051,15,356.187500,623.750
1785156856.669630051,15,357.828125,624.250
1785156856.669630051,15,359.468750,625.250
1785156856.669630051,15,0.953125,626.750
1785156856.669630051,15,2.609375,630.000
1785156856.669630051,13,4.343750,633.750
1785156856.669630051,15,6.000000,635.750
1785156856.669630051,15,7.671875,637.750
1785156856.669630051,14,9.250000,640.500
1785156856.669630051,15,10.796875,646.500
1785156856.669630051,15,12.312500,653.250
1785156856.669630051,13,13.953125,658.750
1785156856.669630051,14,17.296875,668.250
1785156856.669630051,15,18.734375,679.750
1785156856.669630051,15,46.968750,107.000
1785156856.669630051,15,48.125000,105.000
1785156856.669630051,15,51.250000,102.250
1785156856.669630051,15,160.812500,10431.750
1785156856.669630051,15,210.343750,2706.500
1785156856.669630051,15,218.421875,3329.250
1785156856.669630051,14,225.015625,2901.250
1785156856.669630051,15,226.671875,2832.000
1785156856.669630051,15,231.656250,2596.000
1785156856.669630051,15,233.296875,2554.000
1785156856.669630051,15,234.937500,2495.250
1785156856.669630051,15,236.578125,2454.500
1785156856.669630051,9,238.250000,2407.250
1785156856.669630051,15,239.875000,2352.500
1785156856.669630051,15,241.531250,2319.250
1785156856.669630051,15,243.156250,2296.000
1785156856.669630051,15,244.843750,2263.250
1785156856.669630051,8,246.453125,2238.250
1785156856.669630051,15,258.000000,2080.000
1785156856.669630051,15,259.609375,2069.750
1785156856.669630051,15,261.281250,2065.000
1785156856.669630051,15,262.921875,2045.250
1785156856.669630051,15,264.546875,2031.500
1785156856.669630051,15,266.171875,2016.250
1785156856.669630051,15,267.812500,1999.750
1785156856.669630051,15,269.437500,2006.750
1785156856.669630051,15,271.093750,2014.750
1785156856.669630051,15,272.718750,2012.000
1785156856.669630051,15,274.359375,2013.500
1785156856.669630051,15,275.953125,2019.000
1785156856.669630051,15,277.578125,2021.500
1785156856.669630051,15,279.171875,2028.250
1785156856.669630051,15,280.812500,2040.250
1785156856.669630051,15,282.453125,2045.750
1785156856.669630051,15,284.093750,2050.000
1785156856.669630051,13,285.718750,2064.500
1785156856.669630051,11,287.343750,2084.000
1785156856.669630051,15,298.796875,2250.000
1785156856.669630051,15,300.453125,2263.750
1785156856.669630051,15,302.109375,2289.500
1785156856.669630051,12,303.718750,2325.000
1785156856.669630051,13,305.328125,2362.750
1785156856.669630051,14,306.937500,2414.250
1785156856.669630051,13,308.609375,2456.500
1785156856.669630051,15,310.218750,2490.750
1785156856.669630051,15,311.843750,2540.000
1785156856.669630051,10,315.109375,2670.750
1785156856.669630051,15,316.734375,2724.750
1785156856.669630051,15,318.359375,2794.000
1785156856.669630051,15,319.984375,2870.000
1785156856.669630051,15,323.281250,3082.000
1785156856.669630051,13,324.953125,3153.000
1785156856.669630051,15,326.562500,3237.750
1785156856.784916878,15,354.718750,626.000
1785156856.784916878,15,356.453125,625.750
1785156856.784916878,15,357.953125,625.000
1785156856.784916878,15,359.546875,626.000
1785156856.784916878,15,1.312500,628.750
1785156856.784916878,15,2.875000,631.250
1785156856.784916878,15,4.578125,634.000
1785156856.784916878,15,6.250000,636.500
1785156856.784916878,13,7.875000,639.750
1785156856.784916878,15,9.484375,645.500
1785156856.784916878,15,11.093750,650.250
1785156856.784916878,15,12.578125,654.250
1785156856.784916878,9,14.218750,660.250
1785156856.784916878,10,15.843750,667.500
1785156856.784916878,15,17.359375,675.750
1785156856.784916878,14,18.968750,684.500
1785156856.784916878,15,47.062500,106.750
1785156856.784916878,15,48.625000,104.750
1785156856.784916878,15,50.875000,102.000
1785156856.784916878,15,161.062500,10427.750
1785156856.784916878,15,162.703125,10290.750
1785156856.784916878,7,177.468750,10145.500
1785156856.784916878,15,217.000000,3365.750
1785156856.784916878,14,221.953125,3092.750
1785156856.784916878,15,226.968750,2762.000
1785156856.784916878,15,228.625000,2696.250
1785156856.784916878,15,231.921875,2560.250
1785156856.784916878,15,233.546875,2513.250
1785156856.784916878,15,235.218750,2475.500
1785156856.784916878,13,236.875000,2447.750
1785156856.784916878,14,240.171875,2340.500
1785156856.784916878,15,241.812500,2303.250
1785156856.784916878,15,243.453125,2273.000
1785156856.784916878,15,245.109375,2248.750
1785156856.784916878,8,246.750000,2225.750
1785156856.784916878,15,258.218750,2064.000
1785156856.784916878,15,259.859375,2050.250
1785156856.784916878,15,261.484375,2033.750
1785156856.784916878,15,263.109375,2026.500
1785156856.784916878,15,264.781250,2019.250
1785156856.784916878,15,266.390625,2009.000
1785156856.784916878,15,268.046875,2000.500
1785156856.784916878,15,269.671875,1997.750
1785156856.784916878,15,271.312500,1998.500
1785156856.784916878,15,272.953125,1999.000
1785156856.784916878,15,274.578125,1998.000
1785156856.784916878,15,276.171875,2002.250
1785156856.784916878,15,277.828125,2013.750
1785156856.784916878,15,279.421875,2023.250
1785156856.784916878,15,281.078125,2027.500
1785156856.784916878,15,282.718750,2034.500
1785156856.784916878,15,284.343750,2049.250
1785156856.784916878,15,285.953125,2061.750
1785156856.784916878,9,287.593750,2084.000
1785156856.784916878,15,299.046875,2235.750
1785156856.784916878,15,300.703125,2260.750
1785156856.784916878,9,302.328125,2291.750
1785156856.784916878,14,303.937500,2326.250
1785156856.784916878,10,305.578125,2363.250
1785156856.784916878,15,307.171875,2417.000
1785156856.784916878,10,308.859375,2459.750
1785156856.784916878,15,310.453125,2494.500
1785156856.784916878,15,312.078125,2542.750
1785156856.784916878,15,313.718750,2598.500
1785156856.784916878,11,315.359375,2662.000
1785156856.784916878,15,316.953125,2730.000
1785156856.784916878,15,318.593750,2805.000
1785156856.784916878,12,320.234375,2874.250
1785156856.784916878,15,323.515625,3094.250
1785156856.784916878,15,325.140625,3162.500
1785156856.784916878,13,336.531250,4129.500
1785156856.896034956,15,354.953125,626.750
1785156856.896034956,15,356.593750,626.250
1785156856.896034956,15,358.203125,626.500
1785156856.896034956,15,359.859375,628.250
1785156856.896034956,15,1.406250,632.000
1785156856.896034956,15,3.000000,635.000
1785156856.896034956,15,4.609375,635.500
1785156856.896034956,15,6.296875,638.250
1785156856.896034956,15,7.812500,641.500
1785156856.896034956,15,9.468750,646.250
1785156856.896034956,12,11.187500,651.250
1785156856.896034956,12,12.609375,656.500
1785156856.896034956,10,15.875000,666.750
1785156856.896034956,15,17.609375,677.000
1785156856.896034956,8,19.218750,688.000
1785156856.896034956,15,47.500000,106.500
1785156856.896034956,14,51.125000,101.500
1785156856.896034956,15,161.343750,10406.500
1785156856.896034956,13,217.312500,3388.250
1785156856.896034956,15,222.265625,3084.000
1785156856.896034956,15,227.234375,2753.000
1785156856.896034956,15,228.890625,2685.500
1785156856.896034956,15,232.171875,2536.750
1785156856.896034956,15,233.828125,2497.250
1785156856.896034956,15,235.484375,2454.000
1785156856.896034956,14,237.125000,2400.750
1785156856.896034956,14,238.765625,2350.750
1785156856.896034956,15,240.453125,2315.750
1785156856.896034956,15,242.078125,2283.750
1785156856.896034956,15,243.703125,2250.000
1785156856.896034956,9,245.359375,2223.250
1785156856.896034956,15,256.859375,2057.750
1785156856.896034956,15,258.500000,2037.250
1785156856.896034956,15,260.156250,2020.250
1785156856.896034956,15,261.781250,2011.000
1785156856.896034956,15,263.421875,2002.250
1785156856.896034956,15,265.078125,1988.500
1785156856.896034956,15,266.734375,1974.250
1785156856.896034956,15,268.343750,1965.000
1785156856.896034956,15,270.015625,1959.000
1785156856.896034956,15,271.609375,1956.750
1785156856.896034956,15,273.281250,1962.000
1785156856.896034956,15,274.843750,1967.750
1785156856.896034956,15,276.515625,1977.500
1785156856.896034956,15,278.125000,1992.000
1785156856.896034956,15,279.734375,2000.000
1785156856.896034956,15,281.375000,2004.250
1785156856.896034956,15,283.031250,2009.750
1785156856.896034956,15,284.640625,2022.000
1785156856.896034956,15,286.281250,2034.250
1785156856.896034956,15,287.890625,2056.000
1785156856.896034956,10,289.546875,2082.000
1785156856.896034956,15,299.421875,2229.750
1785156856.896034956,15,301.078125,2255.000
1785156856.896034956,15,302.718750,2280.500
1785156856.896034956,11,304.343750,2316.500
1785156856.896034956,6,305.953125,2357.000
1785156856.896034956,15,307.625000,2403.750
1785156856.896034956,10,309.218750,2441.750
1785156856.896034956,15,310.875000,2484.250
1785156856.896034956,15,312.500000,2537.000
1785156856.896034956,13,314.125000,2594.500
1785156856.896034956,15,315.781250,2661.000
1785156856.896034956,15,317.375000,2727.250
1785156856.896034956,10,320.656250,2886.000
1785156856.896034956,15,323.906250,3086.000
1785156856.896034956,14,325.531250,3158.250
1785156856.896034956,4,328.796875,3356.500
1785156857.007343054,15,355.218750,627.250
1785156857.007343054,15,356.828125,626.250
1785156857.007343054,15,358.609375,627.000
1785156857.007343054,15,0.265625,627.250
1785156857.007343054,15,1.781250,628.500
1785156857.007343054,15,3.437500,631.500
1785156857.007343054,15,4.984375,635.250
1785156857.007343054,15,6.734375,637.750
1785156857.007343054,15,8.390625,641.500
1785156857.007343054,12,10.046875,646.000
1785156857.007343054,15,11.656250,651.000
1785156857.007343054,13,13.078125,656.000
1785156857.007343054,12,14.796875,660.750
1785156857.007343054,10,16.312500,668.250
1785156857.007343054,11,17.921875,676.250
1785156857.007343054,15,47.625000,106.250
1785156857.007343054,15,50.281250,104.000
1785156857.007343054,15,160.109375,10462.500
1785156857.007343054,15,161.750000,10320.250
1785156857.007343054,15,163.390625,10229.250
1785156857.007343054,15,217.765625,3337.750
1785156857.007343054,15,224.375000,2900.500
1785156857.007343054,15,230.984375,2582.500
1785156857.007343054,15,232.640625,2544.500
1785156857.007343054,15,234.296875,2480.750
1785156857.007343054,15,235.953125,2425.000
1785156857.007343054,15,237.609375,2374.750
1785156857.007343054,13,239.250000,2325.750
1785156857.007343054,15,240.906250,2281.750
1785156857.007343054,15,242.515625,2246.500
1785156857.007343054,15,254.046875,2073.000
1785156857.007343054,15,255.703125,2042.750
1785156857.007343054,15,257.343750,2025.000
1785156857.007343054,15,258.968750,2012.500
1785156857.007343054,15,260.625000,1998.250
1785156857.007343054,15,262.265625,1986.500
1785156857.007343054,15,263.906250,1979.250
1785156857.007343054,15,265.562500,1962.250
1785156857.007343054,15,267.203125,1949.250
1785156857.007343054,15,268.843750,1952.000
1785156857.007343054,15,270.468750,1952.250
1785156857.007343054,15,272.078125,1951.500
1785156857.007343054,15,273.734375,1954.750
1785156857.007343054,15,275.343750,1962.750
1785156857.007343054,15,277.015625,1977.000
1785156857.007343054,15,278.640625,1989.500
1785156857.007343054,15,280.265625,1993.250
1785156857.007343054,15,281.890625,1997.500
1785156857.007343054,15,283.515625,2004.750
1785156857.007343054,15,285.187500,2016.250
1785156857.007343054,15,286.796875,2025.000
1785156857.007343054,15,288.437500,2037.000
1785156857.007343054,14,290.093750,2058.000
1785156857.007343054,15,301.593750,2240.000
1785156857.007343054,15,303.203125,2267.750
1785156857.007343054,10,304.859375,2303.250
1785156857.007343054,11,306.468750,2343.250
1785156857.007343054,15,308.109375,2391.000
1785156857.007343054,14,309.734375,2433.500
1785156857.007343054,15,311.390625,2475.500
1785156857.007343054,15,313.000000,2517.500
1785156857.007343054,15,314.656250,2571.750
1785156857.007343054,9,316.281250,2642.750
1785156857.007343054,15,317.906250,2707.750
1785156857.007343054,8,321.171875,2874.750
1785156857.007343054,15,324.390625,3084.000
1785156857.007343054,11,326.015625,3163.750
1785156857.007343054,5,329.281250,3361.250
1785156857.007343054,11,337.421875,4173.750
1785156857.118865967,15,355.828125,627.500
1785156857.118865967,15,357.343750,626.750
1785156857.118865967,15,359.187500,627.000
1785156857.118865967,15,0.687500,628.000
1785156857.118865967,15,2.281250,630.250
1785156857.118865967,15,4.093750,633.000
1785156857.118865967,15,5.609375,636.000
1785156857.118865967,14,7.125000,639.250
1785156857.118865967,15,8.781250,642.500
1785156857.118865967,15,10.421875,647.250
1785156857.118865967,13,12.046875,652.750
1785156857.118865967,11,13.593750,658.750
1785156857.118865967,11,16.843750,670.000
1785156857.118865967,14,18.562500,683.000
1785156857.118865967,15,47.343750,107.750
1785156857.118865967,15,49.109375,105.750
1785156857.118865967,15,160.531250,10460.500
1785156857.118865967,15,162.171875,10359.750
1785156857.118865967,11,186.750000,10432.500
1785156857.118865967,12,210.078125,2719.250
1785156857.118865967,15,218.171875,3304.750
1785156857.118865967,14,221.468750,3083.750
1785156857.118865967,15,224.765625,2888.250
1785156857.118865967,15,231.359375,2569.000
1785156857.118865967,15,232.984375,2535.500
1785156857.118865967,15,234.640625,2481.500
1785156857.118865967,15,236.281250,2440.000
1785156857.118865967,15,239.593750,2334.750
1785156857.118865967,15,241.203125,2301.750
1785156857.118865967,15,242.875000,2270.750
1785156857.118865967,15,244.500000,2242.500
1785156857.118865967,15,256.031250,2080.000
1785156857.118865967,15,257.671875,2059.000
1785156857.118865967,15,259.312500,2039.000
1785156857.118865967,15,260.953125,2023.000
1785156857.118865967,15,262.578125,2015.000
1785156857.118865967,15,264.203125,2009.250
1785156857.118865967,15,265.859375,1999.250
1785156857.118865967,15,267.500000,1994.250
1785156857.118865967,15,269.156250,1985.750
1785156857.118865967,15,270.796875,1981.750
1785156857.118865967,15,272.406250,1988.500
1785156857.118865967,15,274.031250,1994.000
1785156857.118865967,15,275.656250,2002.250
1785156857.118865967,15,277.281250,2013.250
1785156857.118865967,15,278.953125,2022.500
1785156857.118865967,15,280.546875,2028.000
1785156857.118865967,15,282.218750,2035.500
1785156857.118865967,15,283.812500,2045.000
1785156857.118865967,15,285.468750,2059.250
1785156857.118865967,15,287.078125,2074.750
1785156857.118865967,15,298.468750,2234.500
1785156857.118865967,15,300.203125,2262.500
1785156857.118865967,15,301.843750,2282.500
1785156857.118865967,14,303.500000,2319.750
1785156857.118865967,11,305.093750,2368.750
1785156857.118865967,15,306.750000,2417.250
1785156857.118865967,12,308.375000,2450.250
1785156857.118865967,15,310.015625,2484.000
1785156857.118865967,15,311.656250,2534.750
1785156857.118865967,14,313.250000,2599.000
1785156857.118865967,11,314.875000,2656.250
1785156857.118865967,15,316.531250,2713.500
1785156857.118865967,14,318.156250,2787.500
1785156857.118865967,11,319.765625,2861.500
1785156857.118865967,10,323.031250,3075.250
1785156857.118865967,13,324.656250,3152.500
1785156857.118865967,15,326.296875,3239.250
1785156857.118865967,6,327.921875,3330.000
1785156857.234681129,15,354.375000,625.250
1785156857.234681129,15,356.109375,626.750
1785156857.234681129,15,357.843750,625.750
1785156857.234681129,15,359.296875,627.000
1785156857.234681129,15,1.000000,628.500
1785156857.234681129,15,2.625000,630.250
1785156857.234681129,15,4.375000,633.500
1785156857.234681129,15,5.937500,635.750
1785156857.234681129,15,7.484375,640.000
1785156857.234681129,15,9.109375,645.000
1785156857.234681129,15,10.687500,649.000
1785156857.234681129,15,12.421875,653.750
1785156857.234681129,11,13.921875,660.000
1785156857.234681129,10,17.296875,669.250
1785156857.234681129,15,18.781250,680.000
1785156857.234681129,15,46.968750,107.000
1785156857.234681129,15,48.703125,105.000
1785156857.234681129,15,50.984375,102.250
1785156857.234681129,15,160.875000,10442.250
1785156857.234681129,15,162.531250,10313.500
1785156857.234681129,7,170.703125,10159.750
1785156857.234681129,15,220.234375,3166.750
1785156857.234681129,15,228.468750,2686.750
1785156857.234681129,15,231.765625,2551.000
1785156857.234681129,15,233.421875,2510.250
1785156857.234681129,15,235.062500,2474.250
1785156857.234681129,9,236.703125,2420.250
1785156857.234681129,15,238.359375,2367.750
1785156857.234681129,12,240.031250,2329.000
1785156857.234681129,15,241.656250,2289.500
1785156857.234681129,15,243.328125,2255.500
1785156857.234681129,9,244.937500,2230.250
1785156857.234681129,15,256.484375,2079.500
1785156857.234681129,15,258.140625,2054.000
1785156857.234681129,15,259.828125,2038.750
1785156857.234681129,15,261.453125,2028.000
1785156857.234681129,15,263.078125,2021.500
1785156857.234681129,15,264.718750,2016.000
1785156857.234681129,15,266.359375,2006.500
1785156857.234681129,15,268.015625,1990.750
1785156857.234681129,15,269.640625,1988.500
1785156857.234681129,15,271.281250,1998.000
1785156857.234681129,15,272.937500,1997.750
1785156857.234681129,15,274.546875,1998.250
1785156857.234681129,15,276.156250,2003.750
1785156857.234681129,15,277.828125,2014.250
1785156857.234681129,15,279.421875,2023.500
1785156857.234681129,15,281.078125,2027.750
1785156857.234681129,15,282.687500,2035.000
1785156857.234681129,15,284.328125,2048.500
1785156857.234681129,15,285.984375,2061.750
1785156857.234681129,8,287.593750,2083.500
1785156857.234681129,15,297.375000,2219.000
1785156857.234681129,15,299.046875,2248.250
1785156857.234681129,15,300.703125,2273.000
1785156857.234681129,10,302.328125,2294.250
1785156857.234681129,10,304.000000,2338.750
1785156857.234681129,15,305.609375,2386.250
1785156857.234681129,12,307.218750,2426.000
1785156857.234681129,8,308.890625,2463.500
1785156857.234681129,15,310.484375,2503.250
1785156857.234681129,15,312.109375,2546.250
1785156857.234681129,15,313.734375,2602.500
1785156857.234681129,13,317.015625,2750.250
1785156857.234681129,9,320.265625,2914.000
1785156857.234681129,12,321.890625,2997.750
1785156857.234681129,10,325.187500,3166.250
1785156857.234681129,13,330.078125,3519.750
1785156857.345062971,15,354.906250,626.500
1785156857.345062971,15,356.609375,626.000
1785156857.345062971,15,358.375000,625.500
1785156857.345062971,15,359.937500,627.750
1785156857.345062971,15,1.609375,630.250
1785156857.345062971,15,3.140625,633.000
1785156857.345062971,15,4.937500,636.250
1785156857.345062971,15,6.593750,637.250
1785156857.345062971,15,8.109375,640.500
1785156857.345062971,15,9.781250,646.000
1785156857.345062971,15,11.437500,650.750
1785156857.345062971,14,13.015625,655.250
1785156857.345062971,9,14.437500,661.500
1785156857.345062971,9,16.187500,669.250
1785156857.345062971,11,17.781250,676.250
1785156857.345062971,9,19.281250,685.750
1785156857.345062971,15,47.765625,106.500
1785156857.345062971,15,51.531250,101.250
1785156857.345062971,15,161.531250,10399.000
1785156857.345062971,15,212.562500,3673.750
1785156857.345062971,9,217.515625,3340.250
1785156857.345062971,14,224.125000,2897.500
1785156857.345062971,15,230.734375,2583.500
1785156857.345062971,15,234.031250,2490.250
1785156857.345062971,15,235.703125,2453.500
1785156857.345062971,15,237.359375,2401.750
1785156857.345062971,14,238.984375,2350.000
1785156857.345062971,15,240.609375,2308.250
1785156857.345062971,15,242.281250,2273.500
1785156857.345062971,14,243.937500,2247.250
1785156857.345062971,15,255.453125,2084.750
1785156857.345062971,15,257.109375,2067.000
1785156857.345062971,15,258.765625,2046.500
1785156857.345062971,15,260.375000,2028.750
1785156857.345062971,15,262.031250,2017.750
1785156857.345062971,15,263.656250,2006.750
1785156857.345062971,15,265.312500,1999.750
1785156857.345062971,15,266.953125,1994.500
1785156857.345062971,15,268.593750,1986.500
1785156857.345062971,15,270.250000,1983.500
1785156857.345062971,15,271.906250,1986.500
1785156857.345062971,15,273.515625,1989.250
1785156857.345062971,15,275.078125,1995.500
1785156857.345062971,15,276.703125,2001.750
1785156857.345062971,15,278.359375,2009.500
1785156857.345062971,15,279.984375,2021.750
1785156857.345062971,15,281.625000,2030.000
1785156857.345062971,15,283.234375,2036.750
1785156857.345062971,15,284.890625,2048.250
1785156857.345062971,12,286.500000,2063.500
1785156857.345062971,11,288.156250,2082.750
1785156857.345062971,15,297.890625,2231.750
1785156857.345062971,15,299.593750,2255.000
1785156857.345062971,15,301.234375,2277.500
1785156857.345062971,11,302.890625,2311.000
1785156857.345062971,10,304.484375,2347.500
1785156857.345062971,15,306.125000,2401.000
1785156857.345062971,12,307.750000,2441.750
1785156857.345062971,15,309.359375,2474.250
1785156857.345062971,15,311.015625,2524.500
1785156857.345062971,15,312.640625,2579.750
1785156857.345062971,13,314.296875,2634.750
1785156857.345062971,11,317.531250,2773.000
1785156857.345062971,13,322.406250,3026.750
1785156857.345062971,9,325.703125,3218.500
1785156857.345062971,15,330.593750,3569.250
1785156857.456634998,15,355.593750,626.000
1785156857.456634998,15,357.031250,626.250
1785156857.456634998,15,358.781250,626.750
1785156857.456634998,15,0.343750,629.000
1785156857.456634998,15,2.062500,631.250
1785156857.456634998,15,3.718750,633.250
1785156857.456634998,15,5.281250,636.500
1785156857.456634998,15,6.953125,640.000
1785156857.456634998,15,8.593750,643.750
1785156857.456634998,15,10.296875,647.250
1785156857.456634998,15,11.875000,652.000
1785156857.456634998,12,13.281250,657.250
1785156857.456634998,11,16.531250,667.500
1785156857.456634998,15,18.156250,679.250
1785156857.456634998,15,48.453125,106.000
1785156857.456634998,15,160.281250,10475.250
1785156857.456634998,15,161.921875,10355.500
1785156857.456634998,7,170.125000,10241.750
1785156857.456634998,15,217.890625,3326.750
1785156857.456634998,15,224.484375,2899.000
1785156857.456634998,15,231.140625,2590.750
1785156857.456634998,15,232.765625,2548.500
1785156857.456634998,15,234.437500,2490.000
1785156857.456634998,15,236.078125,2441.000
1785156857.456634998,10,237.718750,2398.250
1785156857.456634998,13,239.359375,2353.500
1785156857.456634998,15,241.015625,2312.750
1785156857.456634998,15,242.656250,2283.750
1785156857.456634998,15,244.296875,2256.750
1785156857.456634998,15,257.484375,2065.750
1785156857.456634998,15,259.156250,2051.500
1785156857.456634998,15,260.812500,2038.500
1785156857.456634998,15,262.453125,2030.250
1785156857.456634998,15,264.078125,2020.750
1785156857.456634998,15,265.703125,2009.000
1785156857.456634998,15,267.359375,1998.250
1785156857.456634998,15,269.015625,1990.000
1785156857.456634998,15,270.625000,1991.500
1785156857.456634998,15,272.265625,1994.250
1785156857.456634998,15,273.890625,1995.250
1785156857.456634998,15,275.484375,2002.250
1785156857.456634998,15,277.140625,2014.000
1785156857.456634998,15,278.765625,2028.750
1785156857.456634998,15,280.375000,2036.000
1785156857.456634998,15,282.046875,2038.000
1785156857.456634998,15,283.656250,2042.250
1785156857.456634998,15,285.328125,2053.750
1785156857.456634998,14,286.937500,2074.000
1785156857.456634998,15,298.312500,2232.000
1785156857.456634998,15,300.015625,2258.750
1785156857.456634998,15,301.671875,2285.250
1785156857.456634998,13,303.296875,2313.500
1785156857.456634998,13,304.937500,2349.500
1785156857.456634998,15,306.546875,2407.000
1785156857.456634998,11,308.218750,2448.750
1785156857.456634998,15,309.843750,2475.750
1785156857.456634998,13,311.453125,2518.500
1785156857.456634998,15,313.109375,2577.500
1785156857.456634998,12,314.703125,2634.500
1785156857.456634998,15,318.000000,2771.750
1785156857.456634998,10,322.921875,3047.250
1785156857.456634998,9,326.218750,3211.250
1785156857.456634998,15,331.093750,3591.500
1785156857.570941925,15,354.281250,628.000
1785156857.570941925,15,356.093750,626.250
1785156857.570941925,15,357.625000,626.750
1785156857.570941925,15,359.218750,628.500
1785156857.570941925,15,0.812500,630.250
1785156857.570941925,15,2.593750,632.250
1785156857.570941925,15,4.265625,634.250
1785156857.570941925,15,5.781250,636.000
1785156857.570941925,15,7.375000,640.000
1785156857.570941925,15,9.156250,644.750
1785156857.570941925,15,10.703125,649.000
1785156857.570941925,10,12.328125,653.500
1785156857.570941925,12,13.968750,658.750
1785156857.570941925,12,17.046875,670.000
1785156857.570941925,15,18.781250,683.000
1785156857.570941925,15,46.218750,107.250
1785156857.570941925,15,48.203125,105.250
1785156857.570941925,15,51.500000,102.750
1785156857.570941925,15,160.906250,10444.250
1785156857.570941925,15,162.546875,10263.500
1785156857.570941925,8,167.468750,10185.500
1785156857.570941925,8,174.031250,10172.750
1785156857.570941925,15,223.453125,2940.000
1785156857.570941925,15,230.125000,2585.250
1785156857.570941925,15,231.781250,2540.000
1785156857.570941925,15,233.437500,2486.000
1785156857.570941925,15,235.046875,2445.250
1785156857.570941925,10,236.718750,2402.750
1785156857.570941925,14,238.359375,2349.750
1785156857.570941925,15,240.000000,2301.000
1785156857.570941925,15,241.671875,2260.000
1785156857.570941925,10,243.296875,2227.500
1785156857.570941925,15,253.156250,2078.750
1785156857.570941925,15,254.812500,2054.500
1785156857.570941925,15,256.484375,2040.750
1785156857.570941925,15,258.093750,2022.000
1785156857.570941925,15,259.734375,2008.000
1785156857.570941925,15,261.390625,1997.500
1785156857.570941925,15,263.000000,1987.500
1785156857.570941925,15,264.656250,1978.500
1785156857.570941925,15,266.312500,1964.250
1785156857.570941925,15,267.968750,1952.750
1785156857.570941925,15,269.562500,1950.750
1785156857.570941925,15,271.218750,1954.750
1785156857.570941925,15,272.859375,1962.000
1785156857.570941925,15,274.500000,1971.250
1785156857.570941925,15,276.062500,1980.500
1785156857.570941925,15,277.718750,1989.250
1785156857.570941925,15,279.343750,2000.250
1785156857.570941925,15,280.968750,2007.500
1785156857.570941925,15,282.625000,2015.500
1785156857.570941925,15,284.218750,2023.500
1785156857.570941925,15,285.890625,2033.250
1785156857.570941925,15,287.484375,2055.500
1785156857.570941925,11,289.125000,2080.000
1785156857.570941925,15,300.671875,2258.750
1785156857.570941925,9,302.296875,2291.500
1785156857.570941925,9,303.953125,2335.250
1785156857.570941925,15,305.578125,2382.500
1785156857.570941925,14,307.203125,2426.000
1785156857.570941925,14,308.843750,2463.250
1785156857.570941925,13,310.468750,2501.500
1785156857.570941925,12,312.093750,2546.500
1785156857.570941925,12,313.718750,2603.500
1785156857.570941925,15,317.000000,2747.250
1785156857.570941925,15,320.281250,2910.750
1785156857.570941925,9,321.859375,2995.250
1785156857.570941925,11,325.203125,3170.250
1785156857.570941925,10,330.078125,3515.750
1785156857.682363987,15,354.984375,626.750
1785156857.682363987,15,356.671875,626.000
1785156857.682363987,15,358.203125,626.500
1785156857.682363987,15,359.843750,628.250
1785156857.682363987,15,1.500000,630.000
1785156857.682363987,15,3.203125,633.000
1785156857.682363987,15,4.765625,636.000
1785156857.682363987,15,6.468750,637.500
1785156857.682363987,14,8.015625,640.750
1785156857.682363987,15,9.578125,646.500
1785156857.682363987,15,11.312500,650.750
1785156857.682363987,15,12.875000,655.000
1785156857.682363987,11,16.015625,665.250
1785156857.682363987,14,17.656250,676.750
1785156857.682363987,15,19.312500,684.500
1785156857.682363987,15,47.718750,106.500
1785156857.682363987,14,52.031250,101.250
1785156857.682363987,15,161.484375,10392.750
1785156857.682363987,12,219.078125,3264.000
1785156857.682363987,15,222.390625,3060.000
1785156857.682363987,15,228.984375,2679.250
1785156857.682363987,15,232.296875,2538.500
1785156857.682363987,14,233.921875,2498.250
1785156857.682363987,15,235.562500,2455.750
1785156857.682363987,15,237.187500,2416.000
1785156857.682363987,15,238.859375,2373.500
1785156857.682363987,12,240.484375,2327.750
1785156857.682363987,15,242.140625,2285.500
1785156857.682363987,15,243.796875,2253.250
1785156857.682363987,7,245.421875,2228.000
1785156857.682363987,12,255.281250,2082.500
1785156857.682363987,15,256.921875,2060.000
1785156857.682363987,15,258.531250,2042.500
1785156857.682363987,15,260.171875,2030.250
1785156857.682363987,15,261.843750,2021.500
1785156857.682363987,15,263.468750,2008.000
1785156857.682363987,15,265.093750,1998.250
1785156857.682363987,15,266.765625,1994.000
1785156857.682363987,15,268.390625,1985.250
1785156857.682363987,15,270.031250,1978.750
1785156857.682363987,15,271.671875,1977.500
1785156857.682363987,15,273.265625,1980.250
1785156857.682363987,15,274.906250,1988.750
1785156857.682363987,15,276.515625,1996.750
1785156857.682363987,15,278.156250,1998.750
1785156857.682363987,15,279.781250,2001.750
1785156857.682363987,15,281.406250,2015.000
1785156857.682363987,15,283.078125,2024.250
1785156857.682363987,15,284.656250,2032.750
1785156857.682363987,15,286.296875,2042.000
1785156857.682363987,15,287.953125,2057.250
1785156857.682363987,15,299.468750,2231.000
1785156857.682363987,15,301.109375,2256.000
1785156857.682363987,9,302.703125,2281.750
1785156857.682363987,8,304.343750,2317.500
1785156857.682363987,15,305.968750,2362.500
1785156857.682363987,14,307.609375,2409.250
1785156857.682363987,14,309.250000,2443.500
1785156857.682363987,15,310.859375,2487.000
1785156857.682363987,15,312.531250,2538.750
1785156857.682363987,12,314.140625,2596.250
1785156857.682363987,15,315.765625,2663.000
1785156857.682363987,15,317.390625,2727.750
1785156857.682363987,15,320.656250,2887.250
1785156857.682363987,15,323.906250,3087.250
1785156857.682363987,15,325.515625,3159.000
1785156857.682363987,15,328.781250,3358.500
1785156857.797424078,15,355.171875,627.000
1785156857.797424078,15,356.953125,626.500
1785156857.797424078,15,358.515625,627.000
1785156857.797424078,15,0.078125,629.000
1785156857.797424078,15,1.859375,631.750
1785156857.797424078,15,3.437500,633.250
1785156857.797424078,15,5.140625,635.250
1785156857.797424078,15,6.781250,637.750
1785156857.797424078,13,8.296875,641.500
1785156857.797424078,15,10.031250,646.000
1785156857.797424078,15,11.671875,651.000
1785156857.797424078,13,13.078125,657.250
1785156857.797424078,10,14.750000,662.000
1785156857.797424078,10,16.468750,668.250
1785156857.797424078,15,18.062500,676.500
1785156857.797424078,12,19.671875,684.250
1785156857.797424078,15,48.312500,106.250
1785156857.797424078,15,161.671875,10425.250
1785156857.797424078,7,183.015625,10260.250
1785156857.797424078,15,217.703125,3319.750
1785156857.797424078,15,221.015625,3098.000
1785156857.797424078,15,224.328125,2865.750
1785156857.797424078,15,230.937500,2580.000
1785156857.797424078,15,232.578125,2540.500
1785156857.797424078,15,234.203125,2480.250
1785156857.797424078,15,235.875000,2429.000
1785156857.797424078,10,237.531250,2380.500
1785156857.797424078,14,239.140625,2338.250
1785156857.797424078,15,240.828125,2300.250
1785156857.797424078,15,242.453125,2267.250
1785156857.797424078,10,244.125000,2233.750
1785156857.797424078,15,255.562500,2076.500
1785156857.797424078,15,257.218750,2054.000
1785156857.797424078,15,258.828125,2035.750
1785156857.797424078,15,260.484375,2026.500
1785156857.797424078,15,262.109375,2016.750
1785156857.797424078,15,263.750000,2006.500
1785156857.797424078,15,265.406250,1998.750
1785156857.797424078,15,267.062500,1990.000
1785156857.797424078,15,268.671875,1975.250
1785156857.797424078,15,270.328125,1976.500
1785156857.797424078,15,271.953125,1988.000
1785156857.797424078,15,273.578125,1990.500
1785156857.797424078,15,275.203125,1997.750
1785156857.797424078,15,276.828125,2003.250
1785156857.797424078,15,278.484375,2010.750
1785156857.797424078,15,280.140625,2019.750
1785156857.797424078,15,281.734375,2025.750
1785156857.797424078,15,283.359375,2035.500
1785156857.797424078,15,284.984375,2047.500
1785156857.797424078,15,286.625000,2063.250
1785156857.797424078,9,288.250000,2086.250
1785156857.797424078,15,298.031250,2236.500
1785156857.797424078,15,299.703125,2261.500
1785156857.797424078,15,301.359375,2285.250
1785156857.797424078,11,302.984375,2314.500
1785156857.797424078,13,304.625000,2360.750
1785156857.797424078,12,306.265625,2414.500
1785156857.797424078,11,307.875000,2443.500
1785156857.797424078,14,309.531250,2476.750
1785156857.797424078,13,311.156250,2526.750
1785156857.797424078,15,312.781250,2573.500
1785156857.797424078,13,314.390625,2626.500
1785156857.797424078,9,317.671875,2780.250
1785156857.797424078,10,319.281250,2851.000
1785156857.797424078,15,320.906250,2938.750
1785156857.797424078,11,322.562500,3015.250
1785156857.797424078,8,325.812500,3200.500
1785156857.797424078,8,330.718750,3563.500
1785156857.907393932,15,355.515625,625.250
1785156857.907393932,15,357.203125,624.500
1785156857.907393932,15,358.875000,625.500
1785156857.907393932,15,0.484375,627.500
1785156857.907393932,15,2.093750,630.250
1785156857.907393932,15,3.812500,633.250
1785156857.907393932,15,5.453125,636.000
1785156857.907393932,15,6.968750,638.250
1785156857.907393932,15,8.640625,642.000
1785156857.907393932,14,10.296875,647.250
1785156857.907393932,15,11.843750,650.500
1785156857.907393932,11,13.515625,655.750
1785156857.907393932,8,16.765625,666.500
1785156857.907393932,15,18.281250,677.000
1785156857.907393932,12,19.937500,685.750
1785156857.907393932,15,47.203125,108.250
1785156857.907393932,15,48.703125,105.750
1785156857.907393932,15,160.468750,10585.000
1785156857.907393932,15,162.109375,10414.500
1785156857.907393932,9,170.312500,10242.500
1785156857.907393932,10,219.828125,3157.000
1785156857.907393932,15,226.484375,2734.250
1785156857.907393932,15,229.734375,2590.250
1785156857.907393932,15,231.421875,2539.750
1785156857.907393932,15,233.046875,2483.000
1785156857.907393932,15,234.718750,2442.750
1785156857.907393932,10,236.328125,2393.750
1785156857.907393932,13,238.000000,2344.000
1785156857.907393932,15,239.640625,2303.000
1785156857.907393932,15,241.296875,2267.750
1785156857.907393932,9,242.953125,2236.500
1785156857.907393932,15,252.812500,2081.250
1785156857.907393932,15,254.453125,2062.500
1785156857.907393932,15,256.078125,2042.500
1785156857.907393932,15,257.765625,2027.500
1785156857.907393932,15,259.375000,2012.500
1785156857.907393932,15,261.046875,1996.250
1785156857.907393932,15,262.687500,1987.750
1785156857.907393932,15,264.312500,1983.000
1785156857.907393932,15,265.921875,1964.750
1785156857.907393932,15,267.593750,1952.750
1785156857.907393932,15,269.250000,1953.750
1785156857.907393932,15,270.875000,1952.500
1785156857.907393932,15,272.484375,1956.500
1785156857.907393932,15,274.125000,1967.250
1785156857.907393932,15,275.750000,1977.500
1785156857.907393932,15,277.375000,1990.500
1785156857.907393932,15,279.015625,2001.750
1785156857.907393932,15,280.656250,2015.250
1785156857.907393932,15,282.296875,2024.000
1785156857.907393932,15,283.921875,2033.500
1785156857.907393932,15,285.562500,2049.000
1785156857.907393932,13,287.187500,2061.250
1785156857.907393932,10,288.781250,2080.000
1785156857.907393932,15,298.656250,2230.250
1785156857.907393932,15,300.250000,2260.750
1785156857.907393932,15,301.906250,2295.250
1785156857.907393932,11,303.515625,2329.250
1785156857.907393932,9,305.156250,2367.500
1785156857.907393932,15,306.781250,2415.250
1785156857.907393932,10,308.437500,2449.250
1785156857.907393932,15,310.031250,2484.500
1785156857.907393932,10,311.671875,2534.500
1785156857.907393932,12,313.296875,2598.250
1785156857.907393932,12,314.937500,2657.250
1785156857.907393932,12,316.531250,2715.000
1785156857.907393932,15,318.187500,2788.750
1785156857.907393932,9,319.796875,2863.000
1785156857.907393932,15,323.062500,3076.500
1785156857.907393932,10,324.687500,3154.000
1785156857.907393932,4,327.937500,3361.500
1785156858.019405127,15,352.031250,1020.750
1785156858.019405127,15,356.078125,625.250
1785156858.019405127,15,357.750000,624.750
1785156858.019405127,15,359.515625,627.000
1785156858.019405127,15,1.000000,629.750
1785156858.019405127,15,2.734375,631.750
1785156858.019405127,15,4.343750,633.750
1785156858.019405127,15,6.000000,636.250
1785156858.019405127,15,7.671875,640.750
1785156858.019405127,15,9.234375,644.750
1785156858.019405127,14,10.812500,648.250
1785156858.019405127,13,12.437500,653.750
1785156858.019405127,14,14.031250,659.750
1785156858.019405127,9,15.578125,666.250
1785156858.019405127,11,17.359375,672.500
1785156858.019405127,11,18.968750,679.750
1785156858.019405127,15,46.531250,107.000
1785156858.019405127,15,47.984375,105.000
1785156858.019405127,15,50.328125,102.250
1785156858.019405127,15,160.984375,10395.250
1785156858.019405127,8,170.828125,10204.500
1785156858.019405127,15,211.968750,3707.250
1785156858.019405127,12,218.578125,3258.000
1785156858.019405127,11,220.203125,3162.000
1785156858.019405127,15,228.500000,2664.500
1785156858.019405127,15,230.156250,2605.250
1785156858.019405127,15,231.796875,2549.750
1785156858.019405127,14,233.421875,2498.500
1785156858.019405127,15,235.078125,2448.250
1785156858.019405127,11,236.734375,2404.250
1785156858.019405127,14,238.375000,2359.000
1785156858.019405127,15,240.015625,2312.000
1785156858.019405127,15,241.671875,2272.750
1785156858.019405127,15,243.296875,2240.500
1785156858.019405127,15,254.859375,2073.750
1785156858.019405127,15,256.515625,2052.250
1785156858.019405127,15,258.187500,2042.500
1785156858.019405127,15,259.843750,2028.750
1785156858.019405127,15,261.437500,2017.000
1785156858.019405127,15,263.078125,2004.000
1785156858.019405127,15,264.718750,1997.000
1785156858.019405127,15,266.406250,1991.000
1785156858.019405127,15,268.015625,1982.250
1785156858.019405127,15,269.625000,1973.250
1785156858.019405127,15,271.265625,1975.750
1785156858.019405127,15,272.953125,1979.750
1785156858.019405127,15,274.578125,1984.000
1785156858.019405127,15,276.156250,1996.000
1785156858.019405127,15,277.796875,1998.250
1785156858.019405127,15,279.437500,2002.500
1785156858.019405127,15,281.078125,2017.500
1785156858.019405127,15,282.687500,2032.000
1785156858.019405127,15,284.328125,2037.000
1785156858.019405127,15,285.984375,2050.000
1785156858.019405127,15,287.625000,2071.000
1785156858.019405127,15,299.093750,2236.000
1785156858.019405127,15,300.718750,2259.250
1785156858.019405127,11,302.343750,2292.250
1785156858.019405127,12,303.953125,2325.000
1785156858.019405127,15,305.593750,2370.250
1785156858.019405127,14,307.234375,2423.000
1785156858.019405127,12,308.875000,2460.000
1785156858.019405127,11,310.515625,2500.250
1785156858.019405127,11,312.125000,2546.500
1785156858.019405127,10,313.734375,2603.500
1785156858.019405127,15,315.390625,2679.000
1785156858.019405127,12,317.015625,2744.000
1785156858.019405127,15,318.640625,2809.250
1785156858.019405127,15,325.140625,3174.250
1785156858.019405127,9,330.031250,3512.500
1785156858.133996964,15,354.953125,627.250
1785156858.133996964,15,356.562500,626.250
1785156858.133996964,15,358.156250,626.750
1785156858.133996964,15,359.859375,628.000
1785156858.133996964,15,1.421875,631.750
1785156858.133996964,15,3.062500,635.000
1785156858.133996964,15,4.718750,636.250
1785156858.133996964,15,6.296875,639.500
1785156858.133996964,14,8.078125,642.500
1785156858.133996964,15,9.765625,646.500
1785156858.133996964,13,11.343750,652.250
1785156858.133996964,14,12.921875,656.500
1785156858.133996964,12,16.156250,665.250
1785156858.133996964,15,17.593750,676.750
1785156858.133996964,15,19.390625,684.500
1785156858.133996964,15,47.625000,106.500
1785156858.133996964,15,50.125000,104.500
1785156858.133996964,15,161.515625,10412.500
1785156858.133996964,8,176.296875,10291.000
1785156858.133996964,10,220.796875,3142.000
1785156858.133996964,15,224.125000,2929.250
1785156858.133996964,15,230.734375,2582.750
1785156858.133996964,15,232.375000,2542.250
1785156858.133996964,15,234.031250,2489.000
1785156858.133996964,15,235.656250,2451.250
1785156858.133996964,8,237.328125,2401.250
1785156858.133996964,15,238.937500,2357.750
1785156858.133996964,15,240.625000,2315.000
1785156858.133996964,15,242.281250,2273.000
1785156858.133996964,14,243.875000,2250.500
1785156858.133996964,15,255.453125,2082.250
1785156858.133996964,15,257.078125,2064.000
1785156858.133996964,15,258.750000,2045.250
1785156858.133996964,15,260.390625,2027.000
1785156858.133996964,15,262.000000,2016.500
1785156858.133996964,15,263.640625,2006.000
1785156858.133996964,15,265.296875,1997.250
1785156858.133996964,15,266.921875,1987.500
1785156858.133996964,15,268.562500,1974.000
1785156858.133996964,15,270.203125,1969.500
1785156858.133996964,15,271.875000,1974.500
1785156858.133996964,15,273.500000,1982.250
1785156858.133996964,15,275.078125,1988.250
1785156858.133996964,15,276.687500,1996.250
1785156858.133996964,15,278.312500,2008.250
1785156858.133996964,15,279.968750,2019.250
1785156858.133996964,15,281.578125,2026.250
1785156858.133996964,15,283.218750,2020.750
1785156858.133996964,15,284.859375,2033.000
1785156858.133996964,15,286.468750,2060.750
1785156858.133996964,12,288.109375,2079.750
1785156858.133996964,15,299.593750,2253.500
1785156858.133996964,15,301.218750,2275.500
1785156858.133996964,10,302.875000,2309.250
1785156858.133996964,11,304.515625,2346.250
1785156858.133996964,15,306.109375,2378.500
1785156858.133996964,11,307.765625,2412.000
1785156858.133996964,15,309.406250,2466.000
1785156858.133996964,15,311.015625,2523.750
1785156858.133996964,15,312.656250,2564.000
1785156858.133996964,14,314.250000,2619.000
1785156858.133996964,8,317.531250,2771.750
1785156858.133996964,9,322.390625,3036.250
1785156858.133996964,9,325.703125,3217.500
1785156858.133996964,15,330.609375,3568.000
1785156858.244920015,15,355.578125,626.500
1785156858.244920015,15,357.218750,626.250
1785156858.244920015,15,358.859375,626.750
1785156858.244920015,15,0.328125,629.750
1785156858.244920015,15,2.171875,632.250
1785156858.244920015,15,3.718750,633.500
1785156858.244920015,15,5.359375,636.250
1785156858.244920015,15,6.906250,641.250
1785156858.244920015,15,8.625000,645.000
1785156858.244920015,15,10.156250,647.250
1785156858.244920015,15,11.921875,652.000
1785156858.244920015,11,13.312500,658.750
1785156858.244920015,11,16.640625,669.000
1785156858.244920015,15,18.156250,679.250
1785156858.244920015,15,19.781250,688.250
1785156858.244920015,15,47.828125,106.000
1785156858.244920015,15,161.984375,10350.500
1785156858.244920015,8,168.531250,10222.250
1785156858.244920015,15,217.937500,3308.750
1785156858.244920015,13,221.250000,3093.250
1785156858.244920015,13,224.531250,2881.500
1785156858.244920015,15,229.531250,2635.750
1785156858.244920015,15,231.187500,2587.250
1785156858.244920015,14,234.484375,2479.500
1785156858.244920015,15,236.109375,2438.750
1785156858.244920015,12,237.796875,2385.000
1785156858.244920015,14,239.437500,2342.250
1785156858.244920015,15,241.046875,2311.000
1785156858.244920015,15,242.718750,2280.000
1785156858.244920015,14,244.375000,2245.750
1785156858.244920015,8,245.984375,2220.750
1785156858.244920015,15,257.531250,2065.750
1785156858.244920015,15,259.171875,2050.000
1785156858.244920015,15,260.796875,2036.500
1785156858.244920015,15,262.468750,2027.750
1785156858.244920015,15,264.093750,2018.250
1785156858.244920015,15,265.734375,2008.000
1785156858.244920015,15,267.359375,1999.250
1785156858.244920015,15,269.000000,1987.250
1785156858.244920015,15,270.671875,1987.000
1785156858.244920015,15,272.296875,1993.750
1785156858.244920015,15,273.937500,1995.250
1785156858.244920015,15,275.500000,2002.000
1785156858.244920015,15,277.125000,2013.000
1785156858.244920015,15,278.765625,2027.000
1785156858.244920015,15,280.375000,2035.000
1785156858.244920015,15,282.000000,2039.000
1785156858.244920015,15,283.671875,2044.500
1785156858.244920015,15,285.281250,2055.750
1785156858.244920015,9,286.921875,2075.750
1785156858.244920015,8,288.515625,2100.500
1785156858.244920015,15,298.312500,2235.750
1785156858.244920015,15,300.015625,2260.750
1785156858.244920015,11,301.656250,2286.250
1785156858.244920015,11,303.296875,2315.750
1785156858.244920015,15,304.937500,2360.750
1785156858.244920015,11,306.578125,2415.750
1785156858.244920015,15,308.218750,2448.750
1785156858.244920015,15,309.828125,2478.250
1785156858.244920015,15,311.484375,2521.500
1785156858.244920015,15,313.093750,2578.000
1785156858.244920015,12,314.734375,2633.750
1785156858.244920015,11,317.984375,2773.000
1785156858.244920015,10,322.937500,3043.750
1785156858.244920015,9,326.171875,3210.000
1785156858.356693029,15,351.859375,1023.750
1785156858.356693029,15,355.984375,626.500
1785156858.356693029,15,357.609375,627.000
1785156858.356693029,15,359.140625,628.250
1785156858.356693029,15,0.812500,631.250
1785156858.356693029,15,2.437500,633.500
1785156858.356693029,15,4.093750,635.500
1785156858.356693029,15,5.875000,637.500
1785156858.356693029,15,7.343750,640.250
1785156858.356693029,15,9.093750,644.750
1785156858.356693029,13,10.687500,648.750
1785156858.356693029,14,12.234375,653.500
1785156858.356693029,15,13.875000,658.500
1785156858.356693029,14,17.062500,669.750
1785156858.356693029,15,18.609375,682.750
1785156858.356693029,15,46.765625,107.750
1785156858.356693029,15,48.546875,105.250
1785156858.356693029,15,51.515625,102.750
1785156858.356693029,15,160.765625,10498.000
1785156858.356693029,15,162.406250,10244.500
1785156858.356693029,15,211.765625,3689.750
1785156858.356693029,15,221.656250,3058.750
1785156858.356693029,13,224.968750,2849.000
1785156858.356693029,15,228.265625,2693.500
1785156858.356693029,11,233.218750,2487.500
1785156858.356693029,15,234.875000,2457.500
1785156858.356693029,12,236.562500,2412.000
1785156858.356693029,15,238.203125,2356.250
1785156858.356693029,13,239.828125,2315.750
1785156858.356693029,15,241.484375,2282.750
1785156858.356693029,15,243.109375,2244.250
1785156858.356693029,7,244.750000,2216.000
1785156858.356693029,15,254.609375,2075.250
1785156858.356693029,15,256.281250,2056.500
1785156858.356693029,15,257.890625,2038.500
1785156858.356693029,15,259.531250,2022.500
1785156858.356693029,15,261.156250,2017.000
1785156858.356693029,15,262.796875,2014.500
1785156858.356693029,15,264.468750,1999.500
1785156858.356693029,15,266.078125,1980.750
1785156858.356693029,15,267.750000,1968.000
1785156858.356693029,15,269.390625,1965.750
1785156858.356693029,15,270.984375,1967.750
1785156858.356693029,15,272.656250,1968.750
1785156858.356693029,15,274.250000,1976.500
1785156858.356693029,15,275.859375,1986.750
1785156858.356693029,15,277.468750,1996.000
1785156858.356693029,15,279.093750,2004.500
1785156858.356693029,15,280.750000,2012.250
1785156858.356693029,15,282.390625,2019.250
1785156858.356693029,15,284.000000,2036.000
1785156858.356693029,15,285.656250,2050.500
1785156858.356693029,15,287.234375,2059.750
1785156858.356693029,8,288.859375,2079.000
1785156858.356693029,15,298.765625,2228.750
1785156858.356693029,15,300.359375,2250.250
1785156858.356693029,15,301.984375,2271.500
1785156858.356693029,15,303.656250,2305.750
1785156858.356693029,10,305.265625,2351.000
1785156858.356693029,15,306.906250,2395.250
1785156858.356693029,14,308.515625,2437.500
1785156858.356693029,15,310.140625,2486.250
1785156858.356693029,15,311.812500,2535.250
1785156858.356693029,15,313.421875,2587.000
1785156858.356693029,13,315.062500,2643.250
1785156858.356693029,14,316.671875,2711.750
1785156858.356693029,11,318.312500,2786.000
1785156858.356693029,13,319.921875,2862.250
1785156858.356693029,11,323.203125,3066.000
1785156858.356693029,15,326.468750,3244.250
1785156858.470991850,15,352.015625,1022.250
1785156858.470991850,15,356.203125,625.000
1785156858.470991850,15,357.937500,624.750
1785156858.470991850,15,359.406250,625.250
1785156858.470991850,15,1.203125,627.750
1785156858.470991850,15,2.687500,630.000
1785156858.470991850,15,4.296875,632.500
1785156858.470991850,11,6.109375,635.250
1785156858.470991850,15,7.656250,637.250
1785156858.470991850,12,9.218750,642.000
1785156858.470991850,14,10.937500,647.750
1785156858.470991850,15,12.562500,651.500
1785156858.470991850,14,14.156250,657.750
1785156858.470991850,9,17.265625,668.250
1785156858.470991850,12,19.031250,677.750
1785156858.470991850,15,47.562500,107.000
1785156858.470991850,15,50.296875,102.000
1785156858.470991850,15,160.953125,10493.250
1785156858.470991850,15,162.593750,10357.250
1785156858.470991850,8,172.421875,10218.500
1785156858.470991850,15,212.046875,3688.250
1785156858.470991850,11,220.281250,3089.000
1785156858.470991850,12,223.593750,2906.500
1785156858.470991850,15,226.906250,2709.250
1785156858.470991850,15,230.218750,2572.250
1785156858.470991850,15,231.859375,2545.500
1785156858.470991850,15,233.500000,2494.250
1785156858.470991850,15,235.140625,2446.000
1785156858.470991850,10,236.828125,2394.250
1785156858.470991850,11,238.484375,2339.750
1785156858.470991850,15,240.093750,2302.500
1785156858.470991850,15,241.765625,2276.500
1785156858.470991850,15,243.390625,2246.750
1785156858.470991850,12,254.890625,2089.500
1785156858.470991850,15,256.515625,2069.250
1785156858.470991850,15,258.171875,2044.500
1785156858.470991850,15,259.781250,2029.250
1785156858.470991850,15,261.453125,2017.000
1785156858.470991850,15,263.078125,2004.250
1785156858.470991850,15,264.765625,1993.000
1785156858.470991850,15,266.359375,1986.500
1785156858.470991850,15,268.031250,1976.750
1785156858.470991850,15,269.656250,1967.750
1785156858.470991850,15,271.281250,1966.750
1785156858.470991850,15,272.906250,1967.000
1785156858.470991850,15,274.578125,1972.000
1785156858.470991850,15,276.218750,1981.500
1785156858.470991850,15,277.796875,1992.250
1785156858.470991850,15,279.437500,2000.750
1785156858.470991850,15,281.078125,2013.000
1785156858.470991850,15,282.734375,2020.500
1785156858.470991850,15,284.359375,2026.500
1785156858.470991850,15,285.968750,2047.500
1785156858.470991850,15,287.640625,2068.250
1785156858.470991850,15,299.140625,2254.750
1785156858.470991850,15,300.796875,2288.500
1785156858.470991850,12,302.421875,2319.750
1785156858.470991850,10,304.062500,2353.000
1785156858.470991850,15,305.687500,2405.000
1785156858.470991850,14,307.296875,2440.000
1785156858.470991850,15,308.968750,2463.000
1785156858.470991850,14,310.562500,2504.250
1785156858.470991850,15,312.218750,2559.000
1785156858.470991850,15,313.843750,2627.000
1785156858.470991850,15,315.484375,2695.250
1785156858.470991850,11,317.125000,2745.500
1785156858.470991850,12,320.390625,2900.250
1785156858.470991850,15,325.296875,3178.750
1785156858.582160950,15,356.781250,625.250
1785156858.582160950,15,358.312500,627.000
1785156858.582160950,15,0.015625,629.000
1785156858.582160950,15,1.562500,632.000
1785156858.582160950,15,3.359375,634.500
1785156858.582160950,15,4.906250,636.000
1785156858.582160950,15,6.453125,637.250
1785156858.582160950,15,8.109375,639.750
1785156858.582160950,15,9.843750,644.750
1785156858.582160950,15,11.484375,650.000
1785156858.582160950,13,13.046875,653.500
1785156858.582160950,11,14.546875,658.250
1785156858.582160950,8,16.265625,665.250
1785156858.582160950,12,17.875000,674.000
1785156858.582160950,15,19.390625,683.250
1785156858.582160950,15,48.484375,106.250
1785156858.582160950,15,161.734375,10564.750
1785156858.582160950,8,179.765625,10360.000
1785156858.582160950,15,184.687500,10370.250
1785156858.582160950,8,226.015625,2697.750
1785156858.582160950,5,229.281250,2554.500
1785156858.582160950,15,230.953125,2508.750
1785156858.582160950,10,232.609375,2448.500
1785156858.582160950,9,234.203125,2403.250
1785156858.582160950,12,257.296875,1997.500
1785156858.582160950,11,258.921875,1983.500
1785156858.582160950,15,260.546875,1976.000
1785156858.582160950,15,262.218750,1970.750
1785156858.582160950,14,263.843750,1961.000
1785156858.582160950,12,265.468750,1950.000
1785156858.582160950,14,267.140625,1940.250
1785156858.582160950,11,268.765625,1934.500
1785156858.582160950,14,270.390625,1935.250
1785156858.582160950,15,272.015625,1935.750
1785156858.582160950,15,273.656250,1936.250
1785156858.582160950,15,275.296875,1941.250
1785156858.582160950,15,276.937500,1948.750
1785156858.582160950,15,278.546875,1964.250
1785156858.582160950,15,280.171875,1984.000
1785156858.582160950,15,281.781250,1995.500
1785156858.582160950,15,283.406250,2004.500
1785156858.582160950,15,285.062500,2015.000
1785156858.582160950,15,286.671875,2028.250
1785156858.582160950,15,288.312500,2046.250
1785156858.582160950,8,289.921875,2072.750
1785156858.582160950,15,299.812500,2257.500
1785156858.582160950,15,301.453125,2281.250
1785156858.582160950,11,303.062500,2311.250
1785156858.582160950,11,304.687500,2350.500
1785156858.582160950,15,306.312500,2403.500
1785156858.582160950,13,307.968750,2442.000
1785156858.582160950,15,309.593750,2473.250
1785156858.582160950,14,311.218750,2518.500
1785156858.582160950,15,312.859375,2569.500
1785156858.582160950,13,314.468750,2627.500
1785156858.582160950,9,317.750000,2779.250
1785156858.582160950,13,319.359375,2850.500
1785156858.582160950,8,322.578125,3033.250
1785156858.582160950,15,325.828125,3216.250
1785156858.582160950,5,327.468750,3298.500
1785156858.582160950,8,330.718750,3559.750
1785156858.693837166,15,355.562500,624.250
1785156858.693837166,15,357.203125,624.500
1785156858.693837166,15,358.968750,625.500
1785156858.693837166,15,0.593750,626.500
1785156858.693837166,15,2.296875,627.000
1785156858.693837166,15,3.734375,629.250
1785156858.693837166,15,5.421875,633.500
1785156858.693837166,15,7.046875,637.500
1785156858.693837166,15,8.718750,639.500
1785156858.693837166,13,10.421875,642.000
1785156858.693837166,15,11.921875,647.250
1785156858.693837166,13,13.609375,652.000
1785156858.693837166,15,15.046875,656.000
1785156858.693837166,14,18.390625,666.750
1785156858.693837166,10,20.015625,678.000
1785156858.693837166,15,47.250000,106.000
1785156858.693837166,15,161.750000,10464.500
1785156858.693837166,9,179.734375,10354.000
1785156858.693837166,12,186.265625,10323.000
1785156858.693837166,15,224.203125,2846.250
1785156858.693837166,12,227.500000,2678.500
1785156858.693837166,6,229.125000,2612.500
1785156858.693837166,12,230.781250,2559.750
1785156858.693837166,15,232.453125,2502.750
1785156858.693837166,10,234.062500,2448.500
1785156858.693837166,11,235.687500,2409.250
1785156858.693837166,2,237.359375,2369.000
1785156858.693837166,7,238.984375,2327.250
1785156858.693837166,15,240.625000,2296.000
1785156858.693837166,11,242.281250,2270.250
1785156858.693837166,15,253.765625,2081.000
1785156858.693837166,15,255.421875,2062.750
1785156858.693837166,15,257.015625,2043.250
1785156858.693837166,15,258.671875,2032.250
1785156858.693837166,15,260.328125,2026.500
1785156858.693837166,15,261.937500,2018.500
1785156858.693837166,15,263.578125,2006.750
1785156858.693837166,15,265.218750,1998.250
1785156858.693837166,15,266.890625,1990.000
1785156858.693837166,15,268.515625,1986.750
1785156858.693837166,15,270.140625,1990.250
1785156858.693837166,15,271.750000,1993.750
1785156858.693837166,15,273.375000,1994.750
1785156858.693837166,15,275.031250,1999.000
1785156858.693837166,15,276.671875,2007.000
1785156858.693837166,15,278.281250,2021.500
1785156858.693837166,15,279.906250,2042.000
1785156858.693837166,15,281.562500,2057.500
1785156858.693837166,15,283.187500,2069.750
1785156858.693837166,14,284.843750,2077.500
1785156858.693837166,8,286.421875,2091.750
1785156858.693837166,15,297.859375,2241.250
1785156858.693837166,15,299.546875,2267.750
1785156858.693837166,11,301.171875,2290.250
1785156858.693837166,12,302.843750,2312.500
1785156858.693837166,15,304.453125,2364.000
1785156858.693837166,14,306.093750,2415.000
1785156858.693837166,11,307.703125,2449.750
1785156858.693837166,15,309.359375,2497.500
1785156858.693837166,11,310.968750,2549.500
1785156858.693837166,15,312.578125,2595.000
1785156858.693837166,8,314.250000,2653.500
1785156858.693837166,11,315.828125,2719.000
1785156858.693837166,15,317.468750,2794.250
1785156858.693837166,9,319.125000,2863.500
1785156858.693837166,8,322.343750,3046.250
1785156858.693837166,15,323.968750,3135.250
1785156858.693837166,15,325.609375,3215.500
1785156858.693837166,15,330.468750,3567.250
1785156858.693837166,15,351.234375,1021.000
1785156858.805011988,15,355.343750,617.000
1785156858.805011988,15,357.093750,616.500
1785156858.805011988,15,358.640625,616.750
1785156858.805011988,15,0.328125,618.000
1785156858.805011988,15,1.953125,619.000
1785156858.805011988,15,3.500000,620.500
1785156858.805011988,15,5.281250,623.250
1785156858.805011988,15,6.859375,627.750
1785156858.805011988,15,8.500000,631.500
1785156858.805011988,15,10.109375,635.750
1785156858.805011988,12,11.843750,641.750
1785156858.805011988,13,13.296875,645.750
1785156858.805011988,15,14.859375,651.250
1785156858.805011988,11,16.609375,658.250
1785156858.805011988,15,18.109375,663.750
1785156858.805011988,15,47.156250,106.000
1785156858.805011988,15,161.765625,10515.250
1785156858.805011988,10,179.828125,10361.500
1785156858.805011988,15,219.281250,3325.750
1785156858.805011988,15,222.625000,3088.000
1785156858.805011988,15,227.578125,2804.250
1785156858.805011988,15,229.234375,2732.250
1785156858.805011988,15,232.515625,2567.500
1785156858.805011988,15,234.171875,2530.000
1785156858.805011988,15,235.812500,2490.000
1785156858.805011988,15,237.468750,2444.250
1785156858.805011988,12,239.125000,2398.750
1785156858.805011988,12,240.781250,2346.750
1785156858.805011988,15,242.390625,2307.500
1785156858.805011988,15,244.031250,2273.500
1785156858.805011988,15,245.687500,2246.500
1785156858.805011988,10,247.312500,2224.750
1785156858.805011988,13,258.875000,2081.750
1785156858.805011988,15,260.531250,2063.250
1785156858.805011988,15,262.156250,2051.750
1785156858.805011988,15,263.859375,2041.500
1785156858.805011988,15,265.484375,2031.750
1785156858.805011988,15,267.093750,2027.000
1785156858.805011988,15,268.765625,2020.750
1785156858.805011988,15,270.390625,2022.250
1785156858.805011988,15,272.046875,2024.250
1785156858.805011988,15,273.640625,2023.500
1785156858.805011988,15,275.281250,2033.500
1785156858.805011988,15,276.906250,2049.500
1785156858.805011988,15,278.515625,2061.750
1785156858.805011988,15,280.140625,2072.750
1785156858.805011988,12,281.812500,2082.500
1785156858.805011988,9,283.437500,2092.750
1785156858.805011988,15,296.484375,2241.500
1785156858.805011988,15,298.093750,2260.250
1785156858.805011988,15,299.812500,2284.500
1785156858.805011988,14,301.390625,2305.250
1785156858.805011988,13,303.062500,2333.750
1785156858.805011988,15,304.671875,2374.250
1785156858.805011988,11,306.296875,2414.250
1785156858.805011988,14,307.937500,2443.500
1785156858.805011988,15,309.578125,2476.250
1785156858.805011988,15,311.218750,2521.250
1785156858.805011988,12,312.859375,2568.500
1785156858.805011988,13,314.468750,2625.250
1785156858.805011988,10,317.718750,2762.250
1785156858.805011988,15,320.968750,2937.000
1785156858.805011988,12,322.656250,3011.250
1785156858.805011988,8,325.937500,3198.750
1785156858.805011988,15,330.812500,3560.000
1785156858.920139074,15,354.250000,613.000
1785156858.920139074,15,355.906250,611.500
1785156858.920139074,15,357.421875,611.250
1785156858.920139074,15,359.281250,612.000
1785156858.920139074,15,0.781250,613.500
1785156858.920139074,15,2.359375,614.750
1785156858.920139074,15,3.968750,617.000
1785156858.920139074,15,5.625000,619.750
1785156858.920139074,15,7.453125,622.500
1785156858.920139074,15,8.921875,625.000
1785156858.920139074,13,10.515625,629.250
1785156858.920139074,12,13.671875,637.250
1785156858.920139074,15,15.359375,645.500
1785156858.920139074,14,16.890625,652.750
1785156858.920139074,15,45.781250,108.000
1785156858.920139074,15,48.468750,105.500
1785156858.920139074,15,162.296875,10386.500
1785156858.920139074,15,213.343750,3629.000
1785156858.920139074,14,221.593750,3079.750
1785156858.920139074,15,224.875000,2862.250
1785156858.920139074,9,228.187500,2703.500
1785156858.920139074,15,229.859375,2624.250
1785156858.920139074,15,231.515625,2558.000
1785156858.920139074,11,233.171875,2503.250
1785156858.920139074,15,234.796875,2450.000
1785156858.920139074,15,236.453125,2409.750
1785156858.920139074,13,238.109375,2360.250
1785156858.920139074,15,239.734375,2313.500
1785156858.920139074,15,241.375000,2287.250
1785156858.920139074,15,243.046875,2251.250
1785156858.920139074,15,254.531250,2087.000
1785156858.920139074,15,256.203125,2063.250
1785156858.920139074,15,257.812500,2044.750
1785156858.920139074,15,259.500000,2027.000
1785156858.920139074,15,261.109375,2017.500
1785156858.920139074,15,262.750000,2006.500
1785156858.920139074,15,264.375000,1993.250
1785156858.920139074,15,266.015625,1987.250
1785156858.920139074,15,267.671875,1974.250
1785156858.920139074,15,269.281250,1965.500
1785156858.920139074,15,270.968750,1967.000
1785156858.920139074,15,272.562500,1974.750
1785156858.920139074,15,274.203125,1978.500
1785156858.920139074,15,275.765625,1982.250
1785156858.920139074,15,277.390625,1995.500
1785156858.920139074,15,279.031250,2003.250
1785156858.920139074,15,280.656250,2015.500
1785156858.920139074,15,282.312500,2025.000
1785156858.920139074,15,283.953125,2033.750
1785156858.920139074,15,285.546875,2048.000
1785156858.920139074,13,287.171875,2061.250
1785156858.920139074,14,288.812500,2080.500
1785156858.920139074,13,296.937500,2223.500
1785156858.920139074,15,298.671875,2241.000
1785156858.920139074,15,300.296875,2263.250
1785156858.920139074,14,301.937500,2299.500
1785156858.920139074,14,303.562500,2340.500
1785156858.920139074,15,305.171875,2390.500
1785156858.920139074,14,306.812500,2430.250
1785156858.920139074,15,308.453125,2464.500
1785156858.920139074,15,310.093750,2513.000
1785156858.920139074,15,311.718750,2564.750
1785156858.920139074,12,313.312500,2622.750
1785156858.920139074,15,314.984375,2689.750
1785156858.920139074,11,316.609375,2757.000
1785156858.920139074,12,318.203125,2832.750
1785156858.920139074,15,319.859375,2922.750
1785156858.920139074,10,321.437500,3004.250
1785156858.920139074,13,324.828125,3207.500
1785156858.920139074,11,329.718750,3528.500
1785156859.032016993,15,354.796875,612.750
1785156859.032016993,15,356.343750,612.000
1785156859.032016993,15,357.953125,611.750
1785156859.032016993,15,359.671875,613.250
1785156859.032016993,15,1.281250,614.750
1785156859.032016993,15,2.984375,615.250
1785156859.032016993,15,4.468750,616.750
1785156859.032016993,15,6.171875,620.250
1785156859.032016993,15,7.687500,625.000
1785156859.032016993,15,9.328125,628.250
1785156859.032016993,10,10.937500,632.000
1785156859.032016993,10,12.671875,637.000
1785156859.032016993,15,14.234375,643.000
1785156859.032016993,15,15.890625,649.250
1785156859.032016993,15,17.343750,655.000
1785156859.032016993,15,19.000000,662.250
1785156859.032016993,15,46.375000,107.000
1785156859.032016993,15,49.671875,105.000
1785156859.032016993,15,51.203125,102.000
1785156859.032016993,15,162.718750,10349.250
1785156859.032016993,9,175.828125,10221.750
1785156859.032016993,15,218.718750,3336.500
1785156859.032016993,15,225.328125,2907.000
1785156859.032016993,15,231.968750,2591.750
1785156859.032016993,15,233.609375,2558.250
1785156859.032016993,15,235.265625,2506.500
1785156859.032016993,15,236.890625,2460.250
1785156859.032016993,15,238.578125,2415.500
1785156859.032016993,13,240.234375,2366.250
1785156859.032016993,12,241.859375,2322.000
1785156859.032016993,15,243.515625,2290.000
1785156859.032016993,15,245.156250,2257.250
1785156859.032016993,12,246.796875,2228.250
1785156859.032016993,15,258.328125,2066.000
1785156859.032016993,15,259.953125,2051.500
1785156859.032016993,15,261.609375,2035.500
1785156859.032016993,15,263.250000,2022.250
1785156859.032016993,15,264.875000,2012.000
1785156859.032016993,15,266.515625,2007.000
1785156859.032016993,15,268.156250,2000.000
1785156859.032016993,15,269.796875,1994.750
1785156859.032016993,15,271.437500,1994.250
1785156859.032016993,15,273.078125,1994.750
1785156859.032016993,15,274.703125,1996.000
1785156859.032016993,15,276.265625,1999.750
1785156859.032016993,15,277.906250,2009.500
1785156859.032016993,15,279.546875,2019.000
1785156859.032016993,15,281.140625,2022.000
1785156859.032016993,15,282.796875,2031.000
1785156859.032016993,15,284.437500,2038.250
1785156859.032016993,15,286.031250,2049.500
1785156859.032016993,12,287.671875,2070.250
1785156859.032016993,8,289.328125,2090.250
1785156859.032016993,15,299.140625,2243.250
1785156859.032016993,15,300.765625,2259.500
1785156859.032016993,15,302.406250,2286.250
1785156859.032016993,11,304.062500,2318.000
1785156859.032016993,10,305.703125,2352.750
1785156859.032016993,15,307.328125,2406.500
1785156859.032016993,14,308.937500,2451.000
1785156859.032016993,14,310.562500,2493.250
1785156859.032016993,12,312.187500,2539.750
1785156859.032016993,10,315.437500,2660.500
1785156859.032016993,15,317.062500,2723.000
1785156859.032016993,15,318.687500,2799.250
1785156859.032016993,9,320.343750,2872.250
1785156859.032016993,12,325.281250,3174.000
1785156859.146222115,15,355.187500,615.500
1785156859.146222115,15,356.609375,614.750
1785156859.146222115,15,358.453125,614.500
1785156859.146222115,15,359.921875,615.500
1785156859.146222115,15,1.640625,617.000
1785156859.146222115,15,3.281250,618.500
1785156859.146222115,15,4.828125,619.250
1785156859.146222115,15,6.562500,621.500
1785156859.146222115,12,8.250000,626.500
1785156859.146222115,15,9.687500,631.500
1785156859.146222115,15,11.296875,635.250
1785156859.146222115,15,12.890625,640.000
1785156859.146222115,15,14.640625,646.750
1785156859.146222115,13,16.234375,651.500
1785156859.146222115,10,17.750000,657.000
1785156859.146222115,12,19.406250,666.500
1785156859.146222115,15,46.765625,106.500
1785156859.146222115,15,161.515625,10484.500
1785156859.146222115,15,163.171875,10365.250
1785156859.146222115,11,220.734375,3096.500
1785156859.146222115,15,224.046875,2887.250
1785156859.146222115,15,225.718750,2829.500
1785156859.146222115,15,229.078125,2625.250
1785156859.146222115,15,230.718750,2573.750
1785156859.146222115,14,234.031250,2452.000
1785156859.146222115,15,235.687500,2412.750
1785156859.146222115,12,237.312500,2371.000
1785156859.146222115,12,238.953125,2328.500
1785156859.146222115,15,240.625000,2295.500
1785156859.146222115,15,242.296875,2267.250
1785156859.146222115,8,243.921875,2235.500
1785156859.146222115,14,253.750000,2073.000
1785156859.146222115,15,255.390625,2053.750
1785156859.146222115,15,257.046875,2042.500
1785156859.146222115,15,258.687500,2023.250
1785156859.146222115,15,260.328125,2005.750
1785156859.146222115,15,261.984375,1992.500
1785156859.146222115,15,263.593750,1983.500
1785156859.146222115,15,265.218750,1971.000
1785156859.146222115,15,266.890625,1952.750
1785156859.146222115,15,268.562500,1942.750
1785156859.146222115,15,270.187500,1939.750
1785156859.146222115,15,271.781250,1939.500
1785156859.146222115,15,273.468750,1943.750
1785156859.146222115,15,275.000000,1946.250
1785156859.146222115,15,276.671875,1948.500
1785156859.146222115,15,278.281250,1955.500
1785156859.146222115,15,279.921875,1967.750
1785156859.146222115,15,281.546875,1981.750
1785156859.146222115,15,283.171875,1990.000
1785156859.146222115,15,284.781250,1997.000
1785156859.146222115,15,286.421875,2005.000
1785156859.146222115,15,288.046875,2018.250
1785156859.146222115,15,289.671875,2032.500
1785156859.146222115,15,291.281250,2050.500
1785156859.146222115,11,292.937500,2079.250
1785156859.146222115,15,302.781250,2237.750
1785156859.146222115,15,304.421875,2268.000
1785156859.146222115,12,306.062500,2306.250
1785156859.146222115,11,307.718750,2346.250
1785156859.146222115,15,309.328125,2397.750
1785156859.146222115,13,310.937500,2440.250
1785156859.146222115,15,312.578125,2479.250
1785156859.146222115,12,314.234375,2541.750
1785156859.146222115,13,315.828125,2608.750
1785156859.146222115,15,317.453125,2680.750
1785156859.146222115,15,319.093750,2755.750
1785156859.146222115,10,323.984375,3039.250
1785156859.146222115,15,327.234375,3218.000
1785156859.257069111,15,355.437500,613.250
1785156859.257069111,15,357.109375,612.500
1785156859.257069111,15,358.765625,612.500
1785156859.257069111,15,0.187500,614.000
1785156859.257069111,15,2.015625,616.250
1785156859.257069111,15,3.656250,616.750
1785156859.257069111,15,5.203125,618.500
1785156859.257069111,15,6.796875,622.000
1785156859.257069111,15,8.437500,625.000
1785156859.257069111,15,9.937500,629.250
1785156859.257069111,10,11.546875,635.000
1785156859.257069111,15,13.281250,640.500
1785156859.257069111,14,14.750000,645.750
1785156859.257069111,11,16.500000,651.500
1785156859.257069111,11,17.984375,658.000
1785156859.257069111,10,19.687500,665.750
1785156859.257069111,15,47.343750,106.250
1785156859.257069111,14,52.406250,101.250
1785156859.257069111,15,161.515625,10496.750
1785156859.257069111,15,163.156250,10366.250
1785156859.257069111,8,179.515625,10228.250
1785156859.257069111,15,206.078125,3033.500
1785156859.257069111,15,212.546875,3625.000
1785156859.257069111,14,214.187500,3530.750
1785156859.257069111,10,224.109375,2816.500
1785156859.257069111,15,225.781250,2740.500
1785156859.257069111,14,227.390625,2659.250
1785156859.257069111,13,229.046875,2599.500
1785156859.257069111,15,230.687500,2541.750
1785156859.257069111,8,232.343750,2484.500
1785156859.257069111,10,233.953125,2429.000
1785156859.257069111,10,253.703125,2005.250
1785156859.257069111,10,255.343750,1986.500
1785156859.257069111,8,287.968750,1977.250
1785156859.257069111,15,289.640625,1976.750
1785156859.257069111,13,291.218750,1988.750
1785156859.257069111,1,309.234375,2316.750
1785156859.257069111,15,310.859375,2374.500
1785156859.257069111,15,312.500000,2425.500
1785156859.257069111,15,314.140625,2474.500
1785156859.257069111,10,315.750000,2524.750
1785156859.257069111,11,320.625000,2753.250
1785156859.257069111,8,325.484375,3056.250
1785156859.257069111,13,327.125000,3137.750
1785156859.257069111,10,331.968750,3526.000
1785156859.368324041,15,355.203125,610.750
1785156859.368324041,15,356.750000,611.750
1785156859.368324041,15,358.453125,613.000
1785156859.368324041,15,0.218750,614.000
1785156859.368324041,15,1.687500,614.750
1785156859.368324041,15,3.468750,616.500
1785156859.368324041,15,4.984375,618.750
1785156859.368324041,15,6.718750,621.000
1785156859.368324041,15,8.250000,623.500
1785156859.368324041,14,9.906250,627.250
1785156859.368324041,15,11.375000,633.250
1785156859.368324041,15,12.968750,638.750
1785156859.368324041,14,14.562500,643.750
1785156859.368324041,13,16.234375,649.500
1785156859.368324041,13,17.906250,656.750
1785156859.368324041,9,19.359375,666.000
1785156859.368324041,15,47.046875,106.500
1785156859.368324041,15,160.984375,10560.250
1785156859.368324041,15,162.625000,10425.750
1785156859.368324041,10,170.781250,10217.750
1785156859.368324041,8,175.671875,10106.000
1785156859.368324041,15,205.453125,3100.000
1785156859.368324041,13,226.750000,2664.000
1785156859.368324041,10,228.390625,2600.250
1785156859.368324041,9,231.703125,2481.750
1785156859.368324041,15,233.328125,2435.750
1785156859.368324041,9,238.265625,2280.000
1785156859.368324041,15,257.937500,2026.000
1785156859.368324041,15,259.546875,2021.000
1785156859.368324041,15,261.171875,2008.750
1785156859.368324041,15,262.828125,1998.250
1785156859.368324041,15,264.484375,1992.750
1785156859.368324041,15,266.093750,1986.500
1785156859.368324041,15,267.734375,1973.500
1785156859.368324041,15,269.375000,1976.000
1785156859.368324041,15,270.968750,1985.000
1785156859.368324041,15,272.640625,1985.250
1785156859.368324041,15,274.234375,1992.000
1785156859.368324041,15,275.859375,2007.250
1785156859.368324041,15,277.515625,2011.250
1785156859.368324041,15,279.156250,2007.750
1785156859.368324041,15,280.796875,2014.250
1785156859.368324041,15,282.390625,2020.250
1785156859.368324041,15,284.031250,2035.250
1785156859.368324041,15,285.625000,2051.000
1785156859.368324041,15,287.281250,2063.000
1785156859.368324041,15,298.718750,2231.000
1785156859.368324041,15,300.343750,2261.250
1785156859.368324041,15,301.984375,2296.000
1785156859.368324041,10,303.625000,2325.500
1785156859.368324041,12,305.250000,2352.250
1785156859.368324041,11,306.875000,2402.750
1785156859.368324041,10,308.515625,2448.750
1785156859.368324041,15,310.140625,2487.750
1785156859.368324041,15,311.734375,2542.000
1785156859.368324041,14,313.359375,2609.000
1785156859.368324041,11,314.984375,2667.250
1785156859.368324041,15,316.609375,2722.750
1785156859.368324041,11,319.859375,2886.750
1785156859.368324041,15,323.109375,3083.000
1785156859.368324041,14,324.765625,3159.000
1785156859.368324041,5,328.000000,3355.000
1785156859.368324041,15,351.296875,605.000
1785156859.483530045,15,352.875000,602.250
1785156859.483530045,15,354.468750,601.250
1785156859.483530045,15,356.156250,601.500
1785156859.483530045,15,357.765625,602.000
1785156859.483530045,15,359.375000,603.750
1785156859.483530045,15,1.203125,606.500
1785156859.483530045,15,2.718750,608.250
1785156859.483530045,15,4.437500,608.500
1785156859.483530045,15,5.953125,611.500
1785156859.483530045,15,7.500000,615.000
1785156859.483530045,15,9.218750,618.000
1785156859.483530045,15,10.875000,622.500
1785156859.483530045,11,12.375000,627.250
1785156859.483530045,15,14.140625,633.750
1785156859.483530045,15,15.765625,640.750
1785156859.483530045,15,46.468750,107.500
1785156859.483530045,15,48.921875,105.750
1785156859.483530045,15,160.421875,10482.250
1785156859.483530045,15,162.046875,10345.000
1785156859.483530045,8,171.843750,10250.250
1785156859.483530045,8,186.640625,8651.250
1785156859.483530045,15,209.812500,2818.500
1785156859.483530045,7,217.875000,3388.000
1785156859.483530045,15,221.156250,3160.500
1785156859.483530045,15,229.468750,2660.750
1785156859.483530045,15,231.125000,2610.750
1785156859.483530045,15,232.765625,2552.750
1785156859.483530045,10,234.421875,2494.500
1785156859.483530045,15,236.046875,2440.500
1785156859.483530045,13,237.687500,2397.000
1785156859.483530045,10,239.343750,2351.000
1785156859.483530045,15,241.015625,2304.000
1785156859.483530045,15,242.656250,2268.750
1785156859.483530045,10,244.281250,2235.000
1785156859.483530045,15,255.750000,2045.000
1785156859.483530045,15,257.421875,2028.000
1785156859.483530045,15,259.046875,2013.000
1785156859.483530045,15,260.671875,1999.500
1785156859.483530045,15,262.312500,1988.250
1785156859.483530045,15,263.937500,1982.000
1785156859.483530045,10,265.625000,1980.000
1785156859.483530045,15,267.218750,1974.750
1785156859.483530045,10,268.843750,1979.500
1785156859.483530045,15,270.484375,1984.500
1785156859.483530045,15,272.125000,1981.750
1785156859.483530045,15,273.750000,1990.500
1785156859.483530045,15,275.406250,2005.250
1785156859.483530045,15,277.046875,2009.500
1785156859.483530045,15,278.703125,2011.250
1785156859.483530045,15,308.046875,2428.750
1785156859.483530045,10,309.687500,2465.000
1785156859.483530045,11,311.296875,2510.500
1785156859.483530045,15,312.937500,2567.750
1785156859.483530045,14,314.546875,2624.250
1785156859.483530045,13,316.171875,2696.750
1785156859.483530045,9,317.812500,2774.250
1785156859.483530045,8,319.406250,2849.750
1785156859.483530045,12,322.687500,3017.250
1785156859.483530045,11,325.968750,3194.250
1785156859.483530045,5,329.203125,3383.000
1785156859.483530045,15,346.093750,591.250
1785156859.483530045,15,347.687500,587.500
1785156859.483530045,15,349.281250,585.500
1785156859.483530045,15,350.968750,586.250
1785156859.594457150,15,352.718750,586.250
1785156859.594457150,15,354.218750,584.500
1785156859.594457150,15,355.937500,584.000
1785156859.594457150,15,357.500000,585.000
1785156859.594457150,15,359.187500,587.250
1785156859.594457150,15,0.968750,588.000
1785156859.594457150,15,2.421875,589.250
1785156859.594457150,15,4.046875,592.500
1785156859.594457150,15,5.718750,595.000
1785156859.594457150,15,7.312500,599.500
1785156859.594457150,15,9.031250,604.500
1785156859.594457150,15,10.609375,608.500
1785156859.594457150,15,12.187500,613.250
1785156859.594457150,15,46.875000,107.250
1785156859.594457150,15,48.421875,105.250
1785156859.594457150,15,51.187500,102.500
1785156859.594457150,15,160.593750,10487.750
1785156859.594457150,15,162.234375,10370.750
1785156859.594457150,7,172.093750,10334.250
1785156859.594457150,7,175.390625,10283.250
1785156859.594457150,15,218.203125,3476.250
1785156859.594457150,15,224.828125,3043.250
1785156859.594457150,15,228.125000,2865.250
1785156859.594457150,15,231.437500,2714.000
1785156859.594457150,12,233.078125,2663.750
1785156859.594457150,15,234.734375,2615.500
1785156859.594457150,12,236.343750,2562.750
1785156859.594457150,15,238.015625,2513.500
1785156859.594457150,15,239.671875,2470.250
1785156859.594457150,15,241.281250,2421.750
1785156859.594457150,13,242.968750,2381.000
1785156859.594457150,9,244.593750,2346.250
1785156859.594457150,15,246.234375,2305.750
1785156859.594457150,15,247.906250,2275.500
1785156859.594457150,15,249.515625,2254.750
1785156859.594457150,9,251.234375,2229.750
1785156859.594457150,15,264.421875,2060.750
1785156859.594457150,15,266.093750,2047.500
1785156859.594457150,15,267.718750,2040.750
1785156859.594457150,15,269.359375,2035.750
1785156859.594457150,15,271.031250,2037.500
1785156859.594457150,15,272.656250,2039.250
1785156859.594457150,15,274.312500,2046.000
1785156859.594457150,15,275.890625,2058.500
1785156859.594457150,15,277.546875,2067.250
1785156859.594457150,15,279.156250,2073.500
1785156859.594457150,13,280.828125,2084.500
1785156859.594457150,15,295.515625,2250.500
1785156859.594457150,15,297.140625,2266.750
1785156859.594457150,15,298.859375,2292.500
1785156859.594457150,12,300.468750,2326.000
1785156859.594457150,7,302.109375,2364.500
1785156859.594457150,14,303.765625,2409.250
1785156859.594457150,15,305.390625,2440.500
1785156859.594457150,15,307.031250,2471.750
1785156859.594457150,15,308.640625,2512.500
1785156859.594457150,11,310.281250,2554.750
1785156859.594457150,15,311.921875,2600.000
1785156859.594457150,15,313.546875,2657.500
1785156859.594457150,14,315.187500,2725.000
1785156859.594457150,15,316.812500,2792.750
1785156859.594457150,10,318.437500,2865.250
1785156859.594457150,12,321.687500,3029.250
1785156859.594457150,15,323.421875,3099.250
1785156859.594457150,10,325.062500,3168.750
1785156859.594457150,15,345.234375,585.250
1785156859.594457150,15,346.828125,581.750
1785156859.594457150,15,348.500000,579.500
1785156859.594457150,15,350.062500,578.250
1785156859.594457150,15,351.890625,577.500
1785156859.705964088,15,353.343750,576.500
1785156859.705964088,15,355.046875,575.750
1785156859.705964088,15,356.843750,576.250
1785156859.705964088,15,358.468750,577.250
1785156859.705964088,15,359.906250,578.500
1785156859.705964088,15,1.609375,580.750
1785156859.705964088,15,3.171875,584.500
1785156859.705964088,15,4.953125,587.250
1785156859.705964088,15,6.656250,590.750
1785156859.705964088,15,8.187500,594.500
1785156859.705964088,15,9.718750,598.250
1785156859.705964088,15,11.437500,603.500
1785156859.705964088,15,47.390625,106.000
1785156859.705964088,15,160.140625,10589.750
1785156859.705964088,15,161.796875,10506.750
1785156859.705964088,15,163.453125,10372.750
1785156859.705964088,15,186.421875,10444.500
1785156859.705964088,13,217.859375,3402.500
1785156859.705964088,15,221.156250,3159.250
1785156859.705964088,15,229.437500,2674.250
1785156859.705964088,15,231.109375,2633.250
1785156859.705964088,15,232.734375,2578.000
1785156859.705964088,15,234.406250,2529.000
1785156859.705964088,14,236.046875,2477.500
1785156859.705964088,15,237.703125,2436.750
1785156859.705964088,14,239.328125,2396.250
1785156859.705964088,14,241.031250,2347.000
1785156859.705964088,15,242.656250,2306.250
1785156859.705964088,15,244.312500,2277.750
1785156859.705964088,14,245.937500,2254.750
1785156859.705964088,10,259.125000,2094.750
1785156859.705964088,11,260.750000,2082.750
1785156859.705964088,15,262.453125,2066.750
1785156859.705964088,15,264.062500,2048.250
1785156859.705964088,15,265.734375,2036.000
1785156859.705964088,15,267.359375,2032.250
1785156859.705964088,15,269.000000,2029.500
1785156859.705964088,15,270.656250,2031.000
1785156859.705964088,15,272.265625,2034.500
1785156859.705964088,15,273.906250,2039.250
1785156859.705964088,15,275.515625,2045.750
1785156859.705964088,15,277.156250,2050.000
1785156859.705964088,15,278.750000,2053.000
1785156859.705964088,15,280.390625,2057.250
1785156859.705964088,15,282.031250,2062.500
1785156859.705964088,15,283.671875,2067.000
1785156859.705964088,10,285.312500,2077.250
1785156859.705964088,13,308.312500,2409.000
1785156859.705964088,14,309.953125,2444.750
1785156859.705964088,15,311.578125,2477.250
1785156859.705964088,12,313.218750,2527.000
1785156859.705964088,12,314.859375,2591.000
1785156859.705964088,9,316.484375,2655.000
1785156859.705964088,9,318.109375,2723.250
1785156859.705964088,15,319.750000,2793.250
1785156859.705964088,11,321.359375,2867.000
1785156859.705964088,10,324.703125,3054.000
1785156859.705964088,15,326.312500,3126.250
1785156859.705964088,8,327.968750,3214.500
1785156859.705964088,15,346.515625,586.250
1785156859.705964088,15,348.125000,582.000
1785156859.705964088,15,349.781250,581.500
1785156859.705964088,15,351.453125,579.750
1785156859.820415020,15,353.171875,579.000
1785156859.820415020,15,354.687500,578.750
1785156859.820415020,15,356.437500,578.250
1785156859.820415020,15,358.125000,579.000
1785156859.820415020,15,359.687500,579.750
1785156859.820415020,15,1.218750,581.750
1785156859.820415020,15,2.843750,583.500
1785156859.820415020,15,4.453125,586.250
1785156859.820415020,15,6.156250,589.250
1785156859.820415020,15,7.781250,592.000
1785156859.820415020,15,9.562500,596.500
1785156859.820415020,15,11.187500,600.250
1785156859.820415020,15,12.515625,605.250
1785156859.820415020,15,14.156250,612.750
1785156859.820415020,15,47.203125,106.750
1785156859.820415020,15,51.937500,101.750
1785156859.820415020,15,161.468750,10555.750
1785156859.820415020,15,163.125000,10410.750
1785156859.820415020,8,211.015625,3823.500
1785156859.820415020,9,227.593750,2701.000
1785156859.820415020,11,229.265625,2630.000
1785156859.820415020,6,230.890625,2564.250
1785156859.820415020,11,232.531250,2511.000
1785156859.820415020,10,234.218750,2451.500
1785156859.820415020,8,235.859375,2403.250
1785156859.820415020,10,239.171875,2277.750
1785156859.820415020,12,255.687500,1999.500
1785156859.820415020,8,257.312500,1987.250
1785156859.820415020,10,286.812500,1981.750
1785156859.820415020,11,288.453125,1986.000
1785156859.820415020,13,290.062500,1996.750
1785156859.820415020,1,308.171875,2329.500
1785156859.820415020,15,309.781250,2389.000
1785156859.820415020,15,311.437500,2433.000
1785156859.820415020,15,313.062500,2476.000
1785156859.820415020,11,314.734375,2531.750
1785156859.820415020,14,316.359375,2602.000
1785156859.820415020,15,317.968750,2682.250
1785156859.820415020,15,319.593750,2745.750
1785156859.820415020,10,324.468750,3049.000
1785156859.820415020,15,327.734375,3230.500
1785156859.820415020,15,345.593750,802.250
1785156859.820415020,15,351.187500,589.000
1785156859.932061911,15,352.750000,585.500
1785156859.932061911,15,354.468750,584.250
1785156859.932061911,15,356.000000,584.000
1785156859.932061911,15,357.703125,585.250
1785156859.932061911,15,359.312500,586.500
1785156859.932061911,15,1.109375,586.500
1785156859.932061911,15,2.765625,586.500
1785156859.932061911,15,4.375000,587.250
1785156859.932061911,15,5.828125,590.500
1785156859.932061911,15,7.562500,593.750
1785156859.932061911,15,9.218750,596.250
1785156859.932061911,15,10.750000,600.500
1785156859.932061911,15,12.484375,604.750
1785156859.932061911,13,13.890625,609.250
1785156859.932061911,13,15.687500,614.500
1785156859.932061911,14,17.218750,619.250
1785156859.932061911,15,45.640625,107.750
1785156859.932061911,15,47.812500,105.500
1785156859.932061911,15,50.468750,102.750
1785156859.932061911,8,181.843750,10116.750
1785156859.932061911,13,218.062500,3124.500
1785156859.932061911,15,226.296875,2670.500
1785156859.932061911,7,227.953125,2601.250
1785156859.932061911,15,229.578125,2539.000
1785156859.932061911,8,231.234375,2479.000
1785156859.932061911,15,232.859375,2431.500
1785156859.932061911,8,234.515625,2380.750
1785156859.932061911,15,236.171875,2327.750
1785156859.932061911,15,237.781250,2286.750
1785156859.932061911,14,239.453125,2255.750
1785156859.932061911,10,254.156250,2003.250
1785156859.932061911,12,255.828125,1997.500
1785156859.932061911,8,259.046875,1981.750
1785156859.932061911,12,280.234375,1974.500
1785156859.932061911,14,281.796875,1980.250
1785156859.932061911,12,283.468750,1988.500
1785156859.932061911,11,285.062500,1994.750
1785156859.932061911,12,286.687500,2001.000
1785156859.932061911,15,303.015625,2263.250
1785156859.932061911,13,304.656250,2296.750
1785156859.932061911,10,306.281250,2340.250
1785156859.932061911,15,307.921875,2387.750
1785156859.932061911,14,309.546875,2430.000
1785156859.932061911,15,311.187500,2475.250
1785156859.932061911,11,312.781250,2524.500
1785156859.932061911,15,314.390625,2584.000
1785156859.932061911,10,316.015625,2651.250
1785156859.932061911,15,317.656250,2715.500
1785156859.932061911,15,319.281250,2789.000
1785156859.932061911,15,320.875000,2872.250
1785156859.932061911,12,325.796875,3169.750
1785156859.932061911,9,330.656250,3516.750
1785156859.932061911,15,352.375000,588.500
1785156860.043511152,15,353.921875,589.000
1785156860.043511152,15,355.562500,588.000
1785156860.043511152,15,357.343750,588.000
1785156860.043511152,15,358.859375,588.500
1785156860.043511152,15,0.406250,589.000
1785156860.043511152,15,2.156250,589.000
1785156860.043511152,15,3.875000,590.250
1785156860.043511152,15,5.281250,593.000
1785156860.043511152,15,7.031250,595.250
1785156860.043511152,14,8.750000,598.000
1785156860.043511152,15,10.343750,602.750
1785156860.043511152,15,11.828125,606.750
1785156860.043511152,15,13.421875,611.250
1785156860.043511152,15,15.109375,617.000
1785156860.043511152,15,16.625000,622.000
1785156860.043511152,13,18.234375,628.500
1785156860.043511152,15,48.703125,106.000
1785156860.043511152,15,162.968750,10548.000
1785156860.043511152,15,207.359375,3120.250
1785156860.043511152,11,223.687500,2959.250
1785156860.043511152,9,226.984375,2751.000
1785156860.043511152,9,228.593750,2684.250
1785156860.043511152,13,230.250000,2628.250
1785156860.043511152,10,231.906250,2561.250
1785156860.043511152,11,241.750000,2272.500
1785156860.043511152,9,264.656250,1989.750
1785156860.043511152,14,269.515625,1976.250
1785156860.043511152,10,271.171875,1965.000
1785156860.043511152,10,272.750000,1968.750
1785156860.043511152,10,274.421875,1973.250
1785156860.043511152,13,277.687500,1979.750
1785156860.043511152,13,279.281250,1991.750
1785156860.043511152,13,282.546875,1999.750
1785156860.043511152,15,302.140625,2263.250
1785156860.043511152,15,303.781250,2288.250
1785156860.043511152,9,305.406250,2319.500
1785156860.043511152,7,307.046875,2363.750
1785156860.043511152,14,308.656250,2422.500
1785156860.043511152,15,310.265625,2473.000
1785156860.043511152,15,311.921875,2512.500
1785156860.043511152,10,313.500000,2557.500
1785156860.043511152,15,315.140625,2613.500
1785156860.043511152,15,316.796875,2684.250
1785156860.043511152,12,318.421875,2755.250
1785156860.043511152,13,323.265625,3020.250
1785156860.043511152,11,326.531250,3202.000
1785156860.043511152,15,345.796875,817.500
1785156860.043511152,15,349.890625,590.750
1785156860.043511152,15,351.375000,587.750
1785156860.158235788,15,353.109375,586.000
1785156860.158235788,15,354.812500,585.250
1785156860.158235788,15,356.218750,585.750
1785156860.158235788,15,357.984375,586.250
1785156860.158235788,15,359.531250,586.250
1785156860.158235788,15,1.250000,587.500
1785156860.158235788,15,2.859375,589.250
1785156860.158235788,15,4.390625,590.500
1785156860.158235788,15,6.046875,592.500
1785156860.158235788,15,7.703125,596.000
1785156860.158235788,15,9.234375,599.750
1785156860.158235788,15,10.953125,604.250
1785156860.158235788,15,12.468750,609.000
1785156860.158235788,15,14.140625,613.750
1785156860.158235788,15,15.906250,618.250
1785156860.158235788,15,46.812500,107.250
1785156860.158235788,15,49.531250,105.000
1785156860.158235788,15,51.234375,102.250
1785156860.158235788,15,162.234375,10533.500
1785156860.158235788,8,173.671875,10327.000
1785156860.158235788,15,213.265625,3757.750
1785156860.158235788,8,214.921875,3665.500
1785156860.158235788,15,221.500000,3151.250
1785156860.158235788,11,224.828125,2930.500
1785156860.158235788,13,226.500000,2854.000
1785156860.158235788,15,229.765625,2694.500
1785156860.158235788,15,231.390625,2637.250
1785156860.158235788,7,233.031250,2574.250
1785156860.158235788,13,234.718750,2514.000
1785156860.158235788,12,236.343750,2472.750
1785156860.158235788,15,237.968750,2442.500
1785156860.158235788,8,239.640625,2399.000
1785156860.158235788,8,241.296875,2348.500
1785156860.158235788,15,242.906250,2310.500
1785156860.158235788,15,244.593750,2280.250
1785156860.158235788,10,246.203125,2256.250
1785156860.158235788,12,247.875000,2235.500
1785156860.158235788,15,261.031250,2084.250
1785156860.158235788,15,262.656250,2064.000
1785156860.158235788,15,264.343750,2048.500
1785156860.158235788,15,265.953125,2038.000
1785156860.158235788,15,267.609375,2032.000
1785156860.158235788,15,269.218750,2030.250
1785156860.158235788,15,270.859375,2027.250
1785156860.158235788,15,272.515625,2030.500
1785156860.158235788,15,274.140625,2036.000
1785156860.158235788,15,275.750000,2043.250
1785156860.158235788,15,277.359375,2059.750
1785156860.158235788,13,279.015625,2077.250
1785156860.158235788,11,280.640625,2084.750
1785156860.158235788,8,282.265625,2094.500
1785156860.158235788,10,283.906250,2102.500
1785156860.158235788,15,293.687500,2225.500
1785156860.158235788,15,295.296875,2247.250
1785156860.158235788,15,296.937500,2262.250
1785156860.158235788,15,298.531250,2285.750
1785156860.158235788,11,300.234375,2314.000
1785156860.158235788,10,301.859375,2346.000
1785156860.158235788,15,303.484375,2391.250
1785156860.158235788,12,305.109375,2426.000
1785156860.158235788,11,306.765625,2451.500
1785156860.158235788,13,308.406250,2495.000
1785156860.158235788,14,310.000000,2540.000
1785156860.158235788,15,311.656250,2573.000
1785156860.158235788,11,313.296875,2623.250
1785156860.158235788,13,316.531250,2779.250
1785156860.158235788,10,318.140625,2844.750
1785156860.158235788,11,319.765625,2915.750
1785156860.158235788,11,321.406250,2995.000
1785156860.158235788,15,324.703125,3179.000
1785156860.158235788,15,344.093750,805.250
1785156860.158235788,15,348.000000,594.500
1785156860.158235788,15,349.828125,590.500
1785156860.158235788,15,351.437500,587.750
1785156860.270820141,15,352.968750,586.500
1785156860.270820141,15,354.765625,586.250
1785156860.270820141,15,356.187500,586.250
1785156860.270820141,15,358.031250,586.250
1785156860.270820141,15,359.578125,586.500
1785156860.270820141,15,1.203125,587.750
1785156860.270820141,15,2.781250,589.000
1785156860.270820141,15,4.390625,590.250
1785156860.270820141,15,6.125000,594.250
1785156860.270820141,15,7.640625,597.750
1785156860.270820141,15,9.250000,600.750
1785156860.270820141,15,10.953125,605.000
1785156860.270820141,15,12.484375,609.000
1785156860.270820141,15,14.203125,614.000
1785156860.270820141,15,47.187500,106.500
1785156860.270820141,15,48.734375,104.750
1785156860.270820141,15,50.718750,101.750
1785156860.270820141,15,162.562500,10510.250
1785156860.270820141,9,172.390625,10253.750
1785156860.270820141,10,180.593750,10178.500
1785156860.270820141,15,207.109375,3118.500
1785156860.270820141,14,228.421875,2693.250
1785156860.270820141,4,231.734375,2564.250
1785156860.270820141,12,259.703125,1996.500
1785156860.270820141,10,261.312500,1986.750
1785156860.270820141,9,266.265625,1968.500
1785156860.270820141,8,277.687500,1966.250
1785156860.270820141,10,279.296875,1980.750
1785156860.270820141,11,280.953125,1986.750
1785156860.270820141,9,282.578125,1992.250
1785156860.270820141,15,284.203125,1996.000
1785156860.270820141,15,302.171875,2266.500
1785156860.270820141,9,303.796875,2302.750
1785156860.270820141,9,305.406250,2347.000
1785156860.270820141,14,307.031250,2399.250
1785156860.270820141,13,308.640625,2446.500
1785156860.270820141,14,310.296875,2495.250
1785156860.270820141,14,311.921875,2541.750
1785156860.270820141,15,315.156250,2671.750
1785156860.270820141,14,316.781250,2733.750
1785156860.270820141,15,320.015625,2891.500
1785156860.270820141,14,324.937500,3167.500
1785156860.270820141,15,344.343750,803.000
1785156860.270820141,15,348.328125,595.500
1785156860.270820141,15,350.078125,590.750
1785156860.270820141,15,351.453125,588.750
1785156860.384432077,15,353.312500,591.000
1785156860.384432077,15,354.984375,590.750
1785156860.384432077,15,356.562500,588.250
1785156860.384432077,15,358.125000,589.000
1785156860.384432077,15,359.718750,590.000
1785156860.384432077,15,1.500000,590.500
1785156860.384432077,15,3.046875,591.750
1785156860.384432077,15,4.562500,593.750
1785156860.384432077,15,6.390625,597.250
1785156860.384432077,15,7.843750,600.000
1785156860.384432077,15,9.640625,602.500
1785156860.384432077,12,11.218750,607.000
1785156860.384432077,15,12.687500,610.500
1785156860.384432077,15,14.406250,615.750
1785156860.384432077,15,46.390625,106.750
1785156860.384432077,15,49.046875,105.000
1785156860.384432077,15,162.531250,10427.500
1785156860.384432077,8,173.984375,10249.250
1785156860.384432077,8,180.531250,10208.500
1785156860.384432077,13,220.046875,3129.750
1785156860.384432077,7,228.265625,2679.750
1785156860.384432077,8,229.890625,2630.750
1785156860.384432077,8,231.531250,2561.750
1785156860.384432077,15,233.203125,2504.250
1785156860.384432077,9,262.781250,1999.000
1785156860.384432077,9,264.437500,1994.500
1785156860.384432077,15,267.734375,1980.250
1785156860.384432077,15,269.359375,1968.500
1785156860.384432077,10,271.000000,1972.750
1785156860.384432077,10,272.640625,1981.750
1785156860.384432077,13,274.250000,1988.750
1785156860.384432077,15,275.828125,1996.500
1785156860.384432077,15,277.453125,2008.000
1785156860.384432077,15,279.109375,2016.750
1785156860.384432077,15,280.750000,2022.000
1785156860.384432077,15,282.343750,2025.000
1785156860.384432077,11,285.593750,2042.000
1785156860.384432077,10,287.218750,2066.250
1785156860.384432077,15,298.703125,2231.000
1785156860.384432077,15,300.328125,2255.250
1785156860.384432077,15,301.968750,2278.500
1785156860.384432077,9,303.625000,2309.000
1785156860.384432077,12,305.218750,2346.750
1785156860.384432077,15,306.843750,2392.250
1785156860.384432077,13,308.468750,2437.500
1785156860.384432077,15,310.109375,2482.750
1785156860.384432077,13,311.734375,2528.500
1785156860.384432077,15,313.390625,2580.250
1785156860.384432077,10,314.984375,2648.750
1785156860.384432077,13,316.625000,2718.000
1785156860.384432077,15,318.265625,2792.250
1785156860.384432077,15,319.859375,2867.750
1785156860.384432077,7,323.125000,3072.750
1785156860.384432077,11,324.750000,3147.750
1785156860.384432077,6,328.031250,3346.000
1785156860.384432077,15,344.203125,799.500
1785156860.384432077,15,348.078125,594.250
1785156860.384432077,15,349.703125,590.250
1785156860.384432077,15,351.390625,587.750
1785156860.495109797,15,353.109375,586.000
1785156860.495109797,15,354.671875,585.250
1785156860.495109797,15,356.265625,586.000
1785156860.495109797,15,358.031250,586.250
1785156860.495109797,15,359.718750,586.500
1785156860.495109797,15,1.312500,587.500
1785156860.495109797,15,2.812500,589.000
1785156860.495109797,15,4.593750,590.500
1785156860.495109797,15,6.171875,593.750
1785156860.495109797,15,7.796875,598.250
1785156860.495109797,15,9.312500,601.750
1785156860.495109797,15,11.031250,605.000
1785156860.495109797,15,12.375000,609.250
1785156860.495109797,15,14.140625,614.250
1785156860.495109797,15,15.625000,619.500
1785156860.495109797,15,47.296875,107.250
1785156860.495109797,15,48.640625,105.250
1785156860.495109797,15,51.000000,102.500
1785156860.495109797,15,162.390625,10408.250
1785156860.495109797,8,180.421875,10156.000
1785156860.495109797,15,206.937500,3063.750
1785156860.495109797,15,213.406250,3630.000
1785156860.495109797,11,220.015625,3130.500
1785156860.495109797,9,223.312500,2950.750
1785156860.495109797,9,228.312500,2679.250
1785156860.495109797,9,234.890625,2457.000
1785156860.495109797,14,236.531250,2416.500
1785156860.495109797,3,238.203125,2379.000
1785156860.495109797,14,261.218750,2009.000
1785156860.495109797,11,262.843750,1999.000
1785156860.495109797,9,264.515625,1995.000
1785156860.495109797,15,267.812500,1978.000
1785156860.495109797,15,269.437500,1965.250
1785156860.495109797,10,271.078125,1972.000
1785156860.495109797,10,272.671875,1981.000
1785156860.495109797,12,274.359375,1987.250
1785156860.495109797,15,275.921875,1989.750
1785156860.495109797,8,277.531250,1996.250
1785156860.495109797,14,279.171875,2002.750
1785156860.495109797,13,280.796875,2004.000
1785156860.495109797,15,287.328125,2025.250
1785156860.495109797,15,310.250000,2426.750
1785156860.495109797,11,311.890625,2462.000
1785156860.495109797,14,313.515625,2509.500
1785156860.495109797,15,315.156250,2565.000
1785156860.495109797,11,316.765625,2620.750
1785156860.495109797,8,320.015625,2775.250
1785156860.495109797,11,321.640625,2849.250
1785156860.495109797,10,324.984375,3036.250
1785156860.495109797,8,328.265625,3210.500
1785156860.495109797,15,342.859375,803.000
1785156860.495109797,15,344.515625,799.250
1785156860.495109797,15,348.343750,591.500
1785156860.495109797,15,350.093750,588.500
1785156860.495109797,15,351.734375,586.750
1785156860.606863976,15,353.390625,586.500
1785156860.606863976,15,354.828125,587.250
1785156860.606863976,15,356.671875,587.750
1785156860.606863976,15,358.312500,587.000
1785156860.606863976,15,359.718750,587.750
1785156860.606863976,15,1.406250,590.000
1785156860.606863976,15,3.187500,590.250
1785156860.606863976,15,4.796875,592.000
1785156860.606863976,15,6.343750,595.000
1785156860.606863976,15,8.000000,598.250
1785156860.606863976,15,9.625000,602.250
1785156860.606863976,15,11.296875,606.500
1785156860.606863976,15,12.765625,611.000
1785156860.606863976,15,14.484375,616.500
1785156860.606863976,15,46.078125,106.750
1785156860.606863976,15,48.734375,105.000
1785156860.606863976,15,50.437500,102.000
1785156860.606863976,15,161.015625,10520.250
1785156860.606863976,15,162.656250,10381.750
1785156860.606863976,8,182.265625,10259.000
1785156860.606863976,10,221.859375,2985.500
1785156860.606863976,11,231.781250,2518.500
1785156860.606863976,6,233.468750,2463.750
1785156860.606863976,9,259.734375,1997.500
1785156860.606863976,8,269.578125,1972.750
1785156860.606863976,8,274.453125,1964.750
1785156860.606863976,11,276.062500,1976.750
1785156860.606863976,15,277.703125,1982.500
1785156860.606863976,10,279.312500,1991.250
1785156860.606863976,10,280.921875,1994.250
1785156860.606863976,12,282.562500,1994.500
1785156860.606863976,1,305.453125,2319.750
1785156860.606863976,9,307.109375,2366.250
1785156860.606863976,15,308.718750,2406.500
1785156860.606863976,13,310.375000,2450.000
1785156860.606863976,15,312.000000,2485.000
1785156860.606863976,9,313.625000,2540.000
1785156860.606863976,12,315.250000,2615.750
1785156860.606863976,15,316.875000,2689.750
1785156860.606863976,10,318.484375,2752.750
1785156860.606863976,11,323.421875,3025.750
1785156860.606863976,9,326.687500,3187.500
1785156860.606863976,15,342.843750,797.500
1785156860.606863976,15,344.468750,804.000
1785156860.606863976,15,348.421875,591.000
1785156860.606863976,15,349.968750,588.000
1785156860.606863976,15,351.640625,586.250
1785156860.720869780,15,353.421875,586.250
1785156860.720869780,15,355.078125,585.750
1785156860.720869780,15,356.703125,584.500
1785156860.720869780,15,358.265625,585.000
1785156860.720869780,15,359.812500,586.000
1785156860.720869780,15,1.421875,587.500
1785156860.720869780,15,3.265625,589.750
1785156860.720869780,15,4.843750,592.250
1785156860.720869780,15,6.531250,595.000
1785156860.720869780,15,8.046875,598.250
1785156860.720869780,15,9.625000,602.500
1785156860.720869780,15,11.234375,608.000
1785156860.720869780,15,12.875000,614.000
1785156860.720869780,15,14.375000,620.000
1785156860.720869780,15,47.468750,106.500
1785156860.720869780,15,51.296875,101.250
1785156860.720869780,15,161.250000,10571.750
1785156860.720869780,15,162.890625,10393.000
1785156860.720869780,8,171.078125,10291.250
1785156860.720869780,7,174.359375,10175.500
1785156860.720869780,8,218.812500,3395.750
1785156860.720869780,15,222.140625,3165.750
1785156860.720869780,13,225.437500,2948.500
1785156860.720869780,15,227.046875,2878.250
1785156860.720869780,15,232.015625,2622.000
1785156860.720869780,13,233.656250,2578.500
1785156860.720869780,15,235.312500,2541.250
1785156860.720869780,10,236.953125,2493.000
1785156860.720869780,15,238.609375,2455.000
1785156860.720869780,15,240.218750,2418.500
1785156860.720869780,15,241.890625,2369.000
1785156860.720869780,13,243.515625,2326.250
1785156860.720869780,15,245.156250,2299.250
1785156860.720869780,15,246.828125,2270.500
1785156860.720869780,13,248.468750,2236.250
1785156860.720869780,13,261.609375,2076.750
1785156860.720869780,15,263.265625,2061.750
1785156860.720869780,15,264.921875,2047.250
1785156860.720869780,15,266.531250,2030.500
1785156860.720869780,15,268.171875,2022.000
1785156860.720869780,15,269.828125,2017.750
1785156860.720869780,15,271.468750,2021.500
1785156860.720869780,15,273.078125,2025.750
1785156860.720869780,15,274.718750,2029.500
1785156860.720869780,15,276.312500,2045.000
1785156860.720869780,15,277.968750,2062.750
1785156860.720869780,15,279.609375,2063.500
1785156860.720869780,15,281.234375,2065.500
1785156860.720869780,15,282.859375,2073.250
1785156860.720869780,9,284.515625,2086.000
1785156860.720869780,15,297.531250,2239.750
1785156860.720869780,15,299.296875,2265.000
1785156860.720869780,13,300.921875,2300.000
1785156860.720869780,7,302.562500,2323.750
1785156860.720869780,9,304.187500,2361.000
1785156860.720869780,15,305.796875,2411.000
1785156860.720869780,11,307.437500,2450.750
1785156860.720869780,15,309.093750,2491.750
1785156860.720869780,15,310.703125,2528.750
1785156860.720869780,15,312.359375,2571.750
1785156860.720869780,12,313.968750,2633.000
1785156860.720869780,15,315.609375,2697.250
1785156860.720869780,11,317.234375,2759.250
1785156860.720869780,10,322.109375,3019.250
1785156860.720869780,15,323.750000,3105.500
1785156860.720869780,10,325.390625,3178.750
1785156860.720869780,10,336.781250,4162.750
1785156860.720869780,15,343.156250,797.250
1785156860.720869780,15,348.656250,589.000
1785156860.720869780,15,350.406250,587.250
1785156860.720869780,15,352.187500,585.500
1785156860.833099127,15,353.687500,585.500
1785156860.833099127,15,355.250000,586.250
1785156860.833099127,15,356.875000,586.500
1785156860.833099127,15,358.687500,586.750
1785156860.833099127,15,0.296875,587.500
1785156860.833099127,15,2.015625,588.500
1785156860.833099127,15,3.546875,589.500
1785156860.833099127,15,5.062500,593.750
1785156860.833099127,15,6.718750,596.500
1785156860.833099127,15,8.515625,598.750
1785156860.833099127,15,10.093750,604.000
1785156860.833099127,15,11.546875,609.000
1785156860.833099127,12,13.140625,614.000
1785156860.833099127,15,14.906250,619.500
1785156860.833099127,15,47.265625,106.250
1785156860.833099127,15,161.593750,10530.750
1785156860.833099127,15,163.218750,10316.750
1785156860.833099127,15,211.156250,2829.000
1785156860.833099127,9,219.234375,3386.750
1785156860.833099127,15,224.203125,3043.500
1785156860.833099127,15,227.515625,2839.000
1785156860.833099127,15,230.796875,2662.500
1785156860.833099127,15,232.437500,2627.750
1785156860.833099127,15,234.109375,2570.500
1785156860.833099127,15,235.781250,2519.750
1785156860.833099127,11,237.421875,2470.250
1785156860.833099127,13,239.031250,2432.000
1785156860.833099127,12,240.687500,2387.250
1785156860.833099127,15,242.375000,2335.500
1785156860.833099127,15,243.984375,2298.250
1785156860.833099127,15,245.625000,2270.000
1785156860.833099127,14,247.312500,2248.000
1785156860.833099127,8,258.765625,2083.000
1785156860.833099127,15,260.421875,2069.250
1785156860.833099127,15,262.109375,2052.250
1785156860.833099127,15,263.718750,2039.000
1785156860.833099127,15,265.375000,2026.500
1785156860.833099127,15,267.000000,2009.750
1785156860.833099127,15,268.640625,2008.500
1785156860.833099127,15,270.281250,2018.250
1785156860.833099127,15,271.921875,2022.000
1785156860.833099127,15,273.546875,2021.000
1785156860.833099127,15,275.187500,2021.750
1785156860.833099127,15,276.796875,2023.500
1785156860.833099127,15,278.437500,2035.500
1785156860.833099127,15,280.093750,2042.500
1785156860.833099127,15,281.734375,2046.250
1785156860.833099127,15,283.328125,2054.250
1785156860.833099127,14,284.953125,2063.500
1785156860.833099127,10,286.578125,2085.500
1785156860.833099127,15,298.031250,2230.250
1785156860.833099127,15,299.781250,2250.000
1785156860.833099127,15,301.390625,2271.750
1785156860.833099127,9,303.046875,2302.000
1785156860.833099127,10,304.687500,2331.750
1785156860.833099127,15,306.296875,2374.250
1785156860.833099127,15,307.953125,2421.000
1785156860.833099127,12,309.562500,2460.000
1785156860.833099127,15,311.187500,2507.750
1785156860.833099127,9,312.843750,2558.750
1785156860.833099127,14,314.468750,2602.750
1785156860.833099127,15,316.093750,2655.250
1785156860.833099127,15,317.718750,2719.750
1785156860.833099127,13,320.984375,2886.250
1785156860.833099127,8,324.250000,3077.250
1785156860.833099127,13,325.875000,3160.500
1785156860.833099127,7,329.125000,3362.000
1785156860.833099127,15,343.765625,798.000
1785156860.833099127,15,349.265625,587.500
1785156860.833099127,15,350.984375,587.500
1785156860.944761038,15,352.640625,586.000
1785156860.944761038,15,354.281250,585.000
1785156860.944761038,15,355.906250,584.250
1785156860.944761038,15,357.468750,584.750
1785156860.944761038,15,359.156250,586.250
1785156860.944761038,15,0.765625,587.000
1785156860.944761038,15,2.312500,588.750
1785156860.944761038,15,4.062500,591.500
1785156860.944761038,15,5.609375,594.250
1785156860.944761038,15,7.187500,596.750
1785156860.944761038,15,8.875000,600.500
1785156860.944761038,15,10.375000,605.000
1785156860.944761038,13,12.125000,609.750
1785156860.944761038,15,13.703125,616.000
1785156860.944761038,15,15.328125,621.500
1785156860.944761038,15,47.250000,108.000
1785156860.944761038,15,48.906250,106.000
1785156860.944761038,15,162.140625,10501.500
1785156860.944761038,15,163.781250,10370.750
1785156860.944761038,15,206.765625,3017.500
1785156860.944761038,15,213.234375,3658.000
1785156860.944761038,15,218.171875,3348.750
1785156860.944761038,12,223.125000,2986.500
1785156860.944761038,15,226.421875,2796.000
1785156860.944761038,15,229.703125,2645.500
1785156860.944761038,13,233.015625,2525.750
1785156860.944761038,9,234.640625,2480.750
1785156860.944761038,9,236.296875,2429.250
1785156860.944761038,15,260.937500,2002.750
1785156860.944761038,9,264.218750,1990.250
1785156860.944761038,9,265.828125,1985.250
1785156860.944761038,15,267.468750,1970.250
1785156860.944761038,15,269.109375,1966.000
1785156860.944761038,10,270.750000,1971.500
1785156860.944761038,9,272.359375,1976.750
1785156860.944761038,9,273.984375,1983.250
1785156860.944761038,14,275.671875,1985.750
1785156860.944761038,9,277.296875,1989.500
1785156860.944761038,12,278.921875,1993.500
1785156860.944761038,12,280.562500,1996.250
1785156860.944761038,12,282.187500,2001.000
1785156860.944761038,14,309.984375,2414.000
1785156860.944761038,15,311.609375,2446.000
1785156860.944761038,15,313.218750,2488.250
1785156860.944761038,11,314.859375,2544.250
1785156860.944761038,13,316.500000,2605.750
1785156860.944761038,15,318.109375,2682.750
1785156860.944761038,10,319.750000,2762.250
1785156860.944761038,13,321.375000,2845.000
1785156860.944761038,11,324.640625,3041.750
1785156860.944761038,15,327.890625,3220.000
1785156860.944761038,11,337.640625,4146.750
1785156860.944761038,15,344.015625,796.750
1785156860.944761038,15,349.562500,587.000
1785156860.944761038,15,351.234375,586.250
1785156861.058823824,15,353.015625,585.000
1785156861.058823824,15,354.562500,583.250
1785156861.058823824,15,356.296875,584.250
1785156861.058823824,15,357.906250,586.000
1785156861.058823824,15,359.453125,585.000
1785156861.058823824,15,1.234375,585.250
1785156861.058823824,15,2.828125,587.750
1785156861.058823824,15,4.281250,590.250
1785156861.058823824,15,6.109375,592.750
1785156861.058823824,15,7.531250,596.250
1785156861.058823824,15,9.156250,600.250
1785156861.058823824,15,10.921875,605.500
1785156861.058823824,15,12.562500,610.500
1785156861.058823824,12,13.953125,614.500
1785156861.058823824,14,15.625000,619.750
1785156861.058823824,15,46.078125,107.250
1785156861.058823824,15,48.203125,105.250
1785156861.058823824,15,162.328125,10420.500
1785156861.058823824,8,178.718750,10224.750
1785156861.058823824,15,213.281250,3671.500
1785156861.058823824,15,218.187500,3383.500
1785156861.058823824,15,229.796875,2648.500
1785156861.058823824,15,231.437500,2613.250
1785156861.058823824,13,233.046875,2556.500
1785156861.058823824,10,234.687500,2503.500
1785156861.058823824,13,236.375000,2462.000
1785156861.058823824,15,238.000000,2418.500
1785156861.058823824,7,239.640625,2367.250
1785156861.058823824,15,241.281250,2316.750
1785156861.058823824,15,242.937500,2283.500
1785156861.058823824,15,244.562500,2255.500
1785156861.058823824,15,257.781250,2069.500
1785156861.058823824,15,259.437500,2052.500
1785156861.058823824,15,261.046875,2038.250
1785156861.058823824,15,262.687500,2022.000
1785156861.058823824,15,264.328125,2012.000
1785156861.058823824,15,265.953125,2004.500
1785156861.058823824,15,267.593750,1999.250
1785156861.058823824,15,269.234375,2000.250
1785156861.058823824,15,270.859375,2002.250
1785156861.058823824,15,272.500000,2005.250
1785156861.058823824,15,274.140625,2006.500
1785156861.058823824,15,275.781250,2013.750
1785156861.058823824,15,277.390625,2025.500
1785156861.058823824,15,279.046875,2031.000
1785156861.058823824,15,280.671875,2039.250
1785156861.058823824,15,282.296875,2053.250
1785156861.058823824,15,283.937500,2056.000
1785156861.058823824,15,285.562500,2064.000
1785156861.058823824,15,298.656250,2233.000
1785156861.058823824,15,300.281250,2256.250
1785156861.058823824,13,301.937500,2288.000
1785156861.058823824,11,303.515625,2320.500
1785156861.058823824,15,305.156250,2363.500
1785156861.058823824,15,306.812500,2409.000
1785156861.058823824,15,308.453125,2443.750
1785156861.058823824,15,310.093750,2488.000
1785156861.058823824,15,311.687500,2529.000
1785156861.058823824,15,313.296875,2580.250
1785156861.058823824,10,314.937500,2648.250
1785156861.058823824,15,316.578125,2717.500
1785156861.058823824,10,318.218750,2790.750
1785156861.058823824,10,319.828125,2865.250
1785156861.058823824,9,323.125000,3054.500
1785156861.058823824,15,324.765625,3142.500
1785156861.058823824,15,326.390625,3220.750
1785156861.058823824,15,331.265625,3590.500
1785156861.058823824,15,344.171875,796.750
1785156861.058823824,15,348.250000,589.250
1785156861.058823824,15,349.890625,586.500
1785156861.058823824,15,351.359375,586.250
1785156861.170182943,15,353.078125,585.500
1785156861.170182943,15,354.640625,585.250
1785156861.170182943,15,356.484375,584.000
1785156861.170182943,15,357.921875,584.250
1785156861.170182943,15,359.750000,586.250
1785156861.170182943,15,1.265625,587.750
1785156861.170182943,15,2.953125,588.750
1785156861.170182943,15,4.421875,591.750
1785156861.170182943,15,6.156250,595.500
1785156861.170182943,15,7.703125,598.250
1785156861.170182943,15,9.375000,601.750
1785156861.170182943,15,11.046875,607.000
1785156861.170182943,15,12.562500,611.000
1785156861.170182943,15,14.203125,615.750
1785156861.170182943,15,15.812500,623.000
1785156861.170182943,15,46.671875,106.750
1785156861.170182943,15,49.625000,105.000
1785156861.170182943,15,51.078125,102.500
1785156861.170182943,15,161.031250,10525.000
1785156861.170182943,15,162.671875,10394.500
1785156861.170182943,7,179.062500,10218.750
1785156861.170182943,15,218.625000,3385.750
1785156861.170182943,15,223.562500,2996.000
1785156861.170182943,15,226.859375,2805.000
1785156861.170182943,15,230.125000,2653.250
1785156861.170182943,10,231.796875,2607.250
1785156861.170182943,14,233.421875,2546.250
1785156861.170182943,12,235.093750,2488.250
1785156861.170182943,13,236.750000,2442.250
1785156861.170182943,10,238.359375,2404.750
1785156861.170182943,11,240.000000,2355.000
1785156861.170182943,15,241.656250,2312.750
1785156861.170182943,15,243.281250,2274.250
1785156861.170182943,8,244.937500,2239.000
1785156861.170182943,15,256.484375,2075.000
1785156861.170182943,15,258.125000,2061.500
1785156861.170182943,15,259.765625,2043.500
1785156861.170182943,15,261.421875,2026.750
1785156861.170182943,15,263.031250,2009.750
1785156861.170182943,15,264.671875,1996.750
1785156861.170182943,15,266.328125,1992.000
1785156861.170182943,15,267.968750,1989.500
1785156861.170182943,15,269.593750,1991.000
1785156861.170182943,15,271.234375,1989.250
1785156861.170182943,15,272.875000,1991.000
1785156861.170182943,15,274.468750,1996.250
1785156861.170182943,15,276.078125,2003.250
1785156861.170182943,15,277.703125,2006.750
1785156861.170182943,15,279.359375,2014.000
1785156861.170182943,15,281.015625,2022.500
1785156861.170182943,15,282.625000,2027.750
1785156861.170182943,15,284.218750,2037.250
1785156861.170182943,14,285.859375,2043.250
1785156861.170182943,15,300.562500,2254.000
1785156861.170182943,15,302.203125,2268.750
1785156861.170182943,13,303.843750,2306.750
1785156861.170182943,10,305.484375,2343.250
1785156861.170182943,14,307.093750,2389.500
1785156861.170182943,15,308.703125,2431.000
1785156861.170182943,15,310.328125,2468.000
1785156861.170182943,15,311.984375,2516.000
1785156861.170182943,15,313.609375,2570.250
1785156861.170182943,12,315.203125,2630.750
1785156861.170182943,15,316.875000,2690.750
1785156861.170182943,11,320.078125,2858.750
1785156861.170182943,8,323.406250,3029.750
1785156861.170182943,8,326.687500,3204.250
1785156861.170182943,15,344.515625,797.000
1785156861.170182943,15,348.546875,590.750
1785156861.170182943,15,350.015625,587.500
1785156861.170182943,15,351.640625,585.750
1785156861.280972958,15,353.265625,585.750
1785156861.280972958,15,354.890625,585.500
1785156861.280972958,15,356.625000,584.250
1785156861.280972958,15,358.234375,585.000
1785156861.280972958,15,0.000000,586.000
1785156861.280972958,12,1.562500,587.500
1785156861.280972958,15,3.140625,589.500
1785156861.280972958,15,4.890625,591.750
1785156861.280972958,15,6.312500,594.750
1785156861.280972958,15,8.109375,598.250
1785156861.280972958,15,9.640625,602.250
1785156861.280972958,13,11.281250,606.500
1785156861.280972958,15,12.843750,611.500
1785156861.280972958,15,14.375000,616.750
1785156861.280972958,15,46.375000,106.500
1785156861.280972958,15,49.562500,104.750
1785156861.280972958,15,161.156250,10540.750
1785156861.280972958,15,162.796875,10446.250
1785156861.280972958,15,212.125000,3754.000
1785156861.280972958,15,213.796875,3699.250
1785156861.280972958,15,220.375000,3218.000
1785156861.280972958,10,223.671875,2978.000
1785156861.280972958,15,230.296875,2634.000
1785156861.280972958,8,231.953125,2578.000
1785156861.280972958,15,233.625000,2525.500
1785156861.280972958,11,235.250000,2477.250
1785156861.280972958,14,236.890625,2438.500
1785156861.280972958,10,238.546875,2396.000
1785156861.280972958,5,240.171875,2339.250
1785156861.280972958,15,241.859375,2289.250
1785156861.280972958,15,245.125000,2249.000
1785156861.280972958,15,256.625000,2075.000
1785156861.280972958,15,258.281250,2062.500
1785156861.280972958,15,259.890625,2041.750
1785156861.280972958,15,261.546875,2020.250
1785156861.280972958,15,263.171875,2008.000
1785156861.280972958,15,264.828125,1990.250
1785156861.280972958,15,266.453125,1982.750
1785156861.280972958,15,268.078125,1980.000
1785156861.280972958,15,269.734375,1977.500
1785156861.280972958,15,271.390625,1978.750
1785156861.280972958,15,273.031250,1977.000
1785156861.280972958,15,274.625000,1989.500
1785156861.280972958,15,276.187500,2004.000
1785156861.280972958,15,277.812500,2007.750
1785156861.280972958,15,279.453125,2012.500
1785156861.280972958,15,281.093750,2018.750
1785156861.280972958,15,282.687500,2030.000
1785156861.280972958,15,302.328125,2280.000
1785156861.280972958,9,303.953125,2310.250
1785156861.280972958,14,305.593750,2343.250
1785156861.280972958,15,307.250000,2388.000
1785156861.280972958,11,308.875000,2439.000
1785156861.280972958,15,310.468750,2480.000
1785156861.280972958,15,312.093750,2526.500
1785156861.280972958,15,313.765625,2578.500
1785156861.280972958,14,315.375000,2634.250
1785156861.280972958,15,316.984375,2703.000
1785156861.280972958,7,320.218750,2873.000
1785156861.280972958,10,323.546875,3066.000
1785156861.280972958,11,325.187500,3147.750
1785156861.280972958,15,326.828125,3234.750
1785156861.280972958,15,343.062500,797.250
1785156861.280972958,15,344.640625,799.750
1785156861.280972958,15,348.406250,591.000
1785156861.280972958,15,350.265625,587.750
1785156861.280972958,15,351.843750,586.250
1785156861.396034956,15,353.375000,586.250
1785156861.396034956,15,355.140625,586.500
1785156861.396034956,15,356.671875,586.000
1785156861.396034956,15,358.453125,586.000
1785156861.396034956,15,359.968750,586.250
1785156861.396034956,15,1.562500,587.750
1785156861.396034956,15,3.265625,589.750
1785156861.396034956,15,4.906250,592.750
1785156861.396034956,15,6.484375,596.500
1785156861.396034956,15,8.125000,599.750
1785156861.396034956,15,9.859375,603.500
1785156861.396034956,15,11.390625,608.500
1785156861.396034956,15,12.875000,612.750
1785156861.396034956,13,14.593750,618.250
1785156861.396034956,15,46.656250,106.500
1785156861.396034956,15,161.156250,10547.750
1785156861.396034956,15,162.796875,10397.250
1785156861.396034956,15,212.109375,3754.750
1785156861.396034956,15,220.343750,3218.000
1785156861.396034956,10,223.671875,2979.000
1785156861.396034956,15,230.281250,2636.250
1785156861.396034956,10,231.921875,2591.500
1785156861.396034956,13,233.593750,2538.250
1785156861.396034956,13,235.234375,2479.500
1785156861.396034956,15,236.875000,2440.250
1785156861.396034956,9,238.546875,2398.500
1785156861.396034956,11,240.218750,2342.500
1785156861.396034956,15,241.828125,2303.750
1785156861.396034956,15,243.468750,2273.250
1785156861.396034956,15,245.125000,2245.250
1785156861.396034956,15,256.593750,2075.500
1785156861.396034956,15,258.250000,2061.750
1785156861.396034956,15,259.875000,2042.250
1785156861.396034956,15,261.531250,2022.250
1785156861.396034956,15,263.156250,2017.750
1785156861.396034956,15,264.796875,2007.250
1785156861.396034956,15,266.421875,1996.250
1785156861.396034956,15,268.062500,1995.250
1785156861.396034956,15,269.718750,1991.000
1785156861.396034956,15,271.328125,1993.250
1785156861.396034956,15,272.953125,1996.750
1785156861.396034956,15,274.578125,1999.000
1785156861.396034956,15,276.171875,2005.000
1785156861.396034956,15,277.828125,2008.500
1785156861.396034956,15,279.484375,2013.500
1785156861.396034956,15,281.093750,2020.750
1785156861.396034956,15,282.718750,2031.250
1785156861.396034956,15,284.328125,2049.250
1785156861.396034956,15,285.968750,2060.500
1785156861.396034956,9,287.609375,2071.500
1785156861.396034956,15,300.687500,2261.250
1785156861.396034956,15,302.343750,2281.500
1785156861.396034956,9,303.953125,2312.250
1785156861.396034956,12,305.593750,2344.000
1785156861.396034956,12,307.234375,2390.750
1785156861.396034956,10,308.859375,2440.250
1785156861.396034956,15,310.468750,2479.500
1785156861.396034956,15,312.109375,2525.500
1785156861.396034956,15,313.734375,2576.500
1785156861.396034956,11,315.343750,2634.250
1785156861.396034956,14,316.968750,2703.250
1785156861.396034956,8,318.609375,2779.000
1785156861.396034956,11,323.484375,3062.750
1785156861.396034956,15,325.109375,3144.250
1785156861.396034956,15,326.750000,3232.000
1785156861.396034956,15,331.625000,3576.500
1785156861.396034956,15,342.906250,797.500
1785156861.396034956,15,344.500000,799.500
1785156861.396034956,15,348.437500,591.000
1785156861.396034956,15,350.187500,587.750
1785156861.396034956,15,351.750000,586.000
1785156861.507866144,15,353.281250,586.250
1785156861.507866144,15,355.046875,586.500
1785156861.507866144,15,356.546875,586.000
1785156861.507866144,15,358.234375,586.000
1785156861.507866144,15,359.968750,586.500
1785156861.507866144,15,1.453125,587.750
1785156861.507866144,15,3.140625,589.750
1785156861.507866144,15,4.953125,592.250
1785156861.507866144,15,6.375000,596.250
1785156861.507866144,15,8.046875,599.750
1785156861.507866144,15,9.703125,603.000
1785156861.507866144,13,11.390625,608.000
1785156861.507866144,15,12.828125,612.500
1785156861.507866144,15,14.609375,618.250
1785156861.507866144,15,47.000000,106.500
1785156861.507866144,15,161.234375,10574.750
1785156861.507866144,15,162.875000,10403.750
1785156861.507866144,7,171.062500,10267.500
1785156861.507866144,15,213.875000,3655.250
1785156861.507866144,15,220.500000,3162.500
1785156861.507866144,7,228.781250,2682.000
1785156861.507866144,15,230.406250,2633.500
1785156861.507866144,9,232.046875,2578.500
1785156861.507866144,13,233.718750,2512.500
1785156861.507866144,9,235.343750,2467.750
1785156861.507866144,10,237.031250,2420.750
1785156861.507866144,11,241.968750,2283.000
1785156861.507866144,11,245.265625,2241.000
1785156861.507866144,15,258.375000,2060.250
1785156861.507866144,15,260.000000,2036.250
1785156861.507866144,15,261.656250,2014.500
1785156861.507866144,15,263.265625,2005.750
1785156861.507866144,15,264.906250,1992.250
1785156861.507866144,15,266.546875,1982.000
1785156861.507866144,15,268.171875,1983.000
1785156861.507866144,15,269.843750,1982.500
1785156861.507866144,15,271.453125,1979.000
1785156861.507866144,15,273.109375,1977.750
1785156861.507866144,15,274.718750,1990.000
1785156861.507866144,15,276.312500,2004.250
1785156861.507866144,15,277.953125,2007.500
1785156861.507866144,15,279.593750,2012.750
1785156861.507866144,15,281.250000,2019.500
1785156861.507866144,15,282.875000,2026.250
1785156861.507866144,15,284.500000,2034.750
1785156861.507866144,11,286.140625,2046.250
1785156861.507866144,15,300.859375,2263.000
1785156861.507866144,15,302.531250,2288.250
1785156861.507866144,9,304.171875,2318.750
1785156861.507866144,12,305.781250,2352.000
1785156861.507866144,13,307.406250,2398.000
1785156861.507866144,15,309.031250,2442.250
1785156861.507866144,15,310.671875,2485.500
1785156861.507866144,14,312.312500,2527.000
1785156861.507866144,15,313.921875,2582.750
1785156861.507866144,10,315.562500,2652.250
1785156861.507866144,14,317.187500,2721.000
1785156861.507866144,15,318.796875,2798.000
1785156861.507866144,9,320.421875,2873.750
1785156861.507866144,9,323.671875,3079.000
1785156861.507866144,10,325.296875,3153.750
1785156861.507866144,15,326.906250,3252.000
1785156861.507866144,7,328.578125,3339.500
1785156861.507866144,15,343.109375,798.500
1785156861.507866144,15,344.671875,800.000
1785156861.507866144,15,348.656250,591.000
1785156861.507866144,15,350.312500,587.750
1785156861.507866144,15,351.843750,586.000
1785156861.623746157,15,353.578125,587.500
1785156861.623746157,15,355.250000,588.000
1785156861.623746157,15,356.750000,586.250
1785156861.623746157,15,358.453125,585.500
1785156861.623746157,15,359.984375,586.750
1785156861.623746157,15,1.750000,589.500
1785156861.623746157,15,3.437500,590.250
1785156861.623746157,15,5.078125,592.750
1785156861.623746157,15,6.718750,596.250
1785156861.623746157,15,8.312500,599.250
1785156861.623746157,15,9.859375,603.250
1785156861.623746157,11,11.484375,607.750
1785156861.623746157,15,13.109375,612.500
1785156861.623746157,15,14.703125,618.250
1785156861.623746157,15,48.078125,106.500
1785156861.623746157,15,161.296875,10559.000
1785156861.623746157,15,162.937500,10389.250
1785156861.623746157,8,171.109375,10283.750
1785156861.623746157,7,180.937500,10201.750
1785156861.623746157,15,213.937500,3655.500
1785156861.623746157,15,220.546875,3182.750
1785156861.623746157,9,223.859375,2968.750
1785156861.623746157,15,228.765625,2684.000
1785156861.623746157,15,230.406250,2634.500
1785156861.623746157,15,233.703125,2522.750
1785156861.623746157,4,235.343750,2478.250
1785156861.623746157,15,237.000000,2433.250
1785156861.623746157,5,238.640625,2392.000
1785156861.623746157,11,240.296875,2330.500
1785156861.623746157,8,241.953125,2279.750
1785156861.623746157,14,245.203125,2241.750
1785156861.623746157,15,258.359375,2057.250
1785156861.623746157,15,260.000000,2035.500
1785156861.623746157,13,263.265625,2010.750
1785156861.623746157,11,264.906250,1997.000
1785156861.623746157,11,266.531250,1987.250
1785156861.623746157,15,268.171875,1978.000
1785156861.623746157,14,269.796875,1976.500
1785156861.623746157,11,271.437500,1979.000
1785156861.623746157,10,273.093750,1984.000
1785156861.623746157,15,274.765625,1987.750
1785156861.623746157,15,276.359375,1995.750
1785156861.623746157,15,277.984375,2005.500
1785156861.623746157,15,279.640625,2007.250
1785156861.623746157,15,281.281250,2014.750
1785156861.623746157,15,302.562500,2282.750
1785156861.623746157,10,304.218750,2313.000
1785156861.623746157,11,305.843750,2348.500
1785156861.623746157,14,307.484375,2401.500
1785156861.623746157,13,309.125000,2447.000
1785156861.623746157,15,310.718750,2483.750
1785156861.623746157,11,312.390625,2526.250
1785156861.623746157,15,314.000000,2582.750
1785156861.623746157,11,315.640625,2651.000
1785156861.623746157,12,317.265625,2718.000
1785156861.623746157,8,320.515625,2892.000
1785156861.623746157,15,323.765625,3078.000
1785156861.623746157,11,325.390625,3153.750
1785156861.623746157,15,327.031250,3250.750
1785156861.623746157,10,328.656250,3342.000
1785156861.623746157,15,343.234375,798.250
1785156861.623746157,15,344.796875,801.250
1785156861.623746157,15,348.703125,590.500
1785156861.623746157,15,350.312500,587.250
1785156861.623746157,15,351.921875,585.500
1785156861.732810974,15,353.796875,585.500
1785156861.732810974,15,355.187500,586.250
1785156861.732810974,15,356.953125,586.000
1785156861.732810974,15,358.625000,585.250
1785156861.732810974,15,0.171875,586.250
1785156861.732810974,15,1.937500,588.250
1785156861.732810974,15,3.500000,589.500
1785156861.732810974,15,5.171875,591.750
1785156861.732810974,15,6.812500,594.750
1785156861.732810974,15,8.390625,598.500
1785156861.732810974,15,9.906250,603.750
1785156861.732810974,11,11.546875,606.750
1785156861.732810974,15,13.140625,611.500
1785156861.732810974,15,14.859375,618.750
1785156861.732810974,15,47.968750,106.250
1785156861.732810974,15,161.453125,10505.000
1785156861.732810974,15,163.078125,10406.750
1785156861.732810974,7,174.546875,10321.750
1785156861.732810974,15,212.515625,3751.750
1785156861.732810974,8,214.156250,3666.250
1785156861.732810974,7,220.781250,3147.500
1785156861.732810974,15,224.093750,2934.500
1785156861.732810974,15,228.968750,2689.500
1785156861.732810974,15,230.656250,2630.250
1785156861.732810974,6,232.312500,2570.750
1785156861.732810974,13,233.906250,2509.750
1785156861.732810974,4,235.578125,2457.500
1785156861.732810974,15,237.250000,2421.000
1785156861.732810974,15,257.000000,2069.000
1785156861.732810974,15,258.625000,2048.250
1785156861.732810974,15,260.234375,2032.250
1785156861.732810974,15,261.906250,2023.000
1785156861.732810974,15,263.531250,2014.000
1785156861.732810974,15,265.203125,1992.750
1785156861.732810974,15,266.812500,1984.250
1785156861.732810974,15,268.468750,1986.250
1785156861.732810974,15,270.078125,1980.000
1785156861.732810974,15,271.734375,1984.250
1785156861.732810974,15,273.359375,1993.250
1785156861.732810974,15,274.953125,2000.750
1785156861.732810974,15,276.593750,2006.500
1785156861.732810974,15,278.234375,2012.250
1785156861.732810974,15,279.875000,2016.250
1785156861.732810974,15,281.468750,2025.250
1785156861.732810974,15,283.109375,2034.750
1785156861.732810974,15,284.750000,2043.000
1785156861.732810974,15,286.406250,2062.500
1785156861.732810974,15,299.468750,2245.750
1785156861.732810974,15,301.140625,2256.500
1785156861.732810974,10,302.734375,2290.250
1785156861.732810974,11,304.359375,2328.250
1785156861.732810974,10,306.000000,2364.500
1785156861.732810974,12,307.625000,2413.000
1785156861.732810974,12,309.281250,2456.000
1785156861.732810974,15,310.875000,2495.750
1785156861.732810974,8,312.531250,2538.500
1785156861.732810974,14,314.140625,2596.250
1785156861.732810974,11,315.765625,2658.250
1785156861.732810974,13,317.421875,2719.250
1785156861.732810974,9,320.656250,2888.750
1785156861.732810974,15,323.906250,3080.000
1785156861.732810974,13,325.562500,3156.500
1785156861.732810974,6,328.796875,3358.000
1785156861.732810974,11,336.921875,4131.000
1785156861.732810974,15,343.406250,799.250
1785156861.732810974,15,344.906250,808.750
1785156861.732810974,15,348.921875,591.250
1785156861.732810974,15,350.468750,589.000
1785156861.732810974,15,352.218750,587.250
1785156861.844300032,15,353.734375,586.500
1785156861.844300032,15,355.453125,586.750
1785156861.844300032,15,357.171875,586.500
1785156861.844300032,15,358.703125,587.250
1785156861.844300032,15,0.343750,588.750
1785156861.844300032,15,2.062500,589.250
1785156861.844300032,15,3.796875,590.500
1785156861.844300032,15,5.296875,593.250
1785156861.844300032,15,7.000000,595.750
1785156861.844300032,15,8.593750,598.500
1785156861.844300032,15,10.109375,603.000
1785156861.844300032,15,11.734375,608.750
1785156861.844300032,15,13.390625,614.250
1785156861.844300032,15,15.109375,619.750
1785156861.844300032,15,47.421875,106.000
1785156861.844300032,15,161.593750,10526.750
1785156861.844300032,15,163.218750,10395.250
1785156861.844300032,8,174.687500,10251.750
1785156861.844300032,9,220.859375,3145.000
1785156861.844300032,9,224.125000,2934.000
1785156861.844300032,15,229.093750,2692.750
1785156861.844300032,15,230.734375,2632.500
1785156861.844300032,12,232.375000,2563.500
1785156861.844300032,13,234.046875,2504.000
1785156861.844300032,9,235.687500,2455.750
1785156861.844300032,14,237.328125,2418.000
1785156861.844300032,15,263.687500,1998.750
1785156861.844300032,13,265.328125,1992.500
1785156861.844300032,9,266.984375,1989.250
1785156861.844300032,14,268.609375,1982.250
1785156861.844300032,14,270.234375,1979.250
1785156861.844300032,11,271.875000,1985.500
1785156861.844300032,15,273.515625,1992.250
1785156861.844300032,15,275.109375,1994.750
1785156861.844300032,15,276.718750,2000.250
1785156861.844300032,15,278.359375,2006.500
1785156861.844300032,15,280.000000,2011.000
1785156861.844300032,15,281.640625,2017.000
1785156861.844300032,15,301.281250,2256.500
1785156861.844300032,15,302.906250,2282.500
1785156861.844300032,9,304.531250,2321.750
1785156861.844300032,7,306.156250,2368.750
1785156861.844300032,15,307.796875,2418.000
1785156861.844300032,12,309.437500,2445.000
1785156861.844300032,15,311.031250,2478.750
1785156861.844300032,12,312.703125,2535.000
1785156861.844300032,13,314.312500,2599.250
1785156861.844300032,9,315.921875,2665.750
1785156861.844300032,10,317.562500,2726.250
1785156861.844300032,12,322.437500,2994.000
1785156861.844300032,9,325.718750,3171.750
1785156861.844300032,15,343.593750,798.250
1785156861.844300032,15,349.093750,591.000
1785156861.844300032,15,350.734375,587.750
1785156861.844300032,15,352.421875,587.000
1785156861.959469080,15,354.109375,587.250
1785156861.959469080,15,355.765625,586.500
1785156861.959469080,15,357.375000,585.750
1785156861.959469080,15,358.890625,586.500
1785156861.959469080,15,0.578125,587.250
1785156861.959469080,15,2.250000,589.000
1785156861.959469080,15,3.812500,591.000
1785156861.959469080,15,5.640625,594.000
1785156861.959469080,15,7.093750,597.500
1785156861.959469080,15,8.687500,601.250
1785156861.959469080,15,10.484375,605.250
1785156861.959469080,13,12.046875,609.750
1785156861.959469080,15,13.609375,615.000
1785156861.959469080,15,15.234375,620.750
1785156861.959469080,15,47.968750,106.000
1785156861.959469080,15,161.906250,10512.250
1785156861.959469080,9,179.937500,10121.000
1785156861.959469080,8,188.156250,8633.750
1785156861.959469080,15,212.921875,3675.000
1785156861.959469080,15,222.796875,3022.500
1785156861.959469080,15,229.421875,2664.000
1785156861.959469080,12,231.078125,2604.750
1785156861.959469080,12,232.734375,2551.500
1785156861.959469080,4,234.390625,2497.000
1785156861.959469080,5,236.015625,2447.750
1785156861.959469080,15,237.656250,2429.500
1785156861.959469080,3,239.312500,2394.250
1785156861.959469080,8,242.609375,2269.000
1785156861.959469080,15,257.421875,2064.250
1785156861.959469080,15,259.062500,2044.750
1785156861.959469080,15,260.703125,2030.500
1785156861.959469080,15,262.359375,2021.250
1785156861.959469080,15,263.984375,2010.500
1785156861.959469080,15,265.640625,2000.250
1785156861.959469080,11,267.265625,1990.000
1785156861.959469080,15,268.921875,1978.500
1785156861.959469080,15,270.531250,1978.000
1785156861.959469080,15,272.218750,1981.500
1785156861.959469080,15,273.812500,1990.000
1785156861.959469080,15,275.390625,2004.250
1785156861.959469080,15,277.031250,2008.750
1785156861.959469080,15,278.671875,2011.500
1785156861.959469080,15,280.328125,2017.500
1785156861.959469080,15,281.937500,2025.000
1785156861.959469080,15,299.953125,2257.000
1785156861.959469080,15,301.578125,2272.250
1785156861.959469080,9,303.218750,2296.000
1785156861.959469080,14,304.859375,2329.500
1785156861.959469080,15,306.453125,2368.000
1785156861.959469080,13,308.093750,2421.000
1785156861.959469080,14,309.703125,2462.500
1785156861.959469080,15,311.375000,2498.000
1785156861.959469080,8,313.000000,2549.250
1785156861.959469080,12,314.625000,2612.000
1785156861.959469080,15,316.234375,2684.500
1785156861.959469080,15,317.859375,2753.250
1785156861.959469080,9,322.796875,3022.750
1785156861.959469080,9,326.062500,3181.000
1785156861.959469080,9,330.953125,3527.250
1785156861.959469080,15,343.812500,798.750
1785156861.959469080,15,349.484375,590.750
1785156861.959469080,15,350.968750,587.750
1785156862.071173906,15,352.812500,585.750
1785156862.071173906,15,354.265625,585.750
1785156862.071173906,15,356.125000,585.500
1785156862.071173906,15,357.531250,585.250
1785156862.071173906,15,359.218750,587.500
1785156862.071173906,15,0.937500,588.000
1785156862.071173906,15,2.593750,589.000
1785156862.071173906,15,4.156250,591.750
1785156862.071173906,15,5.859375,594.750
1785156862.071173906,15,7.328125,598.000
1785156862.071173906,15,8.968750,602.750
1785156862.071173906,15,10.734375,608.250
1785156862.071173906,15,12.265625,611.750
1785156862.071173906,15,13.781250,616.500
1785156862.071173906,15,15.515625,621.750
1785156862.071173906,15,47.015625,107.500
1785156862.071173906,15,48.468750,105.500
1785156862.071173906,15,162.218750,10447.250
1785156862.071173906,7,175.312500,10323.000
1785156862.071173906,15,213.187500,3661.750
1785156862.071173906,15,218.140625,3344.000
1785156862.071173906,6,223.078125,2974.500
1785156862.071173906,15,226.390625,2812.250
1785156862.071173906,15,229.718750,2648.750
1785156862.071173906,9,231.375000,2611.250
1785156862.071173906,15,233.046875,2548.500
1785156862.071173906,12,234.687500,2496.250
1785156862.071173906,8,236.328125,2451.250
1785156862.071173906,11,241.296875,2307.500
1785156862.071173906,15,257.718750,2066.750
1785156862.071173906,15,259.406250,2050.000
1785156862.071173906,15,261.015625,2020.750
1785156862.071173906,15,262.640625,2005.500
1785156862.071173906,15,264.312500,2001.500
1785156862.071173906,14,265.953125,1989.000
1785156862.071173906,15,267.578125,1993.000
1785156862.071173906,15,269.234375,1987.000
1785156862.071173906,15,270.828125,1980.250
1785156862.071173906,15,272.515625,1979.500
1785156862.071173906,15,274.140625,1976.500
1785156862.071173906,15,275.687500,1991.000
1785156862.071173906,15,277.328125,2005.000
1785156862.071173906,15,278.968750,2010.250
1785156862.071173906,15,280.578125,2019.250
1785156862.071173906,15,282.218750,2026.750
1785156862.071173906,15,283.890625,2035.000
1785156862.071173906,15,285.468750,2054.000
1785156862.071173906,14,287.125000,2072.750
1785156862.071173906,15,300.250000,2253.750
1785156862.071173906,15,301.890625,2286.500
1785156862.071173906,10,303.484375,2316.750
1785156862.071173906,15,305.140625,2343.250
1785156862.071173906,15,306.765625,2388.500
1785156862.071173906,12,308.390625,2439.750
1785156862.071173906,15,310.000000,2484.250
1785156862.071173906,15,311.640625,2525.000
1785156862.071173906,15,313.265625,2571.000
1785156862.071173906,13,314.921875,2630.000
1785156862.071173906,14,318.171875,2771.000
1785156862.071173906,10,323.125000,3044.250
1785156862.071173906,9,326.390625,3217.500
1785156862.071173906,15,344.281250,796.750
1785156862.071173906,15,348.218750,591.750
1785156862.071173906,15,349.625000,588.000
1785156862.071173906,15,351.312500,587.750
1785156862.182048082,15,353.046875,585.750
1785156862.182048082,15,354.562500,585.500
1785156862.182048082,15,356.312500,585.500
1785156862.182048082,15,358.046875,585.750
1785156862.182048082,15,359.531250,586.500
1785156862.182048082,15,1.218750,588.000
1785156862.182048082,15,2.828125,590.250
1785156862.182048082,15,4.562500,592.750
1785156862.182048082,15,6.062500,594.250
1785156862.182048082,15,7.718750,597.250
1785156862.182048082,15,9.265625,602.000
1785156862.182048082,14,10.968750,607.000
1785156862.182048082,15,12.484375,611.250
1785156862.182048082,15,14.203125,615.750
1785156862.182048082,15,15.718750,623.000
1785156862.182048082,15,46.406250,106.750
1785156862.182048082,15,48.937500,105.000
1785156862.182048082,15,162.609375,10351.500
1785156862.182048082,15,207.109375,3024.750
1785156862.182048082,15,213.578125,3669.250
1785156862.182048082,15,220.187500,3201.250
1785156862.182048082,11,223.468750,2978.750
1785156862.182048082,15,226.796875,2793.000
1785156862.182048082,14,230.078125,2642.000
1785156862.182048082,10,233.390625,2510.500
1785156862.182048082,5,235.062500,2467.000
1785156862.182048082,9,236.703125,2426.000
1785156862.182048082,12,238.359375,2389.750
1785156862.182048082,12,241.640625,2281.750
1785156862.182048082,8,244.937500,2241.750
1785156862.182048082,11,261.328125,2008.000
1785156862.182048082,11,262.984375,2000.750
1785156862.182048082,10,264.625000,1990.750
1785156862.182048082,10,267.906250,1973.750
1785156862.182048082,8,269.515625,1964.250
1785156862.182048082,9,272.765625,1967.000
1785156862.182048082,8,274.437500,1971.250
1785156862.182048082,8,275.968750,1981.750
1785156862.182048082,10,279.234375,1990.250
1785156862.182048082,12,280.859375,1997.750
1785156862.182048082,12,282.484375,2001.000
1785156862.182048082,12,284.109375,2002.750
1785156862.182048082,11,285.750000,2010.250
1785156862.182048082,15,287.390625,2022.750
1785156862.182048082,6,312.031250,2422.750
1785156862.182048082,15,313.640625,2462.250
1785156862.182048082,15,315.265625,2518.250
1785156862.182048082,15,316.890625,2590.000
1785156862.182048082,10,320.156250,2757.750
1785156862.182048082,8,325.062500,3053.000
1785156862.182048082,6,329.921875,3356.750
1785156862.182048082,15,342.812500,804.250
1785156862.182048082,15,344.406250,800.500
1785156862.182048082,15,348.375000,591.000
1785156862.182048082,15,349.890625,588.000
1785156862.182048082,15,351.750000,586.250
1785156862.296889067,15,353.343750,586.000
1785156862.296889067,15,354.796875,585.500
1785156862.296889067,15,356.609375,584.500
1785156862.296889067,15,358.125000,585.000
1785156862.296889067,15,359.843750,586.250
1785156862.296889067,15,1.546875,588.250
1785156862.296889067,15,2.968750,591.000
1785156862.296889067,15,4.687500,592.500
1785156862.296889067,15,6.453125,594.750
1785156862.296889067,15,7.953125,596.750
1785156862.296889067,15,9.656250,600.500
1785156862.296889067,15,11.109375,606.000
1785156862.296889067,15,12.734375,610.000
1785156862.296889067,14,14.484375,613.500
1785156862.296889067,15,47.328125,106.750
1785156862.296889067,15,50.578125,102.000
1785156862.296889067,15,162.703125,10415.500
1785156862.296889067,8,175.796875,10254.000
1785156862.296889067,8,180.671875,10211.500
1785156862.296889067,15,187.203125,10438.500
1785156862.296889067,15,207.203125,3046.250
1785156862.296889067,15,213.656250,3642.500
1785156862.296889067,10,220.281250,3129.500
1785156862.296889067,8,228.484375,2673.250
1785156862.296889067,10,231.781250,2526.250
1785156862.296889067,9,233.421875,2482.000
1785156862.296889067,12,235.078125,2435.000
1785156862.296889067,10,258.046875,1995.750
1785156862.296889067,8,292.312500,1984.500
1785156862.296889067,13,320.046875,2595.500
1785156862.296889067,12,329.812500,3174.750
1785156862.296889067,15,339.437500,753.750
1785156862.296889067,15,346.484375,601.750
1785156862.296889067,15,348.328125,597.000
1785156862.296889067,15,349.906250,594.750
1785156862.296889067,15,351.546875,594.250
1785156862.407816887,15,353.187500,593.500
1785156862.407816887,15,354.781250,591.500
1785156862.407816887,15,356.421875,591.000
1785156862.407816887,15,357.984375,592.000
1785156862.407816887,15,359.750000,592.250
1785156862.407816887,15,1.390625,591.250
1785156862.407816887,15,2.875000,593.500
1785156862.407816887,15,4.625000,597.500
1785156862.407816887,15,6.093750,599.750
1785156862.407816887,15,7.843750,603.000
1785156862.407816887,15,9.437500,606.000
1785156862.407816887,15,10.953125,608.500
1785156862.407816887,15,12.718750,614.500
1785156862.407816887,15,46.046875,106.750
1785156862.407816887,15,48.703125,104.750
1785156862.407816887,14,51.640625,102.000
1785156862.407816887,15,162.250000,10433.750
1785156862.407816887,15,163.875000,10272.250
1785156862.407816887,9,178.640625,10178.500
1785156862.407816887,8,180.281250,10180.750
1785156862.407816887,8,188.484375,8646.750
1785156862.407816887,15,206.765625,3140.750
1785156862.407816887,13,221.484375,3057.000
1785156862.407816887,7,226.437500,2780.250
1785156862.407816887,15,228.078125,2717.750
1785156862.407816887,7,229.687500,2652.500
1785156862.407816887,10,231.359375,2589.250
1785156862.407816887,8,236.281250,2428.500
1785156862.407816887,15,269.046875,1992.250
1785156862.407816887,12,270.656250,1999.750
1785156862.407816887,11,272.281250,2004.250
1785156862.407816887,12,273.921875,2004.500
1785156862.407816887,13,278.843750,2028.500
1785156862.407816887,15,296.687500,2249.250
1785156862.407816887,15,298.343750,2269.500
1785156862.407816887,15,300.078125,2288.000
1785156862.407816887,9,301.671875,2320.750
1785156862.407816887,15,303.296875,2365.250
1785156862.407816887,15,304.968750,2407.750
1785156862.407816887,8,306.562500,2432.500
1785156862.407816887,15,308.187500,2470.750
1785156862.407816887,15,309.843750,2518.000
1785156862.407816887,15,311.453125,2559.750
1785156862.407816887,13,313.093750,2607.250
1785156862.407816887,15,314.718750,2670.500
1785156862.407816887,15,316.343750,2733.000
1785156862.407816887,13,319.609375,2883.500
1785156862.407816887,10,322.859375,3064.000
1785156862.407816887,14,324.453125,3133.500
1785156862.407816887,9,326.109375,3216.250
1785156862.407816887,8,327.718750,3301.750
1785156862.407816887,15,337.359375,769.000
1785156862.407816887,15,344.375000,610.500
1785156862.407816887,15,346.015625,605.250
1785156862.407816887,15,347.734375,601.750
1785156862.407816887,15,349.468750,601.000
1785156862.407816887,15,351.140625,600.000
1785156862.519958973,15,352.562500,598.250
1785156862.519958973,15,354.265625,597.000
1785156862.519958973,15,355.859375,596.000
1785156862.519958973,15,357.562500,596.750
1785156862.519958973,15,359.328125,596.500
1785156862.519958973,15,0.968750,597.500
1785156862.519958973,15,2.468750,600.250
1785156862.519958973,15,4.031250,602.000
1785156862.519958973,15,5.843750,604.250
1785156862.519958973,15,7.312500,607.750
1785156862.519958973,15,9.109375,611.250
1785156862.519958973,15,10.531250,614.500
1785156862.519958973,15,46.265625,107.750
1785156862.519958973,15,49.125000,105.750
1785156862.519958973,15,162.078125,10448.250
1785156862.519958973,9,176.812500,10258.750
1785156862.519958973,15,208.281250,3050.000
1785156862.519958973,15,214.734375,3684.250
1785156862.519958973,12,229.562500,2713.250
1785156862.519958973,7,232.859375,2592.250
1785156862.519958973,6,236.187500,2462.000
1785156862.519958973,13,237.812500,2427.000
1785156862.519958973,9,239.484375,2382.250
1785156862.519958973,8,241.125000,2323.250
1785156862.519958973,12,262.468750,1995.750
1785156862.519958973,8,264.109375,1988.250
1785156862.519958973,12,267.359375,1973.250
1785156862.519958973,12,269.015625,1965.500
1785156862.519958973,15,270.656250,1962.250
1785156862.519958973,15,273.875000,1963.000
1785156862.519958973,15,275.562500,1975.000
1785156862.519958973,11,277.140625,1981.000
1785156862.519958973,12,278.781250,1993.000
1785156862.519958973,11,280.421875,2001.000
1785156862.519958973,12,282.046875,2002.750
1785156862.519958973,13,283.687500,2003.750
1785156862.519958973,11,286.953125,2016.000
1785156862.519958973,13,311.390625,2480.000
1785156862.519958973,11,313.015625,2518.000
1785156862.519958973,11,314.593750,2586.500
1785156862.519958973,12,316.250000,2652.750
1785156862.519958973,9,317.859375,2720.500
1785156862.519958973,9,321.093750,2896.750
1785156862.519958973,8,324.375000,3074.750
1785156862.519958973,10,325.984375,3151.750
1785156862.519958973,15,327.625000,3238.250
1785156862.519958973,15,335.671875,771.750
1785156862.519958973,15,337.125000,785.750
1785156862.519958973,15,340.984375,625.000
1785156862.519958973,15,342.750000,618.500
1785156862.519958973,15,344.328125,614.500
1785156862.519958973,15,345.906250,612.250
1785156862.519958973,15,347.468750,610.000
1785156862.519958973,15,349.171875,608.000
1785156862.519958973,15,350.906250,606.000
1785156862.634641886,15,352.484375,603.250
1785156862.634641886,15,354.296875,603.000
1785156862.634641886,15,355.921875,602.500
1785156862.634641886,15,357.578125,601.250
1785156862.634641886,15,359.078125,602.000
1785156862.634641886,15,0.890625,603.250
1785156862.634641886,15,2.484375,604.000
1785156862.634641886,15,4.140625,606.000
1785156862.634641886,15,5.671875,609.000
1785156862.634641886,15,7.218750,612.750
1785156862.634641886,15,11.578125,6837.500
1785156862.634641886,15,13.218750,6881.500
1785156862.634641886,15,14.843750,6912.750
1785156862.634641886,15,45.984375,107.500
1785156862.634641886,15,48.703125,105.500
1785156862.634641886,15,161.859375,10495.000
1785156862.634641886,15,163.500000,10370.250
1785156862.634641886,8,174.953125,10217.000
1785156862.634641886,8,181.500000,10147.750
1785156862.634641886,15,214.437500,3726.500
1785156862.634641886,9,230.890625,2721.250
1785156862.634641886,9,234.203125,2603.000
1785156862.634641886,8,239.125000,2477.250
1785156862.634641886,12,242.375000,2422.250
1785156862.634641886,15,245.687500,2286.000
1785156862.634641886,11,311.125000,2487.750
1785156862.634641886,11,312.734375,2533.000
1785156862.634641886,13,314.343750,2598.750
1785156862.634641886,12,315.968750,2665.000
1785156862.634641886,12,317.609375,2724.500
1785156862.634641886,8,320.828125,2882.500
1785156862.634641886,11,324.140625,3060.500
1785156862.634641886,15,327.390625,3220.000
1785156862.634641886,15,332.078125,786.500
1785156862.634641886,15,333.765625,784.000
1785156862.634641886,15,335.359375,797.500
1785156862.634641886,15,339.031250,638.500
1785156862.634641886,15,340.671875,631.750
1785156862.634641886,15,342.406250,626.500
1785156862.634641886,15,343.984375,622.500
1785156862.634641886,15,345.687500,618.750
1785156862.634641886,15,347.421875,616.000
1785156862.634641886,15,348.921875,614.500
1785156862.634641886,15,350.640625,612.000
1785156862.634641886,15,352.343750,610.750
1785156862.745646000,15,353.953125,609.750
1785156862.745646000,15,355.500000,609.250
1785156862.745646000,15,357.171875,610.250
1785156862.745646000,15,358.781250,610.750
1785156862.745646000,15,0.406250,611.250
1785156862.745646000,15,2.078125,612.250
1785156862.745646000,15,3.781250,614.000
1785156862.745646000,15,9.765625,6831.500
1785156862.745646000,15,11.281250,6837.500
1785156862.745646000,15,12.937500,6863.750
1785156862.745646000,15,14.546875,6911.250
1785156862.745646000,15,48.250000,106.000
1785156862.745646000,15,163.328125,10433.250
1785156862.745646000,7,171.531250,10282.000
1785156862.745646000,8,179.656250,10184.500
1785156862.745646000,9,181.281250,10217.500
1785156862.745646000,15,207.640625,3855.250
1785156862.745646000,7,227.406250,2855.500
1785156862.745646000,15,232.343750,2645.750
1785156862.745646000,14,233.984375,2584.250
1785156862.745646000,15,235.609375,2524.250
1785156862.745646000,10,237.281250,2474.250
1785156862.745646000,15,238.921875,2435.500
1785156862.745646000,15,240.562500,2391.750
1785156862.745646000,15,266.875000,2023.500
1785156862.745646000,15,268.468750,2023.250
1785156862.745646000,12,306.015625,2434.500
1785156862.745646000,7,307.640625,2480.250
1785156862.745646000,12,309.281250,2518.750
1785156862.745646000,15,310.906250,2568.750
1785156862.745646000,14,312.531250,2623.500
1785156862.745646000,15,315.781250,2780.750
1785156862.745646000,9,317.390625,2854.500
1785156862.745646000,9,320.671875,3032.750
1785156862.745646000,13,323.953125,3189.750
1785156862.745646000,15,330.218750,801.500
1785156862.745646000,15,331.812500,802.000
1785156862.745646000,15,335.515625,656.750
1785156862.745646000,15,337.187500,648.750
1785156862.745646000,15,338.921875,641.000
1785156862.745646000,15,340.515625,637.000
1785156862.745646000,15,342.125000,634.000
1785156862.745646000,15,343.953125,629.500
1785156862.745646000,15,345.609375,625.000
1785156862.745646000,15,347.234375,621.250
1785156862.745646000,15,348.796875,618.500
1785156862.745646000,15,350.484375,617.250
1785156862.745646000,15,352.125000,616.500
1785156862.859536886,15,353.656250,615.250
1785156862.859536886,15,355.296875,614.500
1785156862.859536886,15,356.953125,614.000
1785156862.859536886,15,358.609375,614.750
1785156862.859536886,15,0.328125,615.750
1785156862.859536886,15,7.953125,801.500
1785156862.859536886,15,11.171875,6809.000
1785156862.859536886,15,12.812500,6881.500
1785156862.859536886,15,14.437500,6935.500
1785156862.859536886,15,47.328125,106.250
1785156862.859536886,15,163.171875,10424.000
1785156862.859536886,10,182.750000,10257.000
1785156862.859536886,15,209.218750,3164.000
1785156862.859536886,15,215.687500,3757.250
1785156862.859536886,13,230.562500,2802.000
1785156862.859536886,10,233.828125,2663.000
1785156862.859536886,14,235.484375,2601.750
1785156862.859536886,9,237.140625,2547.250
1785156862.859536886,15,238.781250,2496.000
1785156862.859536886,9,240.421875,2454.750
1785156862.859536886,15,263.468750,2027.250
1785156862.859536886,10,265.093750,2005.500
1785156862.859536886,13,266.781250,1997.000
1785156862.859536886,15,268.390625,1985.500
1785156862.859536886,15,270.015625,1980.250
1785156862.859536886,15,271.671875,1978.500
1785156862.859536886,15,273.296875,1975.000
1785156862.859536886,15,274.859375,1977.500
1785156862.859536886,15,276.500000,1990.750
1785156862.859536886,15,278.125000,1999.500
1785156862.859536886,11,279.750000,2003.750
1785156862.859536886,9,322.234375,2880.500
1785156862.859536886,15,328.531250,809.000
1785156862.859536886,15,330.156250,811.750
1785156862.859536886,15,333.843750,673.000
1785156862.859536886,15,335.515625,664.500
1785156862.859536886,15,337.062500,657.000
1785156862.859536886,15,338.921875,651.000
1785156862.859536886,15,340.406250,645.750
1785156862.859536886,14,342.093750,639.750
1785156862.859536886,15,343.765625,634.500
1785156862.859536886,15,345.515625,631.750
1785156862.859536886,15,347.093750,628.750
1785156862.859536886,15,348.703125,624.750
1785156862.859536886,15,350.421875,621.500
1785156862.859536886,15,352.031250,619.750
1785156862.971335888,15,353.593750,620.250
1785156862.971335888,15,355.250000,620.500
1785156862.971335888,15,356.843750,618.750
1785156862.971335888,15,358.484375,620.000
1785156862.971335888,15,2.890625,809.500
1785156862.971335888,15,6.234375,773.500
1785156862.971335888,15,9.500000,6774.000
1785156862.971335888,15,11.109375,6805.500
1785156862.971335888,15,12.718750,6851.250
1785156862.971335888,15,14.359375,6933.750
1785156862.971335888,15,16.015625,6978.500
1785156862.971335888,15,47.859375,106.000
1785156862.971335888,15,163.109375,10394.750
1785156862.971335888,9,174.562500,10259.000
1785156862.971335888,8,176.203125,10142.250
1785156862.971335888,15,209.125000,3938.000
1785156862.971335888,10,227.296875,2963.750
1785156862.971335888,9,230.578125,2800.750
1785156862.971335888,15,233.890625,2663.250
1785156862.971335888,10,235.515625,2600.750
1785156862.971335888,10,237.156250,2548.500
1785156862.971335888,15,238.828125,2505.000
1785156862.971335888,13,240.453125,2470.500
1785156862.971335888,9,297.609375,2285.000
1785156862.971335888,15,315.687500,2712.750
1785156862.971335888,10,317.296875,2746.000
1785156862.971335888,7,320.546875,2899.500
1785156862.971335888,15,326.781250,823.250
1785156862.971335888,15,328.437500,827.250
1785156862.971335888,15,332.156250,690.000
1785156862.971335888,12,333.671875,680.500
1785156862.971335888,15,335.421875,671.750
1785156862.971335888,15,337.109375,664.250
1785156862.971335888,15,338.703125,657.750
1785156862.971335888,15,340.515625,652.000
1785156862.971335888,15,342.000000,646.000
1785156862.971335888,15,343.718750,641.500
1785156862.971335888,15,345.375000,638.500
1785156862.971335888,15,347.140625,635.750
1785156862.971335888,15,348.609375,634.000
1785156862.971335888,15,350.312500,631.500
1785156862.971335888,15,351.921875,629.000
1785156863.083120823,15,353.515625,628.750
1785156863.083120823,15,355.265625,627.000
1785156863.083120823,15,2.984375,769.500
1785156863.083120823,15,4.515625,772.000
1785156863.083120823,15,7.859375,6741.000
1785156863.083120823,15,9.484375,6772.000
1785156863.083120823,15,11.125000,6800.750
1785156863.083120823,15,12.765625,6853.250
1785156863.083120823,15,14.390625,6930.250
1785156863.083120823,15,48.500000,106.500
1785156863.083120823,15,51.781250,101.250
1785156863.083120823,15,163.062500,10390.000
1785156863.083120823,9,177.750000,10267.000
1785156863.083120823,15,225.593750,2967.250
1785156863.083120823,8,228.906250,2829.750
1785156863.083120823,15,230.546875,2756.500
1785156863.083120823,9,232.187500,2691.000
1785156863.083120823,15,233.828125,2629.000
1785156863.083120823,5,235.468750,2568.750
1785156863.083120823,15,237.109375,2518.500
1785156863.083120823,7,238.765625,2470.250
1785156863.083120823,13,240.390625,2438.250
1785156863.083120823,15,268.296875,2009.750
1785156863.083120823,15,269.921875,2014.250
1785156863.083120823,15,271.562500,2010.500
1785156863.083120823,12,273.187500,2007.000
1785156863.083120823,15,274.796875,2016.250
1785156863.083120823,15,276.453125,2025.000
1785156863.083120823,3,307.500000,2423.750
1785156863.083120823,10,309.093750,2466.750
1785156863.083120823,15,318.875000,2835.250
1785156863.083120823,15,325.093750,841.250
1785156863.083120823,15,326.640625,846.500
1785156863.083120823,15,330.296875,708.250
1785156863.083120823,15,332.015625,697.000
1785156863.083120823,15,333.515625,688.250
1785156863.083120823,9,335.296875,679.750
1785156863.083120823,15,337.000000,670.000
1785156863.083120823,13,338.609375,663.750
1785156863.083120823,15,340.296875,658.000
1785156863.083120823,15,341.812500,653.000
1785156863.083120823,15,343.656250,649.000
1785156863.083120823,15,345.140625,644.000
1785156863.083120823,15,346.828125,642.000
1785156863.083120823,15,348.531250,640.500
1785156863.083120823,15,350.265625,637.750
1785156863.083120823,15,351.734375,635.500
1785156863.196985006,15,359.546875,768.750
1785156863.196985006,15,1.312500,762.750
1785156863.196985006,15,6.109375,6743.250
1785156863.196985006,15,7.734375,6737.500
1785156863.196985006,15,9.375000,6771.000
1785156863.196985006,15,10.984375,6796.750
1785156863.196985006,15,12.609375,6830.250
1785156863.196985006,15,14.250000,6881.500
1785156863.196985006,9,15.875000,6917.250
1785156863.196985006,15,47.515625,106.250
1785156863.196985006,15,162.953125,10419.000
1785156863.196985006,15,164.609375,10322.750
1785156863.196985006,8,172.781250,10245.250
1785156863.196985006,8,228.750000,2849.500
1785156863.196985006,15,230.390625,2772.750
1785156863.196985006,15,232.031250,2710.000
1785156863.196985006,15,233.671875,2648.250
1785156863.196985006,15,266.484375,2030.000
1785156863.196985006,15,268.125000,2025.750
1785156863.196985006,15,269.781250,2027.500
1785156863.196985006,15,271.390625,2033.250
1785156863.196985006,13,273.062500,2034.000
1785156863.196985006,12,274.687500,2035.750
1785156863.196985006,15,276.281250,2044.250
1785156863.196985006,15,304.046875,2383.500
1785156863.196985006,7,313.843750,2594.250
1785156863.196985006,15,323.109375,858.500
1785156863.196985006,15,326.828125,737.000
1785156863.196985006,15,328.406250,724.250
1785156863.196985006,15,330.218750,712.500
1785156863.196985006,15,331.875000,703.250
1785156863.196985006,15,333.578125,694.500
1785156863.196985006,15,335.062500,685.000
1785156863.196985006,11,336.906250,677.250
1785156863.196985006,15,338.375000,670.750
1785156863.196985006,13,340.187500,665.500
1785156863.196985006,15,341.734375,660.000
1785156863.196985006,15,343.531250,655.500
1785156863.196985006,15,345.062500,652.750
1785156863.196985006,15,346.703125,650.000
1785156863.196985006,15,348.328125,647.250
1785156863.308897972,15,356.250000,774.750
1785156863.308897972,15,359.406250,753.000
1785156863.308897972,15,4.328125,6714.500
1785156863.308897972,15,5.984375,6725.500
1785156863.308897972,15,7.625000,6711.250
1785156863.308897972,15,9.250000,6718.500
1785156863.308897972,15,10.828125,6778.750
1785156863.308897972,15,12.484375,6861.000
1785156863.308897972,15,14.109375,6890.250
1785156863.308897972,15,15.734375,6924.750
1785156863.308897972,15,26.921875,920.750
1785156863.308897972,15,47.015625,106.500
1785156863.308897972,15,49.531250,104.750
1785156863.308897972,15,162.750000,10428.250
1785156863.308897972,15,164.390625,10340.250
1785156863.308897972,8,235.031250,2583.000
1785156863.308897972,15,267.937500,1996.250
1785156863.308897972,15,269.578125,1992.000
1785156863.308897972,14,271.203125,1993.750
1785156863.308897972,15,272.859375,1996.500
1785156863.308897972,15,274.484375,1995.500
1785156863.308897972,15,276.093750,2001.750
1785156863.308897972,15,277.703125,2010.250
1785156863.308897972,11,279.359375,2018.000
1785156863.308897972,14,281.015625,2024.250
1785156863.308897972,15,321.296875,878.250
1785156863.308897972,15,324.843750,758.250
1785156863.308897972,15,326.453125,745.750
1785156863.308897972,14,328.171875,734.500
1785156863.308897972,15,329.859375,725.000
1785156863.308897972,14,331.468750,715.750
1785156863.308897972,15,333.203125,705.750
1785156863.308897972,15,334.796875,695.750
1785156863.308897972,15,336.515625,686.750
1785156863.308897972,15,338.125000,680.750
1785156863.308897972,15,339.812500,674.000
1785156863.308897972,15,341.421875,667.750
1785156863.308897972,12,343.218750,662.750
1785156863.308897972,14,344.765625,658.250
1785156863.308897972,15,346.437500,654.750
1785156863.423173189,15,352.687500,780.250
1785156863.423173189,15,354.406250,765.750
1785156863.423173189,15,355.984375,754.250
1785156863.423173189,15,357.656250,755.000
1785156863.423173189,15,2.484375,6741.250
1785156863.423173189,15,4.140625,6697.500
1785156863.423173189,15,5.765625,6710.250
1785156863.423173189,15,7.406250,6765.500
1785156863.423173189,15,9.062500,6775.250
1785156863.423173189,15,10.687500,6763.750
1785156863.423173189,15,12.312500,6808.500
1785156863.423173189,15,13.953125,6877.250
1785156863.423173189,15,15.578125,6950.500
1785156863.423173189,15,25.140625,915.500
1785156863.423173189,15,46.921875,106.500
1785156863.423173189,15,51.000000,101.500
1785156863.423173189,15,164.359375,10336.500
1785156863.423173189,7,175.812500,10283.000
1785156863.423173189,8,179.125000,10273.000
1785156863.423173189,15,210.375000,3937.750
1785156863.423173189,12,269.609375,2001.250
1785156863.423173189,14,271.250000,2002.500
1785156863.423173189,13,272.890625,1998.250
1785156863.423173189,14,276.093750,2013.000
1785156863.423173189,15,319.609375,895.250
1785156863.423173189,15,323.031250,782.000
1785156863.423173189,15,324.828125,768.250
1785156863.423173189,15,326.593750,753.250
1785156863.423173189,15,328.125000,740.250
1785156863.423173189,15,329.781250,730.000
1785156863.423173189,15,331.578125,722.000
1785156863.423173189,15,333.171875,713.000
1785156863.423173189,15,334.937500,702.250
1785156863.423173189,15,336.578125,693.250
1785156863.423173189,15,338.125000,687.250
1785156863.423173189,14,339.812500,681.250
1785156863.423173189,13,341.468750,675.000
1785156863.423173189,15,349.375000,793.000
1785156863.423173189,15,351.125000,776.000
1785156863.534438848,15,352.828125,760.500
1785156863.534438848,15,354.437500,752.000
1785156863.534438848,15,359.218750,7043.500
1785156863.534438848,15,2.515625,6740.000
1785156863.534438848,15,4.156250,6702.750
1785156863.534438848,15,5.796875,6711.250
1785156863.534438848,15,7.437500,6758.250
1785156863.534438848,15,9.078125,6769.500
1785156863.534438848,15,10.640625,6811.000
1785156863.534438848,15,12.265625,6858.250
1785156863.534438848,15,13.906250,6884.500
1785156863.534438848,15,15.546875,6956.500
1785156863.534438848,15,21.859375,921.250
1785156863.534438848,15,23.406250,910.500
1785156863.534438848,15,46.968750,106.250
1785156863.534438848,15,48.359375,104.500
1785156863.534438848,15,50.828125,101.500
1785156863.534438848,9,170.937500,10289.750
1785156863.534438848,9,177.500000,10168.250
1785156863.534438848,15,318.046875,915.750
1785156863.534438848,15,321.500000,803.000
1785156863.534438848,13,323.218750,788.250
1785156863.534438848,15,324.843750,775.250
1785156863.534438848,15,326.500000,760.750
1785156863.534438848,13,328.328125,747.500
1785156863.534438848,15,329.984375,737.000
1785156863.534438848,15,331.671875,726.750
1785156863.534438848,15,333.203125,718.250
1785156863.534438848,15,334.968750,709.250
1785156863.534438848,15,336.515625,702.500
1785156863.534438848,15,338.328125,695.000
1785156863.534438848,15,339.953125,688.000
1785156863.534438848,15,347.890625,796.750
1785156863.534438848,15,351.265625,755.500
1785156863.645667076,15,352.890625,756.500
1785156863.645667076,15,357.687500,7005.000
1785156863.645667076,15,359.328125,7026.750
1785156863.645667076,15,2.640625,6741.750
1785156863.645667076,15,4.281250,6738.000
1785156863.645667076,15,5.906250,6734.250
1785156863.645667076,15,7.562500,6719.500
1785156863.645667076,15,9.203125,6724.750
1785156863.645667076,15,10.734375,6797.500
1785156863.645667076,15,12.390625,6877.000
1785156863.645667076,15,14.000000,6891.000
1785156863.645667076,15,15.640625,6927.250
1785156863.645667076,15,20.281250,916.250
1785156863.645667076,15,21.890625,915.250
1785156863.645667076,15,47.828125,106.750
1785156863.645667076,15,50.109375,104.750
1785156863.645667076,15,50.937500,101.750
1785156863.645667076,9,179.125000,10284.500
1785156863.645667076,7,182.390625,10201.250
1785156863.645667076,6,238.484375,2475.750
1785156863.645667076,8,240.125000,2436.250
1785156863.645667076,15,316.421875,940.500
1785156863.645667076,14,319.828125,828.500
1785156863.645667076,15,321.515625,811.750
1785156863.645667076,15,323.203125,796.000
1785156863.645667076,10,324.906250,781.750
1785156863.645667076,11,326.562500,768.500
1785156863.645667076,15,328.234375,754.750
1785156863.645667076,15,330.031250,743.500
1785156863.645667076,15,331.640625,734.750
1785156863.645667076,15,333.359375,726.000
1785156863.645667076,15,334.906250,717.250
1785156863.645667076,15,336.656250,709.250
1785156863.645667076,15,347.953125,762.250
1785156863.645667076,15,349.625000,758.500
1785156863.645667076,15,351.250000,768.000
1785156863.760607958,15,354.468750,7111.250
1785156863.760607958,15,356.109375,6986.750
1785156863.760607958,15,357.750000,6956.250
1785156863.760607958,15,359.390625,6919.000
1785156863.760607958,15,1.046875,6791.750
1785156863.760607958,15,2.671875,6745.500
1785156863.760607958,15,4.312500,6762.500
1785156863.760607958,15,5.953125,6768.250
1785156863.760607958,15,7.593750,6753.000
1785156863.760607958,15,9.234375,6729.750
1785156863.760607958,15,10.796875,6757.750
1785156863.760607958,15,12.421875,6830.500
1785156863.760607958,15,14.062500,6935.250
1785156863.760607958,15,20.343750,916.000
1785156863.760607958,15,47.671875,106.500
1785156863.760607958,15,50.718750,101.250
1785156863.760607958,15,164.578125,10263.750
1785156863.760607958,10,172.765625,10210.500
1785156863.760607958,7,182.593750,10179.250
1785156863.760607958,15,207.343750,3986.250
1785156863.760607958,8,242.000000,2451.750
1785156863.760607958,15,315.031250,962.500
1785156863.760607958,11,318.500000,851.500
1785156863.760607958,14,320.218750,831.500
1785156863.760607958,13,321.906250,813.500
1785156863.760607958,12,323.625000,798.500
1785156863.760607958,14,325.171875,784.750
1785156863.760607958,14,326.937500,771.750
1785156863.760607958,15,328.625000,759.250
1785156863.760607958,15,330.171875,747.500
1785156863.760607958,15,331.953125,737.250
1785156863.760607958,15,333.625000,728.750
1785156863.760607958,15,344.937500,772.000
1785156863.760607958,15,346.593750,764.750
1785156863.760607958,15,348.140625,767.000
1785156863.871664047,15,353.046875,7093.250
1785156863.871664047,15,354.687500,7082.250
1785156863.871664047,15,356.312500,7080.750
1785156863.871664047,15,357.984375,7054.250
1785156863.871664047,15,1.265625,6775.250
1785156863.871664047,15,2.906250,6744.000
1785156863.871664047,15,4.531250,6704.250
1785156863.871664047,15,6.171875,6715.000
1785156863.871664047,15,7.812500,6735.000
1785156863.871664047,15,9.453125,6769.750
1785156863.871664047,15,11.078125,6840.500
1785156863.871664047,15,12.718750,6878.250
1785156863.871664047,15,19.046875,925.500
1785156863.871664047,15,20.531250,931.500
1785156863.871664047,15,26.687500,1284.250
1785156863.871664047,15,47.468750,106.500
1785156863.871664047,15,164.718750,10246.750
1785156863.871664047,10,182.765625,10205.500
1785156863.871664047,11,237.125000,2582.000
1785156863.871664047,15,238.796875,2538.000
1785156863.871664047,11,240.421875,2489.750
1785156863.871664047,8,296.046875,2274.750
1785156863.871664047,15,313.375000,988.250
1785156863.871664047,11,316.812500,876.750
1785156863.871664047,13,318.609375,858.000
1785156863.871664047,15,320.265625,839.000
1785156863.871664047,14,321.953125,821.250
1785156863.871664047,15,323.593750,805.750
1785156863.871664047,14,325.203125,792.750
1785156863.871664047,15,326.890625,779.250
1785156863.871664047,14,328.593750,765.500
1785156863.871664047,14,330.312500,753.000
1785156863.871664047,15,331.906250,743.500
1785156863.871664047,15,343.390625,771.500
1785156863.871664047,15,344.984375,770.250
1785156863.871664047,15,346.578125,778.250
1785156863.983942986,15,354.703125,7051.750
1785156863.983942986,15,356.343750,7035.500
1785156863.983942986,15,357.968750,7032.750
1785156863.983942986,15,1.265625,6710.000
1785156863.983942986,15,2.906250,6715.000
1785156863.983942986,15,4.531250,6715.250
1785156863.983942986,15,6.187500,6715.000
1785156863.983942986,15,7.812500,6732.500
1785156863.983942986,15,9.437500,6742.000
1785156863.983942986,15,11.078125,6805.750
1785156863.983942986,15,12.718750,6877.750
1785156863.983942986,15,14.359375,6921.500
1785156863.983942986,15,18.921875,956.500
1785156863.983942986,15,20.609375,944.750
1785156863.983942986,15,47.953125,106.500
1785156863.983942986,8,176.140625,10342.750
1785156863.983942986,10,177.765625,10209.250
1785156863.983942986,15,313.328125,998.750
1785156863.983942986,15,316.750000,886.750
1785156863.983942986,14,321.906250,829.250
1785156863.983942986,11,323.468750,815.250
1785156863.983942986,15,325.234375,799.500
1785156863.983942986,15,326.796875,786.000
1785156863.983942986,14,328.562500,775.500
1785156863.983942986,15,330.234375,764.000
1785156863.983942986,11,331.796875,756.000
1785156863.983942986,15,340.000000,783.250
1785156863.983942986,15,341.578125,778.500
1785156863.983942986,15,343.140625,781.750
1785156864.098098993,15,354.718750,7055.750
1785156864.098098993,15,356.359375,7038.250
1785156864.098098993,15,358.015625,7031.500
1785156864.098098993,15,1.296875,6711.750
1785156864.098098993,15,2.937500,6715.750
1785156864.098098993,15,4.562500,6722.250
1785156864.098098993,15,6.203125,6718.750
1785156864.098098993,15,7.859375,6729.000
1785156864.098098993,15,9.500000,6766.000
1785156864.098098993,15,11.078125,6830.500
1785156864.098098993,15,12.703125,6904.750
1785156864.098098993,15,14.343750,6948.250
1785156864.098098993,15,15.984375,7001.500
1785156864.098098993,15,22.140625,1026.000
1785156864.098098993,15,23.687500,1022.000
1785156864.098098993,15,25.375000,1028.250
1785156864.098098993,15,47.421875,106.000
1785156864.098098993,15,164.578125,10258.000
1785156864.098098993,9,182.640625,10165.500
1785156864.098098993,10,236.953125,2671.500
1785156864.098098993,8,238.593750,2610.250
1785156864.098098993,9,240.250000,2561.000
1785156864.098098993,15,241.875000,2535.000
1785156864.098098993,15,311.453125,1024.250
1785156864.098098993,15,316.656250,894.250
1785156864.098098993,13,318.234375,877.000
1785156864.098098993,10,319.890625,858.500
1785156864.098098993,13,321.578125,839.250
1785156864.098098993,11,323.250000,822.250
1785156864.098098993,14,325.031250,807.250
1785156864.098098993,15,326.687500,796.000
1785156864.098098993,15,328.390625,784.000
1785156864.098098993,15,338.187500,790.000
1785156864.098098993,15,339.765625,787.250
1785156864.098098993,15,341.437500,793.000
1785156864.210137129,15,352.984375,7100.250
1785156864.210137129,15,354.625000,7063.500
1785156864.210137129,15,356.250000,7057.750
1785156864.210137129,12,357.906250,6993.500
1785156864.210137129,15,359.562500,6865.750
1785156864.210137129,15,1.203125,6802.500
1785156864.210137129,15,2.859375,6754.750
1785156864.210137129,15,4.500000,6724.750
1785156864.210137129,15,6.125000,6725.250
1785156864.210137129,15,7.781250,6733.750
1785156864.210137129,15,9.437500,6772.250
1785156864.210137129,15,10.953125,6799.750
1785156864.210137129,15,12.578125,6868.000
1785156864.210137129,15,14.218750,6922.750
1785156864.210137129,15,15.843750,6983.000
1785156864.210137129,15,21.750000,1271.250
1785156864.210137129,15,23.328125,1285.500
1785156864.210137129,15,26.765625,1119.750
1785156864.210137129,15,47.593750,106.750
1785156864.210137129,15,167.765625,10191.500
1785156864.210137129,7,175.953125,10086.000
1785156864.210137129,11,238.359375,2496.750
1785156864.210137129,9,316.187500,905.500
1785156864.210137129,11,317.843750,884.500
1785156864.210137129,13,322.906250,833.750
1785156864.210137129,15,324.593750,817.000
1785156864.210137129,15,326.218750,802.250
1785156864.210137129,15,336.203125,800.000
1785156864.210137129,15,337.703125,799.000
1785156864.210137129,15,339.453125,806.750
1785156864.323717833,15,352.562500,7121.500
1785156864.323717833,15,354.203125,7104.250
1785156864.323717833,15,355.828125,7023.750
1785156864.323717833,15,357.484375,6986.500
1785156864.323717833,15,0.765625,6741.000
1785156864.323717833,15,2.390625,6735.500
1785156864.323717833,15,4.046875,6759.750
1785156864.323717833,15,5.671875,6765.250
1785156864.323717833,15,7.312500,6752.500
1785156864.323717833,15,8.953125,6756.750
1785156864.323717833,15,10.531250,6771.250
1785156864.323717833,15,12.171875,6835.000
1785156864.323717833,15,13.796875,6911.250
1785156864.323717833,15,15.421875,6935.250
1785156864.323717833,15,21.281250,1266.500
1785156864.323717833,15,47.765625,106.500
1785156864.323717833,15,48.656250,105.000
1785156864.323717833,15,51.296875,102.000
1785156864.323717833,15,164.109375,10144.000
1785156864.323717833,7,177.203125,10070.500
1785156864.323717833,8,182.109375,10108.750
1785156864.323717833,15,226.546875,3056.250
1785156864.323717833,9,233.156250,2702.750
1785156864.323717833,14,269.312500,2000.250
1785156864.323717833,14,272.609375,2003.250
1785156864.323717833,15,274.250000,2013.250
1785156864.323717833,15,275.796875,2025.250
1785156864.323717833,10,277.390625,2032.500
1785156864.323717833,15,309.265625,1070.000
1785156864.323717833,11,317.609375,888.750
1785156864.323717833,12,322.718750,833.250
1785156864.323717833,14,324.343750,817.500
1785156864.323717833,15,334.281250,810.500
1785156864.323717833,15,335.937500,811.000
1785156864.435688019,15,352.343750,7118.500
1785156864.435688019,15,353.968750,7102.750
1785156864.435688019,15,355.625000,7049.750
1785156864.435688019,9,357.250000,6968.500
1785156864.435688019,15,358.921875,6835.750
1785156864.435688019,15,0.562500,6736.750
1785156864.435688019,15,2.187500,6734.000
1785156864.435688019,15,3.828125,6751.000
1785156864.435688019,15,5.468750,6791.250
1785156864.435688019,15,7.109375,6782.750
1785156864.435688019,15,8.750000,6756.750
1785156864.435688019,15,10.312500,6814.500
1785156864.435688019,15,11.921875,6868.250
1785156864.435688019,15,13.562500,6883.000
1785156864.435688019,15,15.203125,6958.250
1785156864.435688019,15,19.421875,1266.250
1785156864.435688019,15,20.984375,1269.000
1785156864.435688019,15,47.156250,106.750
1785156864.435688019,15,48.062500,105.000
1785156864.435688019,14,50.687500,102.000
1785156864.435688019,10,183.437500,10240.500
1785156864.435688019,15,264.109375,2015.500
1785156864.435688019,13,265.750000,2000.750
1785156864.435688019,15,267.406250,1993.000
1785156864.435688019,15,269.062500,1982.750
1785156864.435688019,15,270.671875,1982.750
1785156864.435688019,15,272.328125,1988.000
1785156864.435688019,15,273.906250,1994.500
1785156864.435688019,11,275.500000,2003.750
1785156864.435688019,15,277.156250,2011.000
1785156864.435688019,15,278.765625,2010.000
1785156864.435688019,12,317.500000,902.500
1785156864.435688019,13,319.093750,881.750
1785156864.435688019,8,320.843750,867.250
1785156864.435688019,15,322.421875,849.250
1785156864.435688019,15,330.703125,836.000
1785156864.435688019,15,332.421875,824.750
1785156864.435688019,15,333.921875,825.500
1785156864.435688019,15,335.640625,833.500
1785156864.435688019,8,340.750000,4437.500
1785156864.547309160,15,355.328125,7042.000
1785156864.547309160,8,356.968750,6983.500
1785156864.547309160,15,0.234375,6735.500
1785156864.547309160,15,1.875000,6741.250
1785156864.547309160,15,3.515625,6734.000
1785156864.547309160,15,5.156250,6710.000
1785156864.547309160,15,6.796875,6732.750
1785156864.547309160,15,8.421875,6754.000
1785156864.547309160,15,10.062500,6772.750
1785156864.547309160,15,11.640625,6837.500
1785156864.547309160,15,13.265625,6899.500
1785156864.547309160,15,14.906250,6953.250
1785156864.547309160,15,19.109375,1273.250
1785156864.547309160,15,20.687500,1268.500
1785156864.547309160,15,47.156250,107.250
1785156864.547309160,15,48.031250,105.250
1785156864.547309160,15,50.906250,102.500
1785156864.547309160,7,181.781250,10176.500
1785156864.547309160,8,211.359375,4092.500
1785156864.547309160,11,267.421875,2030.500
1785156864.547309160,15,269.015625,2018.000
1785156864.547309160,15,270.640625,2014.000
1785156864.547309160,15,272.328125,2023.500
1785156864.547309160,15,273.953125,2026.000
1785156864.547309160,15,307.312500,1115.000
1785156864.547309160,12,320.828125,873.250
1785156864.547309160,15,329.062500,847.000
1785156864.547309160,15,330.703125,838.000
1785156864.547309160,15,332.406250,840.250
1785156864.547309160,15,333.937500,853.250
1785156864.661153078,15,353.796875,7108.250
1785156864.661153078,15,355.453125,7043.750
1785156864.661153078,11,357.093750,6912.250
1785156864.661153078,15,358.718750,6777.000
1785156864.661153078,15,0.375000,6734.000
1785156864.661153078,15,2.000000,6722.750
1785156864.661153078,15,3.640625,6724.000
1785156864.661153078,15,5.296875,6748.250
1785156864.661153078,15,6.921875,6779.250
1785156864.661153078,15,8.562500,6764.250
1785156864.661153078,15,10.218750,6766.000
1785156864.661153078,15,11.843750,6832.500
1785156864.661153078,15,13.484375,6887.750
1785156864.661153078,15,15.125000,6957.000
1785156864.661153078,15,20.937500,1277.500
1785156864.661153078,15,46.906250,107.250
1785156864.661153078,15,48.578125,105.250
1785156864.661153078,7,173.671875,10253.000
1785156864.661153078,7,185.156250,10146.250
1785156864.661153078,15,229.656250,2751.750
1785156864.661153078,11,231.296875,2691.500
1785156864.661153078,8,232.953125,2623.250
1785156864.661153078,15,234.578125,2549.750
1785156864.661153078,14,236.218750,2481.250
1785156864.661153078,13,237.859375,2423.250
1785156864.661153078,15,269.015625,1987.750
1785156864.661153078,15,270.671875,1984.250
1785156864.661153078,15,272.281250,1990.500
1785156864.661153078,13,273.906250,1996.250
1785156864.661153078,15,275.562500,2000.250
1785156864.661153078,11,277.203125,2002.000
1785156864.661153078,14,278.828125,2001.750
1785156864.661153078,15,327.421875,863.500
1785156864.661153078,15,329.062500,856.750
1785156864.661153078,15,330.656250,860.500
1785156864.661153078,15,332.312500,866.250
1785156864.773029804,15,353.765625,7104.750
1785156864.773029804,15,355.390625,7041.250
1785156864.773029804,15,358.687500,6684.750
1785156864.773029804,15,0.328125,6730.250
1785156864.773029804,15,1.953125,6726.750
1785156864.773029804,15,3.609375,6731.000
1785156864.773029804,15,5.234375,6749.500
1785156864.773029804,15,6.875000,6772.000
1785156864.773029804,15,8.515625,6793.250
1785156864.773029804,15,10.156250,6816.250
1785156864.773029804,15,11.765625,6851.500
1785156864.773029804,15,13.406250,6904.250
1785156864.773029804,15,15.046875,6952.000
1785156864.773029804,15,16.671875,6998.750
1785156864.773029804,15,22.484375,1325.000
1785156864.773029804,15,24.046875,1338.500
1785156864.773029804,15,47.359375,107.500
1785156864.773029804,15,49.062500,105.250
1785156864.773029804,15,165.453125,10166.500
1785156864.773029804,15,226.406250,2989.000
1785156864.773029804,12,229.656250,2790.250
1785156864.773029804,15,231.281250,2723.750
1785156864.773029804,15,232.921875,2664.250
1785156864.773029804,15,236.234375,2520.000
1785156864.773029804,9,237.906250,2453.000
1785156864.773029804,8,265.781250,2002.000
1785156864.773029804,15,267.437500,1992.750
1785156864.773029804,12,269.062500,1985.000
1785156864.773029804,12,270.703125,1983.250
1785156864.773029804,10,272.312500,1983.500
1785156864.773029804,12,273.937500,1982.500
1785156864.773029804,10,275.625000,1985.500
1785156864.773029804,9,277.265625,1987.750
1785156864.773029804,15,278.906250,1987.750
1785156864.773029804,13,280.484375,1994.500
1785156864.773029804,15,305.578125,1162.250
1785156864.773029804,15,307.312500,1145.000
1785156864.773029804,11,317.375000,934.500
1785156864.773029804,15,320.593750,934.500
1785156864.773029804,15,322.265625,936.500
1785156864.773029804,15,325.750000,880.250
1785156864.773029804,15,327.406250,873.250
1785156864.773029804,15,328.953125,878.250
1785156864.884171963,15,355.468750,7034.000
1785156864.884171963,15,358.765625,6772.500
1785156864.884171963,15,0.406250,6766.000
1785156864.884171963,15,2.031250,6731.750
1785156864.884171963,15,3.687500,6734.250
1785156864.884171963,15,5.328125,6720.250
1785156864.884171963,15,6.953125,6741.000
1785156864.884171963,15,8.609375,6772.750
1785156864.884171963,15,10.250000,6781.000
1785156864.884171963,15,11.812500,6834.500
1785156864.884171963,15,13.453125,6925.500
1785156864.884171963,15,15.078125,6991.250
1785156864.884171963,15,16.718750,7022.000
1785156864.884171963,15,47.140625,107.250
1785156864.884171963,15,49.187500,105.250
1785156864.884171963,10,176.968750,10143.250
1785156864.884171963,8,183.515625,10218.250
1785156864.884171963,7,229.687500,2774.250
1785156864.884171963,13,231.312500,2725.500
1785156864.884171963,12,232.984375,2664.000
1785156864.884171963,8,234.640625,2596.000
1785156864.884171963,10,262.656250,2005.750
1785156864.884171963,13,264.296875,2004.500
1785156864.884171963,11,265.937500,1996.750
1785156864.884171963,10,267.593750,1993.000
1785156864.884171963,9,269.250000,1982.250
1785156864.884171963,13,270.859375,1979.250
1785156864.884171963,13,272.531250,1985.000
1785156864.884171963,10,274.109375,1983.000
1785156864.884171963,11,275.734375,1984.500
1785156864.884171963,9,277.343750,1992.250
1785156864.884171963,15,278.984375,1994.500
1785156864.884171963,11,280.593750,1998.500
1785156864.884171963,15,305.765625,1172.750
1785156864.884171963,15,307.375000,1158.750
1785156864.884171963,15,309.046875,1138.000
1785156864.884171963,15,320.859375,928.500
1785156864.884171963,15,322.515625,917.000
1785156864.884171963,15,324.109375,896.750
1785156864.884171963,15,325.796875,890.750
1785156864.884171963,15,327.468750,895.750
1785156864.998522997,15,353.937500,7099.750
1785156864.998522997,9,355.578125,7010.250
1785156864.998522997,15,357.234375,6843.250
1785156864.998522997,15,358.875000,6745.250
1785156864.998522997,15,0.531250,6733.500
1785156864.998522997,15,2.156250,6730.500
1785156864.998522997,15,3.796875,6750.000
1785156864.998522997,15,5.453125,6761.500
1785156864.998522997,15,7.093750,6756.500
1785156864.998522997,15,8.718750,6761.000
1785156864.998522997,15,10.312500,6788.000
1785156864.998522997,15,11.921875,6843.250
1785156864.998522997,15,13.562500,6922.250
1785156864.998522997,15,15.187500,6985.750
1785156864.998522997,15,16.828125,7021.750
1785156864.998522997,15,47.484375,106.750
1785156864.998522997,15,49.406250,105.000
1785156864.998522997,15,50.390625,102.250
1785156864.998522997,15,165.671875,10133.750
1785156864.998522997,8,233.140625,2625.000
1785156864.998522997,10,261.140625,2010.250
1785156864.998522997,12,262.796875,1999.500
1785156864.998522997,15,264.453125,1994.250
1785156864.998522997,8,267.734375,1985.500
1785156864.998522997,8,272.656250,1978.750
1785156864.998522997,11,279.093750,1985.750
1785156864.998522997,15,280.718750,1997.500
1785156864.998522997,11,285.593750,2001.250
1785156864.998522997,15,304.156250,1207.750
1785156864.998522997,15,305.812500,1189.500
1785156864.998522997,15,307.515625,1169.750
1785156864.998522997,15,309.171875,1147.000
1785156864.998522997,15,317.437500,1030.750
1785156864.998522997,15,320.937500,938.250
1785156864.998522997,15,322.593750,918.250
1785156864.998522997,15,324.265625,911.750
1785156864.998522997,15,325.812500,917.750
1785156865.110145092,15,354.000000,7095.000
1785156865.110145092,15,357.265625,6824.500
1785156865.110145092,15,358.906250,6778.750
1785156865.110145092,15,0.562500,6732.500
1785156865.110145092,15,2.187500,6730.750
1785156865.110145092,15,3.812500,6722.750
1785156865.110145092,15,5.453125,6736.500
1785156865.110145092,15,7.093750,6758.750
1785156865.110145092,15,8.718750,6763.500
1785156865.110145092,15,10.312500,6792.500
1785156865.110145092,15,11.937500,6850.750
1785156865.110145092,15,13.562500,6923.500
1785156865.110145092,15,15.203125,7010.000
1785156865.110145092,15,46.875000,107.000
1785156865.110145092,15,48.546875,105.000
1785156865.110145092,8,178.687500,10174.500
1785156865.110145092,9,183.578125,10233.250
1785156865.110145092,9,239.625000,2395.000
1785156865.110145092,15,244.593750,2273.500
1785156865.110145092,12,262.656250,1998.750
1785156865.110145092,15,264.296875,1984.750
1785156865.110145092,15,265.953125,1965.250
1785156865.110145092,13,283.890625,1968.000
1785156865.110145092,12,285.484375,1981.250
1785156865.110145092,15,287.156250,1987.500
1785156865.110145092,12,288.765625,1996.750
1785156865.110145092,12,290.406250,2010.750
1785156865.110145092,15,304.062500,1224.250
1785156865.110145092,15,305.734375,1205.500
1785156865.110145092,15,307.328125,1186.000
1785156865.110145092,15,309.015625,1175.000
1785156865.110145092,15,310.578125,1184.750
1785156865.110145092,15,320.812500,941.000
1785156865.110145092,15,322.468750,933.750
1785156865.110145092,15,324.125000,939.250
1785156865.110145092,15,325.734375,953.500
1785156865.224210978,15,353.890625,7091.750
1785156865.224210978,15,357.203125,6761.250
1785156865.224210978,15,358.828125,6725.750
1785156865.224210978,15,0.453125,6722.500
1785156865.224210978,15,2.093750,6734.000
1785156865.224210978,15,3.750000,6720.000
1785156865.224210978,15,5.375000,6735.000
1785156865.224210978,15,7.015625,6757.000
1785156865.224210978,15,8.656250,6763.500
1785156865.224210978,15,10.234375,6792.750
1785156865.224210978,15,11.859375,6846.250
1785156865.224210978,15,13.500000,6921.250
1785156865.224210978,15,15.109375,6975.250
1785156865.224210978,15,47.390625,107.000
1785156865.224210978,15,47.828125,105.000
1785156865.224210978,8,228.000000,2722.750
1785156865.224210978,14,229.609375,2693.000
1785156865.224210978,10,231.296875,2646.000
1785156865.224210978,15,232.937500,2580.250
1785156865.224210978,11,234.562500,2511.000
1785156865.224210978,9,236.250000,2459.250
1785156865.224210978,12,237.875000,2404.000
1785156865.224210978,15,239.531250,2349.750
1785156865.224210978,15,255.906250,2070.750
1785156865.224210978,15,257.593750,2048.250
1785156865.224210978,15,259.203125,2036.000
1785156865.224210978,15,260.828125,2028.500
1785156865.224210978,15,262.468750,2016.500
1785156865.224210978,15,264.109375,2005.750
1785156865.224210978,15,265.765625,1996.250
1785156865.224210978,11,267.390625,1983.000
1785156865.224210978,8,270.671875,1980.750
1785156865.224210978,9,272.312500,1976.250
1785156865.224210978,10,275.515625,1972.250
1785156865.224210978,15,283.687500,1988.250
1785156865.224210978,13,285.312500,2004.000
1785156865.224210978,13,286.968750,2016.500
1785156865.224210978,15,302.250000,1272.250
1785156865.224210978,15,303.921875,1244.000
1785156865.224210978,15,305.562500,1223.250
1785156865.224210978,15,307.218750,1204.000
1785156865.224210978,15,308.828125,1198.000
1785156865.224210978,15,312.031250,1305.000
1785156865.224210978,15,318.953125,966.250
1785156865.224210978,15,320.625000,955.750
1785156865.224210978,15,322.265625,959.250
1785156865.224210978,15,323.937500,974.750
1785156865.336177826,15,353.750000,7099.250
1785156865.336177826,15,357.046875,6737.000
1785156865.336177826,15,358.671875,6775.750
1785156865.336177826,15,0.328125,6781.750
1785156865.336177826,15,1.953125,6739.000
1785156865.336177826,15,3.609375,6735.750
1785156865.336177826,15,5.234375,6760.000
1785156865.336177826,15,6.890625,6755.500
1785156865.336177826,15,8.515625,6762.250
1785156865.336177826,15,10.156250,6818.750
1785156865.336177826,15,11.734375,6857.250
1785156865.336177826,15,13.359375,6911.250
1785156865.336177826,15,14.984375,6986.250
1785156865.336177826,15,47.390625,107.250
1785156865.336177826,15,48.359375,105.250
1785156865.336177826,7,170.265625,10089.500
1785156865.336177826,10,183.343750,10215.500
1785156865.336177826,15,237.796875,2416.250
1785156865.336177826,7,239.453125,2361.750
1785156865.336177826,15,260.781250,2032.000
1785156865.336177826,12,262.390625,2014.500
1785156865.336177826,15,264.062500,1998.000
1785156865.336177826,12,265.703125,1989.000
1785156865.336177826,10,267.296875,1983.750
1785156865.336177826,11,270.578125,1976.750
1785156865.336177826,11,272.250000,1976.500
1785156865.336177826,8,273.875000,1974.500
1785156865.336177826,9,275.468750,1968.250
1785156865.336177826,8,277.109375,1964.000
1785156865.336177826,10,278.750000,1973.750
1785156865.336177826,11,280.390625,1982.500
1785156865.336177826,11,282.046875,1982.750
1785156865.336177826,10,283.687500,1986.000
1785156865.336177826,11,285.281250,1989.750
1785156865.336177826,15,286.937500,1992.250
1785156865.336177826,13,288.531250,1996.000
1785156865.336177826,15,302.171875,1280.750
1785156865.336177826,15,303.812500,1258.750
1785156865.336177826,15,305.562500,1239.250
1785156865.336177826,15,307.156250,1223.500
1785156865.336177826,15,308.812500,1225.250
1785156865.336177826,15,317.250000,995.250
1785156865.336177826,15,318.968750,980.750
1785156865.336177826,15,320.562500,981.250
1785156865.336177826,15,322.203125,994.250
1785156865.447559834,15,353.734375,7060.250
1785156865.447559834,15,357.015625,6732.250
1785156865.447559834,15,358.640625,6727.000
1785156865.447559834,15,0.281250,6742.250
1785156865.447559834,15,1.906250,6751.000
1785156865.447559834,15,3.562500,6745.500
1785156865.447559834,15,5.203125,6736.750
1785156865.447559834,15,6.828125,6754.000
1785156865.447559834,15,8.468750,6786.250
1785156865.447559834,15,10.109375,6818.000
1785156865.447559834,15,11.734375,6862.250
1785156865.447559834,15,13.359375,6912.750
1785156865.447559834,15,14.984375,6988.250
1785156865.447559834,15,47.203125,107.250
1785156865.447559834,15,48.062500,105.250
1785156865.447559834,15,51.062500,102.500
1785156865.447559834,15,226.218750,2717.750
1785156865.447559834,15,227.828125,2700.750
1785156865.447559834,15,229.500000,2641.750
1785156865.447559834,5,231.109375,2580.250
1785156865.447559834,10,262.343750,1984.500
1785156865.447559834,8,263.968750,1980.000
1785156865.447559834,10,273.781250,1973.000
1785156865.447559834,10,275.437500,1969.000
1785156865.447559834,8,277.062500,1969.750
1785156865.447559834,10,280.328125,1983.500
1785156865.447559834,15,302.093750,1301.250
1785156865.447559834,15,303.718750,1278.000
1785156865.447559834,15,305.390625,1255.500
1785156865.447559834,15,307.062500,1244.750
1785156865.447559834,15,315.578125,1026.000
1785156865.447559834,15,317.218750,1009.250
1785156865.447559834,15,318.812500,1007.000
1785156865.447559834,15,320.468750,1018.000
1785156865.561555862,15,353.640625,7067.750
1785156865.561555862,15,356.937500,6729.000
1785156865.561555862,15,358.562500,6727.250
1785156865.561555862,15,0.203125,6745.750
1785156865.561555862,15,1.843750,6748.500
1785156865.561555862,15,3.484375,6733.250
1785156865.561555862,15,5.125000,6733.250
1785156865.561555862,15,6.750000,6758.250
1785156865.561555862,15,8.390625,6784.000
1785156865.561555862,15,10.031250,6813.500
1785156865.561555862,15,11.687500,6859.250
1785156865.561555862,15,13.312500,6916.500
1785156865.561555862,15,14.953125,6989.750
1785156865.561555862,15,46.703125,107.750
1785156865.561555862,15,48.140625,105.500
1785156865.561555862,3,223.015625,2935.500
1785156865.561555862,9,226.312500,2673.250
1785156865.561555862,7,227.953125,2646.250
1785156865.561555862,10,229.578125,2598.500
1785156865.561555862,4,232.890625,2464.500
1785156865.561555862,9,255.906250,2002.250
1785156865.561555862,10,257.578125,1992.250
1785156865.561555862,9,283.750000,1984.750
1785156865.561555862,14,285.359375,1983.250
1785156865.561555862,14,288.640625,1992.250
1785156865.561555862,14,290.281250,2008.000
1785156865.561555862,15,302.203125,1313.000
1785156865.561555862,15,303.906250,1292.250
1785156865.561555862,15,305.484375,1275.750
1785156865.561555862,15,307.171875,1276.250
1785156865.561555862,10,308.812500,1283.750
1785156865.561555862,15,315.609375,1035.000
1785156865.561555862,15,317.234375,1029.500
1785156865.561555862,15,318.875000,1038.000
1785156865.673449993,15,357.125000,6756.750
1785156865.673449993,15,358.750000,6773.500
1785156865.673449993,15,0.390625,6771.250
1785156865.673449993,15,2.046875,6741.500
1785156865.673449993,15,3.687500,6745.250
1785156865.673449993,15,5.328125,6742.250
1785156865.673449993,15,6.984375,6741.000
1785156865.673449993,15,8.609375,6766.000
1785156865.673449993,15,10.265625,6843.250
1785156865.673449993,15,11.859375,6893.250
1785156865.673449993,15,13.484375,6924.250
1785156865.673449993,15,15.109375,7010.750
1785156865.673449993,15,46.312500,107.500
1785156865.673449993,15,49.406250,105.250
1785156865.673449993,9,223.062500,2964.250
1785156865.673449993,14,226.390625,2693.500
1785156865.673449993,8,228.078125,2666.000
1785156865.673449993,13,229.734375,2604.500
1785156865.673449993,3,233.031250,2464.250
1785156865.673449993,15,254.453125,1982.250
1785156865.673449993,9,295.343750,1980.250
1785156865.673449993,9,296.937500,1996.000
1785156865.673449993,15,300.703125,1358.500
1785156865.673449993,15,302.281250,1325.250
1785156865.673449993,15,303.953125,1302.000
1785156865.673449993,15,305.625000,1286.250
1785156865.673449993,15,307.281250,1299.750
1785156865.673449993,15,314.078125,1065.750
1785156865.673449993,15,315.718750,1058.500
1785156865.673449993,15,317.281250,1070.750
1785156865.673449993,15,318.875000,1092.000
1785156865.785426855,15,355.593750,6747.500
1785156865.785426855,15,357.234375,6752.500
1785156865.785426855,15,358.875000,6745.750
1785156865.785426855,15,0.515625,6739.750
1785156865.785426855,15,2.156250,6738.250
1785156865.785426855,15,3.812500,6724.000
1785156865.785426855,15,5.437500,6735.000
1785156865.785426855,15,7.078125,6756.000
1785156865.785426855,15,8.718750,6767.500
1785156865.785426855,15,10.265625,6839.500
1785156865.785426855,15,11.890625,6891.250
1785156865.785426855,15,13.546875,6928.500
1785156865.785426855,15,15.156250,7007.750
1785156865.785426855,15,45.843750,106.750
1785156865.785426855,15,48.453125,105.000
1785156865.785426855,15,51.390625,102.250
1785156865.785426855,9,173.859375,10213.250
1785156865.785426855,8,180.328125,10216.750
1785156865.785426855,7,185.234375,10202.000
1785156865.785426855,15,226.500000,2646.500
1785156865.785426855,15,228.093750,2599.250
1785156865.785426855,15,229.734375,2551.250
1785156865.785426855,14,231.375000,2482.750
1785156865.785426855,8,233.062500,2418.000
1785156865.785426855,10,234.703125,2356.250
1785156865.785426855,15,236.312500,2299.750
1785156865.785426855,12,252.765625,1998.750
1785156865.785426855,10,254.437500,1990.250
1785156865.785426855,10,291.921875,1987.250
1785156865.785426855,12,293.515625,1996.750
1785156865.785426855,12,295.140625,2005.500
1785156865.785426855,15,300.500000,1378.000
1785156865.785426855,15,302.171875,1345.000
1785156865.785426855,15,303.796875,1324.000
1785156865.785426855,15,305.484375,1313.000
1785156865.785426855,15,312.218750,1102.000
1785156865.785426855,15,313.843750,1087.250
1785156865.785426855,15,315.453125,1091.000
1785156865.785426855,15,317.140625,1103.750
1785156865.900192976,15,355.453125,6724.000
1785156865.900192976,15,357.093750,6745.500
1785156865.900192976,15,358.734375,6769.750
1785156865.900192976,15,0.375000,6767.500
1785156865.900192976,15,2.015625,6746.500
1785156865.900192976,15,3.640625,6750.750
1785156865.900192976,15,5.281250,6748.250
1785156865.900192976,15,6.937500,6757.000
1785156865.900192976,15,8.562500,6786.000
1785156865.900192976,15,10.203125,6821.000
1785156865.900192976,15,11.750000,6869.250
1785156865.900192976,15,13.375000,6926.750
1785156865.900192976,15,15.015625,6994.000
1785156865.900192976,15,46.203125,107.500
1785156865.900192976,15,48.375000,105.250
1785156865.900192976,7,185.000000,10114.500
1785156865.900192976,8,219.656250,3093.000
1785156865.900192976,15,222.968750,2868.500
1785156865.900192976,15,226.281250,2635.750
1785156865.900192976,15,227.921875,2590.750
1785156865.900192976,15,229.578125,2539.750
1785156865.900192976,15,231.234375,2481.000
1785156865.900192976,15,234.515625,2344.000
1785156865.900192976,15,236.171875,2295.000
1785156865.900192976,9,237.828125,2257.250
1785156865.900192976,10,252.609375,1989.750
1785156865.900192976,10,291.703125,1989.750
1785156865.900192976,10,293.296875,1999.000
1785156865.900192976,15,300.343750,1393.750
1785156865.900192976,15,302.000000,1366.750
1785156865.900192976,15,303.656250,1345.500
1785156865.900192976,15,305.281250,1342.500
1785156865.900192976,15,312.062500,1117.000
1785156865.900192976,15,313.718750,1113.500
1785156865.900192976,15,315.343750,1115.750
1785156866.010691166,15,355.234375,6756.750
1785156866.010691166,15,356.875000,6756.750
1785156866.010691166,15,358.515625,6754.500
1785156866.010691166,15,0.156250,6749.750
1785156866.010691166,15,1.781250,6746.250
1785156866.010691166,15,3.437500,6729.000
1785156866.010691166,15,5.062500,6782.250
1785156866.010691166,15,6.703125,6805.000
1785156866.010691166,15,8.328125,6779.250
1785156866.010691166,15,9.984375,6817.500
1785156866.010691166,15,11.531250,6881.750
1785156866.010691166,15,13.171875,6918.000
1785156866.010691166,15,14.796875,6995.750
1785156866.010691166,15,46.906250,108.000
1785156866.010691166,15,49.000000,105.500
1785156866.010691166,8,178.296875,10067.000
1785156866.010691166,9,181.578125,10116.750
1785156866.010691166,7,184.843750,10220.750
1785156866.010691166,13,186.468750,10452.000
1785156866.010691166,15,188.093750,10651.500
1785156866.010691166,9,226.125000,2580.250
1785156866.010691166,11,227.765625,2532.500
1785156866.010691166,5,229.421875,2476.250
1785156866.010691166,12,231.078125,2422.750
1785156866.010691166,8,234.359375,2285.500
1785156866.010691166,9,250.828125,1986.000
1785156866.010691166,9,289.968750,1983.500
1785156866.010691166,11,291.578125,1992.000
1785156866.010691166,15,300.187500,1411.000
1785156866.010691166,15,301.875000,1385.250
1785156866.010691166,15,303.531250,1366.500
1785156866.010691166,15,305.140625,1349.250
1785156866.010691166,15,310.250000,1156.750
1785156866.010691166,15,311.890625,1142.000
1785156866.010691166,15,313.468750,1148.750
1785156866.010691166,15,315.187500,1164.000
1785156866.125687122,15,355.031250,6788.750
1785156866.125687122,15,356.671875,6746.750
1785156866.125687122,15,358.312500,6759.500
1785156866.125687122,15,359.953125,6756.750
1785156866.125687122,15,1.578125,6758.000
1785156866.125687122,15,3.218750,6779.500
1785156866.125687122,15,4.859375,6784.000
1785156866.125687122,15,6.500000,6766.750
1785156866.125687122,15,8.140625,6768.000
1785156866.125687122,15,9.765625,6798.000
1785156866.125687122,15,11.406250,6842.500
1785156866.125687122,15,13.046875,6920.250
1785156866.125687122,15,47.937500,106.250
1785156866.125687122,15,169.921875,9851.000
1785156866.125687122,7,174.828125,9957.000
1785156866.125687122,7,178.109375,10089.000
1785156866.125687122,13,225.906250,2560.000
1785156866.125687122,11,227.578125,2532.250
1785156866.125687122,4,229.218750,2472.250
1785156866.125687122,12,230.859375,2418.250
1785156866.125687122,13,244.062500,2035.250
1785156866.125687122,9,245.671875,2011.500
1785156866.125687122,10,247.343750,1992.250
1785156866.125687122,15,300.062500,1429.500
1785156866.125687122,15,301.687500,1402.750
1785156866.125687122,15,303.328125,1387.750
1785156866.125687122,15,310.031250,1178.500
1785156866.125687122,15,311.703125,1172.250
1785156866.125687122,15,313.328125,1177.250
1785156866.236546993,15,354.843750,6728.250
1785156866.236546993,15,356.484375,6739.750
1785156866.236546993,15,358.109375,6769.500
1785156866.236546993,15,359.750000,6747.750
1785156866.236546993,15,1.390625,6729.250
1785156866.236546993,15,3.015625,6758.250
1785156866.236546993,15,4.656250,6775.250
1785156866.236546993,15,6.312500,6765.250
1785156866.236546993,15,7.937500,6752.000
1785156866.236546993,15,9.546875,6767.500
1785156866.236546993,15,11.234375,6836.000
1785156866.236546993,15,12.859375,6895.500
1785156866.236546993,15,14.500000,6942.000
1785156866.236546993,15,47.609375,106.000
1785156866.236546993,15,169.671875,9847.750
1785156866.236546993,9,177.843750,10205.750
1785156866.236546993,9,184.437500,10173.750
1785156866.236546993,6,225.718750,2566.000
1785156866.236546993,9,227.343750,2538.500
1785156866.236546993,14,229.000000,2495.750
1785156866.236546993,11,230.656250,2437.000
1785156866.236546993,15,299.750000,1453.500
1785156866.236546993,15,301.421875,1425.250
1785156866.236546993,15,303.015625,1408.250
1785156866.236546993,15,308.109375,1221.750
1785156866.236546993,15,309.750000,1202.750
1785156866.236546993,15,311.500000,1192.750
1785156866.236546993,15,313.078125,1202.750
1785156866.347810030,15,351.406250,7114.000
1785156866.347810030,15,354.687500,6738.250
1785156866.347810030,15,356.312500,6747.000
1785156866.347810030,15,357.953125,6795.500
1785156866.347810030,15,359.593750,6776.000
1785156866.347810030,15,1.250000,6725.750
1785156866.347810030,15,2.875000,6717.750
1785156866.347810030,15,4.515625,6778.000
1785156866.347810030,15,6.140625,6810.000
1785156866.347810030,15,7.781250,6769.750
1785156866.347810030,15,9.437500,6782.000
1785156866.347810030,15,11.015625,6872.500
1785156866.347810030,15,12.656250,6930.500
1785156866.347810030,15,48.343750,106.500
1785156866.347810030,15,169.437500,9859.750
1785156866.347810030,11,222.171875,2732.500
1785156866.347810030,12,225.468750,2567.000
1785156866.347810030,15,227.109375,2528.500
1785156866.347810030,14,228.734375,2480.000
1785156866.347810030,11,230.406250,2429.250
1785156866.347810030,14,232.062500,2365.250
1785156866.347810030,15,233.703125,2304.500
1785156866.347810030,8,235.343750,2259.500
1785156866.347810030,8,250.109375,1988.250
1785156866.347810030,10,290.984375,1980.750
1785156866.347810030,10,292.640625,1982.250
1785156866.347810030,15,299.500000,1472.750
1785156866.347810030,15,301.203125,1444.000
1785156866.347810030,15,302.812500,1430.000
1785156866.347810030,15,307.859375,1243.250
1785156866.347810030,15,309.546875,1233.250
1785156866.347810030,15,311.218750,1231.250
1785156866.347810030,15,312.765625,1249.750
1785156866.462433100,15,354.546875,6774.000
1785156866.462433100,15,356.171875,6795.750
1785156866.462433100,15,357.828125,6769.750
1785156866.462433100,15,359.453125,6748.250
1785156866.462433100,15,1.093750,6730.500
1785156866.462433100,15,2.750000,6747.000
1785156866.462433100,15,4.390625,6760.500
1785156866.462433100,15,6.031250,6764.250
1785156866.462433100,15,7.656250,6775.750
1785156866.462433100,15,9.312500,6829.250
1785156866.462433100,15,10.890625,6893.250
1785156866.462433100,15,12.515625,6892.000
1785156866.462433100,15,48.062500,106.500
1785156866.462433100,14,51.093750,101.250
1785156866.462433100,8,184.109375,10194.750
1785156866.462433100,14,187.406250,10647.750
1785156866.462433100,15,220.437500,2806.000
1785156866.462433100,15,223.765625,2578.000
1785156866.462433100,15,225.375000,2538.500
1785156866.462433100,15,227.031250,2502.500
1785156866.462433100,15,228.687500,2451.750
1785156866.462433100,15,231.984375,2324.000
1785156866.462433100,15,233.656250,2269.750
1785156866.462433100,13,268.187500,1801.750
1785156866.462433100,15,277.906250,1817.750
1785156866.462433100,15,299.453125,1493.750
1785156866.462433100,15,301.078125,1471.000
1785156866.462433100,15,307.765625,1266.500
1785156866.462433100,15,309.437500,1257.250
1785156866.462433100,15,311.093750,1261.500
1785156866.462433100,15,323.578125,2841.000
1785156866.574538946,15,354.500000,6744.750
1785156866.574538946,15,356.140625,6776.750
1785156866.574538946,15,357.765625,6771.250
1785156866.574538946,15,359.406250,6742.250
1785156866.574538946,15,1.078125,6734.750
1785156866.574538946,15,2.703125,6749.000
1785156866.574538946,15,4.343750,6766.000
1785156866.574538946,15,5.984375,6772.250
1785156866.574538946,15,7.640625,6786.000
1785156866.574538946,15,9.265625,6811.750
1785156866.574538946,15,10.796875,6869.750
1785156866.574538946,15,12.453125,6949.000
1785156866.574538946,15,14.078125,6992.250
1785156866.574538946,15,47.234375,106.500
1785156866.574538946,15,52.078125,101.250
1785156866.574538946,15,222.015625,2812.250
1785156866.574538946,15,225.328125,2604.000
1785156866.574538946,15,227.046875,2570.000
1785156866.574538946,14,228.687500,2512.250
1785156866.574538946,14,230.328125,2454.000
1785156866.574538946,12,232.000000,2391.250
1785156866.574538946,15,233.609375,2322.500
1785156866.574538946,15,235.296875,2275.250
1785156866.574538946,15,299.437500,1509.250
1785156866.574538946,15,301.078125,1479.500
1785156866.574538946,15,306.140625,1312.000
1785156866.574538946,15,307.812500,1290.250
1785156866.574538946,15,309.453125,1286.000
1785156866.574538946,8,344.734375,5140.250
1785156866.688353062,15,354.500000,6748.750
1785156866.688353062,15,356.125000,6772.500
1785156866.688353062,15,357.781250,6775.000
1785156866.688353062,15,359.406250,6746.250
1785156866.688353062,15,1.062500,6733.500
1785156866.688353062,15,2.687500,6745.500
1785156866.688353062,15,4.328125,6792.000
1785156866.688353062,15,5.984375,6802.000
1785156866.688353062,15,7.609375,6789.250
1785156866.688353062,15,9.265625,6819.250
1785156866.688353062,15,10.812500,6876.000
1785156866.688353062,15,12.453125,6920.250
1785156866.688353062,15,47.281250,106.750
1785156866.688353062,15,51.296875,101.750
1785156866.688353062,8,177.437500,10170.500
1785156866.688353062,5,225.265625,2568.750
1785156866.688353062,15,226.968750,2528.000
1785156866.688353062,8,228.640625,2470.000
1785156866.688353062,13,243.468750,2017.000
1785156866.688353062,15,299.312500,1527.500
1785156866.688353062,15,301.000000,1496.500
1785156866.688353062,15,307.703125,1307.250
1785156866.688353062,15,309.328125,1323.750
1785156866.688353062,8,321.859375,2662.250
1785156866.800698996,15,354.328125,6734.000
1785156866.800698996,15,355.968750,6728.500
1785156866.800698996,15,357.625000,6769.750
1785156866.800698996,15,359.250000,6782.500
1785156866.800698996,15,0.890625,6755.000
1785156866.800698996,15,2.515625,6742.500
1785156866.800698996,15,4.156250,6747.000
1785156866.800698996,15,5.796875,6749.500
1785156866.800698996,15,7.437500,6757.250
1785156866.800698996,15,9.062500,6801.750
1785156866.800698996,15,10.703125,6842.500
1785156866.800698996,15,12.328125,6927.500
1785156866.800698996,15,13.968750,6995.750
1785156866.800698996,15,46.750000,106.500
1785156866.800698996,15,49.875000,104.750
1785156866.800698996,15,51.875000,101.750
1785156866.800698996,15,170.953125,9847.750
1785156866.800698996,10,182.375000,10147.250
1785156866.800698996,10,184.015625,10149.750
1785156866.800698996,10,187.281250,10576.750
1785156866.800698996,10,225.250000,2571.250
1785156866.800698996,15,226.937500,2528.000
1785156866.800698996,11,228.578125,2467.750
1785156866.800698996,12,245.046875,2017.500
1785156866.800698996,13,292.343750,1987.000
1785156866.800698996,15,297.500000,1586.250
1785156866.800698996,15,299.281250,1545.500
1785156866.800698996,15,300.906250,1514.750
1785156866.800698996,15,306.000000,1351.750
1785156866.800698996,15,307.593750,1348.000
1785156866.800698996,15,309.250000,1363.250
1785156866.800698996,15,312.375000,1480.250
1785156866.800698996,11,344.531250,5132.250
1785156866.910982847,15,354.265625,6741.000
1785156866.910982847,15,355.906250,6735.000
1785156866.910982847,15,357.531250,6756.500
1785156866.910982847,15,359.187500,6765.250
1785156866.910982847,15,0.812500,6776.750
1785156866.910982847,15,2.468750,6767.000
1785156866.910982847,15,4.093750,6751.000
1785156866.910982847,15,5.734375,6755.750
1785156866.910982847,15,7.359375,6763.500
1785156866.910982847,15,9.015625,6771.500
1785156866.910982847,15,10.609375,6815.500
1785156866.910982847,15,12.250000,6927.750
1785156866.910982847,15,13.875000,6988.000
1785156866.910982847,15,47.921875,106.750
1785156866.910982847,15,51.656250,101.750
1785156866.910982847,15,170.937500,9848.250
1785156866.910982847,15,222.000000,2833.250
1785156866.910982847,14,225.296875,2629.500
1785156866.910982847,5,226.921875,2586.750
1785156866.910982847,14,228.562500,2522.000
1785156866.910982847,12,230.187500,2457.500
1785156866.910982847,15,231.875000,2409.250
1785156866.910982847,15,297.500000,1602.500
1785156866.910982847,15,299.250000,1558.750
1785156866.910982847,15,300.953125,1515.750
1785156866.910982847,15,305.921875,1370.500
1785156866.910982847,15,307.625000,1386.250
1785156866.910982847,8,321.843750,2701.000
1785156866.910982847,15,323.468750,2774.250
1785156866.910982847,12,344.531250,5037.250
1785156867.026624918,15,352.687500,6761.250
1785156867.026624918,15,354.312500,6749.500
1785156867.026624918,15,355.953125,6778.000
1785156867.026624918,15,357.593750,6793.000
1785156867.026624918,15,359.250000,6763.000
1785156867.026624918,15,0.890625,6761.500
1785156867.026624918,15,2.515625,6754.500
1785156867.026624918,15,4.156250,6754.250
1785156867.026624918,15,5.796875,6755.250
1785156867.026624918,15,7.437500,6765.250
1785156867.026624918,15,9.062500,6818.500
1785156867.026624918,15,10.640625,6863.000
1785156867.026624918,15,12.265625,6898.500
1785156867.026624918,15,13.906250,6985.750
1785156867.026624918,15,46.421875,106.500
1785156867.026624918,15,50.843750,101.500
1785156867.026624918,15,169.203125,9976.750
1785156867.026624918,15,170.859375,9857.000
1785156867.026624918,9,183.984375,10160.750
1785156867.026624918,15,185.625000,10335.250
1785156867.026624918,8,187.265625,10376.750
1785156867.026624918,8,218.671875,2975.250
1785156867.026624918,12,223.640625,2670.250
1785156867.026624918,15,226.890625,2525.000
1785156867.026624918,13,228.546875,2460.750
1785156867.026624918,11,244.968750,2016.500
1785156867.026624918,15,297.453125,1616.250
1785156867.026624918,15,299.187500,1575.250
1785156867.026624918,15,300.890625,1532.250
1785156867.026624918,15,304.234375,1390.750
1785156867.026624918,15,305.843750,1389.250
1785156867.026624918,15,307.484375,1424.250
1785156867.026624918,12,344.437500,5110.000
1785156867.137290955,15,352.578125,6779.750
1785156867.137290955,15,354.218750,6753.750
1785156867.137290955,15,355.859375,6775.000
1785156867.137290955,15,357.500000,6786.250
1785156867.137290955,15,359.140625,6760.750
1785156867.137290955,15,0.781250,6778.500
1785156867.137290955,15,2.421875,6774.000
1785156867.137290955,15,4.062500,6767.000
1785156867.137290955,15,5.703125,6770.000
1785156867.137290955,15,7.328125,6762.750
1785156867.137290955,15,8.968750,6808.500
1785156867.137290955,15,10.609375,6861.000
1785156867.137290955,15,12.250000,6898.750
1785156867.137290955,15,13.890625,6950.750
1785156867.137290955,15,46.171875,106.500
1785156867.137290955,15,48.562500,104.750
1785156867.137290955,15,50.468750,101.750
1785156867.137290955,15,169.250000,9936.750
1785156867.137290955,15,170.906250,9813.000
1785156867.137290955,15,225.359375,2608.000
1785156867.137290955,14,228.656250,2481.500
1785156867.137290955,15,233.578125,2280.000
1785156867.137290955,8,243.484375,2019.000
1785156867.137290955,13,245.156250,1996.750
1785156867.137290955,8,246.781250,1980.500
1785156867.137290955,15,297.656250,1628.500
1785156867.137290955,15,305.937500,1450.500
1785156867.137290955,7,318.609375,2594.750
1785156867.137290955,9,320.218750,2665.750
1785156867.137290955,9,325.156250,2968.250
1785156867.248551846,15,352.843750,6749.250
1785156867.248551846,15,354.484375,6751.250
1785156867.248551846,15,356.125000,6771.250
1785156867.248551846,15,357.750000,6798.250
1785156867.248551846,15,359.406250,6779.250
1785156867.248551846,15,1.046875,6767.500
1785156867.248551846,15,2.687500,6775.500
1785156867.248551846,15,4.343750,6762.500
1785156867.248551846,15,5.984375,6775.500
1785156867.248551846,15,7.625000,6788.250
1785156867.248551846,15,9.265625,6814.750
1785156867.248551846,15,10.781250,6876.250
1785156867.248551846,15,12.406250,6918.000
1785156867.248551846,15,46.593750,106.500
1785156867.248551846,14,51.531250,101.500
1785156867.248551846,15,167.859375,10024.000
1785156867.248551846,15,169.500000,9898.750
1785156867.248551846,15,171.140625,9802.250
1785156867.248551846,12,187.437500,10631.000
1785156867.248551846,15,223.765625,2645.500
1785156867.248551846,15,225.437500,2577.750
1785156867.248551846,15,228.734375,2462.250
1785156867.248551846,15,232.046875,2313.750
1785156867.248551846,15,233.687500,2263.000
1785156867.248551846,13,243.546875,2016.250
1785156867.248551846,11,245.203125,1990.750
1785156867.248551846,13,261.687500,1801.500
1785156867.248551846,15,263.343750,1803.500
1785156867.248551846,13,264.968750,1797.000
1785156867.248551846,15,266.625000,1792.250
1785156867.248551846,15,268.265625,1791.000
1785156867.248551846,11,269.921875,1786.750
1785156867.248551846,15,271.515625,1784.500
1785156867.248551846,14,273.187500,1786.500
1785156867.248551846,15,274.796875,1787.500
1785156867.248551846,15,276.343750,1790.500
1785156867.248551846,10,277.968750,1796.250
1785156867.248551846,8,279.625000,1805.000
1785156867.248551846,15,292.687500,1804.500
1785156867.248551846,15,297.703125,1636.750
1785156867.248551846,15,302.796875,1442.250
1785156867.248551846,15,306.031250,1497.500
1785156867.248551846,14,315.500000,2446.250
1785156867.362997055,15,352.781250,6749.250
1785156867.362997055,15,354.406250,6751.750
1785156867.362997055,15,356.046875,6767.500
1785156867.362997055,15,357.687500,6792.000
1785156867.362997055,15,359.312500,6782.500
1785156867.362997055,15,0.953125,6736.000
1785156867.362997055,15,2.593750,6725.500
1785156867.362997055,15,4.218750,6755.500
1785156867.362997055,15,5.859375,6760.000
1785156867.362997055,15,7.500000,6762.750
1785156867.362997055,15,9.140625,6816.750
1785156867.362997055,15,10.765625,6877.250
1785156867.362997055,15,12.390625,6915.750
1785156867.362997055,15,14.031250,6953.750
1785156867.362997055,15,46.468750,106.250
1785156867.362997055,15,49.937500,104.250
1785156867.362997055,15,167.828125,10030.250
1785156867.362997055,15,169.468750,9891.250
1785156867.362997055,15,171.093750,9797.000
1785156867.362997055,9,217.312500,2642.250
1785156867.362997055,15,222.218750,2650.250
1785156867.362997055,15,223.843750,2641.750
1785156867.362997055,15,225.515625,2581.000
1785156867.362997055,15,227.187500,2525.500
1785156867.362997055,15,228.828125,2466.500
1785156867.362997055,15,232.125000,2320.250
1785156867.362997055,15,233.765625,2265.750
1785156867.362997055,7,235.406250,2226.500
1785156867.362997055,12,245.281250,2020.500
1785156867.362997055,10,246.953125,1986.750
1785156867.362997055,9,268.265625,1820.500
1785156867.362997055,15,292.734375,1819.000
1785156867.362997055,15,304.515625,1519.250
1785156867.474767208,15,351.312500,6768.250
1785156867.474767208,15,352.953125,6748.000
1785156867.474767208,15,354.578125,6772.500
1785156867.474767208,15,356.234375,6789.500
1785156867.474767208,15,357.875000,6776.500
1785156867.474767208,15,359.500000,6794.000
1785156867.474767208,15,1.140625,6799.500
1785156867.474767208,15,2.781250,6742.250
1785156867.474767208,15,4.421875,6730.500
1785156867.474767208,15,6.046875,6767.250
1785156867.474767208,15,7.703125,6775.000
1785156867.474767208,15,9.343750,6793.750
1785156867.474767208,15,10.890625,6856.250
1785156867.474767208,15,12.515625,6914.500
1785156867.474767208,15,25.578125,7589.000
1785156867.474767208,15,47.406250,106.500
1785156867.474767208,15,171.093750,9810.500
1785156867.474767208,15,225.531250,2592.750
1785156867.474767208,15,228.828125,2438.250
1785156867.474767208,10,232.125000,2296.750
1785156867.474767208,12,243.625000,2015.500
1785156867.474767208,13,265.000000,1789.750
1785156867.474767208,14,266.671875,1779.250
1785156867.474767208,15,268.265625,1780.250
1785156867.474767208,15,269.937500,1772.250
1785156867.474767208,15,271.546875,1769.500
1785156867.474767208,15,273.218750,1764.000
1785156867.474767208,15,274.859375,1759.750
1785156867.474767208,15,276.453125,1763.750
1785156867.474767208,15,278.062500,1768.000
1785156867.474767208,15,279.703125,1772.750
1785156867.474767208,15,281.312500,1780.000
1785156867.474767208,15,282.937500,1785.500
1785156867.474767208,15,284.609375,1794.250
1785156867.474767208,15,286.218750,1798.500
1785156867.474767208,15,287.843750,1800.500
1785156867.474767208,15,292.718750,1830.250
1785156867.474767208,15,294.312500,1861.500
1785156867.474767208,15,304.453125,1567.000
1785156867.474767208,15,307.656250,1635.750
1785156867.474767208,9,315.578125,2370.750
1785156867.474767208,4,318.828125,2504.000
1785156867.590105057,15,352.953125,6756.250
1785156867.590105057,15,354.593750,6768.000
1785156867.590105057,15,356.234375,6779.750
1785156867.590105057,15,357.875000,6771.750
1785156867.590105057,15,359.515625,6762.750
1785156867.590105057,15,1.140625,6770.250
1785156867.590105057,15,2.796875,6749.750
1785156867.590105057,15,4.437500,6743.500
1785156867.590105057,15,6.078125,6775.500
1785156867.590105057,15,7.687500,6780.750
1785156867.590105057,15,9.359375,6836.250
1785156867.590105057,15,10.921875,6900.750
1785156867.590105057,15,12.546875,6952.000
1785156867.590105057,15,47.390625,106.000
1785156867.590105057,15,171.109375,9760.750
1785156867.590105057,7,184.265625,10133.750
1785156867.590105057,12,187.531250,10478.000
1785156867.590105057,15,225.609375,2546.750
1785156867.590105057,7,227.281250,2483.500
1785156867.590105057,15,228.937500,2435.500
1785156867.590105057,14,230.593750,2412.500
1785156867.590105057,10,286.296875,1831.750
1785156867.590105057,15,287.984375,1832.750
1785156867.590105057,15,291.203125,1815.500
1785156867.590105057,15,302.937500,1583.750
1785156867.590105057,15,304.593750,1605.000
1785156867.590105057,15,306.234375,1640.250
1785156867.590105057,8,317.421875,2426.750
1785156867.590105057,10,319.046875,2480.750
1785156867.701241016,15,353.140625,6763.750
1785156867.701241016,15,354.781250,6735.250
1785156867.701241016,15,356.421875,6740.750
1785156867.701241016,15,358.046875,6763.000
1785156867.701241016,15,359.703125,6750.500
1785156867.701241016,15,1.343750,6730.500
1785156867.701241016,15,2.984375,6773.750
1785156867.701241016,15,4.609375,6822.250
1785156867.701241016,15,6.265625,6793.250
1785156867.701241016,15,7.890625,6786.750
1785156867.701241016,15,9.531250,6850.750
1785156867.701241016,15,11.156250,6917.250
1785156867.701241016,15,12.796875,6971.500
1785156867.701241016,15,47.265625,106.000
1785156867.701241016,15,169.750000,9891.750
1785156867.701241016,15,171.375000,9801.500
1785156867.701241016,8,179.593750,10092.750
1785156867.701241016,15,215.984375,2806.500
1785156867.701241016,15,227.515625,2446.000
1785156867.701241016,15,230.796875,2303.000
1785156867.701241016,15,232.453125,2255.250
1785156867.701241016,15,240.687500,2048.500
1785156867.701241016,15,242.328125,2013.250
1785156867.701241016,15,244.000000,1985.750
1785156867.701241016,15,245.656250,1959.250
1785156867.701241016,15,247.328125,1938.250
1785156867.701241016,12,248.937500,1927.000
1785156867.701241016,10,250.562500,1918.750
1785156867.701241016,11,270.265625,1819.750
1785156867.701241016,9,271.890625,1816.500
1785156867.701241016,8,273.546875,1818.000
1785156867.701241016,15,276.796875,1820.750
1785156867.701241016,15,288.250000,1821.250
1785156867.701241016,15,291.453125,1907.000
1785156867.701241016,15,293.078125,1912.250
1785156867.701241016,15,303.156250,1626.000
1785156867.701241016,15,304.796875,1646.750
1785156867.701241016,15,306.359375,1690.750
1785156867.701241016,2,312.734375,2315.000
1785156867.701241016,9,314.343750,2370.500
1785156867.701241016,9,315.968750,2427.750
1785156867.701241016,7,317.609375,2483.000
1785156867.812513113,15,351.703125,6728.500
1785156867.812513113,15,353.343750,6759.750
1785156867.812513113,15,354.984375,6762.000
1785156867.812513113,15,356.625000,6750.000
1785156867.812513113,15,358.265625,6755.000
1785156867.812513113,15,359.906250,6777.250
1785156867.812513113,15,1.546875,6799.750
1785156867.812513113,15,3.187500,6764.000
1785156867.812513113,15,4.828125,6722.750
1785156867.812513113,15,6.468750,6778.750
1785156867.812513113,15,8.109375,6840.250
1785156867.812513113,15,9.750000,6861.000
1785156867.812513113,15,11.406250,6914.250
1785156867.812513113,15,48.859375,106.250
1785156867.812513113,15,168.343750,9937.750
1785156867.812513113,15,169.968750,9858.500
1785156867.812513113,15,171.609375,9755.250
1785156867.812513113,8,179.859375,10151.000
1785156867.812513113,15,216.218750,2866.000
1785156867.812513113,15,224.468750,2547.500
1785156867.812513113,15,229.390625,2318.000
1785156867.812513113,15,231.062500,2264.000
1785156867.812513113,15,239.296875,2022.250
1785156867.812513113,15,240.953125,1989.750
1785156867.812513113,15,242.578125,1959.750
1785156867.812513113,8,244.250000,1935.500
1785156867.812513113,9,254.125000,1837.250
1785156867.812513113,12,255.750000,1829.000
1785156867.812513113,15,257.390625,1819.250
1785156867.812513113,15,259.046875,1807.750
1785156867.812513113,15,260.671875,1797.500
1785156867.812513113,15,262.281250,1791.250
1785156867.812513113,15,263.937500,1782.000
1785156867.812513113,15,265.609375,1765.500
1785156867.812513113,15,267.234375,1756.250
1785156867.812513113,15,268.843750,1748.500
1785156867.812513113,15,270.468750,1747.250
1785156867.812513113,15,272.125000,1755.500
1785156867.812513113,15,273.750000,1757.000
1785156867.812513113,15,275.390625,1761.500
1785156867.812513113,15,277.062500,1766.000
1785156867.812513113,15,278.671875,1766.750
1785156867.812513113,15,280.281250,1771.500
1785156867.812513113,15,281.906250,1779.250
1785156867.812513113,15,283.578125,1788.250
1785156867.812513113,15,285.171875,1801.250
1785156867.812513113,15,286.828125,1808.750
1785156867.812513113,15,288.500000,1791.000
1785156867.812513113,15,291.718750,1807.500
1785156867.812513113,15,295.031250,1789.000
1785156867.812513113,15,303.281250,1697.250
1785156867.812513113,15,304.937500,1695.500
1785156867.812513113,8,316.171875,2373.500
1785156867.926743031,15,351.890625,6778.250
1785156867.926743031,15,353.531250,6784.750
1785156867.926743031,15,355.171875,6753.000
1785156867.926743031,15,356.828125,6751.250
1785156867.926743031,15,358.468750,6759.750
1785156867.926743031,15,0.093750,6786.750
1785156867.926743031,15,1.734375,6821.500
1785156867.926743031,15,3.390625,6810.000
1785156867.926743031,15,5.031250,6776.750
1785156867.926743031,15,6.656250,6808.750
1785156867.926743031,15,8.312500,6849.250
1785156867.926743031,15,9.953125,6886.250
1785156867.926743031,15,11.500000,6927.250
1785156867.926743031,15,13.125000,6963.500
1785156867.926743031,15,24.578125,7707.750
1785156867.926743031,15,48.671875,105.750
1785156867.926743031,15,170.062500,9826.500
1785156867.926743031,15,171.687500,9832.500
1785156867.926743031,15,216.156250,2897.500
1785156867.926743031,10,219.437500,2818.750
1785156867.926743031,15,221.109375,2749.250
1785156867.926743031,14,224.406250,2559.000
1785156867.926743031,14,226.062500,2501.500
1785156867.926743031,15,227.734375,2444.750
1785156867.926743031,15,230.984375,2297.750
1785156867.926743031,8,232.640625,2251.500
1785156867.926743031,15,240.875000,2024.500
1785156867.926743031,15,242.515625,1992.000
1785156867.926743031,15,244.171875,1964.250
1785156867.926743031,14,245.828125,1946.000
1785156867.926743031,9,257.343750,1843.500
1785156867.926743031,13,258.984375,1831.750
1785156867.926743031,14,260.593750,1820.000
1785156867.926743031,15,262.250000,1809.000
1785156867.926743031,15,263.906250,1796.000
1785156867.926743031,15,265.531250,1781.500
1785156867.926743031,15,267.171875,1773.750
1785156867.926743031,15,268.843750,1765.000
1785156867.926743031,15,270.453125,1764.500
1785156867.926743031,15,272.109375,1770.750
1785156867.926743031,15,273.703125,1769.750
1785156867.926743031,15,275.312500,1771.000
1785156867.926743031,15,276.984375,1772.000
1785156867.926743031,15,278.625000,1773.000
1785156867.926743031,15,280.250000,1781.750
1785156867.926743031,15,281.828125,1789.250
1785156867.926743031,15,283.515625,1795.500
1785156867.926743031,14,285.140625,1805.500
1785156867.926743031,15,286.734375,1814.750
1785156867.926743031,15,288.390625,1797.000
1785156867.926743031,15,291.656250,1816.750
1785156867.926743031,15,294.968750,1797.000
1785156867.926743031,15,303.265625,1731.750
1785156867.926743031,15,304.859375,1741.500
1785156867.926743031,9,312.921875,2251.000
1785156868.038042784,15,353.531250,6788.750
1785156868.038042784,15,355.187500,6761.000
1785156868.038042784,15,356.828125,6754.000
1785156868.038042784,15,358.468750,6762.750
1785156868.038042784,15,0.109375,6788.500
1785156868.038042784,15,1.765625,6776.750
1785156868.038042784,15,3.406250,6763.000
1785156868.038042784,15,5.046875,6776.500
1785156868.038042784,15,6.687500,6814.000
1785156868.038042784,15,8.343750,6852.000
1785156868.038042784,15,9.968750,6885.000
1785156868.038042784,15,11.484375,6927.000
1785156868.038042784,15,13.140625,6964.250
1785156868.038042784,15,47.093750,108.250
1785156868.038042784,15,48.531250,105.750
1785156868.038042784,15,171.812500,9710.750
1785156868.038042784,12,217.906250,2891.250
1785156868.038042784,15,221.203125,2748.750
1785156868.038042784,15,224.531250,2582.250
1785156868.038042784,15,227.781250,2445.750
1785156868.038042784,15,231.109375,2287.500
1785156868.038042784,10,232.718750,2240.250
1785156868.038042784,15,239.312500,2055.500
1785156868.038042784,15,240.968750,2033.000
1785156868.038042784,15,242.625000,2004.250
1785156868.038042784,15,244.218750,1977.250
1785156868.038042784,15,245.859375,1958.500
1785156868.038042784,8,259.062500,1838.250
1785156868.038042784,15,260.703125,1825.000
1785156868.038042784,15,262.390625,1808.000
1785156868.038042784,15,263.984375,1796.000
1785156868.038042784,15,265.656250,1781.500
1785156868.038042784,15,267.328125,1774.000
1785156868.038042784,15,268.953125,1765.000
1785156868.038042784,15,270.593750,1761.000
1785156868.038042784,15,272.187500,1769.000
1785156868.038042784,15,273.859375,1772.250
1785156868.038042784,15,275.406250,1774.000
1785156868.038042784,15,277.062500,1776.250
1785156868.038042784,15,278.703125,1778.750
1785156868.038042784,15,280.281250,1784.750
1785156868.038042784,15,281.968750,1792.250
1785156868.038042784,15,283.578125,1800.000
1785156868.038042784,14,285.187500,1807.000
1785156868.038042784,9,286.781250,1822.500
1785156868.038042784,15,291.703125,1830.000
1785156868.038042784,15,294.968750,1803.750
1785156868.038042784,15,298.343750,1655.000
1785156868.038042784,15,303.234375,1755.000
1785156868.038042784,15,304.890625,1791.000
1785156868.038042784,9,312.890625,2250.250
1785156868.038042784,11,317.750000,2428.000
1785156868.038042784,9,319.390625,2483.000
1785156868.150048018,15,353.515625,6757.500
1785156868.150048018,15,355.140625,6763.750
1785156868.150048018,15,356.781250,6764.500
1785156868.150048018,15,358.437500,6767.250
1785156868.150048018,15,0.078125,6788.000
1785156868.150048018,15,1.703125,6786.000
1785156868.150048018,15,3.343750,6784.000
1785156868.150048018,15,4.984375,6789.750
1785156868.150048018,15,6.625000,6781.000
1785156868.150048018,15,8.250000,6852.750
1785156868.150048018,15,9.890625,6917.250
1785156868.150048018,15,11.484375,6926.000
1785156868.150048018,15,13.125000,6964.750
1785156868.150048018,15,48.843750,105.750
1785156868.150048018,15,171.812500,9717.250
1785156868.150048018,15,186.500000,10514.000
1785156868.150048018,15,219.546875,2888.500
1785156868.150048018,15,224.484375,2640.250
1785156868.150048018,15,226.156250,2569.500
1785156868.150048018,15,231.093750,2331.500
1785156868.150048018,13,232.765625,2277.750
1785156868.150048018,15,241.000000,2031.500
1785156868.150048018,15,242.656250,2003.500
1785156868.150048018,15,244.250000,1977.250
1785156868.150048018,15,245.937500,1962.750
1785156868.150048018,9,259.046875,1832.750
1785156868.150048018,15,260.656250,1819.500
1785156868.150048018,15,262.312500,1802.000
1785156868.150048018,15,263.984375,1789.750
1785156868.150048018,15,265.578125,1781.000
1785156868.150048018,15,267.234375,1773.750
1785156868.150048018,15,268.906250,1764.750
1785156868.150048018,15,270.484375,1758.500
1785156868.150048018,15,272.109375,1764.500
1785156868.150048018,15,273.796875,1769.500
1785156868.150048018,15,275.390625,1770.750
1785156868.150048018,15,277.046875,1768.750
1785156868.150048018,15,278.656250,1762.250
1785156868.150048018,15,280.312500,1773.500
1785156868.150048018,15,281.937500,1784.250
1785156868.150048018,15,283.546875,1791.500
1785156868.150048018,15,285.203125,1805.750
1785156868.150048018,12,286.828125,1812.500
1785156868.150048018,15,291.687500,1778.250
1785156868.150048018,15,294.968750,1808.000
1785156868.150048018,15,301.593750,1837.250
1785156868.150048018,15,303.250000,1824.500
1785156868.150048018,15,312.906250,2246.250
1785156868.150048018,15,314.546875,2284.250
1785156868.264658928,15,353.546875,6760.000
1785156868.264658928,15,355.187500,6769.750
1785156868.264658928,15,356.828125,6771.000
1785156868.264658928,15,358.468750,6769.000
1785156868.264658928,15,0.093750,6782.250
1785156868.264658928,15,1.750000,6780.500
1785156868.264658928,15,3.375000,6769.750
1785156868.264658928,15,5.015625,6773.750
1785156868.264658928,15,6.656250,6781.000
1785156868.264658928,15,8.312500,6814.250
1785156868.264658928,15,9.937500,6874.750
1785156868.264658928,15,11.500000,6925.750
1785156868.264658928,15,13.140625,6970.500
1785156868.264658928,15,48.921875,106.000
1785156868.264658928,15,171.687500,9768.250
1785156868.264658928,12,217.843750,2958.000
1785156868.264658928,15,219.484375,2883.500
1785156868.264658928,15,224.468750,2638.000
1785156868.264658928,15,227.781250,2475.500
1785156868.264658928,15,231.093750,2329.250
1785156868.264658928,10,232.734375,2274.000
1785156868.264658928,15,239.343750,2055.750
1785156868.264658928,15,240.984375,2030.750
1785156868.264658928,15,242.640625,2003.250
1785156868.264658928,15,244.281250,1976.500
1785156868.264658928,15,245.921875,1961.250
1785156868.264658928,9,259.046875,1833.500
1785156868.264658928,13,260.656250,1820.250
1785156868.264658928,15,262.296875,1810.000
1785156868.264658928,15,263.968750,1801.500
1785156868.264658928,15,265.625000,1794.000
1785156868.264658928,15,267.218750,1789.500
1785156868.264658928,15,268.875000,1778.000
1785156868.264658928,15,270.484375,1773.750
1785156868.264658928,15,272.140625,1778.000
1785156868.264658928,15,273.781250,1779.750
1785156868.264658928,15,275.312500,1782.750
1785156868.264658928,15,276.984375,1779.000
1785156868.264658928,15,278.593750,1773.500
1785156868.264658928,15,280.218750,1782.000
1785156868.264658928,15,281.875000,1789.500
1785156868.264658928,15,283.453125,1796.500
1785156868.264658928,15,285.093750,1810.750
1785156868.264658928,12,286.750000,1817.750
1785156868.264658928,15,291.625000,1820.000
1785156868.264658928,15,294.859375,1803.750
1785156868.264658928,15,299.890625,1899.000
1785156868.264658928,15,301.531250,1873.500
1785156868.264658928,15,312.890625,2248.250
1785156868.264658928,15,314.562500,2287.000
1785156868.264658928,9,317.765625,2425.000
1785156868.264658928,9,319.421875,2478.750
1785156868.264658928,8,322.640625,2632.250
1785156868.375308037,15,353.484375,6749.500
1785156868.375308037,15,355.140625,6803.750
1785156868.375308037,15,356.765625,6811.250
1785156868.375308037,15,358.406250,6776.500
1785156868.375308037,15,0.046875,6782.750
1785156868.375308037,15,1.687500,6773.750
1785156868.375308037,15,3.328125,6774.750
1785156868.375308037,15,4.968750,6785.750
1785156868.375308037,15,6.609375,6812.000
1785156868.375308037,15,8.250000,6843.500
1785156868.375308037,15,9.875000,6880.000
1785156868.375308037,15,13.078125,6956.750
1785156868.375308037,15,14.718750,7033.750
1785156868.375308037,15,47.812500,105.750
1785156868.375308037,15,171.781250,9758.250
1785156868.375308037,15,219.609375,2900.250
1785156868.375308037,10,221.250000,2844.000
1785156868.375308037,15,222.921875,2764.500
1785156868.375308037,15,227.859375,2501.500
1785156868.375308037,15,229.515625,2435.250
1785156868.375308037,15,232.843750,2279.500
1785156868.375308037,15,241.093750,2034.000
1785156868.375308037,15,242.734375,2005.000
1785156868.375308037,15,244.343750,1977.750
1785156868.375308037,15,246.031250,1962.500
1785156868.375308037,15,257.546875,1827.000
1785156868.375308037,15,259.171875,1812.500
1785156868.375308037,15,260.843750,1798.000
1785156868.375308037,15,262.453125,1785.000
1785156868.375308037,15,264.093750,1765.500
1785156868.375308037,15,265.750000,1748.500
1785156868.375308037,15,267.421875,1741.750
1785156868.375308037,15,269.031250,1734.000
1785156868.375308037,15,270.671875,1729.500
1785156868.375308037,15,272.296875,1730.000
1785156868.375308037,15,273.953125,1728.500
1785156868.375308037,15,275.484375,1733.500
1785156868.375308037,15,277.156250,1736.250
1785156868.375308037,10,278.781250,1728.250
1785156868.375308037,15,280.375000,1737.000
1785156868.375308037,15,282.046875,1751.500
1785156868.375308037,15,283.625000,1762.750
1785156868.375308037,15,285.312500,1777.750
1785156868.375308037,15,286.906250,1789.250
1785156868.375308037,15,291.796875,1800.000
1785156868.375308037,15,295.062500,1803.500
1785156868.375308037,15,303.312500,1971.750
1785156868.375308037,15,304.953125,2004.750
1785156868.375308037,15,306.609375,2028.000
1785156868.375308037,9,308.187500,2067.000
1785156868.375308037,15,314.734375,2237.000
1785156868.375308037,11,316.359375,2292.250
1785156868.375308037,8,317.953125,2359.500
1785156868.375308037,13,319.578125,2430.000
1785156868.487081051,15,353.578125,6757.750
1785156868.487081051,15,355.218750,6775.000
1785156868.487081051,15,356.859375,6785.250
1785156868.487081051,15,358.500000,6778.000
1785156868.487081051,15,0.125000,6764.500
1785156868.487081051,15,1.765625,6789.000
1785156868.487081051,15,3.406250,6796.000
1785156868.487081051,15,5.046875,6772.500
1785156868.487081051,15,6.687500,6780.500
1785156868.487081051,15,8.312500,6815.250
1785156868.487081051,15,9.953125,6882.000
1785156868.487081051,15,11.562500,6930.250
1785156868.487081051,15,13.203125,6976.750
1785156868.487081051,15,23.000000,7556.500
1785156868.487081051,15,24.640625,7634.000
1785156868.487081051,15,46.203125,107.500
1785156868.487081051,15,48.171875,105.250
1785156868.487081051,8,173.421875,9726.500
1785156868.487081051,13,219.593750,2955.000
1785156868.487081051,15,221.265625,2877.750
1785156868.487081051,15,227.859375,2534.000
1785156868.487081051,12,229.484375,2470.250
1785156868.487081051,15,232.796875,2317.500
1785156868.487081051,8,234.468750,2263.000
1785156868.487081051,15,242.718750,2056.000
1785156868.487081051,15,244.296875,2032.750
1785156868.487081051,15,245.953125,2017.250
1785156868.487081051,15,247.593750,1997.500
1785156868.487081051,15,249.265625,1977.000
1785156868.487081051,15,250.906250,1966.250
1785156868.487081051,15,252.531250,1959.250
1785156868.487081051,8,254.187500,1949.250
1785156868.487081051,8,265.703125,1824.500
1785156868.487081051,15,267.281250,1822.250
1785156868.487081051,15,268.968750,1813.750
1785156868.487081051,15,270.593750,1805.500
1785156868.487081051,15,272.218750,1808.500
1785156868.487081051,15,273.875000,1807.750
1785156868.487081051,15,275.531250,1808.750
1785156868.487081051,15,277.156250,1811.000
1785156868.487081051,15,278.812500,1813.250
1785156868.487081051,15,280.375000,1818.500
1785156868.487081051,15,282.078125,1814.750
1785156868.487081051,10,283.687500,1821.500
1785156868.487081051,8,285.343750,1841.750
1785156868.487081051,10,286.968750,1847.250
1785156868.487081051,15,300.062500,1952.250
1785156868.487081051,15,301.687500,1956.000
1785156868.487081051,15,313.078125,2239.250
1785156868.487081051,12,314.703125,2290.250
1785156868.487081051,15,316.312500,2358.000
1785156868.487081051,9,317.937500,2422.750
1785156868.487081051,14,319.562500,2477.000
1785156868.487081051,5,322.828125,2616.750
1785156868.487081051,9,324.484375,2678.000
1785156868.601188183,15,353.703125,6791.250
1785156868.601188183,15,355.328125,6791.250
1785156868.601188183,15,356.968750,6795.500
1785156868.601188183,15,358.609375,6798.750
1785156868.601188183,15,0.250000,6760.500
1785156868.601188183,15,1.890625,6760.500
1785156868.601188183,15,3.531250,6762.500
1785156868.601188183,15,5.171875,6762.500
1785156868.601188183,15,6.828125,6767.250
1785156868.601188183,15,8.453125,6859.250
1785156868.601188183,15,10.093750,6920.250
1785156868.601188183,15,11.640625,6959.750
1785156868.601188183,15,13.281250,7048.250
1785156868.601188183,15,24.703125,7637.500
1785156868.601188183,15,46.359375,107.750
1785156868.601188183,15,48.062500,105.250
1785156868.601188183,15,50.734375,102.750
1785156868.601188183,15,171.937500,9681.750
1785156868.601188183,10,185.078125,10133.000
1785156868.601188183,15,219.796875,2985.000
1785156868.601188183,15,226.390625,2643.750
1785156868.601188183,11,229.640625,2483.500
1785156868.601188183,15,232.953125,2338.500
1785156868.601188183,13,234.609375,2282.750
1785156868.601188183,15,244.437500,2044.250
1785156868.601188183,15,246.109375,2028.250
1785156868.601188183,15,247.750000,2004.000
1785156868.601188183,15,249.359375,1978.500
1785156868.601188183,13,251.031250,1965.000
1785156868.601188183,14,252.703125,1958.250
1785156868.601188183,15,265.828125,1811.750
1785156868.601188183,15,267.421875,1802.750
1785156868.601188183,15,269.093750,1794.250
1785156868.601188183,15,270.703125,1788.750
1785156868.601188183,15,272.343750,1794.000
1785156868.601188183,15,273.984375,1797.000
1785156868.601188183,15,275.656250,1798.250
1785156868.601188183,15,277.234375,1800.000
1785156868.601188183,15,278.875000,1801.500
1785156868.601188183,15,280.531250,1804.500
1785156868.601188183,15,282.171875,1802.750
1785156868.601188183,14,283.796875,1811.750
1785156868.601188183,10,285.375000,1833.250
1785156868.601188183,15,287.031250,1839.000
1785156868.601188183,15,300.125000,1961.500
1785156868.601188183,15,301.750000,1985.250
1785156868.601188183,15,311.515625,2238.000
1785156868.601188183,15,313.156250,2268.750
1785156868.601188183,13,316.390625,2400.250
1785156868.601188183,12,318.000000,2456.500
1785156868.601188183,8,319.625000,2518.000
1785156868.601188183,7,321.250000,2582.000
1785156868.713088989,15,353.765625,6786.250
1785156868.713088989,15,355.406250,6794.000
1785156868.713088989,15,357.046875,6794.500
1785156868.713088989,15,358.671875,6798.500
1785156868.713088989,15,0.328125,6752.250
1785156868.713088989,15,1.968750,6747.500
1785156868.713088989,15,3.609375,6758.500
1785156868.713088989,15,5.250000,6814.750
1785156868.713088989,15,6.875000,6869.750
1785156868.713088989,15,8.515625,6902.000
1785156868.713088989,15,10.156250,6960.500
1785156868.713088989,15,11.750000,7003.000
1785156868.713088989,15,13.390625,7048.750
1785156868.713088989,15,15.000000,7091.250
1785156868.713088989,15,24.828125,7719.250
1785156868.713088989,15,45.765625,107.000
1785156868.713088989,15,48.390625,105.000
1785156868.713088989,15,50.093750,102.500
1785156868.713088989,15,171.906250,9737.750
1785156868.713088989,15,173.546875,9654.500
1785156868.713088989,9,183.375000,10107.250
1785156868.713088989,9,185.000000,10129.000
1785156868.713088989,15,218.000000,3125.250
1785156868.713088989,15,221.281250,2901.750
1785156868.713088989,15,226.265625,2622.250
1785156868.713088989,13,227.890625,2556.750
1785156868.713088989,15,232.812500,2317.250
1785156868.713088989,8,234.484375,2262.500
1785156868.713088989,15,242.734375,2035.250
1785156868.713088989,15,244.328125,2015.250
1785156868.713088989,15,245.984375,1990.500
1785156868.713088989,15,247.625000,1969.250
1785156868.713088989,9,249.250000,1954.750
1785156868.713088989,15,264.093750,1817.250
1785156868.713088989,15,265.765625,1796.000
1785156868.713088989,15,267.421875,1791.250
1785156868.713088989,15,269.031250,1788.250
1785156868.713088989,15,270.671875,1785.000
1785156868.713088989,15,272.281250,1788.250
1785156868.713088989,15,273.953125,1789.750
1785156868.713088989,15,275.515625,1791.250
1785156868.713088989,15,277.187500,1792.750
1785156868.713088989,15,278.796875,1791.750
1785156868.713088989,15,280.421875,1797.750
1785156868.713088989,15,282.078125,1793.500
1785156868.713088989,14,283.718750,1798.000
1785156868.713088989,15,285.296875,1819.250
1785156868.713088989,12,286.953125,1832.000
1785156868.713088989,15,295.140625,1766.000
1785156868.713088989,15,300.046875,1952.750
1785156868.713088989,15,301.703125,1980.000
1785156868.713088989,15,303.312500,2009.500
1785156868.713088989,14,304.937500,2037.000
1785156868.713088989,15,313.062500,2253.250
1785156868.713088989,8,314.718750,2287.000
1785156868.713088989,9,316.312500,2342.500
1785156868.713088989,6,317.953125,2408.250
1785156868.713088989,12,319.562500,2471.000
1785156868.828074932,15,353.734375,6739.000
1785156868.828074932,15,355.390625,6750.500
1785156868.828074932,15,357.046875,6794.750
1785156868.828074932,15,358.671875,6802.000
1785156868.828074932,15,0.328125,6759.750
1785156868.828074932,15,1.984375,6791.750
1785156868.828074932,15,3.609375,6801.750
1785156868.828074932,15,5.250000,6768.750
1785156868.828074932,15,6.890625,6823.750
1785156868.828074932,15,8.531250,6903.000
1785156868.828074932,15,11.718750,6967.750
1785156868.828074932,15,13.343750,7043.500
1785156868.828074932,15,14.968750,7093.000
1785156868.828074932,8,24.781250,7719.000
1785156868.828074932,15,47.062500,107.000
1785156868.828074932,15,49.109375,105.000
1785156868.828074932,15,171.968750,9798.000
1785156868.828074932,15,173.593750,9679.250
1785156868.828074932,15,218.015625,3131.500
1785156868.828074932,15,221.359375,2884.750
1785156868.828074932,10,226.265625,2621.000
1785156868.828074932,10,229.593750,2468.000
1785156868.828074932,15,232.906250,2294.500
1785156868.828074932,15,242.781250,2030.750
1785156868.828074932,15,244.437500,2005.250
1785156868.828074932,15,246.062500,1983.000
1785156868.828074932,15,247.718750,1969.250
1785156868.828074932,10,249.343750,1954.250
1785156868.828074932,15,264.187500,1812.500
1785156868.828074932,15,265.843750,1791.000
1785156868.828074932,15,267.437500,1786.000
1785156868.828074932,15,269.125000,1782.750
1785156868.828074932,15,270.718750,1775.750
1785156868.828074932,15,272.390625,1773.250
1785156868.828074932,15,274.031250,1774.250
1785156868.828074932,15,275.609375,1779.750
1785156868.828074932,15,277.250000,1775.000
1785156868.828074932,15,278.828125,1768.250
1785156868.828074932,15,280.468750,1776.750
1785156868.828074932,15,282.109375,1779.500
1785156868.828074932,15,283.765625,1783.250
1785156868.828074932,15,285.390625,1800.750
1785156868.828074932,13,286.984375,1810.500
1785156868.828074932,15,295.140625,1821.750
1785156868.828074932,14,300.062500,1940.000
1785156868.828074932,15,301.718750,1963.500
1785156868.828074932,15,303.359375,1979.250
1785156868.828074932,15,304.968750,1998.750
1785156868.828074932,12,306.578125,2027.000
1785156868.828074932,8,308.234375,2073.250
1785156868.828074932,15,314.718750,2255.750
1785156868.828074932,13,316.328125,2296.000
1785156868.828074932,10,319.593750,2433.750
1785156868.828074932,8,321.187500,2484.750
1785156868.938855886,15,353.703125,6749.750
1785156868.938855886,15,355.328125,6760.750
1785156868.938855886,15,356.984375,6795.750
1785156868.938855886,15,358.625000,6798.250
1785156868.938855886,15,0.250000,6768.750
1785156868.938855886,15,1.906250,6762.750
1785156868.938855886,15,3.546875,6763.750
1785156868.938855886,15,5.171875,6801.250
1785156868.938855886,15,6.812500,6851.250
1785156868.938855886,15,8.468750,6896.250
1785156868.938855886,15,11.625000,6969.250
1785156868.938855886,15,13.265625,7046.750
1785156868.938855886,15,24.671875,7640.750
1785156868.938855886,15,47.000000,108.500
1785156868.938855886,15,48.140625,106.000
1785156868.938855886,15,169.984375,9844.000
1785156868.938855886,15,171.625000,9755.750
1785156868.938855886,15,173.250000,9656.250
1785156868.938855886,15,222.562500,2739.500
1785156868.938855886,15,224.203125,2659.750
1785156868.938855886,9,225.875000,2581.750
1785156868.938855886,8,232.546875,2258.000
1785156868.938855886,15,240.812500,2027.250
1785156868.938855886,15,242.406250,1999.000
1785156868.938855886,15,244.062500,1978.500
1785156868.938855886,13,245.734375,1967.250
1785156868.938855886,8,247.343750,1951.750
1785156868.938855886,8,260.421875,1836.500
1785156868.938855886,15,262.140625,1823.500
1785156868.938855886,15,263.765625,1810.250
1785156868.938855886,15,265.390625,1798.750
1785156868.938855886,15,267.015625,1789.500
1785156868.938855886,15,268.671875,1783.000
1785156868.938855886,15,270.328125,1775.500
1785156868.938855886,15,271.906250,1772.000
1785156868.938855886,15,273.562500,1776.000
1785156868.938855886,15,275.140625,1779.750
1785156868.938855886,15,276.765625,1772.000
1785156868.938855886,15,278.390625,1766.500
1785156868.938855886,15,280.046875,1784.750
1785156868.938855886,15,281.656250,1797.000
1785156868.938855886,15,283.281250,1803.250
1785156868.938855886,10,284.890625,1820.500
1785156868.938855886,15,288.156250,1801.500
1785156868.938855886,15,294.687500,1788.500
1785156868.938855886,15,299.640625,1969.250
1785156868.938855886,15,301.218750,2005.750
1785156868.938855886,15,302.890625,2032.500
1785156868.938855886,9,304.515625,2059.000
1785156868.938855886,15,312.609375,2260.250
1785156868.938855886,10,314.250000,2302.500
1785156868.938855886,15,315.859375,2365.500
1785156868.938855886,12,317.500000,2433.250
1785156868.938855886,8,319.093750,2488.500
1785156868.938855886,7,324.062500,2713.250
1785156869.050208092,15,353.187500,6798.750
1785156869.050208092,15,354.828125,6802.750
1785156869.050208092,15,356.468750,6812.750
1785156869.050208092,15,358.109375,6811.000
1785156869.050208092,15,359.734375,6756.250
1785156869.050208092,15,1.359375,6768.250
1785156869.050208092,15,3.015625,6797.000
1785156869.050208092,15,4.656250,6779.000
1785156869.050208092,15,6.281250,6769.000
1785156869.050208092,15,7.906250,6796.500
1785156869.050208092,15,9.562500,6853.000
1785156869.050208092,15,11.156250,6884.500
1785156869.050208092,15,12.781250,6945.000
1785156869.050208092,15,14.406250,7054.750
1785156869.050208092,15,24.203125,7634.000
1785156869.050208092,15,48.078125,106.000
1785156869.050208092,15,169.687500,9889.000
1785156869.050208092,15,171.312500,9793.000
1785156869.050208092,15,172.953125,9726.750
1785156869.050208092,7,184.359375,10133.000
1785156869.050208092,15,220.656250,2901.750
1785156869.050208092,15,225.625000,2622.750
1785156869.050208092,15,232.250000,2313.500
1785156869.050208092,15,242.125000,2038.000
1785156869.050208092,15,243.781250,2007.250
1785156869.050208092,15,245.406250,1980.750
1785156869.050208092,15,247.046875,1965.500
1785156869.050208092,10,248.656250,1952.000
1785156869.050208092,10,250.343750,1939.500
1785156869.050208092,12,263.421875,1826.250
1785156869.050208092,15,265.031250,1808.750
1785156869.050208092,15,266.671875,1798.250
1785156869.050208092,15,268.296875,1793.500
1785156869.050208092,15,269.921875,1788.000
1785156869.050208092,15,271.562500,1784.000
1785156869.050208092,15,273.203125,1783.250
1785156869.050208092,15,274.843750,1788.000
1785156869.050208092,15,276.453125,1785.750
1785156869.050208092,15,278.078125,1780.500
1785156869.050208092,15,279.703125,1793.000
1785156869.050208092,15,281.375000,1808.000
1785156869.050208092,9,282.953125,1817.500
1785156869.050208092,9,284.609375,1832.000
1785156869.050208092,15,287.859375,1816.000
1785156869.050208092,15,294.390625,1809.000
1785156869.050208092,15,297.593750,1941.000
1785156869.050208092,15,299.343750,1964.250
1785156869.050208092,15,300.953125,1995.500
1785156869.050208092,15,302.593750,2012.500
1785156869.050208092,15,304.218750,2027.750
1785156869.050208092,14,305.859375,2072.750
1785156869.050208092,15,312.343750,2250.750
1785156869.050208092,12,313.984375,2296.000
1785156869.050208092,12,317.234375,2420.250
1785156869.050208092,11,318.843750,2468.500
1785156869.050208092,9,330.250000,3084.750
1785156869.165094852,15,354.515625,6759.500
1785156869.165094852,15,356.140625,6774.000
1785156869.165094852,15,357.781250,6792.500
1785156869.165094852,15,359.421875,6783.000
1785156869.165094852,15,1.062500,6772.500
1785156869.165094852,15,2.687500,6757.000
1785156869.165094852,15,4.312500,6790.750
1785156869.165094852,15,5.953125,6844.750
1785156869.165094852,15,7.609375,6847.750
1785156869.165094852,15,9.234375,6907.000
1785156869.165094852,15,10.828125,6937.500
1785156869.165094852,15,12.468750,6961.750
1785156869.165094852,15,14.093750,7056.000
1785156869.165094852,15,23.875000,7567.500
1785156869.165094852,15,48.000000,106.250
1785156869.165094852,15,49.250000,104.250
1785156869.165094852,15,172.593750,9676.000
1785156869.165094852,15,220.296875,2922.500
1785156869.165094852,15,225.250000,2643.500
1785156869.165094852,10,233.484375,2268.500
1785156869.165094852,15,241.734375,2049.750
1785156869.165094852,15,243.359375,2017.750
1785156869.165094852,15,245.000000,1989.750
1785156869.165094852,15,246.640625,1971.250
1785156869.165094852,12,248.312500,1956.000
1785156869.165094852,11,261.437500,1835.750
1785156869.165094852,15,263.046875,1823.500
1785156869.165094852,15,264.718750,1807.250
1785156869.165094852,15,266.312500,1800.250
1785156869.165094852,15,267.953125,1791.750
1785156869.165094852,15,269.625000,1787.500
1785156869.165094852,15,271.218750,1788.500
1785156869.165094852,15,272.875000,1787.750
1785156869.165094852,15,274.468750,1790.250
1785156869.165094852,15,276.171875,1788.500
1785156869.165094852,15,277.796875,1786.500
1785156869.165094852,15,279.421875,1795.000
1785156869.165094852,15,281.046875,1807.500
1785156869.165094852,14,282.687500,1816.250
1785156869.165094852,10,284.281250,1824.500
1785156869.165094852,8,285.890625,1837.250
1785156869.165094852,15,287.531250,1827.500
1785156869.165094852,15,294.093750,1825.000
1785156869.165094852,15,297.328125,1947.750
1785156869.165094852,15,299.078125,1969.750
1785156869.165094852,15,300.671875,1994.000
1785156869.165094852,15,302.328125,2013.750
1785156869.165094852,15,303.968750,2034.250
1785156869.165094852,15,312.093750,2263.500
1785156869.165094852,10,313.718750,2303.250
1785156869.165094852,7,315.343750,2353.250
1785156869.165094852,15,317.000000,2411.750
1785156869.275788069,15,354.312500,6800.500
1785156869.275788069,15,355.953125,6820.000
1785156869.275788069,15,357.578125,6782.750
1785156869.275788069,15,359.218750,6798.500
1785156869.275788069,15,0.859375,6809.750
1785156869.275788069,15,2.484375,6771.000
1785156869.275788069,15,4.140625,6791.250
1785156869.275788069,15,5.781250,6837.500
1785156869.275788069,15,7.421875,6837.500
1785156869.275788069,15,9.046875,6884.750
1785156869.275788069,15,10.656250,6915.250
1785156869.275788069,15,12.296875,6950.250
1785156869.275788069,15,13.937500,7032.750
1785156869.275788069,15,23.750000,7569.750
1785156869.275788069,15,46.578125,106.500
1785156869.275788069,12,50.734375,101.500
1785156869.275788069,14,172.515625,9612.750
1785156869.275788069,7,185.625000,10253.000
1785156869.275788069,15,220.296875,2922.250
1785156869.275788069,11,225.250000,2644.000
1785156869.275788069,8,233.484375,2265.500
1785156869.275788069,15,243.343750,2019.500
1785156869.275788069,15,244.984375,1991.750
1785156869.275788069,15,246.640625,1975.250
1785156869.275788069,15,248.296875,1965.250
1785156869.275788069,10,249.890625,1953.250
1785156869.275788069,15,264.640625,1818.000
1785156869.275788069,15,266.312500,1805.250
1785156869.275788069,15,267.984375,1798.000
1785156869.275788069,15,269.593750,1793.250
1785156869.275788069,15,271.203125,1792.500
1785156869.275788069,15,272.859375,1796.750
1785156869.275788069,15,274.500000,1797.000
1785156869.275788069,15,276.140625,1790.750
1785156869.275788069,15,277.734375,1787.500
1785156869.275788069,15,279.359375,1799.000
1785156869.275788069,15,281.015625,1811.750
1785156869.275788069,14,282.640625,1821.750
1785156869.275788069,9,284.265625,1833.750
1785156869.275788069,12,285.890625,1841.000
1785156869.275788069,15,287.531250,1828.000
1785156869.275788069,15,294.078125,1837.750
1785156869.275788069,15,297.281250,1957.000
1785156869.275788069,15,299.000000,1974.250
1785156869.275788069,15,300.609375,1993.250
1785156869.275788069,15,302.234375,2018.000
1785156869.275788069,15,303.906250,2044.500
1785156869.275788069,15,313.656250,2301.500
1785156869.275788069,6,315.281250,2354.500
1785156869.275788069,15,316.890625,2414.000
1785156869.275788069,10,318.500000,2464.500
1785156869.275788069,8,321.750000,2605.250
1785156869.275788069,10,323.359375,2666.750
1785156869.390960932,15,352.578125,6707.250
1785156869.390960932,15,354.218750,6734.250
1785156869.390960932,15,355.859375,6786.750
1785156869.390960932,15,357.515625,6790.500
1785156869.390960932,15,359.140625,6770.250
1785156869.390960932,15,0.781250,6752.500
1785156869.390960932,15,2.421875,6748.250
1785156869.390960932,15,4.062500,6771.500
1785156869.390960932,15,5.687500,6774.000
1785156869.390960932,15,7.343750,6799.500
1785156869.390960932,15,8.968750,6883.500
1785156869.390960932,15,10.578125,6941.500
1785156869.390960932,15,12.218750,6979.000
1785156869.390960932,15,13.843750,7028.250
1785156869.390960932,15,23.656250,7596.000
1785156869.390960932,15,47.875000,106.500
1785156869.390960932,15,49.562500,104.750
1785156869.390960932,15,51.781250,101.750
1785156869.390960932,15,170.812500,9629.750
1785156869.390960932,15,172.453125,9583.250
1785156869.390960932,10,185.625000,10104.500
1785156869.390960932,15,220.343750,2884.500
1785156869.390960932,12,222.000000,2809.250
1785156869.390960932,15,225.296875,2617.750
1785156869.390960932,15,226.921875,2565.250
1785156869.390960932,15,231.890625,2317.500
1785156869.390960932,8,233.515625,2267.750
1785156869.390960932,15,243.421875,2030.250
1785156869.390960932,15,245.031250,2013.250
1785156869.390960932,15,246.703125,1990.750
1785156869.390960932,15,248.328125,1974.500
1785156869.390960932,15,249.937500,1966.500
1785156869.390960932,11,251.593750,1955.250
1785156869.390960932,11,253.218750,1946.750
1785156869.390960932,14,264.750000,1836.000
1785156869.390960932,15,266.328125,1826.000
1785156869.390960932,15,267.984375,1822.000
1785156869.390960932,15,269.625000,1813.500
1785156869.390960932,15,271.281250,1806.000
1785156869.390960932,15,272.906250,1809.750
1785156869.390960932,15,274.515625,1810.750
1785156869.390960932,15,276.171875,1803.500
1785156869.390960932,15,277.812500,1805.000
1785156869.390960932,14,279.390625,1815.750
1785156869.390960932,15,281.078125,1824.000
1785156869.390960932,9,282.703125,1835.500
1785156869.390960932,15,287.625000,1831.000
1785156869.390960932,15,294.125000,1912.000
1785156869.390960932,15,295.687500,1931.000
1785156869.390960932,15,297.359375,1966.500
1785156869.390960932,15,299.062500,1981.500
1785156869.390960932,15,300.671875,2009.250
1785156869.390960932,15,302.296875,2042.500
1785156869.390960932,11,303.921875,2072.000
1785156869.390960932,10,312.031250,2280.500
1785156869.390960932,14,313.703125,2328.750
1785156869.390960932,14,316.953125,2451.500
1785156869.390960932,7,323.484375,2716.250
1785156869.502617121,15,352.703125,6793.500
1785156869.502617121,15,354.343750,6801.250
1785156869.502617121,15,356.000000,6785.750
1785156869.502617121,15,357.640625,6798.750
1785156869.502617121,15,359.265625,6783.000
1785156869.502617121,15,0.906250,6769.500
1785156869.502617121,15,2.562500,6765.250
1785156869.502617121,15,4.187500,6791.250
1785156869.502617121,15,5.828125,6841.500
1785156869.502617121,15,7.468750,6887.750
1785156869.502617121,15,10.687500,6944.250
1785156869.502617121,15,12.328125,7008.250
1785156869.502617121,15,23.765625,7571.750
1785156869.502617121,15,46.968750,106.500
1785156869.502617121,13,51.750000,101.500
1785156869.502617121,15,170.906250,9773.000
1785156869.502617121,15,172.546875,9616.250
1785156869.502617121,13,220.375000,2877.250
1785156869.502617121,8,225.359375,2619.750
1785156869.502617121,15,228.671875,2461.000
1785156869.502617121,15,241.890625,2048.750
1785156869.502617121,15,243.515625,2015.500
1785156869.502617121,15,245.171875,1990.750
1785156869.502617121,15,246.796875,1975.500
1785156869.502617121,14,248.468750,1967.500
1785156869.502617121,14,264.921875,1830.500
1785156869.502617121,15,266.515625,1819.750
1785156869.502617121,15,268.187500,1810.500
1785156869.502617121,15,269.843750,1806.500
1785156869.502617121,15,271.453125,1807.250
1785156869.502617121,15,273.078125,1806.500
1785156869.502617121,15,274.734375,1805.250
1785156869.502617121,15,276.343750,1792.750
1785156869.502617121,15,277.953125,1790.500
1785156869.502617121,13,279.609375,1813.250
1785156869.502617121,15,281.234375,1825.250
1785156869.502617121,15,287.781250,1814.500
1785156869.502617121,15,294.218750,1933.750
1785156869.502617121,15,295.875000,1956.750
1785156869.502617121,15,297.468750,1976.000
1785156869.502617121,15,299.187500,1990.500
1785156869.502617121,14,300.828125,2014.750
1785156869.502617121,15,302.453125,2030.250
1785156869.502617121,15,310.562500,2255.000
1785156869.502617121,10,312.187500,2293.500
1785156869.502617121,11,313.828125,2350.000
1785156869.502617121,9,315.421875,2407.750
1785156869.502617121,15,317.046875,2471.750
1785156869.613712788,15,352.875000,6800.000
1785156869.613712788,15,354.531250,6806.000
1785156869.613712788,15,356.171875,6772.750
1785156869.613712788,15,357.812500,6769.000
1785156869.613712788,15,359.453125,6792.000
1785156869.613712788,15,1.093750,6800.000
1785156869.613712788,15,2.734375,6797.000
1785156869.613712788,15,4.375000,6827.250
1785156869.613712788,15,6.031250,6835.250
1785156869.613712788,15,7.656250,6845.000
1785156869.613712788,15,9.312500,6878.750
1785156869.613712788,15,10.859375,6912.750
1785156869.613712788,15,12.484375,6966.750
1785156869.613712788,15,22.281250,7526.750
1785156869.613712788,15,48.015625,106.500
1785156869.613712788,15,158.703125,1809.500
1785156869.613712788,15,171.203125,9725.500
1785156869.613712788,15,172.843750,9711.000
1785156869.613712788,10,184.281250,10096.000
1785156869.613712788,15,217.359375,3049.000
1785156869.613712788,15,222.296875,2754.500
1785156869.613712788,11,223.953125,2681.250
1785156869.613712788,15,228.921875,2441.750
1785156869.613712788,15,242.140625,2038.750
1785156869.613712788,15,243.781250,2012.250
1785156869.613712788,15,245.453125,1986.250
1785156869.613712788,15,247.093750,1967.750
1785156869.613712788,14,248.687500,1958.750
1785156869.613712788,11,250.359375,1949.500
1785156869.613712788,10,263.546875,1826.000
1785156869.613712788,15,265.156250,1817.750
1785156869.613712788,15,266.781250,1811.250
1785156869.613712788,15,268.421875,1804.000
1785156869.613712788,15,270.093750,1799.750
1785156869.613712788,15,271.718750,1802.500
1785156869.613712788,15,273.375000,1803.000
1785156869.613712788,15,274.937500,1806.250
1785156869.613712788,15,276.593750,1793.000
1785156869.613712788,15,278.203125,1784.500
1785156869.613712788,9,279.796875,1812.500
1785156869.613712788,15,281.484375,1828.750
1785156869.613712788,15,288.015625,1807.250
1785156869.613712788,15,292.843750,1936.000
1785156869.613712788,15,294.484375,1940.000
1785156869.613712788,15,296.093750,1983.000
1785156869.613712788,15,297.734375,2008.250
1785156869.613712788,15,299.484375,2023.750
1785156869.613712788,15,301.109375,2056.500
1785156869.613712788,15,309.218750,2269.500
1785156869.613712788,14,310.859375,2304.750
1785156869.613712788,8,312.484375,2354.500
1785156869.613712788,11,314.093750,2415.250
1785156869.613712788,15,315.734375,2475.250
1785156869.613712788,8,317.343750,2541.750
1785156869.613712788,7,330.406250,3323.500
1785156869.728049994,15,351.484375,6759.500
1785156869.728049994,15,353.125000,6797.250
1785156869.728049994,15,354.781250,6837.750
1785156869.728049994,15,356.406250,6839.500
1785156869.728049994,15,358.062500,6810.250
1785156869.728049994,15,359.687500,6766.500
1785156869.728049994,15,1.328125,6767.750
1785156869.728049994,15,2.984375,6777.750
1785156869.728049994,15,4.609375,6796.750
1785156869.728049994,15,6.250000,6846.000
1785156869.728049994,15,7.890625,6878.500
1785156869.728049994,15,9.515625,6894.500
1785156869.728049994,15,11.062500,6923.500
1785156869.728049994,15,12.703125,6979.750
1785156869.728049994,15,47.609375,106.000
1785156869.728049994,15,50.421875,104.000
1785156869.728049994,15,158.953125,1803.500
1785156869.728049994,7,171.375000,9771.250
1785156869.728049994,15,173.031250,9804.000
1785156869.728049994,7,184.453125,10079.500
1785156869.728049994,15,222.468750,2755.000
1785156869.728049994,11,224.078125,2684.500
1785156869.728049994,15,229.109375,2439.000
1785156869.728049994,15,232.406250,2294.500
1785156869.728049994,15,242.281250,2039.750
1785156869.728049994,15,243.921875,2014.500
1785156869.728049994,15,245.562500,1991.750
1785156869.728049994,15,247.218750,1977.250
1785156869.728049994,14,248.875000,1964.000
1785156869.728049994,13,250.500000,1950.250
1785156869.728049994,15,263.609375,1825.750
1785156869.728049994,15,265.296875,1817.500
1785156869.728049994,15,266.890625,1816.250
1785156869.728049994,15,268.546875,1813.750
1785156869.728049994,15,270.187500,1807.750
1785156869.728049994,15,271.812500,1808.750
1785156869.728049994,15,273.468750,1808.250
1785156869.728049994,15,275.062500,1813.250
1785156869.728049994,15,276.671875,1798.000
1785156869.728049994,15,278.312500,1787.000
1785156869.728049994,11,279.906250,1813.750
1785156869.728049994,13,281.578125,1826.750
1785156869.728049994,15,288.093750,1805.000
1785156869.728049994,15,292.953125,1938.500
1785156869.728049994,15,294.593750,1931.750
1785156869.728049994,15,297.828125,2001.750
1785156869.728049994,15,299.593750,2018.000
1785156869.728049994,15,301.218750,2026.500
1785156869.728049994,15,302.828125,2034.250
1785156869.728049994,15,311.000000,2295.000
1785156869.728049994,15,312.593750,2354.000
1785156869.728049994,15,314.250000,2413.750
1785156869.728049994,15,315.843750,2469.250
1785156869.839822054,15,351.656250,6818.500
1785156869.839822054,15,353.296875,6775.750
1785156869.839822054,15,354.921875,6766.250
1785156869.839822054,15,356.578125,6757.250
1785156869.839822054,15,358.218750,6792.750
1785156869.839822054,15,359.859375,6818.000
1785156869.839822054,15,1.500000,6799.000
1785156869.839822054,15,3.125000,6788.500
1785156869.839822054,15,4.765625,6821.000
1785156869.839822054,15,6.406250,6856.000
1785156869.839822054,15,8.046875,6853.000
1785156869.839822054,15,9.687500,6872.000
1785156869.839822054,15,11.234375,6897.000
1785156869.839822054,15,12.890625,6951.000
1785156869.839822054,15,22.671875,7556.750
1785156869.839822054,15,48.515625,106.000
1785156869.839822054,15,50.218750,103.750
1785156869.839822054,15,159.125000,1799.250
1785156869.839822054,15,160.750000,1788.500
1785156869.839822054,15,171.562500,9744.250
1785156869.839822054,15,173.203125,9696.000
1785156869.839822054,7,181.390625,10011.250
1785156869.839822054,15,217.796875,3012.000
1785156869.839822054,15,226.078125,2531.500
1785156869.839822054,7,227.718750,2474.000
1785156869.839822054,6,229.359375,2413.750
1785156869.839822054,15,232.671875,2276.750
1785156869.839822054,15,242.578125,2036.500
1785156869.839822054,15,244.234375,2014.750
1785156869.839822054,15,245.890625,1993.000
1785156869.839822054,15,247.546875,1972.000
1785156869.839822054,15,249.187500,1961.250
1785156869.839822054,9,250.796875,1951.000
1785156869.839822054,14,263.906250,1819.500
1785156869.839822054,15,265.562500,1828.500
1785156869.839822054,15,267.187500,1825.750
1785156869.839822054,15,268.796875,1822.250
1785156869.839822054,15,270.453125,1818.750
1785156869.839822054,15,272.109375,1818.250
1785156869.839822054,15,273.718750,1819.500
1785156869.839822054,15,275.312500,1823.750
1785156869.839822054,15,276.953125,1818.500
1785156869.839822054,9,278.562500,1816.750
1785156869.839822054,8,280.250000,1832.750
1785156869.839822054,15,293.265625,1949.500
1785156869.839822054,15,294.906250,1940.500
1785156869.839822054,15,296.484375,1967.750
1785156869.839822054,15,298.140625,2008.000
1785156869.839822054,15,299.890625,2022.250
1785156869.839822054,15,301.546875,2036.250
1785156869.839822054,15,303.156250,2057.500
1785156869.839822054,15,309.671875,2257.000
1785156869.839822054,15,311.281250,2298.000
1785156869.839822054,7,312.921875,2355.000
1785156869.839822054,13,314.593750,2413.000
1785156869.839822054,15,316.171875,2478.250
1785156869.839822054,9,317.812500,2552.000
1785156869.950975895,15,351.984375,6808.500
1785156869.950975895,15,353.625000,6760.250
1785156869.950975895,15,355.265625,6770.250
1785156869.950975895,15,356.906250,6799.750
1785156869.950975895,15,358.562500,6793.750
1785156869.950975895,15,0.187500,6762.000
1785156869.950975895,15,1.843750,6795.750
1785156869.950975895,15,3.468750,6800.750
1785156869.950975895,15,5.109375,6774.750
1785156869.950975895,15,6.765625,6811.500
1785156869.950975895,15,10.031250,6892.250
1785156869.950975895,15,11.640625,6974.000
1785156869.950975895,11,13.281250,7004.250
1785156869.950975895,15,23.093750,7599.750
1785156869.950975895,15,46.500000,107.750
1785156869.950975895,15,49.015625,105.500
1785156869.950975895,15,159.625000,1787.500
1785156869.950975895,15,161.218750,1784.750
1785156869.950975895,15,172.031250,9736.500
1785156869.950975895,15,173.687500,9667.500
1785156869.950975895,15,218.296875,3033.500
1785156869.950975895,15,223.296875,2743.000
1785156869.950975895,9,224.953125,2674.500
1785156869.950975895,15,229.859375,2443.000
1785156869.950975895,11,234.828125,2251.750
1785156869.950975895,15,243.046875,2065.000
1785156869.950975895,15,244.703125,2039.250
1785156869.950975895,15,246.328125,2023.000
1785156869.950975895,15,247.984375,2002.250
1785156869.950975895,15,249.625000,1984.750
1785156869.950975895,15,251.250000,1971.250
1785156869.950975895,15,252.890625,1963.750
1785156869.950975895,12,254.531250,1958.750
1785156869.950975895,15,266.046875,1830.000
1785156869.950975895,13,267.671875,1832.000
1785156869.950975895,15,269.328125,1832.500
1785156869.950975895,13,270.906250,1830.500
1785156869.950975895,14,272.578125,1830.500
1785156869.950975895,15,274.218750,1828.750
1785156869.950975895,15,275.859375,1818.000
1785156869.950975895,11,277.484375,1821.000
1785156869.950975895,15,287.250000,1835.750
1785156869.950975895,15,292.140625,1943.000
1785156869.950975895,15,293.781250,1950.750
1785156869.950975895,14,295.406250,1958.500
1785156869.950975895,15,298.796875,2037.250
1785156869.950975895,15,300.390625,2051.250
1785156869.950975895,15,302.015625,2065.250
1785156869.950975895,15,303.671875,2081.500
1785156869.950975895,15,308.546875,2256.250
1785156869.950975895,9,310.171875,2300.750
1785156869.950975895,12,311.828125,2353.750
1785156869.950975895,15,313.437500,2404.250
1785156869.950975895,5,315.046875,2450.250
1785156869.950975895,12,316.687500,2508.000
1785156869.950975895,11,318.312500,2582.750
1785156869.950975895,10,319.921875,2658.750
1785156870.066261053,15,350.796875,6795.500
1785156870.066261053,15,352.437500,6781.000
1785156870.066261053,15,354.078125,6778.250
1785156870.066261053,15,355.718750,6772.500
1785156870.066261053,15,357.359375,6784.000
1785156870.066261053,15,359.000000,6815.500
1785156870.066261053,15,0.640625,6807.000
1785156870.066261053,15,2.265625,6810.000
1785156870.066261053,15,3.921875,6815.000
1785156870.066261053,15,5.562500,6818.000
1785156870.066261053,15,7.203125,6841.750
1785156870.066261053,15,8.828125,6881.750
1785156870.066261053,15,10.468750,6958.000
1785156870.066261053,15,12.109375,7020.250
1785156870.066261053,15,21.937500,7466.000
1785156870.066261053,15,47.875000,106.500
1785156870.066261053,15,49.140625,104.750
1785156870.066261053,15,51.859375,101.750
1785156870.066261053,15,160.015625,1791.250
1785156870.066261053,15,161.671875,1779.250
1785156870.066261053,15,172.500000,9678.750
1785156870.066261053,15,174.125000,9620.500
1785156870.066261053,15,185.640625,10426.250
1785156870.066261053,15,225.406250,2604.750
1785156870.066261053,15,226.968750,2528.250
1785156870.066261053,9,228.625000,2461.500
1785156870.066261053,15,231.953125,2324.250
1785156870.066261053,9,233.625000,2273.500
1785156870.066261053,15,243.468750,2044.500
1785156870.066261053,15,245.140625,2029.750
1785156870.066261053,15,246.750000,2012.500
1785156870.066261053,15,248.406250,1991.000
1785156870.066261053,15,250.015625,1970.750
1785156870.066261053,15,251.671875,1961.500
1785156870.066261053,13,253.312500,1957.500
1785156870.066261053,8,254.984375,1950.500
1785156870.066261053,12,266.468750,1845.250
1785156870.066261053,10,268.093750,1837.750
1785156870.066261053,10,269.750000,1834.750
1785156870.066261053,15,271.343750,1831.750
1785156870.066261053,14,272.984375,1831.500
1785156870.066261053,8,274.640625,1835.750
1785156870.066261053,15,276.328125,1825.000
1785156870.066261053,15,277.968750,1818.750
1785156870.066261053,15,287.765625,1820.750
1785156870.066261053,15,290.984375,1943.750
1785156870.066261053,15,292.578125,1972.000
1785156870.066261053,15,294.250000,1981.000
1785156870.066261053,15,295.859375,2002.000
1785156870.066261053,8,297.515625,2034.000
1785156870.066261053,15,299.187500,2053.250
1785156870.066261053,15,300.843750,2076.500
1785156870.066261053,15,302.468750,2095.250
1785156870.066261053,15,307.343750,2248.750
1785156870.066261053,15,308.984375,2292.500
1785156870.066261053,15,310.578125,2338.250
1785156870.066261053,15,312.234375,2391.500
1785156870.066261053,9,313.875000,2437.500
1785156870.066261053,15,315.500000,2488.500
1785156870.066261053,10,320.359375,2713.250
1785156870.066261053,7,326.875000,3088.000
1785156870.176442862,15,351.250000,6786.750
1785156870.176442862,15,352.906250,6798.000
1785156870.176442862,15,354.531250,6805.750
1785156870.176442862,15,356.187500,6784.250
1785156870.176442862,15,357.828125,6803.500
1785156870.176442862,15,359.468750,6821.750
1785156870.176442862,15,1.093750,6801.750
1785156870.176442862,15,2.750000,6796.250
1785156870.176442862,15,4.390625,6797.500
1785156870.176442862,15,6.046875,6805.000
1785156870.176442862,15,7.671875,6883.000
1785156870.176442862,15,9.312500,6921.750
1785156870.176442862,15,10.906250,6916.750
1785156870.176442862,15,12.531250,6972.000
1785156870.176442862,15,22.359375,7540.250
1785156870.176442862,15,25.625000,7682.000
1785156870.176442862,15,47.468750,106.000
1785156870.176442862,15,49.671875,104.000
1785156870.176442862,15,158.906250,1786.500
1785156870.176442862,15,160.546875,1778.250
1785156870.176442862,15,162.187500,1769.000
1785156870.176442862,15,171.343750,9699.750
1785156870.176442862,15,172.968750,9650.000
1785156870.176442862,8,182.843750,10147.750
1785156870.176442862,8,184.484375,10129.500
1785156870.176442862,15,219.187500,2997.250
1785156870.176442862,15,227.468750,2523.750
1785156870.176442862,8,229.125000,2472.000
1785156870.176442862,15,230.750000,2423.250
1785156870.176442862,15,234.062500,2289.250
1785156870.176442862,15,245.578125,2048.000
1785156870.176442862,15,247.234375,2027.750
1785156870.176442862,15,248.859375,2010.750
1785156870.176442862,15,250.515625,1991.750
1785156870.176442862,15,252.187500,1977.000
1785156870.176442862,15,253.812500,1972.250
1785156870.176442862,11,255.468750,1968.750
1785156870.176442862,12,257.140625,1958.000
1785156870.176442862,8,258.765625,1944.500
1785156870.176442862,15,289.906250,1936.000
1785156870.176442862,15,291.531250,1951.750
1785156870.176442862,15,293.156250,1979.500
1785156870.176442862,15,294.765625,1987.250
1785156870.176442862,15,296.421875,2008.000
1785156870.176442862,15,298.062500,2026.750
1785156870.176442862,15,299.734375,2050.250
1785156870.176442862,14,301.343750,2084.000
1785156870.176442862,13,302.984375,2098.750
1785156870.176442862,15,309.500000,2284.500
1785156870.176442862,15,311.140625,2333.250
1785156870.176442862,15,312.750000,2391.000
1785156870.176442862,9,314.375000,2438.000
1785156870.176442862,9,317.625000,2563.750
1785156870.176442862,8,320.890625,2699.250
1785156870.288184166,15,351.859375,6799.750
1785156870.288184166,15,353.500000,6834.500
1785156870.288184166,15,355.125000,6809.000
1785156870.288184166,15,356.796875,6809.000
1785156870.288184166,15,358.437500,6771.750
1785156870.288184166,15,0.078125,6748.250
1785156870.288184166,15,1.718750,6780.500
1785156870.288184166,15,3.343750,6777.250
1785156870.288184166,15,5.000000,6788.000
1785156870.288184166,15,6.640625,6817.500
1785156870.288184166,15,8.281250,6880.000
1785156870.288184166,15,9.937500,6918.250
1785156870.288184166,15,11.484375,6940.750
1785156870.288184166,15,21.296875,7450.000
1785156870.288184166,15,47.046875,108.000
1785156870.288184166,15,48.843750,105.500
1785156870.288184166,15,50.906250,103.250
1785156870.288184166,15,159.484375,1782.500
1785156870.288184166,15,162.781250,1769.000
1785156870.288184166,15,171.906250,9667.250
1785156870.288184166,15,173.546875,9696.750
1785156870.288184166,15,218.062500,3038.750
1785156870.288184166,15,223.000000,2752.500
1785156870.288184166,10,227.984375,2506.000
1785156870.288184166,15,229.609375,2452.750
1785156870.288184166,15,232.953125,2316.750
1785156870.288184166,12,234.609375,2270.250
1785156870.288184166,15,244.484375,2051.500
1785156870.288184166,15,246.109375,2036.250
1785156870.288184166,15,247.750000,2016.250
1785156870.288184166,15,249.437500,1995.750
1785156870.288184166,15,251.109375,1981.000
1785156870.288184166,15,252.703125,1974.750
1785156870.288184166,15,254.343750,1967.500
1785156870.288184166,15,256.015625,1956.500
1785156870.288184166,13,257.656250,1947.500
1785156870.288184166,8,259.281250,1937.750
1785156870.288184166,14,275.656250,1842.250
1785156870.288184166,13,287.062500,1851.250
1785156870.288184166,15,290.281250,1974.750
1785156870.288184166,15,291.937500,1981.250
1785156870.288184166,15,293.546875,1991.750
1785156870.288184166,15,295.171875,2014.500
1785156870.288184166,15,296.796875,2045.000
1785156870.288184166,10,298.453125,2076.750
1785156870.288184166,13,300.140625,2094.750
1785156870.288184166,15,308.312500,2274.500
1785156870.288184166,9,309.953125,2322.500
1785156870.288184166,13,311.578125,2385.500
1785156870.288184166,14,313.218750,2432.250
1785156870.288184166,15,314.812500,2481.250
1785156870.288184166,11,316.453125,2549.250
1785156870.402987003,15,350.640625,6825.750
1785156870.402987003,15,352.281250,6805.500
1785156870.402987003,15,353.906250,6784.000
1785156870.402987003,15,355.546875,6781.250
1785156870.402987003,15,357.203125,6761.500
1785156870.402987003,15,358.843750,6775.250
1785156870.402987003,15,0.484375,6816.750
1785156870.402987003,15,2.140625,6805.500
1785156870.402987003,15,3.765625,6778.250
1785156870.402987003,15,5.421875,6824.750
1785156870.402987003,15,7.062500,6866.750
1785156870.402987003,15,8.703125,6874.000
1785156870.402987003,15,10.265625,6915.750
1785156870.402987003,15,11.890625,7019.500
1785156870.402987003,15,21.703125,7536.750
1785156870.402987003,15,47.265625,106.750
1785156870.402987003,15,49.437500,105.000
1785156870.402987003,15,159.890625,1781.500
1785156870.402987003,15,163.187500,1766.500
1785156870.402987003,15,172.343750,9630.500
1785156870.402987003,15,173.984375,9593.250
1785156870.402987003,10,182.171875,10140.250
1785156870.402987003,15,218.453125,3052.500
1785156870.402987003,15,221.765625,2872.500
1785156870.402987003,15,223.390625,2788.750
1785156870.402987003,15,228.375000,2527.500
1785156870.402987003,9,230.046875,2475.750
1785156870.402987003,15,231.687500,2419.500
1785156870.402987003,15,234.984375,2290.250
1785156870.402987003,15,246.515625,2050.500
1785156870.402987003,15,248.140625,2033.250
1785156870.402987003,15,249.781250,2017.000
1785156870.402987003,15,251.453125,2002.750
1785156870.402987003,15,253.109375,1994.250
1785156870.402987003,15,254.765625,1982.750
1785156870.402987003,15,256.390625,1973.000
1785156870.402987003,15,258.000000,1966.000
1785156870.402987003,11,259.671875,1959.500
1785156870.402987003,15,285.796875,1938.250
1785156870.402987003,15,290.671875,1982.500
1785156870.402987003,15,292.328125,1992.250
1785156870.402987003,15,293.921875,1999.000
1785156870.402987003,15,297.218750,2033.250
1785156870.402987003,11,307.062500,2221.000
1785156870.402987003,15,308.718750,2244.500
1785156870.402987003,12,311.937500,2349.500
1785156870.402987003,9,313.562500,2400.500
1785156870.402987003,15,315.203125,2467.000
1785156870.402987003,15,316.828125,2525.500
1785156870.514417887,15,351.062500,6810.000
1785156870.514417887,15,352.703125,6825.250
1785156870.514417887,15,354.343750,6803.250
1785156870.514417887,15,355.984375,6793.750
1785156870.514417887,15,357.625000,6802.000
1785156870.514417887,15,359.281250,6817.500
1785156870.514417887,15,0.906250,6805.500
1785156870.514417887,15,2.562500,6768.000
1785156870.514417887,15,4.203125,6793.250
1785156870.514417887,15,5.859375,6843.000
1785156870.514417887,15,9.140625,6901.000
1785156870.514417887,15,10.671875,6957.250
1785156870.514417887,15,12.296875,7013.500
1785156870.514417887,15,22.125000,7505.750
1785156870.514417887,15,25.375000,7686.500
1785156870.514417887,15,47.328125,106.500
1785156870.514417887,15,51.859375,101.500
1785156870.514417887,15,160.328125,1778.250
1785156870.514417887,15,163.609375,1757.000
1785156870.514417887,15,172.765625,9719.000
1785156870.514417887,15,174.390625,9674.750
1785156870.514417887,15,220.578125,2896.750
1785156870.514417887,15,225.578125,2622.000
1785156870.514417887,15,227.203125,2556.000
1785156870.514417887,10,228.890625,2484.000
1785156870.514417887,15,230.546875,2423.250
1785156870.514417887,15,233.828125,2291.250
1785156870.514417887,7,235.500000,2254.000
1785156870.514417887,15,245.375000,2052.000
1785156870.514417887,15,247.015625,2038.000
1785156870.514417887,15,248.656250,2024.250
1785156870.514417887,15,250.296875,2004.500
1785156870.514417887,15,251.859375,1988.500
1785156870.514417887,15,253.515625,1980.000
1785156870.514417887,15,255.171875,1971.750
1785156870.514417887,15,256.781250,1967.250
1785156870.514417887,12,258.421875,1958.000
1785156870.514417887,8,260.062500,1943.250
1785156870.514417887,11,284.562500,1940.000
1785156870.514417887,15,289.453125,1959.500
1785156870.514417887,15,291.046875,1990.000
1785156870.514417887,15,292.656250,2015.750
1785156870.514417887,15,294.312500,2021.000
1785156870.514417887,9,295.937500,2038.500
1785156870.514417887,12,297.546875,2065.250
1785156870.514417887,15,307.484375,2270.500
1785156870.514417887,8,309.093750,2328.750
1785156870.514417887,15,310.750000,2382.250
1785156870.514417887,15,312.375000,2425.500
1785156870.514417887,15,313.984375,2481.500
1785156870.514417887,11,315.640625,2548.250
1785156870.514417887,5,317.281250,2617.500
1785156870.514417887,8,318.890625,2679.000
1785156870.625456095,15,351.437500,6846.250
1785156870.625456095,15,353.093750,6824.250
1785156870.625456095,15,354.734375,6809.500
1785156870.625456095,15,356.375000,6810.750
1785156870.625456095,15,358.000000,6813.750
1785156870.625456095,15,359.640625,6817.000
1785156870.625456095,15,1.296875,6816.250
1785156870.625456095,15,2.937500,6780.500
1785156870.625456095,15,4.562500,6795.750
1785156870.625456095,15,6.203125,6858.000
1785156870.625456095,15,7.859375,6896.250
1785156870.625456095,15,9.484375,6902.250
1785156870.625456095,15,11.093750,6979.750
1785156870.625456095,15,12.703125,7082.250
1785156870.625456095,15,47.171875,106.000
1785156870.625456095,15,160.750000,1768.000
1785156870.625456095,15,173.218750,9681.500
1785156870.625456095,8,183.093750,10140.000
1785156870.625456095,8,184.718750,10089.250
1785156870.625456095,15,219.500000,3043.750
1785156870.625456095,7,221.140625,2965.500
1785156870.625456095,9,227.765625,2587.000
1785156870.625456095,12,231.062500,2451.750
1785156870.625456095,15,234.390625,2321.250
1785156870.625456095,12,236.015625,2275.750
1785156870.625456095,15,247.578125,2049.000
1785156870.625456095,15,249.218750,2036.250
1785156870.625456095,15,250.828125,2023.250
1785156870.625456095,15,252.468750,2005.250
1785156870.625456095,15,254.125000,1991.000
1785156870.625456095,15,255.734375,1980.250
1785156870.625456095,15,257.390625,1973.500
1785156870.625456095,15,259.015625,1966.500
1785156870.625456095,12,260.671875,1952.500
1785156870.625456095,8,283.531250,1938.500
1785156870.625456095,9,285.156250,1943.000
1785156870.625456095,15,288.421875,1964.000
1785156870.625456095,15,290.078125,1975.000
1785156870.625456095,15,291.671875,1991.000
1785156870.625456095,15,293.328125,2018.750
1785156870.625456095,15,294.968750,2027.750
1785156870.625456095,9,296.562500,2048.750
1785156870.625456095,15,306.484375,2235.250
1785156870.625456095,15,308.109375,2262.500
1785156870.625456095,8,309.734375,2319.000
1785156870.625456095,15,311.375000,2380.750
1785156870.625456095,12,312.968750,2426.000
1785156870.625456095,15,314.593750,2484.500
1785156870.625456095,15,316.234375,2557.250
1785156870.740921021,15,351.984375,6801.500
1785156870.740921021,15,353.640625,6831.750
1785156870.740921021,15,355.281250,6804.750
1785156870.740921021,15,356.921875,6795.250
1785156870.740921021,15,358.562500,6790.250
1785156870.740921021,15,0.187500,6807.250
1785156870.740921021,15,1.843750,6836.750
1785156870.740921021,15,3.484375,6829.250
1785156870.740921021,15,5.109375,6847.750
1785156870.740921021,15,6.750000,6857.750
1785156870.740921021,15,8.406250,6881.000
1785156870.740921021,15,10.015625,6929.500
1785156870.740921021,15,11.640625,6987.500
1785156870.740921021,14,13.296875,7014.000
1785156870.740921021,15,21.468750,7474.750
1785156870.740921021,15,24.734375,7620.500
1785156870.740921021,15,47.375000,107.500
1785156870.740921021,15,47.968750,105.500
1785156870.740921021,15,161.250000,1768.500
1785156870.740921021,15,173.687500,9738.000
1785156870.740921021,8,181.906250,10179.250
1785156870.740921021,15,219.968750,3009.000
1785156870.740921021,10,224.937500,2719.000
1785156870.740921021,15,226.578125,2648.250
1785156870.740921021,10,229.843750,2492.250
1785156870.740921021,15,231.484375,2437.500
1785156870.740921021,7,233.156250,2385.250
1785156870.740921021,15,234.812500,2319.500
1785156870.740921021,15,236.468750,2271.250
1785156870.740921021,15,247.968750,2054.250
1785156870.740921021,15,249.593750,2040.000
1785156870.740921021,15,251.265625,2028.750
1785156870.740921021,15,252.875000,2016.750
1785156870.740921021,15,254.531250,2002.250
1785156870.740921021,15,256.203125,1985.250
1785156870.740921021,15,257.796875,1975.500
1785156870.740921021,13,259.453125,1967.250
1785156870.740921021,12,261.093750,1954.250
1785156870.740921021,10,284.015625,1947.750
1785156870.740921021,15,285.640625,1945.500
1785156870.740921021,15,290.500000,1999.000
1785156870.740921021,15,292.140625,2008.000
1785156870.740921021,15,293.765625,2022.500
1785156870.740921021,9,297.046875,2063.000
1785156870.740921021,15,306.921875,2261.500
1785156870.740921021,15,308.562500,2293.750
1785156870.740921021,15,310.171875,2343.750
1785156870.740921021,15,311.843750,2400.500
1785156870.740921021,15,313.453125,2456.750
1785156870.740921021,10,315.062500,2518.000
1785156870.740921021,14,316.687500,2584.000
1785156870.740921021,8,318.359375,2661.500
1785156870.740921021,8,319.953125,2740.750
1785156870.851836920,15,350.812500,6801.500
1785156870.851836920,15,352.453125,6824.750
1785156870.851836920,15,354.109375,6822.250
1785156870.851836920,15,355.734375,6816.500
1785156870.851836920,15,357.390625,6798.500
1785156870.851836920,15,359.031250,6790.500
1785156870.851836920,15,0.656250,6813.250
1785156870.851836920,15,2.296875,6778.750
1785156870.851836920,15,3.937500,6816.750
1785156870.851836920,15,5.578125,6860.500
1785156870.851836920,15,7.218750,6876.750
1785156870.851836920,15,8.859375,6917.500
1785156870.851836920,15,10.484375,6961.250
1785156870.851836920,15,12.109375,7018.250
1785156870.851836920,15,47.687500,106.500
1785156870.851836920,15,49.781250,104.750
1785156870.851836920,13,50.359375,101.750
1785156870.851836920,15,160.093750,1766.750
1785156870.851836920,15,174.171875,9573.500
1785156870.851836920,15,217.140625,3160.750
1785156870.851836920,15,218.781250,3067.250
1785156870.851836920,15,222.093750,2884.750
1785156870.851836920,15,228.656250,2548.000
1785156870.851836920,10,230.312500,2483.250
1785156870.851836920,15,231.968750,2423.500
1785156870.851836920,12,233.640625,2365.750
1785156870.851836920,15,235.281250,2302.500
1785156870.851836920,10,236.906250,2260.250
1785156870.851836920,15,248.421875,2051.000
1785156870.851836920,15,250.031250,2037.250
1785156870.851836920,15,251.718750,2024.000
1785156870.851836920,15,253.343750,2008.000
1785156870.851836920,15,255.000000,1999.250
1785156870.851836920,15,256.625000,1989.750
1785156870.851836920,15,258.281250,1977.750
1785156870.851836920,12,259.906250,1969.250
1785156870.851836920,14,261.593750,1961.500
1785156870.851836920,11,263.234375,1940.000
1785156870.851836920,9,281.218750,1934.000
1785156870.851836920,12,282.843750,1952.500
1785156870.851836920,15,284.515625,1962.000
1785156870.851836920,14,286.125000,1949.500
1785156870.851836920,15,287.781250,1961.000
1785156870.851836920,15,289.390625,1995.000
1785156870.851836920,15,291.015625,2016.500
1785156870.851836920,15,292.656250,2043.250
1785156870.851836920,15,294.296875,2062.000
1785156870.851836920,8,297.562500,2086.250
1785156870.851836920,12,304.140625,2228.250
1785156870.851836920,15,305.796875,2259.000
1785156870.851836920,15,307.421875,2286.000
1785156870.851836920,15,310.687500,2406.250
1785156870.851836920,8,312.312500,2437.250
1785156870.851836920,9,313.921875,2493.750
1785156870.851836920,15,315.578125,2562.250
1785156870.963516951,15,351.359375,6813.750
1785156870.963516951,15,352.984375,6788.000
1785156870.963516951,15,354.640625,6808.250
1785156870.963516951,15,356.281250,6790.000
1785156870.963516951,15,357.906250,6805.750
1785156870.963516951,15,359.562500,6820.750
1785156870.963516951,15,1.203125,6796.000
1785156870.963516951,15,2.828125,6811.500
1785156870.963516951,15,4.484375,6834.000
1785156870.963516951,15,6.109375,6812.250
1785156870.963516951,15,7.750000,6847.750
1785156870.963516951,15,9.390625,6906.000
1785156870.963516951,15,10.984375,6979.750
1785156870.963516951,15,12.609375,7070.000
1785156870.963516951,15,48.203125,106.500
1785156870.963516951,15,160.593750,1764.000
1785156870.963516951,15,162.203125,1740.250
1785156870.963516951,15,174.640625,9546.750
1785156870.963516951,15,186.171875,10423.250
1785156870.963516951,15,219.250000,3042.000
1785156870.963516951,8,222.531250,2827.750
1785156870.963516951,9,225.875000,2667.500
1785156870.963516951,15,229.140625,2517.250
1785156870.963516951,9,230.765625,2463.500
1785156870.963516951,5,232.437500,2402.750
1785156870.963516951,15,234.078125,2338.500
1785156870.963516951,15,235.734375,2282.250
1785156870.963516951,8,237.390625,2249.250
1785156870.963516951,11,247.265625,2066.750
1785156870.963516951,15,248.859375,2050.500
1785156870.963516951,15,250.515625,2034.500
1785156870.963516951,15,252.187500,2020.250
1785156870.963516951,15,253.828125,2008.750
1785156870.963516951,15,255.484375,1997.750
1785156870.963516951,15,257.109375,1986.000
1785156870.963516951,15,258.734375,1977.500
1785156870.963516951,14,260.390625,1969.750
1785156870.963516951,13,262.046875,1953.750
1785156870.963516951,14,263.671875,1943.250
1785156870.963516951,8,275.140625,1930.750
1785156870.963516951,15,281.656250,1940.500
1785156870.963516951,15,283.281250,1967.500
1785156870.963516951,15,284.906250,1976.250
1785156870.963516951,15,288.187500,2001.500
1785156870.963516951,15,289.765625,2032.250
1785156870.963516951,15,291.406250,2045.750
1785156870.963516951,15,293.062500,2066.750
1785156870.963516951,14,302.906250,2218.000
1785156870.963516951,15,304.515625,2250.250
1785156870.963516951,15,306.171875,2289.750
1785156870.963516951,13,307.812500,2320.500
1785156870.963516951,9,311.062500,2444.750
1785156870.963516951,15,314.296875,2570.500
1785156870.963516951,12,315.937500,2633.500
1785156870.963516951,15,350.171875,6794.750
1785156871.078041077,15,351.796875,6807.750
1785156871.078041077,15,353.453125,6811.000
1785156871.078041077,15,355.093750,6783.500
1785156871.078041077,15,356.734375,6779.500
1785156871.078041077,15,358.375000,6815.750
1785156871.078041077,15,0.031250,6821.750
1785156871.078041077,15,1.671875,6815.750
1785156871.078041077,15,3.312500,6847.750
1785156871.078041077,15,4.953125,6820.500
1785156871.078041077,15,8.250000,6841.500
1785156871.078041077,15,9.890625,6916.250
1785156871.078041077,15,11.437500,6985.500
1785156871.078041077,15,21.234375,7465.500
1785156871.078041077,15,24.500000,7640.750
1785156871.078041077,15,47.343750,105.500
1785156871.078041077,15,175.093750,9768.500
1785156871.078041077,6,218.015625,3094.250
1785156871.078041077,15,219.656250,3004.000
1785156871.078041077,15,221.281250,2916.250
1785156871.078041077,14,224.625000,2718.000
1785156871.078041077,12,226.281250,2642.750
1785156871.078041077,15,231.203125,2425.250
1785156871.078041077,6,232.843750,2376.500
1785156871.078041077,15,234.484375,2311.500
1785156871.078041077,15,236.140625,2266.750
1785156871.078041077,8,237.812500,2235.500
1785156871.078041077,15,247.671875,2063.750
1785156871.078041077,15,249.296875,2039.500
1785156871.078041077,15,250.953125,2025.250
1785156871.078041077,15,252.609375,2008.000
1785156871.078041077,15,254.250000,1998.250
1785156871.078041077,15,255.890625,1990.750
1785156871.078041077,15,257.562500,1981.000
1785156871.078041077,15,259.218750,1972.750
1785156871.078041077,11,262.453125,1946.750
1785156871.078041077,9,280.406250,1932.750
1785156871.078041077,13,282.015625,1947.750
1785156871.078041077,15,283.687500,1962.500
1785156871.078041077,15,285.281250,1971.500
1785156871.078041077,15,288.562500,1997.500
1785156871.078041077,15,290.187500,2030.250
1785156871.078041077,15,291.812500,2041.750
1785156871.078041077,15,293.437500,2061.250
1785156871.078041077,15,303.296875,2232.250
1785156871.078041077,15,304.937500,2267.750
1785156871.078041077,15,306.531250,2309.500
1785156871.078041077,15,309.781250,2441.000
1785156871.078041077,13,311.421875,2470.000
1785156871.078041077,10,313.046875,2520.000
1785156871.078041077,14,314.687500,2593.000
1785156871.188513994,15,350.531250,6866.000
1785156871.188513994,15,352.187500,6828.750
1785156871.188513994,15,353.828125,6824.250
1785156871.188513994,15,355.468750,6784.500
1785156871.188513994,15,357.109375,6771.000
1785156871.188513994,15,358.765625,6786.000
1785156871.188513994,15,0.390625,6816.000
1785156871.188513994,15,2.031250,6825.000
1785156871.188513994,15,3.687500,6845.000
1785156871.188513994,15,5.328125,6875.500
1785156871.188513994,15,6.968750,6881.000
1785156871.188513994,15,8.609375,6912.500
1785156871.188513994,15,10.265625,6949.000
1785156871.188513994,15,11.812500,6986.750
1785156871.188513994,15,46.265625,107.250
1785156871.188513994,15,48.390625,105.000
1785156871.188513994,15,50.984375,102.250
1785156871.188513994,10,186.953125,10515.500
1785156871.188513994,15,220.000000,3012.500
1785156871.188513994,7,221.609375,2936.250
1785156871.188513994,12,226.640625,2662.500
1785156871.188513994,15,229.953125,2513.250
1785156871.188513994,9,231.578125,2449.750
1785156871.188513994,8,233.250000,2398.000
1785156871.188513994,15,234.906250,2343.500
1785156871.188513994,15,236.515625,2291.000
1785156871.188513994,12,238.156250,2259.000
1785156871.188513994,15,251.343750,2046.750
1785156871.188513994,15,252.984375,2036.000
1785156871.188513994,15,254.625000,2027.000
1785156871.188513994,15,256.250000,2020.500
1785156871.188513994,15,257.875000,2010.250
1785156871.188513994,15,259.546875,1989.750
1785156871.188513994,15,261.171875,1974.250
1785156871.188513994,15,262.812500,1957.500
1785156871.188513994,15,264.468750,1942.750
1785156871.188513994,10,269.359375,1937.500
1785156871.188513994,8,271.015625,1931.750
1785156871.188513994,12,279.140625,1939.500
1785156871.188513994,8,280.796875,1953.500
1785156871.188513994,15,282.421875,1965.250
1785156871.188513994,15,284.031250,1973.500
1785156871.188513994,15,285.718750,1971.250
1785156871.188513994,15,287.296875,1983.500
1785156871.188513994,15,288.921875,2014.500
1785156871.188513994,14,290.562500,2045.500
1785156871.188513994,9,292.203125,2059.000
1785156871.188513994,10,293.843750,2077.000
1785156871.188513994,15,303.703125,2250.750
1785156871.188513994,15,305.343750,2282.500
1785156871.188513994,15,306.984375,2321.000
1785156871.188513994,11,310.250000,2442.000
1785156871.188513994,15,311.859375,2484.500
1785156871.188513994,7,313.484375,2534.750
1785156871.188513994,15,315.109375,2600.750
1785156871.188513994,10,316.750000,2671.500
1785156871.300004005,15,350.953125,6820.250
1785156871.300004005,15,352.593750,6817.000
1785156871.300004005,15,354.234375,6799.500
1785156871.300004005,15,355.875000,6797.250
1785156871.300004005,15,357.515625,6824.250
1785156871.300004005,15,359.156250,6807.000
1785156871.300004005,15,0.781250,6761.750
1785156871.300004005,15,2.453125,6793.500
1785156871.300004005,15,4.078125,6810.000
1785156871.300004005,15,5.718750,6817.500
1785156871.300004005,15,7.359375,6886.000
1785156871.300004005,15,9.000000,6921.250
1785156871.300004005,15,10.578125,6973.250
1785156871.300004005,15,12.218750,7046.750
1785156871.300004005,15,47.781250,106.500
1785156871.300004005,15,49.828125,104.750
1785156871.300004005,14,51.375000,101.750
1785156871.300004005,15,217.140625,3164.500
1785156871.300004005,7,218.796875,3083.000
1785156871.300004005,15,220.437500,3001.750
1785156871.300004005,15,222.093750,2915.250
1785156871.300004005,15,225.421875,2741.250
1785156871.300004005,8,228.718750,2590.000
1785156871.300004005,15,230.390625,2524.500
1785156871.300004005,10,232.031250,2470.750
1785156871.300004005,6,233.703125,2413.250
1785156871.300004005,6,235.343750,2359.500
1785156871.300004005,15,237.000000,2314.750
1785156871.300004005,13,238.609375,2273.750
1785156871.300004005,7,240.281250,2242.250
1785156871.300004005,12,251.765625,2062.000
1785156871.300004005,15,253.421875,2049.750
1785156871.300004005,14,255.078125,2042.000
1785156871.300004005,15,256.703125,2034.750
1785156871.300004005,15,258.359375,2026.000
1785156871.300004005,15,259.984375,2013.750
1785156871.300004005,15,261.609375,1995.000
1785156871.300004005,15,263.281250,1977.250
1785156871.300004005,15,264.906250,1964.750
1785156871.300004005,15,266.578125,1960.750
1785156871.300004005,14,268.171875,1954.000
1785156871.300004005,13,269.812500,1948.250
1785156871.300004005,12,271.437500,1950.750
1785156871.300004005,11,273.078125,1953.250
1785156871.300004005,15,274.765625,1956.250
1785156871.300004005,15,276.328125,1961.000
1785156871.300004005,15,277.968750,1964.750
1785156871.300004005,15,279.609375,1967.250
1785156871.300004005,15,281.218750,1971.750
1785156871.300004005,15,282.890625,1979.500
1785156871.300004005,15,284.484375,1994.250
1785156871.300004005,10,289.375000,2044.750
1785156871.300004005,12,291.031250,2065.000
1785156871.300004005,15,302.546875,2245.250
1785156871.300004005,15,304.171875,2280.500
1785156871.300004005,12,305.796875,2317.000
1785156871.300004005,14,307.437500,2354.250
1785156871.300004005,15,309.078125,2411.750
1785156871.300004005,12,310.703125,2453.000
1785156871.300004005,15,313.984375,2577.000
1785156871.300004005,13,315.578125,2635.000
1785156871.300004005,8,341.656250,5115.250
1785156871.300004005,15,349.750000,6879.000
1785156871.415431976,15,351.390625,6820.500
1785156871.415431976,15,353.031250,6798.000
1785156871.415431976,15,354.656250,6816.750
1785156871.415431976,15,356.312500,6794.750
1785156871.415431976,15,357.953125,6806.500
1785156871.415431976,15,359.593750,6830.500
1785156871.415431976,15,1.234375,6817.500
1785156871.415431976,15,2.859375,6819.500
1785156871.415431976,15,4.515625,6829.000
1785156871.415431976,15,6.156250,6809.750
1785156871.415431976,15,7.796875,6847.000
1785156871.415431976,15,9.421875,6942.000
1785156871.415431976,15,11.015625,6988.000
1785156871.415431976,15,20.812500,7404.000
1785156871.415431976,15,25.718750,7815.250
1785156871.415431976,15,46.703125,106.500
1785156871.415431976,15,163.953125,1586.250
1785156871.415431976,15,215.890625,3197.000
1785156871.415431976,15,219.187500,3001.000
1785156871.415431976,10,220.812500,2916.000
1785156871.415431976,15,225.781250,2641.000
1785156871.415431976,15,229.046875,2521.750
1785156871.415431976,11,230.734375,2467.000
1785156871.415431976,7,232.390625,2404.250
1785156871.415431976,15,234.015625,2341.500
1785156871.415431976,15,235.687500,2298.000
1785156871.415431976,15,237.328125,2272.000
1785156871.415431976,7,238.968750,2247.750
1785156871.415431976,14,250.453125,2055.250
1785156871.415431976,13,252.093750,2043.000
1785156871.415431976,15,253.750000,2035.000
1785156871.415431976,15,255.359375,2030.000
1785156871.415431976,15,257.000000,2020.000
1785156871.415431976,15,258.640625,2005.750
1785156871.415431976,15,260.296875,1988.250
1785156871.415431976,14,261.906250,1975.250
1785156871.415431976,15,263.578125,1960.500
1785156871.415431976,14,266.843750,1950.500
1785156871.415431976,15,268.484375,1950.250
1785156871.415431976,13,270.093750,1949.000
1785156871.415431976,11,271.750000,1949.250
1785156871.415431976,14,273.390625,1953.500
1785156871.415431976,15,274.984375,1956.750
1785156871.415431976,13,276.625000,1959.500
1785156871.415431976,15,278.265625,1964.250
1785156871.415431976,15,279.890625,1968.000
1785156871.415431976,15,281.546875,1979.000
1785156871.415431976,15,283.125000,1994.750
1785156871.415431976,15,284.796875,2011.500
1785156871.415431976,9,291.296875,2079.250
1785156871.415431976,15,301.218750,2246.500
1785156871.415431976,15,302.812500,2267.000
1785156871.415431976,15,304.468750,2300.500
1785156871.415431976,13,306.093750,2348.250
1785156871.415431976,12,307.718750,2397.500
1785156871.415431976,13,309.375000,2452.250
1785156871.415431976,15,310.984375,2501.000
1785156871.415431976,15,312.593750,2557.500
1785156871.415431976,11,314.234375,2629.000
1785156871.415431976,7,315.859375,2685.250
1785156871.415431976,15,349.984375,6864.750
1785156871.526036024,15,351.609375,6827.250
1785156871.526036024,15,353.265625,6778.250
1785156871.526036024,15,354.890625,6808.500
1785156871.526036024,15,356.531250,6837.500
1785156871.526036024,15,358.171875,6826.500
1785156871.526036024,15,359.812500,6816.000
1785156871.526036024,15,1.468750,6803.750
1785156871.526036024,15,3.093750,6790.750
1785156871.526036024,15,4.718750,6812.500
1785156871.526036024,15,6.375000,6848.500
1785156871.526036024,15,8.000000,6877.500
1785156871.526036024,15,9.656250,6931.750
1785156871.526036024,15,11.250000,7005.000
1785156871.526036024,15,47.500000,105.750
1785156871.526036024,15,164.203125,1558.750
1785156871.526036024,15,165.890625,1531.000
1785156871.526036024,15,167.468750,1534.000
1785156871.526036024,7,181.437500,10208.250
1785156871.526036024,14,184.703125,10442.500
1785156871.526036024,15,186.359375,10596.000
1785156871.526036024,15,217.718750,3158.000
1785156871.526036024,15,219.359375,3072.000
1785156871.526036024,15,222.703125,2886.750
1785156871.526036024,11,229.281250,2561.250
1785156871.526036024,9,230.906250,2496.000
1785156871.526036024,10,232.546875,2447.250
1785156871.526036024,9,235.875000,2338.500
1785156871.526036024,15,237.515625,2293.500
1785156871.526036024,13,239.171875,2259.500
1785156871.526036024,12,253.937500,2045.500
1785156871.526036024,13,255.593750,2040.500
1785156871.526036024,15,257.218750,2032.750
1785156871.526036024,15,258.859375,2019.500
1785156871.526036024,15,260.500000,2008.000
1785156871.526036024,15,262.171875,1990.250
1785156871.526036024,15,263.796875,1968.000
1785156871.526036024,8,265.421875,1953.000
1785156871.526036024,15,267.062500,1955.500
1785156871.526036024,15,268.687500,1966.500
1785156871.526036024,15,270.359375,1962.750
1785156871.526036024,15,271.984375,1961.500
1785156871.526036024,15,273.578125,1966.250
1785156871.526036024,15,275.296875,1964.750
1785156871.526036024,15,276.890625,1967.750
1785156871.526036024,15,278.562500,1980.500
1785156871.526036024,15,280.156250,1991.750
1785156871.526036024,15,281.812500,2008.750
1785156871.526036024,15,283.437500,2026.750
1785156871.526036024,15,285.078125,2027.000
1785156871.526036024,12,299.781250,2248.500
1785156871.526036024,15,301.437500,2277.500
1785156871.526036024,7,303.031250,2313.750
1785156871.526036024,15,304.671875,2342.750
1785156871.526036024,15,306.281250,2383.750
1785156871.526036024,14,307.921875,2433.000
1785156871.526036024,15,309.562500,2485.250
1785156871.526036024,8,311.203125,2535.250
1785156871.526036024,15,312.812500,2592.750
1785156871.526036024,10,314.421875,2656.250
1785156871.526036024,15,350.234375,6877.250
1785156871.637311935,15,351.859375,6807.250
1785156871.637311935,15,353.500000,6804.500
1785156871.637311935,15,355.156250,6808.000
1785156871.637311935,15,356.781250,6820.750
1785156871.637311935,15,358.421875,6794.750
1785156871.637311935,15,0.062500,6756.500
1785156871.637311935,15,1.703125,6810.250
1785156871.637311935,15,3.343750,6803.500
1785156871.637311935,15,5.000000,6818.750
1785156871.637311935,15,6.625000,6864.750
1785156871.637311935,15,8.265625,6887.000
1785156871.637311935,15,9.906250,6927.250
1785156871.637311935,15,11.515625,6998.750
1785156871.637311935,15,45.406250,107.750
1785156871.637311935,15,48.406250,105.500
1785156871.637311935,9,162.781250,1575.250
1785156871.637311935,14,164.484375,1550.250
1785156871.637311935,15,167.781250,1513.500
1785156871.637311935,10,221.421875,2920.250
1785156871.637311935,13,226.343750,2671.500
1785156871.637311935,15,229.625000,2528.500
1785156871.637311935,13,231.281250,2471.250
1785156871.637311935,15,232.921875,2417.000
1785156871.637311935,8,234.578125,2364.500
1785156871.637311935,15,236.218750,2315.750
1785156871.637311935,15,237.859375,2269.250
1785156871.637311935,13,239.484375,2242.750
1785156871.637311935,15,252.625000,2044.500
1785156871.637311935,15,254.296875,2035.500
1785156871.637311935,15,255.937500,2033.250
1785156871.637311935,15,257.562500,2025.500
1785156871.637311935,15,259.171875,2012.750
1785156871.637311935,14,260.843750,1989.000
1785156871.637311935,15,262.453125,1972.500
1785156871.637311935,15,264.125000,1971.500
1785156871.637311935,9,265.734375,1951.000
1785156871.637311935,15,267.390625,1947.500
1785156871.637311935,15,269.000000,1964.000
1785156871.637311935,15,270.656250,1964.250
1785156871.637311935,15,272.296875,1966.000
1785156871.637311935,15,273.906250,1970.250
1785156871.637311935,15,275.562500,1968.000
1785156871.637311935,15,277.218750,1963.500
1785156871.637311935,15,278.812500,1972.500
1785156871.637311935,15,280.453125,1989.000
1785156871.637311935,15,282.093750,2009.000
1785156871.637311935,15,283.718750,2028.000
1785156871.637311935,15,285.343750,2021.000
1785156871.637311935,15,300.078125,2266.750
1785156871.637311935,15,301.734375,2291.000
1785156871.637311935,14,303.328125,2340.500
1785156871.637311935,15,304.968750,2384.500
1785156871.637311935,13,306.609375,2422.500
1785156871.637311935,15,308.234375,2481.250
1785156871.637311935,15,309.875000,2534.500
1785156871.637311935,15,311.500000,2591.750
1785156871.637311935,15,313.109375,2661.500
1785156871.637311935,15,348.921875,6872.750
1785156871.752625942,15,350.578125,6837.500
1785156871.752625942,15,352.218750,6830.250
1785156871.752625942,15,353.859375,6826.750
1785156871.752625942,15,355.500000,6825.250
1785156871.752625942,15,357.140625,6846.250
1785156871.752625942,15,358.796875,6821.250
1785156871.752625942,15,0.437500,6812.250
1785156871.752625942,15,2.062500,6821.750
1785156871.752625942,15,3.718750,6837.500
1785156871.752625942,15,7.000000,6866.000
1785156871.752625942,15,8.640625,6910.250
1785156871.752625942,15,10.250000,6945.250
1785156871.752625942,15,20.078125,7378.750
1785156871.752625942,8,24.968750,7778.250
1785156871.752625942,15,46.984375,107.000
1785156871.752625942,15,49.093750,105.250
1785156871.752625942,15,50.218750,102.250
1785156871.752625942,15,163.140625,1568.250
1785156871.752625942,12,164.765625,1546.750
1785156871.752625942,15,166.500000,1516.000
1785156871.752625942,15,168.046875,1509.500
1785156871.752625942,15,175.484375,9687.000
1785156871.752625942,15,218.406250,3144.250
1785156871.752625942,15,220.078125,3052.000
1785156871.752625942,15,223.375000,2868.500
1785156871.752625942,8,226.656250,2705.750
1785156871.752625942,15,228.296875,2636.750
1785156871.752625942,15,229.953125,2567.250
1785156871.752625942,15,231.625000,2506.500
1785156871.752625942,12,233.250000,2459.250
1785156871.752625942,6,234.906250,2410.000
1785156871.752625942,15,236.546875,2353.500
1785156871.752625942,15,238.187500,2308.750
1785156871.752625942,15,239.859375,2275.500
1785156871.752625942,8,241.468750,2251.000
1785156871.752625942,15,259.578125,2047.750
1785156871.752625942,15,261.234375,2028.500
1785156871.752625942,15,262.859375,2007.250
1785156871.752625942,15,264.484375,1998.500
1785156871.752625942,15,266.125000,1988.250
1785156871.752625942,15,267.796875,1975.750
1785156871.752625942,15,269.421875,1975.250
1785156871.752625942,15,271.046875,1977.500
1785156871.752625942,15,272.671875,1978.500
1785156871.752625942,15,274.328125,1978.000
1785156871.752625942,15,275.906250,1982.000
1785156871.752625942,15,277.546875,1981.750
1785156871.752625942,15,279.171875,1991.500
1785156871.752625942,15,280.828125,2011.500
1785156871.752625942,15,282.468750,2027.250
1785156871.752625942,11,284.078125,2039.250
1785156871.752625942,15,285.750000,2016.250
1785156871.752625942,15,298.796875,2224.750
1785156871.752625942,15,300.406250,2256.000
1785156871.752625942,15,302.046875,2286.000
1785156871.752625942,4,303.687500,2332.500
1785156871.752625942,15,305.312500,2390.500
1785156871.752625942,15,306.937500,2423.250
1785156871.752625942,15,308.578125,2458.250
1785156871.752625942,11,310.203125,2508.750
1785156871.752625942,15,311.828125,2569.250
1785156871.752625942,8,313.453125,2636.500
1785156871.752625942,15,315.078125,2700.000
1785156871.752625942,15,349.296875,6882.000
1785156871.863152981,15,350.953125,6830.250
1785156871.863152981,15,352.578125,6821.250
1785156871.863152981,15,354.234375,6800.750
1785156871.863152981,15,355.875000,6797.750
1785156871.863152981,15,357.515625,6824.250
1785156871.863152981,15,359.156250,6812.250
1785156871.863152981,15,0.812500,6769.000
1785156871.863152981,15,2.453125,6798.250
1785156871.863152981,15,4.109375,6831.250
1785156871.863152981,15,5.734375,6877.750
1785156871.863152981,15,7.375000,6929.500
1785156871.863152981,15,9.015625,6929.750
1785156871.863152981,15,10.562500,6984.250
1785156871.863152981,15,20.375000,7461.500
1785156871.863152981,15,22.015625,7554.000
1785156871.863152981,15,23.656250,7639.250
1785156871.863152981,15,25.281250,7801.500
1785156871.863152981,15,47.796875,106.500
1785156871.863152981,15,49.859375,104.750
1785156871.863152981,15,51.578125,101.750
1785156871.863152981,10,165.234375,1540.000
1785156871.863152981,15,168.531250,1498.500
1785156871.863152981,15,218.734375,3160.250
1785156871.863152981,15,223.687500,2880.250
1785156871.863152981,9,227.031250,2721.250
1785156871.863152981,9,230.328125,2576.750
1785156871.863152981,15,231.984375,2517.750
1785156871.863152981,8,233.593750,2462.750
1785156871.863152981,15,235.265625,2427.500
1785156871.863152981,9,236.921875,2388.250
1785156871.863152981,8,238.531250,2339.500
1785156871.863152981,15,240.203125,2295.750
1785156871.863152981,15,241.843750,2265.750
1785156871.863152981,8,243.484375,2250.250
1785156871.863152981,15,264.890625,2038.000
1785156871.863152981,15,266.515625,2031.750
1785156871.863152981,15,268.187500,2023.000
1785156871.863152981,15,269.781250,2022.250
1785156871.863152981,15,271.453125,2020.250
1785156871.863152981,15,273.062500,2020.500
1785156871.863152981,15,274.734375,2028.250
1785156871.863152981,15,276.281250,2034.500
1785156871.863152981,15,277.906250,2038.750
1785156871.863152981,15,279.531250,2041.250
1785156871.863152981,10,281.140625,2053.750
1785156871.863152981,9,284.453125,2078.000
1785156871.863152981,15,297.453125,2245.500
1785156871.863152981,15,299.156250,2270.250
1785156871.863152981,5,300.765625,2298.000
1785156871.863152981,10,302.437500,2333.000
1785156871.863152981,15,304.031250,2386.000
1785156871.863152981,15,305.703125,2432.000
1785156871.863152981,15,307.312500,2468.750
1785156871.863152981,15,308.953125,2499.000
1785156871.863152981,7,310.578125,2538.750
1785156871.863152981,9,312.171875,2613.000
1785156871.863152981,15,313.812500,2686.250
1785156871.863152981,15,349.609375,6845.250
1785156871.975240946,15,351.250000,6799.750
1785156871.975240946,15,352.890625,6807.250
1785156871.975240946,15,354.531250,6810.500
1785156871.975240946,15,356.171875,6779.750
1785156871.975240946,15,357.812500,6801.500
1785156871.975240946,15,359.437500,6819.750
1785156871.975240946,15,1.093750,6827.000
1785156871.975240946,15,2.734375,6832.000
1785156871.975240946,15,4.375000,6803.500
1785156871.975240946,15,6.015625,6841.250
1785156871.975240946,15,7.640625,6916.500
1785156871.975240946,15,9.296875,6946.500
1785156871.975240946,15,10.859375,7014.500
1785156871.975240946,15,25.562500,7772.000
1785156871.975240946,15,47.000000,106.500
1785156871.975240946,15,49.343750,104.500
1785156871.975240946,15,51.937500,101.500
1785156871.975240946,15,163.812500,1544.250
1785156871.975240946,11,165.453125,1518.250
1785156871.975240946,15,167.109375,1496.500
1785156871.975240946,15,168.765625,1490.750
1785156871.975240946,10,182.671875,10086.000
1785156871.975240946,15,217.343750,3193.500
1785156871.975240946,15,220.656250,2995.500
1785156871.975240946,15,222.296875,2911.250
1785156871.975240946,12,225.625000,2725.250
1785156871.975240946,12,227.281250,2658.500
1785156871.975240946,8,228.937500,2589.000
1785156871.975240946,15,230.562500,2519.000
1785156871.975240946,8,232.203125,2467.000
1785156871.975240946,15,233.859375,2426.000
1785156871.975240946,8,235.531250,2375.250
1785156871.975240946,15,237.140625,2324.750
1785156871.975240946,15,238.781250,2290.750
1785156871.975240946,15,240.468750,2267.500
1785156871.975240946,13,242.078125,2246.750
1785156871.975240946,9,258.484375,2065.500
1785156871.975240946,14,260.140625,2050.250
1785156871.975240946,15,261.750000,2033.750
1785156871.975240946,15,263.406250,2018.000
1785156871.975240946,15,265.062500,2001.000
1785156871.975240946,15,266.671875,1998.250
1785156871.975240946,15,268.343750,1995.750
1785156871.975240946,15,269.937500,1993.750
1785156871.975240946,15,271.593750,1996.250
1785156871.975240946,15,273.218750,1999.250
1785156871.975240946,15,274.796875,2008.250
1785156871.975240946,15,276.421875,2006.250
1785156871.975240946,15,278.078125,2010.000
1785156871.975240946,15,279.671875,2026.750
1785156871.975240946,13,281.312500,2040.250
1785156871.975240946,12,284.562500,2059.750
1785156871.975240946,13,297.578125,2238.750
1785156871.975240946,15,299.328125,2267.750
1785156871.975240946,12,300.937500,2292.000
1785156871.975240946,8,302.578125,2331.250
1785156871.975240946,15,304.203125,2390.250
1785156871.975240946,9,305.859375,2431.000
1785156871.975240946,15,307.468750,2468.500
1785156871.975240946,15,309.093750,2502.250
1785156871.975240946,8,312.359375,2638.250
1785156871.975240946,11,313.953125,2706.250
1785156871.975240946,8,340.062500,5159.000
1785156871.975240946,15,348.140625,6915.500
1785156871.975240946,15,349.796875,6871.000
1785156872.089970827,15,351.421875,6819.500
1785156872.089970827,15,353.078125,6802.750
1785156872.089970827,15,354.718750,6819.250
1785156872.089970827,15,356.343750,6794.500
1785156872.089970827,15,357.984375,6788.750
1785156872.089970827,15,359.640625,6814.250
1785156872.089970827,15,1.250000,6815.750
1785156872.089970827,15,2.906250,6816.000
1785156872.089970827,15,4.546875,6831.250
1785156872.089970827,15,6.171875,6847.250
1785156872.089970827,15,7.812500,6881.000
1785156872.089970827,15,9.453125,6945.250
1785156872.089970827,15,11.031250,6993.500
1785156872.089970827,15,25.703125,7793.000
1785156872.089970827,15,47.000000,106.250
1785156872.089970827,15,49.562500,104.250
1785156872.089970827,15,165.546875,1499.250
1785156872.089970827,15,167.234375,1497.250
1785156872.089970827,15,168.859375,1486.000
1785156872.089970827,15,215.781250,3288.250
1785156872.089970827,15,217.437500,3192.000
1785156872.089970827,6,220.734375,2982.250
1785156872.089970827,15,222.375000,2906.500
1785156872.089970827,15,225.703125,2737.000
1785156872.089970827,11,227.328125,2672.500
1785156872.089970827,15,230.640625,2536.000
1785156872.089970827,9,232.281250,2483.750
1785156872.089970827,15,233.921875,2435.750
1785156872.089970827,4,235.562500,2399.750
1785156872.089970827,15,237.218750,2349.250
1785156872.089970827,15,238.875000,2306.250
1785156872.089970827,15,240.546875,2274.750
1785156872.089970827,15,242.156250,2256.000
1785156872.089970827,15,265.062500,2022.000
1785156872.089970827,15,266.687500,2018.500
1785156872.089970827,15,268.359375,2024.500
1785156872.089970827,15,269.984375,2022.000
1785156872.089970827,15,271.609375,2017.000
1785156872.089970827,15,273.250000,2011.500
1785156872.089970827,15,274.875000,2011.250
1785156872.089970827,15,276.484375,2009.000
1785156872.089970827,15,278.109375,2021.250
1785156872.089970827,15,279.750000,2037.000
1785156872.089970827,11,281.390625,2049.500
1785156872.089970827,13,284.640625,2069.500
1785156872.089970827,12,294.375000,2232.000
1785156872.089970827,15,296.000000,2246.500
1785156872.089970827,15,297.593750,2259.000
1785156872.089970827,15,299.406250,2289.750
1785156872.089970827,14,301.046875,2314.000
1785156872.089970827,10,304.312500,2427.000
1785156872.089970827,15,305.953125,2454.750
1785156872.089970827,15,307.578125,2497.500
1785156872.089970827,9,309.187500,2533.750
1785156872.089970827,15,312.453125,2674.000
1785156872.089970827,15,314.093750,2735.000
1785156872.089970827,15,348.234375,6906.500
1785156872.089970827,15,349.875000,6873.000
1785156872.200937986,15,351.515625,6830.750
1785156872.200937986,15,353.156250,6819.500
1785156872.200937986,15,354.796875,6846.500
1785156872.200937986,15,356.437500,6838.250
1785156872.200937986,15,358.078125,6821.750
1785156872.200937986,15,359.718750,6814.750
1785156872.200937986,15,1.359375,6815.750
1785156872.200937986,15,3.000000,6816.500
1785156872.200937986,15,6.281250,6864.250
1785156872.200937986,15,7.906250,6933.750
1785156872.200937986,15,9.546875,6958.000
1785156872.200937986,15,11.109375,7002.000
1785156872.200937986,15,19.281250,7484.000
1785156872.200937986,15,47.718750,106.000
1785156872.200937986,15,165.671875,1490.500
1785156872.200937986,15,167.375000,1480.750
1785156872.200937986,15,169.031250,1468.750
1785156872.200937986,15,217.640625,3166.500
1785156872.200937986,15,222.578125,2890.250
1785156872.200937986,15,225.875000,2737.250
1785156872.200937986,13,227.515625,2671.000
1785156872.200937986,10,229.171875,2596.000
1785156872.200937986,15,230.812500,2535.250
1785156872.200937986,9,232.453125,2480.000
1785156872.200937986,15,234.109375,2431.500
1785156872.200937986,9,235.750000,2390.000
1785156872.200937986,8,237.406250,2345.000
1785156872.200937986,15,239.046875,2305.250
1785156872.200937986,13,240.703125,2270.500
1785156872.200937986,8,242.359375,2244.500
1785156872.200937986,12,258.734375,2056.250
1785156872.200937986,15,260.343750,2043.000
1785156872.200937986,15,261.984375,2032.500
1785156872.200937986,15,263.640625,2024.250
1785156872.200937986,15,265.296875,2004.250
1785156872.200937986,15,266.890625,1996.750
1785156872.200937986,15,268.515625,2009.500
1785156872.200937986,15,270.156250,2010.250
1785156872.200937986,15,271.796875,2009.500
1785156872.200937986,15,273.453125,2016.000
1785156872.200937986,15,275.078125,2017.000
1785156872.200937986,15,276.734375,2015.000
1785156872.200937986,15,278.359375,2028.500
1785156872.200937986,13,279.968750,2041.500
1785156872.200937986,8,281.593750,2058.250
1785156872.200937986,15,284.906250,2070.000
1785156872.200937986,15,294.625000,2247.750
1785156872.200937986,15,296.265625,2263.000
1785156872.200937986,11,297.890625,2291.500
1785156872.200937986,15,299.640625,2325.750
1785156872.200937986,11,301.250000,2356.500
1785156872.200937986,15,302.875000,2415.000
1785156872.200937986,13,304.546875,2462.500
1785156872.200937986,13,306.171875,2505.000
1785156872.200937986,11,307.781250,2558.500
1785156872.200937986,9,309.406250,2613.750
1785156872.200937986,15,311.046875,2683.250
1785156872.200937986,12,312.687500,2747.750
1785156872.200937986,15,348.468750,6885.750
1785156872.200937986,15,350.109375,6887.250
1785156872.312100172,15,351.750000,6842.250
1785156872.312100172,15,353.406250,6812.500
1785156872.312100172,15,355.031250,6807.750
1785156872.312100172,15,356.671875,6816.250
1785156872.312100172,15,358.312500,6824.000
1785156872.312100172,15,359.953125,6836.500
1785156872.312100172,15,1.593750,6833.500
1785156872.312100172,15,3.234375,6803.250
1785156872.312100172,15,4.875000,6821.750
1785156872.312100172,15,6.515625,6881.500
1785156872.312100172,15,8.156250,6908.250
1785156872.312100172,15,9.796875,6956.500
1785156872.312100172,15,11.406250,7023.250
1785156872.312100172,15,24.500000,7769.250
1785156872.312100172,15,48.062500,105.750
1785156872.312100172,15,166.078125,1481.500
1785156872.312100172,15,167.718750,1466.250
1785156872.312100172,15,169.359375,1455.250
1785156872.312100172,11,183.265625,10109.500
1785156872.312100172,12,216.359375,3283.250
1785156872.312100172,15,218.015625,3187.250
1785156872.312100172,15,221.312500,2993.500
1785156872.312100172,12,222.953125,2911.250
1785156872.312100172,15,226.265625,2753.250
1785156872.312100172,8,229.546875,2595.750
1785156872.312100172,15,231.171875,2537.500
1785156872.312100172,11,234.500000,2434.250
1785156872.312100172,7,236.140625,2396.750
1785156872.312100172,8,237.750000,2346.000
1785156872.312100172,15,239.437500,2311.250
1785156872.312100172,15,241.046875,2281.250
1785156872.312100172,14,242.718750,2258.750
1785156872.312100172,14,262.421875,2053.750
1785156872.312100172,13,264.031250,2046.250
1785156872.312100172,15,265.687500,2020.000
1785156872.312100172,15,267.296875,2015.500
1785156872.312100172,15,268.937500,2037.250
1785156872.312100172,15,270.562500,2036.500
1785156872.312100172,15,272.203125,2030.750
1785156872.312100172,15,273.859375,2033.250
1785156872.312100172,15,275.531250,2036.000
1785156872.312100172,15,277.125000,2034.500
1785156872.312100172,15,285.312500,2036.500
1785156872.312100172,8,293.437500,2241.000
1785156872.312100172,15,295.078125,2252.750
1785156872.312100172,15,296.734375,2266.000
1785156872.312100172,15,298.343750,2292.500
1785156872.312100172,15,300.046875,2332.750
1785156872.312100172,15,301.687500,2372.250
1785156872.312100172,13,303.296875,2419.000
1785156872.312100172,9,304.937500,2463.000
1785156872.312100172,15,306.562500,2500.000
1785156872.312100172,15,308.203125,2540.250
1785156872.312100172,15,311.484375,2679.750
1785156872.312100172,10,313.093750,2738.500
1785156872.312100172,15,347.250000,6926.250
1785156872.312100172,15,348.890625,6907.500
1785156872.426881075,15,350.546875,6844.750
1785156872.426881075,15,352.187500,6829.250
1785156872.426881075,15,353.828125,6830.000
1785156872.426881075,15,355.468750,6795.250
1785156872.426881075,15,357.125000,6806.250
1785156872.426881075,15,358.750000,6820.500
1785156872.426881075,15,0.406250,6780.750
1785156872.426881075,15,2.031250,6792.000
1785156872.426881075,15,3.687500,6813.500
1785156872.426881075,15,5.328125,6837.750
1785156872.426881075,15,6.953125,6882.000
1785156872.426881075,15,8.593750,6910.750
1785156872.426881075,15,10.234375,7001.250
1785156872.426881075,15,24.968750,7767.000
1785156872.426881075,15,46.890625,107.250
1785156872.426881075,15,48.562500,105.000
1785156872.426881075,15,50.203125,102.250
1785156872.426881075,15,164.921875,1487.250
1785156872.426881075,15,166.546875,1469.250
1785156872.426881075,15,168.218750,1456.000
1785156872.426881075,15,169.812500,1448.500
1785156872.426881075,15,218.500000,3160.250
1785156872.426881075,15,221.812500,2983.250
1785156872.426881075,15,223.453125,2915.250
1785156872.426881075,15,226.734375,2746.000
1785156872.426881075,12,228.375000,2677.000
1785156872.426881075,6,230.031250,2596.500
1785156872.426881075,15,231.687500,2540.750
1785156872.426881075,15,234.968750,2436.000
1785156872.426881075,15,236.609375,2408.750
1785156872.426881075,11,238.265625,2365.500
1785156872.426881075,15,239.906250,2323.000
1785156872.426881075,15,241.562500,2288.500
1785156872.426881075,15,243.187500,2264.000
1785156872.426881075,9,244.828125,2247.250
1785156872.426881075,15,266.187500,2039.500
1785156872.426881075,15,267.843750,2028.500
1785156872.426881075,15,269.468750,2034.000
1785156872.426881075,14,271.109375,2036.750
1785156872.426881075,14,272.734375,2036.500
1785156872.426881075,15,274.406250,2038.250
1785156872.426881075,15,275.984375,2039.000
1785156872.426881075,15,277.625000,2040.250
1785156872.426881075,11,280.890625,2062.500
1785156872.426881075,15,293.906250,2251.000
1785156872.426881075,15,295.578125,2259.750
1785156872.426881075,15,297.171875,2266.000
1785156872.426881075,8,298.875000,2297.750
1785156872.426881075,13,300.546875,2334.750
1785156872.426881075,14,302.187500,2351.500
1785156872.426881075,15,305.406250,2465.250
1785156872.426881075,15,307.046875,2505.750
1785156872.426881075,14,308.687500,2530.750
1785156872.426881075,15,311.921875,2676.250
1785156872.426881075,10,313.546875,2738.750
1785156872.426881075,15,347.734375,6918.750
1785156872.426881075,15,349.390625,6851.250
1785156872.538321972,15,351.015625,6854.250
1785156872.538321972,15,352.671875,6890.500
1785156872.538321972,15,354.312500,6827.250
1785156872.538321972,15,355.937500,6792.000
1785156872.538321972,15,357.578125,6787.750
1785156872.538321972,15,359.234375,6801.250
1785156872.538321972,15,0.859375,6834.500
1785156872.538321972,15,2.515625,6830.250
1785156872.538321972,15,5.781250,6842.000
1785156872.538321972,15,7.437500,6898.250
1785156872.538321972,15,9.078125,6923.500
1785156872.538321972,15,10.640625,6977.500
1785156872.538321972,15,18.796875,7438.500
1785156872.538321972,15,46.875000,106.500
1785156872.538321972,15,48.296875,104.750
1785156872.538321972,15,51.156250,101.750
1785156872.538321972,15,166.843750,1461.500
1785156872.538321972,15,168.468750,1445.750
1785156872.538321972,15,170.093750,1437.000
1785156872.538321972,14,217.031250,3209.250
1785156872.538321972,15,220.343750,3018.750
1785156872.538321972,15,223.640625,2836.750
1785156872.538321972,15,225.296875,2755.750
1785156872.538321972,9,226.890625,2684.750
1785156872.538321972,15,228.531250,2617.000
1785156872.538321972,15,230.218750,2550.500
1785156872.538321972,9,231.843750,2486.750
1785156872.538321972,15,233.500000,2440.000
1785156872.538321972,15,235.125000,2405.500
1785156872.538321972,5,236.796875,2359.500
1785156872.538321972,15,238.421875,2309.250
1785156872.538321972,15,240.062500,2273.500
1785156872.538321972,9,241.718750,2251.500
1785156872.538321972,15,259.781250,2046.500
1785156872.538321972,15,261.453125,2031.250
1785156872.538321972,15,263.093750,2018.250
1785156872.538321972,15,264.718750,2016.250
1785156872.538321972,15,266.359375,2004.750
1785156872.538321972,15,268.000000,1995.250
1785156872.538321972,15,269.625000,2001.750
1785156872.538321972,15,271.250000,2005.250
1785156872.538321972,15,272.890625,2006.500
1785156872.538321972,15,274.562500,2015.000
1785156872.538321972,15,276.156250,2020.000
1785156872.538321972,15,277.781250,2023.750
1785156872.538321972,13,279.390625,2035.000
1785156872.538321972,15,281.015625,2048.750
1785156872.538321972,9,282.656250,2065.500
1785156872.538321972,13,294.078125,2250.750
1785156872.538321972,15,295.687500,2259.750
1785156872.538321972,15,297.296875,2275.250
1785156872.538321972,15,299.000000,2309.000
1785156872.538321972,12,300.640625,2352.500
1785156872.538321972,11,302.281250,2379.500
1785156872.538321972,8,303.890625,2416.750
1785156872.538321972,11,305.515625,2485.750
1785156872.538321972,12,307.156250,2544.500
1785156872.538321972,7,308.781250,2569.250
1785156872.538321972,11,312.046875,2712.750
1785156872.538321972,15,313.656250,2783.250
1785156872.538321972,15,347.843750,6918.000
1785156872.538321972,15,349.500000,6901.250
1785156872.652880907,15,351.156250,6842.500
1785156872.652880907,15,352.781250,6813.750
1785156872.652880907,15,354.437500,6813.750
1785156872.652880907,15,356.062500,6823.500
1785156872.652880907,15,357.718750,6833.750
1785156872.652880907,15,359.359375,6813.250
1785156872.652880907,15,1.000000,6829.000
1785156872.652880907,15,2.625000,6830.500
1785156872.652880907,15,4.281250,6802.500
1785156872.652880907,15,5.921875,6841.500
1785156872.652880907,15,7.562500,6916.750
1785156872.652880907,15,9.218750,6977.750
1785156872.652880907,15,10.718750,7025.250
1785156872.652880907,15,18.890625,7341.750
1785156872.652880907,15,25.421875,7760.000
1785156872.652880907,15,46.390625,106.500
1785156872.652880907,15,165.406250,1483.250
1785156872.652880907,15,167.046875,1454.500
1785156872.652880907,15,168.703125,1437.500
1785156872.652880907,15,170.328125,1434.000
1785156872.652880907,15,218.796875,3163.250
1785156872.652880907,15,222.078125,2989.500
1785156872.652880907,10,223.734375,2923.250
1785156872.652880907,15,227.078125,2744.250
1785156872.652880907,15,230.390625,2603.000
1785156872.652880907,15,232.000000,2548.000
1785156872.652880907,11,233.640625,2493.500
1785156872.652880907,11,235.281250,2451.000
1785156872.652880907,15,236.937500,2416.750
1785156872.652880907,8,238.609375,2370.750
1785156872.652880907,15,240.234375,2324.500
1785156872.652880907,15,241.859375,2281.500
1785156872.652880907,15,243.500000,2252.750
1785156872.652880907,15,261.640625,2056.750
1785156872.652880907,15,263.234375,2037.750
1785156872.652880907,13,264.859375,2034.750
1785156872.652880907,15,266.562500,2029.750
1785156872.652880907,15,268.156250,2023.250
1785156872.652880907,15,269.781250,2023.250
1785156872.652880907,15,271.421875,2021.250
1785156872.652880907,15,273.062500,2021.500
1785156872.652880907,15,274.734375,2027.000
1785156872.652880907,15,276.296875,2032.000
1785156872.652880907,15,277.937500,2037.250
1785156872.652880907,15,279.593750,2041.000
1785156872.652880907,13,281.203125,2052.500
1785156872.652880907,11,282.828125,2068.000
1785156872.652880907,9,284.453125,2084.000
1785156872.652880907,8,294.218750,2239.250
1785156872.652880907,15,295.875000,2250.500
1785156872.652880907,15,297.468750,2268.000
1785156872.652880907,15,299.203125,2292.750
1785156872.652880907,5,300.828125,2327.500
1785156872.652880907,9,302.437500,2361.750
1785156872.652880907,15,304.093750,2399.000
1785156872.652880907,10,305.718750,2449.000
1785156872.652880907,13,307.343750,2503.000
1785156872.652880907,15,308.953125,2538.000
1785156872.652880907,15,312.218750,2660.750
1785156872.652880907,8,313.843750,2720.250
1785156872.652880907,15,348.046875,6905.250
1785156872.652880907,15,349.687500,6853.750
1785156872.764111042,15,351.328125,6831.750
1785156872.764111042,15,352.953125,6825.750
1785156872.764111042,15,354.593750,6813.000
1785156872.764111042,15,356.234375,6798.250
1785156872.764111042,15,357.890625,6775.250
1785156872.764111042,15,359.515625,6783.000
1785156872.764111042,15,1.156250,6825.750
1785156872.764111042,15,2.812500,6837.500
1785156872.764111042,15,4.453125,6852.750
1785156872.764111042,15,6.093750,6874.000
1785156872.764111042,15,7.718750,6887.750
1785156872.764111042,15,9.343750,6946.000
1785156872.764111042,15,10.921875,6998.000
1785156872.764111042,9,20.734375,7557.000
1785156872.764111042,15,22.359375,7653.750
1785156872.764111042,15,24.000000,7716.500
1785156872.764111042,15,25.625000,7810.750
1785156872.764111042,15,48.171875,106.250
1785156872.764111042,15,165.625000,1480.750
1785156872.764111042,15,167.296875,1450.500
1785156872.764111042,15,168.953125,1434.000
1785156872.764111042,15,170.546875,1431.500
1785156872.764111042,9,219.140625,3104.750
1785156872.764111042,15,220.796875,3013.500
1785156872.764111042,15,224.093750,2843.500
1785156872.764111042,13,225.703125,2776.750
1785156872.764111042,7,227.390625,2705.500
1785156872.764111042,15,229.000000,2633.250
1785156872.764111042,8,230.656250,2569.500
1785156872.764111042,15,232.296875,2513.750
1785156872.764111042,9,233.937500,2469.250
1785156872.764111042,15,235.609375,2437.500
1785156872.764111042,6,237.250000,2395.500
1785156872.764111042,9,238.875000,2350.250
1785156872.764111042,15,240.546875,2315.250
1785156872.764111042,15,242.156250,2285.500
1785156872.764111042,12,243.781250,2261.250
1785156872.764111042,7,245.453125,2243.500
1785156872.764111042,15,265.062500,2067.750
1785156872.764111042,10,266.718750,2071.500
1785156872.764111042,11,268.328125,2069.000
1785156872.764111042,8,269.984375,2067.250
1785156872.764111042,12,274.843750,2073.250
1785156872.764111042,8,276.468750,2079.750
1785156872.764111042,10,284.625000,2094.000
1785156872.764111042,15,291.125000,2261.750
1785156872.764111042,15,292.765625,2274.750
1785156872.764111042,15,294.390625,2301.000
1785156872.764111042,15,296.031250,2318.250
1785156872.764111042,9,297.625000,2343.250
1785156872.764111042,15,299.359375,2390.000
1785156872.764111042,15,301.031250,2411.500
1785156872.764111042,8,302.671875,2438.750
1785156872.764111042,15,304.265625,2499.250
1785156872.764111042,15,305.937500,2543.250
1785156872.764111042,14,307.562500,2572.750
1785156872.764111042,14,310.781250,2708.500
1785156872.764111042,8,312.437500,2779.500
1785156872.764111042,13,338.546875,5079.000
1785156872.764111042,15,348.281250,6874.000
1785156872.764111042,15,349.921875,6869.250
1785156872.875895977,15,351.562500,6835.000
1785156872.875895977,15,353.203125,6820.250
1785156872.875895977,15,354.843750,6838.000
1785156872.875895977,15,356.500000,6831.250
1785156872.875895977,15,358.140625,6824.500
1785156872.875895977,15,359.765625,6816.750
1785156872.875895977,15,1.421875,6812.250
1785156872.875895977,15,3.046875,6835.750
1785156872.875895977,15,4.703125,6905.500
1785156872.875895977,15,6.328125,6933.250
1785156872.875895977,15,7.968750,6933.250
1785156872.875895977,15,9.625000,6960.000
1785156872.875895977,15,11.171875,7008.000
1785156872.875895977,15,24.250000,7738.750
1785156872.875895977,11,25.875000,7808.750
1785156872.875895977,15,47.375000,106.250
1785156872.875895977,15,165.890625,1470.750
1785156872.875895977,15,167.531250,1438.000
1785156872.875895977,15,169.109375,1420.500
1785156872.875895977,15,170.812500,1415.500
1785156872.875895977,7,209.515625,3869.250
1785156872.875895977,15,217.796875,3160.000
1785156872.875895977,15,222.750000,2887.750
1785156872.875895977,8,224.390625,2812.750
1785156872.875895977,15,226.046875,2735.500
1785156872.875895977,15,227.703125,2671.000
1785156872.875895977,15,230.968750,2533.000
1785156872.875895977,12,232.640625,2474.250
1785156872.875895977,15,234.281250,2435.000
1785156872.875895977,8,235.906250,2402.750
1785156872.875895977,15,237.578125,2350.500
1785156872.875895977,15,239.203125,2305.500
1785156872.875895977,15,240.875000,2272.000
1785156872.875895977,8,242.500000,2249.750
1785156872.875895977,15,257.281250,2036.250
1785156872.875895977,15,258.906250,2031.750
1785156872.875895977,15,260.546875,2019.500
1785156872.875895977,15,262.171875,2004.000
1785156872.875895977,15,263.828125,1989.250
1785156872.875895977,15,265.453125,1975.000
1785156872.875895977,15,267.109375,1979.250
1785156872.875895977,15,268.687500,1985.000
1785156872.875895977,15,270.343750,1983.750
1785156872.875895977,15,271.968750,1984.500
1785156872.875895977,15,273.625000,1987.500
1785156872.875895977,15,275.203125,1990.250
1785156872.875895977,15,276.828125,1996.750
1785156872.875895977,15,278.453125,2005.500
1785156872.875895977,15,280.078125,2018.250
1785156872.875895977,15,281.703125,2032.000
1785156872.875895977,15,283.375000,2042.000
1785156872.875895977,15,285.000000,2055.750
1785156872.875895977,8,286.593750,2084.750
1785156872.875895977,15,293.093750,2242.750
1785156872.875895977,15,294.718750,2257.000
1785156872.875895977,15,296.328125,2265.000
1785156872.875895977,15,297.968750,2288.500
1785156872.875895977,4,299.734375,2335.500
1785156872.875895977,15,301.359375,2385.250
1785156872.875895977,15,302.968750,2414.750
1785156872.875895977,15,304.593750,2450.500
1785156872.875895977,9,306.250000,2507.500
1785156872.875895977,15,307.890625,2560.750
1785156872.875895977,8,309.500000,2614.500
1785156872.875895977,15,311.125000,2683.500
1785156872.875895977,9,312.750000,2751.250
1785156872.875895977,15,346.859375,6905.000
1785156872.875895977,15,348.500000,6863.500
1785156872.875895977,15,350.140625,6864.250
1785156872.990394831,15,351.781250,6874.500
1785156872.990394831,15,353.421875,6843.250
1785156872.990394831,15,355.046875,6811.500
1785156872.990394831,15,356.703125,6818.750
1785156872.990394831,15,358.328125,6805.250
1785156872.990394831,15,359.968750,6813.500
1785156872.990394831,15,1.609375,6832.250
1785156872.990394831,15,4.890625,6846.500
1785156872.990394831,15,6.515625,6886.750
1785156872.990394831,15,8.171875,6909.250
1785156872.990394831,15,9.796875,6962.250
1785156872.990394831,15,24.437500,7763.000
1785156872.990394831,15,48.484375,105.750
1785156872.990394831,15,166.000000,1461.250
1785156872.990394831,15,167.593750,1433.000
1785156872.990394831,15,169.281250,1414.750
1785156872.990394831,15,170.921875,1403.500
1785156872.990394831,15,172.593750,1404.750
1785156872.990394831,9,209.578125,3928.500
1785156872.990394831,15,214.546875,3464.500
1785156872.990394831,7,217.828125,3229.750
1785156872.990394831,15,221.156250,3038.750
1785156872.990394831,9,222.812500,2952.500
1785156872.990394831,15,224.437500,2878.000
1785156872.990394831,13,227.750000,2725.250
1785156872.990394831,11,231.046875,2574.000
1785156872.990394831,15,232.687500,2521.750
1785156872.990394831,10,234.343750,2476.250
1785156872.990394831,10,236.000000,2442.250
1785156872.990394831,5,237.656250,2402.750
1785156872.990394831,15,239.296875,2346.250
1785156872.990394831,15,240.921875,2303.500
1785156872.990394831,15,242.562500,2275.750
1785156872.990394831,13,244.203125,2258.500
1785156872.990394831,11,263.875000,2060.500
1785156872.990394831,15,265.515625,2036.750
1785156872.990394831,15,267.156250,2030.500
1785156872.990394831,15,268.812500,2036.750
1785156872.990394831,15,270.437500,2036.000
1785156872.990394831,15,272.109375,2032.750
1785156872.990394831,15,273.718750,2033.250
1785156872.990394831,15,275.312500,2036.500
1785156872.990394831,15,276.984375,2039.000
1785156872.990394831,15,278.609375,2040.750
1785156872.990394831,15,280.203125,2042.000
1785156872.990394831,10,281.859375,2047.750
1785156872.990394831,15,285.093750,2053.250
1785156872.990394831,8,286.718750,2080.750
1785156872.990394831,13,294.859375,2243.500
1785156872.990394831,15,296.484375,2260.750
1785156872.990394831,15,298.109375,2281.250
1785156872.990394831,14,299.828125,2316.500
1785156872.990394831,5,301.468750,2354.000
1785156872.990394831,15,303.078125,2384.000
1785156872.990394831,7,304.718750,2420.000
1785156872.990394831,15,306.328125,2473.500
1785156872.990394831,9,307.968750,2526.500
1785156872.990394831,11,309.625000,2552.500
1785156872.990394831,15,312.843750,2689.250
1785156872.990394831,15,314.484375,2765.250
1785156872.990394831,15,346.937500,6956.500
1785156872.990394831,15,348.562500,6941.250
1785156872.990394831,15,350.203125,6891.000
1785156873.101155043,15,351.843750,6836.750
1785156873.101155043,15,353.484375,6819.250
1785156873.101155043,15,355.109375,6807.250
1785156873.101155043,15,356.750000,6782.250
1785156873.101155043,15,358.390625,6813.000
1785156873.101155043,15,0.031250,6841.500
1785156873.101155043,15,1.671875,6830.250
1785156873.101155043,15,3.296875,6803.500
1785156873.101155043,15,4.937500,6829.000
1785156873.101155043,15,6.578125,6927.500
1785156873.101155043,15,8.203125,6977.500
1785156873.101155043,15,18.046875,7372.750
1785156873.101155043,15,24.578125,7763.500
1785156873.101155043,15,48.734375,105.750
1785156873.101155043,15,165.968750,1464.500
1785156873.101155043,15,167.562500,1434.250
1785156873.101155043,15,169.234375,1408.250
1785156873.101155043,15,170.843750,1393.500
1785156873.101155043,15,172.531250,1395.500
1785156873.101155043,9,174.140625,1409.750
1785156873.101155043,15,216.093750,3212.000
1785156873.101155043,15,219.390625,3018.250
1785156873.101155043,15,222.703125,2845.000
1785156873.101155043,15,224.359375,2773.000
1785156873.101155043,7,226.015625,2700.250
1785156873.101155043,15,227.609375,2639.000
1785156873.101155043,7,229.281250,2579.000
1785156873.101155043,5,230.921875,2511.500
1785156873.101155043,8,232.578125,2459.750
1785156873.101155043,15,234.203125,2433.500
1785156873.101155043,7,235.859375,2401.500
1785156873.101155043,7,237.500000,2351.500
1785156873.101155043,15,239.156250,2307.500
1785156873.101155043,15,240.750000,2272.000
1785156873.101155043,15,242.406250,2255.500
1785156873.101155043,12,262.093750,2058.000
1785156873.101155043,14,263.734375,2047.500
1785156873.101155043,15,265.390625,2038.750
1785156873.101155043,15,267.000000,2038.000
1785156873.101155043,15,268.671875,2040.750
1785156873.101155043,15,270.250000,2040.250
1785156873.101155043,15,271.921875,2045.000
1785156873.101155043,12,273.515625,2050.500
1785156873.101155043,9,275.203125,2053.500
1785156873.101155043,11,276.812500,2054.250
1785156873.101155043,15,284.968750,2072.500
1785156873.101155043,15,291.453125,2251.750
1785156873.101155043,15,293.125000,2276.250
1785156873.101155043,15,294.750000,2297.750
1785156873.101155043,6,296.375000,2322.750
1785156873.101155043,13,298.000000,2342.250
1785156873.101155043,14,301.312500,2434.500
1785156873.101155043,10,302.953125,2453.500
1785156873.101155043,11,304.593750,2502.000
1785156873.101155043,8,306.187500,2558.750
1785156873.101155043,15,307.859375,2582.500
1785156873.101155043,14,311.093750,2714.500
1785156873.101155043,15,312.703125,2783.750
1785156873.101155043,7,314.328125,2865.000
1785156873.101155043,15,346.828125,6926.000
1785156873.101155043,15,348.453125,6908.250
1785156873.101155043,15,350.093750,6895.250
1785156873.212980986,15,351.734375,6842.750
1785156873.212980986,15,353.359375,6805.000
1785156873.212980986,15,355.015625,6809.250
1785156873.212980986,15,356.640625,6820.000
1785156873.212980986,15,358.281250,6829.500
1785156873.212980986,15,359.921875,6828.750
1785156873.212980986,15,1.562500,6845.250
1785156873.212980986,15,3.187500,6829.250
1785156873.212980986,15,4.828125,6831.000
1785156873.212980986,15,6.468750,6870.000
1785156873.212980986,15,8.093750,6914.750
1785156873.212980986,15,9.734375,6989.500
1785156873.212980986,15,17.890625,7355.500
1785156873.212980986,15,24.421875,7754.500
1785156873.212980986,15,47.671875,106.000
1785156873.212980986,15,165.890625,1459.750
1785156873.212980986,15,167.546875,1425.750
1785156873.212980986,15,169.218750,1400.750
1785156873.212980986,15,170.875000,1385.500
1785156873.212980986,15,172.531250,1382.250
1785156873.212980986,7,211.140625,3630.500
1785156873.212980986,13,216.078125,3216.000
1785156873.212980986,14,217.718750,3128.000
1785156873.212980986,6,222.703125,2843.250
1785156873.212980986,15,224.328125,2770.500
1785156873.212980986,8,225.968750,2700.500
1785156873.212980986,15,227.640625,2637.750
1785156873.212980986,14,229.296875,2575.250
1785156873.212980986,11,232.593750,2449.000
1785156873.212980986,15,234.218750,2420.750
1785156873.212980986,7,235.875000,2369.250
1785156873.212980986,15,237.515625,2322.750
1785156873.212980986,15,239.156250,2288.000
1785156873.212980986,15,240.796875,2261.750
1785156873.212980986,12,257.234375,2064.500
1785156873.212980986,14,258.859375,2047.250
1785156873.212980986,15,260.515625,2035.500
1785156873.212980986,15,262.187500,2029.750
1785156873.212980986,15,263.812500,2020.750
1785156873.212980986,15,265.437500,2012.750
1785156873.212980986,15,267.093750,2010.250
1785156873.212980986,15,268.718750,2016.250
1785156873.212980986,15,270.375000,2019.500
1785156873.212980986,15,272.000000,2021.000
1785156873.212980986,15,273.625000,2024.750
1785156873.212980986,15,275.250000,2028.250
1785156873.212980986,15,276.890625,2030.250
1785156873.212980986,15,278.500000,2034.750
1785156873.212980986,12,280.125000,2048.500
1785156873.212980986,9,281.750000,2056.250
1785156873.212980986,15,285.031250,2066.500
1785156873.212980986,14,291.515625,2251.750
1785156873.212980986,15,293.187500,2264.000
1785156873.212980986,15,294.796875,2284.750
1785156873.212980986,15,296.421875,2309.500
1785156873.212980986,9,298.062500,2330.000
1785156873.212980986,15,299.734375,2374.000
1785156873.212980986,15,301.328125,2421.500
1785156873.212980986,15,302.984375,2448.750
1785156873.212980986,15,304.625000,2483.750
1785156873.212980986,12,306.234375,2523.250
1785156873.212980986,15,307.890625,2564.500
1785156873.212980986,8,309.484375,2618.750
1785156873.212980986,9,312.734375,2754.500
1785156873.212980986,15,346.937500,7002.000
1785156873.212980986,15,348.578125,6934.500
1785156873.212980986,15,350.218750,6888.750
1785156873.328143835,15,351.859375,6826.500
1785156873.328143835,15,353.500000,6806.000
1785156873.328143835,15,355.125000,6811.250
1785156873.328143835,15,356.781250,6784.750
1785156873.328143835,15,358.421875,6814.000
1785156873.328143835,15,0.062500,6841.250
1785156873.328143835,15,1.703125,6827.250
1785156873.328143835,15,3.343750,6838.750
1785156873.328143835,15,4.968750,6893.500
1785156873.328143835,15,6.625000,6899.250
1785156873.328143835,15,8.250000,6893.750
1785156873.328143835,15,18.000000,7280.000
1785156873.328143835,15,24.546875,7702.500
1785156873.328143835,15,47.046875,108.000
1785156873.328143835,15,48.156250,105.500
1785156873.328143835,15,166.031250,1461.000
1785156873.328143835,15,167.687500,1424.000
1785156873.328143835,15,169.312500,1397.000
1785156873.328143835,15,171.000000,1380.750
1785156873.328143835,15,172.671875,1375.000
1785156873.328143835,15,174.250000,1384.250
1785156873.328143835,13,216.187500,3216.000
1785156873.328143835,15,219.468750,3020.250
1785156873.328143835,6,221.109375,2936.000
1785156873.328143835,15,222.750000,2857.750
1785156873.328143835,15,226.062500,2709.750
1785156873.328143835,15,227.703125,2651.500
1785156873.328143835,6,229.359375,2579.500
1785156873.328143835,15,231.000000,2520.750
1785156873.328143835,9,232.671875,2469.250
1785156873.328143835,15,234.296875,2438.750
1785156873.328143835,6,235.953125,2412.500
1785156873.328143835,6,237.578125,2370.000
1785156873.328143835,15,239.218750,2322.000
1785156873.328143835,15,240.890625,2287.250
1785156873.328143835,15,242.531250,2272.250
1785156873.328143835,10,267.203125,2051.250
1785156873.328143835,8,268.828125,2057.250
1785156873.328143835,13,285.109375,2079.750
1785156873.328143835,14,289.921875,2267.750
1785156873.328143835,15,291.546875,2296.250
1785156873.328143835,15,293.218750,2319.500
1785156873.328143835,6,294.843750,2335.000
1785156873.328143835,15,296.437500,2372.500
1785156873.328143835,15,298.078125,2411.500
1785156873.328143835,7,299.765625,2431.500
1785156873.328143835,15,301.421875,2451.250
1785156873.328143835,9,303.015625,2501.500
1785156873.328143835,6,304.671875,2555.000
1785156873.328143835,15,306.281250,2601.000
1785156873.328143835,14,307.906250,2630.000
1785156873.328143835,11,311.156250,2755.250
1785156873.328143835,15,312.796875,2812.000
1785156873.328143835,15,347.046875,6914.500
1785156873.328143835,15,348.671875,6899.500
1785156873.439173222,15,350.312500,6887.250
1785156873.439173222,15,351.968750,6840.000
1785156873.439173222,15,353.609375,6829.500
1785156873.439173222,15,355.250000,6811.750
1785156873.439173222,15,356.890625,6811.000
1785156873.439173222,15,358.546875,6833.000
1785156873.439173222,15,0.171875,6840.250
1785156873.439173222,15,1.828125,6832.000
1785156873.439173222,15,3.453125,6833.500
1785156873.439173222,15,5.093750,6853.750
1785156873.439173222,15,6.734375,6901.250
1785156873.439173222,15,8.375000,6954.750
1785156873.439173222,15,18.125000,7307.000
1785156873.439173222,15,23.015625,7704.000
1785156873.439173222,15,24.656250,7798.750
1785156873.439173222,15,46.453125,108.000
1785156873.439173222,15,47.968750,105.500
1785156873.439173222,15,167.796875,1419.750
1785156873.439173222,15,169.484375,1392.500
1785156873.439173222,15,171.140625,1376.000
1785156873.439173222,15,172.781250,1370.000
1785156873.439173222,15,174.406250,1373.000
1785156873.439173222,6,217.953125,3110.250
1785156873.439173222,15,219.625000,3020.750
1785156873.439173222,7,221.281250,2936.500
1785156873.439173222,15,224.578125,2759.750
1785156873.439173222,11,226.203125,2695.250
1785156873.439173222,15,227.875000,2630.250
1785156873.439173222,15,229.515625,2562.750
1785156873.439173222,9,231.171875,2493.500
1785156873.439173222,10,232.796875,2448.000
1785156873.439173222,15,234.484375,2421.250
1785156873.439173222,8,236.093750,2375.250
1785156873.439173222,15,237.781250,2323.750
1785156873.439173222,15,239.421875,2287.500
1785156873.439173222,14,241.062500,2268.500
1785156873.439173222,15,260.796875,2052.250
1785156873.439173222,15,262.437500,2044.000
1785156873.439173222,15,264.109375,2043.500
1785156873.439173222,15,265.703125,2033.250
1785156873.439173222,15,267.359375,2030.250
1785156873.439173222,15,268.984375,2036.250
1785156873.439173222,15,270.640625,2034.250
1785156873.439173222,15,272.250000,2037.500
1785156873.439173222,15,273.890625,2041.250
1785156873.439173222,12,275.468750,2037.750
1785156873.439173222,15,277.078125,2047.250
1785156873.439173222,15,285.250000,2065.750
1785156873.439173222,14,291.750000,2256.250
1785156873.439173222,15,293.390625,2269.000
1785156873.439173222,15,294.984375,2289.500
1785156873.439173222,15,296.625000,2310.500
1785156873.439173222,4,298.250000,2342.750
1785156873.439173222,15,299.953125,2387.250
1785156873.439173222,9,301.578125,2423.250
1785156873.439173222,15,303.234375,2447.750
1785156873.439173222,13,304.843750,2487.250
1785156873.439173222,8,306.484375,2537.500
1785156873.439173222,15,308.093750,2591.000
1785156873.439173222,12,309.718750,2650.750
1785156873.439173222,13,311.375000,2696.750
1785156873.439173222,15,313.000000,2756.000
1785156873.439173222,11,314.593750,2841.000
1785156873.439173222,15,347.187500,6947.250
1785156873.439173222,15,348.828125,6904.750
1785156873.550303936,15,350.468750,6852.500
1785156873.550303936,15,352.109375,6836.000
1785156873.550303936,15,353.750000,6833.750
1785156873.550303936,15,355.390625,6843.500
1785156873.550303936,15,357.031250,6848.500
1785156873.550303936,15,358.671875,6833.000
1785156873.550303936,15,0.296875,6802.750
1785156873.550303936,15,1.953125,6802.500
1785156873.550303936,15,3.593750,6870.250
1785156873.550303936,15,5.250000,6893.250
1785156873.550303936,15,6.875000,6891.000
1785156873.550303936,15,8.515625,6936.000
1785156873.550303936,15,18.234375,7441.500
1785156873.550303936,15,19.875000,7535.000
1785156873.550303936,15,21.500000,7592.250
1785156873.550303936,15,23.140625,7666.750
1785156873.550303936,15,24.796875,7754.750
1785156873.550303936,15,46.906250,107.500
1785156873.550303936,15,48.734375,105.500
1785156873.550303936,15,167.859375,1429.500
1785156873.550303936,15,169.578125,1397.250
1785156873.550303936,15,171.187500,1376.500
1785156873.550303936,15,172.890625,1370.000
1785156873.550303936,15,174.515625,1370.750
1785156873.550303936,15,219.687500,3005.500
1785156873.550303936,7,222.984375,2826.500
1785156873.550303936,15,224.625000,2756.000
1785156873.550303936,11,226.281250,2692.000
1785156873.550303936,15,228.000000,2624.750
1785156873.550303936,13,229.640625,2559.750
1785156873.550303936,8,231.312500,2498.250
1785156873.550303936,8,232.953125,2450.750
1785156873.550303936,15,234.609375,2421.000
1785156873.550303936,5,236.265625,2377.000
1785156873.550303936,15,237.937500,2335.750
1785156873.550303936,15,239.578125,2301.000
1785156873.550303936,15,241.218750,2270.250
1785156873.550303936,13,242.859375,2255.250
1785156873.550303936,12,262.484375,2045.750
1785156873.550303936,13,264.140625,2042.500
1785156873.550303936,15,265.812500,2031.750
1785156873.550303936,15,267.390625,2033.500
1785156873.550303936,15,269.046875,2040.750
1785156873.550303936,15,270.656250,2035.750
1785156873.550303936,13,272.343750,2037.750
1785156873.550303936,15,273.968750,2041.250
1785156873.550303936,11,275.546875,2038.500
1785156873.550303936,12,277.171875,2047.750
1785156873.550303936,9,278.812500,2050.000
1785156873.550303936,15,285.328125,2055.000
1785156873.550303936,14,293.421875,2256.750
1785156873.550303936,15,295.062500,2260.000
1785156873.550303936,15,296.656250,2268.500
1785156873.550303936,15,298.296875,2302.000
1785156873.550303936,6,300.031250,2342.750
1785156873.550303936,15,301.671875,2385.250
1785156873.550303936,8,303.296875,2428.750
1785156873.550303936,9,304.937500,2451.500
1785156873.550303936,15,306.546875,2496.500
1785156873.550303936,8,308.203125,2552.500
1785156873.550303936,9,309.812500,2605.500
1785156873.550303936,15,311.437500,2676.000
1785156873.550303936,7,313.046875,2752.250
1785156873.550303936,14,314.687500,2826.500
1785156873.550303936,15,345.671875,6968.500
1785156873.550303936,15,347.265625,6964.500
1785156873.550303936,15,348.921875,6909.250
1785156873.664608955,15,350.562500,6862.750
1785156873.664608955,15,352.203125,6842.500
1785156873.664608955,15,353.843750,6834.500
1785156873.664608955,15,355.484375,6803.000
1785156873.664608955,15,357.125000,6813.000
1785156873.664608955,15,358.765625,6828.750
1785156873.664608955,15,0.406250,6824.500
1785156873.664608955,15,2.046875,6839.000
1785156873.664608955,15,3.687500,6877.250
1785156873.664608955,15,5.328125,6894.250
1785156873.664608955,15,6.968750,6887.750
1785156873.664608955,15,8.593750,6916.250
1785156873.664608955,15,24.859375,7759.000
1785156873.664608955,15,47.140625,107.250
1785156873.664608955,15,48.921875,105.250
1785156873.664608955,15,167.984375,1431.250
1785156873.664608955,15,169.687500,1399.750
1785156873.664608955,15,171.343750,1377.500
1785156873.664608955,15,172.984375,1367.500
1785156873.664608955,15,174.640625,1365.000
1785156873.664608955,15,176.203125,1374.750
1785156873.664608955,8,208.296875,3867.000
1785156873.664608955,15,218.203125,3035.250
1785156873.664608955,15,223.171875,2768.750
1785156873.664608955,9,224.843750,2694.500
1785156873.664608955,15,226.453125,2634.000
1785156873.664608955,7,228.140625,2582.000
1785156873.664608955,15,229.796875,2527.000
1785156873.664608955,10,231.437500,2472.750
1785156873.664608955,15,233.093750,2435.000
1785156873.664608955,5,234.703125,2400.750
1785156873.664608955,8,236.375000,2356.750
1785156873.664608955,15,238.031250,2317.000
1785156873.664608955,15,239.640625,2278.750
1785156873.664608955,14,241.296875,2257.500
1785156873.664608955,7,242.953125,2250.000
1785156873.664608955,15,262.625000,2037.000
1785156873.664608955,15,264.250000,2035.000
1785156873.664608955,15,265.890625,2029.000
1785156873.664608955,15,267.515625,2030.250
1785156873.664608955,15,269.125000,2037.500
1785156873.664608955,15,270.781250,2033.500
1785156873.664608955,15,272.390625,2033.500
1785156873.664608955,15,274.031250,2035.000
1785156873.664608955,15,275.687500,2038.000
1785156873.664608955,11,277.281250,2048.500
1785156873.664608955,15,278.953125,2048.000
1785156873.664608955,15,285.453125,2048.500
1785156873.664608955,11,287.046875,2088.000
1785156873.664608955,15,293.562500,2264.000
1785156873.664608955,15,295.187500,2279.250
1785156873.664608955,15,296.812500,2301.250
1785156873.664608955,5,298.421875,2332.500
1785156873.664608955,4,300.156250,2363.500
1785156873.664608955,15,301.781250,2394.750
1785156873.664608955,9,303.421875,2430.000
1785156873.664608955,11,305.046875,2458.750
1785156873.664608955,9,306.671875,2508.750
1785156873.664608955,8,308.312500,2552.750
1785156873.664608955,6,309.937500,2603.250
1785156873.664608955,15,311.578125,2675.750
1785156873.664608955,7,313.187500,2736.750
1785156873.664608955,15,314.812500,2810.250
1785156873.664608955,15,347.343750,6946.750
1785156873.664608955,15,348.968750,6873.500
1785156873.776316881,15,350.625000,6831.500
1785156873.776316881,15,352.250000,6851.000
1785156873.776316881,15,353.890625,6836.250
1785156873.776316881,15,355.531250,6804.750
1785156873.776316881,15,357.171875,6814.500
1785156873.776316881,15,358.812500,6827.500
1785156873.776316881,15,0.453125,6828.000
1785156873.776316881,15,3.734375,6851.000
1785156873.776316881,15,5.375000,6878.250
1785156873.776316881,15,7.015625,6891.000
1785156873.776316881,15,8.656250,6950.000
1785156873.776316881,15,23.343750,7672.750
1785156873.776316881,15,24.984375,7768.750
1785156873.776316881,15,46.937500,107.000
1785156873.776316881,15,48.625000,105.000
1785156873.776316881,15,166.453125,1480.250
1785156873.776316881,15,168.125000,1436.500
1785156873.776316881,15,169.859375,1397.750
1785156873.776316881,15,171.437500,1374.750
1785156873.776316881,15,173.062500,1365.500
1785156873.776316881,15,174.703125,1361.250
1785156873.776316881,15,176.375000,1366.000
1785156873.776316881,11,177.968750,1390.000
1785156873.776316881,6,218.296875,3088.750
1785156873.776316881,15,219.921875,3000.500
1785156873.776316881,15,221.578125,2917.750
1785156873.776316881,15,224.875000,2749.000
1785156873.776316881,8,226.578125,2695.750
1785156873.776316881,15,228.218750,2648.000
1785156873.776316881,15,231.500000,2508.500
1785156873.776316881,9,233.156250,2455.500
1785156873.776316881,15,234.781250,2429.750
1785156873.776316881,5,236.421875,2409.750
1785156873.776316881,5,238.078125,2367.000
1785156873.776316881,15,239.734375,2320.750
1785156873.776316881,15,241.390625,2276.500
1785156873.776316881,11,243.015625,2255.250
1785156873.776316881,7,244.671875,2241.750
1785156873.776316881,15,265.953125,2039.500
1785156873.776316881,15,267.593750,2037.750
1785156873.776316881,15,269.234375,2042.000
1785156873.776316881,15,270.890625,2039.500
1785156873.776316881,11,272.484375,2038.500
1785156873.776316881,15,274.125000,2037.250
1785156873.776316881,11,275.765625,2048.000
1785156873.776316881,9,277.390625,2058.500
1785156873.776316881,12,279.000000,2050.500
1785156873.776316881,15,285.593750,2042.250
1785156873.776316881,13,295.312500,2260.750
1785156873.776316881,15,296.906250,2279.750
1785156873.776316881,15,298.640625,2306.500
1785156873.776316881,6,300.281250,2337.250
1785156873.776316881,15,301.906250,2381.750
1785156873.776316881,15,303.578125,2420.500
1785156873.776316881,8,305.187500,2451.250
1785156873.776316881,15,306.828125,2504.500
1785156873.776316881,13,308.437500,2549.250
1785156873.776316881,13,310.062500,2583.000
1785156873.776316881,10,313.328125,2727.500
1785156873.776316881,15,314.968750,2802.750
1785156873.776316881,15,345.859375,6893.000
1785156873.776316881,15,347.500000,6952.000
1785156873.776316881,15,349.140625,6935.250
1785156873.888118029,15,350.796875,6870.250
1785156873.888118029,15,352.437500,6832.500
1785156873.888118029,15,354.078125,6831.000
1785156873.888118029,15,355.718750,6817.500
1785156873.888118029,15,357.343750,6848.500
1785156873.888118029,15,358.984375,6843.750
1785156873.888118029,15,0.625000,6816.000
1785156873.888118029,15,2.281250,6824.250
1785156873.888118029,15,3.921875,6863.750
1785156873.888118029,15,5.562500,6900.750
1785156873.888118029,15,7.187500,6914.250
1785156873.888118029,15,8.843750,6923.500
1785156873.888118029,15,16.968750,7344.250
1785156873.888118029,15,23.531250,7696.250
1785156873.888118029,15,46.312500,106.750
1785156873.888118029,15,49.656250,105.000
1785156873.888118029,15,169.906250,1414.500
1785156873.888118029,15,171.609375,1384.500
1785156873.888118029,15,173.203125,1366.250
1785156873.888118029,15,174.859375,1361.750
1785156873.888118029,15,176.500000,1363.750
1785156873.888118029,15,218.531250,3065.500
1785156873.888118029,15,221.828125,2880.500
1785156873.888118029,15,226.734375,2642.250
1785156873.888118029,6,228.375000,2593.000
1785156873.888118029,15,230.015625,2528.750
1785156873.888118029,8,231.687500,2473.750
1785156873.888118029,15,233.312500,2443.000
1785156873.888118029,8,234.984375,2406.000
1785156873.888118029,8,236.593750,2356.250
1785156873.888118029,15,238.265625,2310.750
1785156873.888118029,15,239.906250,2272.500
1785156873.888118029,15,241.531250,2258.250
1785156873.888118029,10,257.921875,2055.750
1785156873.888118029,15,259.562500,2044.000
1785156873.888118029,15,261.203125,2030.000
1785156873.888118029,15,262.796875,2024.000
1785156873.888118029,15,264.468750,2019.750
1785156873.888118029,15,266.125000,2002.500
1785156873.888118029,15,267.718750,1996.000
1785156873.888118029,15,269.359375,2005.000
1785156873.888118029,15,270.984375,2006.500
1785156873.888118029,15,272.625000,2004.750
1785156873.888118029,15,274.265625,2004.500
1785156873.888118029,15,275.921875,2012.250
1785156873.888118029,15,277.546875,2022.000
1785156873.888118029,15,279.156250,2026.250
1785156873.888118029,15,280.765625,2025.500
1785156873.888118029,15,282.468750,1999.000
1785156873.888118029,15,285.718750,1999.500
1785156873.888118029,8,295.421875,2248.500
1785156873.888118029,15,297.062500,2258.750
1785156873.888118029,10,298.781250,2297.000
1785156873.888118029,8,300.390625,2331.500
1785156873.888118029,15,302.031250,2372.000
1785156873.888118029,14,303.640625,2417.250
1785156873.888118029,15,305.281250,2461.500
1785156873.888118029,11,306.921875,2510.000
1785156873.888118029,12,308.578125,2544.750
1785156873.888118029,15,311.781250,2683.000
1785156873.888118029,8,313.421875,2744.250
1785156873.888118029,11,337.796875,5118.750
1785156873.888118029,15,345.937500,6976.000
1785156873.888118029,15,347.578125,6968.000
1785156873.888118029,15,349.234375,6922.750
1785156874.002648115,15,350.875000,6900.750
1785156874.002648115,15,352.500000,6879.250
1785156874.002648115,15,354.156250,6831.250
1785156874.002648115,15,355.812500,6820.250
1785156874.002648115,15,357.437500,6814.750
1785156874.002648115,15,359.078125,6814.500
1785156874.002648115,15,0.718750,6859.500
1785156874.002648115,15,2.359375,6864.250
1785156874.002648115,15,4.000000,6867.500
1785156874.002648115,15,5.640625,6901.750
1785156874.002648115,15,7.281250,6913.000
1785156874.002648115,15,8.921875,6953.000
1785156874.002648115,15,10.500000,6990.500
1785156874.002648115,15,46.796875,106.750
1785156874.002648115,15,49.000000,104.750
1785156874.002648115,15,51.343750,102.000
1785156874.002648115,15,170.046875,1407.250
1785156874.002648115,15,171.703125,1381.000
1785156874.002648115,15,173.359375,1362.250
1785156874.002648115,15,174.937500,1354.250
1785156874.002648115,15,176.640625,1354.000
1785156874.002648115,15,178.187500,1368.500
1785156874.002648115,13,220.265625,3048.500
1785156874.002648115,6,221.937500,2958.500
1785156874.002648115,15,223.578125,2883.500
1785156874.002648115,15,226.843750,2736.250
1785156874.002648115,9,228.515625,2683.000
1785156874.002648115,5,230.156250,2609.750
1785156874.002648115,11,231.796875,2549.000
1785156874.002648115,15,233.468750,2498.000
1785156874.002648115,9,235.078125,2452.000
1785156874.002648115,15,236.734375,2423.000
1785156874.002648115,6,238.390625,2380.250
1785156874.002648115,15,240.046875,2330.750
1785156874.002648115,15,241.687500,2296.000
1785156874.002648115,15,243.328125,2268.750
1785156874.002648115,14,244.953125,2249.000
1785156874.002648115,11,264.671875,2049.750
1785156874.002648115,15,266.281250,2034.750
1785156874.002648115,15,267.906250,2027.750
1785156874.002648115,15,269.546875,2036.750
1785156874.002648115,15,271.203125,2036.250
1785156874.002648115,15,272.828125,2035.500
1785156874.002648115,15,274.437500,2031.000
1785156874.002648115,15,276.062500,2031.750
1785156874.002648115,15,277.687500,2042.500
1785156874.002648115,15,280.968750,2048.250
1785156874.002648115,10,282.578125,2026.250
1785156874.002648115,15,285.875000,2017.000
1785156874.002648115,13,295.593750,2250.250
1785156874.002648115,15,297.187500,2266.000
1785156874.002648115,15,298.937500,2305.250
1785156874.002648115,8,300.578125,2334.500
1785156874.002648115,9,302.171875,2370.000
1785156874.002648115,15,303.828125,2410.250
1785156874.002648115,8,305.468750,2434.750
1785156874.002648115,15,307.062500,2482.500
1785156874.002648115,14,308.718750,2546.750
1785156874.002648115,13,310.343750,2587.500
1785156874.002648115,15,313.609375,2723.500
1785156874.002648115,11,316.843750,2882.750
1785156874.002648115,8,318.453125,2945.750
1785156874.002648115,15,347.765625,6917.750
1785156874.002648115,15,349.390625,6900.250
1785156874.113729954,15,351.031250,6869.750
1785156874.113729954,15,352.687500,6858.500
1785156874.113729954,15,354.328125,6863.000
1785156874.113729954,15,355.968750,6828.750
1785156874.113729954,15,357.609375,6811.750
1785156874.113729954,15,359.250000,6821.000
1785156874.113729954,15,0.890625,6835.750
1785156874.113729954,15,2.531250,6867.250
1785156874.113729954,15,4.171875,6897.750
1785156874.113729954,15,5.812500,6933.750
1785156874.113729954,15,7.453125,6942.000
1785156874.113729954,15,9.078125,6974.000
1785156874.113729954,15,17.203125,7295.000
1785156874.113729954,15,26.250000,1348.500
1785156874.113729954,15,46.296875,106.500
1785156874.113729954,14,51.546875,101.750
1785156874.113729954,15,170.125000,1407.500
1785156874.113729954,15,171.750000,1378.000
1785156874.113729954,15,173.406250,1359.000
1785156874.113729954,15,175.093750,1350.250
1785156874.113729954,15,176.687500,1345.500
1785156874.113729954,15,178.312500,1353.250
1785156874.113729954,15,218.546875,3070.500
1785156874.113729954,15,220.203125,2992.250
1785156874.113729954,15,225.156250,2732.500
1785156874.113729954,15,226.812500,2665.750
1785156874.113729954,10,228.468750,2599.500
1785156874.113729954,14,230.078125,2542.000
1785156874.113729954,6,231.750000,2495.250
1785156874.113729954,7,233.390625,2454.250
1785156874.113729954,15,235.046875,2422.250
1785156874.113729954,4,236.687500,2375.000
1785156874.113729954,15,238.328125,2326.000
1785156874.113729954,15,239.984375,2293.750
1785156874.113729954,15,241.625000,2270.750
1785156874.113729954,15,243.234375,2259.250
1785156874.113729954,13,262.937500,2051.250
1785156874.113729954,10,264.625000,2048.500
1785156874.113729954,15,266.234375,2035.750
1785156874.113729954,15,267.875000,2030.000
1785156874.113729954,10,269.531250,2044.750
1785156874.113729954,9,271.140625,2055.000
1785156874.113729954,11,272.781250,2049.250
1785156874.113729954,10,274.406250,2053.250
1785156874.113729954,8,275.984375,2073.250
1785156874.113729954,15,292.234375,2261.000
1785156874.113729954,15,293.859375,2280.250
1785156874.113729954,9,295.453125,2316.750
1785156874.113729954,7,297.078125,2351.750
1785156874.113729954,15,298.765625,2379.500
1785156874.113729954,15,300.421875,2412.000
1785156874.113729954,9,302.031250,2440.500
1785156874.113729954,15,303.656250,2473.000
1785156874.113729954,10,305.296875,2517.500
1785156874.113729954,11,306.921875,2558.250
1785156874.113729954,15,308.546875,2596.000
1785156874.113729954,9,311.781250,2738.250
1785156874.113729954,15,313.406250,2806.250
1785156874.113729954,8,315.031250,2878.750
1785156874.113729954,15,347.562500,6956.500
1785156874.113729954,15,349.203125,6926.500
1785156874.228693962,15,350.843750,6900.000
1785156874.228693962,15,352.484375,6877.500
1785156874.228693962,15,354.140625,6837.750
1785156874.228693962,15,355.765625,6823.500
1785156874.228693962,15,357.421875,6844.000
1785156874.228693962,15,359.031250,6844.750
1785156874.228693962,15,0.687500,6855.000
1785156874.228693962,15,2.328125,6861.500
1785156874.228693962,15,3.953125,6868.250
1785156874.228693962,15,5.593750,6898.500
1785156874.228693962,15,7.234375,6912.750
1785156874.228693962,15,8.875000,6956.000
1785156874.228693962,15,10.437500,7040.250
1785156874.228693962,15,20.234375,7457.750
1785156874.228693962,15,26.062500,1333.750
1785156874.228693962,15,46.703125,106.750
1785156874.228693962,15,48.203125,104.750
1785156874.228693962,15,51.546875,102.000
1785156874.228693962,15,168.218750,1476.000
1785156874.228693962,15,171.593750,1384.500
1785156874.228693962,15,173.203125,1365.750
1785156874.228693962,15,174.843750,1355.750
1785156874.228693962,15,176.453125,1346.750
1785156874.228693962,15,178.078125,1345.750
1785156874.228693962,15,182.906250,1432.000
1785156874.228693962,15,211.718750,3697.750
1785156874.228693962,13,219.953125,3063.750
1785156874.228693962,15,221.640625,2986.500
1785156874.228693962,15,223.281250,2907.500
1785156874.228693962,15,226.640625,2744.500
1785156874.228693962,6,229.921875,2598.000
1785156874.228693962,15,231.562500,2543.250
1785156874.228693962,10,233.234375,2486.250
1785156874.228693962,15,234.859375,2439.500
1785156874.228693962,6,236.500000,2401.500
1785156874.228693962,15,238.171875,2348.250
1785156874.228693962,15,239.843750,2303.250
1785156874.228693962,15,241.484375,2270.000
1785156874.228693962,15,243.125000,2254.500
1785156874.228693962,14,262.843750,2038.000
1785156874.228693962,15,264.468750,2032.250
1785156874.228693962,15,266.140625,2029.000
1785156874.228693962,15,267.781250,2028.750
1785156874.228693962,15,269.421875,2029.000
1785156874.228693962,15,271.046875,2027.250
1785156874.228693962,15,272.703125,2032.500
1785156874.228693962,15,274.343750,2037.500
1785156874.228693962,15,275.890625,2037.750
1785156874.228693962,14,277.500000,2040.750
1785156874.228693962,11,279.109375,2048.750
1785156874.228693962,15,280.765625,2045.000
1785156874.228693962,15,282.406250,2016.250
1785156874.228693962,15,285.640625,2009.500
1785156874.228693962,14,288.906250,2057.500
1785156874.228693962,15,295.343750,2258.250
1785156874.228693962,15,297.000000,2276.500
1785156874.228693962,15,298.703125,2303.250
1785156874.228693962,6,300.328125,2335.500
1785156874.228693962,15,301.968750,2381.250
1785156874.228693962,15,303.578125,2419.500
1785156874.228693962,9,305.234375,2439.750
1785156874.228693962,12,306.859375,2459.500
1785156874.228693962,15,308.484375,2496.250
1785156874.228693962,11,310.125000,2544.750
1785156874.228693962,8,313.328125,2719.000
1785156874.228693962,15,314.968750,2793.250
1785156874.228693962,15,347.500000,6948.750
1785156874.228693962,15,349.125000,6893.500
1785156874.340260029,15,350.765625,6880.250
1785156874.340260029,15,352.406250,6876.500
1785156874.340260029,15,354.031250,6863.000
1785156874.340260029,15,355.671875,6853.750
1785156874.340260029,15,357.312500,6844.500
1785156874.340260029,15,358.937500,6845.000
1785156874.340260029,15,0.593750,6825.750
1785156874.340260029,15,2.234375,6830.500
1785156874.340260029,15,3.859375,6866.750
1785156874.340260029,15,5.500000,6910.250
1785156874.340260029,15,7.140625,6921.250
1785156874.340260029,15,8.781250,6952.000
1785156874.340260029,15,16.859375,7273.000
1785156874.340260029,15,25.937500,1321.750
1785156874.340260029,15,46.625000,106.750
1785156874.340260029,15,47.968750,104.750
1785156874.340260029,15,51.625000,102.250
1785156874.340260029,15,171.453125,1397.500
1785156874.340260029,15,173.062500,1370.000
1785156874.340260029,15,174.703125,1355.250
1785156874.340260029,15,176.390625,1345.750
1785156874.340260029,15,178.062500,1341.500
1785156874.340260029,15,179.609375,1350.000
1785156874.340260029,15,219.906250,3011.000
1785156874.340260029,15,224.890625,2746.500
1785156874.340260029,13,226.531250,2685.500
1785156874.340260029,8,228.187500,2616.500
1785156874.340260029,10,229.843750,2556.750
1785156874.340260029,15,231.468750,2511.750
1785156874.340260029,11,233.125000,2469.500
1785156874.340260029,15,234.781250,2439.500
1785156874.340260029,15,236.421875,2409.500
1785156874.340260029,7,238.046875,2366.750
1785156874.340260029,15,239.703125,2321.750
1785156874.340260029,15,241.390625,2296.000
1785156874.340260029,15,243.000000,2271.250
1785156874.340260029,13,244.625000,2251.250
1785156874.340260029,15,265.953125,2039.000
1785156874.340260029,15,267.593750,2039.250
1785156874.340260029,15,269.203125,2040.250
1785156874.340260029,15,270.843750,2040.500
1785156874.340260029,12,272.500000,2040.000
1785156874.340260029,10,275.703125,2048.250
1785156874.340260029,12,282.281250,2042.000
1785156874.340260029,9,285.531250,2043.500
1785156874.340260029,15,292.000000,2257.750
1785156874.340260029,15,293.625000,2273.250
1785156874.340260029,15,295.250000,2276.500
1785156874.340260029,15,298.625000,2367.500
1785156874.340260029,15,300.250000,2393.750
1785156874.340260029,13,301.906250,2422.250
1785156874.340260029,8,303.515625,2448.750
1785156874.340260029,15,305.140625,2484.500
1785156874.340260029,10,306.781250,2527.250
1785156874.340260029,15,308.406250,2553.250
1785156874.340260029,15,311.687500,2694.750
1785156874.340260029,7,313.296875,2753.000
1785156874.340260029,14,314.906250,2827.000
1785156874.340260029,15,347.468750,6947.250
1785156874.340260029,15,349.109375,6957.000
1785156874.450586081,15,350.765625,6914.250
1785156874.450586081,15,352.390625,6845.000
1785156874.450586081,15,354.046875,6857.250
1785156874.450586081,15,355.671875,6821.750
1785156874.450586081,15,357.312500,6784.000
1785156874.450586081,15,358.953125,6817.750
1785156874.450586081,15,0.593750,6828.500
1785156874.450586081,15,2.234375,6829.250
1785156874.450586081,15,3.875000,6864.500
1785156874.450586081,15,5.515625,6869.250
1785156874.450586081,15,7.156250,6887.250
1785156874.450586081,15,8.781250,6959.250
1785156874.450586081,15,16.906250,7269.500
1785156874.450586081,15,20.156250,7370.750
1785156874.450586081,15,24.343750,1325.500
1785156874.450586081,15,25.921875,1322.750
1785156874.450586081,15,45.890625,106.750
1785156874.450586081,15,47.937500,104.750
1785156874.450586081,15,51.390625,102.250
1785156874.450586081,15,169.843750,1445.500
1785156874.450586081,15,173.125000,1369.750
1785156874.450586081,15,174.781250,1355.000
1785156874.450586081,15,176.421875,1345.000
1785156874.450586081,15,178.078125,1337.500
1785156874.450586081,15,179.750000,1340.250
1785156874.450586081,15,184.531250,1436.500
1785156874.450586081,13,210.156250,3890.250
1785156874.450586081,15,221.734375,2971.500
1785156874.450586081,9,225.078125,2802.250
1785156874.450586081,13,226.718750,2727.750
1785156874.450586081,15,228.328125,2654.000
1785156874.450586081,10,230.015625,2582.000
1785156874.450586081,15,231.656250,2527.000
1785156874.450586081,10,233.312500,2474.750
1785156874.450586081,15,234.953125,2434.000
1785156874.450586081,15,236.593750,2411.000
1785156874.450586081,7,238.250000,2360.250
1785156874.450586081,15,239.906250,2307.000
1785156874.450586081,15,241.531250,2273.750
1785156874.450586081,15,243.187500,2256.750
1785156874.450586081,15,261.234375,2041.250
1785156874.450586081,15,262.859375,2036.000
1785156874.450586081,15,264.500000,2028.000
1785156874.450586081,15,266.125000,2014.000
1785156874.450586081,15,267.765625,2003.250
1785156874.450586081,15,269.406250,2012.500
1785156874.450586081,15,271.031250,2013.250
1785156874.450586081,15,272.687500,2011.250
1785156874.450586081,15,274.328125,2016.750
1785156874.450586081,15,275.906250,2017.000
1785156874.450586081,15,277.546875,2029.750
1785156874.450586081,15,279.171875,2037.000
1785156874.450586081,15,280.796875,2034.000
1785156874.450586081,15,282.468750,2014.250
1785156874.450586081,15,285.718750,2008.250
1785156874.450586081,9,287.312500,2055.250
1785156874.450586081,15,288.953125,2087.500
1785156874.450586081,8,297.062500,2239.250
1785156874.450586081,15,298.843750,2250.750
1785156874.450586081,15,300.453125,2282.500
1785156874.450586081,15,302.078125,2313.250
1785156874.450586081,15,303.718750,2344.000
1785156874.450586081,15,305.375000,2390.250
1785156874.450586081,15,306.968750,2440.500
1785156874.450586081,15,308.593750,2484.750
1785156874.450586081,14,310.265625,2520.000
1785156874.450586081,15,313.515625,2670.250
1785156874.450586081,9,315.125000,2733.250
1785156874.450586081,15,347.656250,6965.500
1785156874.450586081,15,349.296875,6922.750
1785156874.565744877,15,350.937500,6900.750
1785156874.565744877,15,352.578125,6879.250
1785156874.565744877,15,354.218750,6825.750
1785156874.565744877,15,355.859375,6802.000
1785156874.565744877,15,357.500000,6801.750
1785156874.565744877,15,359.156250,6816.250
1785156874.565744877,15,2.421875,6847.250
1785156874.565744877,15,4.062500,6869.000
1785156874.565744877,15,5.703125,6922.500
1785156874.565744877,15,7.343750,6948.250
1785156874.565744877,15,9.000000,6976.250
1785156874.565744877,15,10.546875,7022.750
1785156874.565744877,15,24.578125,1309.250
1785156874.565744877,15,46.421875,106.500
1785156874.565744877,15,49.625000,104.750
1785156874.565744877,15,51.812500,102.000
1785156874.565744877,15,169.968750,1466.500
1785156874.565744877,15,173.281250,1371.500
1785156874.565744877,15,174.953125,1354.250
1785156874.565744877,15,176.593750,1342.500
1785156874.565744877,15,178.218750,1333.500
1785156874.565744877,15,179.890625,1336.500
1785156874.565744877,15,181.546875,1353.250
1785156874.565744877,8,212.015625,3632.500
1785156874.565744877,15,217.000000,3223.250
1785156874.565744877,15,223.609375,2832.000
1785156874.565744877,15,225.265625,2758.750
1785156874.565744877,10,226.843750,2690.500
1785156874.565744877,15,228.515625,2627.250
1785156874.565744877,9,230.156250,2570.500
1785156874.565744877,15,231.796875,2518.000
1785156874.565744877,8,233.437500,2466.750
1785156874.565744877,9,235.062500,2438.250
1785156874.565744877,5,236.750000,2402.000
1785156874.565744877,8,238.375000,2351.250
1785156874.565744877,15,240.015625,2319.000
1785156874.565744877,15,241.656250,2283.500
1785156874.565744877,15,243.281250,2259.000
1785156874.565744877,9,262.984375,2061.000
1785156874.565744877,9,264.625000,2052.000
1785156874.565744877,15,266.250000,2044.000
1785156874.565744877,15,267.921875,2041.250
1785156874.565744877,13,269.546875,2047.250
1785156874.565744877,11,271.171875,2050.000
1785156874.565744877,11,274.453125,2058.250
1785156874.565744877,8,276.062500,2071.250
1785156874.565744877,15,293.984375,2253.750
1785156874.565744877,15,295.593750,2254.000
1785156874.565744877,15,298.953125,2354.000
1785156874.565744877,15,300.593750,2391.500
1785156874.565744877,12,302.203125,2427.500
1785156874.565744877,15,303.875000,2454.000
1785156874.565744877,15,305.468750,2483.750
1785156874.565744877,15,307.125000,2513.750
1785156874.565744877,15,308.750000,2551.000
1785156874.565744877,15,312.015625,2709.750
1785156874.565744877,15,313.640625,2776.750
1785156874.565744877,8,315.265625,2854.250
1785156874.565744877,7,316.859375,2928.250
1785156874.565744877,15,347.843750,6915.750
1785156874.565744877,15,349.484375,6899.500
1785156874.677375078,15,351.125000,6847.500
1785156874.677375078,15,352.781250,6819.750
1785156874.677375078,15,354.406250,6844.250
1785156874.677375078,15,356.062500,6851.000
1785156874.677375078,15,357.703125,6840.500
1785156874.677375078,15,359.343750,6825.500
1785156874.677375078,15,0.984375,6799.500
1785156874.677375078,15,2.625000,6828.000
1785156874.677375078,15,4.265625,6893.250
1785156874.677375078,15,5.921875,6901.000
1785156874.677375078,15,7.546875,6924.250
1785156874.677375078,15,9.203125,6980.250
1785156874.677375078,15,23.171875,1309.500
1785156874.677375078,15,24.781250,1310.500
1785156874.677375078,15,47.859375,106.750
1785156874.677375078,15,50.671875,101.750
1785156874.677375078,15,173.625000,1370.750
1785156874.677375078,15,175.296875,1351.250
1785156874.677375078,15,176.859375,1337.250
1785156874.677375078,15,178.546875,1332.000
1785156874.677375078,15,180.234375,1339.000
1785156874.677375078,15,181.796875,1350.500
1785156874.677375078,15,222.203125,2907.500
1785156874.677375078,15,225.500000,2723.000
1785156874.677375078,15,227.140625,2657.500
1785156874.677375078,8,228.812500,2586.750
1785156874.677375078,15,230.453125,2524.750
1785156874.677375078,10,232.093750,2472.500
1785156874.677375078,15,233.734375,2433.750
1785156874.677375078,6,235.390625,2391.750
1785156874.677375078,12,237.031250,2340.000
1785156874.677375078,15,238.671875,2303.250
1785156874.677375078,15,240.328125,2271.500
1785156874.677375078,9,241.968750,2247.750
1785156874.677375078,10,256.734375,2071.250
1785156874.677375078,15,258.375000,2052.500
1785156874.677375078,15,260.000000,2038.000
1785156874.677375078,15,261.625000,2032.000
1785156874.677375078,15,263.281250,2017.750
1785156874.677375078,15,264.921875,2002.500
1785156874.677375078,15,266.562500,1988.250
1785156874.677375078,15,268.187500,1989.000
1785156874.677375078,15,269.812500,1998.500
1785156874.677375078,15,271.453125,2006.750
1785156874.677375078,15,273.093750,2006.250
1785156874.677375078,15,274.750000,2011.750
1785156874.677375078,15,276.359375,2017.250
1785156874.677375078,15,278.015625,2023.000
1785156874.677375078,15,279.656250,2035.750
1785156874.677375078,14,281.281250,2037.500
1785156874.677375078,15,295.921875,2227.750
1785156874.677375078,15,297.531250,2255.000
1785156874.677375078,15,299.265625,2290.750
1785156874.677375078,15,300.859375,2325.000
1785156874.677375078,15,302.484375,2360.250
1785156874.677375078,15,304.140625,2399.000
1785156874.677375078,15,305.765625,2448.000
1785156874.677375078,15,307.375000,2501.000
1785156874.677375078,10,309.031250,2540.750
1785156874.677375078,12,310.625000,2594.750
1785156874.677375078,15,312.281250,2664.500
1785156874.677375078,7,313.890625,2734.250
1785156874.677375078,15,315.531250,2816.000
1785156874.677375078,8,317.125000,2901.000
1785156874.677375078,15,348.031250,6949.500
1785156874.677375078,15,349.671875,6902.500
1785156874.788444996,15,351.328125,6906.750
1785156874.788444996,15,352.953125,6888.750
1785156874.788444996,15,354.593750,6846.000
1785156874.788444996,15,356.234375,6841.750
1785156874.788444996,15,357.875000,6849.250
1785156874.788444996,15,359.515625,6812.750
1785156874.788444996,15,1.156250,6818.750
1785156874.788444996,15,2.796875,6836.250
1785156874.788444996,15,4.437500,6859.750
1785156874.788444996,15,6.078125,6881.250
1785156874.788444996,15,7.718750,6945.750
1785156874.788444996,15,9.343750,7002.500
1785156874.788444996,15,23.343750,1297.500
1785156874.788444996,15,48.250000,106.250
1785156874.788444996,15,173.781250,1374.000
1785156874.788444996,15,175.406250,1352.250
1785156874.788444996,15,177.015625,1336.500
1785156874.788444996,15,178.671875,1331.250
1785156874.788444996,15,180.375000,1334.750
1785156874.788444996,15,181.968750,1337.000
1785156874.788444996,15,183.593750,1357.500
1785156874.788444996,15,220.625000,3054.250
1785156874.788444996,15,222.281250,2973.500
1785156874.788444996,15,227.203125,2714.250
1785156874.788444996,15,228.859375,2655.250
1785156874.788444996,14,232.171875,2534.000
1785156874.788444996,7,233.812500,2488.250
1785156874.788444996,15,235.453125,2441.000
1785156874.788444996,15,237.078125,2414.250
1785156874.788444996,8,238.718750,2374.000
1785156874.788444996,15,240.359375,2331.000
1785156874.788444996,15,242.015625,2300.750
1785156874.788444996,15,243.687500,2273.250
1785156874.788444996,12,245.281250,2257.250
1785156874.788444996,15,266.718750,2035.500
1785156874.788444996,15,268.359375,2036.000
1785156874.788444996,15,270.000000,2041.500
1785156874.788444996,15,271.609375,2039.750
1785156874.788444996,15,273.265625,2039.500
1785156874.788444996,10,274.828125,2045.750
1785156874.788444996,15,276.453125,2047.500
1785156874.788444996,10,278.125000,2057.750
1785156874.788444996,8,279.734375,2070.500
1785156874.788444996,9,281.375000,2079.250
1785156874.788444996,14,296.000000,2247.750
1785156874.788444996,15,297.640625,2264.500
1785156874.788444996,15,299.359375,2298.250
1785156874.788444996,15,300.984375,2337.500
1785156874.788444996,15,302.593750,2375.000
1785156874.788444996,15,304.203125,2412.000
1785156874.788444996,15,305.859375,2461.250
1785156874.788444996,15,307.484375,2500.250
1785156874.788444996,9,309.125000,2529.500
1785156874.788444996,15,312.359375,2665.750
1785156874.788444996,7,314.000000,2732.500
1785156874.788444996,15,315.609375,2814.000
1785156874.788444996,9,317.218750,2893.250
1785156874.788444996,15,348.203125,6908.000
1785156874.788444996,15,349.828125,6900.750
1785156874.902405024,15,351.484375,6861.750
1785156874.902405024,15,353.125000,6823.250
1785156874.902405024,15,354.765625,6842.500
1785156874.902405024,15,356.421875,6837.500
1785156874.902405024,15,358.046875,6832.500
1785156874.902405024,15,359.687500,6829.500
1785156874.902405024,15,1.328125,6851.750
1785156874.902405024,15,2.968750,6884.500
1785156874.902405024,15,4.609375,6902.250
1785156874.902405024,15,6.265625,6912.750
1785156874.902405024,15,7.890625,6930.750
1785156874.902405024,15,9.546875,6964.000
1785156874.902405024,15,21.781250,1297.250
1785156874.902405024,15,23.468750,1299.250
1785156874.902405024,15,48.343750,106.250
1785156874.902405024,15,173.843750,1385.750
1785156874.902405024,15,175.515625,1355.250
1785156874.902405024,15,177.156250,1336.750
1785156874.902405024,15,178.812500,1332.000
1785156874.902405024,15,180.453125,1339.500
1785156874.902405024,15,182.062500,1344.250
1785156874.902405024,15,183.687500,1353.250
1785156874.902405024,15,219.046875,3053.750
1785156874.902405024,15,223.984375,2774.750
1785156874.902405024,12,227.343750,2618.250
1785156874.902405024,15,228.984375,2560.250
1785156874.902405024,15,230.640625,2513.750
1785156874.902405024,7,232.281250,2468.250
1785156874.902405024,15,233.921875,2433.250
1785156874.902405024,15,237.218750,2328.750
1785156874.902405024,15,238.875000,2295.500
1785156874.902405024,15,240.500000,2268.750
1785156874.902405024,9,242.187500,2246.750
1785156874.902405024,12,258.640625,2057.500
1785156874.902405024,15,260.265625,2042.750
1785156874.902405024,15,261.890625,2037.000
1785156874.902405024,15,263.531250,2033.000
1785156874.902405024,15,265.187500,2024.500
1785156874.902405024,15,266.812500,2013.750
1785156874.902405024,15,268.468750,2011.250
1785156874.902405024,15,270.125000,2012.750
1785156874.902405024,15,271.718750,2012.750
1785156874.902405024,15,273.359375,2018.000
1785156874.902405024,15,274.906250,2034.750
1785156874.902405024,15,276.546875,2041.250
1785156874.902405024,15,278.187500,2039.000
1785156874.902405024,9,279.843750,2050.000
1785156874.902405024,10,281.468750,2065.750
1785156874.902405024,15,294.468750,2254.750
1785156874.902405024,15,296.078125,2274.750
1785156874.902405024,15,297.687500,2298.750
1785156874.902405024,15,299.453125,2326.750
1785156874.902405024,14,301.062500,2364.000
1785156874.902405024,15,302.703125,2407.000
1785156874.902405024,15,304.343750,2451.500
1785156874.902405024,15,305.953125,2490.000
1785156874.902405024,14,307.609375,2538.500
1785156874.902405024,15,309.250000,2586.500
1785156874.902405024,8,312.453125,2734.750
1785156874.902405024,15,314.109375,2804.500
1785156874.902405024,15,346.671875,6997.250
1785156874.902405024,15,348.328125,6937.750
1785156874.902405024,15,349.968750,6874.000
1785156875.014424086,15,351.609375,6891.250
1785156875.014424086,15,353.265625,6905.250
1785156875.014424086,15,354.906250,6866.500
1785156875.014424086,15,356.546875,6830.000
1785156875.014424086,15,358.187500,6830.000
1785156875.014424086,15,359.828125,6826.500
1785156875.014424086,15,1.468750,6840.000
1785156875.014424086,15,3.109375,6867.000
1785156875.014424086,15,4.750000,6905.750
1785156875.014424086,15,6.390625,6931.500
1785156875.014424086,15,8.031250,6935.250
1785156875.014424086,15,9.671875,7010.750
1785156875.014424086,15,21.937500,1284.750
1785156875.014424086,15,48.171875,106.250
1785156875.014424086,15,175.765625,1353.000
1785156875.014424086,15,177.390625,1335.750
1785156875.014424086,15,179.015625,1332.500
1785156875.014424086,15,180.718750,1331.250
1785156875.014424086,15,182.328125,1332.750
1785156875.014424086,15,183.984375,1344.250
1785156875.014424086,10,212.687500,3630.750
1785156875.014424086,14,217.625000,3210.250
1785156875.014424086,15,220.953125,3014.500
1785156875.014424086,15,225.875000,2747.750
1785156875.014424086,15,229.250000,2612.500
1785156875.014424086,8,230.890625,2563.750
1785156875.014424086,15,232.531250,2516.750
1785156875.014424086,9,234.187500,2466.250
1785156875.014424086,15,235.812500,2425.750
1785156875.014424086,6,237.453125,2383.750
1785156875.014424086,15,239.125000,2335.000
1785156875.014424086,15,240.750000,2300.000
1785156875.014424086,15,242.390625,2270.250
1785156875.014424086,14,244.062500,2252.750
1785156875.014424086,15,262.109375,2043.000
1785156875.014424086,15,263.765625,2044.750
1785156875.014424086,15,265.406250,2036.250
1785156875.014424086,15,267.031250,2022.750
1785156875.014424086,15,268.671875,2017.000
1785156875.014424086,15,270.296875,2019.000
1785156875.014424086,15,271.953125,2020.250
1785156875.014424086,15,273.546875,2024.250
1785156875.014424086,15,275.125000,2027.750
1785156875.014424086,15,276.765625,2030.000
1785156875.014424086,15,278.375000,2034.500
1785156875.014424086,15,280.015625,2046.500
1785156875.014424086,15,281.625000,2047.750
1785156875.014424086,15,297.921875,2257.250
1785156875.014424086,15,299.609375,2302.000
1785156875.014424086,15,301.250000,2325.750
1785156875.014424086,11,302.906250,2354.250
1785156875.014424086,15,304.515625,2396.000
1785156875.014424086,6,306.125000,2439.000
1785156875.014424086,14,307.750000,2500.000
1785156875.014424086,13,309.390625,2541.250
1785156875.014424086,15,312.671875,2659.750
1785156875.014424086,10,314.250000,2721.250
1785156875.014424086,8,317.531250,2887.250
1785156875.014424086,15,346.859375,6942.250
1785156875.014424086,15,348.500000,6931.250
1785156875.014424086,15,350.140625,6889.750
1785156875.129431963,15,351.765625,6845.000
1785156875.129431963,15,353.421875,6836.250
1785156875.129431963,15,355.062500,6841.250
1785156875.129431963,15,356.703125,6830.750
1785156875.129431963,15,358.328125,6843.500
1785156875.129431963,15,1.625000,6832.500
1785156875.129431963,15,3.250000,6834.750
1785156875.129431963,15,4.890625,6892.750
1785156875.129431963,15,6.531250,6904.250
1785156875.129431963,15,8.171875,6924.250
1785156875.129431963,15,9.828125,7021.000
1785156875.129431963,15,20.468750,1281.250
1785156875.129431963,15,22.109375,1287.500
1785156875.129431963,15,48.750000,106.000
1785156875.129431963,15,175.859375,1359.000
1785156875.129431963,15,177.593750,1338.750
1785156875.129431963,15,179.125000,1332.250
1785156875.129431963,15,180.796875,1337.000
1785156875.129431963,15,182.406250,1340.250
1785156875.129431963,11,209.578125,3892.000
1785156875.129431963,14,219.468750,3060.500
1785156875.129431963,15,221.140625,2971.000
1785156875.129431963,12,224.437500,2789.750
1785156875.129431963,15,226.093750,2721.250
1785156875.129431963,15,227.750000,2648.000
1785156875.129431963,12,229.375000,2588.250
1785156875.129431963,15,231.015625,2542.250
1785156875.129431963,8,232.671875,2495.000
1785156875.129431963,7,234.312500,2454.000
1785156875.129431963,15,235.953125,2419.500
1785156875.129431963,8,237.593750,2375.250
1785156875.129431963,15,239.250000,2327.000
1785156875.129431963,15,240.906250,2293.750
1785156875.129431963,15,242.546875,2272.250
1785156875.129431963,15,244.203125,2256.000
1785156875.129431963,13,262.156250,2042.250
1785156875.129431963,11,263.796875,2043.750
1785156875.129431963,15,265.453125,2043.000
1785156875.129431963,15,267.062500,2030.000
1785156875.129431963,15,268.703125,2020.000
1785156875.129431963,15,270.343750,2021.750
1785156875.129431963,15,271.984375,2023.250
1785156875.129431963,14,273.625000,2027.500
1785156875.129431963,14,275.187500,2031.250
1785156875.129431963,11,276.812500,2048.500
1785156875.129431963,15,281.687500,2068.750
1785156875.129431963,15,294.671875,2281.000
1785156875.129431963,9,296.281250,2309.500
1785156875.129431963,6,297.937500,2330.500
1785156875.129431963,15,299.718750,2363.000
1785156875.129431963,11,301.328125,2410.000
1785156875.129431963,8,302.968750,2438.500
1785156875.129431963,15,304.578125,2463.250
1785156875.129431963,15,306.250000,2500.250
1785156875.129431963,15,307.875000,2538.250
1785156875.129431963,15,309.500000,2576.000
1785156875.129431963,15,312.750000,2706.000
1785156875.129431963,8,316.015625,2867.500
1785156875.129431963,8,317.640625,2938.500
1785156875.129431963,15,348.500000,6933.500
1785156875.129431963,15,350.140625,6896.250
1785156875.240583897,15,351.796875,6879.250
1785156875.240583897,15,353.421875,6840.500
1785156875.240583897,15,355.062500,6813.000
1785156875.240583897,15,356.703125,6831.250
1785156875.240583897,15,358.343750,6843.000
1785156875.240583897,15,359.953125,6844.000
1785156875.240583897,15,1.609375,6855.500
1785156875.240583897,15,3.250000,6863.250
1785156875.240583897,15,4.875000,6892.750
1785156875.240583897,15,6.515625,6939.500
1785156875.240583897,15,8.156250,6965.250
1785156875.240583897,15,20.515625,1273.000
1785156875.240583897,15,48.046875,105.750
1785156875.240583897,15,175.812500,1369.250
1785156875.240583897,15,177.515625,1342.000
1785156875.240583897,15,179.125000,1329.500
1785156875.240583897,15,180.765625,1334.000
1785156875.240583897,15,182.406250,1339.000
1785156875.240583897,15,185.687500,1348.000
1785156875.240583897,9,209.562500,3876.250
1785156875.240583897,15,219.500000,3046.500
1785156875.240583897,9,222.812500,2854.250
1785156875.240583897,15,224.468750,2785.750
1785156875.240583897,9,226.140625,2717.000
1785156875.240583897,15,229.390625,2561.750
1785156875.240583897,15,231.000000,2512.500
1785156875.240583897,10,232.671875,2466.500
1785156875.240583897,15,234.296875,2438.000
1785156875.240583897,15,237.609375,2333.500
1785156875.240583897,15,239.250000,2299.750
1785156875.240583897,15,240.906250,2270.000
1785156875.240583897,15,242.562500,2249.500
1785156875.240583897,9,255.640625,2075.500
1785156875.240583897,13,257.281250,2061.750
1785156875.240583897,15,258.937500,2046.250
1785156875.240583897,15,260.578125,2034.500
1785156875.240583897,15,262.187500,2036.000
1785156875.240583897,15,263.843750,2028.750
1785156875.240583897,15,265.453125,2015.000
1785156875.240583897,15,267.078125,2014.500
1785156875.240583897,15,268.718750,2017.000
1785156875.240583897,15,270.375000,2019.500
1785156875.240583897,15,272.000000,2021.750
1785156875.240583897,15,273.609375,2025.750
1785156875.240583897,15,275.203125,2030.000
1785156875.240583897,15,276.843750,2034.500
1785156875.240583897,15,278.453125,2038.500
1785156875.240583897,14,280.109375,2045.750
1785156875.240583897,15,281.750000,2062.000
1785156875.240583897,13,293.078125,2245.000
1785156875.240583897,11,294.703125,2261.000
1785156875.240583897,15,296.359375,2261.250
1785156875.240583897,15,297.984375,2291.250
1785156875.240583897,15,299.687500,2339.750
1785156875.240583897,15,301.343750,2366.250
1785156875.240583897,15,302.937500,2406.500
1785156875.240583897,15,304.609375,2459.500
1785156875.240583897,15,306.218750,2500.250
1785156875.240583897,12,307.859375,2541.250
1785156875.240583897,10,309.468750,2576.500
1785156875.240583897,13,312.703125,2710.500
1785156875.240583897,15,314.359375,2787.000
1785156875.240583897,6,315.968750,2869.500
1785156875.240583897,15,346.843750,6882.750
1785156875.240583897,15,348.468750,6932.000
1785156875.240583897,15,350.125000,6899.750
1785156875.352127075,15,351.765625,6884.750
1785156875.352127075,15,353.406250,6840.750
1785156875.352127075,15,355.031250,6849.000
1785156875.352127075,15,356.671875,6871.000
1785156875.352127075,15,358.312500,6844.250
1785156875.352127075,15,359.953125,6844.000
1785156875.352127075,15,1.593750,6860.750
1785156875.352127075,15,3.234375,6874.500
1785156875.352127075,15,4.859375,6900.750
1785156875.352127075,15,6.500000,6945.000
1785156875.352127075,15,8.140625,6967.000
1785156875.352127075,15,18.812500,1273.000
1785156875.352127075,15,20.406250,1274.750
1785156875.352127075,15,48.750000,106.000
1785156875.352127075,15,177.437500,1345.750
1785156875.352127075,15,179.109375,1330.250
1785156875.352127075,15,180.718750,1334.000
1785156875.352127075,15,182.375000,1338.750
1785156875.352127075,15,183.984375,1341.250
1785156875.352127075,11,185.578125,1351.000
1785156875.352127075,15,219.406250,3056.250
1785156875.352127075,15,222.687500,2860.500
1785156875.352127075,10,224.359375,2796.500
1785156875.352127075,15,227.640625,2648.750
1785156875.352127075,8,229.281250,2577.500
1785156875.352127075,15,230.937500,2525.000
1785156875.352127075,8,232.578125,2478.750
1785156875.352127075,15,234.203125,2439.250
1785156875.352127075,5,235.875000,2399.500
1785156875.352127075,6,237.531250,2347.750
1785156875.352127075,15,239.171875,2309.750
1785156875.352127075,15,240.796875,2274.500
1785156875.352127075,12,242.453125,2256.000
1785156875.352127075,13,260.468750,2040.500
1785156875.352127075,14,262.125000,2043.250
1785156875.352127075,15,263.781250,2042.250
1785156875.352127075,15,265.406250,2035.000
1785156875.352127075,15,267.046875,2023.500
1785156875.352127075,15,268.671875,2017.000
1785156875.352127075,15,270.281250,2019.750
1785156875.352127075,15,271.953125,2021.750
1785156875.352127075,15,273.593750,2024.000
1785156875.352127075,15,275.187500,2029.250
1785156875.352127075,15,276.812500,2035.750
1785156875.352127075,13,278.453125,2039.750
1785156875.352127075,15,280.093750,2046.250
1785156875.352127075,15,281.703125,2053.500
1785156875.352127075,10,286.593750,2088.000
1785156875.352127075,15,296.375000,2258.250
1785156875.352127075,15,298.015625,2277.000
1785156875.352127075,6,299.734375,2325.000
1785156875.352127075,15,301.359375,2363.000
1785156875.352127075,11,302.968750,2404.500
1785156875.352127075,13,304.609375,2442.750
1785156875.352127075,15,306.234375,2483.250
1785156875.352127075,8,307.859375,2540.500
1785156875.352127075,15,309.484375,2577.250
1785156875.352127075,8,311.109375,2632.000
1785156875.352127075,15,312.750000,2703.000
1785156875.352127075,15,314.390625,2767.750
1785156875.352127075,15,317.593750,2951.000
1785156875.352127075,15,346.843750,6972.500
1785156875.352127075,15,348.484375,6932.250
1785156875.352127075,15,350.125000,6905.250
1785156875.466815948,15,351.765625,6884.250
1785156875.466815948,15,353.421875,6879.000
1785156875.466815948,15,355.046875,6887.000
1785156875.466815948,15,356.703125,6872.750
1785156875.466815948,15,358.343750,6854.000
1785156875.466815948,15,359.984375,6850.500
1785156875.466815948,15,1.625000,6861.500
1785156875.466815948,15,3.250000,6878.750
1785156875.466815948,15,4.890625,6907.250
1785156875.466815948,15,6.531250,6941.000
1785156875.466815948,15,8.156250,6965.500
1785156875.466815948,15,18.890625,1262.000
1785156875.466815948,15,22.843750,7715.000
1785156875.466815948,15,26.984375,1389.250
1785156875.466815948,15,48.312500,106.000
1785156875.466815948,15,179.125000,1334.250
1785156875.466815948,15,180.671875,1335.000
1785156875.466815948,15,182.328125,1339.500
1785156875.466815948,15,183.968750,1338.500
1785156875.466815948,15,185.578125,1344.500
1785156875.466815948,15,187.203125,1355.000
1785156875.466815948,15,217.734375,3061.750
1785156875.466815948,15,222.718750,2764.500
1785156875.466815948,15,224.359375,2686.500
1785156875.466815948,15,226.000000,2623.000
1785156875.466815948,12,227.625000,2565.750
1785156875.466815948,6,229.296875,2507.750
1785156875.466815948,11,230.921875,2460.750
1785156875.466815948,15,232.562500,2434.500
1785156875.466815948,7,234.187500,2399.250
1785156875.466815948,12,235.859375,2351.500
1785156875.466815948,15,237.515625,2312.000
1785156875.466815948,15,239.140625,2279.000
1785156875.466815948,15,240.781250,2261.500
1785156875.466815948,8,242.421875,2246.250
1785156875.466815948,8,257.203125,2077.250
1785156875.466815948,10,258.890625,2071.250
1785156875.466815948,15,260.515625,2051.500
1785156875.466815948,13,262.125000,2044.250
1785156875.466815948,15,265.421875,2042.750
1785156875.466815948,15,267.062500,2031.000
1785156875.466815948,15,268.656250,2031.500
1785156875.466815948,15,270.296875,2042.750
1785156875.466815948,15,271.937500,2046.000
1785156875.466815948,10,273.562500,2056.500
1785156875.466815948,10,275.203125,2065.500
1785156875.466815948,12,281.718750,2078.750
1785156875.466815948,12,291.468750,2241.500
1785156875.466815948,15,293.125000,2271.250
1785156875.466815948,15,294.734375,2303.000
1785156875.466815948,6,296.328125,2331.750
1785156875.466815948,7,298.000000,2358.500
1785156875.466815948,15,299.703125,2383.000
1785156875.466815948,8,301.328125,2420.250
1785156875.466815948,15,302.953125,2455.750
1785156875.466815948,8,304.593750,2500.750
1785156875.466815948,10,306.218750,2551.750
1785156875.466815948,15,307.859375,2587.500
1785156875.466815948,14,309.484375,2617.500
1785156875.466815948,14,312.734375,2762.250
1785156875.466815948,15,346.906250,6947.750
1785156875.466815948,15,348.562500,6933.500
1785156875.466815948,15,350.203125,6903.250
1785156875.577699184,15,351.828125,6880.250
1785156875.577699184,15,353.468750,6849.000
1785156875.577699184,15,355.109375,6821.500
1785156875.577699184,15,356.765625,6837.500
1785156875.577699184,15,358.390625,6820.250
1785156875.577699184,15,0.046875,6810.250
1785156875.577699184,15,1.671875,6830.500
1785156875.577699184,15,3.328125,6845.750
1785156875.577699184,15,4.953125,6902.000
1785156875.577699184,15,6.593750,6935.000
1785156875.577699184,15,8.250000,6957.750
1785156875.577699184,15,9.875000,7027.250
1785156875.577699184,15,17.312500,1264.500
1785156875.577699184,15,18.953125,1266.250
1785156875.577699184,15,26.968750,1371.000
1785156875.577699184,15,47.109375,106.000
1785156875.577699184,15,179.171875,1342.250
1785156875.577699184,15,180.796875,1339.500
1785156875.577699184,11,182.406250,1339.500
1785156875.577699184,15,184.078125,1337.000
1785156875.577699184,15,185.718750,1341.250
1785156875.577699184,8,187.359375,1354.250
1785156875.577699184,10,188.906250,1381.000
1785156875.577699184,15,190.546875,1411.750
1785156875.577699184,12,216.125000,3225.000
1785156875.577699184,15,224.375000,2736.750
1785156875.577699184,8,226.046875,2676.500
1785156875.577699184,15,229.296875,2537.500
1785156875.577699184,9,230.937500,2480.250
1785156875.577699184,11,232.609375,2438.250
1785156875.577699184,15,234.234375,2412.250
1785156875.577699184,8,235.890625,2364.000
1785156875.577699184,15,237.546875,2313.500
1785156875.577699184,15,239.171875,2278.250
1785156875.577699184,15,240.812500,2260.000
1785156875.577699184,12,253.968750,2062.750
1785156875.577699184,13,255.609375,2045.000
1785156875.577699184,14,257.250000,2041.750
1785156875.577699184,15,258.859375,2032.750
1785156875.577699184,15,260.531250,2023.000
1785156875.577699184,15,262.156250,2017.500
1785156875.577699184,15,263.781250,2010.250
1785156875.577699184,15,265.421875,2002.750
1785156875.577699184,15,267.093750,1993.000
1785156875.577699184,15,268.703125,1990.250
1785156875.577699184,15,270.328125,2000.500
1785156875.577699184,15,271.953125,2002.000
1785156875.577699184,15,273.593750,2006.250
1785156875.577699184,15,275.218750,2017.000
1785156875.577699184,15,276.812500,2027.500
1785156875.577699184,15,278.468750,2036.750
1785156875.577699184,15,280.109375,2043.500
1785156875.577699184,15,281.750000,2053.750
1785156875.577699184,11,294.718750,2256.000
1785156875.577699184,15,296.343750,2275.000
1785156875.577699184,6,297.984375,2314.500
1785156875.577699184,7,299.671875,2356.250
1785156875.577699184,15,301.281250,2385.250
1785156875.577699184,10,302.937500,2420.250
1785156875.577699184,15,304.531250,2466.500
1785156875.577699184,8,306.171875,2517.500
1785156875.577699184,15,307.812500,2576.750
1785156875.577699184,15,309.453125,2614.750
1785156875.577699184,15,311.078125,2657.500
1785156875.577699184,8,312.671875,2726.500
1785156875.577699184,15,315.937500,2898.000
1785156875.577699184,15,346.890625,6957.250
1785156875.577699184,15,348.515625,6941.750
1785156875.577699184,15,350.171875,6907.000
1785156875.689006090,15,351.796875,6878.750
1785156875.689006090,15,353.453125,6869.250
1785156875.689006090,15,355.093750,6848.750
1785156875.689006090,15,356.734375,6844.000
1785156875.689006090,15,358.375000,6859.500
1785156875.689006090,15,0.015625,6849.000
1785156875.689006090,15,1.656250,6862.250
1785156875.689006090,15,3.296875,6881.750
1785156875.689006090,15,4.937500,6905.000
1785156875.689006090,15,6.578125,6937.500
1785156875.689006090,15,8.218750,6968.750
1785156875.689006090,15,9.859375,7031.250
1785156875.689006090,15,17.328125,1256.250
1785156875.689006090,15,26.968750,1343.250
1785156875.689006090,15,46.875000,108.250
1785156875.689006090,15,48.718750,105.750
1785156875.689006090,15,179.140625,1348.750
1785156875.689006090,15,180.843750,1336.500
1785156875.689006090,15,182.468750,1337.250
1785156875.689006090,15,184.125000,1341.000
1785156875.689006090,15,185.765625,1344.000
1785156875.689006090,15,187.328125,1349.250
1785156875.689006090,15,189.031250,1360.000
1785156875.689006090,13,190.640625,1382.750
1785156875.689006090,10,209.562500,3867.000
1785156875.689006090,15,217.812500,3169.250
1785156875.689006090,15,224.421875,2787.000
1785156875.689006090,15,226.046875,2725.500
1785156875.689006090,15,227.687500,2663.250
1785156875.689006090,10,229.343750,2594.000
1785156875.689006090,15,231.000000,2541.250
1785156875.689006090,8,232.640625,2496.500
1785156875.689006090,9,234.265625,2453.750
1785156875.689006090,15,235.921875,2421.500
1785156875.689006090,8,237.593750,2376.000
1785156875.689006090,15,239.250000,2326.500
1785156875.689006090,15,240.890625,2296.250
1785156875.689006090,15,242.515625,2266.750
1785156875.689006090,13,244.156250,2248.000
1785156875.689006090,10,262.265625,2054.000
1785156875.689006090,10,263.859375,2045.750
1785156875.689006090,15,265.531250,2044.250
1785156875.689006090,15,267.156250,2036.000
1785156875.689006090,15,268.781250,2030.500
1785156875.689006090,15,270.421875,2029.750
1785156875.689006090,15,272.078125,2031.000
1785156875.689006090,15,273.703125,2033.750
1785156875.689006090,15,275.312500,2038.500
1785156875.689006090,13,276.953125,2041.500
1785156875.689006090,11,278.578125,2041.750
1785156875.689006090,15,280.203125,2042.500
1785156875.689006090,14,281.828125,2057.250
1785156875.689006090,15,283.453125,2040.250
1785156875.689006090,11,285.093750,2041.750
1785156875.689006090,12,293.187500,2229.750
1785156875.689006090,15,294.859375,2254.500
1785156875.689006090,15,296.484375,2272.500
1785156875.689006090,15,298.109375,2282.250
1785156875.689006090,6,299.828125,2309.500
1785156875.689006090,15,301.421875,2368.500
1785156875.689006090,15,303.062500,2400.250
1785156875.689006090,11,304.703125,2424.750
1785156875.689006090,11,306.312500,2485.000
1785156875.689006090,15,307.953125,2545.000
1785156875.689006090,12,309.578125,2574.750
1785156875.689006090,15,312.828125,2700.750
1785156875.689006090,15,314.453125,2772.000
1785156875.689006090,8,316.062500,2854.250
1785156875.689006090,15,317.718750,2944.250
1785156875.689006090,15,348.671875,6942.000
1785156875.803237915,15,350.312500,6894.000
1785156875.803237915,15,351.968750,6852.250
1785156875.803237915,15,353.593750,6841.750
1785156875.803237915,15,355.234375,6831.250
1785156875.803237915,15,356.890625,6843.750
1785156875.803237915,15,358.531250,6854.750
1785156875.803237915,15,0.171875,6845.250
1785156875.803237915,15,1.796875,6840.000
1785156875.803237915,15,3.437500,6877.250
1785156875.803237915,15,5.078125,6921.750
1785156875.803237915,15,6.734375,6961.000
1785156875.803237915,15,8.359375,6986.500
1785156875.803237915,15,10.015625,7024.000
1785156875.803237915,15,17.390625,1261.000
1785156875.803237915,15,45.781250,107.500
1785156875.803237915,15,48.656250,105.500
1785156875.803237915,15,179.328125,1362.500
1785156875.803237915,15,180.921875,1347.500
1785156875.803237915,14,182.578125,1337.250
1785156875.803237915,15,184.187500,1336.500
1785156875.803237915,15,185.828125,1340.750
1785156875.803237915,15,187.500000,1337.000
1785156875.803237915,15,189.125000,1342.000
1785156875.803237915,9,209.671875,3905.000
1785156875.803237915,15,217.921875,3159.000
1785156875.803237915,15,224.515625,2785.250
1785156875.803237915,15,227.890625,2631.250
1785156875.803237915,7,229.515625,2567.000
1785156875.803237915,15,231.156250,2519.000
1785156875.803237915,10,232.812500,2472.750
1785156875.803237915,10,234.453125,2438.750
1785156875.803237915,6,236.109375,2408.250
1785156875.803237915,15,237.765625,2353.000
1785156875.803237915,15,239.406250,2303.750
1785156875.803237915,15,241.046875,2273.000
1785156875.803237915,14,242.703125,2258.250
1785156875.803237915,14,260.765625,2051.500
1785156875.803237915,15,262.375000,2045.000
1785156875.803237915,15,264.078125,2042.250
1785156875.803237915,15,265.687500,2032.750
1785156875.803237915,15,267.343750,2030.500
1785156875.803237915,15,268.984375,2034.000
1785156875.803237915,15,270.578125,2032.500
1785156875.803237915,15,272.250000,2032.000
1785156875.803237915,15,273.890625,2035.000
1785156875.803237915,12,275.468750,2038.750
1785156875.803237915,13,277.093750,2048.500
1785156875.803237915,10,278.718750,2050.750
1785156875.803237915,15,280.375000,2042.250
1785156875.803237915,15,281.968750,2054.500
1785156875.803237915,11,285.250000,2069.500
1785156875.803237915,15,294.984375,2261.000
1785156875.803237915,15,296.609375,2274.750
1785156875.803237915,15,298.250000,2283.250
1785156875.803237915,4,300.000000,2319.000
1785156875.803237915,15,301.593750,2375.250
1785156875.803237915,15,303.250000,2411.750
1785156875.803237915,6,304.875000,2442.750
1785156875.803237915,15,306.515625,2479.750
1785156875.803237915,9,308.125000,2536.250
1785156875.803237915,12,309.781250,2576.500
1785156875.803237915,9,311.390625,2623.000
1785156875.803237915,15,313.031250,2698.000
1785156875.803237915,15,314.656250,2767.500
1785156875.803237915,12,316.265625,2842.500
1785156875.803237915,15,317.906250,2927.000
1785156875.803237915,15,348.843750,6957.750
1785156875.915270805,15,350.484375,6875.750
1785156875.915270805,15,352.125000,6849.500
1785156875.915270805,15,353.781250,6868.250
1785156875.915270805,15,355.406250,6875.250
1785156875.915270805,15,357.046875,6851.000
1785156875.915270805,15,1.968750,6903.750
1785156875.915270805,15,3.609375,6916.750
1785156875.915270805,15,5.265625,6899.500
1785156875.915270805,15,6.890625,6897.750
1785156875.915270805,15,8.531250,6944.750
1785156875.915270805,15,10.156250,7024.750
1785156875.915270805,15,16.031250,1258.250
1785156875.915270805,15,17.578125,1257.500
1785156875.915270805,15,46.953125,107.250
1785156875.915270805,15,48.390625,105.250
1785156875.915270805,15,50.218750,102.750
1785156875.915270805,15,181.171875,1336.250
1785156875.915270805,15,182.750000,1333.250
1785156875.915270805,15,184.453125,1333.500
1785156875.915270805,15,186.093750,1336.000
1785156875.915270805,15,187.703125,1343.750
1785156875.915270805,15,219.812500,3048.500
1785156875.915270805,15,224.765625,2751.000
1785156875.915270805,9,226.406250,2691.000
1785156875.915270805,11,228.093750,2622.250
1785156875.915270805,10,229.765625,2561.250
1785156875.915270805,15,231.390625,2519.000
1785156875.915270805,7,233.031250,2469.500
1785156875.915270805,15,234.687500,2431.750
1785156875.915270805,7,236.343750,2405.750
1785156875.915270805,6,237.984375,2363.750
1785156875.915270805,15,239.640625,2320.000
1785156875.915270805,15,241.281250,2284.750
1785156875.915270805,15,242.906250,2260.750
1785156875.915270805,10,244.578125,2242.000
1785156875.915270805,12,264.265625,2038.500
1785156875.915270805,15,265.875000,2032.750
1785156875.915270805,15,267.546875,2032.000
1785156875.915270805,15,269.171875,2036.750
1785156875.915270805,15,270.812500,2037.250
1785156875.915270805,15,272.421875,2040.250
1785156875.915270805,15,274.046875,2039.250
1785156875.915270805,15,275.640625,2047.500
1785156875.915270805,9,277.312500,2058.500
1785156875.915270805,8,280.578125,2053.000
1785156875.915270805,15,282.203125,2055.750
1785156875.915270805,8,285.468750,2064.250
1785156875.915270805,13,293.546875,2260.750
1785156875.915270805,15,295.187500,2276.000
1785156875.915270805,15,296.843750,2289.000
1785156875.915270805,4,298.468750,2322.000
1785156875.915270805,15,300.234375,2365.750
1785156875.915270805,15,301.843750,2406.750
1785156875.915270805,13,303.515625,2444.500
1785156875.915270805,9,305.109375,2460.000
1785156875.915270805,14,306.765625,2503.750
1785156875.915270805,9,308.359375,2554.000
1785156875.915270805,15,310.000000,2587.750
1785156875.915270805,11,313.265625,2731.750
1785156875.915270805,15,314.890625,2797.750
1785156875.915270805,8,316.531250,2874.000
1785156875.915270805,11,321.406250,3148.750
1785156875.915270805,15,347.437500,6934.000
1785156875.915270805,15,349.078125,6945.750
1785156876.026211977,15,350.718750,6908.250
1785156876.026211977,15,352.359375,6888.250
1785156876.026211977,15,354.015625,6869.500
1785156876.026211977,15,355.656250,6864.500
1785156876.026211977,15,357.281250,6862.250
1785156876.026211977,15,358.921875,6857.500
1785156876.026211977,15,0.562500,6836.250
1785156876.026211977,15,2.203125,6838.500
1785156876.026211977,15,3.843750,6868.750
1785156876.026211977,15,5.484375,6912.750
1785156876.026211977,15,7.125000,6970.000
1785156876.026211977,15,17.890625,1243.250
1785156876.026211977,15,46.687500,106.750
1785156876.026211977,15,49.109375,104.750
1785156876.026211977,15,50.781250,102.000
1785156876.026211977,15,179.781250,1371.750
1785156876.026211977,15,181.390625,1348.750
1785156876.026211977,15,183.062500,1341.250
1785156876.026211977,15,184.656250,1336.250
1785156876.026211977,15,186.328125,1337.750
1785156876.026211977,15,187.984375,1343.250
1785156876.026211977,8,189.562500,1352.250
1785156876.026211977,15,191.234375,1367.250
1785156876.026211977,15,192.828125,1397.000
1785156876.026211977,5,211.859375,3644.250
1785156876.026211977,15,220.125000,3014.750
1785156876.026211977,14,225.078125,2726.250
1785156876.026211977,13,226.718750,2659.500
1785156876.026211977,11,228.359375,2604.250
1785156876.026211977,14,230.000000,2549.000
1785156876.026211977,8,231.640625,2495.250
1785156876.026211977,12,233.296875,2454.000
1785156876.026211977,15,234.921875,2431.500
1785156876.026211977,10,236.546875,2390.500
1785156876.026211977,11,238.203125,2341.250
1785156876.026211977,15,239.843750,2304.750
1785156876.026211977,15,241.484375,2272.000
1785156876.026211977,14,243.156250,2255.250
1785156876.026211977,15,262.796875,2043.500
1785156876.026211977,15,264.453125,2032.250
1785156876.026211977,15,266.093750,2021.250
1785156876.026211977,15,267.703125,2022.500
1785156876.026211977,15,269.359375,2032.000
1785156876.026211977,15,271.000000,2018.750
1785156876.026211977,15,272.609375,2013.750
1785156876.026211977,15,274.265625,2019.250
1785156876.026211977,15,275.921875,2027.250
1785156876.026211977,14,277.515625,2038.750
1785156876.026211977,10,279.171875,2038.750
1785156876.026211977,15,280.796875,2034.500
1785156876.026211977,15,282.437500,2043.250
1785156876.026211977,15,285.703125,2048.250
1785156876.026211977,15,295.453125,2246.250
1785156876.026211977,15,297.078125,2274.000
1785156876.026211977,15,298.828125,2308.000
1785156876.026211977,9,300.437500,2344.250
1785156876.026211977,7,302.093750,2372.000
1785156876.026211977,8,303.703125,2408.750
1785156876.026211977,15,305.343750,2445.750
1785156876.026211977,11,306.968750,2491.250
1785156876.026211977,11,308.609375,2549.500
1785156876.026211977,15,310.234375,2592.000
1785156876.026211977,15,311.875000,2650.000
1785156876.026211977,15,313.484375,2720.250
1785156876.026211977,7,316.750000,2884.250
1785156876.026211977,9,320.015625,3056.500
1785156876.026211977,15,347.625000,7001.000
1785156876.026211977,15,349.265625,6952.750
1785156876.141057014,15,350.906250,6898.750
1785156876.141057014,15,352.546875,6916.000
1785156876.141057014,15,354.187500,6892.250
1785156876.141057014,15,355.828125,6837.250
1785156876.141057014,15,357.468750,6859.250
1785156876.141057014,15,359.109375,6897.750
1785156876.141057014,15,0.750000,6884.500
1785156876.141057014,15,2.375000,6865.750
1785156876.141057014,15,4.015625,6877.500
1785156876.141057014,15,5.656250,6902.250
1785156876.141057014,15,7.296875,6958.000
1785156876.141057014,15,8.937500,7003.000
1785156876.141057014,15,10.562500,7021.000
1785156876.141057014,15,19.750000,1208.250
1785156876.141057014,15,21.312500,1215.250
1785156876.141057014,11,25.281250,7933.750
1785156876.141057014,15,46.359375,106.500
1785156876.141057014,15,49.953125,104.750
1785156876.141057014,15,50.953125,102.000
1785156876.141057014,9,181.656250,1355.750
1785156876.141057014,15,183.328125,1346.250
1785156876.141057014,15,184.953125,1341.250
1785156876.141057014,15,186.578125,1336.750
1785156876.141057014,15,188.281250,1334.250
1785156876.141057014,15,189.890625,1345.000
1785156876.141057014,15,191.484375,1361.000
1785156876.141057014,15,193.140625,1386.750
1785156876.141057014,15,217.062500,3222.250
1785156876.141057014,15,220.375000,3024.750
1785156876.141057014,15,225.328125,2743.250
1785156876.141057014,15,226.921875,2672.250
1785156876.141057014,15,228.562500,2611.250
1785156876.141057014,12,230.203125,2559.750
1785156876.141057014,15,231.828125,2514.250
1785156876.141057014,14,233.484375,2469.500
1785156876.141057014,15,235.109375,2439.500
1785156876.141057014,15,236.781250,2403.250
1785156876.141057014,10,238.421875,2353.250
1785156876.141057014,15,240.078125,2318.500
1785156876.141057014,15,241.687500,2283.750
1785156876.141057014,15,243.343750,2260.000
1785156876.141057014,13,263.093750,2043.500
1785156876.141057014,15,264.718750,2040.250
1785156876.141057014,15,266.390625,2031.500
1785156876.141057014,15,267.984375,2026.000
1785156876.141057014,15,269.640625,2033.000
1785156876.141057014,15,271.265625,2035.000
1785156876.141057014,15,272.890625,2036.250
1785156876.141057014,13,274.546875,2040.500
1785156876.141057014,15,276.171875,2039.000
1785156876.141057014,8,277.796875,2043.250
1785156876.141057014,15,282.687500,2051.500
1785156876.141057014,15,295.718750,2269.000
1785156876.141057014,15,297.390625,2293.250
1785156876.141057014,8,299.078125,2319.500
1785156876.141057014,5,300.734375,2357.500
1785156876.141057014,15,302.328125,2398.000
1785156876.141057014,9,303.953125,2428.500
1785156876.141057014,13,305.609375,2458.750
1785156876.141057014,8,307.250000,2502.250
1785156876.141057014,15,308.828125,2562.500
1785156876.141057014,15,310.468750,2611.750
1785156876.141057014,15,312.140625,2661.250
1785156876.141057014,9,313.750000,2725.250
1785156876.141057014,15,315.359375,2800.750
1785156876.141057014,6,316.984375,2880.500
1785156876.141057014,15,318.625000,2962.750
1785156876.141057014,15,347.921875,6987.250
1785156876.141057014,15,349.546875,6950.250
1785156876.252775908,15,351.187500,6923.250
1785156876.252775908,15,352.828125,6884.500
1785156876.252775908,15,354.468750,6851.250
1785156876.252775908,15,356.125000,6850.750
1785156876.252775908,15,357.750000,6837.250
1785156876.252775908,15,359.406250,6828.750
1785156876.252775908,15,1.031250,6869.750
1785156876.252775908,15,2.671875,6875.750
1785156876.252775908,15,4.312500,6870.750
1785156876.252775908,15,5.953125,6900.500
1785156876.252775908,15,7.593750,6967.750
1785156876.252775908,15,9.218750,7023.500
1785156876.252775908,15,10.875000,7037.250
1785156876.252775908,15,25.015625,1203.000
1785156876.252775908,15,26.578125,1208.750
1785156876.252775908,15,47.453125,106.750
1785156876.252775908,15,50.843750,101.250
1785156876.252775908,15,183.640625,1340.500
1785156876.252775908,15,185.312500,1343.500
1785156876.252775908,15,186.953125,1344.000
1785156876.252775908,15,188.578125,1348.500
1785156876.252775908,15,191.796875,1362.250
1785156876.252775908,15,193.390625,1388.250
1785156876.252775908,6,212.406250,3617.000
1785156876.252775908,15,217.390625,3202.250
1785156876.252775908,9,224.015625,2804.000
1785156876.252775908,9,225.640625,2729.750
1785156876.252775908,14,227.281250,2663.500
1785156876.252775908,15,230.578125,2527.500
1785156876.252775908,10,232.203125,2481.250
1785156876.252775908,10,233.859375,2436.250
1785156876.252775908,6,235.515625,2405.250
1785156876.252775908,6,237.187500,2360.250
1785156876.252775908,15,238.812500,2314.000
1785156876.252775908,15,240.437500,2276.750
1785156876.252775908,9,242.109375,2251.000
1785156876.252775908,12,253.609375,2067.500
1785156876.252775908,14,255.250000,2051.750
1785156876.252775908,15,256.906250,2036.500
1785156876.252775908,15,258.546875,2021.500
1785156876.252775908,15,260.187500,2013.500
1785156876.252775908,15,261.843750,2001.500
1785156876.252775908,15,263.453125,1998.500
1785156876.252775908,15,265.093750,2001.000
1785156876.252775908,15,266.718750,1988.750
1785156876.252775908,15,268.375000,1989.500
1785156876.252775908,15,270.015625,1993.750
1785156876.252775908,15,271.656250,1991.750
1785156876.252775908,15,273.296875,1991.500
1785156876.252775908,15,274.875000,1996.750
1785156876.252775908,15,276.562500,1994.250
1785156876.252775908,15,278.125000,2005.750
1785156876.252775908,15,279.796875,2028.000
1785156876.252775908,13,281.437500,2036.250
1785156876.252775908,15,283.093750,2031.500
1785156876.252775908,15,297.687500,2264.250
1785156876.252775908,11,299.375000,2293.750
1785156876.252775908,5,301.015625,2331.750
1785156876.252775908,12,302.640625,2354.750
1785156876.252775908,7,305.921875,2449.250
1785156876.252775908,10,307.531250,2499.000
1785156876.252775908,15,309.171875,2561.500
1785156876.252775908,15,310.796875,2605.750
1785156876.252775908,7,312.421875,2656.250
1785156876.252775908,10,314.046875,2722.500
1785156876.252775908,8,317.281250,2891.750
1785156876.252775908,10,318.906250,2966.250
1785156876.252775908,15,348.234375,6998.750
1785156876.252775908,15,349.875000,6986.500
1785156876.367605925,15,351.531250,6942.500
1785156876.367605925,15,353.171875,6902.500
1785156876.367605925,15,354.812500,6898.500
1785156876.367605925,15,356.453125,6869.250
1785156876.367605925,15,359.734375,6835.500
1785156876.367605925,15,1.375000,6853.250
1785156876.367605925,15,3.031250,6875.500
1785156876.367605925,15,4.656250,6907.000
1785156876.367605925,15,6.296875,6930.000
1785156876.367605925,15,7.937500,6989.500
1785156876.367605925,15,9.578125,7023.500
1785156876.367605925,15,17.718750,7509.000
1785156876.367605925,15,48.140625,106.000
1785156876.367605925,15,182.218750,1373.500
1785156876.367605925,15,183.812500,1349.500
1785156876.367605925,15,185.453125,1346.750
1785156876.367605925,15,187.109375,1346.250
1785156876.367605925,15,188.765625,1341.500
1785156876.367605925,15,190.468750,1342.000
1785156876.367605925,15,192.046875,1360.500
1785156876.367605925,15,193.640625,1388.250
1785156876.367605925,15,195.265625,1420.750
1785156876.367605925,15,217.609375,3146.000
1785156876.367605925,15,219.265625,3062.250
1785156876.367605925,15,224.218750,2771.000
1785156876.367605925,11,225.875000,2703.250
1785156876.367605925,15,227.500000,2636.500
1785156876.367605925,9,229.156250,2574.250
1785156876.367605925,15,230.812500,2525.000
1785156876.367605925,9,232.437500,2480.000
1785156876.367605925,10,234.078125,2442.500
1785156876.367605925,7,235.718750,2410.750
1785156876.367605925,10,237.375000,2364.000
1785156876.367605925,15,239.031250,2319.500
1785156876.367605925,15,240.687500,2278.250
1785156876.367605925,13,242.296875,2257.000
1785156876.367605925,8,255.500000,2054.750
1785156876.367605925,15,257.125000,2043.750
1785156876.367605925,15,258.796875,2032.250
1785156876.367605925,15,260.390625,2024.000
1785156876.367605925,15,262.062500,2019.250
1785156876.367605925,15,263.687500,2011.250
1785156876.367605925,15,265.328125,2010.250
1785156876.367605925,15,266.968750,2010.250
1785156876.367605925,15,268.609375,2009.500
1785156876.367605925,15,270.234375,2011.500
1785156876.367605925,15,271.875000,2006.250
1785156876.367605925,15,273.531250,2008.250
1785156876.367605925,15,275.109375,2014.500
1785156876.367605925,15,276.718750,2010.750
1785156876.367605925,15,278.375000,2023.500
1785156876.367605925,15,279.968750,2043.750
1785156876.367605925,15,281.625000,2053.000
1785156876.367605925,15,283.281250,2045.750
1785156876.367605925,13,296.234375,2249.750
1785156876.367605925,15,297.890625,2260.000
1785156876.367605925,15,299.578125,2292.000
1785156876.367605925,11,301.218750,2316.000
1785156876.367605925,15,302.843750,2340.000
1785156876.367605925,15,304.468750,2378.750
1785156876.367605925,8,306.093750,2435.500
1785156876.367605925,11,307.718750,2503.000
1785156876.367605925,10,309.343750,2559.000
1785156876.367605925,10,310.968750,2611.500
1785156876.367605925,15,312.578125,2677.750
1785156876.367605925,9,314.203125,2740.750
1785156876.367605925,8,317.468750,2892.250
1785156876.367605925,15,348.453125,6949.750
1785156876.367605925,15,350.078125,6906.500
1785156876.478452921,15,351.718750,6881.000
1785156876.478452921,15,353.359375,6864.500
1785156876.478452921,15,355.031250,6852.250
1785156876.478452921,15,356.656250,6843.000
1785156876.478452921,15,358.296875,6847.000
1785156876.478452921,15,359.953125,6845.750
1785156876.478452921,15,1.593750,6862.250
1785156876.478452921,15,3.218750,6881.250
1785156876.478452921,15,4.875000,6936.750
1785156876.478452921,15,6.500000,6973.500
1785156876.478452921,15,19.500000,7648.750
1785156876.478452921,15,21.140625,7621.000
1785156876.478452921,15,48.171875,105.750
1785156876.478452921,15,176.625000,9581.000
1785156876.478452921,15,184.015625,1343.250
1785156876.478452921,15,185.703125,1332.250
1785156876.478452921,15,187.343750,1332.750
1785156876.478452921,15,188.953125,1340.750
1785156876.478452921,15,190.578125,1354.250
1785156876.478452921,15,193.875000,1373.500
1785156876.478452921,8,219.406250,3085.250
1785156876.478452921,15,221.062500,2997.750
1785156876.478452921,15,226.046875,2727.000
1785156876.478452921,13,227.718750,2664.750
1785156876.478452921,8,229.375000,2595.500
1785156876.478452921,11,231.031250,2541.750
1785156876.478452921,8,232.640625,2497.250
1785156876.478452921,9,234.312500,2454.250
1785156876.478452921,15,235.968750,2422.250
1785156876.478452921,7,237.625000,2385.250
1785156876.478452921,8,239.250000,2336.500
1785156876.478452921,15,240.875000,2297.250
1785156876.478452921,15,242.546875,2268.000
1785156876.478452921,10,244.187500,2249.250
1785156876.478452921,15,259.000000,2048.250
1785156876.478452921,15,260.656250,2036.250
1785156876.478452921,15,262.328125,2039.250
1785156876.478452921,15,263.937500,2043.250
1785156876.478452921,15,265.609375,2035.500
1785156876.478452921,15,267.265625,2028.500
1785156876.478452921,15,268.859375,2024.000
1785156876.478452921,15,270.515625,2022.500
1785156876.478452921,15,272.140625,2028.500
1785156876.478452921,15,273.812500,2030.250
1785156876.478452921,15,275.375000,2035.250
1785156876.478452921,15,277.015625,2028.000
1785156876.478452921,15,278.625000,2029.500
1785156876.478452921,15,280.265625,2041.250
1785156876.478452921,11,281.875000,2054.750
1785156876.478452921,15,283.562500,2040.000
1785156876.478452921,10,285.171875,2045.250
1785156876.478452921,11,286.765625,2092.000
1785156876.478452921,10,296.531250,2257.000
1785156876.478452921,15,298.203125,2269.250
1785156876.478452921,15,299.875000,2298.250
1785156876.478452921,15,301.468750,2322.500
1785156876.478452921,15,303.125000,2349.250
1785156876.478452921,15,304.765625,2384.750
1785156876.478452921,12,306.390625,2432.000
1785156876.478452921,15,307.984375,2482.250
1785156876.478452921,15,309.640625,2542.500
1785156876.478452921,15,311.265625,2605.250
1785156876.478452921,15,312.875000,2661.000
1785156876.478452921,14,314.515625,2719.750
1785156876.478452921,15,316.140625,2780.750
1785156876.478452921,8,317.750000,2856.250
1785156876.478452921,15,319.359375,2942.750
1785156876.478452921,15,348.656250,6969.500
1785156876.589432001,15,350.328125,6926.500
1785156876.589432001,15,351.968750,6851.250
1785156876.589432001,15,353.593750,6841.250
1785156876.589432001,15,355.234375,6830.250
1785156876.589432001,15,356.890625,6840.000
1785156876.589432001,15,358.515625,6851.750
1785156876.589432001,15,0.156250,6843.750
1785156876.589432001,15,1.796875,6842.750
1785156876.589432001,15,3.437500,6875.750
1785156876.589432001,15,5.062500,6919.500
1785156876.589432001,15,6.718750,6959.000
1785156876.589432001,15,8.343750,6986.250
1785156876.589432001,15,9.984375,7026.250
1785156876.589432001,15,21.375000,7600.000
1785156876.589432001,15,46.250000,108.000
1785156876.589432001,15,48.984375,105.750
1785156876.589432001,15,184.234375,1358.250
1785156876.589432001,15,185.843750,1347.000
1785156876.589432001,15,187.484375,1342.000
1785156876.589432001,15,189.140625,1342.750
1785156876.589432001,15,190.796875,1346.250
1785156876.589432001,10,192.406250,1360.750
1785156876.589432001,15,194.031250,1372.000
1785156876.589432001,10,209.703125,3886.250
1785156876.589432001,15,217.953125,3164.500
1785156876.589432001,15,222.906250,2876.500
1785156876.589432001,15,224.562500,2797.250
1785156876.589432001,12,227.890625,2651.000
1785156876.589432001,15,231.203125,2522.500
1785156876.589432001,10,232.859375,2477.000
1785156876.589432001,9,234.484375,2441.500
1785156876.589432001,15,236.125000,2420.750
1785156876.589432001,9,237.781250,2379.500
1785156876.589432001,15,239.453125,2329.500
1785156876.589432001,15,241.062500,2285.250
1785156876.589432001,15,242.750000,2259.250
1785156876.589432001,8,244.390625,2245.250
1785156876.589432001,15,257.515625,2053.500
1785156876.589432001,15,259.156250,2029.250
1785156876.589432001,15,260.796875,2027.250
1785156876.589432001,15,262.437500,2029.250
1785156876.589432001,15,264.062500,2012.250
1785156876.589432001,15,265.734375,1997.500
1785156876.589432001,15,267.328125,1997.750
1785156876.589432001,15,269.015625,1998.250
1785156876.589432001,15,270.609375,1995.000
1785156876.589432001,15,272.250000,2001.750
1785156876.589432001,15,273.890625,2004.000
1785156876.589432001,15,275.484375,2007.250
1785156876.589432001,15,277.125000,2008.500
1785156876.589432001,15,278.781250,2013.750
1785156876.589432001,15,280.406250,2018.500
1785156876.589432001,15,282.046875,2029.000
1785156876.589432001,15,283.671875,2028.250
1785156876.589432001,15,285.281250,2042.750
1785156876.589432001,12,286.921875,2076.250
1785156876.589432001,15,298.312500,2249.750
1785156876.589432001,14,300.031250,2283.750
1785156876.589432001,15,301.671875,2321.500
1785156876.589432001,14,303.265625,2349.000
1785156876.589432001,15,304.953125,2341.000
1785156876.589432001,15,308.171875,2487.000
1785156876.589432001,8,309.812500,2539.750
1785156876.589432001,15,311.406250,2584.250
1785156876.589432001,15,313.062500,2648.750
1785156876.589432001,15,314.703125,2715.750
1785156876.589432001,15,316.328125,2777.250
1785156876.589432001,6,317.937500,2850.000
1785156876.589432001,15,319.578125,2933.750
1785156876.589432001,15,348.812500,6922.500
1785156876.704999924,15,350.468750,6881.500
1785156876.704999924,15,352.093750,6853.000
1785156876.704999924,15,353.718750,6864.500
1785156876.704999924,15,355.375000,6868.250
1785156876.704999924,15,357.000000,6851.500
1785156876.704999924,15,358.656250,6837.000
1785156876.704999924,15,0.296875,6840.750
1785156876.704999924,15,1.921875,6885.250
1785156876.704999924,15,3.562500,6921.750
1785156876.704999924,15,5.203125,6909.500
1785156876.704999924,15,6.843750,6932.000
1785156876.704999924,15,8.484375,6976.000
1785156876.704999924,15,10.125000,7031.000
1785156876.704999924,15,19.859375,7589.250
1785156876.704999924,15,21.484375,7661.000
1785156876.704999924,15,46.828125,107.500
1785156876.704999924,15,48.562500,105.500
1785156876.704999924,15,178.562500,9537.750
1785156876.704999924,15,182.734375,1394.500
1785156876.704999924,15,184.375000,1367.500
1785156876.704999924,15,186.046875,1352.000
1785156876.704999924,15,187.671875,1348.000
1785156876.704999924,15,189.265625,1350.000
1785156876.704999924,15,190.953125,1354.750
1785156876.704999924,15,192.578125,1359.000
1785156876.704999924,15,197.375000,1429.750
1785156876.704999924,12,211.578125,3668.000
1785156876.704999924,15,219.843750,3014.250
1785156876.704999924,15,226.453125,2648.000
1785156876.704999924,15,228.093750,2602.500
1785156876.704999924,15,229.765625,2558.000
1785156876.704999924,8,231.406250,2497.750
1785156876.704999924,12,233.031250,2450.250
1785156876.704999924,15,234.687500,2420.500
1785156876.704999924,9,236.328125,2371.500
1785156876.704999924,15,237.984375,2320.000
1785156876.704999924,15,239.640625,2280.500
1785156876.704999924,12,241.296875,2253.500
1785156876.704999924,12,249.500000,2100.250
1785156876.704999924,15,251.125000,2078.000
1785156876.704999924,15,252.781250,2057.000
1785156876.704999924,15,254.421875,2039.500
1785156876.704999924,15,256.031250,2031.250
1785156876.704999924,15,257.703125,2021.000
1785156876.704999924,15,259.328125,2011.000
1785156876.704999924,15,260.953125,2002.250
1785156876.704999924,15,262.593750,1999.250
1785156876.704999924,15,264.218750,1991.000
1785156876.704999924,15,265.890625,1971.500
1785156876.704999924,15,267.515625,1976.750
1785156876.704999924,15,269.171875,1985.750
1785156876.704999924,15,270.765625,1980.500
1785156876.704999924,15,272.437500,1986.250
1785156876.704999924,15,274.062500,1988.750
1785156876.704999924,15,275.656250,1993.250
1785156876.704999924,15,277.281250,2000.000
1785156876.704999924,15,278.921875,2008.750
1785156876.704999924,15,280.546875,2011.250
1785156876.704999924,15,282.171875,2018.250
1785156876.704999924,15,283.812500,2015.500
1785156876.704999924,15,285.453125,2023.750
1785156876.704999924,14,287.078125,2056.000
1785156876.704999924,13,296.828125,2228.250
1785156876.704999924,15,298.453125,2250.250
1785156876.704999924,15,300.234375,2284.500
1785156876.704999924,6,301.828125,2325.500
1785156876.704999924,14,303.500000,2350.250
1785156876.704999924,8,306.734375,2455.750
1785156876.704999924,10,308.390625,2508.250
1785156876.704999924,12,310.015625,2553.500
1785156876.704999924,12,311.656250,2606.750
1785156876.704999924,15,313.250000,2674.750
1785156876.704999924,9,314.875000,2731.750
1785156876.704999924,15,316.515625,2804.750
1785156876.704999924,7,318.140625,2885.500
1785156876.704999924,15,349.031250,6944.500
1785156876.816245079,15,350.656250,6905.500
1785156876.816245079,15,352.312500,6885.750
1785156876.816245079,15,353.937500,6872.000
1785156876.816245079,15,355.593750,6878.500
1785156876.816245079,15,358.875000,6868.500
1785156876.816245079,15,0.500000,6840.000
1785156876.816245079,15,2.140625,6842.500
1785156876.816245079,15,3.781250,6866.500
1785156876.816245079,15,5.406250,6910.250
1785156876.816245079,15,7.062500,6971.750
1785156876.816245079,15,8.687500,6997.250
1785156876.816245079,15,10.296875,7032.500
1785156876.816245079,15,20.078125,7542.250
1785156876.816245079,15,46.484375,107.250
1785156876.816245079,15,48.750000,105.000
1785156876.816245079,13,50.546875,102.000
1785156876.816245079,15,177.093750,9489.750
1785156876.816245079,15,178.750000,9506.500
1785156876.816245079,15,186.203125,1353.500
1785156876.816245079,15,187.828125,1343.750
1785156876.816245079,15,189.531250,1338.500
1785156876.816245079,15,191.125000,1346.750
1785156876.816245079,15,192.765625,1358.500
1785156876.816245079,15,196.015625,1384.000
1785156876.816245079,15,197.625000,1420.250
1785156876.816245079,12,226.562500,2663.250
1785156876.816245079,8,228.187500,2605.750
1785156876.816245079,15,229.859375,2553.500
1785156876.816245079,7,231.484375,2495.750
1785156876.816245079,11,233.156250,2453.250
1785156876.816245079,15,234.781250,2425.500
1785156876.816245079,8,236.421875,2373.250
1785156876.816245079,15,238.093750,2321.250
1785156876.816245079,15,239.734375,2282.000
1785156876.816245079,15,241.343750,2254.750
1785156876.816245079,15,252.859375,2045.750
1785156876.816245079,15,254.515625,2035.250
1785156876.816245079,15,256.140625,2030.750
1785156876.816245079,15,257.796875,2021.750
1785156876.816245079,15,259.421875,2011.250
1785156876.816245079,15,261.062500,2001.750
1785156876.816245079,15,262.718750,1992.500
1785156876.816245079,15,264.328125,1984.750
1785156876.816245079,15,265.984375,1968.500
1785156876.816245079,15,267.625000,1970.250
1785156876.816245079,15,269.250000,1979.750
1785156876.816245079,15,270.906250,1973.750
1785156876.816245079,15,272.500000,1980.250
1785156876.816245079,15,274.140625,1982.750
1785156876.816245079,15,275.796875,1983.250
1785156876.816245079,15,277.406250,1993.750
1785156876.816245079,15,279.046875,2008.000
1785156876.816245079,15,280.656250,2011.000
1785156876.816245079,15,282.312500,2018.500
1785156876.816245079,15,283.937500,2014.750
1785156876.816245079,15,285.593750,2023.250
1785156876.816245079,14,287.187500,2064.250
1785156876.816245079,15,296.968750,2242.250
1785156876.816245079,15,298.671875,2268.750
1785156876.816245079,9,300.328125,2311.750
1785156876.816245079,7,301.953125,2351.500
1785156876.816245079,15,303.578125,2369.750
1785156876.816245079,13,305.187500,2400.000
1785156876.816245079,8,308.453125,2544.000
1785156876.816245079,15,310.062500,2582.250
1785156876.816245079,9,311.718750,2626.750
1785156876.816245079,15,314.984375,2781.250
1785156876.816245079,7,316.593750,2848.000
1785156876.816245079,15,318.218750,2934.750
1785156876.816245079,15,349.125000,6946.000
1785156876.927576065,15,350.765625,6916.000
1785156876.927576065,15,352.406250,6890.750
1785156876.927576065,15,354.062500,6899.500
1785156876.927576065,15,355.687500,6891.250
1785156876.927576065,15,357.328125,6889.750
1785156876.927576065,15,358.984375,6887.750
1785156876.927576065,15,0.625000,6870.000
1785156876.927576065,15,2.265625,6878.500
1785156876.927576065,15,3.906250,6884.250
1785156876.927576065,15,5.531250,6909.750
1785156876.927576065,15,8.812500,6966.000
1785156876.927576065,15,10.421875,7029.500
1785156876.927576065,7,18.625000,7556.250
1785156876.927576065,15,20.265625,7576.750
1785156876.927576065,15,46.343750,106.500
1785156876.927576065,15,48.328125,104.750
1785156876.927576065,15,50.953125,102.000
1785156876.927576065,15,175.562500,9472.750
1785156876.927576065,15,177.203125,9481.250
1785156876.927576065,15,178.890625,9535.000
1785156876.927576065,15,186.359375,1358.750
1785156876.927576065,15,188.046875,1349.500
1785156876.927576065,15,189.640625,1348.250
1785156876.927576065,9,191.296875,1356.000
1785156876.927576065,11,192.937500,1363.250
1785156876.927576065,15,194.562500,1364.500
1785156876.927576065,12,196.203125,1386.500
1785156876.927576065,15,197.765625,1421.000
1785156876.927576065,5,211.906250,3638.750
1785156876.927576065,15,220.171875,3032.250
1785156876.927576065,8,223.484375,2835.250
1785156876.927576065,9,226.765625,2675.500
1785156876.927576065,15,228.421875,2624.500
1785156876.927576065,15,230.031250,2559.750
1785156876.927576065,9,231.687500,2496.750
1785156876.927576065,12,233.328125,2455.000
1785156876.927576065,15,234.968750,2430.750
1785156876.927576065,8,236.640625,2389.500
1785156876.927576065,15,238.265625,2339.750
1785156876.927576065,15,239.921875,2301.500
1785156876.927576065,15,241.546875,2269.250
1785156876.927576065,11,253.078125,2069.750
1785156876.927576065,12,254.703125,2052.500
1785156876.927576065,15,256.343750,2043.250
1785156876.927576065,15,258.015625,2037.250
1785156876.927576065,15,259.640625,2025.250
1785156876.927576065,15,261.265625,2013.000
1785156876.927576065,15,262.906250,2001.500
1785156876.927576065,15,264.531250,1997.500
1785156876.927576065,14,266.203125,1982.000
1785156876.927576065,15,267.812500,1980.500
1785156876.927576065,15,269.484375,1991.500
1785156876.927576065,15,271.109375,1987.250
1785156876.927576065,15,272.750000,1986.750
1785156876.927576065,15,274.375000,1987.000
1785156876.927576065,15,275.984375,1986.750
1785156876.927576065,15,277.625000,1994.750
1785156876.927576065,15,279.265625,2017.000
1785156876.927576065,15,280.921875,2025.250
1785156876.927576065,15,282.546875,2027.000
1785156876.927576065,15,284.187500,2012.000
1785156876.927576065,15,285.828125,2012.750
1785156876.927576065,13,287.406250,2047.500
1785156876.927576065,15,298.890625,2261.250
1785156876.927576065,10,300.515625,2305.750
1785156876.927576065,10,302.140625,2344.000
1785156876.927576065,15,303.796875,2362.000
1785156876.927576065,15,307.015625,2479.250
1785156876.927576065,11,308.640625,2538.500
1785156876.927576065,15,310.296875,2578.500
1785156876.927576065,10,311.921875,2623.000
1785156876.927576065,15,315.187500,2775.000
1785156876.927576065,13,316.796875,2842.000
1785156876.927576065,15,318.421875,2928.750
1785156876.927576065,15,347.687500,6961.000
1785156876.927576065,15,349.328125,6915.000
1785156877.042053223,15,350.968750,6921.000
1785156877.042053223,15,352.625000,6903.250
1785156877.042053223,15,354.265625,6821.000
1785156877.042053223,15,355.906250,6805.500
1785156877.042053223,15,357.546875,6861.750
1785156877.042053223,15,359.187500,6888.750
1785156877.042053223,15,0.828125,6846.750
1785156877.042053223,15,2.453125,6862.750
1785156877.042053223,15,4.109375,6915.750
1785156877.042053223,15,5.750000,6908.250
1785156877.042053223,15,7.390625,6915.750
1785156877.042053223,15,9.015625,6968.500
1785156877.042053223,15,10.609375,7029.250
1785156877.042053223,15,20.421875,7603.000
1785156877.042053223,15,47.828125,106.500
1785156877.042053223,15,48.281250,104.750
1785156877.042053223,15,51.640625,101.750
1785156877.042053223,15,175.640625,9520.000
1785156877.042053223,15,177.281250,9479.750
1785156877.042053223,15,178.968750,9533.000
1785156877.042053223,15,186.484375,1372.500
1785156877.042053223,15,188.046875,1355.750
1785156877.042053223,15,189.734375,1351.500
1785156877.042053223,15,191.390625,1351.750
1785156877.042053223,13,192.953125,1359.250
1785156877.042053223,15,194.609375,1364.250
1785156877.042053223,15,199.500000,1445.250
1785156877.042053223,7,211.921875,3639.500
1785156877.042053223,15,220.187500,3031.500
1785156877.042053223,10,223.468750,2835.250
1785156877.042053223,15,226.781250,2672.000
1785156877.042053223,12,230.078125,2545.750
1785156877.042053223,12,231.734375,2497.750
1785156877.042053223,11,233.375000,2455.250
1785156877.042053223,15,235.015625,2430.750
1785156877.042053223,5,236.671875,2391.000
1785156877.042053223,15,238.296875,2341.750
1785156877.042053223,15,239.937500,2300.250
1785156877.042053223,15,241.578125,2270.500
1785156877.042053223,13,243.234375,2249.250
1785156877.042053223,15,254.750000,2062.500
1785156877.042053223,15,256.390625,2057.500
1785156877.042053223,15,258.062500,2051.750
1785156877.042053223,15,259.687500,2044.500
1785156877.042053223,15,261.328125,2024.750
1785156877.042053223,15,262.953125,2013.000
1785156877.042053223,15,264.593750,2009.000
1785156877.042053223,15,266.250000,1984.000
1785156877.042053223,15,267.875000,1982.250
1785156877.042053223,15,269.515625,1997.500
1785156877.042053223,15,271.140625,1994.000
1785156877.042053223,15,272.781250,2000.250
1785156877.042053223,15,274.406250,2006.750
1785156877.042053223,15,275.984375,2004.500
1785156877.042053223,15,277.640625,2006.000
1785156877.042053223,15,279.265625,2018.500
1785156877.042053223,15,280.921875,2027.000
1785156877.042053223,15,282.515625,2029.000
1785156877.042053223,15,284.156250,2013.750
1785156877.042053223,15,285.796875,2023.250
1785156877.042053223,13,287.421875,2058.250
1785156877.042053223,15,297.140625,2248.750
1785156877.042053223,15,298.890625,2262.250
1785156877.042053223,7,300.500000,2305.750
1785156877.042053223,5,302.109375,2345.000
1785156877.042053223,15,303.750000,2362.500
1785156877.042053223,15,306.984375,2477.000
1785156877.042053223,11,308.640625,2523.750
1785156877.042053223,9,310.250000,2562.000
1785156877.042053223,11,311.906250,2618.500
1785156877.042053223,15,313.515625,2689.750
1785156877.042053223,9,315.140625,2750.750
1785156877.042053223,15,316.781250,2810.500
1785156877.042053223,6,318.390625,2882.000
1785156877.042053223,15,347.656250,6906.250
1785156877.042053223,15,349.312500,6918.500
1785156877.153017044,15,350.953125,6919.250
1785156877.153017044,15,352.578125,6899.750
1785156877.153017044,15,354.234375,6858.000
1785156877.153017044,15,355.875000,6846.000
1785156877.153017044,15,357.515625,6828.500
1785156877.153017044,15,359.156250,6850.500
1785156877.153017044,15,0.781250,6877.000
1785156877.153017044,15,2.437500,6895.750
1785156877.153017044,15,4.062500,6913.750
1785156877.153017044,15,5.703125,6908.250
1785156877.153017044,15,7.359375,6923.250
1785156877.153017044,15,8.984375,6976.750
1785156877.153017044,15,10.562500,7059.500
1785156877.153017044,15,20.359375,7511.000
1785156877.153017044,15,47.531250,106.500
1785156877.153017044,15,48.765625,104.750
1785156877.153017044,15,50.468750,101.750
1785156877.153017044,13,175.718750,9477.500
1785156877.153017044,15,177.343750,9487.000
1785156877.153017044,15,178.968750,9482.500
1785156877.153017044,15,188.031250,1356.500
1785156877.153017044,15,189.656250,1352.250
1785156877.153017044,15,191.343750,1352.750
1785156877.153017044,15,192.968750,1360.000
1785156877.153017044,15,194.609375,1361.250
1785156877.153017044,15,199.437500,1432.500
1785156877.153017044,13,211.906250,3676.250
1785156877.153017044,15,220.140625,3033.500
1785156877.153017044,11,226.750000,2671.000
1785156877.153017044,9,230.078125,2547.250
1785156877.153017044,8,231.687500,2497.250
1785156877.153017044,12,233.359375,2454.250
1785156877.153017044,15,235.000000,2428.500
1785156877.153017044,9,236.625000,2386.750
1785156877.153017044,7,238.281250,2338.000
1785156877.153017044,15,239.906250,2297.250
1785156877.153017044,12,241.546875,2265.750
1785156877.153017044,11,254.734375,2060.000
1785156877.153017044,15,256.406250,2050.250
1785156877.153017044,15,258.015625,2044.250
1785156877.153017044,15,259.671875,2041.750
1785156877.153017044,15,261.296875,2023.000
1785156877.153017044,15,262.937500,2010.750
1785156877.153017044,15,264.593750,2001.750
1785156877.153017044,15,266.234375,1978.500
1785156877.153017044,15,267.859375,1981.000
1785156877.153017044,15,269.484375,1989.250
1785156877.153017044,15,271.140625,1986.500
1785156877.153017044,15,272.796875,1988.500
1785156877.153017044,15,274.421875,1987.000
1785156877.153017044,15,275.968750,1995.750
1785156877.153017044,15,277.593750,2005.500
1785156877.153017044,15,279.250000,2017.250
1785156877.153017044,15,280.875000,2030.500
1785156877.153017044,15,282.500000,2041.250
1785156877.153017044,15,284.125000,2021.250
1785156877.153017044,15,285.765625,2022.000
1785156877.153017044,15,287.359375,2058.250
1785156877.153017044,10,297.140625,2247.750
1785156877.153017044,15,298.796875,2260.250
1785156877.153017044,13,300.406250,2303.000
1785156877.153017044,9,302.046875,2344.250
1785156877.153017044,15,303.671875,2361.500
1785156877.153017044,15,306.937500,2474.500
1785156877.153017044,15,308.562500,2519.750
1785156877.153017044,11,310.187500,2550.250
1785156877.153017044,15,313.453125,2684.000
1785156877.153017044,8,315.046875,2738.750
1785156877.153017044,15,316.687500,2805.250
1785156877.153017044,6,318.312500,2880.500
1785156877.153017044,15,319.921875,2956.750
1785156877.153017044,15,329.718750,3667.000
1785156877.153017044,15,349.234375,6924.750
1785156877.264207840,15,350.875000,6902.250
1785156877.264207840,15,352.515625,6886.750
1785156877.264207840,15,354.140625,6861.750
1785156877.264207840,15,355.796875,6856.000
1785156877.264207840,15,357.421875,6845.000
1785156877.264207840,15,359.062500,6850.500
1785156877.264207840,15,0.718750,6842.500
1785156877.264207840,15,2.359375,6861.750
1785156877.264207840,15,3.984375,6910.750
1785156877.264207840,15,5.625000,6916.750
1785156877.264207840,15,7.265625,6956.750
1785156877.264207840,15,8.921875,7002.500
1785156877.264207840,15,10.453125,7061.500
1785156877.264207840,15,20.234375,7527.750
1785156877.264207840,15,47.156250,106.500
1785156877.264207840,15,48.046875,104.750
1785156877.264207840,15,51.281250,102.000
1785156877.264207840,15,178.781250,9506.250
1785156877.264207840,14,184.515625,1445.500
1785156877.264207840,13,186.156250,1410.750
1785156877.264207840,15,187.890625,1381.250
1785156877.264207840,15,191.187500,1362.750
1785156877.264207840,15,192.734375,1359.500
1785156877.264207840,11,194.406250,1371.250
1785156877.264207840,15,196.046875,1379.250
1785156877.264207840,15,200.843750,1461.500
1785156877.264207840,15,218.265625,3143.500
1785156877.264207840,15,219.906250,3064.750
1785156877.264207840,15,223.203125,2883.250
1785156877.264207840,15,228.203125,2630.500
1785156877.264207840,12,229.812500,2579.250
1785156877.264207840,15,231.484375,2532.000
1785156877.264207840,12,233.125000,2478.000
1785156877.264207840,15,234.781250,2441.250
1785156877.264207840,15,236.437500,2412.250
1785156877.264207840,12,238.062500,2365.000
1785156877.264207840,15,239.671875,2320.500
1785156877.264207840,15,241.359375,2282.500
1785156877.264207840,9,243.015625,2256.500
1785156877.264207840,10,254.484375,2066.500
1785156877.264207840,15,256.093750,2055.000
1785156877.264207840,12,257.750000,2046.500
1785156877.264207840,15,259.437500,2033.750
1785156877.264207840,15,261.031250,2026.000
1785156877.264207840,15,262.671875,2021.250
1785156877.264207840,15,264.296875,2011.000
1785156877.264207840,15,265.953125,1990.250
1785156877.264207840,15,267.562500,1981.750
1785156877.264207840,15,269.234375,1990.250
1785156877.264207840,15,270.843750,1993.500
1785156877.264207840,15,272.484375,2000.000
1785156877.264207840,15,274.109375,2001.750
1785156877.264207840,15,275.687500,2001.750
1785156877.264207840,15,277.312500,2002.750
1785156877.264207840,15,278.968750,2008.750
1785156877.264207840,15,280.593750,2012.750
1785156877.264207840,15,282.203125,2019.750
1785156877.264207840,15,283.843750,2015.250
1785156877.264207840,14,285.453125,2023.250
1785156877.264207840,13,287.062500,2055.250
1785156877.264207840,15,300.187500,2269.750
1785156877.264207840,15,301.812500,2297.750
1785156877.264207840,14,303.468750,2331.750
1785156877.264207840,15,305.046875,2386.250
1785156877.264207840,9,306.687500,2434.000
1785156877.264207840,15,308.312500,2476.750
1785156877.264207840,15,309.921875,2525.750
1785156877.264207840,11,311.562500,2562.750
1785156877.264207840,10,313.187500,2623.750
1785156877.264207840,15,314.843750,2703.250
1785156877.264207840,7,316.468750,2757.000
1785156877.264207840,8,319.718750,2906.000
1785156877.264207840,15,349.046875,6913.000
1785156877.379493237,15,350.671875,6914.750
1785156877.379493237,15,352.328125,6893.000
1785156877.379493237,15,353.953125,6875.000
1785156877.379493237,15,355.609375,6875.250
1785156877.379493237,15,357.250000,6896.000
1785156877.379493237,15,358.875000,6879.500
1785156877.379493237,15,0.515625,6866.500
1785156877.379493237,15,2.171875,6878.000
1785156877.379493237,15,3.812500,6875.750
1785156877.379493237,15,5.437500,6919.000
1785156877.379493237,15,7.093750,6972.250
1785156877.379493237,15,8.734375,6996.250
1785156877.379493237,15,10.281250,7040.250
1785156877.379493237,15,20.062500,7475.500
1785156877.379493237,15,47.312500,107.000
1785156877.379493237,15,48.500000,105.250
1785156877.379493237,15,51.484375,102.500
1785156877.379493237,15,176.984375,9450.750
1785156877.379493237,15,178.640625,9455.250
1785156877.379493237,15,189.390625,1364.750
1785156877.379493237,15,191.000000,1358.750
1785156877.379493237,15,192.609375,1359.250
1785156877.379493237,9,195.843750,1377.250
1785156877.379493237,15,197.546875,1395.250
1785156877.379493237,15,199.125000,1404.750
1785156877.379493237,15,218.171875,3133.500
1785156877.379493237,15,219.812500,3055.500
1785156877.379493237,15,224.765625,2777.750
1785156877.379493237,7,228.109375,2612.000
1785156877.379493237,15,229.703125,2556.000
1785156877.379493237,15,231.390625,2497.750
1785156877.379493237,11,233.031250,2451.750
1785156877.379493237,15,234.656250,2431.000
1785156877.379493237,7,236.328125,2386.250
1785156877.379493237,15,237.968750,2331.500
1785156877.379493237,15,239.593750,2293.500
1785156877.379493237,15,241.250000,2268.000
1785156877.379493237,9,242.875000,2244.500
1785156877.379493237,9,252.671875,2075.750
1785156877.379493237,11,254.359375,2066.500
1785156877.379493237,15,255.968750,2058.250
1785156877.379493237,15,257.625000,2052.500
1785156877.379493237,15,259.265625,2029.750
1785156877.379493237,15,260.875000,2026.250
1785156877.379493237,15,262.515625,2024.750
1785156877.379493237,15,264.156250,2010.250
1785156877.379493237,15,265.796875,2001.000
1785156877.379493237,15,267.421875,1994.250
1785156877.379493237,15,269.046875,2002.000
1785156877.379493237,15,270.671875,2008.500
1785156877.379493237,15,272.312500,2007.250
1785156877.379493237,15,273.953125,2006.500
1785156877.379493237,15,275.593750,2015.250
1785156877.379493237,15,277.218750,2008.750
1785156877.379493237,15,278.828125,2007.750
1785156877.379493237,15,280.453125,2028.750
1785156877.379493237,15,282.078125,2038.750
1785156877.379493237,15,283.734375,2030.000
1785156877.379493237,15,296.703125,2243.750
1785156877.379493237,15,298.359375,2269.250
1785156877.379493237,7,300.109375,2314.500
1785156877.379493237,15,301.703125,2365.000
1785156877.379493237,15,303.375000,2399.750
1785156877.379493237,9,305.000000,2427.250
1785156877.379493237,15,306.640625,2483.750
1785156877.379493237,11,308.281250,2522.500
1785156877.379493237,15,309.890625,2560.750
1785156877.379493237,9,311.500000,2629.250
1785156877.379493237,15,313.156250,2700.500
1785156877.379493237,8,314.750000,2761.000
1785156877.379493237,14,316.359375,2828.500
1785156877.379493237,15,318.000000,2908.500
1785156877.379493237,15,348.921875,6977.000
1785156877.490386963,15,350.578125,6928.250
1785156877.490386963,15,352.218750,6906.500
1785156877.490386963,15,353.843750,6880.250
1785156877.490386963,15,355.484375,6883.750
1785156877.490386963,15,357.125000,6859.250
1785156877.490386963,15,358.781250,6847.500
1785156877.490386963,15,0.406250,6875.500
1785156877.490386963,15,2.062500,6905.250
1785156877.490386963,15,3.703125,6913.750
1785156877.490386963,15,5.343750,6940.750
1785156877.490386963,15,6.968750,6981.750
1785156877.490386963,15,8.609375,6996.750
1785156877.490386963,15,10.234375,7039.750
1785156877.490386963,15,19.984375,7578.000
1785156877.490386963,15,47.171875,107.250
1785156877.490386963,15,48.765625,105.250
1785156877.490386963,15,51.562500,102.500
1785156877.490386963,15,177.031250,9492.000
1785156877.490386963,15,178.671875,9462.750
1785156877.490386963,15,180.312500,9467.500
1785156877.490386963,15,191.031250,1363.000
1785156877.490386963,15,192.671875,1358.500
1785156877.490386963,15,200.812500,1434.750
1785156877.490386963,15,219.953125,3063.750
1785156877.490386963,15,221.609375,2984.500
1785156877.490386963,13,223.265625,2905.500
1785156877.490386963,15,228.203125,2629.750
1785156877.490386963,12,229.859375,2577.000
1785156877.490386963,15,231.531250,2528.500
1785156877.490386963,9,233.140625,2476.000
1785156877.490386963,15,234.781250,2439.750
1785156877.490386963,6,236.437500,2399.500
1785156877.490386963,15,238.078125,2341.750
1785156877.490386963,15,239.734375,2296.750
1785156877.490386963,15,241.359375,2269.750
1785156877.490386963,8,243.015625,2254.250
1785156877.490386963,14,252.890625,2072.500
1785156877.490386963,14,254.515625,2056.500
1785156877.490386963,15,256.140625,2045.250
1785156877.490386963,15,257.812500,2043.500
1785156877.490386963,15,259.421875,2020.750
1785156877.490386963,15,261.078125,2013.500
1785156877.490386963,15,262.703125,2004.000
1785156877.490386963,15,264.328125,1991.000
1785156877.490386963,15,265.984375,1996.750
1785156877.490386963,15,267.609375,1987.000
1785156877.490386963,15,269.234375,1984.750
1785156877.490386963,15,270.906250,1987.500
1785156877.490386963,15,272.515625,1990.250
1785156877.490386963,15,274.140625,1996.750
1785156877.490386963,15,275.718750,2001.000
1785156877.490386963,15,277.343750,1992.000
1785156877.490386963,15,279.000000,1999.000
1785156877.490386963,15,280.593750,2015.250
1785156877.490386963,15,282.250000,2022.000
1785156877.490386963,15,283.906250,2026.500
1785156877.490386963,11,285.468750,2035.250
1785156877.490386963,9,287.140625,2057.000
1785156877.490386963,15,298.500000,2248.250
1785156877.490386963,15,300.218750,2273.250
1785156877.490386963,7,301.890625,2313.250
1785156877.490386963,9,303.500000,2349.750
1785156877.490386963,10,305.109375,2400.500
1785156877.490386963,9,306.750000,2442.500
1785156877.490386963,15,308.375000,2479.000
1785156877.490386963,7,310.000000,2528.250
1785156877.490386963,15,311.640625,2572.500
1785156877.490386963,9,313.265625,2635.500
1785156877.490386963,15,314.921875,2706.750
1785156877.490386963,15,316.546875,2770.250
1785156877.490386963,15,318.171875,2835.000
1785156877.490386963,15,349.000000,6958.750
1785156877.604568005,15,350.640625,6919.500
1785156877.604568005,15,352.265625,6924.500
1785156877.604568005,15,353.906250,6917.750
1785156877.604568005,15,355.546875,6883.500
1785156877.604568005,15,357.187500,6857.000
1785156877.604568005,15,358.812500,6848.500
1785156877.604568005,15,0.453125,6869.000
1785156877.604568005,15,2.109375,6897.500
1785156877.604568005,15,3.718750,6903.250
1785156877.604568005,15,5.375000,6922.750
1785156877.604568005,15,7.000000,6943.500
1785156877.604568005,15,8.625000,6968.750
1785156877.604568005,15,10.265625,7044.250
1785156877.604568005,15,47.171875,107.000
1785156877.604568005,15,48.437500,105.000
1785156877.604568005,15,50.250000,102.000
1785156877.604568005,15,173.718750,10273.250
1785156877.604568005,15,177.000000,9442.250
1785156877.604568005,15,178.656250,9406.000
1785156877.604568005,15,180.296875,9466.000
1785156877.604568005,15,191.015625,1368.500
1785156877.604568005,15,192.640625,1369.750
1785156877.604568005,15,194.343750,1362.250
1785156877.604568005,15,195.921875,1359.250
1785156877.604568005,14,197.515625,1381.750
1785156877.604568005,15,200.750000,1410.500
1785156877.604568005,15,218.281250,3179.750
1785156877.604568005,15,221.578125,3015.750
1785156877.604568005,9,224.875000,2839.750
1785156877.604568005,15,226.546875,2758.250
1785156877.604568005,15,228.156250,2676.250
1785156877.604568005,9,229.828125,2596.250
1785156877.604568005,15,231.468750,2532.250
1785156877.604568005,11,233.125000,2479.750
1785156877.604568005,14,234.765625,2443.000
1785156877.604568005,15,236.390625,2421.250
1785156877.604568005,9,238.031250,2385.500
1785156877.604568005,15,239.703125,2336.750
1785156877.604568005,15,241.343750,2296.750
1785156877.604568005,15,243.000000,2267.750
1785156877.604568005,10,244.640625,2242.750
1785156877.604568005,15,257.765625,2059.000
1785156877.604568005,11,259.406250,2048.500
1785156877.604568005,14,261.031250,2048.000
1785156877.604568005,15,262.687500,2032.250
1785156877.604568005,15,264.312500,2024.250
1785156877.604568005,15,265.937500,2028.500
1785156877.604568005,15,267.593750,2021.250
1785156877.604568005,15,269.218750,2015.000
1785156877.604568005,15,270.828125,2020.250
1785156877.604568005,15,272.515625,2023.000
1785156877.604568005,15,274.109375,2023.500
1785156877.604568005,15,275.703125,2030.500
1785156877.604568005,15,277.359375,2023.500
1785156877.604568005,15,279.000000,2025.750
1785156877.604568005,15,280.640625,2043.500
1785156877.604568005,11,282.234375,2053.500
1785156877.604568005,9,283.890625,2056.250
1785156877.604568005,15,298.500000,2249.750
1785156877.604568005,15,300.265625,2275.000
1785156877.604568005,9,301.859375,2315.250
1785156877.604568005,15,303.484375,2367.750
1785156877.604568005,15,305.156250,2416.000
1785156877.604568005,15,306.750000,2441.000
1785156877.604568005,15,308.375000,2479.250
1785156877.604568005,15,310.031250,2526.750
1785156877.604568005,14,311.656250,2568.500
1785156877.604568005,11,313.281250,2631.000
1785156877.604568005,15,314.921875,2698.750
1785156877.604568005,8,316.531250,2752.750
1785156877.604568005,6,319.765625,2892.250
1785156877.604568005,15,348.984375,6991.000
1785156877.716680050,15,350.609375,6927.750
1785156877.716680050,15,352.265625,6924.750
1785156877.716680050,15,353.890625,6918.750
1785156877.716680050,15,355.531250,6885.750
1785156877.716680050,15,357.187500,6862.000
1785156877.716680050,15,358.812500,6853.750
1785156877.716680050,15,0.453125,6875.500
1785156877.716680050,15,2.093750,6901.500
1785156877.716680050,15,3.718750,6905.250
1785156877.716680050,15,5.359375,6927.000
1785156877.716680050,15,8.640625,6972.000
1785156877.716680050,15,10.281250,7037.000
1785156877.716680050,15,25.000000,7987.250
1785156877.716680050,15,46.062500,106.750
1785156877.716680050,15,49.390625,104.750
1785156877.716680050,15,51.281250,102.000
1785156877.716680050,15,180.343750,9473.500
1785156877.716680050,15,192.750000,1368.250
1785156877.716680050,15,194.328125,1366.250
1785156877.716680050,15,199.281250,1369.250
1785156877.716680050,15,204.015625,1465.750
1785156877.716680050,15,219.921875,3018.500
1785156877.716680050,8,221.578125,2940.500
1785156877.716680050,15,223.234375,2856.500
1785156877.716680050,15,226.531250,2682.250
1785156877.716680050,15,229.812500,2532.500
1785156877.716680050,12,231.453125,2480.500
1785156877.716680050,15,233.078125,2439.000
1785156877.716680050,8,234.734375,2402.250
1785156877.716680050,8,236.390625,2356.750
1785156877.716680050,15,238.000000,2319.500
1785156877.716680050,15,239.687500,2287.250
1785156877.716680050,14,241.312500,2262.500
1785156877.716680050,7,242.937500,2238.500
1785156877.716680050,14,252.843750,2061.500
1785156877.716680050,15,254.515625,2045.500
1785156877.716680050,15,256.156250,2037.000
1785156877.716680050,15,257.781250,2037.250
1785156877.716680050,15,259.437500,2031.500
1785156877.716680050,15,261.062500,2019.250
1785156877.716680050,15,262.671875,2009.750
1785156877.716680050,15,264.328125,2000.750
1785156877.716680050,15,265.968750,1998.000
1785156877.716680050,15,267.609375,1981.250
1785156877.716680050,15,269.250000,1979.500
1785156877.716680050,15,270.890625,1993.000
1785156877.716680050,15,272.500000,1995.000
1785156877.716680050,15,274.140625,1999.750
1785156877.716680050,15,275.765625,2004.750
1785156877.716680050,15,277.406250,2009.500
1785156877.716680050,15,279.015625,2024.250
1785156877.716680050,15,280.687500,2039.750
1785156877.716680050,14,282.312500,2049.750
1785156877.716680050,13,283.968750,2051.750
1785156877.716680050,15,285.593750,2032.500
1785156877.716680050,15,296.968750,2244.500
1785156877.716680050,15,298.687500,2261.000
1785156877.716680050,11,300.265625,2300.500
1785156877.716680050,5,301.906250,2351.000
1785156877.716680050,10,303.531250,2406.500
1785156877.716680050,7,305.171875,2436.250
1785156877.716680050,15,306.812500,2468.000
1785156877.716680050,13,308.421875,2519.000
1785156877.716680050,15,310.078125,2570.000
1785156877.716680050,14,311.718750,2619.250
1785156877.716680050,15,313.343750,2674.500
1785156877.716680050,10,314.937500,2741.500
1785156877.716680050,15,316.562500,2812.500
1785156877.716680050,7,318.218750,2886.250
1785156877.716680050,15,349.078125,7006.750
1785156877.827371120,15,350.718750,6992.500
1785156877.827371120,15,352.343750,6949.000
1785156877.827371120,15,354.000000,6909.250
1785156877.827371120,15,355.625000,6879.750
1785156877.827371120,15,357.265625,6858.500
1785156877.827371120,15,358.906250,6848.000
1785156877.827371120,15,0.546875,6867.250
1785156877.827371120,15,2.187500,6880.250
1785156877.827371120,15,3.828125,6890.250
1785156877.827371120,15,5.468750,6928.500
1785156877.827371120,15,8.765625,6973.250
1785156877.827371120,15,10.343750,7041.750
1785156877.827371120,15,47.406250,106.750
1785156877.827371120,15,48.375000,104.750
1785156877.827371120,15,50.250000,102.000
1785156877.827371120,15,178.921875,9474.250
1785156877.827371120,15,180.562500,9468.500
1785156877.827371120,15,194.609375,1361.750
1785156877.827371120,15,196.250000,1372.750
1785156877.827371120,8,199.484375,1382.000
1785156877.827371120,15,201.109375,1386.750
1785156877.827371120,14,218.484375,3156.500
1785156877.827371120,15,221.781250,2972.000
1785156877.827371120,14,223.437500,2900.500
1785156877.827371120,15,228.390625,2620.500
1785156877.827371120,9,230.046875,2561.750
1785156877.827371120,15,231.687500,2510.000
1785156877.827371120,13,233.328125,2465.750
1785156877.827371120,15,234.984375,2428.750
1785156877.827371120,8,236.609375,2386.500
1785156877.827371120,8,238.250000,2339.000
1785156877.827371120,15,239.890625,2299.500
1785156877.827371120,15,241.531250,2267.000
1785156877.827371120,15,243.187500,2247.750
1785156877.827371120,12,254.734375,2059.000
1785156877.827371120,14,256.390625,2049.500
1785156877.827371120,15,258.015625,2043.250
1785156877.827371120,15,259.656250,2040.250
1785156877.827371120,15,261.312500,2023.750
1785156877.827371120,15,262.953125,2012.000
1785156877.827371120,15,264.578125,2010.000
1785156877.827371120,15,266.218750,2006.000
1785156877.827371120,15,267.890625,1988.750
1785156877.827371120,15,269.500000,1982.750
1785156877.827371120,15,271.156250,1992.000
1785156877.827371120,15,272.765625,1990.000
1785156877.827371120,15,274.406250,1997.250
1785156877.827371120,15,276.015625,2004.250
1785156877.827371120,15,277.640625,2006.750
1785156877.827371120,15,279.281250,2011.250
1785156877.827371120,15,280.921875,2019.000
1785156877.827371120,15,282.562500,2029.000
1785156877.827371120,14,284.171875,2038.000
1785156877.827371120,15,285.828125,2026.250
1785156877.827371120,14,298.921875,2241.750
1785156877.827371120,15,300.578125,2260.500
1785156877.827371120,15,302.203125,2297.250
1785156877.827371120,5,303.828125,2347.000
1785156877.827371120,11,305.468750,2368.750
1785156877.827371120,10,307.109375,2406.750
1785156877.827371120,15,308.734375,2445.000
1785156877.827371120,15,312.000000,2537.000
1785156877.827371120,15,315.234375,2686.000
1785156877.827371120,7,316.859375,2751.250
1785156877.827371120,14,318.484375,2819.250
1785156877.827371120,15,320.125000,2902.500
1785156877.827371120,15,349.453125,6995.750
1785156877.942412138,15,351.078125,6959.500
1785156877.942412138,15,352.734375,6943.000
1785156877.942412138,15,354.375000,6898.500
1785156877.942412138,15,356.015625,6891.000
1785156877.942412138,15,357.671875,6877.500
1785156877.942412138,15,359.296875,6871.500
1785156877.942412138,15,0.953125,6878.750
1785156877.942412138,15,2.593750,6866.750
1785156877.942412138,15,4.234375,6900.000
1785156877.942412138,15,5.875000,6914.500
1785156877.942412138,15,9.171875,6968.750
1785156877.942412138,15,10.703125,7060.250
1785156877.942412138,15,46.656250,106.250
1785156877.942412138,15,49.718750,104.500
1785156877.942412138,15,179.250000,9453.500
1785156877.942412138,15,180.875000,9486.750
1785156877.942412138,15,182.531250,9472.750
1785156877.942412138,15,194.937500,1361.750
1785156877.942412138,15,196.546875,1359.000
1785156877.942412138,15,198.187500,1367.750
1785156877.942412138,15,204.640625,1435.000
1785156877.942412138,6,222.125000,2950.000
1785156877.942412138,15,223.750000,2870.750
1785156877.942412138,15,228.765625,2622.500
1785156877.942412138,10,230.390625,2560.500
1785156877.942412138,10,233.656250,2437.500
1785156877.942412138,15,235.312500,2419.750
1785156877.942412138,6,237.000000,2381.750
1785156877.942412138,11,238.625000,2337.750
1785156877.942412138,15,240.281250,2311.250
1785156877.942412138,15,241.921875,2280.250
1785156877.942412138,12,243.531250,2253.750
1785156877.942412138,14,255.109375,2058.250
1785156877.942412138,15,256.750000,2049.000
1785156877.942412138,15,258.375000,2041.250
1785156877.942412138,15,260.046875,2036.500
1785156877.942412138,15,261.671875,2030.000
1785156877.942412138,15,263.281250,2026.000
1785156877.942412138,15,264.953125,2012.000
1785156877.942412138,15,266.578125,2006.250
1785156877.942412138,15,268.218750,2007.000
1785156877.942412138,15,269.843750,1999.500
1785156877.942412138,15,271.484375,2007.500
1785156877.942412138,15,273.125000,2007.250
1785156877.942412138,15,274.781250,2010.250
1785156877.942412138,15,276.359375,2015.750
1785156877.942412138,15,277.953125,2024.250
1785156877.942412138,15,279.562500,2030.000
1785156877.942412138,15,281.234375,2032.000
1785156877.942412138,13,282.875000,2045.750
1785156877.942412138,8,284.484375,2054.500
1785156877.942412138,15,286.156250,2045.250
1785156877.942412138,15,299.203125,2262.750
1785156877.942412138,15,300.828125,2291.500
1785156877.942412138,8,302.484375,2342.500
1785156877.942412138,15,304.078125,2397.750
1785156877.942412138,15,305.765625,2417.750
1785156877.942412138,11,307.343750,2443.000
1785156877.942412138,15,308.968750,2497.000
1785156877.942412138,13,310.609375,2541.250
1785156877.942412138,9,312.234375,2572.250
1785156877.942412138,12,315.500000,2717.000
1785156877.942412138,15,317.109375,2785.500
1785156877.942412138,11,318.750000,2851.250
1785156877.942412138,15,320.375000,2922.000
1785156877.942412138,15,349.765625,6990.000
1785156878.053797960,15,351.390625,6985.000
1785156878.053797960,15,353.046875,6942.250
1785156878.053797960,15,354.687500,6901.500
1785156878.053797960,15,356.343750,6889.750
1785156878.053797960,15,357.968750,6848.750
1785156878.053797960,15,359.625000,6870.250
1785156878.053797960,15,1.250000,6890.250
1785156878.053797960,15,2.906250,6877.500
1785156878.053797960,15,4.531250,6902.250
1785156878.053797960,15,6.187500,6930.000
1785156878.053797960,15,9.468750,6967.000
1785156878.053797960,15,11.015625,7007.750
1785156878.053797960,11,19.171875,7430.750
1785156878.053797960,15,20.828125,7515.500
1785156878.053797960,15,47.593750,106.250
1785156878.053797960,15,179.437500,9409.000
1785156878.053797960,14,181.062500,9409.000
1785156878.053797960,15,182.703125,9436.500
1785156878.053797960,15,193.421875,1395.750
1785156878.053797960,15,195.078125,1379.250
1785156878.053797960,15,196.703125,1372.000
1785156878.053797960,15,198.343750,1376.750
1785156878.053797960,15,199.984375,1373.250
1785156878.053797960,15,201.593750,1377.250
1785156878.053797960,10,203.203125,1404.000
1785156878.053797960,15,219.000000,3046.250
1785156878.053797960,15,222.296875,2864.500
1785156878.053797960,15,223.953125,2783.500
1785156878.053797960,10,225.593750,2704.250
1785156878.053797960,15,228.953125,2541.500
1785156878.053797960,15,230.593750,2477.750
1785156878.053797960,15,232.234375,2436.750
1785156878.053797960,8,233.859375,2401.000
1785156878.053797960,7,235.515625,2359.250
1785156878.053797960,15,237.156250,2322.250
1785156878.053797960,15,238.812500,2297.000
1785156878.053797960,15,240.453125,2273.750
1785156878.053797960,9,242.109375,2249.500
1785156878.053797960,12,251.937500,2076.500
1785156878.053797960,15,253.578125,2052.750
1785156878.053797960,15,255.218750,2030.500
1785156878.053797960,15,256.906250,2027.500
1785156878.053797960,15,258.531250,2023.750
1785156878.053797960,15,260.140625,2014.500
1785156878.053797960,15,261.781250,2007.250
1785156878.053797960,15,263.421875,2002.000
1785156878.053797960,15,265.046875,1987.000
1785156878.053797960,15,266.703125,1985.000
1785156878.053797960,15,268.343750,1994.750
1785156878.053797960,15,270.000000,1985.750
1785156878.053797960,15,271.593750,1988.000
1785156878.053797960,15,273.218750,1997.000
1785156878.053797960,15,274.796875,2005.000
1785156878.053797960,15,276.421875,2010.750
1785156878.053797960,15,278.062500,2014.500
1785156878.053797960,15,279.687500,2015.250
1785156878.053797960,15,281.328125,2023.500
1785156878.053797960,12,282.953125,2043.250
1785156878.053797960,8,284.546875,2053.250
1785156878.053797960,15,286.187500,2054.250
1785156878.053797960,15,297.546875,2247.000
1785156878.053797960,15,299.296875,2264.500
1785156878.053797960,15,300.921875,2294.500
1785156878.053797960,4,302.515625,2344.500
1785156878.053797960,15,304.156250,2399.000
1785156878.053797960,13,305.812500,2432.500
1785156878.053797960,15,307.390625,2475.250
1785156878.053797960,15,309.046875,2524.750
1785156878.053797960,15,310.671875,2568.750
1785156878.053797960,10,312.296875,2623.250
1785156878.053797960,15,315.562500,2771.000
1785156878.053797960,15,317.171875,2838.250
1785156878.053797960,15,318.781250,2921.250
1785156878.053797960,7,320.390625,3002.750
1785156878.053797960,15,349.718750,7030.750
1785156878.165501833,15,351.375000,6981.500
1785156878.165501833,15,353.015625,6945.750
1785156878.165501833,15,354.656250,6899.000
1785156878.165501833,15,356.296875,6889.500
1785156878.165501833,15,359.562500,6890.500
1785156878.165501833,15,1.218750,6891.000
1785156878.165501833,15,2.843750,6877.500
1785156878.165501833,15,4.500000,6896.250
1785156878.165501833,15,6.125000,6925.250
1785156878.165501833,15,7.765625,6968.500
1785156878.165501833,15,9.406250,6997.500
1785156878.165501833,15,10.984375,7010.500
1785156878.165501833,15,20.796875,7496.250
1785156878.165501833,15,22.421875,7553.500
1785156878.165501833,15,24.046875,7648.250
1785156878.165501833,15,47.859375,106.250
1785156878.165501833,15,52.343750,101.000
1785156878.165501833,15,181.046875,9412.250
1785156878.165501833,15,182.687500,9426.750
1785156878.165501833,15,195.015625,1392.250
1785156878.165501833,15,196.656250,1371.750
1785156878.165501833,15,198.359375,1362.250
1785156878.165501833,15,199.953125,1373.000
1785156878.165501833,10,203.203125,1395.000
1785156878.165501833,15,204.812500,1412.250
1785156878.165501833,15,206.406250,1430.500
1785156878.165501833,15,220.593750,3043.500
1785156878.165501833,15,223.906250,2865.750
1785156878.165501833,9,228.875000,2622.500
1785156878.165501833,11,230.515625,2561.750
1785156878.165501833,9,232.187500,2502.750
1785156878.165501833,12,233.828125,2455.750
1785156878.165501833,8,235.500000,2415.500
1785156878.165501833,9,237.140625,2368.000
1785156878.165501833,15,238.750000,2329.750
1785156878.165501833,15,240.406250,2288.500
1785156878.165501833,15,242.062500,2253.250
1785156878.165501833,11,243.687500,2239.500
1785156878.165501833,12,253.546875,2063.000
1785156878.165501833,15,255.171875,2040.250
1785156878.165501833,15,256.843750,2029.000
1785156878.165501833,15,258.500000,2024.750
1785156878.165501833,15,260.109375,2016.000
1785156878.165501833,15,261.734375,2009.250
1785156878.165501833,15,263.359375,2004.000
1785156878.165501833,15,265.000000,1998.750
1785156878.165501833,15,266.640625,1998.250
1785156878.165501833,15,268.296875,1997.500
1785156878.165501833,15,269.968750,1978.750
1785156878.165501833,15,271.562500,1976.500
1785156878.165501833,15,273.203125,1993.000
1785156878.165501833,15,274.796875,2003.500
1785156878.165501833,15,276.421875,2010.000
1785156878.165501833,15,278.062500,2013.250
1785156878.165501833,15,279.718750,2015.250
1785156878.165501833,15,281.328125,2024.000
1785156878.165501833,14,282.953125,2041.500
1785156878.165501833,12,284.562500,2052.250
1785156878.165501833,15,286.218750,2064.000
1785156878.165501833,15,299.343750,2264.000
1785156878.165501833,14,300.953125,2296.500
1785156878.165501833,6,302.609375,2339.750
1785156878.165501833,15,304.203125,2396.750
1785156878.165501833,15,305.859375,2437.750
1785156878.165501833,15,307.453125,2474.500
1785156878.165501833,15,309.109375,2523.250
1785156878.165501833,15,310.718750,2569.000
1785156878.165501833,11,312.343750,2623.250
1785156878.165501833,15,313.984375,2677.750
1785156878.165501833,8,315.625000,2742.000
1785156878.165501833,14,317.234375,2817.750
1785156878.165501833,15,318.875000,2893.500
1785156878.165501833,15,320.484375,2967.750
1785156878.165501833,15,349.750000,7040.750
1785156878.279659986,15,351.375000,6987.750
1785156878.279659986,15,353.046875,6983.250
1785156878.279659986,15,354.671875,6940.750
1785156878.279659986,15,356.312500,6891.250
1785156878.279659986,15,357.953125,6853.000
1785156878.279659986,15,359.593750,6867.250
1785156878.279659986,15,1.218750,6890.000
1785156878.279659986,15,2.875000,6877.250
1785156878.279659986,15,4.500000,6896.500
1785156878.279659986,15,6.140625,6925.000
1785156878.279659986,15,7.781250,6932.000
1785156878.279659986,15,9.421875,6960.000
1785156878.279659986,15,11.015625,7012.250
1785156878.279659986,15,20.843750,7523.000
1785156878.279659986,15,22.468750,7538.500
1785156878.279659986,15,47.421875,106.000
1785156878.279659986,15,181.078125,9443.750
1785156878.279659986,15,182.734375,9423.000
1785156878.279659986,15,184.359375,9468.750
1785156878.279659986,15,195.015625,1411.750
1785156878.279659986,15,196.718750,1388.500
1785156878.279659986,15,198.359375,1377.250
1785156878.279659986,15,199.921875,1376.000
1785156878.279659986,15,203.281250,1380.500
1785156878.279659986,15,204.843750,1401.250
1785156878.279659986,9,206.500000,1425.000
1785156878.279659986,15,208.109375,1451.000
1785156878.279659986,15,217.390625,3208.500
1785156878.279659986,15,220.703125,3006.000
1785156878.279659986,15,225.671875,2744.500
1785156878.279659986,12,227.312500,2681.250
1785156878.279659986,15,230.625000,2524.750
1785156878.279659986,15,232.281250,2472.000
1785156878.279659986,15,233.921875,2442.000
1785156878.279659986,9,235.578125,2411.250
1785156878.279659986,12,237.218750,2363.500
1785156878.279659986,15,238.890625,2313.000
1785156878.279659986,15,240.515625,2271.750
1785156878.279659986,15,242.140625,2257.250
1785156878.279659986,8,243.781250,2242.000
1785156878.279659986,12,253.625000,2085.500
1785156878.279659986,15,255.296875,2062.750
1785156878.279659986,15,256.906250,2039.750
1785156878.279659986,15,258.515625,2027.750
1785156878.279659986,15,260.187500,2027.250
1785156878.279659986,15,261.843750,2025.250
1785156878.279659986,15,263.468750,2015.500
1785156878.279659986,15,265.078125,2020.250
1785156878.279659986,15,266.718750,2005.500
1785156878.279659986,15,268.359375,1999.000
1785156878.279659986,15,269.984375,2011.000
1785156878.279659986,15,271.609375,2016.000
1785156878.279659986,15,273.250000,2027.250
1785156878.279659986,15,274.890625,2031.000
1785156878.279659986,15,276.500000,2036.000
1785156878.279659986,15,278.125000,2037.750
1785156878.279659986,15,279.765625,2040.500
1785156878.279659986,11,287.921875,2050.750
1785156878.279659986,15,297.640625,2264.500
1785156878.279659986,15,299.421875,2293.250
1785156878.279659986,8,301.015625,2326.500
1785156878.279659986,15,302.656250,2373.000
1785156878.279659986,15,304.281250,2417.250
1785156878.279659986,14,305.937500,2447.750
1785156878.279659986,15,307.531250,2495.250
1785156878.279659986,15,309.187500,2535.000
1785156878.279659986,9,312.421875,2654.000
1785156878.279659986,15,314.078125,2707.000
1785156878.279659986,7,317.296875,2863.750
1785156878.279659986,15,318.953125,2939.750
1785156878.279659986,7,320.562500,3017.000
1785156878.279659986,15,348.187500,7119.250
1785156878.279659986,15,349.828125,7038.000
1785156878.390778065,15,351.468750,6991.250
1785156878.390778065,15,353.109375,6950.000
1785156878.390778065,15,354.750000,6905.000
1785156878.390778065,15,356.375000,6940.250
1785156878.390778065,15,358.031250,6907.500
1785156878.390778065,15,359.687500,6870.000
1785156878.390778065,15,1.312500,6894.500
1785156878.390778065,15,2.953125,6880.000
1785156878.390778065,15,4.593750,6892.750
1785156878.390778065,15,6.234375,6924.500
1785156878.390778065,15,7.875000,6918.250
1785156878.390778065,15,9.500000,6945.000
1785156878.390778065,12,19.281250,7572.750
1785156878.390778065,15,20.890625,7534.000
1785156878.390778065,15,22.531250,7538.250
1785156878.390778065,15,47.062500,106.000
1785156878.390778065,15,196.703125,1403.250
1785156878.390778065,15,198.343750,1382.250
1785156878.390778065,15,200.046875,1368.750
1785156878.390778065,15,201.687500,1370.250
1785156878.390778065,12,203.296875,1388.000
1785156878.390778065,15,219.078125,3035.750
1785156878.390778065,15,224.046875,2765.250
1785156878.390778065,11,228.968750,2541.000
1785156878.390778065,12,230.640625,2486.250
1785156878.390778065,15,232.250000,2447.250
1785156878.390778065,9,233.921875,2408.000
1785156878.390778065,12,235.562500,2346.500
1785156878.390778065,15,237.203125,2305.000
1785156878.390778065,15,238.859375,2273.500
1785156878.390778065,15,240.484375,2260.000
1785156878.390778065,15,242.140625,2245.750
1785156878.390778065,14,253.609375,2075.750
1785156878.390778065,15,255.250000,2054.250
1785156878.390778065,15,256.890625,2039.250
1785156878.390778065,15,258.515625,2028.250
1785156878.390778065,15,260.125000,2020.000
1785156878.390778065,15,261.796875,2012.000
1785156878.390778065,15,263.453125,2011.500
1785156878.390778065,15,265.031250,2020.750
1785156878.390778065,15,266.687500,2016.000
1785156878.390778065,15,268.343750,2011.000
1785156878.390778065,15,269.968750,2013.500
1785156878.390778065,15,271.593750,2006.750
1785156878.390778065,15,273.218750,2016.500
1785156878.390778065,15,274.890625,2030.750
1785156878.390778065,15,276.515625,2035.500
1785156878.390778065,14,278.140625,2038.750
1785156878.390778065,15,279.765625,2041.250
1785156878.390778065,15,281.406250,2040.000
1785156878.390778065,10,296.062500,2255.500
1785156878.390778065,15,297.718750,2275.000
1785156878.390778065,6,299.421875,2327.250
1785156878.390778065,15,301.046875,2371.000
1785156878.390778065,12,302.671875,2412.000
1785156878.390778065,8,304.312500,2449.500
1785156878.390778065,15,305.953125,2486.750
1785156878.390778065,8,307.578125,2538.000
1785156878.390778065,13,309.218750,2594.250
1785156878.390778065,10,310.859375,2650.500
1785156878.390778065,15,312.484375,2701.250
1785156878.390778065,6,314.109375,2763.750
1785156878.390778065,15,317.359375,2935.750
1785156878.390778065,8,319.000000,3010.250
1785156878.390778065,15,348.265625,7142.250
1785156878.390778065,15,349.906250,7093.250
1785156878.502614975,15,351.546875,7028.000
1785156878.502614975,15,353.203125,6951.750
1785156878.502614975,15,354.843750,6911.250
1785156878.502614975,15,356.484375,6937.750
1785156878.502614975,15,358.140625,6931.500
1785156878.502614975,15,359.765625,6894.000
1785156878.502614975,15,1.406250,6873.250
1785156878.502614975,15,3.062500,6867.000
1785156878.502614975,15,4.687500,6902.500
1785156878.502614975,15,6.328125,6927.500
1785156878.502614975,15,7.968750,6917.000
1785156878.502614975,15,9.609375,6903.250
1785156878.502614975,15,19.421875,7379.000
1785156878.502614975,15,22.703125,7448.500
1785156878.502614975,15,47.328125,105.750
1785156878.502614975,15,198.875000,1392.500
1785156878.502614975,15,200.500000,1381.750
1785156878.502614975,15,202.140625,1375.000
1785156878.502614975,15,203.750000,1385.000
1785156878.502614975,12,205.296875,1405.000
1785156878.502614975,9,206.937500,1416.250
1785156878.502614975,15,208.609375,1426.500
1785156878.502614975,15,217.859375,3165.750
1785156878.502614975,15,222.796875,2883.750
1785156878.502614975,15,226.109375,2727.250
1785156878.502614975,14,227.703125,2665.750
1785156878.502614975,10,229.406250,2596.250
1785156878.502614975,15,231.000000,2529.750
1785156878.502614975,13,232.671875,2474.000
1785156878.502614975,15,234.312500,2432.250
1785156878.502614975,7,235.968750,2397.500
1785156878.502614975,12,237.625000,2356.250
1785156878.502614975,15,239.218750,2320.250
1785156878.502614975,15,240.875000,2294.250
1785156878.502614975,15,242.515625,2267.250
1785156878.502614975,9,244.156250,2248.750
1785156878.502614975,15,255.671875,2072.750
1785156878.502614975,15,257.328125,2049.000
1785156878.502614975,15,258.953125,2039.500
1785156878.502614975,15,260.609375,2036.750
1785156878.502614975,15,262.250000,2038.250
1785156878.502614975,15,263.875000,2031.250
1785156878.502614975,15,265.500000,2030.250
1785156878.502614975,15,267.171875,2032.250
1785156878.502614975,15,268.796875,2028.750
1785156878.502614975,15,270.421875,2029.750
1785156878.502614975,15,272.062500,2014.750
1785156878.502614975,15,273.718750,2015.750
1785156878.502614975,15,275.375000,2034.250
1785156878.502614975,15,276.984375,2037.250
1785156878.502614975,12,278.656250,2039.500
1785156878.502614975,15,280.250000,2041.500
1785156878.502614975,15,281.921875,2041.750
1785156878.502614975,9,288.437500,2065.750
1785156878.502614975,15,296.546875,2242.000
1785156878.502614975,15,298.187500,2267.250
1785156878.502614975,15,299.921875,2292.750
1785156878.502614975,6,301.515625,2321.000
1785156878.502614975,15,303.171875,2373.500
1785156878.502614975,9,304.781250,2426.250
1785156878.502614975,15,306.437500,2464.750
1785156878.502614975,10,308.031250,2512.000
1785156878.502614975,15,309.687500,2557.750
1785156878.502614975,8,311.296875,2606.000
1785156878.502614975,15,312.937500,2660.500
1785156878.502614975,11,314.578125,2717.500
1785156878.502614975,15,317.812500,2891.250
1785156878.502614975,15,319.453125,2959.500
1785156878.502614975,15,348.765625,7137.500
1785156878.617722988,15,350.406250,7110.500
1785156878.617722988,15,352.046875,7042.250
1785156878.617722988,15,353.687500,7000.250
1785156878.617722988,15,355.343750,6980.750
1785156878.617722988,15,356.984375,6930.750
1785156878.617722988,15,358.625000,6935.250
1785156878.617722988,15,0.281250,6901.500
1785156878.617722988,15,1.906250,6880.500
1785156878.617722988,15,3.562500,6905.750
1785156878.617722988,15,5.203125,6902.750
1785156878.617722988,15,6.843750,6903.750
1785156878.617722988,15,8.484375,6940.250
1785156878.617722988,15,10.125000,6947.750
1785156878.617722988,14,16.593750,7330.250
1785156878.617722988,15,19.859375,7352.000
1785156878.617722988,15,23.125000,7428.000
1785156878.617722988,15,46.187500,107.250
1785156878.617722988,15,47.703125,105.250
1785156878.617722988,15,183.531250,9414.500
1785156878.617722988,15,185.156250,9392.500
1785156878.617722988,15,199.218750,1403.500
1785156878.617722988,15,200.828125,1389.500
1785156878.617722988,9,202.421875,1391.250
1785156878.617722988,15,204.031250,1384.250
1785156878.617722988,15,205.640625,1385.250
1785156878.617722988,15,208.921875,1408.250
1785156878.617722988,15,219.812500,3031.000
1785156878.617722988,9,223.125000,2855.000
1785156878.617722988,11,226.421875,2686.000
1785156878.617722988,15,228.062500,2620.750
1785156878.617722988,15,229.687500,2561.750
1785156878.617722988,15,231.343750,2495.750
1785156878.617722988,15,232.968750,2451.000
1785156878.617722988,13,236.296875,2344.500
1785156878.617722988,15,237.937500,2307.000
1785156878.617722988,15,239.578125,2274.250
1785156878.617722988,15,241.187500,2261.250
1785156878.617722988,8,242.859375,2244.250
1785156878.617722988,15,256.000000,2051.000
1785156878.617722988,15,257.671875,2042.000
1785156878.617722988,15,259.328125,2032.500
1785156878.617722988,15,260.937500,2022.250
1785156878.617722988,15,262.562500,2023.750
1785156878.617722988,15,264.234375,2028.500
1785156878.617722988,15,265.843750,2028.000
1785156878.617722988,15,267.468750,2026.750
1785156878.617722988,15,269.140625,2019.750
1785156878.617722988,15,270.750000,2018.750
1785156878.617722988,15,272.390625,2015.250
1785156878.617722988,15,274.015625,2020.000
1785156878.617722988,15,275.640625,2038.500
1785156878.617722988,15,277.234375,2042.250
1785156878.617722988,15,278.906250,2045.500
1785156878.617722988,9,280.500000,2054.750
1785156878.617722988,10,282.140625,2059.500
1785156878.617722988,15,295.125000,2240.500
1785156878.617722988,15,296.765625,2260.250
1785156878.617722988,15,298.375000,2293.750
1785156878.617722988,8,300.125000,2336.500
1785156878.617722988,15,301.734375,2378.750
1785156878.617722988,11,303.375000,2418.500
1785156878.617722988,8,305.000000,2457.250
1785156878.617722988,14,306.625000,2498.250
1785156878.617722988,15,308.265625,2552.500
1785156878.617722988,15,309.859375,2602.500
1785156878.617722988,15,311.484375,2658.250
1785156878.617722988,15,313.140625,2718.500
1785156878.617722988,15,314.734375,2781.250
1785156878.617722988,7,316.375000,2865.750
1785156878.617722988,15,317.984375,2931.500
1785156878.617722988,7,319.609375,2994.000
1785156878.617722988,15,321.265625,3082.500
1785156878.617722988,15,348.984375,7132.750
1785156878.728585958,15,350.640625,7094.750
1785156878.728585958,15,352.265625,7049.750
1785156878.728585958,15,353.921875,6997.250
1785156878.728585958,15,355.562500,6980.500
1785156878.728585958,15,357.218750,6969.750
1785156878.728585958,15,358.859375,6912.250
1785156878.728585958,15,0.500000,6876.250
1785156878.728585958,15,2.140625,6882.250
1785156878.728585958,15,3.781250,6866.500
1785156878.728585958,15,5.421875,6899.250
1785156878.728585958,15,7.078125,6941.250
1785156878.728585958,15,8.718750,6962.500
1785156878.728585958,15,16.812500,7224.250
1785156878.728585958,15,20.078125,7280.750
1785156878.728585958,15,23.359375,7424.250
1785156878.728585958,15,47.203125,107.000
1785156878.728585958,15,48.890625,105.000
1785156878.728585958,7,178.812500,10286.250
1785156878.728585958,15,180.437500,10357.000
1785156878.728585958,15,183.734375,9495.250
1785156878.728585958,10,185.375000,9484.000
1785156878.728585958,15,201.000000,1402.250
1785156878.728585958,15,202.671875,1392.000
1785156878.728585958,15,204.265625,1389.750
1785156878.728585958,9,207.500000,1405.000
1785156878.728585958,15,209.187500,1413.500
1785156878.728585958,15,210.765625,1429.250
1785156878.728585958,15,221.703125,2900.000
1785156878.728585958,13,226.687500,2649.500
1785156878.728585958,15,229.984375,2504.000
1785156878.728585958,13,231.656250,2467.250
1785156878.728585958,15,233.312500,2419.750
1785156878.728585958,11,234.953125,2361.500
1785156878.728585958,15,236.578125,2311.000
1785156878.728585958,15,238.265625,2279.500
1785156878.728585958,11,239.890625,2256.000
1785156878.728585958,13,254.703125,2057.000
1785156878.728585958,15,256.328125,2047.000
1785156878.728585958,15,258.000000,2034.750
1785156878.728585958,15,259.625000,2022.750
1785156878.728585958,15,261.265625,2012.750
1785156878.728585958,15,262.890625,2010.250
1785156878.728585958,15,264.531250,2009.250
1785156878.728585958,15,266.171875,2005.500
1785156878.728585958,15,267.812500,2007.000
1785156878.728585958,15,269.468750,2000.750
1785156878.728585958,15,271.078125,2001.250
1785156878.728585958,15,272.765625,1993.250
1785156878.728585958,15,274.390625,1998.250
1785156878.728585958,15,275.937500,2013.000
1785156878.728585958,15,277.578125,2017.250
1785156878.728585958,15,279.187500,2028.750
1785156878.728585958,15,280.828125,2032.250
1785156878.728585958,15,282.453125,2041.000
1785156878.728585958,15,298.796875,2265.250
1785156878.728585958,8,300.453125,2305.750
1785156878.728585958,6,302.062500,2341.250
1785156878.728585958,15,303.687500,2386.000
1785156878.728585958,6,305.328125,2434.250
1785156878.728585958,15,306.953125,2489.000
1785156878.728585958,7,308.593750,2535.000
1785156878.728585958,15,310.218750,2572.250
1785156878.728585958,9,311.828125,2633.000
1785156878.728585958,15,313.468750,2690.250
1785156878.728585958,9,315.093750,2745.500
1785156878.728585958,15,318.343750,2934.250
1785156878.728585958,7,319.953125,3007.250
1785156878.728585958,12,321.578125,3080.500
1785156878.728585958,15,349.281250,7148.750
1785156878.842550993,15,350.937500,7095.000
1785156878.842550993,15,352.562500,7035.750
1785156878.842550993,15,354.218750,6995.750
1785156878.842550993,15,355.859375,6969.750
1785156878.842550993,15,357.484375,6950.250
1785156878.842550993,15,359.140625,6908.000
1785156878.842550993,15,0.781250,6884.000
1785156878.842550993,15,2.421875,6902.250
1785156878.842550993,15,4.046875,6908.000
1785156878.842550993,15,5.703125,6911.250
1785156878.842550993,15,7.343750,6925.250
1785156878.842550993,15,8.984375,6970.500
1785156878.842550993,15,17.078125,7242.000
1785156878.842550993,15,23.609375,7475.250
1785156878.842550993,15,25.250000,7566.250
1785156878.842550993,15,46.687500,106.500
1785156878.842550993,15,48.875000,104.750
1785156878.842550993,15,51.578125,101.750
1785156878.842550993,8,185.562500,8392.750
1785156878.842550993,15,201.109375,1427.000
1785156878.842550993,15,202.765625,1407.750
1785156878.842550993,15,204.484375,1399.000
1785156878.842550993,15,209.390625,1402.000
1785156878.842550993,15,210.937500,1416.750
1785156878.842550993,15,221.890625,2886.000
1785156878.842550993,15,225.203125,2715.250
1785156878.842550993,15,226.906250,2647.750
1785156878.842550993,15,230.187500,2502.500
1785156878.842550993,15,231.843750,2457.750
1785156878.842550993,15,233.500000,2398.750
1785156878.842550993,15,235.171875,2339.750
1785156878.842550993,15,236.812500,2301.250
1785156878.842550993,15,238.468750,2280.500
1785156878.842550993,15,240.125000,2262.750
1785156878.842550993,15,253.265625,2069.250
1785156878.842550993,15,254.890625,2046.500
1785156878.842550993,15,256.531250,2029.250
1785156878.842550993,15,258.171875,2014.750
1785156878.842550993,15,259.796875,2008.500
1785156878.842550993,15,261.453125,2001.250
1785156878.842550993,15,263.093750,1994.500
1785156878.842550993,15,264.734375,1992.000
1785156878.842550993,15,266.390625,1990.250
1785156878.842550993,15,268.000000,1984.250
1785156878.842550993,15,269.640625,1973.000
1785156878.842550993,15,271.281250,1977.500
1785156878.842550993,15,272.890625,1987.000
1785156878.842550993,15,274.531250,1994.000
1785156878.842550993,15,276.093750,2001.250
1785156878.842550993,15,277.734375,2004.500
1785156878.842550993,15,279.375000,2011.250
1785156878.842550993,15,280.984375,2019.000
1785156878.842550993,15,282.625000,2028.750
1785156878.842550993,15,284.265625,2026.500
1785156878.842550993,15,290.765625,2038.250
1785156878.842550993,15,299.000000,2247.250
1785156878.842550993,15,300.625000,2280.750
1785156878.842550993,15,302.265625,2311.000
1785156878.842550993,8,305.500000,2423.750
1785156878.842550993,15,307.140625,2472.000
1785156878.842550993,15,308.765625,2508.750
1785156878.842550993,9,312.000000,2633.250
1785156878.842550993,15,313.656250,2696.250
1785156878.842550993,13,315.234375,2750.250
1785156878.842550993,15,318.515625,2929.750
1785156878.842550993,6,320.140625,3005.500
1785156878.842550993,15,321.765625,3092.250
1785156878.842550993,10,339.671875,5132.750
1785156878.842550993,15,349.375000,7166.250
1785156878.954095125,15,351.015625,7118.500
1785156878.954095125,15,352.656250,7052.750
1785156878.954095125,15,354.281250,7001.250
1785156878.954095125,15,355.937500,6977.750
1785156878.954095125,15,357.562500,6953.250
1785156878.954095125,15,359.187500,6937.500
1785156878.954095125,15,2.468750,6908.250
1785156878.954095125,15,4.109375,6892.250
1785156878.954095125,15,5.750000,6913.250
1785156878.954095125,15,7.390625,6968.500
1785156878.954095125,15,9.031250,6980.500
1785156878.954095125,15,10.609375,6957.750
1785156878.954095125,9,17.125000,7313.000
1785156878.954095125,14,22.031250,7387.750
1785156878.954095125,15,23.656250,7458.750
1785156878.954095125,15,25.296875,7509.500
1785156878.954095125,15,46.875000,106.500
1785156878.954095125,15,48.812500,104.500
1785156878.954095125,15,50.875000,101.500
1785156878.954095125,15,204.453125,1410.500
1785156878.954095125,15,206.140625,1395.750
1785156878.954095125,15,207.765625,1390.750
1785156878.954095125,15,209.390625,1398.500
1785156878.954095125,15,210.984375,1412.250
1785156878.954095125,15,212.640625,1429.750
1785156878.954095125,15,225.234375,2774.000
1785156878.954095125,9,226.859375,2700.500
1785156878.954095125,15,228.500000,2630.250
1785156878.954095125,15,231.812500,2503.000
1785156878.954095125,15,233.468750,2462.250
1785156878.954095125,15,235.125000,2398.500
1785156878.954095125,8,236.734375,2354.250
1785156878.954095125,15,238.406250,2322.750
1785156878.954095125,15,240.062500,2290.750
1785156878.954095125,15,241.656250,2270.000
1785156878.954095125,8,243.312500,2250.250
1785156878.954095125,15,258.125000,2071.500
1785156878.954095125,15,259.750000,2043.750
1785156878.954095125,15,261.390625,2037.000
1785156878.954095125,15,263.015625,2032.250
1785156878.954095125,15,264.625000,2029.000
1785156878.954095125,15,266.250000,2025.750
1785156878.954095125,15,267.890625,2024.750
1785156878.954095125,15,269.562500,2021.250
1785156878.954095125,15,271.187500,2024.000
1785156878.954095125,15,272.828125,2031.250
1785156878.954095125,15,274.453125,2018.000
1785156878.954095125,15,276.046875,2023.500
1785156878.954095125,15,277.718750,2041.750
1785156878.954095125,10,279.312500,2044.500
1785156878.954095125,15,280.953125,2049.000
1785156878.954095125,11,282.593750,2053.000
1785156878.954095125,8,284.218750,2058.750
1785156878.954095125,15,297.218750,2257.500
1785156878.954095125,15,298.984375,2274.500
1785156878.954095125,9,300.609375,2312.750
1785156878.954095125,14,302.234375,2344.500
1785156878.954095125,15,303.890625,2380.750
1785156878.954095125,7,305.500000,2428.000
1785156878.954095125,15,308.765625,2524.250
1785156878.954095125,12,312.031250,2634.000
1785156878.954095125,15,313.656250,2694.500
1785156878.954095125,7,315.296875,2752.000
1785156878.954095125,15,318.546875,2929.750
1785156878.954095125,15,320.156250,3003.750
1785156878.954095125,15,321.781250,3087.250
1785156878.954095125,15,349.390625,7164.500
1785156879.065809965,15,351.015625,7121.500
1785156879.065809965,15,352.656250,7062.500
1785156879.065809965,15,354.296875,7008.750
1785156879.065809965,15,355.937500,6982.000
1785156879.065809965,15,357.578125,6959.750
1785156879.065809965,15,359.218750,6941.750
1785156879.065809965,15,0.843750,6925.750
1785156879.065809965,15,2.500000,6902.250
1785156879.065809965,15,4.125000,6886.250
1785156879.065809965,15,5.765625,6877.500
1785156879.065809965,15,7.406250,6877.000
1785156879.065809965,15,9.046875,6912.500
1785156879.065809965,15,23.671875,7472.250
1785156879.065809965,15,25.312500,7494.250
1785156879.065809965,15,46.578125,106.500
1785156879.065809965,15,49.515625,104.500
1785156879.065809965,13,51.109375,101.750
1785156879.065809965,9,187.203125,8404.750
1785156879.065809965,15,204.437500,1428.500
1785156879.065809965,15,206.109375,1412.750
1785156879.065809965,15,207.781250,1399.500
1785156879.065809965,15,209.406250,1398.250
1785156879.065809965,15,211.046875,1405.000
1785156879.065809965,15,212.640625,1419.750
1785156879.065809965,15,214.250000,1442.000
1785156879.065809965,15,221.953125,2897.250
1785156879.065809965,15,226.890625,2647.500
1785156879.065809965,8,228.531250,2591.750
1785156879.065809965,15,230.218750,2525.750
1785156879.065809965,9,231.828125,2468.500
1785156879.065809965,15,233.468750,2437.500
1785156879.065809965,15,236.796875,2327.000
1785156879.065809965,15,238.406250,2289.750
1785156879.065809965,15,240.062500,2263.750
1785156879.065809965,9,241.687500,2240.750
1785156879.065809965,11,253.156250,2085.750
1785156879.065809965,15,254.812500,2066.000
1785156879.065809965,15,256.453125,2042.500
1785156879.065809965,15,258.078125,2030.000
1785156879.065809965,15,259.750000,2020.500
1785156879.065809965,15,261.375000,2014.250
1785156879.065809965,15,263.000000,2009.250
1785156879.065809965,15,264.640625,2006.000
1785156879.065809965,15,266.281250,2013.250
1785156879.065809965,15,267.906250,2021.500
1785156879.065809965,15,269.546875,2020.250
1785156879.065809965,15,271.171875,2009.500
1785156879.065809965,15,272.781250,2015.000
1785156879.065809965,15,274.484375,2009.500
1785156879.065809965,15,276.031250,2015.500
1785156879.065809965,13,277.656250,2039.500
1785156879.065809965,15,279.312500,2041.750
1785156879.065809965,14,280.906250,2048.000
1785156879.065809965,12,282.531250,2052.000
1785156879.065809965,10,284.187500,2057.250
1785156879.065809965,15,297.187500,2251.000
1785156879.065809965,15,298.906250,2270.000
1785156879.065809965,4,300.562500,2319.750
1785156879.065809965,9,302.171875,2353.750
1785156879.065809965,15,303.796875,2388.750
1785156879.065809965,7,305.421875,2433.750
1785156879.065809965,15,308.703125,2541.250
1785156879.065809965,15,311.953125,2650.000
1785156879.065809965,15,313.609375,2695.500
1785156879.065809965,14,318.453125,2964.000
1785156879.065809965,15,320.062500,3045.500
1785156879.065809965,12,321.703125,3132.500
1785156879.065809965,15,347.687500,7234.750
1785156879.065809965,15,349.328125,7170.500
1785156879.180868149,15,350.968750,7129.000
1785156879.180868149,15,352.609375,7099.750
1785156879.180868149,15,354.250000,7047.000
1785156879.180868149,15,355.890625,6988.500
1785156879.180868149,15,357.531250,6967.500
1785156879.180868149,15,359.156250,6952.750
1785156879.180868149,15,0.796875,6918.750
1785156879.180868149,15,2.453125,6901.000
1785156879.180868149,15,4.093750,6894.750
1785156879.180868149,15,5.718750,6877.250
1785156879.180868149,15,7.359375,6878.500
1785156879.180868149,15,9.000000,6912.750
1785156879.180868149,15,22.046875,7422.500
1785156879.180868149,15,23.687500,7416.750
1785156879.180868149,15,25.328125,7496.000
1785156879.180868149,15,46.250000,106.500
1785156879.180868149,15,49.359375,104.500
1785156879.180868149,15,51.093750,101.500
1785156879.180868149,7,187.203125,8349.750
1785156879.180868149,15,204.453125,1442.000
1785156879.180868149,15,206.046875,1435.250
1785156879.180868149,15,207.687500,1427.500
1785156879.180868149,15,209.328125,1410.000
1785156879.180868149,15,211.015625,1410.750
1785156879.180868149,15,212.578125,1415.000
1785156879.180868149,15,214.250000,1429.750
1785156879.180868149,8,223.562500,2851.750
1785156879.180868149,15,225.187500,2771.500
1785156879.180868149,9,226.828125,2692.000
1785156879.180868149,15,228.468750,2625.000
1785156879.180868149,15,231.750000,2491.500
1785156879.180868149,10,233.390625,2468.000
1785156879.180868149,5,235.046875,2415.250
1785156879.180868149,10,236.687500,2360.750
1785156879.180868149,7,238.312500,2322.000
1785156879.180868149,15,239.984375,2293.000
1785156879.180868149,15,241.625000,2265.250
1785156879.180868149,7,243.250000,2244.750
1785156879.180868149,15,258.031250,2050.750
1785156879.180868149,15,259.656250,2039.250
1785156879.180868149,15,261.359375,2034.250
1785156879.180868149,15,262.937500,2029.000
1785156879.180868149,15,264.609375,2023.000
1785156879.180868149,15,266.218750,2022.250
1785156879.180868149,15,267.875000,2021.500
1785156879.180868149,15,269.484375,2020.500
1785156879.180868149,15,271.125000,2015.250
1785156879.180868149,15,272.781250,2019.750
1785156879.180868149,15,274.421875,2031.250
1785156879.180868149,15,276.062500,2036.000
1785156879.180868149,15,277.687500,2037.250
1785156879.180868149,15,279.296875,2040.500
1785156879.180868149,12,280.968750,2048.000
1785156879.180868149,8,282.593750,2054.000
1785156879.180868149,15,297.234375,2256.500
1785156879.180868149,15,298.921875,2276.750
1785156879.180868149,5,300.562500,2321.500
1785156879.180868149,15,302.171875,2381.500
1785156879.180868149,8,303.796875,2425.500
1785156879.180868149,8,305.437500,2454.000
1785156879.180868149,8,307.078125,2499.750
1785156879.180868149,10,308.687500,2543.750
1785156879.180868149,15,311.968750,2651.750
1785156879.180868149,14,313.593750,2699.000
1785156879.180868149,15,315.218750,2766.250
1785156879.180868149,14,320.062500,3045.250
1785156879.180868149,13,321.718750,3117.250
1785156879.180868149,15,349.343750,7181.250
1785156879.291810989,15,351.000000,7139.000
1785156879.291810989,15,352.640625,7108.000
1785156879.291810989,15,354.281250,7055.750
1785156879.291810989,15,355.906250,7031.250
1785156879.291810989,15,357.546875,7007.750
1785156879.291810989,15,359.203125,6960.000
1785156879.291810989,15,0.843750,6921.500
1785156879.291810989,15,2.484375,6890.000
1785156879.291810989,15,4.125000,6884.250
1785156879.291810989,15,5.765625,6880.000
1785156879.291810989,15,7.406250,6883.500
1785156879.291810989,15,9.046875,6909.250
1785156879.291810989,9,18.859375,7305.000
1785156879.291810989,15,22.140625,7372.500
1785156879.291810989,15,25.421875,7427.000
1785156879.291810989,15,46.531250,106.250
1785156879.291810989,15,49.859375,104.500
1785156879.291810989,15,51.812500,101.500
1785156879.291810989,15,206.093750,1447.500
1785156879.291810989,15,207.656250,1449.250
1785156879.291810989,15,209.343750,1435.750
1785156879.291810989,15,211.015625,1426.500
1785156879.291810989,15,212.656250,1426.500
1785156879.291810989,15,214.281250,1429.250
1785156879.291810989,15,215.859375,1448.750
1785156879.291810989,9,226.875000,2670.000
1785156879.291810989,9,228.531250,2615.500
1785156879.291810989,12,231.828125,2477.250
1785156879.291810989,11,233.453125,2449.250
1785156879.291810989,7,235.140625,2402.250
1785156879.291810989,8,236.765625,2352.000
1785156879.291810989,15,238.421875,2310.000
1785156879.291810989,15,240.078125,2280.500
1785156879.291810989,9,241.703125,2252.000
1785156879.291810989,12,254.843750,2078.750
1785156879.291810989,15,256.515625,2064.250
1785156879.291810989,15,258.156250,2049.000
1785156879.291810989,15,259.765625,2038.000
1785156879.291810989,15,261.406250,2032.750
1785156879.291810989,15,263.015625,2028.500
1785156879.291810989,15,264.671875,2026.500
1785156879.291810989,15,266.281250,2026.750
1785156879.291810989,15,267.953125,2028.250
1785156879.291810989,15,269.578125,2035.250
1785156879.291810989,15,271.203125,2037.750
1785156879.291810989,12,272.859375,2041.500
1785156879.291810989,11,274.515625,2041.250
1785156879.291810989,15,276.140625,2036.750
1785156879.291810989,10,277.718750,2056.500
1785156879.291810989,15,297.328125,2257.250
1785156879.291810989,15,299.015625,2289.750
1785156879.291810989,5,300.656250,2337.750
1785156879.291810989,15,302.250000,2393.000
1785156879.291810989,11,303.906250,2433.250
1785156879.291810989,15,305.531250,2457.000
1785156879.291810989,7,307.156250,2504.000
1785156879.291810989,15,308.765625,2570.000
1785156879.291810989,10,310.375000,2625.500
1785156879.291810989,15,312.046875,2669.250
1785156879.291810989,15,315.281250,2812.250
1785156879.291810989,8,318.531250,3001.500
1785156879.291810989,15,320.156250,3079.000
1785156879.291810989,15,349.468750,7188.750
1785156879.403199911,15,351.109375,7148.500
1785156879.403199911,15,352.734375,7129.500
1785156879.403199911,15,354.390625,7121.750
1785156879.403199911,15,356.031250,7077.750
1785156879.403199911,15,357.671875,7026.250
1785156879.403199911,15,359.312500,6967.000
1785156879.403199911,15,0.968750,6919.500
1785156879.403199911,15,2.593750,6903.000
1785156879.403199911,15,4.250000,6882.750
1785156879.403199911,15,5.875000,6882.500
1785156879.403199911,15,7.515625,6955.000
1785156879.403199911,15,9.171875,6952.250
1785156879.403199911,15,10.734375,6863.750
1785156879.403199911,15,46.812500,106.250
1785156879.403199911,15,49.843750,104.500
1785156879.403199911,15,207.765625,1450.000
1785156879.403199911,15,211.062500,1453.750
1785156879.403199911,15,212.687500,1447.000
1785156879.403199911,15,214.328125,1438.500
1785156879.403199911,15,215.937500,1442.750
1785156879.403199911,15,217.593750,1461.000
1785156879.403199911,14,225.281250,2704.000
1785156879.403199911,15,226.906250,2638.750
1785156879.403199911,10,228.562500,2577.500
1785156879.403199911,15,231.843750,2438.000
1785156879.403199911,9,233.515625,2393.250
1785156879.403199911,11,235.156250,2345.000
1785156879.403199911,15,236.781250,2312.500
1785156879.403199911,15,238.421875,2274.000
1785156879.403199911,11,240.062500,2249.750
1785156879.403199911,13,253.250000,2061.500
1785156879.403199911,15,254.921875,2050.750
1785156879.403199911,15,256.578125,2049.250
1785156879.403199911,15,258.218750,2037.000
1785156879.403199911,15,259.843750,2020.250
1785156879.403199911,15,261.468750,2009.000
1785156879.403199911,15,263.109375,2006.750
1785156879.403199911,15,264.750000,2010.000
1785156879.403199911,15,266.375000,2006.750
1785156879.403199911,15,268.015625,2010.000
1785156879.403199911,15,269.656250,2014.000
1785156879.403199911,15,271.265625,2024.500
1785156879.403199911,15,272.953125,2028.000
1785156879.403199911,15,274.562500,2029.000
1785156879.403199911,15,276.156250,2010.250
1785156879.403199911,14,277.796875,2015.750
1785156879.403199911,15,279.437500,2046.500
1785156879.403199911,9,282.703125,2058.500
1785156879.403199911,15,297.328125,2268.000
1785156879.403199911,15,299.031250,2300.500
1785156879.403199911,15,300.671875,2336.250
1785156879.403199911,15,302.312500,2390.250
1785156879.403199911,9,303.953125,2433.000
1785156879.403199911,15,305.578125,2472.750
1785156879.403199911,8,307.187500,2533.750
1785156879.403199911,15,308.796875,2594.750
1785156879.403199911,15,310.437500,2651.750
1785156879.403199911,13,312.078125,2710.250
1785156879.403199911,9,313.718750,2768.250
1785156879.403199911,12,315.328125,2837.750
1785156879.403199911,15,316.968750,2921.750
1785156879.403199911,8,318.593750,3005.250
1785156879.403199911,15,321.828125,3191.250
1785156879.403199911,15,349.546875,7219.500
1785156879.518256187,15,351.187500,7180.500
1785156879.518256187,15,352.828125,7145.000
1785156879.518256187,15,354.468750,7114.500
1785156879.518256187,15,356.125000,7071.000
1785156879.518256187,15,357.750000,7025.250
1785156879.518256187,15,359.390625,6967.750
1785156879.518256187,15,1.046875,6919.750
1785156879.518256187,15,4.328125,6933.000
1785156879.518256187,15,5.968750,6929.500
1785156879.518256187,15,7.609375,6892.250
1785156879.518256187,15,9.265625,6878.500
1785156879.518256187,15,10.828125,6894.750
1785156879.518256187,15,22.250000,7283.500
1785156879.518256187,15,25.531250,7360.250
1785156879.518256187,15,47.906250,106.250
1785156879.518256187,15,208.015625,1455.500
1785156879.518256187,15,209.625000,1449.750
1785156879.518256187,15,211.250000,1454.250
1785156879.518256187,15,212.921875,1447.000
1785156879.518256187,15,214.562500,1436.750
1785156879.518256187,15,216.234375,1438.000
1785156879.518256187,15,217.843750,1457.500
1785156879.518256187,13,227.203125,2681.750
1785156879.518256187,15,228.875000,2620.750
1785156879.518256187,11,230.500000,2563.500
1785156879.518256187,11,232.171875,2501.000
1785156879.518256187,15,233.796875,2446.750
1785156879.518256187,6,235.453125,2407.250
1785156879.518256187,10,237.125000,2361.500
1785156879.518256187,15,238.781250,2318.250
1785156879.518256187,15,240.421875,2281.250
1785156879.518256187,11,242.046875,2254.500
1785156879.518256187,9,255.250000,2084.250
1785156879.518256187,15,256.890625,2068.000
1785156879.518256187,15,258.546875,2043.250
1785156879.518256187,15,260.171875,2030.500
1785156879.518256187,15,261.828125,2025.750
1785156879.518256187,15,263.453125,2017.750
1785156879.518256187,15,265.078125,2013.000
1785156879.518256187,15,266.718750,2007.250
1785156879.518256187,15,268.359375,2009.500
1785156879.518256187,15,269.984375,2012.500
1785156879.518256187,15,271.625000,2007.750
1785156879.518256187,15,273.281250,2000.500
1785156879.518256187,15,274.875000,2013.000
1785156879.518256187,15,276.500000,2014.500
1785156879.518256187,15,278.109375,2017.500
1785156879.518256187,15,279.750000,2038.250
1785156879.518256187,13,281.359375,2039.000
1785156879.518256187,12,283.015625,2042.250
1785156879.518256187,11,284.671875,2051.500
1785156879.518256187,9,286.312500,2064.000
1785156879.518256187,15,299.390625,2259.250
1785156879.518256187,15,301.015625,2288.250
1785156879.518256187,6,302.656250,2327.500
1785156879.518256187,15,304.296875,2375.750
1785156879.518256187,9,305.953125,2422.000
1785156879.518256187,10,307.546875,2458.750
1785156879.518256187,9,309.171875,2515.250
1785156879.518256187,11,310.796875,2564.250
1785156879.518256187,12,312.437500,2614.500
1785156879.518256187,15,314.093750,2662.000
1785156879.518256187,15,317.328125,2839.500
1785156879.518256187,7,320.562500,3017.250
1785156879.518256187,13,322.234375,3092.750
1785156879.518256187,15,349.890625,7242.250
1785156879.628684998,15,351.546875,7192.000
1785156879.628684998,15,353.187500,7164.500
1785156879.628684998,15,354.828125,7137.500
1785156879.628684998,15,356.484375,7083.750
1785156879.628684998,15,358.109375,7025.000
1785156879.628684998,15,359.765625,6980.500
1785156879.628684998,15,1.390625,6950.250
1785156879.628684998,15,4.687500,6930.000
1785156879.628684998,15,6.328125,6892.750
1785156879.628684998,15,7.968750,6878.750
1785156879.628684998,15,9.609375,6897.750
1785156879.628684998,15,19.328125,7193.500
1785156879.628684998,15,25.875000,7465.000
1785156879.628684998,15,48.296875,106.000
1785156879.628684998,15,213.109375,1448.500
1785156879.628684998,15,214.765625,1455.250
1785156879.628684998,15,216.421875,1453.000
1785156879.628684998,15,218.062500,1454.250
1785156879.628684998,15,219.640625,1477.000
1785156879.628684998,15,227.375000,2639.000
1785156879.628684998,11,229.031250,2582.500
1785156879.628684998,15,230.703125,2518.500
1785156879.628684998,14,232.359375,2467.750
1785156879.628684998,9,234.000000,2413.500
1785156879.628684998,12,235.656250,2364.000
1785156879.628684998,15,237.281250,2324.000
1785156879.628684998,15,238.921875,2294.000
1785156879.628684998,15,240.593750,2270.000
1785156879.628684998,9,242.187500,2243.250
1785156879.628684998,11,255.359375,2076.750
1785156879.628684998,13,256.984375,2067.750
1785156879.628684998,15,258.609375,2054.500
1785156879.628684998,15,260.250000,2037.500
1785156879.628684998,15,261.875000,2026.000
1785156879.628684998,15,263.531250,2019.500
1785156879.628684998,15,265.125000,2015.500
1785156879.628684998,15,266.781250,2020.250
1785156879.628684998,15,268.390625,2021.750
1785156879.628684998,15,270.046875,2022.500
1785156879.628684998,15,271.718750,2030.500
1785156879.628684998,15,273.343750,2029.000
1785156879.628684998,10,274.890625,2037.250
1785156879.628684998,9,276.546875,2053.500
1785156879.628684998,12,278.187500,2048.500
1785156879.628684998,11,279.812500,2049.000
1785156879.628684998,15,297.640625,2278.750
1785156879.628684998,11,299.437500,2317.000
1785156879.628684998,6,301.046875,2356.750
1785156879.628684998,15,302.671875,2406.500
1785156879.628684998,15,304.328125,2440.250
1785156879.628684998,15,305.953125,2480.500
1785156879.628684998,8,307.578125,2536.000
1785156879.628684998,14,309.203125,2595.750
1785156879.628684998,9,310.843750,2637.000
1785156879.628684998,14,314.078125,2756.750
1785156879.628684998,15,317.359375,2919.000
1785156879.628684998,6,318.968750,3002.500
1785156879.628684998,15,320.593750,3076.750
1785156879.628684998,15,323.906250,3253.500
1785156879.628684998,15,349.906250,7243.500
1785156879.744732857,15,351.546875,7194.000
1785156879.744732857,15,353.187500,7166.750
1785156879.744732857,15,354.812500,7139.750
1785156879.744732857,15,356.484375,7082.750
1785156879.744732857,15,358.109375,7023.750
1785156879.744732857,15,359.765625,7009.750
1785156879.744732857,15,1.406250,6950.750
1785156879.744732857,15,3.031250,6935.500
1785156879.744732857,15,4.687500,6931.250
1785156879.744732857,15,6.312500,6893.500
1785156879.744732857,15,7.968750,6904.500
1785156879.744732857,15,9.609375,6890.250
1785156879.744732857,15,48.640625,106.250
1785156879.744732857,15,211.609375,1461.750
1785156879.744732857,15,216.500000,1458.000
1785156879.744732857,15,218.140625,1454.000
1785156879.744732857,15,219.765625,1470.500
1785156879.744732857,9,229.171875,2558.250
1785156879.744732857,15,232.484375,2436.500
1785156879.744732857,8,234.109375,2389.250
1785156879.744732857,11,235.750000,2336.750
1785156879.744732857,15,237.406250,2297.000
1785156879.744732857,15,239.062500,2266.500
1785156879.744732857,9,240.671875,2244.000
1785156879.744732857,15,252.140625,2054.250
1785156879.744732857,15,253.781250,2039.250
1785156879.744732857,15,255.390625,2037.250
1785156879.744732857,15,257.046875,2031.750
1785156879.744732857,15,258.671875,2018.250
1785156879.744732857,15,260.296875,2005.500
1785156879.744732857,15,261.921875,1994.000
1785156879.744732857,15,263.562500,1984.750
1785156879.744732857,15,265.203125,1982.750
1785156879.744732857,15,266.828125,1983.000
1785156879.744732857,15,268.453125,1985.000
1785156879.744732857,15,270.109375,1989.250
1785156879.744732857,15,271.750000,1992.750
1785156879.744732857,15,273.343750,1997.000
1785156879.744732857,15,274.984375,2006.250
1785156879.744732857,15,276.609375,2009.500
1785156879.744732857,15,278.265625,1994.000
1785156879.744732857,15,279.859375,2003.250
1785156879.744732857,15,281.484375,2033.000
1785156879.744732857,13,283.140625,2042.500
1785156879.744732857,10,284.765625,2050.750
1785156879.744732857,15,297.765625,2258.000
1785156879.744732857,15,299.515625,2289.250
1785156879.744732857,5,301.171875,2333.750
1785156879.744732857,15,302.796875,2388.250
1785156879.744732857,14,304.437500,2429.750
1785156879.744732857,15,306.062500,2466.000
1785156879.744732857,7,307.687500,2523.000
1785156879.744732857,14,309.312500,2592.500
1785156879.744732857,15,310.937500,2635.750
1785156879.744732857,14,312.562500,2681.250
1785156879.744732857,11,315.828125,2849.000
1785156879.744732857,14,317.453125,2938.500
1785156879.744732857,15,319.062500,3033.000
1785156879.744732857,12,320.703125,3125.750
1785156879.744732857,14,322.343750,3216.750
1785156879.744732857,15,348.296875,7316.250
1785156879.744732857,15,349.937500,7248.250
1785156879.854991198,15,351.562500,7200.750
1785156879.854991198,15,353.203125,7169.750
1785156879.854991198,15,354.859375,7139.500
1785156879.854991198,15,356.484375,7088.750
1785156879.854991198,15,358.140625,7064.500
1785156879.854991198,15,359.765625,7015.250
1785156879.854991198,15,1.390625,6982.750
1785156879.854991198,15,3.046875,6967.000
1785156879.854991198,15,4.687500,6899.750
1785156879.854991198,15,6.328125,6893.500
1785156879.854991198,15,7.968750,6900.000
1785156879.854991198,15,9.593750,6890.000
1785156879.854991198,12,22.640625,7285.000
1785156879.854991198,15,24.296875,7328.750
1785156879.854991198,10,25.906250,7366.750
1785156879.854991198,15,48.046875,106.000
1785156879.854991198,15,211.687500,1483.000
1785156879.854991198,15,213.328125,1481.250
1785156879.854991198,15,214.906250,1474.500
1785156879.854991198,10,216.593750,1478.250
1785156879.854991198,15,218.203125,1474.750
1785156879.854991198,15,219.812500,1469.000
1785156879.854991198,15,221.500000,1493.250
1785156879.854991198,11,229.203125,2569.250
1785156879.854991198,13,232.531250,2441.000
1785156879.854991198,11,234.156250,2398.500
1785156879.854991198,10,235.781250,2353.500
1785156879.854991198,15,237.437500,2316.000
1785156879.854991198,15,239.109375,2280.750
1785156879.854991198,15,253.859375,2062.000
1785156879.854991198,15,255.500000,2048.250
1785156879.854991198,15,257.140625,2045.000
1785156879.854991198,15,258.781250,2033.000
1785156879.854991198,15,260.453125,2024.000
1785156879.854991198,15,262.078125,2019.000
1785156879.854991198,15,263.703125,2011.250
1785156879.854991198,15,265.343750,2009.250
1785156879.854991198,15,266.968750,2008.750
1785156879.854991198,15,268.609375,2004.500
1785156879.854991198,15,270.250000,2007.500
1785156879.854991198,15,271.875000,2014.000
1785156879.854991198,15,273.531250,2015.500
1785156879.854991198,15,275.156250,2018.250
1785156879.854991198,15,276.796875,2026.750
1785156879.854991198,15,278.406250,2013.250
1785156879.854991198,11,280.000000,2019.000
1785156879.854991198,14,281.640625,2049.500
1785156879.854991198,10,283.281250,2057.500
1785156879.854991198,15,297.906250,2259.250
1785156879.854991198,9,299.625000,2297.000
1785156879.854991198,15,301.296875,2356.750
1785156879.854991198,10,302.890625,2410.250
1785156879.854991198,12,304.562500,2443.000
1785156879.854991198,15,306.171875,2480.250
1785156879.854991198,15,307.796875,2540.750
1785156879.854991198,8,309.406250,2599.000
1785156879.854991198,15,311.046875,2635.500
1785156879.854991198,15,314.312500,2801.000
1785156879.854991198,11,315.921875,2867.750
1785156879.854991198,14,320.812500,3129.250
1785156879.854991198,15,322.453125,3217.500
1785156879.854991198,15,348.453125,7352.250
1785156879.854991198,15,350.093750,7265.250
1785156879.966588974,15,351.734375,7221.000
1785156879.966588974,15,353.375000,7185.500
1785156879.966588974,15,355.031250,7147.000
1785156879.966588974,15,356.671875,7109.000
1785156879.966588974,15,358.296875,7043.500
1785156879.966588974,15,359.953125,6991.000
1785156879.966588974,15,1.578125,6988.000
1785156879.966588974,15,3.234375,6971.500
1785156879.966588974,15,4.875000,6927.750
1785156879.966588974,15,6.515625,6881.500
1785156879.966588974,15,8.156250,6874.250
1785156879.966588974,15,9.812500,6884.500
1785156879.966588974,12,16.312500,6963.250
1785156879.966588974,15,19.593750,7109.500
1785156879.966588974,15,21.218750,7216.500
1785156879.966588974,15,24.484375,7303.500
1785156879.966588974,15,47.812500,106.000
1785156879.966588974,15,213.390625,1477.250
1785156879.966588974,15,218.281250,1484.250
1785156879.966588974,15,219.921875,1477.750
1785156879.966588974,15,221.562500,1486.500
1785156879.966588974,15,224.734375,1572.750
1785156879.966588974,9,231.015625,2501.500
1785156879.966588974,15,232.640625,2448.000
1785156879.966588974,11,234.281250,2399.750
1785156879.966588974,15,235.937500,2353.500
1785156879.966588974,15,237.562500,2314.250
1785156879.966588974,15,239.218750,2280.000
1785156879.966588974,11,240.875000,2254.250
1785156879.966588974,14,254.046875,2065.000
1785156879.966588974,13,255.671875,2049.000
1785156879.966588974,15,257.328125,2045.500
1785156879.966588974,15,258.953125,2038.250
1785156879.966588974,15,260.562500,2034.250
1785156879.966588974,15,262.234375,2027.750
1785156879.966588974,15,263.875000,2021.500
1785156879.966588974,15,265.484375,2016.750
1785156879.966588974,15,267.156250,2018.250
1785156879.966588974,15,268.781250,2025.750
1785156879.966588974,15,270.437500,2027.250
1785156879.966588974,15,272.062500,2023.750
1785156879.966588974,15,273.671875,2018.750
1785156879.966588974,15,275.281250,2018.750
1785156879.966588974,15,276.890625,2026.250
1785156879.966588974,15,278.578125,2028.500
1785156879.966588974,14,280.171875,2033.250
1785156879.966588974,12,283.437500,2052.000
1785156879.966588974,15,298.078125,2257.750
1785156879.966588974,15,299.750000,2285.500
1785156879.966588974,7,301.390625,2325.000
1785156879.966588974,15,303.015625,2368.750
1785156879.966588974,15,304.640625,2420.500
1785156879.966588974,15,306.296875,2446.500
1785156879.966588974,15,307.937500,2482.500
1785156879.966588974,15,309.546875,2547.500
1785156879.966588974,10,311.140625,2618.000
1785156879.966588974,15,312.781250,2693.000
1785156879.966588974,15,314.421875,2735.500
1785156879.966588974,9,317.640625,2887.250
1785156879.966588974,15,320.921875,3084.750
1785156879.966588974,11,322.531250,3180.000
1785156879.966588974,15,348.531250,7357.750
1785156879.966588974,15,350.156250,7270.250
1785156880.081560135,15,351.796875,7225.500
1785156880.081560135,15,353.453125,7187.000
1785156880.081560135,15,355.093750,7135.000
1785156880.081560135,15,356.718750,7091.750
1785156880.081560135,15,358.375000,7068.250
1785156880.081560135,15,0.015625,7020.750
1785156880.081560135,15,1.656250,6983.000
1785156880.081560135,15,3.281250,6967.250
1785156880.081560135,15,4.937500,6928.750
1785156880.081560135,15,6.562500,6923.250
1785156880.081560135,15,8.203125,6913.500
1785156880.081560135,15,9.859375,6876.250
1785156880.081560135,15,21.265625,7180.500
1785156880.081560135,15,47.765625,105.750
1785156880.081560135,15,214.921875,1489.000
1785156880.081560135,9,216.578125,1489.750
1785156880.081560135,15,219.906250,1472.250
1785156880.081560135,15,221.484375,1482.000
1785156880.081560135,15,223.062500,1522.250
1785156880.081560135,15,224.750000,1549.000
1785156880.081560135,15,230.875000,2479.750
1785156880.081560135,15,232.546875,2429.000
1785156880.081560135,15,234.171875,2378.250
1785156880.081560135,12,235.859375,2342.000
1785156880.081560135,15,237.453125,2301.250
1785156880.081560135,15,239.140625,2258.000
1785156880.081560135,9,240.750000,2236.250
1785156880.081560135,12,250.578125,2083.750
1785156880.081560135,15,252.250000,2060.000
1785156880.081560135,15,253.890625,2048.000
1785156880.081560135,15,255.531250,2046.000
1785156880.081560135,15,257.171875,2041.250
1785156880.081560135,15,258.828125,2030.750
1785156880.081560135,15,260.453125,2022.000
1785156880.081560135,15,262.078125,2016.500
1785156880.081560135,15,263.718750,2009.500
1785156880.081560135,15,265.359375,2000.750
1785156880.081560135,15,267.000000,1994.500
1785156880.081560135,15,268.625000,1997.250
1785156880.081560135,15,270.250000,2005.250
1785156880.081560135,15,271.890625,2013.500
1785156880.081560135,15,273.515625,2017.500
1785156880.081560135,15,275.156250,2017.750
1785156880.081560135,15,276.796875,2025.750
1785156880.081560135,15,278.390625,2033.750
1785156880.081560135,15,280.031250,2030.250
1785156880.081560135,11,281.671875,2039.750
1785156880.081560135,10,283.312500,2057.250
1785156880.081560135,14,299.625000,2297.500
1785156880.081560135,4,301.250000,2345.250
1785156880.081560135,15,302.859375,2388.500
1785156880.081560135,8,304.500000,2430.250
1785156880.081560135,15,306.140625,2469.750
1785156880.081560135,9,307.750000,2522.000
1785156880.081560135,13,309.406250,2587.750
1785156880.081560135,9,311.031250,2649.750
1785156880.081560135,15,312.640625,2715.250
1785156880.081560135,15,314.281250,2779.250
1785156880.081560135,15,317.500000,2939.250
1785156880.081560135,9,320.734375,3128.750
1785156880.081560135,15,322.390625,3218.000
1785156880.081560135,15,348.390625,7420.500
1785156880.081560135,15,350.015625,7292.500
1785156880.192700863,15,351.656250,7225.250
1785156880.192700863,15,353.312500,7193.000
1785156880.192700863,15,354.937500,7155.750
1785156880.192700863,15,356.578125,7115.250
1785156880.192700863,15,358.218750,7051.250
1785156880.192700863,15,359.859375,6992.000
1785156880.192700863,15,1.500000,6958.250
1785156880.192700863,15,3.140625,6971.500
1785156880.192700863,15,6.406250,6961.250
1785156880.192700863,15,8.046875,6909.250
1785156880.192700863,15,9.687500,6886.000
1785156880.192700863,15,21.031250,7100.250
1785156880.192700863,15,48.062500,106.000
1785156880.192700863,13,216.421875,1485.250
1785156880.192700863,15,218.062500,1499.500
1785156880.192700863,15,221.375000,1491.000
1785156880.192700863,15,224.546875,1538.250
1785156880.192700863,15,226.218750,1549.000
1785156880.192700863,10,232.359375,2459.250
1785156880.192700863,15,234.015625,2410.500
1785156880.192700863,11,235.671875,2374.500
1785156880.192700863,11,237.281250,2336.750
1785156880.192700863,15,238.937500,2299.000
1785156880.192700863,15,240.578125,2269.250
1785156880.192700863,8,242.250000,2241.250
1785156880.192700863,13,253.765625,2073.750
1785156880.192700863,14,255.421875,2065.500
1785156880.192700863,15,257.062500,2056.500
1785156880.192700863,15,258.671875,2047.000
1785156880.192700863,15,260.343750,2037.000
1785156880.192700863,15,261.953125,2028.500
1785156880.192700863,15,263.609375,2021.750
1785156880.192700863,15,265.250000,2018.500
1785156880.192700863,15,266.875000,2015.500
1785156880.192700863,15,268.515625,2015.250
1785156880.192700863,15,270.156250,2014.000
1785156880.192700863,15,271.765625,2013.750
1785156880.192700863,15,273.406250,2022.750
1785156880.192700863,15,275.015625,2027.500
1785156880.192700863,15,276.656250,2027.500
1785156880.192700863,15,278.265625,2031.250
1785156880.192700863,15,279.937500,2029.250
1785156880.192700863,14,281.578125,2032.250
1785156880.192700863,6,299.531250,2300.500
1785156880.192700863,15,301.140625,2344.750
1785156880.192700863,15,302.796875,2389.250
1785156880.192700863,6,304.406250,2431.500
1785156880.192700863,15,306.046875,2469.250
1785156880.192700863,6,307.671875,2524.000
1785156880.192700863,15,309.265625,2591.000
1785156880.192700863,12,310.890625,2664.000
1785156880.192700863,15,312.531250,2701.750
1785156880.192700863,12,314.171875,2744.250
1785156880.192700863,15,317.406250,2938.000
1785156880.192700863,7,319.046875,3007.500
1785156880.192700863,12,322.281250,3213.000
1785156880.192700863,15,350.000000,7343.750
1785156880.303556204,15,351.625000,7252.750
1785156880.303556204,15,353.265625,7218.000
1785156880.303556204,15,354.906250,7165.500
1785156880.303556204,15,356.546875,7126.250
1785156880.303556204,15,358.203125,7092.000
1785156880.303556204,15,359.843750,7062.000
1785156880.303556204,15,1.484375,7026.250
1785156880.303556204,15,3.125000,6962.500
1785156880.303556204,15,4.765625,6932.250
1785156880.303556204,15,6.421875,6931.250
1785156880.303556204,15,8.046875,6903.500
1785156880.303556204,15,9.687500,6884.500
1785156880.303556204,15,21.046875,7147.250
1785156880.303556204,11,24.312500,7246.250
1785156880.303556204,12,25.937500,7389.000
1785156880.303556204,15,47.609375,105.750
1785156880.303556204,15,216.359375,1505.750
1785156880.303556204,15,218.015625,1500.250
1785156880.303556204,15,222.921875,1512.250
1785156880.303556204,15,224.531250,1534.500
1785156880.303556204,15,226.171875,1545.000
1785156880.303556204,12,232.437500,2449.000
1785156880.303556204,11,234.062500,2410.000
1785156880.303556204,7,235.718750,2370.500
1785156880.303556204,14,237.359375,2333.250
1785156880.303556204,15,239.000000,2297.000
1785156880.303556204,15,240.656250,2268.000
1785156880.303556204,9,242.296875,2240.500
1785156880.303556204,12,255.437500,2066.750
1785156880.303556204,15,257.093750,2056.500
1785156880.303556204,15,258.750000,2048.250
1785156880.303556204,15,260.359375,2042.000
1785156880.303556204,15,262.000000,2027.500
1785156880.303556204,15,263.656250,2023.000
1785156880.303556204,15,265.296875,2024.250
1785156880.303556204,15,266.890625,2017.000
1785156880.303556204,15,268.531250,2017.500
1785156880.303556204,15,270.171875,2023.000
1785156880.303556204,15,271.843750,2024.000
1785156880.303556204,15,273.437500,2025.250
1785156880.303556204,15,275.031250,2029.250
1785156880.303556204,15,276.656250,2029.500
1785156880.303556204,13,278.281250,2034.250
1785156880.303556204,10,279.906250,2043.500
1785156880.303556204,15,296.171875,2247.750
1785156880.303556204,15,297.828125,2266.000
1785156880.303556204,7,299.546875,2308.500
1785156880.303556204,9,302.765625,2421.250
1785156880.303556204,6,304.406250,2443.500
1785156880.303556204,7,307.687500,2545.250
1785156880.303556204,7,309.296875,2593.750
1785156880.303556204,15,310.921875,2666.750
1785156880.303556204,15,312.531250,2719.250
1785156880.303556204,7,315.796875,2876.750
1785156880.303556204,6,319.062500,3043.500
1785156880.303556204,13,322.281250,3215.750
1785156880.303556204,15,348.390625,7498.500
1785156880.303556204,15,350.031250,7381.000
1785156880.418205023,15,351.671875,7303.500
1785156880.418205023,15,353.328125,7234.250
1785156880.418205023,15,354.953125,7174.500
1785156880.418205023,15,356.593750,7133.500
1785156880.418205023,15,358.234375,7090.250
1785156880.418205023,15,359.890625,7056.750
1785156880.418205023,15,1.515625,7025.250
1785156880.418205023,15,3.171875,7008.750
1785156880.418205023,15,4.812500,6960.000
1785156880.418205023,15,6.468750,6922.500
1785156880.418205023,15,8.109375,6919.500
1785156880.418205023,15,9.734375,6892.500
1785156880.418205023,15,21.109375,7143.000
1785156880.418205023,15,22.750000,7183.750
1785156880.418205023,15,24.375000,7254.500
1785156880.418205023,15,48.296875,106.000
1785156880.418205023,15,222.937500,1512.000
1785156880.418205023,15,224.593750,1527.750
1785156880.418205023,15,226.218750,1539.250
1785156880.418205023,15,227.828125,1563.500
1785156880.418205023,8,234.062500,2398.750
1785156880.418205023,15,235.703125,2347.250
1785156880.418205023,15,237.328125,2319.250
1785156880.418205023,15,238.968750,2285.750
1785156880.418205023,8,240.640625,2243.250
1785156880.418205023,14,252.156250,2083.000
1785156880.418205023,15,253.781250,2064.250
1785156880.418205023,15,255.406250,2055.500
1785156880.418205023,15,257.031250,2053.250
1785156880.418205023,15,258.687500,2044.500
1785156880.418205023,15,260.343750,2035.000
1785156880.418205023,15,261.968750,2025.500
1785156880.418205023,15,263.609375,2024.500
1785156880.418205023,15,265.234375,2021.750
1785156880.418205023,15,266.875000,2016.000
1785156880.418205023,15,268.515625,2016.750
1785156880.418205023,15,270.171875,2022.000
1785156880.418205023,15,271.796875,2023.500
1785156880.418205023,15,273.437500,2024.750
1785156880.418205023,15,274.984375,2029.500
1785156880.418205023,15,276.640625,2032.000
1785156880.418205023,9,278.250000,2037.000
1785156880.418205023,9,279.906250,2046.250
1785156880.418205023,10,281.515625,2047.250
1785156880.418205023,15,296.140625,2248.750
1785156880.418205023,12,297.765625,2266.250
1785156880.418205023,7,299.468750,2310.500
1785156880.418205023,15,301.093750,2359.750
1785156880.418205023,10,302.734375,2411.500
1785156880.418205023,11,304.375000,2443.250
1785156880.418205023,8,307.656250,2542.250
1785156880.418205023,14,309.250000,2592.250
1785156880.418205023,15,310.890625,2664.500
1785156880.418205023,15,312.515625,2718.500
1785156880.418205023,5,315.750000,2869.750
1785156880.418205023,12,319.000000,3032.250
1785156880.418205023,12,322.250000,3216.750
1785156880.418205023,15,348.281250,7531.250
1785156880.418205023,15,349.937500,7386.500
1785156880.529552937,15,351.578125,7301.750
1785156880.529552937,15,353.203125,7244.000
1785156880.529552937,15,354.859375,7176.500
1785156880.529552937,15,356.500000,7147.500
1785156880.529552937,15,358.140625,7147.000
1785156880.529552937,15,359.781250,7090.250
1785156880.529552937,15,1.421875,7030.500
1785156880.529552937,15,3.062500,7007.250
1785156880.529552937,15,4.703125,6983.000
1785156880.529552937,15,6.328125,6980.000
1785156880.529552937,15,7.984375,6941.250
1785156880.529552937,15,9.625000,6924.500
1785156880.529552937,8,12.796875,8814.000
1785156880.529552937,15,22.640625,7178.500
1785156880.529552937,15,47.703125,106.000
1785156880.529552937,9,221.328125,1515.500
1785156880.529552937,15,223.000000,1530.500
1785156880.529552937,15,224.640625,1531.000
1785156880.529552937,15,226.203125,1538.750
1785156880.529552937,15,227.859375,1563.750
1785156880.529552937,15,229.421875,1599.250
1785156880.529552937,14,235.750000,2373.750
1785156880.529552937,11,237.375000,2336.000
1785156880.529552937,15,239.000000,2305.750
1785156880.529552937,15,240.640625,2277.250
1785156880.529552937,14,242.312500,2254.250
1785156880.529552937,12,255.406250,2073.750
1785156880.529552937,14,257.046875,2063.250
1785156880.529552937,15,258.703125,2054.750
1785156880.529552937,15,260.328125,2047.750
1785156880.529552937,15,261.984375,2048.750
1785156880.529552937,15,263.593750,2037.750
1785156880.529552937,15,265.218750,2031.750
1785156880.529552937,15,266.859375,2035.000
1785156880.529552937,15,268.484375,2035.250
1785156880.529552937,15,270.156250,2030.750
1785156880.529552937,15,271.765625,2025.750
1785156880.529552937,15,273.421875,2027.750
1785156880.529552937,15,275.031250,2032.000
1785156880.529552937,15,276.640625,2034.250
1785156880.529552937,11,278.265625,2039.500
1785156880.529552937,13,279.906250,2048.500
1785156880.529552937,15,281.546875,2048.000
1785156880.529552937,9,283.140625,2061.250
1785156880.529552937,12,297.781250,2266.500
1785156880.529552937,4,299.578125,2307.000
1785156880.529552937,15,302.812500,2420.000
1785156880.529552937,6,304.421875,2443.250
1785156880.529552937,7,306.078125,2490.500
1785156880.529552937,15,307.718750,2540.500
1785156880.529552937,11,309.312500,2590.000
1785156880.529552937,15,312.562500,2737.000
1785156880.529552937,15,315.843750,2897.500
1785156880.529552937,11,317.453125,2970.500
1785156880.529552937,6,320.734375,3151.750
1785156880.529552937,15,348.343750,7538.000
1785156880.529552937,15,349.968750,7397.500
1785156880.644965172,15,351.625000,7309.750
1785156880.644965172,15,353.265625,7250.750
1785156880.644965172,15,354.890625,7225.500
1785156880.644965172,15,356.546875,7196.750
1785156880.644965172,15,358.171875,7154.250
1785156880.644965172,15,359.796875,7100.000
1785156880.644965172,15,1.453125,7038.500
1785156880.644965172,15,3.093750,7010.000
1785156880.644965172,15,4.734375,6980.000
1785156880.644965172,15,8.000000,6917.750
1785156880.644965172,15,9.656250,6879.750
1785156880.644965172,15,22.671875,7170.000
1785156880.644965172,15,48.453125,106.000
1785156880.644965172,15,163.921875,1615.250
1785156880.644965172,15,219.625000,1533.750
1785156880.644965172,15,222.953125,1530.750
1785156880.644965172,15,224.546875,1523.000
1785156880.644965172,15,226.234375,1530.250
1785156880.644965172,15,227.750000,1552.750
1785156880.644965172,15,229.406250,1581.750
1785156880.644965172,14,235.609375,2371.750
1785156880.644965172,11,237.281250,2335.500
1785156880.644965172,15,238.921875,2305.500
1785156880.644965172,15,240.531250,2277.250
1785156880.644965172,11,242.203125,2243.000
1785156880.644965172,15,253.671875,2077.500
1785156880.644965172,15,255.328125,2054.500
1785156880.644965172,15,256.984375,2052.750
1785156880.644965172,15,258.578125,2052.750
1785156880.644965172,15,260.265625,2039.250
1785156880.644965172,15,261.890625,2029.250
1785156880.644965172,15,263.484375,2022.500
1785156880.644965172,15,265.140625,2024.750
1785156880.644965172,15,266.796875,2026.250
1785156880.644965172,15,268.406250,2021.750
1785156880.644965172,15,270.062500,2024.500
1785156880.644965172,15,271.656250,2031.000
1785156880.644965172,15,273.328125,2036.750
1785156880.644965172,15,274.921875,2038.000
1785156880.644965172,14,276.578125,2037.250
1785156880.644965172,13,278.250000,2041.750
1785156880.644965172,15,294.500000,2250.750
1785156880.644965172,15,296.125000,2276.250
1785156880.644965172,15,297.750000,2279.750
1785156880.644965172,14,301.078125,2403.000
1785156880.644965172,8,302.703125,2432.000
1785156880.644965172,15,304.343750,2475.750
1785156880.644965172,8,305.984375,2535.750
1785156880.644965172,9,307.640625,2569.250
1785156880.644965172,11,310.875000,2703.250
1785156880.644965172,15,312.515625,2773.000
1785156880.644965172,12,314.109375,2845.000
1785156880.644965172,15,315.750000,2926.750
1785156880.644965172,12,317.390625,3007.000
1785156880.644965172,15,319.031250,3073.500
1785156880.644965172,15,348.250000,7608.750
1785156880.644965172,15,349.875000,7496.750
1785156880.756282806,15,351.515625,7361.000
1785156880.756282806,15,353.171875,7259.750
1785156880.756282806,15,354.812500,7230.750
1785156880.756282806,15,356.437500,7194.250
1785156880.756282806,15,358.078125,7171.250
1785156880.756282806,15,359.718750,7137.750
1785156880.756282806,15,1.359375,7079.250
1785156880.756282806,15,3.000000,7031.750
1785156880.756282806,15,4.656250,6973.000
1785156880.756282806,15,6.281250,6915.250
1785156880.756282806,15,7.921875,6883.000
1785156880.756282806,15,22.656250,7148.250
1785156880.756282806,15,24.281250,7212.500
1785156880.756282806,15,48.125000,106.000
1785156880.756282806,11,221.203125,1530.250
1785156880.756282806,15,224.500000,1534.750
1785156880.756282806,15,226.125000,1530.000
1785156880.756282806,15,227.703125,1551.750
1785156880.756282806,15,229.328125,1575.250
1785156880.756282806,15,235.531250,2344.750
1785156880.756282806,15,237.203125,2310.500
1785156880.756282806,15,238.843750,2283.000
1785156880.756282806,15,240.484375,2266.500
1785156880.756282806,8,242.109375,2242.250
1785156880.756282806,15,251.984375,2073.250
1785156880.756282806,15,253.640625,2057.500
1785156880.756282806,15,255.312500,2046.250
1785156880.756282806,15,256.906250,2038.750
1785156880.756282806,15,258.546875,2032.500
1785156880.756282806,15,260.171875,2030.250
1785156880.756282806,15,261.843750,2027.500
1785156880.756282806,15,263.468750,2021.750
1785156880.756282806,15,265.078125,2011.500
1785156880.756282806,15,266.718750,2003.750
1785156880.756282806,15,268.359375,2011.500
1785156880.756282806,15,270.000000,2014.750
1785156880.756282806,15,271.656250,2014.000
1785156880.756282806,15,273.281250,2017.500
1785156880.756282806,15,274.906250,2018.250
1785156880.756282806,15,276.531250,2025.500
1785156880.756282806,15,278.156250,2035.500
1785156880.756282806,12,279.796875,2040.250
1785156880.756282806,14,283.062500,2044.000
1785156880.756282806,15,296.046875,2256.500
1785156880.756282806,15,297.718750,2277.500
1785156880.756282806,6,299.375000,2328.250
1785156880.756282806,8,301.031250,2366.250
1785156880.756282806,9,302.656250,2404.500
1785156880.756282806,15,304.281250,2464.000
1785156880.756282806,9,305.890625,2518.250
1785156880.756282806,15,307.531250,2574.000
1785156880.756282806,7,309.171875,2632.500
1785156880.756282806,15,310.796875,2698.000
1785156880.756282806,14,312.390625,2774.250
1785156880.756282806,10,314.015625,2845.750
1785156880.756282806,15,317.296875,3035.000
1785156880.756282806,15,318.921875,3105.000
1785156880.756282806,11,323.796875,3426.750
1785156880.756282806,15,348.171875,7622.500
1785156880.756282806,15,349.812500,7493.750
1785156880.867244005,15,351.453125,7377.500
1785156880.867244005,15,353.093750,7298.000
1785156880.867244005,15,354.734375,7237.750
1785156880.867244005,15,356.375000,7197.250
1785156880.867244005,15,358.015625,7170.250
1785156880.867244005,15,359.656250,7133.500
1785156880.867244005,15,1.312500,7077.750
1785156880.867244005,15,2.937500,7052.250
1785156880.867244005,15,4.593750,7011.250
1785156880.867244005,15,6.218750,6957.750
1785156880.867244005,15,7.875000,6910.500
1785156880.867244005,15,9.500000,6880.000
1785156880.867244005,11,12.718750,8812.250
1785156880.867244005,15,22.562500,7071.750
1785156880.867244005,15,24.187500,7143.750
1785156880.867244005,11,25.828125,7260.000
1785156880.867244005,15,48.421875,106.000
1785156880.867244005,15,165.484375,1565.000
1785156880.867244005,15,224.468750,1528.500
1785156880.867244005,15,226.078125,1534.750
1785156880.867244005,15,227.656250,1545.750
1785156880.867244005,15,229.281250,1562.750
1785156880.867244005,8,237.156250,2326.250
1785156880.867244005,15,238.781250,2309.250
1785156880.867244005,15,240.406250,2278.250
1785156880.867244005,15,242.062500,2252.500
1785156880.867244005,14,255.203125,2073.000
1785156880.867244005,15,256.859375,2052.750
1785156880.867244005,15,258.500000,2046.500
1785156880.867244005,15,260.093750,2050.750
1785156880.867244005,15,261.765625,2047.250
1785156880.867244005,15,263.421875,2043.250
1785156880.867244005,15,265.046875,2040.750
1785156880.867244005,15,266.671875,2035.750
1785156880.867244005,15,268.281250,2033.000
1785156880.867244005,13,269.906250,2035.500
1785156880.867244005,15,271.546875,2036.500
1785156880.867244005,15,273.171875,2036.500
1785156880.867244005,14,274.796875,2040.000
1785156880.867244005,11,276.468750,2051.250
1785156880.867244005,11,278.062500,2064.000
1785156880.867244005,9,279.671875,2071.500
1785156880.867244005,9,282.953125,2073.250
1785156880.867244005,15,295.953125,2265.750
1785156880.867244005,15,297.593750,2296.000
1785156880.867244005,15,299.265625,2349.250
1785156880.867244005,15,300.906250,2399.250
1785156880.867244005,10,302.531250,2427.500
1785156880.867244005,15,304.156250,2463.750
1785156880.867244005,15,305.812500,2514.500
1785156880.867244005,15,307.421875,2570.500
1785156880.867244005,9,309.031250,2629.500
1785156880.867244005,15,310.656250,2688.000
1785156880.867244005,6,312.265625,2751.000
1785156880.867244005,15,313.921875,2805.000
1785156880.867244005,13,317.140625,3003.750
1785156880.867244005,11,318.781250,3074.750
1785156880.867244005,15,348.109375,7663.000
1785156880.867244005,15,349.750000,7596.250
1785156880.981802940,15,351.390625,7441.250
1785156880.981802940,15,353.046875,7324.500
1785156880.981802940,15,354.671875,7276.750
1785156880.981802940,15,356.328125,7232.500
1785156880.981802940,15,357.968750,7191.500
1785156880.981802940,15,359.625000,7138.750
1785156880.981802940,15,1.250000,7088.000
1785156880.981802940,15,2.890625,7060.000
1785156880.981802940,15,4.546875,7018.250
1785156880.981802940,15,6.187500,6966.500
1785156880.981802940,15,7.828125,6932.250
1785156880.981802940,13,9.468750,6890.250
1785156880.981802940,9,14.265625,8749.750
1785156880.981802940,15,22.468750,7220.500
1785156880.981802940,15,24.125000,7144.250
1785156880.981802940,15,47.984375,106.250
1785156880.981802940,15,162.312500,1593.500
1785156880.981802940,15,165.640625,1532.250
1785156880.981802940,15,167.203125,1557.250
1785156880.981802940,15,226.109375,1539.750
1785156880.981802940,15,227.734375,1546.000
1785156880.981802940,15,229.390625,1563.250
1785156880.981802940,15,237.281250,2313.750
1785156880.981802940,15,238.937500,2279.000
1785156880.981802940,12,240.593750,2241.250
1785156880.981802940,11,250.453125,2088.000
1785156880.981802940,15,252.078125,2069.250
1785156880.981802940,15,253.718750,2060.000
1785156880.981802940,15,255.390625,2052.000
1785156880.981802940,15,257.031250,2037.500
1785156880.981802940,15,258.656250,2037.250
1785156880.981802940,15,260.281250,2038.000
1785156880.981802940,15,261.921875,2030.000
1785156880.981802940,15,263.593750,2025.000
1785156880.981802940,15,265.218750,2027.000
1785156880.981802940,15,266.843750,2030.750
1785156880.981802940,15,268.484375,2032.250
1785156880.981802940,15,270.109375,2031.500
1785156880.981802940,15,271.750000,2028.500
1785156880.981802940,15,273.390625,2030.500
1785156880.981802940,15,274.968750,2034.750
1785156880.981802940,12,276.578125,2039.750
1785156880.981802940,9,278.218750,2054.500
1785156880.981802940,12,279.828125,2061.000
1785156880.981802940,15,294.453125,2251.750
1785156880.981802940,14,296.078125,2265.000
1785156880.981802940,13,297.671875,2296.250
1785156880.981802940,8,302.640625,2429.750
1785156880.981802940,15,304.281250,2467.000
1785156880.981802940,10,305.921875,2517.250
1785156880.981802940,15,307.531250,2571.250
1785156880.981802940,10,309.125000,2629.750
1785156880.981802940,13,310.781250,2695.750
1785156880.981802940,15,312.406250,2772.500
1785156880.981802940,15,314.046875,2826.500
1785156880.981802940,11,317.265625,3003.250
1785156880.981802940,15,318.890625,3075.000
1785156880.981802940,15,349.859375,7630.750
1785156881.092670918,15,351.515625,7497.500
1785156881.092670918,15,353.156250,7355.500
1785156881.092670918,15,354.796875,7269.000
1785156881.092670918,15,356.437500,7202.250
1785156881.092670918,15,358.078125,7174.500
1785156881.092670918,15,359.718750,7141.500
1785156881.092670918,15,1.359375,7093.750
1785156881.092670918,15,3.015625,7044.500
1785156881.092670918,15,4.640625,6977.000
1785156881.092670918,15,6.296875,6915.000
1785156881.092670918,15,7.937500,6880.250
1785156881.092670918,7,12.703125,8765.500
1785156881.092670918,15,22.546875,7176.500
1785156881.092670918,15,24.171875,7145.500
1785156881.092670918,14,25.812500,7231.250
1785156881.092670918,15,48.218750,106.000
1785156881.092670918,15,162.218750,1605.250
1785156881.092670918,15,163.906250,1574.250
1785156881.092670918,15,167.218750,1526.250
1785156881.092670918,15,168.828125,1561.000
1785156881.092670918,13,224.406250,1550.750
1785156881.092670918,15,226.062500,1555.250
1785156881.092670918,15,227.703125,1553.250
1785156881.092670918,14,237.250000,2319.250
1785156881.092670918,15,238.859375,2295.000
1785156881.092670918,15,240.531250,2258.500
1785156881.092670918,15,252.046875,2072.750
1785156881.092670918,15,253.671875,2054.500
1785156881.092670918,15,255.343750,2043.750
1785156881.092670918,15,256.984375,2037.250
1785156881.092670918,15,258.609375,2036.250
1785156881.092670918,15,260.203125,2036.750
1785156881.092670918,15,261.859375,2030.500
1785156881.092670918,15,263.484375,2025.750
1785156881.092670918,15,265.156250,2026.250
1785156881.092670918,15,266.796875,2028.750
1785156881.092670918,15,268.406250,2022.000
1785156881.092670918,15,270.031250,2024.250
1785156881.092670918,15,271.671875,2034.000
1785156881.092670918,15,273.312500,2034.250
1785156881.092670918,15,274.906250,2037.750
1785156881.092670918,15,276.515625,2040.500
1785156881.092670918,11,278.156250,2043.000
1785156881.092670918,15,295.984375,2265.000
1785156881.092670918,15,297.640625,2297.250
1785156881.092670918,15,299.343750,2313.000
1785156881.092670918,8,302.562500,2430.500
1785156881.092670918,15,304.187500,2467.500
1785156881.092670918,6,305.843750,2517.500
1785156881.092670918,15,307.421875,2573.750
1785156881.092670918,11,309.078125,2630.000
1785156881.092670918,13,310.718750,2687.500
1785156881.092670918,15,312.328125,2754.250
1785156881.092670918,14,317.171875,3016.500
1785156881.092670918,15,320.421875,3197.500
1785156881.092670918,11,323.734375,3421.000
1785156881.092670918,15,349.734375,7661.750
1785156881.204326868,15,351.375000,7566.250
1785156881.204326868,15,353.015625,7394.250
1785156881.204326868,15,354.656250,7287.500
1785156881.204326868,15,356.296875,7238.250
1785156881.204326868,15,357.937500,7208.750
1785156881.204326868,15,359.578125,7163.500
1785156881.204326868,15,1.218750,7129.750
1785156881.204326868,15,2.843750,7095.250
1785156881.204326868,15,4.484375,7021.750
1785156881.204326868,15,6.140625,6963.250
1785156881.204326868,15,7.765625,6930.250
1785156881.204326868,15,24.062500,7113.750
1785156881.204326868,15,25.687500,7140.500
1785156881.204326868,15,47.687500,106.250
1785156881.204326868,15,51.390625,100.750
1785156881.204326868,15,163.828125,1561.750
1785156881.204326868,15,165.437500,1549.500
1785156881.204326868,15,167.140625,1527.500
1785156881.204326868,15,168.734375,1525.000
1785156881.204326868,15,225.968750,1553.500
1785156881.204326868,15,227.640625,1554.750
1785156881.204326868,15,238.796875,2280.000
1785156881.204326868,15,240.437500,2252.250
1785156881.204326868,11,242.046875,2222.250
1785156881.204326868,15,253.515625,2056.250
1785156881.204326868,15,255.171875,2046.500
1785156881.204326868,15,256.812500,2042.750
1785156881.204326868,15,258.437500,2044.250
1785156881.204326868,15,260.078125,2048.500
1785156881.204326868,15,261.671875,2046.500
1785156881.204326868,15,263.359375,2044.250
1785156881.204326868,15,264.953125,2042.500
1785156881.204326868,15,266.625000,2041.250
1785156881.204326868,15,268.234375,2043.250
1785156881.204326868,14,269.843750,2046.750
1785156881.204326868,11,273.093750,2064.000
1785156881.204326868,10,290.984375,2249.250
1785156881.204326868,15,292.609375,2260.000
1785156881.204326868,12,294.218750,2286.000
1785156881.204326868,5,295.828125,2329.750
1785156881.204326868,15,297.437500,2380.500
1785156881.204326868,11,299.203125,2393.750
1785156881.204326868,15,302.468750,2486.250
1785156881.204326868,15,304.078125,2541.750
1785156881.204326868,15,305.718750,2603.250
1785156881.204326868,9,307.343750,2664.250
1785156881.204326868,11,308.937500,2718.750
1785156881.204326868,15,313.843750,2962.000
1785156881.204326868,15,349.546875,7665.000
1785156881.319704056,15,351.187500,7572.750
1785156881.319704056,15,352.843750,7477.250
1785156881.319704056,15,354.468750,7364.250
1785156881.319704056,15,356.093750,7286.750
1785156881.319704056,15,357.750000,7239.250
1785156881.319704056,15,359.375000,7184.000
1785156881.319704056,15,1.015625,7137.500
1785156881.319704056,15,2.656250,7096.500
1785156881.319704056,15,4.296875,7043.500
1785156881.319704056,15,5.937500,6958.500
1785156881.319704056,15,7.562500,6899.000
1785156881.319704056,15,23.812500,7120.000
1785156881.319704056,15,25.437500,7140.750
1785156881.319704056,15,48.171875,106.250
1785156881.319704056,15,163.484375,1556.750
1785156881.319704056,15,165.218750,1526.250
1785156881.319704056,15,166.875000,1503.250
1785156881.319704056,8,210.453125,3653.250
1785156881.319704056,15,225.687500,1563.500
1785156881.319704056,15,227.265625,1565.000
1785156881.319704056,15,228.953125,1559.500
1785156881.319704056,15,238.406250,2321.250
1785156881.319704056,15,240.046875,2295.500
1785156881.319704056,15,241.703125,2267.000
1785156881.319704056,9,243.343750,2242.500
1785156881.319704056,13,254.859375,2064.500
1785156881.319704056,15,256.453125,2050.250
1785156881.319704056,15,258.093750,2048.750
1785156881.319704056,15,259.734375,2040.000
1785156881.319704056,15,261.343750,2035.500
1785156881.319704056,15,262.984375,2039.000
1785156881.319704056,15,264.625000,2034.250
1785156881.319704056,15,266.281250,2032.000
1785156881.319704056,15,267.906250,2037.750
1785156881.319704056,15,269.531250,2036.000
1785156881.319704056,15,271.171875,2035.250
1785156881.319704056,15,272.828125,2038.000
1785156881.319704056,15,274.453125,2039.000
1785156881.319704056,12,276.031250,2046.000
1785156881.319704056,10,277.703125,2062.750
1785156881.319704056,15,293.921875,2259.750
1785156881.319704056,14,295.531250,2268.750
1785156881.319704056,4,297.171875,2311.500
1785156881.319704056,15,298.953125,2366.500
1785156881.319704056,10,300.562500,2405.500
1785156881.319704056,9,302.171875,2437.250
1785156881.319704056,15,303.812500,2488.000
1785156881.319704056,4,305.437500,2539.750
1785156881.319704056,14,307.093750,2591.000
1785156881.319704056,9,308.687500,2651.000
1785156881.319704056,13,310.328125,2709.000
1785156881.319704056,12,315.203125,2941.000
1785156881.319704056,15,318.468750,3136.000
1785156881.319704056,9,320.078125,3228.000
1785156881.430919886,15,350.937500,7596.250
1785156881.430919886,15,352.578125,7467.000
1785156881.430919886,15,354.218750,7369.000
1785156881.430919886,15,355.859375,7288.500
1785156881.430919886,15,357.484375,7235.750
1785156881.430919886,15,359.125000,7200.000
1785156881.430919886,15,0.765625,7166.250
1785156881.430919886,15,2.390625,7125.000
1785156881.430919886,15,4.031250,7088.500
1785156881.430919886,15,5.671875,7004.750
1785156881.430919886,15,7.312500,6910.250
1785156881.430919886,15,23.609375,7177.750
1785156881.430919886,15,25.234375,7145.500
1785156881.430919886,15,47.687500,106.750
1785156881.430919886,15,49.343750,104.750
1785156881.430919886,15,163.078125,1573.500
1785156881.430919886,15,164.750000,1537.500
1785156881.430919886,15,166.390625,1505.750
1785156881.430919886,15,168.000000,1504.750
1785156881.430919886,15,169.640625,1529.000
1785156881.430919886,15,225.218750,1568.750
1785156881.430919886,15,226.828125,1560.500
1785156881.430919886,15,228.453125,1556.750
1785156881.430919886,15,237.968750,2309.250
1785156881.430919886,15,239.609375,2282.500
1785156881.430919886,15,241.218750,2262.000
1785156881.430919886,12,242.906250,2236.000
1785156881.430919886,11,252.750000,2084.250
1785156881.430919886,15,254.390625,2067.250
1785156881.430919886,15,255.984375,2052.000
1785156881.430919886,15,257.656250,2045.500
1785156881.430919886,15,259.281250,2036.250
1785156881.430919886,15,260.906250,2038.000
1785156881.430919886,15,262.546875,2046.750
1785156881.430919886,15,264.218750,2037.500
1785156881.430919886,15,265.859375,2030.250
1785156881.430919886,15,267.468750,2029.000
1785156881.430919886,15,269.078125,2032.500
1785156881.430919886,15,270.750000,2033.000
1785156881.430919886,15,272.359375,2037.750
1785156881.430919886,15,273.984375,2042.250
1785156881.430919886,13,275.640625,2040.750
1785156881.430919886,9,277.250000,2054.750
1785156881.430919886,13,293.500000,2257.000
1785156881.430919886,12,295.140625,2273.000
1785156881.430919886,15,296.765625,2298.000
1785156881.430919886,12,300.093750,2390.250
1785156881.430919886,8,301.750000,2418.000
1785156881.430919886,15,303.375000,2473.000
1785156881.430919886,7,304.968750,2527.000
1785156881.430919886,15,306.625000,2575.000
1785156881.430919886,7,308.234375,2633.000
1785156881.430919886,15,309.875000,2688.250
1785156881.430919886,15,311.500000,2749.750
1785156881.430919886,10,314.734375,2899.250
1785156881.430919886,11,317.984375,3084.500
1785156881.430919886,7,319.609375,3167.750
1785156881.544761181,15,350.531250,7639.500
1785156881.544761181,15,352.171875,7514.500
1785156881.544761181,15,353.812500,7374.500
1785156881.544761181,15,355.453125,7295.000
1785156881.544761181,15,357.093750,7262.000
1785156881.544761181,15,358.718750,7211.500
1785156881.544761181,15,0.359375,7158.250
1785156881.544761181,15,2.000000,7123.250
1785156881.544761181,15,3.656250,7073.000
1785156881.544761181,15,5.281250,7018.750
1785156881.544761181,15,6.937500,6958.000
1785156881.544761181,15,24.921875,7123.250
1785156881.544761181,15,47.390625,107.250
1785156881.544761181,15,48.093750,105.250
1785156881.544761181,15,162.875000,1585.000
1785156881.544761181,15,164.546875,1550.000
1785156881.544761181,15,166.187500,1513.250
1785156881.544761181,15,167.812500,1504.500
1785156881.544761181,15,169.437500,1527.750
1785156881.544761181,10,209.859375,3656.000
1785156881.544761181,15,225.078125,1567.750
1785156881.544761181,15,226.750000,1559.250
1785156881.544761181,15,228.328125,1555.000
1785156881.544761181,15,237.859375,2310.750
1785156881.544761181,15,239.515625,2288.750
1785156881.544761181,15,241.171875,2261.250
1785156881.544761181,13,242.796875,2223.250
1785156881.544761181,12,252.656250,2083.750
1785156881.544761181,13,254.296875,2066.250
1785156881.544761181,15,255.906250,2051.250
1785156881.544761181,15,257.578125,2044.500
1785156881.544761181,15,259.203125,2041.500
1785156881.544761181,15,260.843750,2038.750
1785156881.544761181,15,262.468750,2041.500
1785156881.544761181,15,264.093750,2040.000
1785156881.544761181,15,265.734375,2037.500
1785156881.544761181,15,267.359375,2034.500
1785156881.544761181,15,269.000000,2033.250
1785156881.544761181,15,270.656250,2034.500
1785156881.544761181,15,272.281250,2038.250
1785156881.544761181,15,273.937500,2041.750
1785156881.544761181,13,275.546875,2041.250
1785156881.544761181,12,277.171875,2046.750
1785156881.544761181,15,295.093750,2271.000
1785156881.544761181,15,296.703125,2294.250
1785156881.544761181,9,298.343750,2327.000
1785156881.544761181,15,303.296875,2471.750
1785156881.544761181,7,304.890625,2525.250
1785156881.544761181,9,306.546875,2572.000
1785156881.544761181,8,308.171875,2620.250
1785156881.544761181,15,309.765625,2678.500
1785156881.544761181,12,311.390625,2748.500
1785156881.544761181,15,313.031250,2826.250
1785156881.544761181,11,314.687500,2876.000
1785156881.544761181,11,319.546875,3164.750
1785156881.656772137,15,350.468750,7636.250
1785156881.656772137,15,352.093750,7514.250
1785156881.656772137,15,353.750000,7379.000
1785156881.656772137,15,355.390625,7290.500
1785156881.656772137,15,357.031250,7250.500
1785156881.656772137,15,358.671875,7205.000
1785156881.656772137,15,0.312500,7153.750
1785156881.656772137,15,1.968750,7115.500
1785156881.656772137,15,3.593750,7072.500
1785156881.656772137,15,5.234375,7030.500
1785156881.656772137,15,6.875000,6966.500
1785156881.656772137,15,24.859375,7127.750
1785156881.656772137,15,46.875000,107.750
1785156881.656772137,15,49.359375,105.250
1785156881.656772137,15,162.812500,1587.250
1785156881.656772137,15,164.515625,1551.000
1785156881.656772137,15,166.125000,1513.750
1785156881.656772137,15,167.750000,1504.500
1785156881.656772137,15,169.406250,1527.500
1785156881.656772137,15,224.953125,1568.750
1785156881.656772137,15,226.578125,1560.000
1785156881.656772137,15,228.234375,1556.500
1785156881.656772137,15,239.343750,2308.000
1785156881.656772137,15,240.984375,2273.250
1785156881.656772137,10,242.640625,2245.750
1785156881.656772137,15,255.750000,2073.000
1785156881.656772137,13,257.437500,2052.000
1785156881.656772137,15,259.031250,2042.000
1785156881.656772137,15,260.703125,2045.000
1785156881.656772137,15,262.328125,2054.500
1785156881.656772137,15,263.937500,2047.250
1785156881.656772137,15,265.578125,2038.750
1785156881.656772137,15,267.234375,2039.750
1785156881.656772137,15,268.859375,2042.250
1785156881.656772137,14,270.484375,2044.500
1785156881.656772137,15,272.125000,2044.500
1785156881.656772137,11,273.765625,2050.500
1785156881.656772137,9,275.375000,2059.250
1785156881.656772137,8,276.984375,2065.750
1785156881.656772137,12,293.281250,2255.500
1785156881.656772137,15,294.859375,2265.500
1785156881.656772137,15,296.500000,2294.000
1785156881.656772137,6,298.156250,2343.250
1785156881.656772137,3,299.859375,2366.500
1785156881.656772137,15,303.093750,2479.000
1785156881.656772137,7,304.734375,2527.250
1785156881.656772137,8,306.375000,2566.000
1785156881.656772137,7,307.953125,2623.250
1785156881.656772137,12,309.593750,2688.500
1785156881.656772137,15,311.234375,2754.250
1785156881.656772137,9,314.500000,2892.750
1785156881.656772137,10,319.343750,3179.500
1785156881.767605066,15,350.328125,7614.250
1785156881.767605066,15,351.968750,7496.750
1785156881.767605066,15,353.625000,7374.500
1785156881.767605066,15,355.265625,7291.250
1785156881.767605066,15,356.906250,7254.000
1785156881.767605066,15,358.531250,7206.500
1785156881.767605066,15,0.187500,7154.250
1785156881.767605066,15,1.812500,7118.500
1785156881.767605066,15,3.468750,7077.750
1785156881.767605066,15,5.109375,7026.500
1785156881.767605066,15,6.750000,6990.000
1785156881.767605066,7,13.171875,8793.250
1785156881.767605066,15,24.656250,7150.250
1785156881.767605066,15,46.343750,108.000
1785156881.767605066,15,47.687500,105.500
1785156881.767605066,15,51.031250,102.750
1785156881.767605066,15,162.750000,1587.750
1785156881.767605066,15,164.406250,1551.750
1785156881.767605066,15,166.031250,1515.250
1785156881.767605066,15,167.640625,1502.500
1785156881.767605066,15,169.296875,1525.250
1785156881.767605066,15,224.859375,1566.750
1785156881.767605066,15,226.484375,1559.000
1785156881.767605066,15,228.125000,1560.500
1785156881.767605066,15,239.265625,2307.250
1785156881.767605066,15,240.906250,2272.750
1785156881.767605066,10,242.546875,2236.000
1785156881.767605066,15,254.078125,2075.750
1785156881.767605066,15,255.750000,2061.750
1785156881.767605066,15,257.375000,2054.250
1785156881.767605066,15,259.000000,2044.250
1785156881.767605066,15,260.640625,2046.000
1785156881.767605066,15,262.312500,2053.500
1785156881.767605066,15,263.937500,2047.000
1785156881.767605066,15,265.593750,2039.750
1785156881.767605066,15,267.234375,2040.250
1785156881.767605066,15,268.859375,2042.500
1785156881.767605066,15,270.515625,2044.250
1785156881.767605066,15,272.109375,2043.750
1785156881.767605066,11,273.734375,2049.750
1785156881.767605066,12,275.343750,2058.750
1785156881.767605066,14,293.250000,2255.750
1785156881.767605066,15,294.890625,2267.500
1785156881.767605066,7,296.500000,2297.250
1785156881.767605066,15,298.156250,2346.250
1785156881.767605066,14,299.843750,2368.250
1785156881.767605066,15,303.109375,2479.750
1785156881.767605066,8,304.734375,2527.750
1785156881.767605066,15,306.343750,2567.750
1785156881.767605066,14,307.984375,2627.000
1785156881.767605066,8,309.593750,2689.750
1785156881.767605066,15,311.250000,2755.250
1785156881.767605066,9,314.500000,2894.500
1785156881.767605066,13,319.359375,3195.750
1785156881.883023024,15,350.359375,7609.500
1785156881.883023024,15,352.015625,7500.250
1785156881.883023024,15,353.656250,7381.500
1785156881.883023024,15,355.296875,7297.500
1785156881.883023024,15,356.937500,7255.500
1785156881.883023024,15,358.593750,7205.250
1785156881.883023024,15,0.234375,7154.750
1785156881.883023024,15,1.875000,7119.500
1785156881.883023024,15,3.515625,7076.000
1785156881.883023024,15,5.156250,7024.250
1785156881.883023024,15,6.796875,6962.500
1785156881.883023024,15,24.718750,7145.750
1785156881.883023024,15,47.328125,107.500
1785156881.883023024,15,48.234375,105.250
1785156881.883023024,15,51.046875,102.750
1785156881.883023024,15,162.968750,1586.250
1785156881.883023024,15,164.609375,1550.750
1785156881.883023024,15,166.265625,1514.000
1785156881.883023024,15,167.921875,1506.250
1785156881.883023024,15,169.546875,1531.750
1785156881.883023024,15,225.109375,1568.000
1785156881.883023024,15,226.781250,1559.250
1785156881.883023024,15,228.437500,1555.500
1785156881.883023024,15,237.921875,2325.500
1785156881.883023024,15,239.593750,2303.250
1785156881.883023024,15,241.203125,2271.250
1785156881.883023024,15,242.875000,2252.250
1785156881.883023024,9,283.578125,2249.250
1785156881.883023024,15,285.234375,2250.500
1785156881.883023024,15,286.812500,2261.750
1785156881.883023024,15,288.453125,2287.750
1785156881.883023024,4,290.062500,2327.000
1785156881.883023024,15,291.718750,2369.250
1785156881.883023024,15,293.328125,2406.000
1785156881.883023024,7,294.921875,2442.000
1785156881.883023024,15,296.546875,2487.500
1785156881.883023024,11,298.156250,2525.250
1785156881.883023024,15,300.031250,2572.000
1785156881.883023024,7,301.671875,2627.000
1785156881.883023024,12,304.921875,2767.000
1785156881.883023024,8,306.531250,2838.500
1785156881.883023024,15,308.187500,2907.000
1785156881.883023024,15,311.453125,3069.000
1785156881.883023024,6,313.078125,3153.000
1785156881.883023024,15,345.687500,8190.000
1785156881.883023024,15,347.296875,8097.750
1785156881.993626833,15,350.593750,7650.500
1785156881.993626833,15,352.234375,7494.000
1785156881.993626833,15,353.890625,7380.750
1785156881.993626833,15,355.546875,7323.000
1785156881.993626833,15,357.171875,7259.750
1785156881.993626833,15,358.812500,7211.500
1785156881.993626833,15,0.468750,7157.000
1785156881.993626833,15,2.109375,7125.000
1785156881.993626833,15,3.734375,7082.500
1785156881.993626833,15,5.390625,7028.000
1785156881.993626833,15,7.031250,6970.250
1785156881.993626833,15,24.953125,7129.750
1785156881.993626833,15,47.453125,107.750
1785156881.993626833,15,49.109375,105.500
1785156881.993626833,14,163.328125,1539.500
1785156881.993626833,15,164.968750,1530.500
1785156881.993626833,15,166.656250,1513.500
1785156881.993626833,15,168.296875,1510.500
1785156881.993626833,15,223.906250,1582.000
1785156881.993626833,15,225.578125,1564.750
1785156881.993626833,15,227.218750,1563.750
1785156881.993626833,15,228.828125,1552.250
1785156881.993626833,15,230.437500,1559.750
1785156881.993626833,15,232.062500,1579.750
1785156881.993626833,15,238.328125,2442.250
1785156881.993626833,15,239.953125,2422.750
1785156881.993626833,8,241.625000,2393.250
1785156881.993626833,15,243.234375,2356.750
1785156881.993626833,15,244.906250,2329.250
1785156881.993626833,15,246.546875,2306.500
1785156881.993626833,15,248.156250,2276.750
1785156881.993626833,15,249.812500,2255.000
1785156881.993626833,8,251.468750,2245.250
1785156881.993626833,11,289.078125,2248.750
1785156881.993626833,15,290.703125,2257.250
1785156881.993626833,15,292.328125,2277.750
1785156881.993626833,15,294.000000,2302.250
1785156881.993626833,6,295.609375,2333.750
1785156881.993626833,15,297.218750,2386.750
1785156881.993626833,12,298.953125,2419.250
1785156881.993626833,5,300.593750,2439.250
1785156881.993626833,15,302.265625,2472.500
1785156881.993626833,9,303.859375,2508.500
1785156881.993626833,13,305.500000,2561.750
1785156881.993626833,7,307.156250,2625.000
1785156881.993626833,13,308.781250,2677.500
1785156881.993626833,14,310.421875,2729.000
1785156881.993626833,8,313.671875,2875.500
1785156881.993626833,9,315.296875,2894.500
1785156881.993626833,13,320.187500,3201.250
1785156882.105774164,15,351.171875,7577.250
1785156882.105774164,15,352.828125,7473.000
1785156882.105774164,15,354.468750,7365.000
1785156882.105774164,15,356.109375,7288.750
1785156882.105774164,15,357.734375,7238.250
1785156882.105774164,15,359.390625,7187.000
1785156882.105774164,15,1.046875,7143.000
1785156882.105774164,15,2.671875,7105.000
1785156882.105774164,15,4.328125,7054.750
1785156882.105774164,15,5.968750,7000.000
1785156882.105774164,15,7.609375,6979.000
1785156882.105774164,15,23.953125,7177.750
1785156882.105774164,15,25.578125,7134.250
1785156882.105774164,15,46.640625,106.250
1785156882.105774164,15,163.953125,1580.750
1785156882.105774164,15,167.250000,1520.750
1785156882.105774164,15,168.890625,1549.000
1785156882.105774164,15,227.906250,1527.750
1785156882.105774164,15,229.546875,1538.500
1785156882.105774164,15,231.203125,1554.750
1785156882.105774164,15,239.031250,2303.000
1785156882.105774164,15,240.671875,2286.000
1785156882.105774164,15,242.312500,2264.750
1785156882.105774164,8,243.984375,2238.500
1785156882.105774164,15,257.093750,2076.000
1785156882.105774164,14,258.750000,2056.750
1785156882.105774164,15,260.343750,2047.000
1785156882.105774164,15,261.968750,2050.250
1785156882.105774164,15,263.609375,2049.500
1785156882.105774164,15,265.265625,2042.250
1785156882.105774164,15,266.875000,2035.500
1785156882.105774164,15,268.515625,2035.000
1785156882.105774164,15,270.156250,2032.500
1785156882.105774164,14,271.796875,2030.750
1785156882.105774164,15,273.421875,2033.250
1785156882.105774164,12,275.046875,2047.750
1785156882.105774164,9,276.687500,2064.250
1785156882.105774164,15,291.328125,2256.750
1785156882.105774164,15,292.968750,2278.750
1785156882.105774164,15,294.609375,2300.000
1785156882.105774164,15,297.843750,2406.500
1785156882.105774164,12,299.625000,2432.500
1785156882.105774164,15,301.218750,2472.500
1785156882.105774164,11,302.875000,2519.750
1785156882.105774164,15,304.500000,2567.000
1785156882.105774164,12,306.125000,2621.500
1785156882.105774164,15,307.750000,2683.500
1785156882.105774164,12,309.390625,2757.500
1785156882.105774164,13,311.015625,2825.750
1785156882.105774164,5,312.640625,2888.750
1785156882.105774164,15,314.281250,2948.000
1785156882.105774164,7,315.906250,3013.750
1785156882.105774164,9,317.546875,3102.000
1785156882.105774164,11,319.171875,3177.500
1785156882.219413042,15,351.750000,7612.500
1785156882.219413042,15,353.390625,7491.500
1785156882.219413042,15,355.046875,7369.500
1785156882.219413042,15,356.687500,7283.250
1785156882.219413042,15,358.343750,7255.250
1785156882.219413042,15,359.968750,7221.000
1785156882.219413042,15,1.593750,7166.250
1785156882.219413042,15,3.234375,7128.000
1785156882.219413042,15,4.890625,7081.000
1785156882.219413042,15,6.531250,7017.250
1785156882.219413042,15,8.171875,6952.750
1785156882.219413042,8,14.750000,8865.750
1785156882.219413042,15,24.640625,7170.000
1785156882.219413042,15,47.109375,108.250
1785156882.219413042,15,48.421875,105.750
1785156882.219413042,15,162.968750,1589.250
1785156882.219413042,15,166.281250,1526.500
1785156882.219413042,15,167.953125,1549.500
1785156882.219413042,15,226.953125,1503.250
1785156882.219413042,15,228.640625,1506.000
1785156882.219413042,15,230.250000,1512.750
1785156882.219413042,15,231.828125,1540.500
1785156882.219413042,15,238.093750,2289.000
1785156882.219413042,15,239.750000,2262.250
1785156882.219413042,10,241.375000,2232.750
1785156882.219413042,15,249.656250,2072.000
1785156882.219413042,15,251.312500,2043.750
1785156882.219413042,15,252.921875,2022.500
1785156882.219413042,15,254.562500,2007.250
1785156882.219413042,15,256.203125,1999.500
1785156882.219413042,15,257.843750,1998.250
1785156882.219413042,15,259.484375,1991.000
1785156882.219413042,15,261.156250,1985.500
1785156882.219413042,15,262.781250,1988.500
1785156882.219413042,15,264.421875,1988.000
1785156882.219413042,15,266.078125,1986.750
1785156882.219413042,15,267.671875,1985.500
1785156882.219413042,15,269.343750,1988.250
1785156882.219413042,15,270.953125,1992.750
1785156882.219413042,15,272.593750,1996.000
1785156882.219413042,15,274.234375,2008.250
1785156882.219413042,15,275.875000,2014.000
1785156882.219413042,15,277.515625,2019.750
1785156882.219413042,15,279.125000,2031.250
1785156882.219413042,9,280.750000,2048.750
1785156882.219413042,8,282.390625,2064.750
1785156882.219413042,15,295.437500,2256.250
1785156882.219413042,13,297.078125,2268.000
1785156882.219413042,10,298.765625,2296.000
1785156882.219413042,4,300.390625,2342.500
1785156882.219413042,9,303.640625,2406.250
1785156882.219413042,15,305.281250,2473.000
1785156882.219413042,8,306.890625,2517.250
1785156882.219413042,15,308.546875,2565.500
1785156882.219413042,15,310.171875,2636.500
1785156882.219413042,15,311.812500,2692.000
1785156882.219413042,10,313.406250,2740.750
1785156882.219413042,15,316.687500,2883.500
1785156882.219413042,12,319.953125,3075.000
1785156882.219413042,5,321.578125,3155.250
1785156882.331674814,15,352.531250,7599.750
1785156882.331674814,15,354.187500,7500.000
1785156882.331674814,15,355.828125,7396.250
1785156882.331674814,15,357.468750,7289.500
1785156882.331674814,15,359.109375,7212.750
1785156882.331674814,15,0.750000,7175.750
1785156882.331674814,15,2.406250,7164.000
1785156882.331674814,15,4.046875,7128.750
1785156882.331674814,15,5.687500,7094.000
1785156882.331674814,15,7.328125,7057.500
1785156882.331674814,15,8.968750,6976.500
1785156882.331674814,7,13.843750,8871.000
1785156882.331674814,8,15.484375,8900.250
1785156882.331674814,15,25.375000,7241.500
1785156882.331674814,15,47.234375,106.500
1785156882.331674814,13,50.593750,101.250
1785156882.331674814,11,163.765625,1623.000
1785156882.331674814,15,167.109375,1555.250
1785156882.331674814,15,224.531250,1491.250
1785156882.331674814,15,227.812500,1494.000
1785156882.331674814,15,229.437500,1479.500
1785156882.331674814,15,231.062500,1491.500
1785156882.331674814,15,232.703125,1516.250
1785156882.331674814,15,238.890625,2338.000
1785156882.331674814,15,240.546875,2295.500
1785156882.331674814,15,242.187500,2267.750
1785156882.331674814,15,243.828125,2242.500
1785156882.331674814,15,255.375000,2058.750
1785156882.331674814,15,257.062500,2048.250
1785156882.331674814,15,258.687500,2040.750
1785156882.331674814,15,260.328125,2034.500
1785156882.331674814,15,261.968750,2027.000
1785156882.331674814,15,263.609375,2023.750
1785156882.331674814,15,265.234375,2027.750
1785156882.331674814,15,266.906250,2032.750
1785156882.331674814,15,268.546875,2031.750
1785156882.331674814,15,270.171875,2031.000
1785156882.331674814,15,271.765625,2031.250
1785156882.331674814,15,273.421875,2033.500
1785156882.331674814,15,275.062500,2036.500
1785156882.331674814,15,276.671875,2051.750
1785156882.331674814,12,278.312500,2067.000
1785156882.331674814,15,294.671875,2255.250
1785156882.331674814,15,296.296875,2271.750
1785156882.331674814,12,297.937500,2308.500
1785156882.331674814,13,299.625000,2357.000
1785156882.331674814,15,301.250000,2398.250
1785156882.331674814,10,302.890625,2403.750
1785156882.331674814,7,304.500000,2421.500
1785156882.331674814,15,306.125000,2489.250
1785156882.331674814,6,307.781250,2542.000
1785156882.331674814,15,309.421875,2583.500
1785156882.331674814,7,311.046875,2637.000
1785156882.331674814,15,312.656250,2690.000
1785156882.331674814,8,314.296875,2746.750
1785156882.331674814,14,317.562500,2885.250
1785156882.331674814,9,322.468750,3184.250
1785156882.442312956,15,353.406250,7641.250
1785156882.442312956,15,355.062500,7509.500
1785156882.442312956,15,356.703125,7381.000
1785156882.442312956,15,358.343750,7295.500
1785156882.442312956,15,359.984375,7257.250
1785156882.442312956,15,1.640625,7226.000
1785156882.442312956,15,3.281250,7159.000
1785156882.442312956,15,4.921875,7122.500
1785156882.442312956,15,6.562500,7099.500
1785156882.442312956,15,8.203125,7028.250
1785156882.442312956,15,9.843750,6966.750
1785156882.442312956,15,47.531250,105.750
1785156882.442312956,15,166.125000,1594.250
1785156882.442312956,15,167.750000,1593.500
1785156882.442312956,15,225.187500,1458.750
1785156882.442312956,8,226.828125,1459.750
1785156882.442312956,15,228.531250,1449.000
1785156882.442312956,15,230.109375,1459.250
1785156882.442312956,15,231.796875,1477.250
1785156882.442312956,15,233.421875,1499.000
1785156882.442312956,15,239.609375,2294.750
1785156882.442312956,15,241.265625,2266.750
1785156882.442312956,15,242.921875,2252.250
1785156882.442312956,15,254.453125,2066.000
1785156882.442312956,15,256.125000,2051.750
1785156882.442312956,15,257.765625,2043.000
1785156882.442312956,15,259.375000,2032.750
1785156882.442312956,15,261.031250,2021.750
1785156882.442312956,15,262.671875,2017.750
1785156882.442312956,15,264.312500,2023.250
1785156882.442312956,15,265.953125,2023.000
1785156882.442312956,15,267.609375,2019.500
1785156882.442312956,15,269.234375,2017.500
1785156882.442312956,15,270.890625,2019.000
1785156882.442312956,15,272.484375,2024.000
1785156882.442312956,15,274.125000,2025.000
1785156882.442312956,15,275.750000,2029.000
1785156882.442312956,15,277.343750,2037.250
1785156882.442312956,13,279.015625,2047.500
1785156882.442312956,10,280.640625,2059.500
1785156882.442312956,13,295.328125,2245.750
1785156882.442312956,15,296.906250,2257.750
1785156882.442312956,15,298.656250,2292.250
1785156882.442312956,5,300.250000,2340.750
1785156882.442312956,15,301.890625,2393.250
1785156882.442312956,7,303.562500,2400.250
1785156882.442312956,8,305.171875,2418.750
1785156882.442312956,12,306.812500,2491.000
1785156882.442312956,15,308.453125,2555.000
1785156882.442312956,9,310.062500,2613.250
1785156882.442312956,15,311.687500,2676.000
1785156882.442312956,14,313.296875,2739.500
1785156882.442312956,12,316.546875,2893.500
1785156882.442312956,11,318.218750,2958.750
1785156882.442312956,12,319.812500,3038.250
1785156882.556738138,15,350.796875,8121.000
1785156882.556738138,15,354.109375,7646.750
1785156882.556738138,15,355.734375,7546.000
1785156882.556738138,15,357.390625,7400.500
1785156882.556738138,15,359.046875,7320.000
1785156882.556738138,15,0.671875,7287.000
1785156882.556738138,15,2.312500,7208.500
1785156882.556738138,15,3.968750,7173.000
1785156882.556738138,15,5.609375,7136.250
1785156882.556738138,15,7.250000,7090.500
1785156882.556738138,15,8.906250,7045.500
1785156882.556738138,15,10.453125,6967.500
1785156882.556738138,15,46.031250,106.750
1785156882.556738138,15,49.750000,104.750
1785156882.556738138,15,51.593750,102.250
1785156882.556738138,15,166.843750,1588.750
1785156882.556738138,15,224.203125,1438.750
1785156882.556738138,15,227.546875,1442.500
1785156882.556738138,15,229.171875,1437.000
1785156882.556738138,15,230.796875,1444.500
1785156882.556738138,15,232.390625,1461.750
1785156882.556738138,15,234.046875,1483.500
1785156882.556738138,15,240.265625,2247.000
1785156882.556738138,12,250.125000,2079.750
1785156882.556738138,15,251.812500,2050.500
1785156882.556738138,15,253.421875,2028.750
1785156882.556738138,15,255.062500,2018.500
1785156882.556738138,15,256.703125,2007.500
1785156882.556738138,15,258.359375,2000.750
1785156882.556738138,15,260.000000,1994.750
1785156882.556738138,15,261.625000,1987.250
1785156882.556738138,15,263.281250,1981.500
1785156882.556738138,15,264.906250,1983.000
1785156882.556738138,15,266.593750,1986.000
1785156882.556738138,15,268.218750,1987.250
1785156882.556738138,15,269.843750,1988.750
1785156882.556738138,15,271.484375,1992.500
1785156882.556738138,15,273.093750,1998.000
1785156882.556738138,15,274.734375,2003.000
1785156882.556738138,15,276.328125,2009.000
1785156882.556738138,15,277.953125,2023.250
1785156882.556738138,15,279.593750,2030.250
1785156882.556738138,15,281.250000,2033.750
1785156882.556738138,13,282.875000,2054.750
1785156882.556738138,10,284.468750,2064.000
1785156882.556738138,10,299.250000,2253.000
1785156882.556738138,15,300.875000,2286.000
1785156882.556738138,6,302.500000,2341.250
1785156882.556738138,6,304.125000,2371.000
1785156882.556738138,14,305.765625,2403.000
1785156882.556738138,12,307.390625,2451.000
1785156882.556738138,8,309.015625,2507.250
1785156882.556738138,15,310.625000,2575.000
1785156882.556738138,9,312.265625,2637.500
1785156882.556738138,9,313.906250,2709.250
1785156882.556738138,10,315.515625,2784.750
1785156882.556738138,9,317.156250,2860.500
1785156882.556738138,13,318.781250,2934.500
1785156882.556738138,11,320.406250,3004.750
1785156882.556738138,15,323.750000,3209.750
1785156882.668500900,15,351.421875,8112.500
1785156882.668500900,15,354.734375,7630.750
1785156882.668500900,15,356.375000,7517.500
1785156882.668500900,15,358.000000,7451.000
1785156882.668500900,15,359.656250,7360.750
1785156882.668500900,15,1.296875,7278.500
1785156882.668500900,15,2.937500,7234.250
1785156882.668500900,15,4.593750,7201.500
1785156882.668500900,15,6.234375,7177.250
1785156882.668500900,15,7.875000,7128.000
1785156882.668500900,15,9.515625,7063.750
1785156882.668500900,15,11.062500,7034.000
1785156882.668500900,15,46.781250,106.000
1785156882.668500900,15,165.593750,1584.750
1785156882.668500900,15,167.203125,1615.000
1785156882.668500900,15,224.609375,1414.750
1785156882.668500900,15,226.234375,1421.500
1785156882.668500900,14,227.890625,1416.750
1785156882.668500900,15,229.593750,1415.500
1785156882.668500900,15,231.156250,1421.000
1785156882.668500900,15,232.781250,1440.500
1785156882.668500900,15,234.437500,1462.000
1785156882.668500900,15,240.640625,2250.000
1785156882.668500900,15,252.171875,2072.000
1785156882.668500900,15,253.796875,2048.750
1785156882.668500900,15,255.453125,2034.250
1785156882.668500900,15,257.125000,2023.750
1785156882.668500900,15,258.734375,2020.750
1785156882.668500900,15,260.375000,2008.750
1785156882.668500900,15,262.046875,1994.250
1785156882.668500900,15,263.687500,1990.500
1785156882.668500900,15,265.328125,1987.750
1785156882.668500900,15,266.953125,1987.500
1785156882.668500900,15,268.578125,1987.500
1785156882.668500900,15,270.250000,1986.500
1785156882.668500900,15,271.875000,1990.250
1785156882.668500900,15,273.531250,1989.750
1785156882.668500900,15,275.062500,1985.750
1785156882.668500900,15,276.734375,1987.500
1785156882.668500900,15,278.328125,1999.500
1785156882.668500900,15,279.968750,2009.750
1785156882.668500900,15,281.640625,2017.000
1785156882.668500900,15,283.234375,2031.250
1785156882.668500900,14,284.890625,2043.000
1785156882.668500900,13,299.640625,2264.000
1785156882.668500900,15,301.265625,2292.750
1785156882.668500900,5,302.875000,2336.500
1785156882.668500900,15,304.500000,2386.250
1785156882.668500900,10,306.156250,2413.250
1785156882.668500900,15,307.765625,2445.750
1785156882.668500900,7,309.406250,2507.500
1785156882.668500900,15,311.015625,2568.000
1785156882.668500900,7,312.640625,2628.000
1785156882.668500900,12,314.265625,2697.500
1785156882.668500900,14,315.906250,2769.000
1785156882.668500900,10,317.531250,2837.500
1785156882.668500900,12,320.781250,3008.500
1785156882.668500900,9,324.109375,3184.750
1785156882.780795813,15,353.359375,8071.750
1785156882.780795813,15,356.640625,7583.750
1785156882.780795813,15,358.296875,7448.250
1785156882.780795813,15,359.937500,7324.000
1785156882.780795813,15,1.593750,7270.500
1785156882.780795813,15,3.218750,7250.500
1785156882.780795813,15,4.859375,7208.250
1785156882.780795813,15,6.515625,7175.750
1785156882.780795813,15,8.156250,7148.500
1785156882.780795813,15,9.796875,7091.750
1785156882.780795813,15,11.421875,7052.250
1785156882.780795813,15,19.625000,6273.250
1785156882.780795813,15,45.312500,107.750
1785156882.780795813,15,48.562500,105.500
1785156882.780795813,15,164.281250,1719.500
1785156882.780795813,15,167.546875,1660.000
1785156882.780795813,15,223.437500,1405.750
1785156882.780795813,15,225.062500,1410.500
1785156882.780795813,15,228.359375,1396.000
1785156882.780795813,15,229.984375,1387.500
1785156882.780795813,15,231.671875,1403.000
1785156882.780795813,15,233.250000,1420.000
1785156882.780795813,15,247.718750,2062.500
1785156882.780795813,15,249.328125,2038.750
1785156882.780795813,15,250.968750,2019.500
1785156882.780795813,15,252.625000,1994.500
1785156882.780795813,15,254.265625,1970.250
1785156882.780795813,15,255.906250,1953.750
1785156882.780795813,15,257.562500,1945.750
1785156882.780795813,12,259.171875,1939.750
1785156882.780795813,11,260.859375,1933.000
1785156882.780795813,9,269.046875,1925.500
1785156882.780795813,10,278.781250,1930.750
1785156882.780795813,15,280.421875,1944.500
1785156882.780795813,15,282.062500,1955.500
1785156882.780795813,15,283.703125,1965.500
1785156882.780795813,15,285.312500,1974.500
1785156882.780795813,15,286.953125,1987.500
1785156882.780795813,15,288.593750,2009.000
1785156882.780795813,15,290.203125,2027.500
1785156882.780795813,15,291.843750,2025.250
1785156882.780795813,15,304.968750,2261.000
1785156882.780795813,15,306.578125,2272.500
1785156882.780795813,15,309.828125,2384.000
1785156882.780795813,9,311.500000,2427.750
1785156882.780795813,15,313.093750,2483.250
1785156882.780795813,15,314.750000,2546.500
1785156882.780795813,5,316.359375,2613.500
1785156882.780795813,12,317.984375,2686.750
1785156882.780795813,14,319.625000,2764.250
1785156882.780795813,15,321.234375,2830.250
1785156882.893939018,15,352.109375,8164.750
1785156882.893939018,15,353.734375,8055.500
1785156882.893939018,15,357.015625,7653.750
1785156882.893939018,15,358.656250,7531.000
1785156882.893939018,15,0.296875,7396.000
1785156882.893939018,15,1.937500,7322.000
1785156882.893939018,15,3.578125,7255.500
1785156882.893939018,15,5.218750,7214.500
1785156882.893939018,15,6.859375,7183.750
1785156882.893939018,15,8.484375,7159.750
1785156882.893939018,15,10.140625,7115.500
1785156882.893939018,15,46.859375,107.750
1785156882.893939018,15,47.734375,105.750
1785156882.893939018,15,51.328125,103.000
1785156882.893939018,15,164.296875,1736.500
1785156882.893939018,15,223.406250,1403.000
1785156882.893939018,13,225.031250,1399.250
1785156882.893939018,15,226.671875,1398.000
1785156882.893939018,15,228.296875,1393.000
1785156882.893939018,15,229.953125,1390.000
1785156882.893939018,15,231.515625,1398.000
1785156882.893939018,15,233.140625,1414.750
1785156882.893939018,15,234.750000,1441.500
1785156882.893939018,15,249.203125,2070.750
1785156882.893939018,15,250.796875,2047.000
1785156882.893939018,15,252.468750,2028.750
1785156882.893939018,15,254.062500,2015.000
1785156882.893939018,15,255.703125,2002.250
1785156882.893939018,15,257.343750,1984.500
1785156882.893939018,15,258.984375,1976.250
1785156882.893939018,15,260.640625,1971.000
1785156882.893939018,15,262.250000,1958.250
1785156882.893939018,15,263.890625,1956.000
1785156882.893939018,15,265.515625,1958.500
1785156882.893939018,15,267.125000,1960.500
1785156882.893939018,15,268.796875,1962.500
1785156882.893939018,15,270.390625,1965.000
1785156882.893939018,15,272.046875,1963.250
1785156882.893939018,15,273.656250,1966.500
1785156882.893939018,15,275.296875,1972.500
1785156882.893939018,15,276.937500,1974.500
1785156882.893939018,15,278.546875,1979.000
1785156882.893939018,15,280.156250,1991.500
1785156882.893939018,15,281.812500,2010.250
1785156882.893939018,15,283.437500,2025.750
1785156882.893939018,15,285.078125,2040.500
1785156882.893939018,8,286.703125,2059.750
1785156882.893939018,14,299.796875,2260.500
1785156882.893939018,15,301.421875,2286.000
1785156882.893939018,9,303.046875,2326.000
1785156882.893939018,15,304.640625,2380.500
1785156882.893939018,15,306.296875,2406.250
1785156882.893939018,10,307.906250,2426.250
1785156882.893939018,12,309.546875,2483.500
1785156882.893939018,7,311.171875,2552.500
1785156882.893939018,13,312.765625,2620.250
1785156882.893939018,12,314.421875,2690.500
1785156882.893939018,12,316.046875,2745.250
1785156882.893939018,15,319.281250,2925.250
1785156882.893939018,12,320.906250,2996.750
1785156882.893939018,10,324.187500,3167.000
1785156883.006393194,15,351.765625,8165.000
1785156883.006393194,15,353.406250,8083.000
1785156883.006393194,15,356.687500,7630.000
1785156883.006393194,15,358.328125,7535.750
1785156883.006393194,15,359.968750,7405.000
1785156883.006393194,15,1.609375,7306.250
1785156883.006393194,15,3.250000,7250.750
1785156883.006393194,15,4.890625,7213.000
1785156883.006393194,15,6.531250,7183.500
1785156883.006393194,15,8.156250,7154.250
1785156883.006393194,15,9.796875,7095.250
1785156883.006393194,15,11.406250,7048.250
1785156883.006393194,15,48.515625,106.250
1785156883.006393194,15,165.796875,1612.750
1785156883.006393194,15,167.453125,1646.500
1785156883.006393194,15,223.203125,1396.750
1785156883.006393194,10,224.875000,1391.250
1785156883.006393194,15,226.500000,1401.250
1785156883.006393194,15,229.781250,1402.250
1785156883.006393194,15,231.390625,1402.500
1785156883.006393194,15,233.015625,1414.500
1785156883.006393194,15,234.593750,1439.500
1785156883.006393194,13,240.843750,2240.250
1785156883.006393194,15,250.671875,2071.750
1785156883.006393194,15,252.343750,2050.500
1785156883.006393194,15,253.937500,2035.250
1785156883.006393194,15,255.593750,2018.000
1785156883.006393194,15,257.234375,2002.750
1785156883.006393194,15,258.890625,1992.250
1785156883.006393194,15,260.546875,1979.750
1785156883.006393194,15,262.140625,1968.000
1785156883.006393194,15,263.765625,1967.000
1785156883.006393194,15,265.453125,1963.500
1785156883.006393194,15,267.093750,1960.750
1785156883.006393194,15,268.718750,1963.000
1785156883.006393194,15,270.359375,1965.500
1785156883.006393194,15,271.968750,1963.750
1785156883.006393194,15,273.593750,1966.750
1785156883.006393194,15,275.234375,1971.750
1785156883.006393194,15,276.890625,1974.250
1785156883.006393194,15,278.500000,1979.750
1785156883.006393194,15,280.171875,1985.500
1785156883.006393194,15,281.796875,2003.500
1785156883.006393194,15,283.437500,2025.250
1785156883.006393194,15,285.078125,2039.250
1785156883.006393194,9,286.656250,2050.250
1785156883.006393194,15,301.437500,2272.500
1785156883.006393194,9,303.031250,2303.250
1785156883.006393194,15,304.656250,2358.000
1785156883.006393194,15,306.296875,2392.750
1785156883.006393194,15,307.953125,2420.250
1785156883.006393194,15,309.593750,2471.000
1785156883.006393194,7,311.203125,2531.000
1785156883.006393194,12,312.828125,2595.000
1785156883.006393194,13,314.453125,2666.750
1785156883.006393194,7,316.078125,2733.500
1785156883.006393194,15,319.343750,2908.250
1785156883.006393194,15,320.968750,2981.500
1785156883.006393194,10,322.578125,3062.000
1785156883.117100954,15,351.859375,8156.000
1785156883.117100954,15,353.500000,8096.250
1785156883.117100954,15,356.796875,7593.000
1785156883.117100954,15,358.437500,7478.000
1785156883.117100954,15,0.078125,7401.750
1785156883.117100954,15,1.718750,7313.000
1785156883.117100954,15,3.359375,7266.750
1785156883.117100954,15,5.000000,7240.750
1785156883.117100954,15,6.640625,7200.000
1785156883.117100954,15,8.281250,7167.750
1785156883.117100954,15,9.937500,7103.000
1785156883.117100954,15,11.546875,7055.750
1785156883.117100954,15,46.812500,107.750
1785156883.117100954,15,48.750000,105.750
1785156883.117100954,15,166.078125,1614.250
1785156883.117100954,15,167.671875,1656.250
1785156883.117100954,15,223.515625,1401.750
1785156883.117100954,15,225.187500,1404.000
1785156883.117100954,15,226.781250,1406.500
1785156883.117100954,15,228.390625,1409.250
1785156883.117100954,15,230.078125,1410.500
1785156883.117100954,15,231.656250,1409.250
1785156883.117100954,15,233.265625,1418.000
1785156883.117100954,15,234.906250,1442.000
1785156883.117100954,15,241.093750,2248.750
1785156883.117100954,15,252.656250,2055.750
1785156883.117100954,15,254.281250,2034.500
1785156883.117100954,15,255.937500,2024.250
1785156883.117100954,15,257.546875,2013.000
1785156883.117100954,15,259.203125,1999.500
1785156883.117100954,15,260.859375,1992.000
1785156883.117100954,15,262.484375,1986.500
1785156883.117100954,15,264.093750,1983.500
1785156883.117100954,15,265.734375,1984.750
1785156883.117100954,15,267.390625,1983.250
1785156883.117100954,15,269.046875,1984.750
1785156883.117100954,15,270.640625,1985.750
1785156883.117100954,15,272.328125,1985.500
1785156883.117100954,15,273.921875,1986.000
1785156883.117100954,15,275.546875,1985.000
1785156883.117100954,15,277.187500,1996.750
1785156883.117100954,15,278.828125,2009.250
1785156883.117100954,15,280.484375,2015.500
1785156883.117100954,15,282.125000,2027.250
1785156883.117100954,15,283.718750,2040.750
1785156883.117100954,10,285.359375,2058.750
1785156883.117100954,15,298.421875,2249.750
1785156883.117100954,15,300.078125,2264.000
1785156883.117100954,15,301.718750,2292.000
1785156883.117100954,5,303.359375,2338.500
1785156883.117100954,15,305.000000,2394.000
1785156883.117100954,6,306.656250,2398.250
1785156883.117100954,15,311.515625,2569.750
1785156883.117100954,11,313.156250,2633.750
1785156883.117100954,11,314.765625,2698.250
1785156883.117100954,12,316.421875,2760.500
1785156883.117100954,15,318.015625,2830.000
1785156883.117100954,8,321.265625,3010.500
1785156883.117100954,10,324.546875,3196.750
1785156883.232300997,15,352.250000,8123.000
1785156883.232300997,15,353.890625,8065.750
1785156883.232300997,15,357.218750,7589.000
1785156883.232300997,15,358.843750,7480.750
1785156883.232300997,15,0.500000,7386.000
1785156883.232300997,15,2.140625,7306.750
1785156883.232300997,15,3.796875,7253.750
1785156883.232300997,15,5.437500,7213.000
1785156883.232300997,15,7.078125,7185.500
1785156883.232300997,15,8.734375,7153.500
1785156883.232300997,15,10.281250,7106.000
1785156883.232300997,15,46.437500,107.000
1785156883.232300997,15,48.421875,104.750
1785156883.232300997,15,51.343750,102.000
1785156883.232300997,15,163.281250,1718.750
1785156883.232300997,15,166.625000,1626.250
1785156883.232300997,15,224.109375,1398.500
1785156883.232300997,15,229.000000,1403.500
1785156883.232300997,15,230.656250,1401.250
1785156883.232300997,15,232.296875,1411.750
1785156883.232300997,15,233.890625,1433.750
1785156883.232300997,15,235.531250,1460.250
1785156883.232300997,15,251.609375,2072.250
1785156883.232300997,15,253.250000,2051.500
1785156883.232300997,15,254.875000,2031.250
1785156883.232300997,15,256.531250,2017.250
1785156883.232300997,15,258.171875,2004.000
1785156883.232300997,15,259.812500,1994.750
1785156883.232300997,15,261.453125,1990.750
1785156883.232300997,15,263.078125,1986.500
1785156883.232300997,15,264.750000,1979.250
1785156883.232300997,15,266.375000,1977.000
1785156883.232300997,15,268.015625,1979.000
1785156883.232300997,15,269.625000,1981.000
1785156883.232300997,15,271.281250,1979.750
1785156883.232300997,15,272.906250,1979.250
1785156883.232300997,15,274.578125,1983.750
1785156883.232300997,15,276.140625,1982.250
1785156883.232300997,15,277.781250,1983.250
1785156883.232300997,15,279.375000,1997.000
1785156883.232300997,15,281.046875,2013.750
1785156883.232300997,15,282.656250,2025.250
1785156883.232300997,15,284.296875,2043.000
1785156883.232300997,12,285.890625,2058.250
1785156883.232300997,8,287.546875,2060.250
1785156883.232300997,13,299.031250,2252.250
1785156883.232300997,15,300.656250,2262.000
1785156883.232300997,15,302.281250,2301.000
1785156883.232300997,15,303.953125,2356.250
1785156883.232300997,15,305.546875,2399.000
1785156883.232300997,7,307.187500,2430.750
1785156883.232300997,15,308.828125,2470.750
1785156883.232300997,8,310.437500,2526.500
1785156883.232300997,13,312.078125,2588.500
1785156883.232300997,15,313.718750,2655.500
1785156883.232300997,8,315.328125,2730.250
1785156883.232300997,10,316.953125,2815.000
1785156883.232300997,15,318.562500,2897.250
1785156883.232300997,15,320.203125,2974.750
1785156883.232300997,12,321.828125,3040.250
1785156883.232300997,15,325.156250,3218.250
1785156883.343389034,15,352.843750,8104.500
1785156883.343389034,15,356.125000,7668.750
1785156883.343389034,15,357.781250,7532.500
1785156883.343389034,15,359.421875,7409.750
1785156883.343389034,15,1.062500,7333.500
1785156883.343389034,15,2.718750,7275.250
1785156883.343389034,15,4.359375,7244.000
1785156883.343389034,15,6.000000,7214.500
1785156883.343389034,15,7.656250,7174.250
1785156883.343389034,15,9.281250,7124.750
1785156883.343389034,15,10.859375,7074.500
1785156883.343389034,15,47.015625,106.250
1785156883.343389034,14,51.234375,101.000
1785156883.343389034,15,167.218750,1637.000
1785156883.343389034,15,224.718750,1391.250
1785156883.343389034,15,226.375000,1397.250
1785156883.343389034,15,229.640625,1395.000
1785156883.343389034,15,231.250000,1399.250
1785156883.343389034,15,232.859375,1413.250
1785156883.343389034,15,234.515625,1440.250
1785156883.343389034,15,240.718750,2240.750
1785156883.343389034,7,242.390625,2215.250
1785156883.343389034,15,252.281250,2053.500
1785156883.343389034,15,253.921875,2035.500
1785156883.343389034,15,255.562500,2020.250
1785156883.343389034,15,257.187500,2004.500
1785156883.343389034,15,258.828125,1993.250
1785156883.343389034,15,260.453125,1987.250
1785156883.343389034,15,262.125000,1981.250
1785156883.343389034,15,263.765625,1973.750
1785156883.343389034,15,265.406250,1969.750
1785156883.343389034,15,267.062500,1973.500
1785156883.343389034,15,268.703125,1976.250
1785156883.343389034,15,270.328125,1972.500
1785156883.343389034,15,271.953125,1974.500
1785156883.343389034,15,273.593750,1977.000
1785156883.343389034,15,275.140625,1972.000
1785156883.343389034,15,276.796875,1975.000
1785156883.343389034,15,278.421875,1984.250
1785156883.343389034,15,280.046875,1999.000
1785156883.343389034,15,281.656250,2016.000
1785156883.343389034,15,283.328125,2030.000
1785156883.343389034,11,284.937500,2041.500
1785156883.343389034,9,291.453125,2066.750
1785156883.343389034,15,299.671875,2259.250
1785156883.343389034,12,301.296875,2273.500
1785156883.343389034,4,302.906250,2305.250
1785156883.343389034,6,304.546875,2359.250
1785156883.343389034,15,306.203125,2392.000
1785156883.343389034,10,307.843750,2423.250
1785156883.343389034,13,309.437500,2480.250
1785156883.343389034,8,311.078125,2540.500
1785156883.343389034,13,312.703125,2600.750
1785156883.343389034,15,314.312500,2673.000
1785156883.343389034,9,315.953125,2738.000
1785156883.343389034,15,319.203125,2910.500
1785156883.343389034,13,320.828125,2983.250
1785156883.343389034,15,322.546875,3059.500
1785156883.454848051,15,351.812500,8163.250
1785156883.454848051,15,353.453125,8090.750
1785156883.454848051,15,356.750000,7656.500
1785156883.454848051,15,358.390625,7538.000
1785156883.454848051,15,0.031250,7403.000
1785156883.454848051,15,1.671875,7321.000
1785156883.454848051,15,3.312500,7264.500
1785156883.454848051,15,4.968750,7221.000
1785156883.454848051,15,6.609375,7191.000
1785156883.454848051,15,8.234375,7167.000
1785156883.454848051,15,9.890625,7100.500
1785156883.454848051,15,11.468750,7057.500
1785156883.454848051,15,47.093750,108.250
1785156883.454848051,15,47.281250,105.750
1785156883.454848051,15,166.156250,1614.500
1785156883.454848051,15,167.765625,1656.500
1785156883.454848051,15,223.671875,1401.250
1785156883.454848051,15,225.218750,1411.000
1785156883.454848051,15,226.906250,1408.500
1785156883.454848051,15,228.578125,1400.500
1785156883.454848051,15,230.203125,1399.500
1785156883.454848051,15,231.906250,1405.500
1785156883.454848051,15,233.484375,1423.750
1785156883.454848051,15,235.062500,1451.000
1785156883.454848051,13,241.328125,2225.500
1785156883.454848051,15,251.171875,2064.500
1785156883.454848051,15,252.859375,2034.750
1785156883.454848051,15,254.500000,2019.000
1785156883.454848051,15,256.125000,2012.000
1785156883.454848051,15,257.765625,2001.500
1785156883.454848051,15,259.390625,1990.750
1785156883.454848051,15,261.078125,1980.500
1785156883.454848051,15,262.718750,1973.000
1785156883.454848051,15,264.343750,1970.750
1785156883.454848051,15,265.984375,1966.000
1785156883.454848051,15,267.640625,1964.000
1785156883.454848051,15,269.234375,1971.500
1785156883.454848051,15,270.875000,1971.250
1785156883.454848051,15,272.546875,1968.750
1785156883.454848051,15,274.171875,1972.000
1785156883.454848051,15,275.781250,1974.750
1785156883.454848051,15,277.390625,1977.750
1785156883.454848051,15,279.031250,1985.000
1785156883.454848051,15,280.640625,2001.250
1785156883.454848051,15,282.296875,2017.000
1785156883.454848051,15,283.937500,2027.750
1785156883.454848051,13,285.531250,2039.500
1785156883.454848051,9,287.203125,2062.250
1785156883.454848051,15,300.296875,2255.000
1785156883.454848051,13,301.937500,2283.250
1785156883.454848051,5,303.578125,2328.500
1785156883.454848051,15,305.218750,2384.000
1785156883.454848051,14,306.828125,2400.250
1785156883.454848051,9,308.468750,2417.000
1785156883.454848051,15,311.718750,2563.250
1785156883.454848051,15,313.343750,2623.750
1785156883.454848051,12,314.984375,2694.000
1785156883.454848051,14,316.609375,2774.250
1785156883.454848051,9,318.234375,2846.000
1785156883.454848051,15,319.859375,2924.750
1785156883.454848051,7,321.468750,3011.250
1785156883.454848051,11,324.765625,3195.500
1785156883.570097923,15,352.375000,8125.000
1785156883.570097923,15,354.015625,8067.750
1785156883.570097923,15,357.328125,7606.750
1785156883.570097923,15,358.968750,7505.500
1785156883.570097923,15,0.593750,7396.750
1785156883.570097923,15,2.234375,7311.750
1785156883.570097923,15,3.890625,7253.750
1785156883.570097923,15,5.531250,7200.500
1785156883.570097923,15,7.171875,7161.250
1785156883.570097923,15,8.812500,7131.000
1785156883.570097923,15,10.421875,7087.000
1785156883.570097923,15,46.734375,106.500
1785156883.570097923,15,49.250000,104.750
1785156883.570097923,15,50.625000,102.000
1785156883.570097923,15,163.453125,1713.250
1785156883.570097923,15,166.765625,1629.500
1785156883.570097923,15,173.234375,1886.000
1785156883.570097923,15,224.328125,1397.250
1785156883.570097923,15,229.218750,1402.000
1785156883.570097923,15,230.843750,1398.250
1785156883.570097923,15,232.468750,1410.500
1785156883.570097923,15,234.046875,1439.750
1785156883.570097923,15,235.656250,1469.000
1785156883.570097923,9,241.906250,2222.000
1785156883.570097923,15,251.781250,2052.250
1785156883.570097923,15,253.468750,2030.750
1785156883.570097923,15,255.093750,2019.750
1785156883.570097923,15,256.718750,2008.250
1785156883.570097923,15,258.375000,2000.750
1785156883.570097923,15,260.046875,1991.500
1785156883.570097923,15,261.640625,1984.500
1785156883.570097923,15,263.281250,1981.000
1785156883.570097923,15,264.921875,1976.000
1785156883.570097923,15,266.578125,1971.750
1785156883.570097923,15,268.203125,1972.750
1785156883.570097923,15,269.843750,1974.000
1785156883.570097923,15,271.500000,1976.000
1785156883.570097923,15,273.140625,1978.500
1785156883.570097923,15,274.750000,1975.000
1785156883.570097923,15,276.406250,1979.250
1785156883.570097923,15,278.000000,1990.250
1785156883.570097923,15,279.625000,1999.500
1785156883.570097923,15,281.265625,2020.250
1785156883.570097923,15,282.921875,2029.000
1785156883.570097923,15,284.562500,2032.000
1785156883.570097923,10,287.828125,2041.500
1785156883.570097923,15,300.968750,2264.750
1785156883.570097923,5,302.640625,2305.500
1785156883.570097923,15,304.234375,2359.250
1785156883.570097923,15,305.890625,2392.500
1785156883.570097923,7,307.546875,2427.500
1785156883.570097923,15,309.140625,2469.500
1785156883.570097923,6,310.765625,2523.000
1785156883.570097923,14,312.406250,2591.250
1785156883.570097923,7,314.062500,2653.750
1785156883.570097923,10,315.703125,2722.000
1785156883.570097923,15,318.953125,2909.000
1785156883.570097923,15,320.578125,2985.250
1785156883.570097923,11,322.218750,3053.750
1785156883.680345058,15,353.109375,8092.000
1785156883.680345058,15,356.406250,7665.500
1785156883.680345058,15,358.031250,7512.000
1785156883.680345058,15,359.687500,7372.250
1785156883.680345058,15,1.328125,7288.500
1785156883.680345058,15,2.968750,7241.000
1785156883.680345058,15,4.609375,7206.250
1785156883.680345058,15,6.265625,7186.250
1785156883.680345058,15,7.906250,7164.500
1785156883.680345058,15,9.562500,7094.500
1785156883.680345058,15,11.125000,7044.250
1785156883.680345058,15,47.500000,106.000
1785156883.680345058,15,165.796875,1611.750
1785156883.680345058,15,167.390625,1646.250
1785156883.680345058,15,223.328125,1401.000
1785156883.680345058,15,224.953125,1396.250
1785156883.680345058,15,226.625000,1402.000
1785156883.680345058,15,228.218750,1407.500
1785156883.680345058,15,229.890625,1407.750
1785156883.680345058,15,231.515625,1402.750
1785156883.680345058,15,233.125000,1415.500
1785156883.680345058,15,234.718750,1441.250
1785156883.680345058,15,240.953125,2239.750
1785156883.680345058,15,250.843750,2075.250
1785156883.680345058,15,252.484375,2051.250
1785156883.680345058,15,254.156250,2026.250
1785156883.680345058,15,255.765625,2013.500
1785156883.680345058,15,257.390625,2009.750
1785156883.680345058,15,259.046875,1999.500
1785156883.680345058,15,260.656250,1990.000
1785156883.680345058,15,262.296875,1980.250
1785156883.680345058,15,263.968750,1972.000
1785156883.680345058,15,265.593750,1973.750
1785156883.680345058,15,267.250000,1974.000
1785156883.680345058,15,268.875000,1971.000
1785156883.680345058,15,270.500000,1977.000
1785156883.680345058,15,272.156250,1979.250
1785156883.680345058,15,273.796875,1976.500
1785156883.680345058,15,275.437500,1976.500
1785156883.680345058,15,277.062500,1983.500
1785156883.680345058,15,278.671875,1996.750
1785156883.680345058,15,280.312500,2004.000
1785156883.680345058,15,281.968750,2011.750
1785156883.680345058,15,283.562500,2032.000
1785156883.680345058,15,285.218750,2045.750
1785156883.680345058,15,300.000000,2256.500
1785156883.680345058,15,301.625000,2283.000
1785156883.680345058,5,303.250000,2326.500
1785156883.680345058,15,304.921875,2375.500
1785156883.680345058,7,306.578125,2385.500
1785156883.680345058,15,311.453125,2559.250
1785156883.680345058,11,313.093750,2616.000
1785156883.680345058,15,314.718750,2686.000
1785156883.680345058,14,316.328125,2742.750
1785156883.680345058,10,321.234375,3009.000
1785156883.680345058,15,324.484375,3203.000
1785156883.792271137,15,352.171875,8163.500
1785156883.792271137,15,353.812500,8073.750
1785156883.792271137,15,357.109375,7595.250
1785156883.792271137,15,358.750000,7479.000
1785156883.792271137,15,0.390625,7396.000
1785156883.792271137,15,2.031250,7320.250
1785156883.792271137,15,3.687500,7257.750
1785156883.792271137,15,5.312500,7219.750
1785156883.792271137,15,6.968750,7187.000
1785156883.792271137,15,8.625000,7150.250
1785156883.792271137,15,10.234375,7104.000
1785156883.792271137,15,11.859375,7080.000
1785156883.792271137,15,47.578125,107.000
1785156883.792271137,15,49.281250,105.000
1785156883.792271137,15,51.125000,102.250
1785156883.792271137,15,163.140625,1722.500
1785156883.792271137,15,166.421875,1625.000
1785156883.792271137,15,230.546875,1391.250
1785156883.792271137,15,232.171875,1413.500
1785156883.792271137,15,233.765625,1431.750
1785156883.792271137,15,235.390625,1439.250
1785156883.792271137,15,241.562500,2308.250
1785156883.792271137,15,243.234375,2273.250
1785156883.792271137,14,244.843750,2253.750
1785156883.792271137,9,254.750000,2093.000
1785156883.792271137,11,256.406250,2087.500
1785156883.792271137,12,258.015625,2074.750
1785156883.792271137,15,259.671875,2067.000
1785156883.792271137,12,261.328125,2059.250
1785156883.792271137,14,262.937500,2056.250
1785156883.792271137,10,264.609375,2058.750
1785156883.792271137,12,266.218750,2065.500
1785156883.792271137,10,267.859375,2073.250
1785156883.792271137,10,269.484375,2079.750
1785156883.792271137,9,271.156250,2090.500
1785156883.792271137,11,292.406250,2246.000
1785156883.792271137,15,294.031250,2259.500
1785156883.792271137,15,295.656250,2278.500
1785156883.792271137,15,297.281250,2311.250
1785156883.792271137,5,299.000000,2345.000
1785156883.792271137,15,300.609375,2366.000
1785156883.792271137,15,302.250000,2403.500
1785156883.792271137,7,303.890625,2447.750
1785156883.792271137,15,305.515625,2477.250
1785156883.792271137,8,307.156250,2517.000
1785156883.792271137,11,308.812500,2563.000
1785156883.792271137,7,310.390625,2621.000
1785156883.792271137,10,312.046875,2695.750
1785156883.792271137,12,313.687500,2766.250
1785156883.792271137,15,315.281250,2826.000
1785156883.792271137,13,318.562500,3005.000
1785156883.792271137,15,320.203125,3068.250
1785156883.792271137,9,328.328125,3636.000
1785156883.904602766,15,351.171875,8230.250
1785156883.904602766,15,352.828125,8110.000
1785156883.904602766,15,354.468750,7996.750
1785156883.904602766,15,357.765625,7569.750
1785156883.904602766,15,359.421875,7447.000
1785156883.904602766,15,1.078125,7341.000
1785156883.904602766,15,2.718750,7283.000
1785156883.904602766,15,4.359375,7243.750
1785156883.904602766,15,6.015625,7213.250
1785156883.904602766,15,7.671875,7175.250
1785156883.904602766,15,9.296875,7118.500
1785156883.904602766,15,10.890625,7067.500
1785156883.904602766,15,48.421875,106.000
1785156883.904602766,15,167.250000,1681.000
1785156883.904602766,15,223.234375,1372.250
1785156883.904602766,11,224.906250,1377.250
1785156883.904602766,15,226.500000,1380.000
1785156883.904602766,15,229.859375,1373.750
1785156883.904602766,15,233.062500,1409.500
1785156883.904602766,15,234.656250,1428.000
1785156883.904602766,15,240.890625,2296.000
1785156883.904602766,15,242.531250,2261.500
1785156883.904602766,14,244.171875,2238.750
1785156883.904602766,14,254.062500,2072.000
1785156883.904602766,15,255.671875,2057.750
1785156883.904602766,15,257.343750,2046.250
1785156883.904602766,15,258.968750,2033.000
1785156883.904602766,15,260.656250,2025.750
1785156883.904602766,15,262.281250,2020.250
1785156883.904602766,15,263.921875,2017.500
1785156883.904602766,15,265.546875,2014.750
1785156883.904602766,15,267.203125,2014.500
1785156883.904602766,15,268.828125,2013.750
1785156883.904602766,15,270.468750,2013.000
1785156883.904602766,15,272.093750,2013.750
1785156883.904602766,15,273.750000,2009.250
1785156883.904602766,15,275.359375,2001.750
1785156883.904602766,15,276.984375,2004.750
1785156883.904602766,15,278.640625,2016.250
1785156883.904602766,15,280.281250,2014.000
1785156883.904602766,15,281.890625,2014.750
1785156883.904602766,15,283.546875,2027.750
1785156883.904602766,15,285.171875,2039.250
1785156883.904602766,12,286.812500,2050.250
1785156883.904602766,15,288.437500,2053.500
1785156883.904602766,15,301.562500,2260.000
1785156883.904602766,15,303.171875,2286.250
1785156883.904602766,4,304.812500,2339.750
1785156883.904602766,15,306.421875,2386.750
1785156883.904602766,5,308.078125,2424.500
1785156883.904602766,15,309.703125,2469.750
1785156883.904602766,8,311.359375,2527.750
1785156883.904602766,15,312.953125,2583.000
1785156883.904602766,15,314.593750,2650.000
1785156883.904602766,11,316.234375,2726.500
1785156883.904602766,15,319.453125,2897.500
1785156883.904602766,15,321.078125,2974.000
1785156883.904602766,14,322.750000,3058.250
1785156883.904602766,11,324.375000,3147.250
1785156883.904602766,11,326.000000,3231.000
1785156884.017451048,15,352.093750,8214.250
1785156884.017451048,15,353.718750,8069.250
1785156884.017451048,15,357.046875,7656.500
1785156884.017451048,15,358.687500,7533.250
1785156884.017451048,15,0.328125,7399.000
1785156884.017451048,15,1.968750,7325.000
1785156884.017451048,15,3.625000,7264.250
1785156884.017451048,15,5.265625,7226.250
1785156884.017451048,15,6.906250,7194.750
1785156884.017451048,15,8.562500,7164.500
1785156884.017451048,15,10.203125,7117.000
1785156884.017451048,15,45.734375,107.000
1785156884.017451048,15,47.984375,105.000
1785156884.017451048,15,49.937500,102.250
1785156884.017451048,15,163.140625,1748.250
1785156884.017451048,15,166.437500,1679.500
1785156884.017451048,15,222.343750,1352.500
1785156884.017451048,15,223.984375,1356.750
1785156884.017451048,15,225.593750,1354.250
1785156884.017451048,15,228.875000,1339.000
1785156884.017451048,15,232.093750,1382.000
1785156884.017451048,15,233.718750,1395.250
1785156884.017451048,15,235.390625,1420.000
1785156884.017451048,14,241.531250,2240.500
1785156884.017451048,15,251.515625,2069.750
1785156884.017451048,15,253.171875,2038.250
1785156884.017451048,15,254.812500,2021.000
1785156884.017451048,15,256.421875,2014.750
1785156884.017451048,15,258.093750,2000.250
1785156884.017451048,15,259.718750,1988.250
1785156884.017451048,15,261.359375,1977.750
1785156884.017451048,15,263.031250,1971.250
1785156884.017451048,15,264.656250,1961.500
1785156884.017451048,15,266.281250,1957.750
1785156884.017451048,15,267.953125,1962.500
1785156884.017451048,15,269.593750,1963.500
1785156884.017451048,15,271.250000,1965.750
1785156884.017451048,15,272.875000,1969.000
1785156884.017451048,15,274.500000,1970.750
1785156884.017451048,15,276.062500,1970.250
1785156884.017451048,15,277.687500,1969.750
1785156884.017451048,15,279.296875,1975.750
1785156884.017451048,15,280.921875,1990.750
1785156884.017451048,15,282.562500,2012.750
1785156884.017451048,15,284.218750,2029.750
1785156884.017451048,15,285.843750,2037.250
1785156884.017451048,14,289.109375,2043.250
1785156884.017451048,15,302.234375,2264.750
1785156884.017451048,14,303.875000,2299.750
1785156884.017451048,4,305.500000,2357.500
1785156884.017451048,15,307.125000,2403.250
1785156884.017451048,6,308.734375,2438.250
1785156884.017451048,15,310.390625,2478.500
1785156884.017451048,8,312.000000,2533.750
1785156884.017451048,8,313.640625,2603.250
1785156884.017451048,14,315.250000,2677.250
1785156884.017451048,12,316.906250,2739.250
1785156884.017451048,11,321.765625,3009.500
1785156884.017451048,9,325.093750,3184.250
1785156884.129858971,15,352.765625,8169.000
1785156884.129858971,15,354.421875,8067.250
1785156884.129858971,15,357.718750,7670.250
1785156884.129858971,15,359.359375,7562.500
1785156884.129858971,15,1.000000,7430.500
1785156884.129858971,15,2.640625,7326.000
1785156884.129858971,15,4.281250,7253.250
1785156884.129858971,15,5.937500,7222.750
1785156884.129858971,15,7.593750,7186.750
1785156884.129858971,15,9.218750,7131.000
1785156884.129858971,15,10.781250,7080.500
1785156884.129858971,15,47.687500,106.500
1785156884.129858971,15,167.015625,1763.750
1785156884.129858971,15,168.609375,1796.500
1785156884.129858971,15,223.015625,1326.250
1785156884.129858971,13,224.687500,1331.000
1785156884.129858971,15,226.312500,1324.500
1785156884.129858971,15,227.968750,1328.250
1785156884.129858971,15,229.656250,1331.000
1785156884.129858971,15,231.281250,1337.750
1785156884.129858971,15,232.921875,1355.000
1785156884.129858971,15,234.515625,1378.000
1785156884.129858971,10,243.984375,2102.250
1785156884.129858971,15,245.671875,2075.750
1785156884.129858971,15,247.296875,2047.250
1785156884.129858971,15,248.953125,2024.750
1785156884.129858971,15,250.578125,2008.750
1785156884.129858971,15,252.187500,1995.000
1785156884.129858971,15,253.843750,1978.250
1785156884.129858971,15,255.484375,1962.750
1785156884.129858971,15,257.140625,1953.500
1785156884.129858971,15,258.750000,1947.000
1785156884.129858971,12,260.406250,1936.750
1785156884.129858971,10,262.046875,1929.250
1785156884.129858971,10,265.375000,1923.250
1785156884.129858971,9,271.875000,1920.000
1785156884.129858971,8,281.656250,1926.750
1785156884.129858971,13,283.250000,1942.250
1785156884.129858971,15,284.921875,1951.500
1785156884.129858971,15,286.578125,1957.250
1785156884.129858971,15,288.156250,1968.000
1785156884.129858971,15,289.812500,1976.000
1785156884.129858971,15,291.421875,1996.250
1785156884.129858971,15,293.031250,2024.500
1785156884.129858971,12,294.671875,2042.000
1785156884.129858971,9,296.312500,2063.500
1785156884.129858971,15,306.218750,2271.250
1785156884.129858971,6,307.859375,2311.750
1785156884.129858971,11,309.484375,2316.250
1785156884.129858971,8,314.343750,2529.500
1785156884.129858971,15,315.984375,2593.000
1785156884.129858971,8,319.265625,2751.250
1785156884.129858971,15,322.546875,2929.250
1785156884.129858971,14,325.796875,3133.500
1785156884.129858971,10,327.468750,3187.250
1785156884.243962049,15,353.437500,8155.250
1785156884.243962049,15,355.093750,8074.500
1785156884.243962049,15,358.390625,7622.750
1785156884.243962049,15,0.031250,7574.250
1785156884.243962049,15,1.687500,7455.500
1785156884.243962049,15,3.312500,7348.500
1785156884.243962049,15,4.968750,7269.250
1785156884.243962049,15,6.609375,7202.000
1785156884.243962049,15,8.250000,7177.750
1785156884.243962049,15,9.906250,7145.250
1785156884.243962049,15,47.140625,106.250
1785156884.243962049,15,167.468750,1747.500
1785156884.243962049,15,221.625000,1329.000
1785156884.243962049,15,223.265625,1320.000
1785156884.243962049,15,224.906250,1323.000
1785156884.243962049,8,226.562500,1326.000
1785156884.243962049,15,228.203125,1324.250
1785156884.243962049,15,229.796875,1321.500
1785156884.243962049,15,231.437500,1340.000
1785156884.243962049,15,233.031250,1359.000
1785156884.243962049,15,234.734375,1362.250
1785156884.243962049,12,247.375000,2095.250
1785156884.243962049,15,249.000000,2069.000
1785156884.243962049,15,250.671875,2041.500
1785156884.243962049,15,252.281250,2017.250
1785156884.243962049,15,253.937500,2000.000
1785156884.243962049,15,255.562500,1988.500
1785156884.243962049,15,257.234375,1979.250
1785156884.243962049,15,258.859375,1970.250
1785156884.243962049,15,260.453125,1960.500
1785156884.243962049,15,262.125000,1955.250
1785156884.243962049,15,263.781250,1950.750
1785156884.243962049,15,265.406250,1946.750
1785156884.243962049,15,267.046875,1949.000
1785156884.243962049,15,268.687500,1949.250
1785156884.243962049,15,270.296875,1950.000
1785156884.243962049,15,271.890625,1954.250
1785156884.243962049,15,273.562500,1954.250
1785156884.243962049,15,275.140625,1954.500
1785156884.243962049,15,276.812500,1959.250
1785156884.243962049,15,278.437500,1965.750
1785156884.243962049,15,280.062500,1970.500
1785156884.243962049,15,281.703125,1974.000
1785156884.243962049,15,283.296875,1990.000
1785156884.243962049,15,284.953125,2010.500
1785156884.243962049,15,286.578125,2024.000
1785156884.243962049,12,288.187500,2038.000
1785156884.243962049,15,289.812500,2045.000
1785156884.243962049,15,301.328125,2258.750
1785156884.243962049,15,302.968750,2273.000
1785156884.243962049,15,306.218750,2372.250
1785156884.243962049,15,307.875000,2413.750
1785156884.243962049,15,309.515625,2449.500
1785156884.243962049,14,311.109375,2490.750
1785156884.243962049,10,314.359375,2639.750
1785156884.243962049,15,316.015625,2708.250
1785156884.243962049,12,317.625000,2761.250
1785156884.243962049,15,320.875000,2947.500
1785156884.243962049,15,324.187500,3111.500
1785156884.243962049,11,325.796875,3203.500
1785156884.354849100,15,353.406250,8152.000
1785156884.354849100,15,355.046875,8076.750
1785156884.354849100,15,358.343750,7632.750
1785156884.354849100,15,359.984375,7574.250
1785156884.354849100,15,1.625000,7453.000
1785156884.354849100,15,3.265625,7352.750
1785156884.354849100,15,4.906250,7277.250
1785156884.354849100,15,6.546875,7204.000
1785156884.354849100,15,8.187500,7188.000
1785156884.354849100,15,9.812500,7185.500
1785156884.354849100,15,11.406250,7148.750
1785156884.354849100,15,47.390625,106.000
1785156884.354849100,15,165.968750,1700.250
1785156884.354849100,15,167.562500,1747.250
1785156884.354849100,15,221.984375,1336.750
1785156884.354849100,15,223.578125,1333.250
1785156884.354849100,15,225.187500,1328.000
1785156884.354849100,15,228.500000,1313.000
1785156884.354849100,15,230.125000,1318.000
1785156884.354849100,15,231.750000,1347.500
1785156884.354849100,15,233.343750,1364.750
1785156884.354849100,15,249.343750,2069.250
1785156884.354849100,15,250.984375,2045.000
1785156884.354849100,15,252.578125,2022.500
1785156884.354849100,15,254.234375,2002.500
1785156884.354849100,15,255.890625,1991.750
1785156884.354849100,15,257.531250,1980.000
1785156884.354849100,15,259.156250,1963.500
1785156884.354849100,15,260.781250,1956.250
1785156884.354849100,15,262.437500,1951.000
1785156884.354849100,15,264.078125,1949.500
1785156884.354849100,13,265.671875,1950.750
1785156884.354849100,15,267.296875,1947.750
1785156884.354849100,15,268.953125,1945.250
1785156884.354849100,15,270.625000,1945.500
1785156884.354849100,15,272.234375,1947.250
1785156884.354849100,15,273.843750,1949.500
1785156884.354849100,15,275.484375,1950.000
1785156884.354849100,14,277.109375,1955.500
1785156884.354849100,15,278.750000,1963.500
1785156884.354849100,15,280.390625,1969.000
1785156884.354849100,15,282.000000,1973.750
1785156884.354849100,15,283.656250,1983.500
1785156884.354849100,15,285.281250,2005.500
1785156884.354849100,15,286.906250,2024.000
1785156884.354849100,15,288.546875,2038.750
1785156884.354849100,11,290.187500,2041.750
1785156884.354849100,12,303.343750,2270.750
1785156884.354849100,7,304.953125,2312.500
1785156884.354849100,15,306.578125,2369.250
1785156884.354849100,15,308.187500,2410.000
1785156884.354849100,9,309.843750,2437.500
1785156884.354849100,15,313.093750,2569.250
1785156884.354849100,15,314.718750,2647.000
1785156884.354849100,15,316.359375,2722.000
1785156884.354849100,15,317.984375,2792.000
1785156884.354849100,15,321.250000,2956.500
1785156884.354849100,15,322.859375,3027.500
1785156884.354849100,15,326.109375,3229.000
1785156884.466453075,15,352.062500,8344.000
1785156884.466453075,15,353.703125,8171.000
1785156884.466453075,15,355.343750,8084.000
1785156884.466453075,15,358.640625,7602.250
1785156884.466453075,15,0.281250,7461.500
1785156884.466453075,15,1.906250,7356.500
1785156884.466453075,15,3.578125,7304.000
1785156884.466453075,15,5.218750,7264.250
1785156884.466453075,15,6.828125,7206.000
1785156884.466453075,15,8.484375,7205.500
1785156884.466453075,15,10.125000,7180.750
1785156884.466453075,15,11.750000,7137.500
1785156884.466453075,15,45.609375,107.250
1785156884.466453075,15,48.578125,105.250
1785156884.466453075,15,166.218750,1695.500
1785156884.466453075,15,222.281250,1330.500
1785156884.466453075,15,223.921875,1332.000
1785156884.466453075,15,225.531250,1330.250
1785156884.466453075,15,227.187500,1332.250
1785156884.466453075,15,228.812500,1320.500
1785156884.466453075,15,230.437500,1324.500
1785156884.466453075,15,232.046875,1354.250
1785156884.466453075,15,233.625000,1371.750
1785156884.466453075,15,235.250000,1393.250
1785156884.466453075,15,249.656250,2083.250
1785156884.466453075,15,251.312500,2061.250
1785156884.466453075,15,252.968750,2033.500
1785156884.466453075,15,254.578125,2018.250
1785156884.466453075,15,256.203125,2010.750
1785156884.466453075,15,257.890625,1996.250
1785156884.466453075,15,259.531250,1985.000
1785156884.466453075,15,261.156250,1971.250
1785156884.466453075,15,262.796875,1961.500
1785156884.466453075,15,264.421875,1958.750
1785156884.466453075,15,266.078125,1957.250
1785156884.466453075,15,267.687500,1963.250
1785156884.466453075,15,269.359375,1964.000
1785156884.466453075,15,270.968750,1960.750
1785156884.466453075,15,272.593750,1960.250
1785156884.466453075,15,274.250000,1959.750
1785156884.466453075,15,275.828125,1963.000
1785156884.466453075,15,277.484375,1969.500
1785156884.466453075,15,279.125000,1975.000
1785156884.466453075,15,280.750000,1979.750
1785156884.466453075,15,282.359375,1991.250
1785156884.466453075,15,284.015625,2011.000
1785156884.466453075,15,285.609375,2019.750
1785156884.466453075,15,287.250000,2031.000
1785156884.466453075,14,300.359375,2253.750
1785156884.466453075,15,302.031250,2267.250
1785156884.466453075,15,303.640625,2295.750
1785156884.466453075,5,305.265625,2342.250
1785156884.466453075,15,306.890625,2392.750
1785156884.466453075,15,308.562500,2412.500
1785156884.466453075,9,310.187500,2424.250
1785156884.466453075,10,313.421875,2584.000
1785156884.466453075,9,316.671875,2735.750
1785156884.466453075,15,318.312500,2802.750
1785156884.466453075,7,321.546875,3002.250
1785156884.466453075,15,323.203125,3088.500
1785156884.466453075,14,324.843750,3160.000
1785156884.581135035,15,352.468750,8234.000
1785156884.581135035,15,354.125000,8108.250
1785156884.581135035,15,355.750000,8053.000
1785156884.581135035,15,359.046875,7652.000
1785156884.581135035,15,0.703125,7572.750
1785156884.581135035,15,2.343750,7424.250
1785156884.581135035,15,3.984375,7311.750
1785156884.581135035,15,5.625000,7273.500
1785156884.581135035,15,7.265625,7247.250
1785156884.581135035,15,8.890625,7208.250
1785156884.581135035,15,10.500000,7164.750
1785156884.581135035,15,47.593750,106.500
1785156884.581135035,15,48.625000,104.500
1785156884.581135035,15,51.843750,101.750
1785156884.581135035,15,166.687500,1710.250
1785156884.581135035,15,168.328125,1765.000
1785156884.581135035,15,222.671875,1334.250
1785156884.581135035,15,224.359375,1336.750
1785156884.581135035,15,225.984375,1333.000
1785156884.581135035,15,227.578125,1333.500
1785156884.581135035,15,229.187500,1323.750
1785156884.581135035,15,230.875000,1334.000
1785156884.581135035,15,232.421875,1360.250
1785156884.581135035,15,234.062500,1373.500
1785156884.581135035,15,235.687500,1402.000
1785156884.581135035,15,248.437500,2096.000
1785156884.581135035,15,250.109375,2076.000
1785156884.581135035,15,251.796875,2051.000
1785156884.581135035,15,253.421875,2029.250
1785156884.581135035,15,255.046875,2017.000
1785156884.581135035,15,256.703125,2000.750
1785156884.581135035,15,258.328125,1987.750
1785156884.581135035,15,259.984375,1977.500
1785156884.581135035,15,261.625000,1968.500
1785156884.581135035,15,263.281250,1966.500
1785156884.581135035,15,264.890625,1964.250
1785156884.581135035,15,266.546875,1959.750
1785156884.581135035,15,268.171875,1962.500
1785156884.581135035,15,269.843750,1961.750
1785156884.581135035,15,271.421875,1962.500
1785156884.581135035,15,273.125000,1964.750
1785156884.581135035,15,274.765625,1961.750
1785156884.581135035,15,276.359375,1966.750
1785156884.581135035,15,277.968750,1973.500
1785156884.581135035,15,279.625000,1977.750
1785156884.581135035,15,281.281250,1983.250
1785156884.581135035,15,282.890625,2003.250
1785156884.581135035,15,284.531250,2029.500
1785156884.581135035,15,286.156250,2038.250
1785156884.581135035,15,287.781250,2048.500
1785156884.581135035,15,300.875000,2258.250
1785156884.581135035,15,302.531250,2274.500
1785156884.581135035,8,304.140625,2314.000
1785156884.581135035,6,305.781250,2359.750
1785156884.581135035,15,307.406250,2402.500
1785156884.581135035,12,309.031250,2444.500
1785156884.581135035,15,310.703125,2489.000
1785156884.581135035,15,312.281250,2547.250
1785156884.581135035,6,313.937500,2614.000
1785156884.581135035,15,315.578125,2687.000
1785156884.581135035,9,317.187500,2760.000
1785156884.581135035,15,318.812500,2819.750
1785156884.581135035,11,322.062500,3017.250
1785156884.581135035,15,323.687500,3081.250
1785156884.581135035,14,325.343750,3163.250
1785156884.692470074,15,352.984375,8200.000
1785156884.692470074,15,354.640625,8112.750
1785156884.692470074,15,357.937500,7707.500
1785156884.692470074,15,359.593750,7603.000
1785156884.692470074,15,1.234375,7488.250
1785156884.692470074,15,2.859375,7370.750
1785156884.692470074,15,4.515625,7303.500
1785156884.692470074,15,6.156250,7260.250
1785156884.692470074,15,7.812500,7219.500
1785156884.692470074,15,9.453125,7180.500
1785156884.692470074,15,11.031250,7163.000
1785156884.692470074,15,47.687500,106.000
1785156884.692470074,15,165.546875,1683.500
1785156884.692470074,15,168.765625,1783.500
1785156884.692470074,15,223.046875,1326.000
1785156884.692470074,15,227.984375,1337.750
1785156884.692470074,15,229.640625,1330.750
1785156884.692470074,15,231.265625,1342.250
1785156884.692470074,15,232.843750,1363.250
1785156884.692470074,15,234.484375,1380.750
1785156884.692470074,15,248.843750,2072.500
1785156884.692470074,15,250.515625,2043.750
1785156884.692470074,15,252.218750,2022.250
1785156884.692470074,15,253.859375,2006.000
1785156884.692470074,15,255.515625,1992.500
1785156884.692470074,15,257.140625,1982.750
1785156884.692470074,15,258.781250,1970.000
1785156884.692470074,15,260.437500,1960.000
1785156884.692470074,15,262.078125,1954.000
1785156884.692470074,15,263.687500,1949.750
1785156884.692470074,13,265.328125,1945.750
1785156884.692470074,15,267.000000,1947.750
1785156884.692470074,15,268.625000,1948.750
1785156884.692470074,15,270.265625,1949.500
1785156884.692470074,15,271.890625,1953.750
1785156884.692470074,15,273.562500,1954.000
1785156884.692470074,15,275.140625,1954.750
1785156884.692470074,15,276.796875,1959.500
1785156884.692470074,15,278.421875,1965.000
1785156884.692470074,15,280.046875,1970.000
1785156884.692470074,15,281.671875,1974.750
1785156884.692470074,15,283.296875,1990.250
1785156884.692470074,15,284.953125,2009.750
1785156884.692470074,15,286.562500,2023.250
1785156884.692470074,12,288.234375,2037.500
1785156884.692470074,15,289.875000,2044.500
1785156884.692470074,15,302.921875,2261.750
1785156884.692470074,15,306.171875,2370.750
1785156884.692470074,10,307.828125,2413.750
1785156884.692470074,6,309.468750,2449.250
1785156884.692470074,13,311.078125,2491.000
1785156884.692470074,8,314.312500,2636.500
1785156884.692470074,15,315.937500,2706.500
1785156884.692470074,14,317.593750,2760.000
1785156884.692470074,15,320.828125,2946.750
1785156884.692470074,11,322.500000,3021.500
1785156884.692470074,15,324.125000,3111.000
1785156884.804402828,15,353.390625,8191.250
1785156884.804402828,15,355.031250,8115.750
1785156884.804402828,15,358.343750,7666.500
1785156884.804402828,15,359.968750,7567.750
1785156884.804402828,15,1.625000,7452.500
1785156884.804402828,15,3.250000,7354.250
1785156884.804402828,15,4.906250,7277.750
1785156884.804402828,15,6.546875,7213.750
1785156884.804402828,15,8.187500,7194.500
1785156884.804402828,15,9.828125,7185.750
1785156884.804402828,15,11.390625,7146.750
1785156884.804402828,15,47.218750,105.750
1785156884.804402828,15,165.984375,1689.000
1785156884.804402828,15,221.921875,1333.250
1785156884.804402828,15,223.515625,1325.250
1785156884.804402828,15,225.125000,1328.000
1785156884.804402828,15,228.468750,1319.750
1785156884.804402828,15,230.062500,1325.000
1785156884.804402828,15,231.687500,1350.500
1785156884.804402828,15,233.328125,1367.750
1785156884.804402828,15,234.890625,1386.250
1785156884.804402828,15,250.953125,2047.750
1785156884.804402828,15,252.625000,2025.000
1785156884.804402828,15,254.234375,2010.000
1785156884.804402828,15,255.890625,1998.500
1785156884.804402828,15,257.515625,1988.000
1785156884.804402828,15,259.187500,1981.250
1785156884.804402828,15,260.812500,1971.500
1785156884.804402828,15,262.453125,1961.500
1785156884.804402828,15,264.062500,1955.250
1785156884.804402828,15,265.734375,1951.750
1785156884.804402828,15,267.375000,1949.000
1785156884.804402828,15,269.015625,1947.000
1785156884.804402828,15,270.656250,1947.250
1785156884.804402828,15,272.296875,1952.250
1785156884.804402828,15,273.937500,1959.750
1785156884.804402828,15,275.484375,1964.750
1785156884.804402828,15,277.140625,1964.500
1785156884.804402828,15,278.734375,1968.250
1785156884.804402828,15,280.406250,1980.000
1785156884.804402828,15,282.031250,1988.000
1785156884.804402828,15,283.640625,1999.500
1785156884.804402828,15,285.296875,2014.250
1785156884.804402828,15,286.890625,2025.250
1785156884.804402828,10,288.562500,2040.750
1785156884.804402828,10,290.140625,2057.000
1785156884.804402828,12,301.640625,2260.000
1785156884.804402828,15,303.265625,2269.750
1785156884.804402828,15,306.531250,2381.000
1785156884.804402828,14,308.156250,2411.250
1785156884.804402828,9,309.812500,2439.000
1785156884.804402828,15,313.062500,2569.000
1785156884.804402828,15,316.296875,2724.000
1785156884.804402828,15,317.921875,2794.000
1785156884.804402828,15,321.171875,2958.750
1785156884.804402828,15,324.500000,3141.750
1785156884.804402828,15,326.125000,3228.500
1785156884.918247938,15,352.140625,8296.500
1785156884.918247938,15,353.781250,8173.250
1785156884.918247938,15,355.437500,8073.250
1785156884.918247938,15,358.718750,7639.500
1785156884.918247938,15,0.375000,7519.750
1785156884.918247938,15,2.000000,7381.000
1785156884.918247938,15,3.671875,7306.750
1785156884.918247938,15,5.296875,7266.000
1785156884.918247938,15,6.937500,7213.750
1785156884.918247938,15,8.578125,7194.000
1785156884.918247938,15,10.218750,7169.500
1785156884.918247938,15,45.968750,107.000
1785156884.918247938,15,47.984375,105.000
1785156884.918247938,15,166.281250,1695.500
1785156884.918247938,15,222.187500,1334.500
1785156884.918247938,15,223.796875,1336.250
1785156884.918247938,15,225.421875,1333.500
1785156884.918247938,15,228.718750,1320.000
1785156884.918247938,15,232.031250,1358.250
1785156884.918247938,15,233.640625,1371.250
1785156884.918247938,15,235.187500,1393.750
1785156884.918247938,8,241.421875,2209.500
1785156884.918247938,15,249.625000,2069.750
1785156884.918247938,15,251.281250,2047.500
1785156884.918247938,15,252.921875,2030.750
1785156884.918247938,15,254.546875,2014.500
1785156884.918247938,15,256.218750,2001.250
1785156884.918247938,15,257.828125,1983.000
1785156884.918247938,15,259.468750,1971.250
1785156884.918247938,15,261.109375,1963.000
1785156884.918247938,15,262.765625,1960.500
1785156884.918247938,15,264.406250,1958.750
1785156884.918247938,14,266.078125,1950.750
1785156884.918247938,15,267.656250,1948.500
1785156884.918247938,15,269.343750,1951.000
1785156884.918247938,15,270.968750,1955.000
1785156884.918247938,15,272.593750,1959.750
1785156884.918247938,15,274.250000,1959.250
1785156884.918247938,15,275.781250,1957.250
1785156884.918247938,15,277.468750,1962.500
1785156884.918247938,15,279.109375,1972.000
1785156884.918247938,15,280.703125,1977.750
1785156884.918247938,15,282.328125,1990.500
1785156884.918247938,15,283.953125,2002.000
1785156884.918247938,15,285.609375,2012.500
1785156884.918247938,15,287.250000,2032.250
1785156884.918247938,14,300.343750,2251.000
1785156884.918247938,15,301.984375,2266.500
1785156884.918247938,15,303.625000,2295.750
1785156884.918247938,5,305.250000,2339.750
1785156884.918247938,15,306.859375,2388.500
1785156884.918247938,15,308.500000,2411.250
1785156884.918247938,9,310.125000,2425.250
1785156884.918247938,8,313.390625,2582.500
1785156884.918247938,8,316.640625,2734.500
1785156884.918247938,15,318.250000,2801.750
1785156884.918247938,7,321.515625,3004.500
1785156884.918247938,15,323.187500,3089.000
1785156884.918247938,15,324.859375,3160.250
1785156885.029903889,15,352.484375,8236.500
1785156885.029903889,15,354.125000,8110.750
1785156885.029903889,15,355.765625,8056.000
1785156885.029903889,15,359.062500,7650.000
1785156885.029903889,15,0.703125,7571.000
1785156885.029903889,15,2.359375,7423.750
1785156885.029903889,15,3.984375,7312.750
1785156885.029903889,15,5.640625,7271.750
1785156885.029903889,15,7.281250,7243.500
1785156885.029903889,15,8.906250,7202.500
1785156885.029903889,15,10.500000,7162.250
1785156885.029903889,15,47.015625,106.500
1785156885.029903889,15,49.328125,104.500
1785156885.029903889,15,50.703125,101.750
1785156885.029903889,15,166.656250,1706.500
1785156885.029903889,15,222.578125,1330.750
1785156885.029903889,15,224.171875,1335.250
1785156885.029903889,15,225.828125,1333.250
1785156885.029903889,15,227.468750,1334.000
1785156885.029903889,15,229.156250,1323.500
1785156885.029903889,15,230.765625,1334.250
1785156885.029903889,15,232.406250,1360.250
1785156885.029903889,15,234.031250,1373.000
1785156885.029903889,15,235.625000,1399.750
1785156885.029903889,15,248.359375,2095.250
1785156885.029903889,15,250.031250,2067.000
1785156885.029903889,15,251.671875,2041.250
1785156885.029903889,15,253.312500,2023.750
1785156885.029903889,15,254.937500,2006.750
1785156885.029903889,15,256.593750,1993.500
1785156885.029903889,15,258.218750,1981.250
1785156885.029903889,15,259.890625,1971.750
1785156885.029903889,15,261.531250,1967.750
1785156885.029903889,15,263.156250,1961.000
1785156885.029903889,15,264.781250,1955.500
1785156885.029903889,15,266.390625,1949.500
1785156885.029903889,15,268.031250,1947.750
1785156885.029903889,15,269.687500,1949.250
1785156885.029903889,15,271.328125,1953.750
1785156885.029903889,15,272.953125,1959.750
1785156885.029903889,15,274.609375,1960.750
1785156885.029903889,15,276.203125,1962.500
1785156885.029903889,15,277.859375,1963.000
1785156885.029903889,15,279.468750,1967.000
1785156885.029903889,15,281.125000,1978.750
1785156885.029903889,15,282.718750,1994.000
1785156885.029903889,15,284.375000,2010.750
1785156885.029903889,15,285.984375,2023.750
1785156885.029903889,13,287.609375,2036.000
1785156885.029903889,9,289.250000,2059.000
1785156885.029903889,15,300.781250,2251.000
1785156885.029903889,15,302.406250,2272.500
1785156885.029903889,15,304.046875,2311.750
1785156885.029903889,6,305.656250,2356.750
1785156885.029903889,15,307.281250,2399.500
1785156885.029903889,11,308.968750,2411.500
1785156885.029903889,15,310.562500,2436.250
1785156885.029903889,6,313.843750,2609.250
1785156885.029903889,15,315.468750,2685.750
1785156885.029903889,6,317.078125,2757.000
1785156885.029903889,15,318.703125,2816.750
1785156885.029903889,11,321.953125,3016.250
1785156885.029903889,15,323.593750,3080.750
1785156885.029903889,13,325.218750,3158.750
1785156885.141541958,15,352.859375,8233.500
1785156885.141541958,15,354.484375,8132.000
1785156885.141541958,15,356.140625,8062.000
1785156885.141541958,15,359.437500,7578.250
1785156885.141541958,15,1.078125,7455.000
1785156885.141541958,15,2.734375,7365.500
1785156885.141541958,15,4.375000,7313.250
1785156885.141541958,15,6.015625,7256.500
1785156885.141541958,15,7.640625,7194.000
1785156885.141541958,15,9.296875,7165.500
1785156885.141541958,15,10.875000,7145.500
1785156885.141541958,15,47.406250,106.000
1785156885.141541958,15,50.156250,104.000
1785156885.141541958,15,168.625000,1782.250
1785156885.141541958,15,223.000000,1326.750
1785156885.141541958,15,227.906250,1336.750
1785156885.141541958,15,229.562500,1329.250
1785156885.141541958,15,231.171875,1342.750
1785156885.141541958,15,232.796875,1363.750
1785156885.141541958,15,234.437500,1380.500
1785156885.141541958,15,250.468750,2051.500
1785156885.141541958,15,252.140625,2024.250
1785156885.141541958,15,253.750000,2007.000
1785156885.141541958,15,255.406250,1992.750
1785156885.141541958,15,257.046875,1991.250
1785156885.141541958,15,258.671875,1986.250
1785156885.141541958,15,260.312500,1973.000
1785156885.141541958,15,261.968750,1964.500
1785156885.141541958,15,263.593750,1959.250
1785156885.141541958,15,265.218750,1955.000
1785156885.141541958,15,266.890625,1953.000
1785156885.141541958,15,268.515625,1949.500
1785156885.141541958,15,270.156250,1950.500
1785156885.141541958,15,271.796875,1955.250
1785156885.141541958,15,273.421875,1960.750
1785156885.141541958,15,275.015625,1961.750
1785156885.141541958,15,276.656250,1963.250
1785156885.141541958,15,278.265625,1969.750
1785156885.141541958,15,279.937500,1975.500
1785156885.141541958,15,281.531250,1981.250
1785156885.141541958,15,283.171875,1996.500
1785156885.141541958,15,284.812500,2017.500
1785156885.141541958,15,286.468750,2029.500
1785156885.141541958,9,288.078125,2039.250
1785156885.141541958,11,289.718750,2046.250
1785156885.141541958,15,301.265625,2250.750
1785156885.141541958,15,302.875000,2262.750
1785156885.141541958,15,306.125000,2378.750
1785156885.141541958,14,307.781250,2422.250
1785156885.141541958,8,309.390625,2449.000
1785156885.141541958,15,311.062500,2491.250
1785156885.141541958,15,314.312500,2636.500
1785156885.141541958,14,315.937500,2706.750
1785156885.141541958,11,317.562500,2761.500
1785156885.141541958,15,320.828125,2949.000
1785156885.141541958,8,322.453125,3020.750
1785156885.141541958,15,324.078125,3108.750
1785156885.252675056,15,353.343750,8191.250
1785156885.252675056,15,354.968750,8115.000
1785156885.252675056,15,358.281250,7632.500
1785156885.252675056,15,359.937500,7517.500
1785156885.252675056,15,1.562500,7428.500
1785156885.252675056,15,3.218750,7349.500
1785156885.252675056,15,4.843750,7276.750
1785156885.252675056,15,6.500000,7222.500
1785156885.252675056,15,8.125000,7201.500
1785156885.252675056,15,9.781250,7185.500
1785156885.252675056,15,11.375000,7142.500
1785156885.252675056,8,16.250000,8994.500
1785156885.252675056,15,48.078125,105.750
1785156885.252675056,15,165.937500,1689.250
1785156885.252675056,15,221.984375,1333.000
1785156885.252675056,15,223.531250,1325.500
1785156885.252675056,15,225.234375,1328.000
1785156885.252675056,15,228.421875,1320.000
1785156885.252675056,15,230.109375,1325.000
1785156885.252675056,15,231.687500,1350.000
1785156885.252675056,15,233.328125,1367.500
1785156885.252675056,15,234.890625,1386.250
1785156885.252675056,15,249.281250,2073.250
1785156885.252675056,15,250.968750,2048.500
1785156885.252675056,15,252.609375,2025.500
1785156885.252675056,15,254.218750,2005.250
1785156885.252675056,15,255.890625,1992.500
1785156885.252675056,15,257.515625,1986.750
1785156885.252675056,15,259.171875,1976.250
1785156885.252675056,15,260.765625,1966.750
1785156885.252675056,15,262.437500,1955.250
1785156885.252675056,15,264.046875,1950.000
1785156885.252675056,15,265.703125,1952.500
1785156885.252675056,15,267.359375,1949.500
1785156885.252675056,15,268.937500,1947.500
1785156885.252675056,15,270.609375,1948.500
1785156885.252675056,15,272.265625,1953.250
1785156885.252675056,15,273.890625,1959.750
1785156885.252675056,15,275.546875,1964.000
1785156885.252675056,15,277.140625,1964.750
1785156885.252675056,15,278.828125,1968.000
1785156885.252675056,15,280.437500,1978.750
1785156885.252675056,15,282.078125,1987.500
1785156885.252675056,15,283.687500,1999.500
1785156885.252675056,15,285.312500,2014.500
1785156885.252675056,15,286.968750,2026.750
1785156885.252675056,8,288.593750,2042.750
1785156885.252675056,9,290.234375,2057.000
1785156885.252675056,15,301.687500,2260.500
1785156885.252675056,13,303.343750,2282.500
1785156885.252675056,6,304.953125,2324.000
1785156885.252675056,15,306.578125,2374.750
1785156885.252675056,12,308.203125,2415.000
1785156885.252675056,10,309.875000,2441.750
1785156885.252675056,8,311.484375,2495.750
1785156885.252675056,15,313.109375,2569.250
1785156885.252675056,15,316.343750,2723.750
1785156885.252675056,15,317.984375,2791.500
1785156885.252675056,15,321.234375,2959.750
1785156885.252675056,15,324.515625,3139.250
1785156885.252675056,10,326.125000,3225.500
1785156885.366889954,15,352.140625,8297.250
1785156885.366889954,15,353.781250,8173.500
1785156885.366889954,15,355.421875,8076.500
1785156885.366889954,15,358.718750,7643.500
1785156885.366889954,15,0.375000,7526.500
1785156885.366889954,15,2.000000,7393.250
1785156885.366889954,15,3.640625,7314.000
1785156885.366889954,15,5.281250,7269.000
1785156885.366889954,15,6.937500,7217.500
1785156885.366889954,15,8.578125,7195.000
1785156885.366889954,15,10.218750,7165.750
1785156885.366889954,15,46.562500,107.000
1785156885.366889954,15,49.281250,105.000
1785156885.366889954,15,166.343750,1695.750
1785156885.366889954,15,222.312500,1330.750
1785156885.366889954,15,223.875000,1332.750
1785156885.366889954,15,225.546875,1330.750
1785156885.366889954,12,227.203125,1332.500
1785156885.366889954,15,228.812500,1321.250
1785156885.366889954,15,230.468750,1328.750
1785156885.366889954,15,232.046875,1357.500
1785156885.366889954,15,233.718750,1371.000
1785156885.366889954,15,235.359375,1393.750
1785156885.366889954,7,241.515625,2205.000
1785156885.366889954,15,249.718750,2067.500
1785156885.366889954,15,251.375000,2039.250
1785156885.366889954,15,253.015625,2022.500
1785156885.366889954,15,254.656250,2006.000
1785156885.366889954,15,256.328125,1991.750
1785156885.366889954,15,257.953125,1980.000
1785156885.366889954,15,259.609375,1970.250
1785156885.366889954,15,261.265625,1962.750
1785156885.366889954,15,262.906250,1959.250
1785156885.366889954,15,264.531250,1957.500
1785156885.366889954,15,266.187500,1947.750
1785156885.366889954,15,267.796875,1945.000
1785156885.366889954,15,269.437500,1950.250
1785156885.366889954,15,271.062500,1952.750
1785156885.366889954,15,272.734375,1955.250
1785156885.366889954,15,274.343750,1958.000
1785156885.366889954,15,275.968750,1959.000
1785156885.366889954,15,277.593750,1965.250
1785156885.366889954,15,279.234375,1974.250
1785156885.366889954,15,280.859375,1979.000
1785156885.366889954,15,282.484375,1990.250
1785156885.366889954,15,284.125000,2004.750
1785156885.366889954,15,285.765625,2023.750
1785156885.366889954,15,287.359375,2040.000
1785156885.366889954,10,289.046875,2056.750
1785156885.366889954,15,302.140625,2266.500
1785156885.366889954,15,303.765625,2299.500
1785156885.366889954,6,305.390625,2344.750
1785156885.366889954,15,307.000000,2393.500
1785156885.366889954,15,308.656250,2413.500
1785156885.366889954,11,310.265625,2427.500
1785156885.366889954,11,313.515625,2599.250
1785156885.366889954,14,315.140625,2674.250
1785156885.366889954,11,316.781250,2737.000
1785156885.366889954,15,318.390625,2800.500
1785156885.366889954,8,321.656250,3002.250
1785156885.366889954,15,324.953125,3169.000
1785156885.366889954,15,326.578125,3235.750
1785156885.478472948,15,352.593750,8256.000
1785156885.478472948,15,354.234375,8110.750
1785156885.478472948,15,355.890625,8051.500
1785156885.478472948,15,359.171875,7613.250
1785156885.478472948,15,0.828125,7535.750
1785156885.478472948,15,2.468750,7413.000
1785156885.478472948,15,4.125000,7293.250
1785156885.478472948,15,5.750000,7252.000
1785156885.478472948,15,7.390625,7227.500
1785156885.478472948,15,9.046875,7193.500
1785156885.478472948,15,10.640625,7143.750
1785156885.478472948,15,47.078125,106.500
1785156885.478472948,15,48.875000,104.500
1785156885.478472948,15,51.375000,101.750
1785156885.478472948,15,165.187500,1711.000
1785156885.478472948,15,168.359375,1767.500
1785156885.478472948,15,222.703125,1334.250
1785156885.478472948,15,224.343750,1336.750
1785156885.478472948,15,225.953125,1333.500
1785156885.478472948,15,227.546875,1334.000
1785156885.478472948,15,229.234375,1323.500
1785156885.478472948,15,230.828125,1333.750
1785156885.478472948,15,232.421875,1359.500
1785156885.478472948,15,234.015625,1373.000
1785156885.478472948,15,235.640625,1402.000
1785156885.478472948,12,248.375000,2095.250
1785156885.478472948,15,250.046875,2067.500
1785156885.478472948,15,251.734375,2042.250
1785156885.478472948,15,253.375000,2026.750
1785156885.478472948,15,255.031250,2009.500
1785156885.478472948,15,256.671875,1994.750
1785156885.478472948,15,258.328125,1982.000
1785156885.478472948,15,259.937500,1970.750
1785156885.478472948,15,261.578125,1966.500
1785156885.478472948,12,263.250000,1960.250
1785156885.478472948,15,264.875000,1955.250
1785156885.478472948,15,266.500000,1949.750
1785156885.478472948,15,268.156250,1949.000
1785156885.478472948,15,269.750000,1954.000
1785156885.478472948,15,271.421875,1956.750
1785156885.478472948,15,273.046875,1959.000
1785156885.478472948,15,274.671875,1960.500
1785156885.478472948,15,276.312500,1961.000
1785156885.478472948,15,277.921875,1968.250
1785156885.478472948,15,279.531250,1973.000
1785156885.478472948,15,281.187500,1979.250
1785156885.478472948,15,282.812500,1993.250
1785156885.478472948,15,284.437500,2009.250
1785156885.478472948,15,286.078125,2023.500
1785156885.478472948,15,287.718750,2036.000
1785156885.478472948,10,289.343750,2057.500
1785156885.478472948,14,300.828125,2252.250
1785156885.478472948,15,302.406250,2273.750
1785156885.478472948,15,304.046875,2310.500
1785156885.478472948,5,305.687500,2355.250
1785156885.478472948,15,307.312500,2400.250
1785156885.478472948,9,308.953125,2412.250
1785156885.478472948,14,310.578125,2437.000
1785156885.478472948,6,313.828125,2609.500
1785156885.478472948,15,315.468750,2684.250
1785156885.478472948,6,317.062500,2754.000
1785156885.478472948,15,318.703125,2815.000
1785156885.478472948,9,321.953125,3014.000
1785156885.478472948,15,323.625000,3081.500
1785156885.478472948,14,325.250000,3159.750
1785156885.593071222,15,352.937500,8203.500
1785156885.593071222,15,354.593750,8113.250
1785156885.593071222,15,356.234375,7980.500
1785156885.593071222,15,359.531250,7577.250
1785156885.593071222,15,1.187500,7459.750
1785156885.593071222,15,2.828125,7360.750
1785156885.593071222,15,4.468750,7301.250
1785156885.593071222,15,6.125000,7259.750
1785156885.593071222,15,7.765625,7217.000
1785156885.593071222,15,9.406250,7178.500
1785156885.593071222,15,10.953125,7161.250
1785156885.593071222,15,48.078125,106.000
1785156885.593071222,15,49.421875,104.000
1785156885.593071222,15,168.734375,1782.250
1785156885.593071222,15,223.078125,1326.500
1785156885.593071222,15,227.968750,1337.750
1785156885.593071222,15,229.671875,1331.000
1785156885.593071222,15,231.250000,1343.250
1785156885.593071222,15,232.875000,1364.000
1785156885.593071222,15,234.468750,1380.500
1785156885.593071222,8,240.640625,2229.000
1785156885.593071222,13,248.890625,2075.750
1785156885.593071222,15,250.531250,2047.500
1785156885.593071222,15,252.171875,2026.750
1785156885.593071222,15,253.796875,2009.000
1785156885.593071222,15,255.453125,1994.000
1785156885.593071222,15,257.093750,1991.500
1785156885.593071222,15,258.718750,1985.500
1785156885.593071222,15,260.375000,1972.250
1785156885.593071222,15,262.000000,1963.500
1785156885.593071222,15,263.671875,1954.750
1785156885.593071222,15,265.296875,1951.250
1785156885.593071222,15,266.906250,1953.250
1785156885.593071222,15,268.578125,1950.750
1785156885.593071222,15,270.218750,1951.500
1785156885.593071222,15,271.843750,1955.750
1785156885.593071222,15,273.484375,1960.000
1785156885.593071222,15,275.015625,1961.250
1785156885.593071222,15,276.671875,1963.250
1785156885.593071222,15,278.296875,1969.750
1785156885.593071222,15,279.937500,1976.000
1785156885.593071222,15,281.593750,1981.750
1785156885.593071222,15,283.187500,1996.000
1785156885.593071222,15,284.843750,2016.500
1785156885.593071222,15,286.421875,2029.250
1785156885.593071222,11,288.078125,2039.500
1785156885.593071222,12,289.703125,2055.750
1785156885.593071222,15,301.218750,2251.250
1785156885.593071222,15,302.859375,2264.000
1785156885.593071222,15,306.078125,2377.000
1785156885.593071222,9,307.703125,2422.750
1785156885.593071222,8,309.359375,2444.000
1785156885.593071222,15,310.984375,2481.250
1785156885.593071222,8,314.234375,2633.250
1785156885.593071222,11,315.859375,2705.250
1785156885.593071222,13,317.468750,2760.000
1785156885.593071222,15,320.734375,2951.000
1785156885.593071222,9,322.343750,3018.750
1785156885.704293013,15,353.343750,8191.750
1785156885.704293013,15,354.984375,8114.250
1785156885.704293013,15,358.296875,7636.500
1785156885.704293013,15,359.937500,7544.000
1785156885.704293013,15,1.578125,7447.500
1785156885.704293013,15,3.234375,7343.750
1785156885.704293013,15,4.859375,7275.750
1785156885.704293013,15,6.515625,7229.000
1785156885.704293013,15,8.140625,7203.000
1785156885.704293013,15,9.812500,7179.500
1785156885.704293013,15,11.328125,7135.250
1785156885.704293013,15,48.437500,106.000
1785156885.704293013,15,165.843750,1689.250
1785156885.704293013,15,221.734375,1333.000
1785156885.704293013,15,223.328125,1324.250
1785156885.704293013,15,225.000000,1325.750
1785156885.704293013,15,226.671875,1323.750
1785156885.704293013,15,228.375000,1326.750
1785156885.704293013,15,229.953125,1328.750
1785156885.704293013,15,231.578125,1349.000
1785156885.704293013,15,233.203125,1366.500
1785156885.704293013,15,234.875000,1370.750
1785156885.704293013,15,249.234375,2075.750
1785156885.704293013,15,250.828125,2049.500
1785156885.704293013,15,252.515625,2025.500
1785156885.704293013,15,254.140625,2006.250
1785156885.704293013,15,255.812500,1992.250
1785156885.704293013,15,257.421875,1984.750
1785156885.704293013,15,259.093750,1975.750
1785156885.704293013,15,260.687500,1966.000
1785156885.704293013,15,262.359375,1956.750
1785156885.704293013,15,263.984375,1952.500
1785156885.704293013,15,265.640625,1952.500
1785156885.704293013,15,267.281250,1949.500
1785156885.704293013,15,268.875000,1947.750
1785156885.704293013,15,270.546875,1949.250
1785156885.704293013,15,272.156250,1953.750
1785156885.704293013,15,273.796875,1959.500
1785156885.704293013,15,275.421875,1962.000
1785156885.704293013,15,277.031250,1963.250
1785156885.704293013,15,278.625000,1969.500
1785156885.704293013,15,280.296875,1975.000
1785156885.704293013,15,281.921875,1984.000
1785156885.704293013,15,283.531250,2001.000
1785156885.704293013,15,285.171875,2025.000
1785156885.704293013,15,286.796875,2039.500
1785156885.704293013,10,288.421875,2047.500
1785156885.704293013,12,290.015625,2055.250
1785156885.704293013,15,301.515625,2253.750
1785156885.704293013,15,303.171875,2271.750
1785156885.704293013,15,306.421875,2385.000
1785156885.704293013,11,308.046875,2425.750
1785156885.704293013,6,309.671875,2455.000
1785156885.704293013,14,311.312500,2499.000
1785156885.704293013,15,312.937500,2567.000
1785156885.704293013,15,316.171875,2728.250
1785156885.704293013,15,317.796875,2793.000
1785156885.704293013,15,321.031250,2972.000
1785156885.704293013,15,324.343750,3133.500
1785156885.704293013,15,325.968750,3210.000
1785156885.816976786,15,353.578125,8160.750
1785156885.816976786,15,355.218750,8074.750
1785156885.816976786,15,358.515625,7648.000
1785156885.816976786,15,0.156250,7563.500
1785156885.816976786,15,1.812500,7431.500
1785156885.816976786,15,3.437500,7298.750
1785156885.816976786,15,5.078125,7248.250
1785156885.816976786,15,6.718750,7215.500
1785156885.816976786,15,8.359375,7181.250
1785156885.816976786,15,10.000000,7148.000
1785156885.816976786,15,11.578125,7133.500
1785156885.816976786,15,46.265625,108.000
1785156885.816976786,15,47.671875,105.500
1785156885.816976786,15,166.109375,1694.250
1785156885.816976786,13,213.171875,3496.750
1785156885.816976786,15,222.000000,1335.000
1785156885.816976786,15,223.671875,1330.250
1785156885.816976786,15,225.265625,1330.750
1785156885.816976786,15,228.578125,1317.500
1785156885.816976786,15,230.250000,1323.000
1785156885.816976786,15,231.890625,1352.500
1785156885.816976786,15,233.484375,1367.750
1785156885.816976786,15,249.500000,2073.750
1785156885.816976786,15,251.109375,2049.250
1785156885.816976786,15,252.765625,2027.000
1785156885.816976786,15,254.390625,2011.000
1785156885.816976786,15,256.046875,1998.250
1785156885.816976786,15,257.671875,1984.000
1785156885.816976786,15,259.328125,1973.750
1785156885.816976786,15,260.953125,1964.750
1785156885.816976786,15,262.625000,1957.750
1785156885.816976786,15,264.250000,1954.000
1785156885.816976786,14,265.843750,1954.000
1785156885.816976786,15,267.515625,1954.750
1785156885.816976786,15,269.140625,1953.000
1785156885.816976786,15,270.750000,1954.750
1785156885.816976786,15,272.437500,1955.750
1785156885.816976786,15,274.062500,1958.500
1785156885.816976786,15,275.656250,1962.750
1785156885.816976786,15,277.250000,1964.000
1785156885.816976786,15,278.937500,1967.750
1785156885.816976786,15,280.578125,1975.250
1785156885.816976786,15,282.187500,1985.000
1785156885.816976786,15,283.796875,1997.250
1785156885.816976786,15,285.421875,2015.000
1785156885.816976786,15,287.078125,2033.250
1785156885.816976786,8,290.328125,2061.000
1785156885.816976786,15,301.812500,2258.750
1785156885.816976786,15,303.453125,2285.250
1785156885.816976786,7,305.093750,2331.250
1785156885.816976786,15,306.734375,2387.000
1785156885.816976786,15,308.375000,2421.250
1785156885.816976786,11,309.984375,2440.500
1785156885.816976786,15,313.250000,2574.250
1785156885.816976786,10,316.500000,2723.000
1785156885.816976786,15,318.125000,2795.250
1785156885.816976786,15,321.359375,2983.750
1785156885.816976786,13,324.656250,3159.500
1785156885.816976786,15,326.281250,3238.000
1785156885.930130959,15,352.218750,8236.000
1785156885.930130959,15,353.859375,8115.750
1785156885.930130959,15,355.500000,8055.250
1785156885.930130959,15,358.796875,7642.750
1785156885.930130959,15,0.421875,7527.000
1785156885.930130959,15,2.078125,7424.250
1785156885.930130959,15,3.718750,7342.000
1785156885.930130959,15,5.343750,7254.250
1785156885.930130959,15,7.000000,7193.500
1785156885.930130959,15,8.640625,7183.250
1785156885.930130959,15,10.250000,7159.250
1785156885.930130959,15,46.781250,106.750
1785156885.930130959,15,48.078125,104.750
1785156885.930130959,15,51.640625,102.000
1785156885.930130959,15,166.375000,1695.500
1785156885.930130959,15,222.406250,1331.250
1785156885.930130959,15,224.015625,1333.500
1785156885.930130959,15,225.656250,1331.750
1785156885.930130959,15,227.203125,1336.500
1785156885.930130959,15,228.921875,1326.500
1785156885.930130959,15,230.531250,1330.250
1785156885.930130959,15,232.156250,1356.750
1785156885.930130959,15,233.750000,1371.000
1785156885.930130959,15,235.406250,1394.000
1785156885.930130959,15,249.750000,2065.750
1785156885.930130959,15,251.406250,2040.000
1785156885.930130959,15,253.031250,2021.750
1785156885.930130959,15,254.687500,2005.500
1785156885.930130959,15,256.359375,1991.750
1785156885.930130959,15,258.000000,1980.000
1785156885.930130959,15,259.625000,1970.750
1785156885.930130959,15,261.250000,1963.000
1785156885.930130959,15,262.890625,1959.750
1785156885.930130959,15,264.546875,1958.000
1785156885.930130959,15,266.156250,1948.500
1785156885.930130959,15,267.812500,1945.750
1785156885.930130959,15,269.421875,1951.000
1785156885.930130959,15,271.062500,1953.250
1785156885.930130959,15,272.671875,1955.000
1785156885.930130959,15,274.328125,1957.750
1785156885.930130959,15,275.953125,1959.250
1785156885.930130959,15,277.593750,1965.500
1785156885.930130959,15,279.234375,1973.750
1785156885.930130959,15,280.890625,1977.750
1785156885.930130959,15,282.500000,1989.250
1785156885.930130959,15,284.109375,2004.500
1785156885.930130959,15,285.750000,2022.750
1785156885.930130959,15,287.406250,2038.250
1785156885.930130959,11,289.015625,2056.250
1785156885.930130959,15,302.171875,2266.000
1785156885.930130959,7,303.796875,2299.750
1785156885.930130959,5,305.421875,2353.750
1785156885.930130959,15,307.062500,2402.750
1785156885.930130959,15,308.718750,2418.000
1785156885.930130959,11,310.359375,2431.500
1785156885.930130959,9,313.593750,2599.500
1785156885.930130959,14,315.234375,2672.500
1785156885.930130959,14,316.859375,2751.250
1785156885.930130959,15,318.515625,2826.500
1785156885.930130959,11,321.750000,3009.000
1785156885.930130959,15,323.343750,3090.000
1785156885.930130959,15,324.984375,3165.750
1785156885.930130959,15,326.609375,3234.750
1785156886.042333841,15,352.609375,8260.500
1785156886.042333841,15,354.250000,8115.250
1785156886.042333841,15,355.890625,8055.000
1785156886.042333841,15,359.187500,7618.000
1785156886.042333841,15,0.828125,7541.250
1785156886.042333841,15,2.484375,7418.750
1785156886.042333841,15,4.109375,7298.500
1785156886.042333841,15,5.750000,7256.500
1785156886.042333841,15,7.390625,7229.000
1785156886.042333841,15,9.031250,7196.000
1785156886.042333841,15,10.625000,7147.250
1785156886.042333841,15,47.718750,106.500
1785156886.042333841,15,49.531250,104.500
1785156886.042333841,15,50.593750,101.500
1785156886.042333841,15,168.328125,1767.000
1785156886.042333841,15,222.687500,1334.500
1785156886.042333841,15,224.328125,1331.250
1785156886.042333841,15,225.968750,1328.250
1785156886.042333841,15,227.609375,1334.250
1785156886.042333841,15,229.218750,1323.250
1785156886.042333841,15,230.859375,1333.500
1785156886.042333841,15,232.421875,1359.750
1785156886.042333841,15,234.078125,1373.750
1785156886.042333841,15,235.718750,1402.000
1785156886.042333841,13,248.437500,2095.000
1785156886.042333841,15,250.093750,2067.000
1785156886.042333841,15,251.765625,2041.750
1785156886.042333841,15,253.390625,2025.500
1785156886.042333841,15,255.031250,2008.250
1785156886.042333841,15,256.671875,1994.750
1785156886.042333841,15,258.328125,1981.750
1785156886.042333841,15,259.953125,1970.000
1785156886.042333841,15,261.578125,1965.500
1785156886.042333841,12,263.203125,1959.750
1785156886.042333841,15,264.875000,1955.000
1785156886.042333841,15,266.484375,1950.000
1785156886.042333841,15,268.109375,1949.250
1785156886.042333841,15,269.765625,1953.750
1785156886.042333841,15,271.421875,1956.750
1785156886.042333841,15,273.031250,1959.000
1785156886.042333841,15,274.703125,1960.000
1785156886.042333841,15,276.312500,1961.000
1785156886.042333841,15,277.906250,1968.250
1785156886.042333841,15,279.546875,1973.250
1785156886.042333841,15,281.218750,1979.500
1785156886.042333841,15,282.812500,1993.500
1785156886.042333841,15,284.484375,2009.500
1785156886.042333841,15,286.093750,2024.750
1785156886.042333841,15,287.734375,2043.500
1785156886.042333841,9,289.359375,2063.000
1785156886.042333841,13,300.859375,2256.500
1785156886.042333841,15,302.468750,2273.750
1785156886.042333841,15,304.140625,2309.000
1785156886.042333841,4,305.718750,2353.500
1785156886.042333841,15,307.375000,2399.750
1785156886.042333841,13,312.234375,2542.500
1785156886.042333841,6,313.875000,2614.750
1785156886.042333841,15,315.531250,2684.500
1785156886.042333841,7,317.140625,2754.500
1785156886.042333841,15,318.781250,2815.500
1785156886.042333841,10,322.031250,3013.000
1785156886.042333841,15,323.671875,3081.500
1785156886.042333841,12,325.296875,3162.500
1785156886.153096914,15,352.953125,8203.250
1785156886.153096914,15,354.593750,8112.000
1785156886.153096914,15,356.250000,7976.000
1785156886.153096914,15,359.531250,7580.500
1785156886.153096914,15,1.187500,7467.000
1785156886.153096914,15,2.828125,7362.750
1785156886.153096914,15,4.468750,7300.000
1785156886.153096914,15,6.109375,7259.750
1785156886.153096914,15,7.765625,7216.750
1785156886.153096914,15,9.406250,7181.000
1785156886.153096914,15,11.000000,7161.250
1785156886.153096914,15,48.093750,106.000
1785156886.153096914,15,168.687500,1781.500
1785156886.153096914,15,223.031250,1326.500
1785156886.153096914,15,227.984375,1336.500
1785156886.153096914,15,229.578125,1329.250
1785156886.153096914,15,231.250000,1342.500
1785156886.153096914,15,232.875000,1363.750
1785156886.153096914,15,234.437500,1380.500
1785156886.153096914,15,250.484375,2050.000
1785156886.153096914,15,252.125000,2028.250
1785156886.153096914,15,253.781250,2010.000
1785156886.153096914,15,255.453125,1994.250
1785156886.153096914,15,257.062500,1991.750
1785156886.153096914,15,258.703125,1985.250
1785156886.153096914,15,260.343750,1971.500
1785156886.153096914,15,262.015625,1964.500
1785156886.153096914,15,263.640625,1956.250
1785156886.153096914,15,265.281250,1952.250
1785156886.153096914,15,266.937500,1954.000
1785156886.153096914,15,268.562500,1951.750
1785156886.153096914,15,270.187500,1952.500
1785156886.153096914,15,271.812500,1956.500
1785156886.153096914,15,273.453125,1959.750
1785156886.153096914,15,275.109375,1961.000
1785156886.153096914,15,276.703125,1963.250
1785156886.153096914,15,278.328125,1969.500
1785156886.153096914,15,279.984375,1976.250
1785156886.153096914,15,281.625000,1978.750
1785156886.153096914,15,283.234375,1990.500
1785156886.153096914,15,284.859375,2011.000
1785156886.153096914,15,286.500000,2025.000
1785156886.153096914,9,288.109375,2040.500
1785156886.153096914,12,289.765625,2056.250
1785156886.153096914,15,301.218750,2251.750
1785156886.153096914,15,302.859375,2265.000
1785156886.153096914,15,306.125000,2376.000
1785156886.153096914,11,307.750000,2421.750
1785156886.153096914,9,309.375000,2449.750
1785156886.153096914,15,311.015625,2488.750
1785156886.153096914,8,314.281250,2631.500
1785156886.153096914,15,315.906250,2704.250
1785156886.153096914,13,317.500000,2760.250
1785156886.153096914,15,320.765625,2951.750
1785156886.153096914,9,322.390625,3019.500
1785156886.153096914,15,324.062500,3097.250
1785156886.267920971,15,353.375000,8190.000
1785156886.267920971,15,355.015625,8112.750
1785156886.267920971,15,358.312500,7657.000
1785156886.267920971,15,359.968750,7559.250
1785156886.267920971,15,1.609375,7441.000
1785156886.267920971,15,3.250000,7342.000
1785156886.267920971,15,4.890625,7276.500
1785156886.267920971,15,6.546875,7232.250
1785156886.267920971,15,8.203125,7205.500
1785156886.267920971,15,9.828125,7180.750
1785156886.267920971,15,11.421875,7136.000
1785156886.267920971,8,16.296875,8986.750
1785156886.267920971,15,48.640625,105.750
1785156886.267920971,15,165.953125,1689.000
1785156886.267920971,15,221.875000,1332.750
1785156886.267920971,15,223.484375,1324.750
1785156886.267920971,15,225.125000,1329.500
1785156886.267920971,15,228.421875,1320.000
1785156886.267920971,15,230.062500,1324.500
1785156886.267920971,15,231.625000,1348.500
1785156886.267920971,15,233.250000,1366.500
1785156886.267920971,15,234.937500,1381.000
1785156886.267920971,15,249.265625,2077.000
1785156886.267920971,15,250.953125,2050.250
1785156886.267920971,15,252.609375,2026.250
1785156886.267920971,15,254.218750,2007.500
1785156886.267920971,15,255.906250,1994.250
1785156886.267920971,15,257.515625,1986.750
1785156886.267920971,15,259.140625,1976.500
1785156886.267920971,15,260.828125,1966.750
1785156886.267920971,15,262.437500,1955.250
1785156886.267920971,15,264.078125,1951.000
1785156886.267920971,15,265.687500,1953.500
1785156886.267920971,15,267.343750,1950.000
1785156886.267920971,15,268.968750,1949.000
1785156886.267920971,15,270.625000,1950.000
1785156886.267920971,15,272.250000,1953.750
1785156886.267920971,15,273.921875,1959.750
1785156886.267920971,15,275.484375,1962.000
1785156886.267920971,15,277.125000,1964.000
1785156886.267920971,15,278.734375,1968.000
1785156886.267920971,15,280.406250,1976.500
1785156886.267920971,15,282.015625,1987.250
1785156886.267920971,15,283.640625,2000.500
1785156886.267920971,15,285.265625,2015.750
1785156886.267920971,15,286.921875,2028.500
1785156886.267920971,10,288.546875,2044.500
1785156886.267920971,10,290.187500,2058.250
1785156886.267920971,15,301.609375,2260.000
1785156886.267920971,15,303.281250,2281.750
1785156886.267920971,6,304.875000,2329.750
1785156886.267920971,15,306.500000,2392.000
1785156886.267920971,13,308.140625,2426.250
1785156886.267920971,9,309.781250,2444.750
1785156886.267920971,8,311.421875,2498.250
1785156886.267920971,15,313.031250,2570.000
1785156886.267920971,11,316.296875,2722.250
1785156886.267920971,15,317.890625,2794.250
1785156886.267920971,15,321.171875,2973.000
1785156886.267920971,5,322.843750,3052.500
1785156886.267920971,15,324.453125,3138.500
1785156886.267920971,15,326.093750,3225.000
1785156886.379473925,15,352.093750,8304.500
1785156886.379473925,15,353.718750,8175.000
1785156886.379473925,15,355.375000,8087.500
1785156886.379473925,15,358.656250,7652.750
1785156886.379473925,15,0.312500,7531.750
1785156886.379473925,15,1.968750,7417.250
1785156886.379473925,15,3.609375,7337.250
1785156886.379473925,15,5.234375,7273.250
1785156886.379473925,15,6.875000,7224.750
1785156886.379473925,15,8.531250,7209.000
1785156886.379473925,15,10.171875,7178.250
1785156886.379473925,13,11.734375,7132.250
1785156886.379473925,15,45.671875,107.500
1785156886.379473925,15,48.453125,105.250
1785156886.379473925,15,166.250000,1695.250
1785156886.379473925,15,171.031250,1876.750
1785156886.379473925,15,222.078125,1335.000
1785156886.379473925,15,223.796875,1336.000
1785156886.379473925,15,225.359375,1332.500
1785156886.379473925,15,228.718750,1317.750
1785156886.379473925,15,231.953125,1356.500
1785156886.379473925,15,233.578125,1370.000
1785156886.379473925,9,241.343750,2209.750
1785156886.379473925,15,249.593750,2067.750
1785156886.379473925,15,251.265625,2045.750
1785156886.379473925,15,252.890625,2028.500
1785156886.379473925,15,254.515625,2012.750
1785156886.379473925,15,256.187500,2000.750
1785156886.379473925,15,257.828125,1984.250
1785156886.379473925,15,259.468750,1973.250
1785156886.379473925,15,261.093750,1963.250
1785156886.379473925,15,262.734375,1959.000
1785156886.379473925,15,264.390625,1958.000
1785156886.379473925,15,266.015625,1955.000
1785156886.379473925,15,267.671875,1952.500
1785156886.379473925,15,269.312500,1950.750
1785156886.379473925,15,270.921875,1954.750
1785156886.379473925,15,272.578125,1959.250
1785156886.379473925,15,274.234375,1959.250
1785156886.379473925,15,275.781250,1957.250
1785156886.379473925,15,277.437500,1962.750
1785156886.379473925,15,279.046875,1972.250
1785156886.379473925,15,280.718750,1976.750
1785156886.379473925,15,282.328125,1985.000
1785156886.379473925,15,283.937500,1998.250
1785156886.379473925,15,285.593750,2014.500
1785156886.379473925,15,287.218750,2033.500
1785156886.379473925,15,300.296875,2250.750
1785156886.379473925,15,301.953125,2266.000
1785156886.379473925,15,303.562500,2296.500
1785156886.379473925,5,305.203125,2340.750
1785156886.379473925,15,306.812500,2388.500
1785156886.379473925,15,308.484375,2420.000
1785156886.379473925,11,310.078125,2438.500
1785156886.379473925,8,313.359375,2580.750
1785156886.379473925,9,316.593750,2735.000
1785156886.379473925,15,318.218750,2803.500
1785156886.379473925,14,321.484375,2985.000
1785156886.379473925,15,324.812500,3159.500
1785156886.379473925,15,326.453125,3233.000
1785156886.491228819,15,352.437500,8234.000
1785156886.491228819,15,354.078125,8117.750
1785156886.491228819,15,355.718750,8061.500
1785156886.491228819,15,359.015625,7597.500
1785156886.491228819,15,0.640625,7560.500
1785156886.491228819,15,2.312500,7458.250
1785156886.491228819,15,3.953125,7350.750
1785156886.491228819,15,5.593750,7271.250
1785156886.491228819,15,7.234375,7242.500
1785156886.491228819,15,8.859375,7201.000
1785156886.491228819,15,10.437500,7160.000
1785156886.491228819,15,47.546875,106.500
1785156886.491228819,15,48.890625,104.750
1785156886.491228819,15,51.453125,102.000
1785156886.491228819,15,166.546875,1705.500
1785156886.491228819,15,222.375000,1331.250
1785156886.491228819,15,224.031250,1336.750
1785156886.491228819,15,225.656250,1334.000
1785156886.491228819,15,227.328125,1334.250
1785156886.491228819,15,229.000000,1324.250
1785156886.491228819,15,230.640625,1330.500
1785156886.491228819,15,232.203125,1357.250
1785156886.491228819,15,233.875000,1371.500
1785156886.491228819,15,235.468750,1394.500
1785156886.491228819,15,249.875000,2065.500
1785156886.491228819,15,251.531250,2039.750
1785156886.491228819,15,253.156250,2021.500
1785156886.491228819,15,254.796875,2006.250
1785156886.491228819,15,256.468750,1993.750
1785156886.491228819,15,258.078125,1984.000
1785156886.491228819,15,259.750000,1970.750
1785156886.491228819,15,261.390625,1960.250
1785156886.491228819,15,262.968750,1959.500
1785156886.491228819,15,264.625000,1958.000
1785156886.491228819,15,266.296875,1948.500
1785156886.491228819,15,267.890625,1946.500
1785156886.491228819,15,269.546875,1952.500
1785156886.491228819,15,271.218750,1956.250
1785156886.491228819,15,272.828125,1958.500
1785156886.491228819,15,274.484375,1957.750
1785156886.491228819,15,276.046875,1959.500
1785156886.491228819,15,277.687500,1963.250
1785156886.491228819,15,279.296875,1968.500
1785156886.491228819,15,280.937500,1977.250
1785156886.491228819,15,282.546875,1993.500
1785156886.491228819,15,284.203125,2008.750
1785156886.491228819,15,285.812500,2022.750
1785156886.491228819,15,287.453125,2037.750
1785156886.491228819,9,289.062500,2057.750
1785156886.491228819,15,302.218750,2263.750
1785156886.491228819,15,303.859375,2299.500
1785156886.491228819,5,305.500000,2354.250
1785156886.491228819,15,307.140625,2401.250
1785156886.491228819,15,308.796875,2417.750
1785156886.491228819,8,310.406250,2431.500
1785156886.491228819,6,313.625000,2601.250
1785156886.491228819,15,315.296875,2675.750
1785156886.491228819,15,316.921875,2752.250
1785156886.491228819,15,318.531250,2823.750
1785156886.491228819,10,321.781250,3011.000
1785156886.491228819,15,323.453125,3077.250
1785156886.491228819,12,325.093750,3154.750
1785156886.491228819,13,326.750000,3241.750
1785156886.606192112,15,352.718750,8236.750
1785156886.606192112,15,354.375000,8131.250
1785156886.606192112,15,356.015625,8064.500
1785156886.606192112,15,359.312500,7620.250
1785156886.606192112,15,0.968750,7533.500
1785156886.606192112,15,2.593750,7407.000
1785156886.606192112,15,4.234375,7303.500
1785156886.606192112,15,5.890625,7252.750
1785156886.606192112,15,7.531250,7203.500
1785156886.606192112,15,9.187500,7173.750
1785156886.606192112,15,10.750000,7147.500
1785156886.606192112,15,46.968750,106.500
1785156886.606192112,15,50.859375,101.250
1785156886.606192112,15,168.625000,1779.000
1785156886.606192112,15,222.890625,1336.250
1785156886.606192112,9,224.500000,1342.000
1785156886.606192112,9,226.140625,1336.250
1785156886.606192112,15,229.468750,1327.750
1785156886.606192112,15,231.125000,1338.750
1785156886.606192112,15,232.718750,1363.500
1785156886.606192112,15,234.312500,1377.250
1785156886.606192112,15,248.703125,2085.000
1785156886.606192112,15,250.359375,2056.500
1785156886.606192112,15,251.984375,2028.250
1785156886.606192112,15,253.625000,2004.250
1785156886.606192112,15,255.265625,1993.000
1785156886.606192112,15,256.875000,1987.500
1785156886.606192112,15,258.546875,1980.750
1785156886.606192112,15,260.171875,1972.000
1785156886.606192112,15,261.812500,1962.250
1785156886.606192112,15,263.437500,1957.000
1785156886.606192112,15,265.078125,1954.750
1785156886.606192112,15,266.703125,1955.000
1785156886.606192112,15,268.343750,1955.000
1785156886.606192112,15,269.968750,1955.750
1785156886.606192112,15,271.640625,1959.500
1785156886.606192112,15,273.234375,1959.500
1785156886.606192112,15,274.875000,1958.250
1785156886.606192112,15,276.546875,1964.250
1785156886.606192112,15,278.171875,1968.750
1785156886.606192112,15,279.781250,1975.500
1785156886.606192112,15,281.421875,1984.250
1785156886.606192112,15,283.031250,2001.500
1785156886.606192112,15,284.687500,2020.000
1785156886.606192112,15,286.281250,2028.500
1785156886.606192112,15,287.921875,2046.000
1785156886.606192112,8,289.578125,2062.750
1785156886.606192112,15,301.109375,2257.250
1785156886.606192112,15,302.750000,2275.250
1785156886.606192112,8,304.390625,2313.750
1785156886.606192112,15,306.000000,2375.500
1785156886.606192112,9,307.609375,2420.750
1785156886.606192112,8,309.250000,2445.500
1785156886.606192112,13,310.906250,2484.250
1785156886.606192112,15,312.500000,2554.000
1785156886.606192112,7,314.171875,2626.250
1785156886.606192112,15,315.781250,2693.500
1785156886.606192112,12,317.421875,2756.250
1785156886.606192112,15,320.687500,2952.250
1785156886.606192112,9,322.296875,3019.500
1785156886.606192112,15,323.937500,3090.250
1785156886.716260195,15,353.203125,8202.000
1785156886.716260195,15,354.843750,8106.750
1785156886.716260195,15,358.140625,7640.250
1785156886.716260195,15,359.796875,7533.000
1785156886.716260195,15,1.437500,7434.000
1785156886.716260195,15,3.093750,7342.000
1785156886.716260195,15,4.718750,7286.750
1785156886.716260195,15,6.375000,7262.000
1785156886.716260195,15,8.015625,7200.500
1785156886.716260195,15,9.640625,7139.500
1785156886.716260195,15,11.234375,7126.500
1785156886.716260195,15,48.000000,106.000
1785156886.716260195,15,165.750000,1686.250
1785156886.716260195,15,169.000000,1794.500
1785156886.716260195,15,221.765625,1332.500
1785156886.716260195,15,223.406250,1324.250
1785156886.716260195,15,225.031250,1325.500
1785156886.716260195,15,226.718750,1323.250
1785156886.716260195,15,228.296875,1326.500
1785156886.716260195,15,229.968750,1328.000
1785156886.716260195,15,231.546875,1346.500
1785156886.716260195,15,233.140625,1364.750
1785156886.716260195,15,234.859375,1367.500
1785156886.716260195,15,249.156250,2079.500
1785156886.716260195,15,250.781250,2051.250
1785156886.716260195,15,252.453125,2019.750
1785156886.716260195,15,254.062500,2004.000
1785156886.716260195,15,255.734375,1993.750
1785156886.716260195,15,257.343750,1985.500
1785156886.716260195,15,258.984375,1976.750
1785156886.716260195,15,260.625000,1966.750
1785156886.716260195,15,262.265625,1957.500
1785156886.716260195,15,263.921875,1952.750
1785156886.716260195,15,265.562500,1952.500
1785156886.716260195,15,267.171875,1953.500
1785156886.716260195,15,268.828125,1953.750
1785156886.716260195,15,270.437500,1953.500
1785156886.716260195,15,272.109375,1955.000
1785156886.716260195,15,273.734375,1958.250
1785156886.716260195,15,275.359375,1961.500
1785156886.716260195,15,276.968750,1963.500
1785156886.716260195,15,278.578125,1969.250
1785156886.716260195,15,280.250000,1974.750
1785156886.716260195,15,281.859375,1984.250
1785156886.716260195,15,283.468750,2001.250
1785156886.716260195,15,285.109375,2023.500
1785156886.716260195,15,286.734375,2038.000
1785156886.716260195,11,288.359375,2047.250
1785156886.716260195,11,289.984375,2055.250
1785156886.716260195,15,301.515625,2258.500
1785156886.716260195,15,303.140625,2275.000
1785156886.716260195,15,306.406250,2387.000
1785156886.716260195,9,308.031250,2426.000
1785156886.716260195,8,309.656250,2455.000
1785156886.716260195,13,311.312500,2499.000
1785156886.716260195,15,312.906250,2567.250
1785156886.716260195,15,316.171875,2726.250
1785156886.716260195,15,317.796875,2781.750
1785156886.716260195,15,321.046875,2971.000
1785156886.716260195,15,324.312500,3131.250
1785156886.716260195,9,325.937500,3210.750
1785156886.828016043,15,353.546875,8165.250
1785156886.828016043,15,355.171875,8077.500
1785156886.828016043,15,358.484375,7663.000
1785156886.828016043,15,0.125000,7568.500
1785156886.828016043,15,1.765625,7433.000
1785156886.828016043,15,3.406250,7302.000
1785156886.828016043,15,5.046875,7253.750
1785156886.828016043,15,6.687500,7219.250
1785156886.828016043,15,8.328125,7185.000
1785156886.828016043,15,9.968750,7154.500
1785156886.828016043,15,11.609375,7135.500
1785156886.828016043,15,46.812500,107.750
1785156886.828016043,15,47.906250,105.250
1785156886.828016043,15,50.781250,102.750
1785156886.828016043,15,166.125000,1694.250
1785156886.828016043,10,213.281250,3497.000
1785156886.828016043,15,222.140625,1335.500
1785156886.828016043,15,223.765625,1335.750
1785156886.828016043,15,225.406250,1332.250
1785156886.828016043,15,228.703125,1317.750
1785156886.828016043,15,230.343750,1323.250
1785156886.828016043,15,231.890625,1353.250
1785156886.828016043,15,233.562500,1369.500
1785156886.828016043,8,241.359375,2210.250
1785156886.828016043,15,249.578125,2069.500
1785156886.828016043,15,251.187500,2045.750
1785156886.828016043,15,252.843750,2027.000
1785156886.828016043,15,254.484375,2011.250
1785156886.828016043,15,256.125000,2000.250
1785156886.828016043,15,257.765625,1985.000
1785156886.828016043,15,259.437500,1973.750
1785156886.828016043,15,261.046875,1963.500
1785156886.828016043,15,262.671875,1957.500
1785156886.828016043,15,264.328125,1955.250
1785156886.828016043,15,265.984375,1954.750
1785156886.828016043,15,267.609375,1953.750
1785156886.828016043,15,269.234375,1951.250
1785156886.828016043,15,270.859375,1954.500
1785156886.828016043,15,272.500000,1958.750
1785156886.828016043,15,274.156250,1959.750
1785156886.828016043,15,275.750000,1958.250
1785156886.828016043,15,277.390625,1963.250
1785156886.828016043,15,279.046875,1972.250
1785156886.828016043,15,280.640625,1977.000
1785156886.828016043,15,282.281250,1986.000
1785156886.828016043,15,283.906250,1999.500
1785156886.828016043,15,285.562500,2017.000
1785156886.828016043,15,287.140625,2034.500
1785156886.828016043,15,301.890625,2266.000
1785156886.828016043,15,303.531250,2296.000
1785156886.828016043,7,305.156250,2339.750
1785156886.828016043,15,306.781250,2388.000
1785156886.828016043,15,308.406250,2419.500
1785156886.828016043,8,310.015625,2438.750
1785156886.828016043,15,313.265625,2573.750
1785156886.828016043,9,316.515625,2729.750
1785156886.828016043,15,318.125000,2802.000
1785156886.828016043,14,324.656250,3158.250
1785156886.828016043,15,326.312500,3236.500
1785156886.943207979,15,352.312500,8237.500
1785156886.943207979,15,353.953125,8119.500
1785156886.943207979,15,355.593750,8062.500
1785156886.943207979,15,358.890625,7605.000
1785156886.943207979,15,0.546875,7510.500
1785156886.943207979,15,2.171875,7427.000
1785156886.943207979,15,3.828125,7338.250
1785156886.943207979,15,5.484375,7256.500
1785156886.943207979,15,7.109375,7203.500
1785156886.943207979,15,8.750000,7186.500
1785156886.943207979,15,10.359375,7159.500
1785156886.943207979,15,47.406250,106.750
1785156886.943207979,15,48.984375,104.750
1785156886.943207979,15,51.609375,102.000
1785156886.943207979,15,166.453125,1696.500
1785156886.943207979,15,222.359375,1331.250
1785156886.943207979,15,223.984375,1334.750
1785156886.943207979,15,225.656250,1331.750
1785156886.943207979,15,227.296875,1334.500
1785156886.943207979,15,228.906250,1324.500
1785156886.943207979,15,230.578125,1330.250
1785156886.943207979,15,232.187500,1357.250
1785156886.943207979,15,233.812500,1371.750
1785156886.943207979,15,235.390625,1394.500
1785156886.943207979,15,249.765625,2064.750
1785156886.943207979,15,251.484375,2039.000
1785156886.943207979,15,253.109375,2021.500
1785156886.943207979,15,254.750000,2006.000
1785156886.943207979,15,256.390625,1993.250
1785156886.943207979,15,258.062500,1983.250
1785156886.943207979,15,259.687500,1971.250
1785156886.943207979,15,261.328125,1961.250
1785156886.943207979,15,263.000000,1960.000
1785156886.943207979,15,264.609375,1958.000
1785156886.943207979,15,266.281250,1948.500
1785156886.943207979,15,267.921875,1947.250
1785156886.943207979,15,269.531250,1953.750
1785156886.943207979,15,271.187500,1955.000
1785156886.943207979,15,272.828125,1956.000
1785156886.943207979,15,274.437500,1956.750
1785156886.943207979,15,276.062500,1958.000
1785156886.943207979,15,277.671875,1962.750
1785156886.943207979,15,279.296875,1969.250
1785156886.943207979,15,280.921875,1977.000
1785156886.943207979,15,282.546875,1992.750
1785156886.943207979,15,284.203125,2008.750
1785156886.943207979,15,285.812500,2022.250
1785156886.943207979,15,287.437500,2036.750
1785156886.943207979,9,289.078125,2058.750
1785156886.943207979,15,302.187500,2266.000
1785156886.943207979,15,303.843750,2299.500
1785156886.943207979,5,305.468750,2350.500
1785156886.943207979,15,307.078125,2399.500
1785156886.943207979,15,308.734375,2416.750
1785156886.943207979,10,310.375000,2429.250
1785156886.943207979,8,313.593750,2599.750
1785156886.943207979,13,315.234375,2671.500
1785156886.943207979,14,316.843750,2750.750
1785156886.943207979,15,318.484375,2817.500
1785156886.943207979,10,321.703125,3008.500
1785156886.943207979,15,323.343750,3077.750
1785156886.943207979,15,324.968750,3153.500
1785156886.943207979,15,326.609375,3232.750
1785156887.053828001,15,352.609375,8267.750
1785156887.053828001,15,354.250000,8114.500
1785156887.053828001,15,355.890625,8055.500
1785156887.053828001,15,359.187500,7619.000
1785156887.053828001,15,0.843750,7532.000
1785156887.053828001,15,2.484375,7413.250
1785156887.053828001,15,4.125000,7304.250
1785156887.053828001,15,5.765625,7257.750
1785156887.053828001,15,7.406250,7227.750
1785156887.053828001,15,9.046875,7194.500
1785156887.053828001,15,10.609375,7149.250
1785156887.053828001,15,47.546875,106.500
1785156887.053828001,15,49.671875,104.500
1785156887.053828001,15,51.796875,101.500
1785156887.053828001,15,165.156250,1711.000
1785156887.053828001,15,168.343750,1767.500
1785156887.053828001,15,222.593750,1334.750
1785156887.053828001,15,224.250000,1336.500
1785156887.053828001,15,225.890625,1333.250
1785156887.053828001,15,227.531250,1334.250
1785156887.053828001,15,229.203125,1323.250
1785156887.053828001,15,230.828125,1333.500
1785156887.053828001,15,232.468750,1359.250
1785156887.053828001,15,234.031250,1373.000
1785156887.053828001,15,235.656250,1401.750
1785156887.053828001,13,248.421875,2095.000
1785156887.053828001,15,250.078125,2066.000
1785156887.053828001,15,251.750000,2040.750
1785156887.053828001,15,253.390625,2024.250
1785156887.053828001,15,255.031250,2007.750
1785156887.053828001,15,256.671875,1995.250
1785156887.053828001,15,258.328125,1982.250
1785156887.053828001,15,259.937500,1969.750
1785156887.053828001,15,261.640625,1965.250
1785156887.053828001,14,263.234375,1960.000
1785156887.053828001,15,264.890625,1958.250
1785156887.053828001,15,266.546875,1954.750
1785156887.053828001,15,268.187500,1951.000
1785156887.053828001,15,269.781250,1953.750
1785156887.053828001,15,271.437500,1956.750
1785156887.053828001,15,273.062500,1959.000
1785156887.053828001,15,274.750000,1959.750
1785156887.053828001,15,276.312500,1960.500
1785156887.053828001,15,277.906250,1968.250
1785156887.053828001,15,279.593750,1973.500
1785156887.053828001,15,281.218750,1980.000
1785156887.053828001,15,282.812500,1993.500
1785156887.053828001,15,284.468750,2009.500
1785156887.053828001,15,286.109375,2025.250
1785156887.053828001,15,287.687500,2037.250
1785156887.053828001,9,289.312500,2056.750
1785156887.053828001,13,300.812500,2255.250
1785156887.053828001,15,302.437500,2274.000
1785156887.053828001,15,304.062500,2308.750
1785156887.053828001,15,305.718750,2353.250
1785156887.053828001,15,307.359375,2400.500
1785156887.053828001,14,312.234375,2539.750
1785156887.053828001,7,313.828125,2611.750
1785156887.053828001,15,315.468750,2686.500
1785156887.053828001,7,317.109375,2756.750
1785156887.053828001,15,318.750000,2817.000
1785156887.053828001,12,321.984375,3013.000
1785156887.053828001,15,323.671875,3082.500
1785156887.053828001,12,325.281250,3163.250
1785156887.165157080,15,352.921875,8214.500
1785156887.165157080,15,354.562500,8118.250
1785156887.165157080,15,356.203125,7981.000
1785156887.165157080,15,359.515625,7573.500
1785156887.165157080,15,1.156250,7461.250
1785156887.165157080,15,2.796875,7366.750
1785156887.165157080,15,4.437500,7304.000
1785156887.165157080,15,6.078125,7257.500
1785156887.165157080,15,7.718750,7215.750
1785156887.165157080,15,9.359375,7180.000
1785156887.165157080,15,10.906250,7145.250
1785156887.165157080,15,47.359375,106.000
1785156887.165157080,15,50.250000,104.000
1785156887.165157080,14,51.937500,101.000
1785156887.165157080,15,168.656250,1780.750
1785156887.165157080,15,222.953125,1335.750
1785156887.165157080,15,227.906250,1337.500
1785156887.165157080,15,229.546875,1326.000
1785156887.165157080,15,231.140625,1341.500
1785156887.165157080,15,232.718750,1363.250
1785156887.165157080,15,234.390625,1377.750
1785156887.165157080,15,248.781250,2085.250
1785156887.165157080,15,250.437500,2056.500
1785156887.165157080,15,252.078125,2028.250
1785156887.165157080,15,253.703125,2006.500
1785156887.165157080,15,255.359375,1994.000
1785156887.165157080,15,257.000000,1991.000
1785156887.165157080,15,258.656250,1984.500
1785156887.165157080,15,260.296875,1971.000
1785156887.165157080,15,261.937500,1964.000
1785156887.165157080,15,263.578125,1959.250
1785156887.165157080,15,265.203125,1954.750
1785156887.165157080,15,266.812500,1954.500
1785156887.165157080,15,268.468750,1955.000
1785156887.165157080,15,270.093750,1955.250
1785156887.165157080,15,271.765625,1956.750
1785156887.165157080,15,273.375000,1959.250
1785156887.165157080,15,274.968750,1961.000
1785156887.165157080,15,276.593750,1964.000
1785156887.165157080,15,278.218750,1969.750
1785156887.165157080,15,279.843750,1976.250
1785156887.165157080,15,281.468750,1982.250
1785156887.165157080,15,283.109375,1995.000
1785156887.165157080,15,284.734375,2013.500
1785156887.165157080,15,286.343750,2027.500
1785156887.165157080,15,287.968750,2045.500
1785156887.165157080,10,289.640625,2062.000
1785156887.165157080,15,301.109375,2256.250
1785156887.165157080,15,302.765625,2274.250
1785156887.165157080,6,304.375000,2313.250
1785156887.165157080,15,306.000000,2374.500
1785156887.165157080,15,307.640625,2419.250
1785156887.165157080,8,309.265625,2444.750
1785156887.165157080,13,310.921875,2484.750
1785156887.165157080,15,312.531250,2553.250
1785156887.165157080,7,314.156250,2625.500
1785156887.165157080,15,315.781250,2694.250
1785156887.165157080,11,317.421875,2756.000
1785156887.165157080,15,320.656250,2952.750
1785156887.165157080,7,322.312500,3018.500
1785156887.165157080,15,324.015625,3089.250
