timestamp,quality,angle_deg,distance_mm
1785147850.103658915,15,353.875000,7384.250
1785147850.103658915,15,357.171875,7047.250
1785147850.103658915,15,0.453125,6775.250
1785147850.103658915,15,6.171875,1403.250
1785147850.103658915,15,19.390625,1380.000
1785147850.103658915,15,24.421875,1220.250
1785147850.103658915,15,26.078125,1202.250
1785147850.103658915,15,47.125000,107.000
1785147850.103658915,15,51.140625,101.250
1785147850.103658915,14,162.640625,10215.000
1785147850.103658915,15,164.281250,10193.750
1785147850.103658915,9,170.843750,10173.000
1785147850.103658915,15,208.734375,4025.250
1785147850.103658915,15,212.015625,3808.000
1785147850.103658915,9,216.984375,3389.000
1785147850.103658915,15,218.625000,3352.750
1785147850.103658915,15,221.921875,3196.000
1785147850.103658915,12,225.218750,3046.000
1785147850.103658915,15,228.515625,2866.750
1785147850.103658915,15,230.125000,2806.750
1785147850.103658915,15,231.781250,2753.500
1785147850.103658915,15,233.437500,2705.250
1785147850.103658915,15,235.093750,2667.500
1785147850.103658915,15,236.703125,2639.250
1785147850.103658915,11,238.375000,2604.000
1785147850.103658915,13,239.984375,2562.500
1785147850.103658915,12,241.625000,2540.000
1785147850.103658915,15,243.281250,2519.000
1785147850.103658915,15,244.921875,2487.500
1785147850.103658915,15,246.562500,2463.000
1785147850.103658915,15,248.203125,2454.750
1785147850.103658915,15,249.843750,2448.000
1785147850.103658915,14,251.515625,2442.000
1785147850.103658915,15,253.156250,2436.250
1785147850.103658915,15,254.781250,2426.500
1785147850.103658915,15,256.453125,2419.000
1785147850.103658915,15,258.062500,2407.000
1785147850.103658915,13,259.734375,2386.750
1785147850.103658915,12,261.375000,2373.000
1785147850.103658915,9,263.000000,2372.750
1785147850.103658915,10,264.609375,2378.500
1785147850.103658915,10,266.250000,2381.000
1785147850.103658915,11,267.906250,2377.000
1785147850.103658915,15,269.546875,2381.500
1785147850.103658915,15,271.156250,2394.250
1785147850.103658915,15,272.796875,2409.500
1785147850.103658915,15,274.453125,2425.250
1785147850.103658915,15,276.078125,2437.000
1785147850.103658915,15,277.718750,2449.250
1785147850.103658915,13,279.343750,2462.750
1785147850.103658915,15,280.953125,2488.750
1785147850.103658915,15,282.609375,2517.500
1785147850.103658915,10,284.234375,2535.500
1785147850.103658915,10,285.875000,2555.250
1785147850.103658915,15,287.515625,2585.000
1785147850.103658915,12,289.140625,2621.750
1785147850.103658915,10,290.750000,2650.250
1785147850.103658915,10,292.406250,2676.000
1785147850.103658915,15,294.031250,2718.000
1785147850.103658915,10,295.640625,2758.250
1785147850.103658915,15,297.265625,2800.500
1785147850.103658915,9,299.015625,2857.500
1785147850.103658915,11,300.640625,2900.500
1785147850.103658915,15,302.281250,2957.750
1785147850.103658915,10,303.890625,3020.750
1785147850.103658915,15,305.531250,3073.750
1785147850.103658915,12,307.171875,3144.500
1785147850.103658915,8,308.812500,3198.250
1785147850.103658915,15,312.062500,3378.500
1785147850.103658915,15,313.703125,3476.000
1785147850.103658915,15,315.328125,3571.500
1785147850.103658915,13,316.968750,3675.000
1785147850.103658915,11,320.218750,3927.750
1785147850.103658915,12,328.390625,4754.250
1785147850.103658915,15,331.656250,5121.750
1785147850.103658915,15,347.968750,9441.000
1785147850.103658915,15,349.609375,9284.250
1785147851.449337006,15,352.937500,7462.750
1785147851.449337006,15,357.875000,7042.250
1785147851.449337006,15,1.171875,6787.250
1785147851.449337006,15,6.921875,1404.250
1785147851.449337006,15,23.437500,1239.000
1785147851.449337006,15,25.171875,1211.000
1785147851.449337006,15,26.812500,1203.750
1785147851.449337006,15,48.218750,106.250
1785147851.449337006,15,164.406250,10195.750
1785147851.449337006,8,172.593750,10171.250
1785147851.449337006,9,177.515625,10124.000
1785147851.449337006,14,208.890625,4027.000
1785147851.449337006,15,212.187500,3808.000
1785147851.449337006,15,218.796875,3344.250
1785147851.449337006,15,222.078125,3184.500
1785147851.449337006,15,225.390625,3037.500
1785147851.449337006,15,228.671875,2859.250
1785147851.449337006,15,230.328125,2804.750
1785147851.449337006,15,232.015625,2751.000
1785147851.449337006,15,233.640625,2701.500
1785147851.449337006,15,235.296875,2659.000
1785147851.449337006,15,236.921875,2631.250
1785147851.449337006,10,238.562500,2602.250
1785147851.449337006,13,240.203125,2561.750
1785147851.449337006,12,241.843750,2535.250
1785147851.449337006,15,243.484375,2510.750
1785147851.449337006,13,245.156250,2482.000
1785147851.449337006,15,246.796875,2462.500
1785147851.449337006,15,248.421875,2452.500
1785147851.449337006,15,250.062500,2445.000
1785147851.449337006,15,251.671875,2438.750
1785147851.449337006,15,253.343750,2431.250
1785147851.449337006,15,254.968750,2425.250
1785147851.449337006,15,256.625000,2414.000
1785147851.449337006,15,258.218750,2396.750
1785147851.449337006,10,259.906250,2382.000
1785147851.449337006,10,261.500000,2374.250
1785147851.449337006,12,263.156250,2371.250
1785147851.449337006,8,264.765625,2371.750
1785147851.449337006,12,266.421875,2373.500
1785147851.449337006,13,268.078125,2372.250
1785147851.449337006,11,269.687500,2379.250
1785147851.449337006,15,271.312500,2394.250
1785147851.449337006,15,272.953125,2407.750
1785147851.449337006,15,274.609375,2422.250
1785147851.449337006,15,276.203125,2438.000
1785147851.449337006,15,277.796875,2450.500
1785147851.449337006,15,279.468750,2462.500
1785147851.449337006,15,281.062500,2489.000
1785147851.449337006,15,282.671875,2517.750
1785147851.449337006,13,284.328125,2535.000
1785147851.449337006,13,285.937500,2558.250
1785147851.449337006,15,287.578125,2589.000
1785147851.449337006,14,289.218750,2621.750
1785147851.449337006,12,290.843750,2650.500
1785147851.449337006,10,292.453125,2681.250
1785147851.449337006,15,294.093750,2721.750
1785147851.449337006,12,295.687500,2757.750
1785147851.449337006,15,297.328125,2799.500
1785147851.449337006,11,299.093750,2856.000
1785147851.449337006,10,300.750000,2901.500
1785147851.449337006,15,302.390625,2958.750
1785147851.449337006,15,304.031250,3018.250
1785147851.449337006,10,305.640625,3056.000
1785147851.449337006,9,308.921875,3208.000
1785147851.449337006,15,312.171875,3386.000
1785147851.449337006,15,313.812500,3483.250
1785147851.449337006,15,315.437500,3573.250
1785147851.449337006,14,317.078125,3670.750
1785147851.449337006,9,320.328125,3928.000
1785147851.449337006,9,328.468750,4754.250
1785147851.449337006,11,331.734375,5124.000
1785147851.449337006,15,348.031250,9427.500
1785147851.449337006,15,349.656250,9281.750
1785147851.560793161,15,352.984375,7461.250
1785147851.560793161,15,357.906250,7044.250
1785147851.560793161,14,359.546875,6939.500
1785147851.560793161,15,1.187500,6815.000
1785147851.560793161,15,6.890625,1404.500
1785147851.560793161,15,23.468750,1239.250
1785147851.560793161,15,25.140625,1211.000
1785147851.560793161,15,26.703125,1203.500
1785147851.560793161,15,48.468750,106.250
1785147851.560793161,15,163.265625,10349.500
1785147851.560793161,8,174.734375,10261.750
1785147851.560793161,7,176.359375,10183.750
1785147851.560793161,15,209.421875,3982.000
1785147851.560793161,12,211.062500,3883.750
1785147851.560793161,15,212.703125,3768.500
1785147851.560793161,11,217.656250,3379.000
1785147851.560793161,15,219.296875,3333.750
1785147851.560793161,15,222.609375,3156.750
1785147851.560793161,14,224.281250,3086.750
1785147851.560793161,15,225.906250,3015.250
1785147851.560793161,15,229.218750,2838.500
1785147851.560793161,15,230.859375,2780.000
1785147851.560793161,15,232.515625,2730.250
1785147851.560793161,15,234.171875,2688.250
1785147851.560793161,15,235.781250,2651.250
1785147851.560793161,15,237.437500,2621.000
1785147851.560793161,15,239.078125,2585.250
1785147851.560793161,14,240.718750,2554.250
1785147851.560793161,15,242.390625,2534.000
1785147851.560793161,15,244.031250,2507.500
1785147851.560793161,15,245.671875,2478.750
1785147851.560793161,15,247.328125,2460.000
1785147851.560793161,15,248.968750,2449.500
1785147851.560793161,15,250.578125,2439.750
1785147851.560793161,14,252.218750,2435.500
1785147851.560793161,15,253.875000,2430.250
1785147851.560793161,15,255.484375,2419.250
1785147851.560793161,15,257.140625,2411.750
1785147851.560793161,13,258.750000,2392.250
1785147851.560793161,14,260.421875,2370.500
1785147851.560793161,10,262.062500,2369.500
1785147851.560793161,12,263.671875,2375.000
1785147851.560793161,9,265.343750,2377.500
1785147851.560793161,11,266.968750,2379.750
1785147851.560793161,11,268.625000,2376.500
1785147851.560793161,15,270.218750,2381.500
1785147851.560793161,15,271.875000,2398.250
1785147851.560793161,15,273.500000,2412.250
1785147851.560793161,15,275.125000,2428.750
1785147851.560793161,15,276.750000,2443.250
1785147851.560793161,14,278.375000,2452.500
1785147851.560793161,15,280.015625,2470.250
1785147851.560793161,15,281.656250,2496.750
1785147851.560793161,14,283.265625,2523.250
1785147851.560793161,12,284.890625,2547.000
1785147851.560793161,15,286.515625,2574.750
1785147851.560793161,12,288.140625,2608.000
1785147851.560793161,14,289.765625,2634.750
1785147851.560793161,10,291.421875,2657.750
1785147851.560793161,15,293.062500,2703.000
1785147851.560793161,13,294.687500,2743.750
1785147851.560793161,9,296.296875,2773.250
1785147851.560793161,15,297.921875,2825.000
1785147851.560793161,11,299.640625,2874.750
1785147851.560793161,15,301.281250,2924.500
1785147851.560793161,15,302.921875,2985.500
1785147851.560793161,13,304.562500,3032.750
1785147851.560793161,15,306.203125,3092.500
1785147851.560793161,10,307.828125,3164.750
1785147851.560793161,15,309.453125,3238.750
1785147851.560793161,6,311.078125,3324.000
1785147851.560793161,7,314.343750,3529.750
1785147851.560793161,15,315.984375,3616.750
1785147851.560793161,9,317.609375,3723.250
1785147851.560793161,11,322.484375,4108.750
1785147851.560793161,9,325.734375,4413.750
1785147851.560793161,12,329.000000,4803.000
1785147851.560793161,15,348.546875,9329.250
1785147851.675209045,15,353.515625,7415.500
1785147851.675209045,15,356.812500,7076.500
1785147851.675209045,15,0.109375,6798.250
1785147851.675209045,15,1.750000,6842.250
1785147851.675209045,15,5.828125,1417.250
1785147851.675209045,15,7.468750,1411.750
1785147851.675209045,15,18.984375,1401.500
1785147851.675209045,15,24.093750,1228.500
1785147851.675209045,15,25.703125,1205.500
1785147851.675209045,15,47.078125,107.750
1785147851.675209045,15,163.781250,10172.250
1785147851.675209045,7,173.609375,10223.750
1785147851.675209045,13,196.687500,5537.000
1785147851.675209045,15,208.234375,4078.250
1785147851.675209045,10,211.515625,3824.500
1785147851.675209045,15,213.187500,3738.000
1785147851.675209045,13,218.109375,3372.000
1785147851.675209045,12,221.406250,3211.000
1785147851.675209045,14,224.703125,3060.000
1785147851.675209045,15,226.375000,2989.750
1785147851.675209045,15,229.671875,2816.500
1785147851.675209045,15,231.296875,2769.000
1785147851.675209045,15,232.921875,2725.500
1785147851.675209045,15,234.578125,2679.000
1785147851.675209045,15,236.250000,2641.750
1785147851.675209045,15,237.859375,2615.750
1785147851.675209045,14,239.515625,2581.000
1785147851.675209045,14,241.156250,2547.250
1785147851.675209045,15,242.812500,2522.500
1785147851.675209045,15,244.453125,2493.750
1785147851.675209045,15,246.062500,2469.000
1785147851.675209045,15,247.718750,2457.250
1785147851.675209045,15,249.328125,2449.750
1785147851.675209045,15,251.000000,2442.000
1785147851.675209045,14,252.640625,2438.250
1785147851.675209045,15,254.281250,2433.250
1785147851.675209045,15,255.921875,2421.250
1785147851.675209045,10,257.593750,2403.250
1785147851.675209045,12,259.234375,2385.000
1785147851.675209045,14,260.859375,2373.000
1785147851.675209045,13,262.484375,2368.750
1785147851.675209045,10,264.125000,2369.500
1785147851.675209045,12,265.765625,2372.750
1785147851.675209045,11,267.375000,2372.750
1785147851.675209045,10,269.015625,2374.500
1785147851.675209045,9,270.671875,2387.500
1785147851.675209045,15,272.281250,2404.250
1785147851.675209045,15,273.921875,2417.000
1785147851.675209045,15,275.578125,2429.500
1785147851.675209045,15,277.218750,2443.500
1785147851.675209045,15,278.828125,2458.750
1785147851.675209045,15,280.468750,2479.000
1785147851.675209045,15,282.125000,2506.250
1785147851.675209045,14,283.750000,2531.750
1785147851.675209045,12,285.390625,2551.750
1785147851.675209045,15,287.015625,2585.750
1785147851.675209045,14,288.640625,2617.750
1785147851.675209045,14,290.281250,2639.250
1785147851.675209045,9,291.906250,2667.500
1785147851.675209045,15,293.531250,2707.750
1785147851.675209045,11,295.140625,2749.000
1785147851.675209045,10,296.796875,2787.250
1785147851.675209045,15,298.406250,2841.000
1785147851.675209045,12,300.109375,2883.500
1785147851.675209045,15,301.734375,2939.750
1785147851.675209045,11,303.359375,3008.750
1785147851.675209045,10,304.984375,3045.500
1785147851.675209045,10,308.281250,3181.250
1785147851.675209045,15,309.890625,3249.750
1785147851.675209045,6,311.531250,3342.500
1785147851.675209045,10,314.765625,3542.750
1785147851.675209045,15,316.406250,3638.750
1785147851.675209045,13,319.656250,3889.000
1785147851.675209045,9,322.937500,4140.000
1785147851.675209045,15,331.093750,5056.250
1785147851.675209045,15,347.375000,9442.000
1785147851.675209045,15,349.015625,9300.750
1785147851.786717892,15,353.968750,7389.750
1785147851.786717892,15,357.265625,7053.500
1785147851.786717892,15,0.531250,6742.250
1785147851.786717892,15,6.250000,1410.500
1785147851.786717892,15,7.875000,1418.000
1785147851.786717892,10,11.953125,8800.000
1785147851.786717892,15,24.468750,1220.250
1785147851.786717892,15,26.109375,1202.250
1785147851.786717892,15,46.296875,107.000
1785147851.786717892,15,51.203125,101.250
1785147851.786717892,12,162.578125,10273.250
1785147851.786717892,15,164.218750,10224.250
1785147851.786717892,8,177.343750,10258.250
1785147851.786717892,15,195.546875,5677.750
1785147851.786717892,15,208.703125,4027.750
1785147851.786717892,11,212.000000,3809.750
1785147851.786717892,9,218.609375,3357.250
1785147851.786717892,14,221.875000,3196.750
1785147851.786717892,15,225.203125,3049.250
1785147851.786717892,15,230.140625,2807.500
1785147851.786717892,15,231.781250,2754.750
1785147851.786717892,15,233.406250,2705.500
1785147851.786717892,15,235.046875,2667.500
1785147851.786717892,15,236.718750,2639.000
1785147851.786717892,11,238.343750,2603.500
1785147851.786717892,12,239.984375,2562.000
1785147851.786717892,14,241.625000,2539.500
1785147851.786717892,15,243.281250,2519.000
1785147851.786717892,13,244.906250,2488.000
1785147851.786717892,15,246.578125,2464.250
1785147851.786717892,15,248.203125,2456.750
1785147851.786717892,15,249.843750,2449.000
1785147851.786717892,15,251.531250,2442.000
1785147851.786717892,15,253.171875,2436.250
1785147851.786717892,15,254.796875,2427.000
1785147851.786717892,15,256.453125,2418.750
1785147851.786717892,15,258.078125,2406.750
1785147851.786717892,11,259.750000,2387.250
1785147851.786717892,10,261.359375,2374.250
1785147851.786717892,9,263.000000,2374.750
1785147851.786717892,15,264.625000,2380.750
1785147851.786717892,8,266.281250,2383.000
1785147851.786717892,9,267.906250,2378.250
1785147851.786717892,15,269.546875,2383.500
1785147851.786717892,15,271.156250,2396.750
1785147851.786717892,15,272.812500,2411.000
1785147851.786717892,15,274.453125,2426.750
1785147851.786717892,15,276.078125,2437.750
1785147851.786717892,14,277.703125,2449.000
1785147851.786717892,10,279.328125,2463.250
1785147851.786717892,15,280.968750,2490.500
1785147851.786717892,15,282.578125,2518.500
1785147851.786717892,10,284.234375,2535.750
1785147851.786717892,10,285.875000,2556.000
1785147851.786717892,15,287.500000,2586.250
1785147851.786717892,12,289.093750,2622.750
1785147851.786717892,9,290.765625,2650.750
1785147851.786717892,15,292.390625,2677.750
1785147851.786717892,12,293.984375,2718.750
1785147851.786717892,10,295.656250,2757.500
1785147851.786717892,15,297.281250,2801.500
1785147851.786717892,10,298.953125,2859.000
1785147851.786717892,10,300.593750,2902.500
1785147851.786717892,15,302.218750,2959.250
1785147851.786717892,10,303.859375,3020.250
1785147851.786717892,15,305.468750,3077.250
1785147851.786717892,10,307.109375,3149.750
1785147851.786717892,10,308.765625,3201.250
1785147851.786717892,15,312.000000,3380.750
1785147851.786717892,14,313.640625,3479.000
1785147851.786717892,15,315.281250,3574.000
1785147851.786717892,14,316.906250,3674.750
1785147851.786717892,12,320.156250,3930.500
1785147851.786717892,11,328.343750,4769.250
1785147851.786717892,12,331.609375,5124.750
1785147851.786717892,15,347.906250,9438.250
1785147851.786717892,15,349.578125,9287.500
1785147851.898070097,15,352.890625,7500.750
1785147851.898070097,15,357.828125,7043.250
1785147851.898070097,15,359.484375,6937.250
1785147851.898070097,15,1.125000,6809.500
1785147851.898070097,15,6.890625,1404.750
1785147851.898070097,15,25.000000,1214.000
1785147851.898070097,15,26.609375,1202.000
1785147851.898070097,15,46.703125,106.250
1785147851.898070097,15,163.109375,10318.250
1785147851.898070097,15,164.750000,10208.250
1785147851.898070097,8,176.234375,10220.750
1785147851.898070097,15,179.500000,10433.000
1785147851.898070097,15,209.203125,4004.500
1785147851.898070097,15,210.843750,3917.000
1785147851.898070097,15,212.515625,3808.250
1785147851.898070097,11,217.437500,3375.500
1785147851.898070097,15,219.078125,3356.750
1785147851.898070097,15,222.390625,3183.250
1785147851.898070097,15,225.687500,3033.000
1785147851.898070097,15,228.984375,2847.750
1785147851.898070097,15,230.625000,2797.750
1785147851.898070097,15,232.296875,2745.000
1785147851.898070097,15,233.937500,2695.000
1785147851.898070097,15,235.578125,2655.500
1785147851.898070097,15,237.218750,2625.250
1785147851.898070097,13,238.859375,2594.500
1785147851.898070097,14,240.515625,2559.750
1785147851.898070097,15,242.156250,2536.750
1785147851.898070097,15,243.765625,2515.250
1785147851.898070097,15,245.437500,2487.750
1785147851.898070097,15,247.062500,2466.000
1785147851.898070097,15,248.718750,2454.500
1785147851.898070097,15,250.375000,2445.500
1785147851.898070097,14,252.031250,2439.750
1785147851.898070097,15,253.671875,2435.750
1785147851.898070097,14,255.296875,2428.500
1785147851.898070097,14,256.953125,2424.500
1785147851.898070097,15,258.609375,2406.250
1785147851.898070097,15,260.234375,2388.500
1785147851.898070097,11,261.859375,2382.250
1785147851.898070097,15,263.546875,2377.500
1785147851.898070097,8,265.171875,2379.000
1785147851.898070097,15,266.812500,2382.750
1785147851.898070097,15,268.437500,2382.750
1785147851.898070097,15,270.062500,2385.000
1785147851.898070097,15,271.718750,2396.000
1785147851.898070097,15,273.343750,2412.000
1785147851.898070097,15,274.921875,2429.500
1785147851.898070097,14,276.531250,2441.000
1785147851.898070097,13,278.171875,2451.000
1785147851.898070097,15,279.828125,2467.250
1785147851.898070097,15,281.437500,2493.000
1785147851.898070097,12,283.078125,2522.000
1785147851.898070097,10,284.703125,2544.500
1785147851.898070097,15,286.312500,2567.500
1785147851.898070097,12,287.968750,2603.000
1785147851.898070097,12,289.593750,2634.250
1785147851.898070097,9,291.234375,2657.000
1785147851.898070097,15,292.875000,2691.250
1785147851.898070097,14,294.468750,2732.750
1785147851.898070097,9,296.109375,2777.000
1785147851.898070097,15,297.718750,2828.750
1785147851.898070097,10,299.453125,2872.750
1785147851.898070097,8,301.093750,2914.250
1785147851.898070097,15,302.703125,2977.500
1785147851.898070097,10,304.375000,3033.750
1785147851.898070097,15,305.984375,3083.250
1785147851.898070097,10,307.625000,3155.250
1785147851.898070097,15,309.234375,3226.250
1785147851.898070097,15,312.500000,3420.750
1785147851.898070097,14,314.140625,3512.250
1785147851.898070097,15,315.765625,3605.250
1785147851.898070097,10,317.375000,3704.250
1785147851.898070097,8,320.656250,3959.750
1785147851.898070097,8,325.625000,4401.500
1785147851.898070097,10,328.859375,4782.500
1785147851.898070097,15,348.468750,9348.750
1785147851.898070097,14,350.109375,9258.500
1785147852.012282848,15,353.453125,7417.000
1785147852.012282848,15,356.750000,7078.500
1785147852.012282848,15,1.671875,6907.750
1785147852.012282848,15,7.437500,1408.500
1785147852.012282848,14,18.812500,1404.250
1785147852.012282848,15,23.906250,1232.500
1785147852.012282848,15,25.593750,1207.750
1785147852.012282848,15,27.140625,1206.000
1785147852.012282848,15,46.031250,108.000
1785147852.012282848,15,48.000000,105.500
1785147852.012282848,15,163.687500,10215.750
1785147852.012282848,7,171.890625,10209.250
1785147852.012282848,9,173.546875,10173.250
1785147852.012282848,9,175.187500,10191.000
1785147852.012282848,9,178.453125,10242.250
1785147852.012282848,15,180.093750,10359.500
1785147852.012282848,11,196.609375,5561.500
1785147852.012282848,15,209.781250,3967.500
1785147852.012282848,9,211.406250,3866.000
1785147852.012282848,15,218.015625,3368.250
1785147852.012282848,15,219.656250,3300.750
1785147852.012282848,14,221.296875,3225.250
1785147852.012282848,9,222.953125,3145.000
1785147852.012282848,14,224.609375,3073.250
1785147852.012282848,15,226.234375,2997.250
1785147852.012282848,15,229.609375,2819.750
1785147852.012282848,15,231.234375,2768.500
1785147852.012282848,15,232.875000,2725.250
1785147852.012282848,15,234.515625,2678.500
1785147852.012282848,15,236.140625,2641.500
1785147852.012282848,15,237.796875,2616.000
1785147852.012282848,15,239.484375,2581.250
1785147852.012282848,15,241.109375,2549.000
1785147852.012282848,15,242.734375,2528.500
1785147852.012282848,15,244.390625,2500.250
1785147852.012282848,15,246.015625,2472.500
1785147852.012282848,15,247.656250,2458.500
1785147852.012282848,15,249.296875,2450.500
1785147852.012282848,15,250.968750,2443.250
1785147852.012282848,14,252.609375,2438.500
1785147852.012282848,15,254.265625,2434.750
1785147852.012282848,15,255.921875,2423.500
1785147852.012282848,15,257.531250,2409.250
1785147852.012282848,15,259.187500,2391.750
1785147852.012282848,11,260.796875,2375.750
1785147852.012282848,10,262.468750,2371.000
1785147852.012282848,15,264.093750,2380.500
1785147852.012282848,11,265.750000,2384.000
1785147852.012282848,15,267.390625,2384.500
1785147852.012282848,15,269.000000,2386.500
1785147852.012282848,15,270.671875,2389.750
1785147852.012282848,13,272.312500,2406.250
1785147852.012282848,15,273.937500,2420.250
1785147852.012282848,14,275.500000,2432.000
1785147852.012282848,15,277.156250,2446.750
1785147852.012282848,12,278.765625,2459.750
1785147852.012282848,15,280.406250,2478.000
1785147852.012282848,15,282.031250,2507.250
1785147852.012282848,15,283.640625,2533.000
1785147852.012282848,11,285.265625,2554.250
1785147852.012282848,15,286.906250,2587.000
1785147852.012282848,15,288.546875,2619.000
1785147852.012282848,13,290.171875,2640.750
1785147852.012282848,10,291.796875,2665.500
1785147852.012282848,15,293.421875,2703.750
1785147852.012282848,10,295.046875,2745.250
1785147852.012282848,9,296.687500,2782.250
1785147852.012282848,15,298.296875,2837.750
1785147852.012282848,10,300.015625,2885.500
1785147852.012282848,15,301.640625,2937.500
1785147852.012282848,11,303.296875,3003.250
1785147852.012282848,10,304.953125,3045.500
1785147852.012282848,12,308.187500,3182.250
1785147852.012282848,15,309.828125,3252.500
1785147852.012282848,5,311.453125,3345.250
1785147852.012282848,14,313.093750,3443.750
1785147852.012282848,9,314.718750,3540.000
1785147852.012282848,15,316.359375,3631.000
1785147852.012282848,9,322.906250,4142.250
1785147852.012282848,15,331.078125,5057.750
1785147852.012282848,15,347.375000,9495.250
1785147852.012282848,15,349.015625,9303.250
1785147852.123896122,15,353.984375,7390.750
1785147852.123896122,15,357.296875,7066.750
1785147852.123896122,15,0.578125,6743.750
1785147852.123896122,15,6.343750,1411.000
1785147852.123896122,15,7.921875,1418.750
1785147852.123896122,10,11.953125,8794.750
1785147852.123896122,15,24.484375,1220.250
1785147852.123896122,15,26.078125,1202.250
1785147852.123896122,15,46.843750,107.000
1785147852.123896122,15,50.796875,101.250
1785147852.123896122,15,162.640625,10224.750
1785147852.123896122,15,164.281250,10196.750
1785147852.123896122,7,175.765625,10108.250
1785147852.123896122,8,177.406250,10188.750
1785147852.123896122,15,195.500000,5680.250
1785147852.123896122,15,208.703125,4026.000
1785147852.123896122,11,211.984375,3808.000
1785147852.123896122,10,216.953125,3389.250
1785147852.123896122,15,218.593750,3355.250
1785147852.123896122,15,221.875000,3194.000
1785147852.123896122,15,225.187500,3045.750
1785147852.123896122,15,228.531250,2867.000
1785147852.123896122,15,230.171875,2806.750
1785147852.123896122,15,231.828125,2754.500
1785147852.123896122,15,233.468750,2704.750
1785147852.123896122,15,235.140625,2666.000
1785147852.123896122,15,236.781250,2638.500
1785147852.123896122,11,238.421875,2604.000
1785147852.123896122,14,240.093750,2561.750
1785147852.123896122,12,241.734375,2535.250
1785147852.123896122,15,243.359375,2511.250
1785147852.123896122,14,245.000000,2483.750
1785147852.123896122,15,246.640625,2464.000
1785147852.123896122,15,248.296875,2455.750
1785147852.123896122,15,249.953125,2447.250
1785147852.123896122,14,251.515625,2440.500
1785147852.123896122,15,253.171875,2435.000
1785147852.123896122,15,254.796875,2425.500
1785147852.123896122,15,256.437500,2415.750
1785147852.123896122,11,258.093750,2399.000
1785147852.123896122,14,259.734375,2380.250
1785147852.123896122,13,261.390625,2371.250
1785147852.123896122,9,263.015625,2373.250
1785147852.123896122,12,264.656250,2379.500
1785147852.123896122,10,266.312500,2381.000
1785147852.123896122,14,267.921875,2375.750
1785147852.123896122,15,269.578125,2381.500
1785147852.123896122,15,271.187500,2394.500
1785147852.123896122,15,272.828125,2408.500
1785147852.123896122,15,274.437500,2425.250
1785147852.123896122,15,276.078125,2437.250
1785147852.123896122,14,277.687500,2449.250
1785147852.123896122,11,279.312500,2462.250
1785147852.123896122,15,280.968750,2488.250
1785147852.123896122,15,282.562500,2517.250
1785147852.123896122,11,284.187500,2535.750
1785147852.123896122,12,285.828125,2556.250
1785147852.123896122,15,287.468750,2585.750
1785147852.123896122,14,289.093750,2622.000
1785147852.123896122,11,290.703125,2650.250
1785147852.123896122,11,292.343750,2676.750
1785147852.123896122,15,293.984375,2717.500
1785147852.123896122,12,295.593750,2756.750
1785147852.123896122,15,297.234375,2802.750
1785147852.123896122,10,298.984375,2860.000
1785147852.123896122,12,300.609375,2900.000
1785147852.123896122,15,302.250000,2957.500
1785147852.123896122,11,303.890625,3020.000
1785147852.123896122,15,305.515625,3075.500
1785147852.123896122,13,307.140625,3148.500
1785147852.123896122,10,308.796875,3200.250
1785147852.123896122,15,312.046875,3381.250
1785147852.123896122,15,313.687500,3479.750
1785147852.123896122,15,315.296875,3574.250
1785147852.123896122,12,316.953125,3673.250
1785147852.123896122,9,320.203125,3949.000
1785147852.123896122,14,321.843750,4071.500
1785147852.123896122,12,328.390625,4777.000
1785147852.123896122,8,331.671875,5128.000
1785147852.123896122,15,347.968750,9433.750
1785147852.123896122,15,349.609375,9285.250
1785147852.234785080,15,352.921875,7493.500
1785147852.234785080,15,357.859375,7040.500
1785147852.234785080,15,359.500000,6936.500
1785147852.234785080,15,1.156250,6802.500
1785147852.234785080,15,6.906250,1406.500
1785147852.234785080,15,25.031250,1212.750
1785147852.234785080,15,26.718750,1203.500
1785147852.234785080,15,47.546875,106.250
1785147852.234785080,15,163.265625,10340.250
1785147852.234785080,7,174.718750,10247.500
1785147852.234785080,8,176.359375,10177.750
1785147852.234785080,15,199.468750,5130.750
1785147852.234785080,15,209.390625,3979.250
1785147852.234785080,10,211.031250,3882.750
1785147852.234785080,11,217.640625,3378.750
1785147852.234785080,15,219.296875,3333.250
1785147852.234785080,15,222.593750,3156.000
1785147852.234785080,13,224.234375,3086.000
1785147852.234785080,15,225.890625,3014.750
1785147852.234785080,15,229.218750,2843.000
1785147852.234785080,15,230.843750,2786.000
1785147852.234785080,15,232.515625,2731.000
1785147852.234785080,15,234.125000,2688.250
1785147852.234785080,15,235.781250,2650.750
1785147852.234785080,15,237.421875,2619.750
1785147852.234785080,15,239.093750,2583.750
1785147852.234785080,13,240.703125,2552.500
1785147852.234785080,15,242.359375,2533.000
1785147852.234785080,15,244.031250,2507.500
1785147852.234785080,15,245.671875,2480.750
1785147852.234785080,15,247.265625,2461.500
1785147852.234785080,15,248.937500,2449.000
1785147852.234785080,13,250.578125,2439.750
1785147852.234785080,15,252.187500,2436.000
1785147852.234785080,15,253.843750,2430.750
1785147852.234785080,15,255.453125,2419.500
1785147852.234785080,15,257.093750,2411.750
1785147852.234785080,15,258.750000,2392.250
1785147852.234785080,12,260.406250,2370.250
1785147852.234785080,12,262.000000,2369.750
1785147852.234785080,13,263.656250,2377.250
1785147852.234785080,10,265.265625,2379.250
1785147852.234785080,10,266.937500,2378.750
1785147852.234785080,10,268.593750,2375.750
1785147852.234785080,15,270.203125,2382.250
1785147852.234785080,15,271.828125,2398.250
1785147852.234785080,15,273.453125,2411.750
1785147852.234785080,15,275.093750,2428.250
1785147852.234785080,15,276.703125,2442.250
1785147852.234785080,14,278.343750,2452.250
1785147852.234785080,10,279.968750,2470.250
1785147852.234785080,15,281.609375,2496.500
1785147852.234785080,13,283.234375,2523.750
1785147852.234785080,12,284.859375,2545.000
1785147852.234785080,10,286.500000,2567.750
1785147852.234785080,15,288.093750,2603.500
1785147852.234785080,13,289.750000,2634.500
1785147852.234785080,10,291.375000,2657.750
1785147852.234785080,15,293.000000,2700.250
1785147852.234785080,15,294.640625,2740.750
1785147852.234785080,9,296.265625,2772.500
1785147852.234785080,15,297.859375,2824.500
1785147852.234785080,11,299.640625,2874.500
1785147852.234785080,9,301.250000,2924.500
1785147852.234785080,15,302.906250,2984.750
1785147852.234785080,12,304.546875,3032.000
1785147852.234785080,15,306.187500,3093.500
1785147852.234785080,11,307.812500,3165.500
1785147852.234785080,15,309.453125,3237.500
1785147852.234785080,6,311.046875,3324.750
1785147852.234785080,7,314.328125,3528.250
1785147852.234785080,15,315.953125,3618.250
1785147852.234785080,7,317.609375,3725.500
1785147852.234785080,11,322.484375,4108.250
1785147852.234785080,8,325.750000,4417.750
1785147852.234785080,15,329.015625,4806.000
1785147852.234785080,15,348.562500,9328.000
1785147852.350103140,15,353.531250,7415.750
1785147852.350103140,15,356.843750,7074.750
1785147852.350103140,15,0.109375,6813.500
1785147852.350103140,15,1.765625,6855.000
1785147852.350103140,15,7.500000,1408.500
1785147852.350103140,15,19.015625,1398.000
1785147852.350103140,15,24.078125,1228.500
1785147852.350103140,15,25.671875,1205.500
1785147852.350103140,15,45.562500,107.750
1785147852.350103140,15,163.859375,10177.500
1785147852.350103140,9,173.687500,10212.000
1785147852.350103140,10,175.328125,10138.500
1785147852.350103140,15,180.218750,10265.500
1785147852.350103140,10,193.421875,6107.500
1785147852.350103140,15,196.734375,5536.750
1785147852.350103140,15,208.296875,4074.500
1785147852.350103140,9,211.593750,3827.500
1785147852.350103140,15,213.234375,3739.250
1785147852.350103140,15,218.187500,3375.750
1785147852.350103140,13,221.484375,3206.500
1785147852.350103140,15,224.781250,3058.750
1785147852.350103140,15,226.437500,2988.500
1785147852.350103140,15,229.718750,2817.250
1785147852.350103140,15,231.343750,2769.500
1785147852.350103140,15,233.000000,2725.000
1785147852.350103140,15,234.640625,2679.750
1785147852.350103140,15,236.265625,2641.750
1785147852.350103140,15,237.937500,2611.750
1785147852.350103140,15,239.578125,2576.750
1785147852.350103140,12,241.187500,2545.250
1785147852.350103140,15,242.828125,2522.500
1785147852.350103140,13,244.515625,2494.000
1785147852.350103140,15,246.125000,2470.000
1785147852.350103140,15,247.750000,2457.750
1785147852.350103140,15,249.421875,2450.250
1785147852.350103140,15,251.062500,2443.000
1785147852.350103140,14,252.687500,2436.000
1785147852.350103140,13,254.312500,2430.750
1785147852.350103140,15,255.953125,2420.000
1785147852.350103140,15,257.593750,2402.750
1785147852.350103140,13,259.250000,2387.250
1785147852.350103140,12,260.906250,2375.250
1785147852.350103140,12,262.515625,2370.500
1785147852.350103140,11,264.171875,2371.250
1785147852.350103140,12,265.796875,2374.250
1785147852.350103140,12,267.406250,2382.250
1785147852.350103140,12,269.078125,2383.750
1785147852.350103140,15,270.687500,2388.000
1785147852.350103140,15,272.312500,2403.000
1785147852.350103140,15,273.968750,2418.000
1785147852.350103140,15,275.593750,2431.500
1785147852.350103140,14,277.218750,2443.750
1785147852.350103140,15,278.843750,2459.250
1785147852.350103140,13,280.500000,2479.250
1785147852.350103140,15,282.109375,2506.000
1785147852.350103140,12,283.750000,2532.250
1785147852.350103140,10,285.406250,2553.250
1785147852.350103140,15,287.015625,2586.750
1785147852.350103140,13,288.656250,2619.250
1785147852.350103140,12,290.281250,2640.500
1785147852.350103140,9,291.906250,2667.500
1785147852.350103140,15,293.546875,2708.000
1785147852.350103140,10,295.156250,2749.250
1785147852.350103140,8,296.796875,2788.000
1785147852.350103140,15,298.531250,2840.750
1785147852.350103140,11,300.171875,2887.750
1785147852.350103140,15,301.796875,2945.250
1785147852.350103140,13,303.437500,3009.500
1785147852.350103140,12,305.046875,3047.750
1785147852.350103140,10,308.343750,3182.500
1785147852.350103140,13,311.593750,3361.750
1785147852.350103140,14,313.234375,3453.500
1785147852.350103140,10,314.843750,3544.000
1785147852.350103140,15,316.500000,3637.000
1785147852.350103140,15,319.750000,3887.750
1785147852.350103140,13,323.015625,4145.500
1785147852.350103140,15,331.171875,5059.250
1785147852.350103140,15,347.468750,9402.750
1785147852.350103140,15,349.109375,9294.750
1785147852.461498976,15,354.078125,7364.500
1785147852.461498976,15,357.375000,7062.750
1785147852.461498976,15,0.671875,6740.750
1785147852.461498976,15,6.359375,1409.500
1785147852.461498976,15,8.062500,1419.500
1785147852.461498976,9,12.093750,8792.750
1785147852.461498976,15,24.640625,1218.000
1785147852.461498976,15,26.296875,1202.000
1785147852.461498976,15,47.234375,106.750
1785147852.461498976,14,51.890625,101.000
1785147852.461498976,15,164.437500,10227.000
1785147852.461498976,9,175.921875,10200.750
1785147852.461498976,8,177.562500,10233.750
1785147852.461498976,15,179.218750,10383.250
1785147852.461498976,8,195.750000,5685.250
1785147852.461498976,15,208.937500,4015.000
1785147852.461498976,15,212.234375,3806.000
1785147852.461498976,15,218.828125,3343.750
1785147852.461498976,15,222.109375,3181.000
1785147852.461498976,15,225.406250,3033.250
1785147852.461498976,15,228.687500,2860.250
1785147852.461498976,15,230.328125,2804.250
1785147852.461498976,15,231.953125,2750.750
1785147852.461498976,15,233.609375,2702.250
1785147852.461498976,15,235.265625,2659.750
1785147852.461498976,15,236.906250,2630.750
1785147852.461498976,11,238.546875,2602.000
1785147852.461498976,14,240.187500,2562.250
1785147852.461498976,12,241.843750,2535.000
1785147852.461498976,15,243.468750,2511.750
1785147852.461498976,15,245.093750,2484.250
1785147852.461498976,14,246.734375,2464.000
1785147852.461498976,15,248.359375,2453.500
1785147852.461498976,15,250.000000,2445.250
1785147852.461498976,15,251.687500,2438.750
1785147852.461498976,15,253.328125,2431.250
1785147852.461498976,13,254.984375,2425.250
1785147852.461498976,15,256.625000,2413.250
1785147852.461498976,15,258.265625,2395.500
1785147852.461498976,10,259.890625,2380.750
1785147852.461498976,10,261.500000,2372.500
1785147852.461498976,12,263.156250,2369.750
1785147852.461498976,8,264.812500,2370.750
1785147852.461498976,11,266.453125,2371.500
1785147852.461498976,11,268.078125,2371.250
1785147852.461498976,12,269.718750,2378.000
1785147852.461498976,15,271.328125,2392.500
1785147852.461498976,15,272.968750,2407.000
1785147852.461498976,15,274.593750,2422.000
1785147852.461498976,15,276.234375,2438.000
1785147852.461498976,15,277.890625,2451.250
1785147852.461498976,14,279.515625,2465.000
1785147852.461498976,15,281.140625,2490.750
1785147852.461498976,15,282.781250,2520.750
1785147852.461498976,11,284.390625,2540.250
1785147852.461498976,12,286.031250,2560.000
1785147852.461498976,15,287.656250,2589.000
1785147852.461498976,12,289.312500,2622.250
1785147852.461498976,12,290.921875,2650.000
1785147852.461498976,15,292.546875,2680.750
1785147852.461498976,13,294.187500,2722.750
1785147852.461498976,10,295.812500,2760.000
1785147852.461498976,15,297.453125,2804.750
1785147852.461498976,13,299.156250,2859.500
1785147852.461498976,10,300.781250,2902.000
1785147852.461498976,15,302.390625,2959.750
1785147852.461498976,10,304.031250,3019.500
1785147852.461498976,9,305.656250,3068.500
1785147852.461498976,15,307.281250,3141.750
1785147852.461498976,10,308.921875,3206.000
1785147852.461498976,15,312.187500,3385.250
1785147852.461498976,15,313.828125,3482.750
1785147852.461498976,15,315.468750,3572.250
1785147852.461498976,14,317.062500,3670.000
1785147852.461498976,10,320.343750,3938.500
1785147852.461498976,10,328.500000,4773.000
1785147852.461498976,15,348.093750,9379.000
1785147852.461498976,15,349.734375,9271.500
1785147852.572256088,15,353.062500,7427.000
1785147852.572256088,15,358.000000,7044.500
1785147852.572256088,14,359.640625,6913.750
1785147852.572256088,15,1.296875,6799.000
1785147852.572256088,15,7.031250,1404.500
1785147852.572256088,15,23.500000,1239.000
1785147852.572256088,15,25.171875,1211.000
1785147852.572256088,15,26.875000,1203.750
1785147852.572256088,15,46.312500,109.000
1785147852.572256088,15,47.656250,106.250
1785147852.572256088,15,163.359375,10248.750
1785147852.572256088,11,176.484375,10188.750
1785147852.572256088,14,199.687500,5113.750
1785147852.572256088,15,209.500000,3976.000
1785147852.572256088,9,211.140625,3879.250
1785147852.572256088,15,217.765625,3377.500
1785147852.572256088,15,219.421875,3329.500
1785147852.572256088,11,222.703125,3151.750
1785147852.572256088,12,224.359375,3079.500
1785147852.572256088,15,226.015625,3009.500
1785147852.572256088,15,229.312500,2836.250
1785147852.572256088,15,230.953125,2780.500
1785147852.572256088,15,232.578125,2731.500
1785147852.572256088,15,234.250000,2689.500
1785147852.572256088,15,235.890625,2651.500
1785147852.572256088,15,237.531250,2619.750
1785147852.572256088,14,239.171875,2586.500
1785147852.572256088,14,240.828125,2553.500
1785147852.572256088,15,242.453125,2529.500
1785147852.572256088,11,244.093750,2504.250
1785147852.572256088,15,245.734375,2477.000
1785147852.572256088,15,247.359375,2458.750
1785147852.572256088,15,249.031250,2448.500
1785147852.572256088,15,250.687500,2439.000
1785147852.572256088,15,252.281250,2435.250
1785147852.572256088,15,253.937500,2430.500
1785147852.572256088,15,255.593750,2419.250
1785147852.572256088,15,257.218750,2410.250
1785147852.572256088,12,258.890625,2391.750
1785147852.572256088,12,260.484375,2373.000
1785147852.572256088,12,262.171875,2369.250
1785147852.572256088,10,263.781250,2372.750
1785147852.572256088,6,265.437500,2376.500
1785147852.572256088,9,267.046875,2378.500
1785147852.572256088,12,268.671875,2375.500
1785147852.572256088,15,270.343750,2381.000
1785147852.572256088,15,271.953125,2401.000
1785147852.572256088,15,273.593750,2417.000
1785147852.572256088,15,275.203125,2432.000
1785147852.572256088,15,276.812500,2445.250
1785147852.572256088,12,278.453125,2452.000
1785147852.572256088,15,280.093750,2472.000
1785147852.572256088,14,281.703125,2502.500
1785147852.572256088,12,283.359375,2526.750
1785147852.572256088,14,284.968750,2546.750
1785147852.572256088,10,286.609375,2573.250
1785147852.572256088,15,288.234375,2605.500
1785147852.572256088,12,289.875000,2633.500
1785147852.572256088,10,291.484375,2657.000
1785147852.572256088,15,293.125000,2697.500
1785147852.572256088,13,294.734375,2740.000
1785147852.572256088,8,296.375000,2776.000
1785147852.572256088,15,297.984375,2828.000
1785147852.572256088,9,299.703125,2875.000
1785147852.572256088,8,301.343750,2922.750
1785147852.572256088,15,303.000000,2985.000
1785147852.572256088,15,304.625000,3032.000
1785147852.572256088,15,306.250000,3095.250
1785147852.572256088,12,307.875000,3169.750
1785147852.572256088,15,309.515625,3237.000
1785147852.572256088,5,311.125000,3323.250
1785147852.572256088,8,314.390625,3528.000
1785147852.572256088,15,316.031250,3617.750
1785147852.572256088,7,317.656250,3727.250
1785147852.572256088,10,322.593750,4111.000
1785147852.572256088,15,348.734375,9327.750
1785147852.687247753,15,353.703125,7435.500
1785147852.687247753,15,357.000000,7060.000
1785147852.687247753,15,0.281250,6773.000
1785147852.687247753,15,1.937500,6851.000
1785147852.687247753,15,7.687500,1410.250
1785147852.687247753,15,24.234375,1224.750
1785147852.687247753,15,25.796875,1203.500
1785147852.687247753,15,46.937500,107.500
1785147852.687247753,7,177.140625,10278.750
1785147852.687247753,15,178.781250,10382.750
1785147852.687247753,11,196.968750,5545.750
1785147852.687247753,13,201.921875,4805.500
1785147852.687247753,15,208.484375,4046.000
1785147852.687247753,11,211.781250,3822.750
1785147852.687247753,15,213.421875,3737.750
1785147852.687247753,10,218.375000,3371.250
1785147852.687247753,15,221.656250,3201.000
1785147852.687247753,14,224.984375,3054.000
1785147852.687247753,15,229.953125,2814.000
1785147852.687247753,15,231.578125,2763.250
1785147852.687247753,15,233.218750,2710.750
1785147852.687247753,15,234.890625,2671.250
1785147852.687247753,15,236.531250,2638.500
1785147852.687247753,11,238.171875,2605.250
1785147852.687247753,13,239.828125,2570.000
1785147852.687247753,13,241.453125,2541.250
1785147852.687247753,15,243.078125,2519.000
1785147852.687247753,12,244.734375,2490.750
1785147852.687247753,14,246.406250,2464.750
1785147852.687247753,15,248.031250,2454.000
1785147852.687247753,15,249.671875,2447.750
1785147852.687247753,15,251.312500,2438.750
1785147852.687247753,14,252.968750,2435.000
1785147852.687247753,15,254.625000,2429.000
1785147852.687247753,15,256.234375,2416.000
1785147852.687247753,9,257.890625,2399.750
1785147852.687247753,11,259.531250,2382.500
1785147852.687247753,11,261.203125,2371.250
1785147852.687247753,11,262.828125,2370.750
1785147852.687247753,12,264.468750,2374.250
1785147852.687247753,10,266.109375,2378.500
1785147852.687247753,10,267.750000,2379.250
1785147852.687247753,14,269.375000,2376.500
1785147852.687247753,15,271.000000,2388.750
1785147852.687247753,15,272.640625,2407.250
1785147852.687247753,15,274.312500,2423.000
1785147852.687247753,15,275.875000,2435.750
1785147852.687247753,15,277.500000,2447.500
1785147852.687247753,15,279.125000,2461.250
1785147852.687247753,15,280.750000,2484.000
1785147852.687247753,15,282.390625,2515.250
1785147852.687247753,13,284.015625,2534.750
1785147852.687247753,13,285.656250,2557.000
1785147852.687247753,15,287.296875,2589.750
1785147852.687247753,15,288.921875,2620.000
1785147852.687247753,13,290.531250,2643.750
1785147852.687247753,11,292.140625,2671.750
1785147852.687247753,15,293.765625,2711.500
1785147852.687247753,13,295.406250,2746.500
1785147852.687247753,10,297.062500,2791.750
1785147852.687247753,15,298.734375,2850.250
1785147852.687247753,11,300.375000,2894.250
1785147852.687247753,15,301.984375,2947.500
1785147852.687247753,10,303.656250,3009.000
1785147852.687247753,9,305.265625,3051.750
1785147852.687247753,15,306.875000,3117.500
1785147852.687247753,10,308.531250,3186.000
1785147852.687247753,15,311.765625,3371.250
1785147852.687247753,13,313.406250,3464.250
1785147852.687247753,7,315.015625,3553.250
1785147852.687247753,15,316.687500,3650.000
1785147852.687247753,15,319.906250,3917.750
1785147852.687247753,12,328.140625,4740.000
1785147852.687247753,14,331.390625,5089.250
1785147852.687247753,15,347.718750,9420.000
1785147852.687247753,15,349.359375,9274.750
1785147852.798259974,15,357.625000,7048.500
1785147852.798259974,15,0.921875,6779.250
1785147852.798259974,15,6.687500,1407.500
1785147852.798259974,13,8.281250,1421.750
1785147852.798259974,14,12.281250,8809.750
1785147852.798259974,15,24.750000,1216.500
1785147852.798259974,15,26.390625,1202.250
1785147852.798259974,15,47.343750,106.500
1785147852.798259974,15,163.000000,10315.000
1785147852.798259974,15,164.656250,10210.500
1785147852.798259974,9,172.843750,10155.500
1785147852.798259974,8,174.484375,10170.000
1785147852.798259974,10,176.125000,10192.000
1785147852.798259974,9,195.890625,5650.750
1785147852.798259974,15,209.078125,4010.000
1785147852.798259974,15,212.343750,3787.750
1785147852.798259974,15,218.968750,3341.250
1785147852.798259974,15,222.265625,3172.750
1785147852.798259974,12,223.906250,3097.000
1785147852.798259974,15,225.546875,3030.250
1785147852.798259974,15,228.890625,2849.500
1785147852.798259974,15,230.546875,2797.000
1785147852.798259974,15,232.187500,2744.000
1785147852.798259974,15,233.828125,2697.000
1785147852.798259974,15,235.468750,2658.250
1785147852.798259974,15,237.109375,2625.500
1785147852.798259974,14,238.796875,2592.500
1785147852.798259974,13,240.421875,2558.750
1785147852.798259974,15,242.078125,2536.500
1785147852.798259974,15,243.703125,2515.000
1785147852.798259974,14,245.359375,2487.500
1785147852.798259974,15,247.000000,2465.500
1785147852.798259974,15,248.625000,2453.750
1785147852.798259974,15,250.281250,2445.250
1785147852.798259974,15,251.937500,2439.500
1785147852.798259974,14,253.562500,2431.500
1785147852.798259974,15,255.234375,2423.250
1785147852.798259974,15,256.859375,2411.000
1785147852.798259974,13,258.515625,2393.250
1785147852.798259974,12,260.156250,2376.500
1785147852.798259974,9,261.812500,2368.500
1785147852.798259974,15,263.437500,2371.000
1785147852.798259974,12,265.093750,2375.250
1785147852.798259974,14,266.703125,2376.000
1785147852.798259974,13,268.359375,2372.750
1785147852.798259974,15,270.000000,2381.500
1785147852.798259974,15,271.625000,2395.500
1785147852.798259974,15,273.281250,2411.500
1785147852.798259974,15,274.812500,2426.250
1785147852.798259974,15,276.453125,2437.500
1785147852.798259974,15,278.093750,2450.000
1785147852.798259974,14,279.718750,2466.250
1785147852.798259974,15,281.359375,2492.500
1785147852.798259974,15,282.968750,2522.250
1785147852.798259974,13,284.593750,2542.250
1785147852.798259974,13,286.250000,2559.000
1785147852.798259974,15,287.859375,2593.250
1785147852.798259974,14,289.484375,2628.250
1785147852.798259974,11,291.125000,2653.000
1785147852.798259974,15,292.765625,2686.500
1785147852.798259974,15,294.359375,2730.000
1785147852.798259974,12,295.984375,2774.750
1785147852.798259974,15,297.640625,2825.750
1785147852.798259974,11,299.359375,2869.500
1785147852.798259974,9,300.984375,2910.250
1785147852.798259974,15,302.640625,2975.750
1785147852.798259974,13,304.265625,3033.000
1785147852.798259974,15,305.875000,3083.750
1785147852.798259974,13,307.546875,3155.000
1785147852.798259974,15,309.156250,3216.250
1785147852.798259974,15,314.062500,3512.500
1785147852.798259974,15,315.671875,3598.750
1785147852.798259974,14,317.312500,3701.750
1785147852.798259974,10,320.578125,3959.000
1785147852.798259974,15,328.750000,4781.750
1785147852.798259974,15,348.296875,9351.250
1785147852.798259974,15,349.921875,9244.000
1785147852.910031080,15,353.250000,7425.000
1785147852.910031080,15,356.531250,7054.500
1785147852.910031080,13,359.828125,6815.750
1785147852.910031080,15,1.453125,6821.500
1785147852.910031080,15,7.187500,1406.500
1785147852.910031080,15,23.718750,1236.250
1785147852.910031080,15,25.328125,1211.000
1785147852.910031080,15,27.015625,1207.000
1785147852.910031080,15,45.687500,108.250
1785147852.910031080,15,48.390625,105.750
1785147852.910031080,15,163.562500,10261.750
1785147852.910031080,15,179.937500,10365.250
1785147852.910031080,12,199.750000,5113.000
1785147852.910031080,12,209.671875,3967.250
1785147852.910031080,15,211.296875,3867.250
1785147852.910031080,15,217.890625,3362.250
1785147852.910031080,15,219.546875,3303.500
1785147852.910031080,12,221.203125,3234.500
1785147852.910031080,9,222.843750,3149.250
1785147852.910031080,15,224.515625,3075.750
1785147852.910031080,14,226.140625,2995.000
1785147852.910031080,15,229.468750,2825.000
1785147852.910031080,15,231.093750,2772.500
1785147852.910031080,15,232.750000,2724.500
1785147852.910031080,15,234.375000,2684.000
1785147852.910031080,15,236.046875,2649.250
1785147852.910031080,15,237.703125,2620.000
1785147852.910031080,14,239.343750,2585.250
1785147852.910031080,15,240.984375,2551.250
1785147852.910031080,15,242.625000,2526.750
1785147852.910031080,13,244.281250,2498.500
1785147852.910031080,15,245.890625,2473.000
1785147852.910031080,15,247.562500,2455.000
1785147852.910031080,15,249.187500,2447.000
1785147852.910031080,15,250.828125,2444.250
1785147852.910031080,15,252.453125,2438.000
1785147852.910031080,15,254.109375,2433.000
1785147852.910031080,15,255.734375,2421.500
1785147852.910031080,15,257.390625,2407.750
1785147852.910031080,12,259.031250,2391.250
1785147852.910031080,10,260.671875,2373.500
1785147852.910031080,11,262.281250,2367.500
1785147852.910031080,15,263.937500,2371.750
1785147852.910031080,8,265.578125,2375.250
1785147852.910031080,11,267.203125,2375.000
1785147852.910031080,15,268.843750,2374.000
1785147852.910031080,9,270.500000,2379.250
1785147852.910031080,15,272.109375,2398.000
1785147852.910031080,15,273.734375,2417.250
1785147852.910031080,15,275.343750,2432.000
1785147852.910031080,15,276.953125,2445.000
1785147852.910031080,13,278.625000,2455.500
1785147852.910031080,15,280.250000,2477.750
1785147852.910031080,15,281.859375,2505.500
1785147852.910031080,14,283.500000,2527.000
1785147852.910031080,13,285.109375,2548.750
1785147852.910031080,10,286.750000,2574.500
1785147852.910031080,15,288.375000,2607.500
1785147852.910031080,15,290.000000,2637.750
1785147852.910031080,11,291.625000,2661.250
1785147852.910031080,15,293.265625,2695.500
1785147852.910031080,15,294.875000,2735.500
1785147852.910031080,11,296.515625,2776.000
1785147852.910031080,15,298.156250,2834.250
1785147852.910031080,10,299.906250,2880.000
1785147852.910031080,15,301.578125,2932.500
1785147852.910031080,12,303.203125,3003.250
1785147852.910031080,12,304.828125,3046.250
1785147852.910031080,15,306.437500,3106.750
1785147852.910031080,11,308.093750,3177.500
1785147852.910031080,15,309.734375,3243.750
1785147852.910031080,4,311.359375,3336.250
1785147852.910031080,10,314.640625,3540.500
1785147852.910031080,15,316.250000,3630.500
1785147852.910031080,13,319.531250,3868.500
1785147852.910031080,10,322.796875,4130.500
1785147852.910031080,13,329.312500,4831.250
1785147852.910031080,15,348.875000,9315.250
1785147853.024688959,15,353.843750,7391.000
1785147853.024688959,15,357.125000,7048.500
1785147853.024688959,15,0.421875,6777.000
1785147853.024688959,15,6.171875,1416.250
1785147853.024688959,15,7.750000,1413.500
1785147853.024688959,15,24.281250,1224.500
1785147853.024688959,15,25.921875,1203.250
1785147853.024688959,15,46.421875,107.250
1785147853.024688959,15,164.156250,10229.750
1785147853.024688959,7,169.062500,10206.000
1785147853.024688959,7,172.343750,10111.250
1785147853.024688959,15,198.734375,5222.750
1785147853.024688959,15,208.656250,4022.500
1785147853.024688959,11,211.953125,3808.750
1785147853.024688959,15,218.578125,3355.500
1785147853.024688959,15,221.890625,3192.750
1785147853.024688959,15,225.171875,3045.000
1785147853.024688959,15,230.125000,2806.750
1785147853.024688959,15,231.750000,2755.000
1785147853.024688959,15,233.406250,2704.500
1785147853.024688959,15,235.078125,2665.000
1785147853.024688959,15,236.703125,2636.750
1785147853.024688959,12,238.343750,2603.250
1785147853.024688959,13,240.000000,2562.000
1785147853.024688959,13,241.625000,2538.750
1785147853.024688959,15,243.296875,2518.000
1785147853.024688959,15,244.937500,2487.250
1785147853.024688959,15,246.578125,2464.000
1785147853.024688959,15,248.218750,2454.500
1785147853.024688959,15,249.875000,2446.250
1785147853.024688959,15,251.468750,2440.250
1785147853.024688959,15,253.109375,2434.500
1785147853.024688959,13,254.781250,2425.000
1785147853.024688959,15,256.390625,2414.750
1785147853.024688959,15,258.062500,2402.750
1785147853.024688959,14,259.671875,2385.000
1785147853.024688959,13,261.312500,2370.250
1785147853.024688959,10,262.953125,2371.750
1785147853.024688959,12,264.625000,2379.000
1785147853.024688959,9,266.218750,2379.000
1785147853.024688959,13,267.859375,2374.250
1785147853.024688959,12,269.515625,2379.000
1785147853.024688959,15,271.125000,2391.500
1785147853.024688959,15,272.781250,2407.000
1785147853.024688959,15,274.406250,2424.250
1785147853.024688959,15,276.046875,2436.500
1785147853.024688959,15,277.671875,2447.750
1785147853.024688959,12,279.296875,2463.500
1785147853.024688959,15,280.921875,2487.000
1785147853.024688959,14,282.546875,2513.750
1785147853.024688959,12,284.203125,2535.500
1785147853.024688959,12,285.812500,2556.250
1785147853.024688959,15,287.453125,2585.500
1785147853.024688959,15,289.093750,2620.750
1785147853.024688959,11,290.703125,2649.250
1785147853.024688959,12,292.328125,2675.750
1785147853.024688959,15,293.968750,2716.250
1785147853.024688959,12,295.593750,2755.750
1785147853.024688959,15,297.234375,2802.000
1785147853.024688959,10,298.984375,2860.000
1785147853.024688959,12,300.640625,2900.250
1785147853.024688959,15,302.250000,2958.000
1785147853.024688959,11,303.890625,3021.500
1785147853.024688959,15,305.546875,3076.250
1785147853.024688959,13,307.140625,3148.750
1785147853.024688959,9,308.812500,3200.250
1785147853.024688959,15,312.046875,3382.750
1785147853.024688959,15,313.687500,3479.500
1785147853.024688959,15,315.328125,3570.750
1785147853.024688959,13,316.968750,3669.500
1785147853.024688959,11,320.234375,3927.750
1785147853.024688959,13,331.671875,5126.500
1785147853.024688959,14,347.953125,9431.750
1785147853.024688959,15,349.609375,9284.250
1785147853.135620117,15,352.921875,7485.250
1785147853.135620117,15,357.859375,7039.750
1785147853.135620117,15,359.515625,6937.500
1785147853.135620117,15,1.156250,6799.250
1785147853.135620117,15,6.937500,1405.000
1785147853.135620117,15,23.406250,1239.500
1785147853.135620117,15,25.062500,1211.000
1785147853.135620117,15,26.718750,1203.750
1785147853.135620117,15,47.750000,106.250
1785147853.135620117,15,163.218750,10331.750
1785147853.135620117,9,164.859375,10218.250
1785147853.135620117,9,174.687500,10153.000
1785147853.135620117,15,199.484375,5138.250
1785147853.135620117,15,209.375000,3979.000
1785147853.135620117,12,211.031250,3884.000
1785147853.135620117,13,217.656250,3378.000
1785147853.135620117,15,219.281250,3331.000
1785147853.135620117,15,222.593750,3155.250
1785147853.135620117,13,224.234375,3085.750
1785147853.135620117,15,225.890625,3015.000
1785147853.135620117,15,229.156250,2843.500
1785147853.135620117,15,230.812500,2791.500
1785147853.135620117,15,232.453125,2739.000
1785147853.135620117,15,234.125000,2691.250
1785147853.135620117,15,235.734375,2651.250
1785147853.135620117,15,237.375000,2619.500
1785147853.135620117,15,239.062500,2583.000
1785147853.135620117,13,240.671875,2551.500
1785147853.135620117,13,242.343750,2532.500
1785147853.135620117,15,243.968750,2507.250
1785147853.135620117,15,245.640625,2480.500
1785147853.135620117,15,247.250000,2461.500
1785147853.135620117,15,248.890625,2450.000
1785147853.135620117,13,250.515625,2440.000
1785147853.135620117,15,252.187500,2435.500
1785147853.135620117,15,253.843750,2430.750
1785147853.135620117,15,255.453125,2419.750
1785147853.135620117,15,257.109375,2411.750
1785147853.135620117,15,258.734375,2392.000
1785147853.135620117,12,260.406250,2369.750
1785147853.135620117,12,262.046875,2368.750
1785147853.135620117,12,263.640625,2376.000
1785147853.135620117,8,265.296875,2378.250
1785147853.135620117,8,266.921875,2378.000
1785147853.135620117,10,268.578125,2374.500
1785147853.135620117,11,270.234375,2380.000
1785147853.135620117,15,271.859375,2397.250
1785147853.135620117,15,273.484375,2411.750
1785147853.135620117,15,275.093750,2428.000
1785147853.135620117,15,276.765625,2442.250
1785147853.135620117,12,278.390625,2452.000
1785147853.135620117,10,280.031250,2469.500
1785147853.135620117,15,281.671875,2498.750
1785147853.135620117,15,283.296875,2526.000
1785147853.135620117,15,284.906250,2546.500
1785147853.135620117,15,286.562500,2573.000
1785147853.135620117,15,288.171875,2605.250
1785147853.135620117,13,289.812500,2632.750
1785147853.135620117,10,291.421875,2656.500
1785147853.135620117,15,293.078125,2696.500
1785147853.135620117,15,294.703125,2737.500
1785147853.135620117,8,296.343750,2772.250
1785147853.135620117,15,297.968750,2823.750
1785147853.135620117,11,299.656250,2872.750
1785147853.135620117,9,301.296875,2921.000
1785147853.135620117,15,302.921875,2983.000
1785147853.135620117,13,304.593750,3032.250
1785147853.135620117,15,306.203125,3095.750
1785147853.135620117,10,307.828125,3169.500
1785147853.135620117,15,309.468750,3233.750
1785147853.135620117,6,311.109375,3319.750
1785147853.135620117,9,314.375000,3526.000
1785147853.135620117,15,316.015625,3617.250
1785147853.135620117,7,317.625000,3726.500
1785147853.135620117,10,322.546875,4113.000
1785147853.135620117,15,329.062500,4808.250
1785147853.135620117,15,348.656250,9323.500
1785147853.247916937,15,353.625000,7421.750
1785147853.247916937,15,356.921875,7055.750
1785147853.247916937,15,0.203125,6768.000
1785147853.247916937,15,1.859375,6834.750
1785147853.247916937,15,7.609375,1410.250
1785147853.247916937,15,24.234375,1224.750
1785147853.247916937,15,25.875000,1203.500
1785147853.247916937,15,46.625000,107.750
1785147853.247916937,15,163.953125,10313.250
1785147853.247916937,8,173.781250,10237.750
1785147853.247916937,15,178.750000,10344.250
1785147853.247916937,14,201.890625,4807.000
1785147853.247916937,15,208.468750,4042.750
1785147853.247916937,14,211.750000,3822.250
1785147853.247916937,15,213.421875,3736.000
1785147853.247916937,15,218.359375,3370.750
1785147853.247916937,13,221.656250,3201.250
1785147853.247916937,14,224.984375,3054.500
1785147853.247916937,15,226.609375,2984.250
1785147853.247916937,15,229.906250,2814.750
1785147853.247916937,15,231.562500,2766.500
1785147853.247916937,15,233.187500,2713.000
1785147853.247916937,15,234.843750,2671.750
1785147853.247916937,15,236.468750,2639.000
1785147853.247916937,15,238.125000,2605.750
1785147853.247916937,12,239.765625,2571.250
1785147853.247916937,14,241.390625,2542.500
1785147853.247916937,15,243.062500,2519.250
1785147853.247916937,13,244.718750,2490.500
1785147853.247916937,15,246.328125,2464.750
1785147853.247916937,15,247.953125,2451.000
1785147853.247916937,15,249.625000,2445.000
1785147853.247916937,15,251.250000,2439.250
1785147853.247916937,15,252.906250,2435.000
1785147853.247916937,15,254.546875,2429.000
1785147853.247916937,15,256.187500,2416.250
1785147853.247916937,15,257.796875,2400.000
1785147853.247916937,10,259.484375,2382.250
1785147853.247916937,10,261.125000,2369.750
1785147853.247916937,11,262.734375,2368.250
1785147853.247916937,11,264.390625,2372.500
1785147853.247916937,11,266.031250,2375.500
1785147853.247916937,10,267.625000,2377.000
1785147853.247916937,15,269.281250,2377.000
1785147853.247916937,15,270.937500,2388.250
1785147853.247916937,15,272.546875,2407.750
1785147853.247916937,15,274.187500,2421.250
1785147853.247916937,15,275.843750,2433.500
1785147853.247916937,15,277.453125,2447.250
1785147853.247916937,15,279.109375,2461.500
1785147853.247916937,15,280.734375,2483.250
1785147853.247916937,15,282.390625,2513.250
1785147853.247916937,12,284.000000,2534.250
1785147853.247916937,12,285.640625,2556.250
1785147853.247916937,15,287.281250,2588.750
1785147853.247916937,14,288.906250,2620.250
1785147853.247916937,12,290.531250,2644.750
1785147853.247916937,15,292.140625,2672.750
1785147853.247916937,15,293.765625,2712.750
1785147853.247916937,12,295.437500,2747.500
1785147853.247916937,15,297.062500,2793.000
1785147853.247916937,12,298.734375,2852.000
1785147853.247916937,11,300.390625,2895.250
1785147853.247916937,15,302.000000,2947.750
1785147853.247916937,9,303.640625,3009.250
1785147853.247916937,9,305.265625,3052.250
1785147853.247916937,15,306.890625,3118.750
1785147853.247916937,10,308.562500,3186.750
1785147853.247916937,15,311.796875,3373.750
1785147853.247916937,13,313.437500,3466.000
1785147853.247916937,15,315.062500,3555.250
1785147853.247916937,14,316.703125,3651.750
1785147853.247916937,14,319.953125,3917.250
1785147853.247916937,11,328.125000,4740.000
1785147853.247916937,13,331.390625,5089.500
1785147853.247916937,15,347.718750,9428.000
1785147853.247916937,15,349.359375,9274.250
1785147853.361582994,15,357.625000,7046.750
1785147853.361582994,15,0.921875,6775.750
1785147853.361582994,15,6.640625,1407.500
1785147853.361582994,15,8.312500,1424.750
1785147853.361582994,11,12.343750,8820.000
1785147853.361582994,15,24.859375,1216.750
1785147853.361582994,15,26.515625,1203.250
1785147853.361582994,15,48.140625,106.500
1785147853.361582994,15,163.031250,10316.250
1785147853.361582994,15,164.671875,10208.000
1785147853.361582994,9,176.140625,10179.250
1785147853.361582994,14,196.000000,5651.750
1785147853.361582994,15,209.156250,3999.750
1785147853.361582994,15,212.437500,3786.750
1785147853.361582994,15,217.421875,3369.500
1785147853.361582994,15,219.062500,3349.500
1785147853.361582994,15,222.343750,3164.500
1785147853.361582994,13,224.015625,3091.250
1785147853.361582994,15,225.656250,3030.000
1785147853.361582994,15,228.921875,2850.750
1785147853.361582994,15,230.578125,2796.250
1785147853.361582994,15,232.234375,2743.500
1785147853.361582994,15,233.875000,2696.250
1785147853.361582994,15,235.531250,2656.500
1785147853.361582994,15,237.156250,2624.250
1785147853.361582994,13,238.796875,2591.750
1785147853.361582994,13,240.437500,2558.250
1785147853.361582994,15,242.078125,2535.500
1785147853.361582994,15,243.734375,2513.750
1785147853.361582994,13,245.343750,2486.750
1785147853.361582994,13,247.000000,2464.500
1785147853.361582994,14,248.625000,2453.250
1785147853.361582994,14,250.281250,2445.500
1785147853.361582994,15,252.000000,2439.750
1785147853.361582994,15,253.625000,2434.500
1785147853.361582994,12,255.296875,2426.250
1785147853.361582994,15,256.906250,2411.250
1785147853.361582994,12,258.578125,2393.500
1785147853.361582994,11,260.218750,2377.250
1785147853.361582994,9,261.859375,2369.000
1785147853.361582994,11,263.500000,2371.000
1785147853.361582994,8,265.125000,2375.500
1785147853.361582994,9,266.781250,2381.250
1785147853.361582994,11,268.421875,2380.750
1785147853.361582994,15,270.046875,2384.500
1785147853.361582994,15,271.703125,2395.750
1785147853.361582994,12,273.312500,2411.000
1785147853.361582994,15,274.906250,2428.250
1785147853.361582994,15,276.531250,2439.500
1785147853.361582994,15,278.156250,2449.250
1785147853.361582994,12,279.765625,2465.000
1785147853.361582994,15,281.421875,2491.500
1785147853.361582994,15,283.046875,2522.000
1785147853.361582994,11,284.656250,2542.250
1785147853.361582994,11,286.328125,2560.000
1785147853.361582994,15,287.906250,2596.500
1785147853.361582994,14,289.546875,2632.500
1785147853.361582994,10,291.187500,2656.250
1785147853.361582994,15,292.843750,2691.500
1785147853.361582994,13,294.437500,2733.500
1785147853.361582994,11,296.093750,2773.500
1785147853.361582994,15,297.718750,2823.750
1785147853.361582994,11,299.437500,2872.000
1785147853.361582994,9,301.046875,2915.000
1785147853.361582994,15,302.687500,2977.750
1785147853.361582994,12,304.328125,3033.250
1785147853.361582994,15,305.937500,3084.000
1785147853.361582994,10,307.562500,3155.500
1785147853.361582994,15,309.203125,3218.000
1785147853.361582994,15,312.468750,3418.750
1785147853.361582994,8,314.093750,3512.250
1785147853.361582994,15,315.734375,3605.500
1785147853.361582994,7,317.359375,3706.750
1785147853.361582994,9,320.609375,3963.000
1785147853.361582994,13,322.250000,4087.000
1785147853.361582994,10,325.562500,4402.750
1785147853.361582994,13,328.812500,4785.500
1785147853.361582994,15,348.421875,9346.750
1785147853.361582994,15,350.078125,9254.750
1785147853.473472118,15,353.406250,7422.000
1785147853.473472118,15,356.703125,7023.750
1785147853.473472118,15,0.000000,6869.000
1785147853.473472118,15,1.656250,6899.750
1785147853.473472118,15,7.437500,1406.250
1785147853.473472118,15,23.921875,1232.500
1785147853.473472118,15,25.562500,1207.750
1785147853.473472118,15,27.187500,1206.500
1785147853.473472118,15,46.437500,107.750
1785147853.473472118,15,48.859375,105.500
1785147853.473472118,10,162.156250,10243.000
1785147853.473472118,15,163.796875,10185.000
1785147853.473472118,8,173.640625,10218.000
1785147853.473472118,15,180.171875,10300.500
1785147853.473472118,10,193.375000,6108.500
1785147853.473472118,12,196.703125,5540.000
1785147853.473472118,15,208.203125,4076.500
1785147853.473472118,8,211.515625,3829.500
1785147853.473472118,15,213.140625,3740.500
1785147853.473472118,12,218.093750,3369.500
1785147853.473472118,13,221.390625,3207.000
1785147853.473472118,13,224.703125,3059.750
1785147853.473472118,15,229.687500,2818.000
1785147853.473472118,15,231.312500,2769.000
1785147853.473472118,15,232.953125,2724.000
1785147853.473472118,15,234.609375,2677.500
1785147853.473472118,15,236.265625,2639.250
1785147853.473472118,15,237.906250,2611.250
1785147853.473472118,15,239.562500,2576.750
1785147853.473472118,13,241.187500,2544.500
1785147853.473472118,15,242.843750,2522.000
1785147853.473472118,13,244.453125,2494.000
1785147853.473472118,15,246.125000,2469.500
1785147853.473472118,15,247.750000,2456.750
1785147853.473472118,15,249.390625,2449.250
1785147853.473472118,15,251.078125,2441.500
1785147853.473472118,14,252.734375,2434.750
1785147853.473472118,13,254.359375,2431.000
1785147853.473472118,15,255.984375,2420.250
1785147853.473472118,15,257.640625,2402.500
1785147853.473472118,12,259.281250,2386.750
1785147853.473472118,13,260.921875,2374.750
1785147853.473472118,12,262.546875,2370.250
1785147853.473472118,10,264.203125,2371.250
1785147853.473472118,12,265.843750,2373.750
1785147853.473472118,11,267.468750,2375.250
1785147853.473472118,10,269.125000,2374.750
1785147853.473472118,15,270.765625,2385.000
1785147853.473472118,15,272.375000,2401.500
1785147853.473472118,15,274.015625,2417.000
1785147853.473472118,15,275.578125,2431.500
1785147853.473472118,14,277.234375,2443.500
1785147853.473472118,14,278.875000,2458.500
1785147853.473472118,15,280.484375,2478.750
1785147853.473472118,15,282.125000,2506.000
1785147853.473472118,14,283.734375,2532.000
1785147853.473472118,12,285.390625,2553.000
1785147853.473472118,15,287.000000,2585.750
1785147853.473472118,14,288.625000,2618.500
1785147853.473472118,13,290.281250,2640.250
1785147853.473472118,9,291.890625,2667.000
1785147853.473472118,15,293.500000,2707.750
1785147853.473472118,11,295.125000,2748.750
1785147853.473472118,15,296.765625,2789.000
1785147853.473472118,15,298.484375,2841.500
1785147853.473472118,10,300.140625,2886.000
1785147853.473472118,15,301.765625,2943.500
1785147853.473472118,15,303.421875,3008.000
1785147853.473472118,10,305.015625,3046.000
1785147853.473472118,10,308.296875,3182.000
1785147853.473472118,15,309.906250,3251.250
1785147853.473472118,5,311.546875,3345.750
1785147853.473472118,14,313.203125,3444.250
1785147853.473472118,10,314.812500,3541.500
1785147853.473472118,15,316.437500,3635.500
1785147853.473472118,14,319.703125,3887.000
1785147853.473472118,12,323.015625,4144.000
1785147853.473472118,12,331.171875,5059.250
1785147853.473472118,15,347.468750,9398.000
1785147853.473472118,15,349.109375,9285.250
1785147853.584707022,15,354.078125,7369.000
1785147853.584707022,15,357.390625,7061.250
1785147853.584707022,15,0.687500,6730.500
1785147853.584707022,15,6.453125,1410.250
1785147853.584707022,15,8.078125,1419.000
1785147853.584707022,9,12.046875,8802.500
1785147853.584707022,15,24.562500,1218.000
1785147853.584707022,15,26.234375,1202.000
1785147853.584707022,15,46.546875,106.750
1785147853.584707022,15,51.281250,101.250
1785147853.584707022,15,164.437500,10223.000
1785147853.584707022,10,177.578125,10193.500
1785147853.584707022,15,179.187500,10368.000
1785147853.584707022,8,195.718750,5683.750
1785147853.584707022,14,208.859375,4026.500
1785147853.584707022,15,212.171875,3803.000
1785147853.584707022,15,218.765625,3343.750
1785147853.584707022,15,222.062500,3180.000
1785147853.584707022,15,225.343750,3039.500
1785147853.584707022,15,228.687500,2866.500
1785147853.584707022,15,230.296875,2805.000
1785147853.584707022,15,231.953125,2751.750
1785147853.584707022,15,233.625000,2703.000
1785147853.584707022,15,235.265625,2660.250
1785147853.584707022,15,236.875000,2630.500
1785147853.584707022,10,238.562500,2601.750
1785147853.584707022,14,240.171875,2562.500
1785147853.584707022,13,241.828125,2534.500
1785147853.584707022,15,243.468750,2511.250
1785147853.584707022,15,245.140625,2483.000
1785147853.584707022,14,246.750000,2462.250
1785147853.584707022,15,248.421875,2452.000
1785147853.584707022,15,250.046875,2445.000
1785147853.584707022,15,251.656250,2439.000
1785147853.584707022,15,253.312500,2432.250
1785147853.584707022,15,254.968750,2426.000
1785147853.584707022,15,256.609375,2413.500
1785147853.584707022,15,258.265625,2396.000
1785147853.584707022,10,259.890625,2381.750
1785147853.584707022,10,261.515625,2374.250
1785147853.584707022,13,263.171875,2371.500
1785147853.584707022,8,264.781250,2371.000
1785147853.584707022,12,266.421875,2371.250
1785147853.584707022,11,268.093750,2371.000
1785147853.584707022,11,269.718750,2377.250
1785147853.584707022,15,271.328125,2391.750
1785147853.584707022,15,272.953125,2407.250
1785147853.584707022,15,274.578125,2422.250
1785147853.584707022,15,276.218750,2437.500
1785147853.584707022,15,277.828125,2450.000
1785147853.584707022,15,279.468750,2463.000
1785147853.584707022,15,281.093750,2489.250
1785147853.584707022,15,282.703125,2520.500
1785147853.584707022,13,284.343750,2540.750
1785147853.584707022,11,285.984375,2560.750
1785147853.584707022,15,287.609375,2588.500
1785147853.584707022,13,289.250000,2621.250
1785147853.584707022,12,290.875000,2648.250
1785147853.584707022,10,292.500000,2678.250
1785147853.584707022,15,294.125000,2721.500
1785147853.584707022,10,295.734375,2758.000
1785147853.584707022,15,297.375000,2800.500
1785147853.584707022,13,299.093750,2857.250
1785147853.584707022,11,300.765625,2902.500
1785147853.584707022,15,302.390625,2960.750
1785147853.584707022,10,304.015625,3021.250
1785147853.584707022,8,305.640625,3064.250
1785147853.584707022,15,307.281250,3136.500
1785147853.584707022,15,308.906250,3208.000
1785147853.584707022,13,313.796875,3502.250
1785147853.584707022,15,315.421875,3576.250
1785147853.584707022,15,317.062500,3673.750
1785147853.584707022,10,320.312500,3939.750
1785147853.584707022,11,325.312500,4361.750
1785147853.584707022,11,328.562500,4774.750
1785147853.584707022,15,348.125000,9371.500
1785147853.584707022,15,349.765625,9269.250
1785147853.695626020,15,353.093750,7458.500
1785147853.695626020,15,356.390625,7043.750
1785147853.695626020,15,358.046875,7046.000
1785147853.695626020,15,1.328125,6793.000
1785147853.695626020,15,7.062500,1404.500
1785147853.695626020,10,12.703125,8845.500
1785147853.695626020,15,23.546875,1239.250
1785147853.695626020,15,25.203125,1211.000
1785147853.695626020,15,26.859375,1204.000
1785147853.695626020,15,44.921875,108.750
1785147853.695626020,15,48.593750,106.250
1785147853.695626020,15,163.453125,10259.750
1785147853.695626020,9,173.312500,10220.000
1785147853.695626020,10,176.593750,10169.250
1785147853.695626020,14,199.671875,5112.750
1785147853.695626020,13,209.578125,3974.000
1785147853.695626020,10,211.218750,3874.250
1785147853.695626020,15,217.812500,3365.500
1785147853.695626020,15,219.468750,3304.750
1785147853.695626020,15,221.125000,3232.750
1785147853.695626020,10,222.765625,3146.500
1785147853.695626020,13,224.421875,3074.750
1785147853.695626020,12,226.062500,3006.750
1785147853.695626020,15,229.375000,2834.750
1785147853.695626020,15,231.015625,2780.000
1785147853.695626020,15,232.656250,2729.500
1785147853.695626020,15,234.312500,2685.000
1785147853.695626020,15,235.968750,2649.750
1785147853.695626020,15,237.593750,2619.500
1785147853.695626020,14,239.250000,2585.500
1785147853.695626020,15,240.875000,2552.500
1785147853.695626020,15,242.546875,2528.250
1785147853.695626020,11,244.156250,2502.750
1785147853.695626020,14,245.812500,2475.750
1785147853.695626020,15,247.468750,2454.750
1785147853.695626020,15,249.093750,2447.000
1785147853.695626020,15,250.718750,2444.000
1785147853.695626020,15,252.328125,2438.250
1785147853.695626020,15,253.968750,2431.750
1785147853.695626020,15,255.609375,2420.000
1785147853.695626020,15,257.250000,2409.500
1785147853.695626020,11,258.890625,2392.000
1785147853.695626020,12,260.546875,2373.750
1785147853.695626020,12,262.171875,2370.000
1785147853.695626020,11,263.812500,2372.750
1785147853.695626020,7,265.468750,2376.750
1785147853.695626020,15,267.078125,2380.500
1785147853.695626020,13,268.718750,2377.250
1785147853.695626020,15,270.359375,2380.250
1785147853.695626020,15,271.968750,2401.750
1785147853.695626020,15,273.625000,2418.750
1785147853.695626020,15,275.234375,2431.250
1785147853.695626020,15,276.859375,2444.500
1785147853.695626020,10,278.500000,2453.500
1785147853.695626020,15,280.093750,2474.500
1785147853.695626020,14,281.750000,2504.750
1785147853.695626020,13,283.359375,2528.250
1785147853.695626020,14,285.000000,2548.750
1785147853.695626020,15,286.609375,2575.250
1785147853.695626020,12,288.265625,2607.500
1785147853.695626020,15,289.875000,2634.500
1785147853.695626020,10,291.500000,2657.250
1785147853.695626020,15,293.140625,2694.000
1785147853.695626020,13,294.750000,2736.500
1785147853.695626020,9,296.406250,2778.000
1785147853.695626020,15,298.015625,2830.500
1785147853.695626020,13,299.796875,2875.250
1785147853.695626020,15,301.406250,2928.250
1785147853.695626020,14,303.078125,2993.000
1785147853.695626020,11,304.703125,3035.750
1785147853.695626020,15,306.343750,3098.000
1785147853.695626020,13,307.984375,3170.750
1785147853.695626020,15,309.609375,3241.750
1785147853.695626020,4,311.234375,3337.250
1785147853.695626020,15,312.859375,3438.750
1785147853.695626020,9,314.500000,3535.000
1785147853.695626020,15,316.125000,3627.500
1785147853.695626020,9,317.765625,3732.500
1785147853.695626020,10,322.671875,4117.000
1785147853.695626020,15,348.765625,9313.500
1785147853.810847044,15,353.734375,7433.250
1785147853.810847044,15,357.031250,7057.500
1785147853.810847044,15,0.312500,6767.750
1785147853.810847044,15,1.937500,6906.750
1785147853.810847044,15,7.656250,1410.000
1785147853.810847044,15,24.250000,1224.500
1785147853.810847044,15,25.859375,1203.500
1785147853.810847044,15,46.765625,107.500
1785147853.810847044,15,164.125000,10188.250
1785147853.810847044,7,169.046875,10255.500
1785147853.810847044,8,177.250000,10219.500
1785147853.810847044,9,178.875000,10346.000
1785147853.810847044,15,198.734375,5215.500
1785147853.810847044,15,208.687500,4018.750
1785147853.810847044,15,211.968750,3792.750
1785147853.810847044,15,213.625000,3700.000
1785147853.810847044,15,216.937500,3370.750
1785147853.810847044,15,218.609375,3349.500
1785147853.810847044,15,221.906250,3178.250
1785147853.810847044,15,223.531250,3105.250
1785147853.810847044,15,225.203125,3041.500
1785147853.810847044,15,230.093750,2806.500
1785147853.810847044,15,231.765625,2753.750
1785147853.810847044,15,233.406250,2703.000
1785147853.810847044,15,235.078125,2664.750
1785147853.810847044,15,236.718750,2623.750
1785147853.810847044,13,238.343750,2588.750
1785147853.810847044,15,240.015625,2560.000
1785147853.810847044,15,241.656250,2537.000
1785147853.810847044,15,243.296875,2515.000
1785147853.810847044,15,244.921875,2485.750
1785147853.810847044,15,246.562500,2463.000
1785147853.810847044,15,248.218750,2452.250
1785147853.810847044,15,249.843750,2445.000
1785147853.810847044,15,251.500000,2439.750
1785147853.810847044,14,253.156250,2433.000
1785147853.810847044,15,254.765625,2422.500
1785147853.810847044,15,256.421875,2411.500
1785147853.810847044,11,258.062500,2398.500
1785147853.810847044,14,259.687500,2381.250
1785147853.810847044,12,261.343750,2367.750
1785147853.810847044,10,262.968750,2369.750
1785147853.810847044,10,264.609375,2376.750
1785147853.810847044,11,266.281250,2376.250
1785147853.810847044,15,267.875000,2372.000
1785147853.810847044,13,269.515625,2376.250
1785147853.810847044,15,271.187500,2388.250
1785147853.810847044,15,272.796875,2404.250
1785147853.810847044,15,274.437500,2421.750
1785147853.810847044,15,276.031250,2434.750
1785147853.810847044,15,277.671875,2446.500
1785147853.810847044,13,279.281250,2462.250
1785147853.810847044,15,280.921875,2486.000
1785147853.810847044,15,282.546875,2513.250
1785147853.810847044,12,284.171875,2535.000
1785147853.810847044,10,285.828125,2555.750
1785147853.810847044,15,287.437500,2585.000
1785147853.810847044,14,289.046875,2620.000
1785147853.810847044,12,290.718750,2648.750
1785147853.810847044,10,292.312500,2674.750
1785147853.810847044,15,293.937500,2715.250
1785147853.810847044,10,295.593750,2755.500
1785147853.810847044,15,297.187500,2802.250
1785147853.810847044,10,298.937500,2860.000
1785147853.810847044,11,300.578125,2900.250
1785147853.810847044,15,302.218750,2957.750
1785147853.810847044,10,303.843750,3020.500
1785147853.810847044,15,305.484375,3065.750
1785147853.810847044,14,307.109375,3138.500
1785147853.810847044,11,308.734375,3201.750
1785147853.810847044,15,312.000000,3384.250
1785147853.810847044,15,313.625000,3481.500
1785147853.810847044,15,315.265625,3577.500
1785147853.810847044,14,316.906250,3678.000
1785147853.810847044,12,320.171875,3930.750
1785147853.810847044,13,325.078125,4358.000
1785147853.810847044,12,328.312500,4771.000
1785147853.810847044,11,331.578125,5116.000
1785147853.810847044,15,347.906250,9421.250
1785147853.810847044,15,349.531250,9278.750
1785147853.921559095,15,357.796875,7033.250
1785147853.921559095,15,359.453125,6936.500
1785147853.921559095,15,1.078125,6792.500
1785147853.921559095,15,6.828125,1408.000
1785147853.921559095,15,10.875000,8804.750
1785147853.921559095,7,12.515625,8843.250
1785147853.921559095,8,14.140625,8841.500
1785147853.921559095,15,25.046875,1213.500
1785147853.921559095,15,26.656250,1204.500
1785147853.921559095,15,46.843750,106.250
1785147853.921559095,15,163.234375,10281.500
1785147853.921559095,8,164.875000,10169.750
1785147853.921559095,15,209.390625,3980.250
1785147853.921559095,12,211.015625,3888.000
1785147853.921559095,15,217.656250,3378.250
1785147853.921559095,15,219.296875,3334.750
1785147853.921559095,15,222.593750,3156.500
1785147853.921559095,13,224.250000,3087.250
1785147853.921559095,15,225.906250,3015.750
1785147853.921559095,15,229.171875,2844.250
1785147853.921559095,15,230.828125,2791.500
1785147853.921559095,15,232.500000,2736.750
1785147853.921559095,15,234.125000,2688.750
1785147853.921559095,15,235.765625,2651.250
1785147853.921559095,15,237.390625,2620.000
1785147853.921559095,14,239.046875,2582.750
1785147853.921559095,13,240.687500,2551.500
1785147853.921559095,15,242.359375,2532.500
1785147853.921559095,15,243.984375,2507.750
1785147853.921559095,15,245.625000,2480.500
1785147853.921559095,14,247.281250,2460.750
1785147853.921559095,15,248.906250,2448.750
1785147853.921559095,14,250.546875,2440.000
1785147853.921559095,15,252.187500,2436.250
1785147853.921559095,15,253.828125,2431.250
1785147853.921559095,15,255.468750,2420.250
1785147853.921559095,15,257.140625,2411.750
1785147853.921559095,15,258.781250,2392.250
1785147853.921559095,12,260.421875,2369.500
1785147853.921559095,12,262.046875,2367.750
1785147853.921559095,13,263.656250,2373.500
1785147853.921559095,8,265.328125,2376.750
1785147853.921559095,8,266.984375,2380.250
1785147853.921559095,11,268.593750,2376.250
1785147853.921559095,15,270.218750,2380.000
1785147853.921559095,15,271.875000,2398.000
1785147853.921559095,15,273.484375,2412.000
1785147853.921559095,15,275.125000,2427.250
1785147853.921559095,15,276.781250,2442.250
1785147853.921559095,12,278.406250,2451.750
1785147853.921559095,11,280.031250,2472.250
1785147853.921559095,15,281.671875,2502.500
1785147853.921559095,15,283.281250,2527.000
1785147853.921559095,14,284.953125,2548.000
1785147853.921559095,10,286.578125,2574.250
1785147853.921559095,15,288.218750,2606.250
1785147853.921559095,13,289.843750,2633.500
1785147853.921559095,10,291.468750,2656.250
1785147853.921559095,15,293.078125,2695.500
1785147853.921559095,15,294.703125,2737.000
1785147853.921559095,8,296.359375,2775.250
1785147853.921559095,15,297.953125,2828.500
1785147853.921559095,9,299.687500,2874.500
1785147853.921559095,9,301.312500,2920.000
1785147853.921559095,15,302.968750,2982.750
1785147853.921559095,13,304.578125,3033.000
1785147853.921559095,15,306.234375,3096.750
1785147853.921559095,10,307.859375,3170.500
1785147853.921559095,15,309.515625,3232.000
1785147853.921559095,6,311.109375,3316.750
1785147853.921559095,8,314.390625,3524.250
1785147853.921559095,15,316.000000,3616.500
1785147853.921559095,9,317.625000,3713.000
1785147853.921559095,13,322.531250,4109.000
1785147853.921559095,9,325.796875,4416.250
1785147853.921559095,13,329.046875,4807.000
1785147853.921559095,15,348.609375,9326.500
1785147854.033293962,15,353.578125,7423.500
1785147854.033293962,15,356.859375,7073.250
1785147854.033293962,15,0.156250,6778.000
1785147854.033293962,15,1.812500,6840.500
1785147854.033293962,15,7.578125,1408.250
1785147854.033293962,12,14.875000,8817.750
1785147854.033293962,15,24.125000,1228.250
1785147854.033293962,15,25.796875,1205.500
1785147854.033293962,15,45.968750,107.500
1785147854.033293962,15,163.937500,10309.000
1785147854.033293962,7,173.765625,10176.250
1785147854.033293962,8,177.046875,10162.750
1785147854.033293962,15,178.718750,10323.500
1785147854.033293962,10,196.937500,5553.500
1785147854.033293962,14,201.875000,4807.750
1785147854.033293962,15,208.453125,4043.250
1785147854.033293962,12,211.765625,3823.500
1785147854.033293962,15,213.406250,3735.500
1785147854.033293962,11,218.359375,3373.000
1785147854.033293962,12,221.656250,3200.750
1785147854.033293962,13,224.953125,3055.500
1785147854.033293962,15,226.578125,2986.000
1785147854.033293962,15,229.890625,2814.750
1785147854.033293962,15,231.531250,2765.750
1785147854.033293962,15,233.171875,2716.500
1785147854.033293962,15,234.843750,2676.000
1785147854.033293962,15,236.484375,2639.000
1785147854.033293962,15,238.093750,2606.500
1785147854.033293962,11,239.750000,2572.500
1785147854.033293962,12,241.406250,2543.250
1785147854.033293962,15,243.046875,2519.250
1785147854.033293962,11,244.687500,2490.250
1785147854.033293962,14,246.312500,2465.500
1785147854.033293962,15,247.968750,2452.000
1785147854.033293962,15,249.609375,2445.750
1785147854.033293962,15,251.281250,2439.250
1785147854.033293962,15,252.906250,2434.500
1785147854.033293962,15,254.593750,2429.250
1785147854.033293962,15,256.218750,2416.250
1785147854.033293962,15,257.828125,2399.750
1785147854.033293962,10,259.500000,2382.250
1785147854.033293962,10,261.125000,2369.750
1785147854.033293962,11,262.750000,2368.750
1785147854.033293962,11,264.390625,2372.750
1785147854.033293962,15,266.062500,2379.000
1785147854.033293962,9,267.687500,2380.750
1785147854.033293962,12,269.312500,2378.000
1785147854.033293962,15,270.968750,2389.250
1785147854.033293962,14,272.593750,2408.500
1785147854.033293962,15,274.234375,2421.250
1785147854.033293962,15,275.875000,2433.500
1785147854.033293962,15,277.484375,2447.750
1785147854.033293962,15,279.156250,2461.250
1785147854.033293962,15,280.796875,2484.750
1785147854.033293962,15,282.406250,2515.500
1785147854.033293962,13,284.046875,2535.250
1785147854.033293962,12,285.656250,2556.500
1785147854.033293962,15,287.312500,2588.250
1785147854.033293962,13,288.906250,2619.250
1785147854.033293962,12,290.546875,2645.000
1785147854.033293962,15,292.187500,2674.000
1785147854.033293962,15,293.843750,2714.000
1785147854.033293962,13,295.484375,2752.250
1785147854.033293962,15,297.093750,2801.750
1785147854.033293962,11,298.765625,2857.750
1785147854.033293962,11,300.406250,2896.500
1785147854.033293962,15,302.015625,2950.000
1785147854.033293962,11,303.687500,3011.750
1785147854.033293962,8,305.312500,3051.750
1785147854.033293962,10,308.562500,3188.750
1785147854.033293962,13,313.468750,3486.500
1785147854.033293962,7,315.093750,3554.750
1785147854.033293962,14,316.718750,3651.000
1785147854.033293962,13,319.968750,3921.750
1785147854.033293962,7,323.265625,4168.750
1785147854.033293962,9,328.156250,4743.750
1785147854.033293962,12,331.437500,5103.000
1785147854.033293962,15,347.734375,9430.000
1785147854.033293962,15,349.390625,9280.750
1785147854.148308039,15,357.640625,7043.000
1785147854.148308039,15,0.937500,6777.250
1785147854.148308039,15,6.640625,1418.500
1785147854.148308039,15,8.296875,1418.500
1785147854.148308039,15,24.843750,1216.750
1785147854.148308039,15,26.453125,1202.500
1785147854.148308039,15,47.453125,106.500
1785147854.148308039,15,163.046875,10327.750
1785147854.148308039,15,164.671875,10220.250
1785147854.148308039,8,172.875000,10211.000
1785147854.148308039,7,176.156250,10209.250
1785147854.148308039,10,196.000000,5655.750
1785147854.148308039,15,209.171875,3997.000
1785147854.148308039,15,210.812500,3909.000
1785147854.148308039,15,217.437500,3373.000
1785147854.148308039,15,219.078125,3337.000
1785147854.148308039,15,222.375000,3162.250
1785147854.148308039,14,224.031250,3089.000
1785147854.148308039,15,225.671875,3026.250
1785147854.148308039,15,228.968750,2851.000
1785147854.148308039,15,230.609375,2794.250
1785147854.148308039,15,232.265625,2741.000
1785147854.148308039,15,233.921875,2694.750
1785147854.148308039,15,235.578125,2653.750
1785147854.148308039,15,237.203125,2622.250
1785147854.148308039,14,238.843750,2590.500
1785147854.148308039,14,240.484375,2556.500
1785147854.148308039,14,242.140625,2532.500
1785147854.148308039,14,243.796875,2501.000
1785147854.148308039,15,245.406250,2474.250
1785147854.148308039,15,247.093750,2461.250
1785147854.148308039,14,248.734375,2450.500
1785147854.148308039,15,250.328125,2443.250
1785147854.148308039,14,252.000000,2438.000
1785147854.148308039,14,253.656250,2432.250
1785147854.148308039,15,255.312500,2422.750
1785147854.148308039,15,256.953125,2408.250
1785147854.148308039,12,258.578125,2390.750
1785147854.148308039,14,260.218750,2374.500
1785147854.148308039,15,261.875000,2366.250
1785147854.148308039,14,263.500000,2368.750
1785147854.148308039,11,265.125000,2374.750
1785147854.148308039,10,266.765625,2379.500
1785147854.148308039,14,268.406250,2377.250
1785147854.148308039,12,270.031250,2381.250
1785147854.148308039,15,271.687500,2393.000
1785147854.148308039,15,273.343750,2409.250
1785147854.148308039,15,274.937500,2426.750
1785147854.148308039,15,276.562500,2438.750
1785147854.148308039,15,278.171875,2449.000
1785147854.148308039,12,279.828125,2464.000
1785147854.148308039,15,281.453125,2490.500
1785147854.148308039,13,283.093750,2521.500
1785147854.148308039,13,284.734375,2544.250
1785147854.148308039,11,286.343750,2565.750
1785147854.148308039,15,287.984375,2599.000
1785147854.148308039,15,289.609375,2630.500
1785147854.148308039,11,291.250000,2655.500
1785147854.148308039,15,292.890625,2691.250
1785147854.148308039,14,294.484375,2733.250
1785147854.148308039,11,296.140625,2773.000
1785147854.148308039,15,297.734375,2823.250
1785147854.148308039,12,299.453125,2872.250
1785147854.148308039,10,301.109375,2916.000
1785147854.148308039,15,302.718750,2979.000
1785147854.148308039,10,304.359375,3034.500
1785147854.148308039,15,306.000000,3086.000
1785147854.148308039,11,307.640625,3157.500
1785147854.148308039,15,309.265625,3229.750
1785147854.148308039,8,310.875000,3318.000
1785147854.148308039,15,312.531250,3422.000
1785147854.148308039,11,314.156250,3516.250
1785147854.148308039,15,315.796875,3610.500
1785147854.148308039,8,317.406250,3712.750
1785147854.148308039,10,322.359375,4111.000
1785147854.148308039,10,333.812500,5530.500
1785147854.148308039,15,348.500000,9341.000
1785147854.148308039,13,350.156250,9218.000
1785147854.259663820,15,353.500000,7418.000
1785147854.259663820,15,356.796875,7071.500
1785147854.259663820,15,0.078125,6872.500
1785147854.259663820,15,1.734375,6897.250
1785147854.259663820,15,7.484375,1410.500
1785147854.259663820,7,14.750000,8861.000
1785147854.259663820,15,25.593750,1205.500
1785147854.259663820,10,27.234375,1204.750
1785147854.259663820,15,46.156250,107.750
1785147854.259663820,15,48.812500,105.500
1785147854.259663820,15,163.859375,10180.750
1785147854.259663820,7,175.359375,10175.000
1785147854.259663820,15,180.265625,10265.000
1785147854.259663820,9,193.484375,6116.000
1785147854.259663820,15,196.796875,5549.000
1785147854.259663820,15,208.328125,4072.750
1785147854.259663820,10,211.609375,3830.250
1785147854.259663820,15,213.265625,3738.250
1785147854.259663820,15,218.218750,3376.250
1785147854.259663820,12,221.500000,3208.750
1785147854.259663820,14,224.828125,3058.250
1785147854.259663820,15,229.796875,2815.250
1785147854.259663820,15,231.453125,2767.250
1785147854.259663820,15,233.109375,2717.750
1785147854.259663820,15,234.734375,2677.000
1785147854.259663820,15,236.406250,2641.500
1785147854.259663820,15,238.046875,2612.000
1785147854.259663820,13,239.656250,2576.250
1785147854.259663820,13,241.328125,2544.750
1785147854.259663820,15,242.984375,2521.500
1785147854.259663820,12,244.593750,2491.500
1785147854.259663820,15,246.234375,2466.250
1785147854.259663820,15,247.890625,2452.750
1785147854.259663820,15,249.531250,2446.000
1785147854.259663820,15,251.171875,2440.500
1785147854.259663820,15,252.843750,2434.250
1785147854.259663820,15,254.484375,2430.750
1785147854.259663820,15,256.109375,2419.250
1785147854.259663820,15,257.765625,2401.250
1785147854.259663820,11,259.437500,2384.000
1785147854.259663820,12,261.046875,2370.250
1785147854.259663820,12,262.703125,2368.750
1785147854.259663820,8,264.328125,2373.000
1785147854.259663820,10,265.984375,2375.000
1785147854.259663820,9,267.609375,2375.750
1785147854.259663820,12,269.250000,2376.500
1785147854.259663820,15,270.875000,2388.500
1785147854.259663820,15,272.531250,2408.000
1785147854.259663820,15,274.171875,2420.000
1785147854.259663820,15,275.734375,2433.000
1785147854.259663820,15,277.343750,2447.250
1785147854.259663820,15,279.000000,2460.750
1785147854.259663820,15,280.640625,2483.750
1785147854.259663820,13,282.265625,2510.250
1785147854.259663820,15,283.859375,2531.250
1785147854.259663820,12,285.531250,2552.000
1785147854.259663820,15,287.140625,2584.750
1785147854.259663820,14,288.765625,2618.500
1785147854.259663820,13,290.390625,2642.250
1785147854.259663820,10,292.015625,2668.500
1785147854.259663820,15,293.671875,2707.750
1785147854.259663820,10,295.265625,2746.750
1785147854.259663820,9,296.921875,2791.500
1785147854.259663820,15,298.640625,2845.500
1785147854.259663820,12,300.265625,2887.250
1785147854.259663820,15,301.906250,2947.750
1785147854.259663820,12,303.546875,3012.250
1785147854.259663820,11,305.187500,3051.500
1785147854.259663820,8,308.421875,3188.000
1785147854.259663820,4,311.671875,3362.500
1785147854.259663820,15,313.312500,3452.750
1785147854.259663820,7,314.937500,3548.000
1785147854.259663820,14,316.578125,3649.750
1785147854.259663820,14,319.859375,3913.750
1785147854.259663820,8,323.187500,4156.750
1785147854.259663820,14,331.359375,5078.500
1785147854.259663820,15,347.671875,9437.500
1785147854.259663820,15,349.312500,9281.500
1785147854.370198965,15,357.593750,7071.250
1785147854.370198965,15,0.875000,6772.500
1785147854.370198965,15,6.656250,1411.250
1785147854.370198965,15,8.281250,1420.000
1785147854.370198965,13,12.265625,8819.500
1785147854.370198965,15,24.765625,1217.000
1785147854.370198965,15,26.406250,1202.500
1785147854.370198965,15,46.281250,106.500
1785147854.370198965,15,163.015625,10324.750
1785147854.370198965,15,164.640625,10224.250
1785147854.370198965,8,195.890625,5656.750
1785147854.370198965,15,209.125000,3996.500
1785147854.370198965,9,210.750000,3904.750
1785147854.370198965,15,212.421875,3800.250
1785147854.370198965,15,219.000000,3340.500
1785147854.370198965,15,222.312500,3171.750
1785147854.370198965,12,223.968750,3095.750
1785147854.370198965,15,225.609375,3025.250
1785147854.370198965,15,228.921875,2851.000
1785147854.370198965,15,230.562500,2793.000
1785147854.370198965,15,232.234375,2739.750
1785147854.370198965,15,233.875000,2695.500
1785147854.370198965,15,235.546875,2656.000
1785147854.370198965,15,237.156250,2623.500
1785147854.370198965,12,238.812500,2590.250
1785147854.370198965,13,240.453125,2556.750
1785147854.370198965,15,242.109375,2532.750
1785147854.370198965,15,243.750000,2512.750
1785147854.370198965,14,245.406250,2486.000
1785147854.370198965,15,247.015625,2461.250
1785147854.370198965,13,248.671875,2450.000
1785147854.370198965,15,250.343750,2443.750
1785147854.370198965,15,251.937500,2439.500
1785147854.370198965,13,253.609375,2432.500
1785147854.370198965,15,255.234375,2422.750
1785147854.370198965,15,256.890625,2409.000
1785147854.370198965,13,258.515625,2391.000
1785147854.370198965,13,260.156250,2373.500
1785147854.370198965,9,261.796875,2365.500
1785147854.370198965,14,263.468750,2368.000
1785147854.370198965,12,265.062500,2373.750
1785147854.370198965,12,266.718750,2375.750
1785147854.370198965,12,268.359375,2372.250
1785147854.370198965,15,270.000000,2379.250
1785147854.370198965,15,271.640625,2392.750
1785147854.370198965,15,273.250000,2408.750
1785147854.370198965,15,274.843750,2426.000
1785147854.370198965,15,276.500000,2438.000
1785147854.370198965,15,278.109375,2448.500
1785147854.370198965,12,279.750000,2462.500
1785147854.370198965,15,281.359375,2489.000
1785147854.370198965,15,283.000000,2521.000
1785147854.370198965,12,284.640625,2542.000
1785147854.370198965,11,286.281250,2559.250
1785147854.370198965,15,287.890625,2592.750
1785147854.370198965,13,289.515625,2627.500
1785147854.370198965,12,291.125000,2651.750
1785147854.370198965,15,292.781250,2687.500
1785147854.370198965,13,294.375000,2732.000
1785147854.370198965,12,296.015625,2771.250
1785147854.370198965,15,297.656250,2819.500
1785147854.370198965,14,299.421875,2869.500
1785147854.370198965,8,301.046875,2914.000
1785147854.370198965,15,302.687500,2978.000
1785147854.370198965,12,304.296875,3033.250
1785147854.370198965,15,305.937500,3084.250
1785147854.370198965,11,307.578125,3155.750
1785147854.370198965,15,309.203125,3217.500
1785147854.370198965,15,312.468750,3417.250
1785147854.370198965,9,314.093750,3515.000
1785147854.370198965,15,315.750000,3611.000
1785147854.370198965,6,317.390625,3714.000
1785147854.370198965,10,320.625000,3967.750
1785147854.370198965,13,322.250000,4090.500
1785147854.370198965,9,325.578125,4418.000
1785147854.370198965,11,328.843750,4792.250
1785147854.370198965,15,348.390625,9358.750
1785147854.370198965,15,350.046875,9252.500
1785147854.485821962,15,353.375000,7422.500
1785147854.485821962,15,356.671875,7046.750
1785147854.485821962,15,359.937500,6880.750
1785147854.485821962,15,1.593750,6898.000
1785147854.485821962,15,7.343750,1410.000
1785147854.485821962,9,14.640625,8834.000
1785147854.485821962,15,23.890625,1232.250
1785147854.485821962,15,25.468750,1207.750
1785147854.485821962,15,27.109375,1206.500
1785147854.485821962,15,46.421875,107.750
1785147854.485821962,15,47.593750,105.500
1785147854.485821962,10,162.125000,10239.250
1785147854.485821962,15,163.781250,10192.500
1785147854.485821962,9,173.609375,10210.750
1785147854.485821962,15,180.171875,10291.750
1785147854.485821962,9,193.390625,6129.000
1785147854.485821962,11,196.703125,5541.500
1785147854.485821962,15,208.265625,4073.250
1785147854.485821962,9,211.546875,3829.000
1785147854.485821962,15,213.218750,3743.750
1785147854.485821962,15,218.171875,3376.250
1785147854.485821962,12,221.468750,3207.000
1785147854.485821962,13,224.781250,3057.250
1785147854.485821962,15,229.734375,2818.750
1785147854.485821962,15,231.390625,2766.250
1785147854.485821962,15,233.031250,2719.000
1785147854.485821962,15,234.687500,2676.750
1785147854.485821962,15,236.312500,2640.750
1785147854.485821962,15,237.968750,2610.750
1785147854.485821962,15,239.609375,2575.500
1785147854.485821962,12,241.265625,2544.500
1785147854.485821962,15,242.921875,2521.500
1785147854.485821962,13,244.531250,2493.250
1785147854.485821962,15,246.187500,2467.750
1785147854.485821962,15,247.828125,2452.500
1785147854.485821962,15,249.500000,2445.750
1785147854.485821962,15,251.109375,2440.250
1785147854.485821962,15,252.750000,2433.500
1785147854.485821962,15,254.375000,2429.750
1785147854.485821962,15,256.015625,2420.000
1785147854.485821962,15,257.656250,2401.500
1785147854.485821962,12,259.312500,2386.250
1785147854.485821962,13,260.937500,2374.500
1785147854.485821962,13,262.593750,2369.250
1785147854.485821962,11,264.218750,2371.250
1785147854.485821962,10,265.859375,2374.000
1785147854.485821962,10,267.515625,2375.000
1785147854.485821962,12,269.156250,2375.500
1785147854.485821962,15,270.796875,2385.250
1785147854.485821962,15,272.421875,2400.250
1785147854.485821962,15,274.046875,2416.750
1785147854.485821962,15,275.640625,2432.750
1785147854.485821962,15,277.265625,2443.750
1785147854.485821962,15,278.921875,2458.250
1785147854.485821962,15,280.531250,2479.500
1785147854.485821962,15,282.140625,2506.750
1785147854.485821962,12,283.812500,2531.500
1785147854.485821962,12,285.406250,2552.250
1785147854.485821962,15,287.046875,2585.250
1785147854.485821962,13,288.671875,2619.000
1785147854.485821962,13,290.312500,2641.500
1785147854.485821962,10,291.921875,2667.750
1785147854.485821962,15,293.578125,2706.500
1785147854.485821962,9,295.187500,2746.750
1785147854.485821962,8,296.828125,2787.750
1785147854.485821962,15,298.593750,2840.750
1785147854.485821962,10,300.234375,2887.500
1785147854.485821962,15,301.859375,2945.500
1785147854.485821962,12,303.500000,3008.750
1785147854.485821962,12,305.125000,3046.500
1785147854.485821962,9,308.390625,3187.000
1785147854.485821962,14,311.640625,3363.500
1785147854.485821962,12,313.296875,3455.750
1785147854.485821962,9,314.937500,3546.500
1785147854.485821962,14,316.546875,3637.750
1785147854.485821962,15,319.812500,3912.250
1785147854.485821962,7,323.093750,4157.250
1785147854.485821962,15,331.265625,5078.250
1785147854.485821962,15,347.531250,9423.250
1785147854.485821962,15,349.187500,9287.000
1785147854.596710920,15,354.125000,7475.000
1785147854.596710920,15,357.437500,7067.500
1785147854.596710920,15,0.734375,6755.000
1785147854.596710920,15,8.125000,1410.500
1785147854.596710920,15,24.656250,1218.000
1785147854.596710920,15,26.312500,1202.250
1785147854.596710920,15,46.953125,106.750
1785147854.596710920,15,162.890625,10233.750
1785147854.596710920,15,164.531250,10229.750
1785147854.596710920,9,177.625000,10202.750
1785147854.596710920,15,179.281250,10377.000
1785147854.596710920,10,192.500000,6189.250
1785147854.596710920,10,195.796875,5680.250
1785147854.596710920,15,209.031250,4007.500
1785147854.596710920,15,212.359375,3798.000
1785147854.596710920,15,217.296875,3368.250
1785147854.596710920,15,218.968750,3340.000
1785147854.596710920,15,222.265625,3172.500
1785147854.596710920,12,223.921875,3097.000
1785147854.596710920,15,225.578125,3026.000
1785147854.596710920,15,228.859375,2858.250
1785147854.596710920,15,230.484375,2796.500
1785147854.596710920,15,232.125000,2741.000
1785147854.596710920,15,233.796875,2695.500
1785147854.596710920,15,235.421875,2655.250
1785147854.596710920,15,237.078125,2623.000
1785147854.596710920,15,238.718750,2590.500
1785147854.596710920,12,240.343750,2556.750
1785147854.596710920,14,242.015625,2534.250
1785147854.596710920,15,243.625000,2510.000
1785147854.596710920,15,245.281250,2481.500
1785147854.596710920,15,246.921875,2462.000
1785147854.596710920,15,248.578125,2451.000
1785147854.596710920,15,250.234375,2443.750
1785147854.596710920,15,251.828125,2439.250
1785147854.596710920,15,253.500000,2431.500
1785147854.596710920,15,255.109375,2425.750
1785147854.596710920,15,256.734375,2414.500
1785147854.596710920,11,258.406250,2392.500
1785147854.596710920,12,260.031250,2374.500
1785147854.596710920,9,261.671875,2369.000
1785147854.596710920,12,263.296875,2370.000
1785147854.596710920,11,264.968750,2372.750
1785147854.596710920,11,266.593750,2376.000
1785147854.596710920,11,268.234375,2373.250
1785147854.596710920,8,269.859375,2379.000
1785147854.596710920,15,271.484375,2390.500
1785147854.596710920,15,273.125000,2404.250
1785147854.596710920,15,274.781250,2421.000
1785147854.596710920,15,276.390625,2434.750
1785147854.596710920,13,278.015625,2449.750
1785147854.596710920,14,279.656250,2465.000
1785147854.596710920,15,281.296875,2488.250
1785147854.596710920,15,282.906250,2520.500
1785147854.596710920,13,284.562500,2542.500
1785147854.596710920,11,286.171875,2559.500
1785147854.596710920,15,287.812500,2592.500
1785147854.596710920,12,289.453125,2628.000
1785147854.596710920,11,291.078125,2652.500
1785147854.596710920,15,292.718750,2686.250
1785147854.596710920,15,294.328125,2729.500
1785147854.596710920,12,295.968750,2762.250
1785147854.596710920,15,297.609375,2806.750
1785147854.596710920,9,299.328125,2862.250
1785147854.596710920,9,300.984375,2910.500
1785147854.596710920,15,302.609375,2976.500
1785147854.596710920,11,304.250000,3033.500
1785147854.596710920,15,305.890625,3084.750
1785147854.596710920,12,307.515625,3156.000
1785147854.596710920,15,309.171875,3217.000
1785147854.596710920,15,314.046875,3511.500
1785147854.596710920,15,315.687500,3600.250
1785147854.596710920,13,317.328125,3691.500
1785147854.596710920,10,320.578125,3935.250
1785147854.596710920,13,328.734375,4785.750
1785147854.596710920,15,348.296875,9355.250
1785147854.596710920,15,349.937500,9248.750
1785147854.708432913,15,353.250000,7426.500
1785147854.708432913,15,356.546875,7045.000
1785147854.708432913,10,359.828125,6814.000
1785147854.708432913,15,1.468750,6824.750
1785147854.708432913,15,7.218750,1411.000
1785147854.708432913,15,25.437500,1210.500
1785147854.708432913,15,27.046875,1212.500
1785147854.708432913,15,46.406250,109.000
1785147854.708432913,15,48.265625,106.500
1785147854.708432913,15,163.515625,10319.000
1785147854.708432913,9,174.984375,10249.000
1785147854.708432913,15,207.937500,3960.750
1785147854.708432913,15,211.234375,3733.250
1785147854.708432913,14,227.765625,2761.000
1785147854.708432913,15,229.359375,2711.500
1785147854.708432913,15,231.046875,2655.750
1785147854.708432913,15,232.656250,2606.750
1785147854.708432913,14,234.328125,2571.750
1785147854.708432913,13,235.968750,2532.250
1785147854.708432913,15,237.578125,2502.500
1785147854.708432913,13,239.234375,2473.250
1785147854.708432913,15,240.890625,2449.500
1785147854.708432913,15,242.531250,2430.250
1785147854.708432913,15,244.156250,2405.250
1785147854.708432913,10,245.828125,2382.000
1785147854.708432913,13,247.468750,2368.500
1785147854.708432913,14,249.078125,2361.750
1785147854.708432913,12,250.796875,2352.750
1785147854.708432913,12,252.421875,2344.000
1785147854.708432913,9,254.062500,2344.000
1785147854.708432913,13,255.656250,2339.500
1785147854.708432913,15,257.312500,2326.500
1785147854.708432913,15,258.968750,2317.250
1785147854.708432913,15,260.609375,2316.500
1785147854.708432913,12,262.250000,2318.500
1785147854.708432913,12,263.859375,2320.500
1785147854.708432913,15,265.515625,2322.750
1785147854.708432913,12,267.171875,2322.500
1785147854.708432913,13,268.796875,2321.750
1785147854.708432913,14,270.437500,2325.500
1785147854.708432913,10,272.046875,2336.750
1785147854.708432913,12,273.703125,2348.000
1785147854.708432913,13,275.328125,2365.000
1785147854.708432913,15,276.937500,2386.000
1785147854.708432913,15,278.562500,2402.500
1785147854.708432913,15,280.234375,2416.750
1785147854.708432913,13,281.843750,2430.750
1785147854.708432913,15,283.468750,2445.500
1785147854.708432913,11,285.125000,2457.250
1785147854.708432913,15,286.765625,2480.750
1785147854.708432913,15,288.359375,2512.000
1785147854.708432913,14,290.000000,2531.500
1785147854.708432913,13,291.625000,2554.250
1785147854.708432913,15,293.281250,2589.500
1785147854.708432913,15,294.890625,2626.500
1785147854.708432913,10,296.531250,2664.750
1785147854.708432913,15,298.140625,2713.000
1785147854.708432913,11,299.859375,2751.000
1785147854.708432913,10,301.531250,2787.000
1785147854.708432913,10,303.125000,2847.250
1785147854.708432913,8,304.796875,2897.000
1785147854.708432913,15,306.421875,2954.250
1785147854.708432913,10,308.046875,3030.000
1785147854.708432913,15,309.656250,3111.000
1785147854.708432913,8,311.296875,3184.750
1785147854.708432913,8,314.578125,3357.000
1785147854.708432913,15,319.468750,3684.750
1785147854.708432913,12,322.718750,3940.500
1785147854.708432913,15,348.781250,9312.750
1785147854.819036007,15,353.765625,7396.000
1785147854.819036007,15,357.046875,7057.750
1785147854.819036007,15,0.343750,6713.000
1785147854.819036007,15,6.062500,1416.250
1785147854.819036007,15,7.734375,1414.000
1785147854.819036007,9,15.000000,8865.500
1785147854.819036007,15,24.281250,1211.000
1785147854.819036007,15,25.843750,1199.750
1785147854.819036007,15,47.156250,108.500
1785147854.819036007,15,163.859375,10095.000
1785147854.819036007,15,180.265625,10517.750
1785147854.819036007,15,195.125000,5698.000
1785147854.819036007,15,201.718750,4809.250
1785147854.819036007,15,208.281250,4024.000
1785147854.819036007,13,211.578125,3810.750
1785147854.819036007,15,214.875000,3607.000
1785147854.819036007,15,218.171875,3344.500
1785147854.819036007,15,221.484375,3164.500
1785147854.819036007,12,223.140625,3089.000
1785147854.819036007,15,224.765625,3007.750
1785147854.819036007,15,226.437500,2930.250
1785147854.819036007,13,229.718750,2772.000
1785147854.819036007,15,231.343750,2730.750
1785147854.819036007,15,232.984375,2684.000
1785147854.819036007,15,234.640625,2637.500
1785147854.819036007,15,236.312500,2604.500
1785147854.819036007,14,237.906250,2567.500
1785147854.819036007,15,239.562500,2534.500
1785147854.819036007,13,241.203125,2504.500
1785147854.819036007,15,242.859375,2472.750
1785147854.819036007,15,244.484375,2452.750
1785147854.819036007,15,246.140625,2438.750
1785147854.819036007,15,247.765625,2426.500
1785147854.819036007,15,249.406250,2417.250
1785147854.819036007,15,251.109375,2406.000
1785147854.819036007,15,252.718750,2394.750
1785147854.819036007,9,254.375000,2385.000
1785147854.819036007,15,255.984375,2373.250
1785147854.819036007,15,257.671875,2358.250
1785147854.819036007,11,259.265625,2342.750
1785147854.819036007,12,260.921875,2334.750
1785147854.819036007,13,262.546875,2328.500
1785147854.819036007,13,264.234375,2327.250
1785147854.819036007,9,265.859375,2332.750
1785147854.819036007,10,267.515625,2329.250
1785147854.819036007,10,269.140625,2322.250
1785147854.819036007,15,270.750000,2333.750
1785147854.819036007,15,272.375000,2346.750
1785147854.819036007,11,274.031250,2358.750
1785147854.819036007,11,275.640625,2377.750
1785147854.819036007,15,277.312500,2396.000
1785147854.819036007,15,278.890625,2415.250
1785147854.819036007,15,280.578125,2432.250
1785147854.819036007,12,282.171875,2446.500
1785147854.819036007,10,283.843750,2468.000
1785147854.819036007,13,285.421875,2502.250
1785147854.819036007,15,287.062500,2528.500
1785147854.819036007,14,288.703125,2545.250
1785147854.819036007,11,290.328125,2567.750
1785147854.819036007,15,291.968750,2598.500
1785147854.819036007,14,293.609375,2629.750
1785147854.819036007,13,295.265625,2657.250
1785147854.819036007,15,296.859375,2701.750
1785147854.819036007,13,298.531250,2745.250
1785147854.819036007,13,300.156250,2775.750
1785147854.819036007,15,301.781250,2824.750
1785147854.819036007,11,303.406250,2875.250
1785147854.819036007,11,305.046875,2917.000
1785147854.819036007,15,306.671875,2979.250
1785147854.819036007,8,308.312500,3044.500
1785147854.819036007,15,309.937500,3110.750
1785147854.819036007,12,311.546875,3173.250
1785147854.819036007,15,313.203125,3236.750
1785147854.819036007,7,314.812500,3320.250
1785147854.819036007,15,316.453125,3413.750
1785147854.819036007,7,318.078125,3511.750
1785147854.819036007,15,319.703125,3614.000
1785147854.819036007,11,323.000000,3871.750
1785147854.819036007,14,326.265625,4152.000
1785147854.819036007,15,349.062500,9304.000
1785147854.933717966,15,357.343750,7053.000
1785147854.933717966,15,0.640625,6764.250
1785147854.933717966,15,4.750000,1412.000
1785147854.933717966,15,6.343750,1411.250
1785147854.933717966,8,12.046875,8836.000
1785147854.933717966,9,13.671875,8823.750
1785147854.933717966,15,22.921875,1191.750
1785147854.933717966,15,24.562500,1174.750
1785147854.933717966,15,26.234375,1170.750
1785147854.933717966,15,46.984375,107.000
1785147854.933717966,15,51.062500,101.250
1785147854.933717966,15,164.250000,10193.750
1785147854.933717966,7,175.718750,10158.500
1785147854.933717966,8,177.359375,10165.000
1785147854.933717966,15,180.656250,10339.750
1785147854.933717966,11,218.640625,3295.000
1785147854.933717966,12,223.578125,3074.750
1785147854.933717966,8,225.218750,2989.750
1785147854.933717966,15,226.875000,2922.000
1785147854.933717966,15,230.187500,2770.000
1785147854.933717966,15,231.828125,2733.750
1785147854.933717966,15,233.484375,2699.500
1785147854.933717966,15,235.109375,2650.750
1785147854.933717966,15,236.765625,2611.000
1785147854.933717966,13,238.390625,2586.000
1785147854.933717966,15,240.015625,2557.750
1785147854.933717966,15,241.687500,2534.750
1785147854.933717966,15,243.328125,2510.250
1785147854.933717966,15,244.953125,2481.500
1785147854.933717966,15,246.593750,2460.750
1785147854.933717966,15,248.250000,2450.750
1785147854.933717966,15,249.875000,2444.750
1785147854.933717966,15,251.531250,2440.000
1785147854.933717966,13,253.140625,2434.500
1785147854.933717966,15,254.812500,2424.000
1785147854.933717966,15,256.437500,2421.500
1785147854.933717966,15,258.062500,2410.500
1785147854.933717966,15,259.718750,2396.750
1785147854.933717966,15,261.343750,2399.000
1785147854.933717966,11,262.968750,2409.750
1785147854.933717966,12,264.640625,2417.750
1785147854.933717966,12,266.281250,2418.750
1785147854.933717966,13,267.906250,2427.000
1785147854.933717966,14,269.531250,2438.000
1785147854.933717966,12,271.140625,2447.750
1785147854.933717966,14,272.796875,2458.250
1785147854.933717966,13,274.421875,2473.000
1785147854.933717966,15,276.000000,2491.000
1785147854.933717966,15,277.625000,2508.500
1785147854.933717966,15,279.250000,2525.000
1785147854.933717966,10,280.890625,2542.250
1785147854.933717966,10,282.515625,2568.750
1785147854.933717966,14,284.156250,2604.250
1785147854.933717966,11,285.750000,2629.000
1785147854.933717966,10,287.375000,2644.250
1785147854.933717966,15,289.046875,2667.500
1785147854.933717966,15,290.671875,2697.500
1785147854.933717966,12,292.281250,2731.750
1785147854.933717966,15,293.921875,2757.250
1785147854.933717966,15,295.546875,2787.750
1785147854.933717966,15,297.171875,2837.500
1785147854.933717966,10,298.859375,2876.250
1785147854.933717966,15,300.500000,2920.250
1785147854.933717966,15,302.156250,2976.750
1785147854.933717966,9,303.750000,3021.250
1785147854.933717966,15,305.390625,3081.250
1785147854.933717966,10,307.031250,3148.000
1785147854.933717966,15,308.671875,3212.500
1785147854.933717966,15,311.906250,3411.000
1785147854.933717966,7,313.546875,3509.000
1785147854.933717966,15,315.156250,3595.750
1785147854.933717966,10,320.031250,3965.000
1785147854.933717966,11,325.000000,4399.250
1785147854.933717966,10,328.250000,4772.500
1785147854.933717966,13,331.531250,5102.500
1785147854.933717966,15,349.500000,9272.000
1785147855.046113014,15,352.828125,7416.750
1785147855.046113014,15,356.125000,7061.000
1785147855.046113014,15,359.421875,6802.250
1785147855.046113014,15,3.546875,1403.250
1785147855.046113014,15,5.187500,1411.500
1785147855.046113014,13,7.640625,6691.750
1785147855.046113014,11,12.406250,8864.250
1785147855.046113014,15,20.062500,1205.000
1785147855.046113014,15,21.640625,1174.000
1785147855.046113014,15,23.296875,1157.500
1785147855.046113014,15,24.968750,1154.500
1785147855.046113014,15,26.546875,1161.250
1785147855.046113014,15,47.703125,106.500
1785147855.046113014,12,163.078125,10260.000
1785147855.046113014,15,164.718750,10152.750
1785147855.046113014,14,181.093750,10558.250
1785147855.046113014,11,195.968750,5657.500
1785147855.046113014,15,210.765625,3876.500
1785147855.046113014,15,212.437500,3801.250
1785147855.046113014,15,225.593750,3009.500
1785147855.046113014,15,227.265625,2929.500
1785147855.046113014,13,228.937500,2852.500
1785147855.046113014,15,230.578125,2794.750
1785147855.046113014,15,232.218750,2741.750
1785147855.046113014,15,233.890625,2693.500
1785147855.046113014,15,235.515625,2654.000
1785147855.046113014,15,237.171875,2621.250
1785147855.046113014,13,238.828125,2587.000
1785147855.046113014,14,240.468750,2552.750
1785147855.046113014,15,242.093750,2528.500
1785147855.046113014,14,243.765625,2497.000
1785147855.046113014,15,245.390625,2470.750
1785147855.046113014,15,247.015625,2459.750
1785147855.046113014,15,248.687500,2448.000
1785147855.046113014,14,250.328125,2440.000
1785147855.046113014,13,252.031250,2427.250
1785147855.046113014,15,253.656250,2410.500
1785147855.046113014,7,255.312500,2396.500
1785147855.046113014,8,256.921875,2383.000
1785147855.046113014,10,258.578125,2378.250
1785147855.046113014,9,260.218750,2370.750
1785147855.046113014,10,261.890625,2361.750
1785147855.046113014,12,263.531250,2358.000
1785147855.046113014,10,265.140625,2355.750
1785147855.046113014,14,266.812500,2358.000
1785147855.046113014,11,268.406250,2364.250
1785147855.046113014,12,270.062500,2376.750
1785147855.046113014,15,271.718750,2391.250
1785147855.046113014,14,273.328125,2410.000
1785147855.046113014,15,274.890625,2427.500
1785147855.046113014,15,276.531250,2440.000
1785147855.046113014,15,278.156250,2451.000
1785147855.046113014,15,279.812500,2475.250
1785147855.046113014,15,281.421875,2501.750
1785147855.046113014,15,283.062500,2522.500
1785147855.046113014,12,284.703125,2553.750
1785147855.046113014,15,286.312500,2592.250
1785147855.046113014,15,287.937500,2627.000
1785147855.046113014,11,289.593750,2655.250
1785147855.046113014,15,291.187500,2691.250
1785147855.046113014,13,292.812500,2732.500
1785147855.046113014,10,294.468750,2777.250
1785147855.046113014,15,296.062500,2834.000
1785147855.046113014,10,297.718750,2881.250
1785147855.046113014,9,299.390625,2925.500
1785147855.046113014,15,301.000000,2983.750
1785147855.046113014,9,302.671875,3033.250
1785147855.046113014,8,304.296875,3079.000
1785147855.046113014,15,305.921875,3143.250
1785147855.046113014,15,307.562500,3206.750
1785147855.046113014,15,309.156250,3272.250
1785147855.046113014,15,312.421875,3467.750
1785147855.046113014,11,314.062500,3539.250
1785147855.046113014,15,315.687500,3612.500
1785147855.046113014,10,317.328125,3710.500
1785147855.046113014,14,322.218750,4096.750
1785147855.046113014,7,323.921875,4193.750
1785147855.046113014,12,328.812500,4715.750
1785147855.046113014,13,332.078125,5070.250
1785147855.046113014,8,335.328125,5574.500
1785147855.046113014,15,348.390625,9426.750
1785147855.156511068,15,356.656250,7048.000
1785147855.156511068,15,2.406250,1399.500
1785147855.156511068,15,8.156250,6775.250
1785147855.156511068,15,18.968750,1175.000
1785147855.156511068,15,20.656250,1148.000
1785147855.156511068,15,22.359375,1135.500
1785147855.156511068,15,23.921875,1136.250
1785147855.156511068,15,25.578125,1145.000
1785147855.156511068,15,27.218750,1164.750
1785147855.156511068,15,46.890625,108.250
1785147855.156511068,15,49.031250,106.000
1785147855.156511068,15,163.718750,10327.500
1785147855.156511068,15,165.359375,10187.000
1785147855.156511068,7,173.562500,10105.000
1785147855.156511068,15,181.703125,10258.750
1785147855.156511068,15,209.750000,4043.000
1785147855.156511068,10,213.031250,3854.250
1785147855.156511068,3,217.953125,3505.500
1785147855.156511068,11,219.625000,3409.000
1785147855.156511068,15,221.281250,3319.250
1785147855.156511068,15,222.906250,3225.750
1785147855.156511068,11,224.546875,3135.000
1785147855.156511068,15,226.187500,3065.000
1785147855.156511068,13,227.875000,2992.000
1785147855.156511068,15,229.562500,2902.000
1785147855.156511068,15,231.187500,2831.250
1785147855.156511068,15,232.812500,2779.250
1785147855.156511068,15,234.484375,2738.000
1785147855.156511068,13,236.140625,2695.250
1785147855.156511068,14,237.796875,2652.750
1785147855.156511068,15,239.437500,2613.500
1785147855.156511068,12,241.078125,2566.000
1785147855.156511068,15,242.687500,2531.000
1785147855.156511068,15,244.343750,2514.250
1785147855.156511068,12,245.968750,2488.500
1785147855.156511068,15,247.656250,2459.000
1785147855.156511068,15,249.281250,2450.750
1785147855.156511068,15,250.875000,2446.000
1785147855.156511068,15,252.546875,2436.750
1785147855.156511068,15,254.171875,2419.750
1785147855.156511068,15,255.781250,2398.500
1785147855.156511068,14,257.437500,2381.500
1785147855.156511068,10,259.093750,2362.500
1785147855.156511068,10,260.718750,2344.500
1785147855.156511068,14,262.343750,2335.750
1785147855.156511068,10,263.968750,2328.750
1785147855.156511068,11,265.625000,2323.500
1785147855.156511068,9,267.234375,2323.500
1785147855.156511068,14,268.921875,2323.000
1785147855.156511068,12,270.531250,2328.250
1785147855.156511068,10,272.156250,2345.500
1785147855.156511068,13,273.796875,2366.500
1785147855.156511068,15,275.406250,2390.000
1785147855.156511068,15,277.062500,2415.250
1785147855.156511068,15,278.671875,2431.500
1785147855.156511068,15,280.281250,2440.750
1785147855.156511068,13,281.921875,2453.500
1785147855.156511068,15,283.531250,2480.000
1785147855.156511068,15,285.187500,2516.500
1785147855.156511068,14,286.812500,2544.750
1785147855.156511068,11,288.437500,2565.000
1785147855.156511068,15,290.046875,2601.000
1785147855.156511068,13,291.671875,2635.000
1785147855.156511068,12,293.312500,2665.250
1785147855.156511068,15,294.921875,2720.250
1785147855.156511068,13,296.562500,2766.000
1785147855.156511068,15,298.171875,2805.750
1785147855.156511068,13,299.937500,2865.500
1785147855.156511068,11,301.578125,2913.500
1785147855.156511068,11,304.828125,3041.250
1785147855.156511068,13,308.109375,3186.000
1785147855.156511068,4,311.375000,3354.000
1785147855.156511068,14,314.625000,3568.250
1785147855.156511068,12,316.250000,3646.500
1785147855.156511068,11,319.515625,3923.000
1785147855.156511068,9,322.781250,4186.250
1785147855.156511068,11,327.671875,4753.750
1785147855.156511068,13,330.937500,5070.250
1785147855.156511068,15,348.859375,9304.750
1785147855.271056890,15,352.187500,7438.250
1785147855.271056890,15,355.484375,7132.750
1785147855.271056890,15,1.265625,1400.500
1785147855.271056890,15,6.984375,6737.000
1785147855.271056890,15,8.625000,6728.500
1785147855.271056890,15,10.250000,6775.500
1785147855.271056890,15,17.718750,1148.750
1785147855.271056890,15,19.421875,1127.000
1785147855.271056890,15,21.031250,1120.500
1785147855.271056890,15,22.734375,1121.000
1785147855.271056890,15,24.296875,1127.500
1785147855.271056890,15,25.890625,1137.000
1785147855.271056890,15,46.843750,107.250
1785147855.271056890,15,51.437500,101.750
1785147855.271056890,15,164.140625,10185.000
1785147855.271056890,8,173.984375,10219.250
1785147855.271056890,7,175.625000,10201.000
1785147855.271056890,8,177.265625,10161.000
1785147855.271056890,15,182.140625,10202.000
1785147855.271056890,15,195.328125,6185.000
1785147855.271056890,10,211.843750,4053.000
1785147855.271056890,15,213.500000,3964.250
1785147855.271056890,15,215.156250,3850.750
1785147855.271056890,9,220.125000,3468.000
1785147855.271056890,15,221.765625,3377.000
1785147855.271056890,12,225.078125,3197.750
1785147855.271056890,12,226.703125,3138.750
1785147855.271056890,15,228.343750,3065.500
1785147855.271056890,15,231.625000,2908.750
1785147855.271056890,15,233.265625,2870.500
1785147855.271056890,11,234.937500,2827.000
1785147855.271056890,15,236.546875,2776.750
1785147855.271056890,15,238.203125,2734.500
1785147855.271056890,14,239.875000,2688.500
1785147855.271056890,15,241.484375,2651.250
1785147855.271056890,15,243.156250,2622.000
1785147855.271056890,12,244.781250,2590.750
1785147855.271056890,15,246.421875,2564.250
1785147855.271056890,15,248.078125,2538.250
1785147855.271056890,15,249.734375,2528.500
1785147855.271056890,15,251.328125,2520.500
1785147855.271056890,15,253.015625,2503.000
1785147855.271056890,11,254.640625,2483.750
1785147855.271056890,13,256.265625,2468.000
1785147855.271056890,15,257.921875,2459.250
1785147855.271056890,15,259.546875,2446.750
1785147855.271056890,12,261.187500,2439.250
1785147855.271056890,13,262.812500,2438.000
1785147855.271056890,13,264.468750,2437.250
1785147855.271056890,15,266.109375,2437.250
1785147855.271056890,13,267.734375,2436.750
1785147855.271056890,15,269.375000,2438.000
1785147855.271056890,15,271.000000,2444.000
1785147855.271056890,14,272.625000,2453.750
1785147855.271056890,14,274.265625,2469.750
1785147855.271056890,15,275.937500,2490.000
1785147855.271056890,15,277.562500,2508.000
1785147855.271056890,15,279.187500,2524.500
1785147855.271056890,13,280.812500,2541.250
1785147855.271056890,12,282.437500,2565.750
1785147855.271056890,15,284.093750,2598.250
1785147855.271056890,15,285.703125,2627.250
1785147855.271056890,14,287.359375,2644.750
1785147855.271056890,12,288.968750,2664.250
1785147855.271056890,15,290.625000,2696.000
1785147855.271056890,15,292.265625,2731.500
1785147855.271056890,12,293.859375,2757.500
1785147855.271056890,15,295.500000,2803.000
1785147855.271056890,10,297.125000,2865.500
1785147855.271056890,11,298.890625,2901.250
1785147855.271056890,15,300.546875,2947.750
1785147855.271056890,13,302.140625,3010.250
1785147855.271056890,11,303.796875,3058.000
1785147855.271056890,15,305.421875,3124.500
1785147855.271056890,15,307.046875,3200.000
1785147855.271056890,15,308.718750,3269.250
1785147855.271056890,4,310.328125,3343.250
1785147855.271056890,8,313.593750,3525.750
1785147855.271056890,15,315.234375,3599.000
1785147855.271056890,15,316.875000,3687.500
1785147855.271056890,14,320.125000,3939.500
1785147855.271056890,10,323.375000,4170.250
1785147855.271056890,11,328.281250,4695.000
1785147855.271056890,10,331.546875,5020.000
1785147855.382380009,15,0.218750,1401.250
1785147855.382380009,15,5.968750,6774.000
1785147855.382380009,15,7.609375,6781.000
1785147855.382380009,15,9.250000,6785.500
1785147855.382380009,15,16.890625,1132.000
1785147855.382380009,15,18.515625,1113.500
1785147855.382380009,15,20.125000,1110.750
1785147855.382380009,15,21.718750,1113.250
1785147855.382380009,15,23.359375,1120.250
1785147855.382380009,15,24.953125,1135.000
1785147855.382380009,15,26.640625,1159.000
1785147855.382380009,15,47.515625,106.500
1785147855.382380009,7,174.546875,10250.750
1785147855.382380009,7,177.828125,10157.250
1785147855.382380009,15,181.125000,10276.250
1785147855.382380009,11,184.468750,7430.500
1785147855.382380009,11,210.875000,4066.250
1785147855.382380009,15,214.171875,3874.500
1785147855.382380009,7,224.109375,3221.000
1785147855.382380009,15,225.734375,3155.250
1785147855.382380009,10,227.312500,3082.250
1785147855.382380009,15,228.984375,3012.000
1785147855.382380009,15,230.609375,2935.000
1785147855.382380009,15,232.281250,2869.750
1785147855.382380009,15,233.906250,2816.500
1785147855.382380009,15,235.562500,2769.750
1785147855.382380009,15,237.218750,2729.250
1785147855.382380009,15,238.859375,2678.000
1785147855.382380009,14,240.500000,2640.750
1785147855.382380009,15,242.125000,2611.000
1785147855.382380009,12,243.765625,2572.500
1785147855.382380009,15,245.406250,2538.500
1785147855.382380009,15,247.062500,2515.000
1785147855.382380009,12,248.687500,2489.500
1785147855.382380009,14,250.328125,2467.250
1785147855.382380009,12,251.968750,2453.500
1785147855.382380009,12,253.593750,2444.500
1785147855.382380009,10,255.234375,2437.500
1785147855.382380009,15,256.890625,2426.250
1785147855.382380009,15,258.500000,2401.500
1785147855.382380009,7,260.156250,2374.000
1785147855.382380009,13,261.828125,2361.750
1785147855.382380009,11,263.421875,2353.500
1785147855.382380009,15,265.093750,2342.250
1785147855.382380009,9,266.687500,2337.750
1785147855.382380009,10,268.343750,2332.250
1785147855.382380009,12,269.968750,2328.750
1785147855.382380009,11,271.625000,2336.250
1785147855.382380009,8,273.250000,2343.750
1785147855.382380009,10,274.875000,2361.250
1785147855.382380009,15,276.500000,2383.000
1785147855.382380009,15,278.109375,2399.250
1785147855.382380009,15,279.750000,2419.000
1785147855.382380009,15,281.421875,2435.000
1785147855.382380009,14,283.046875,2442.000
1785147855.382380009,11,284.656250,2453.500
1785147855.382380009,15,286.281250,2487.000
1785147855.382380009,14,287.921875,2522.500
1785147855.382380009,8,289.531250,2543.750
1785147855.382380009,15,291.187500,2576.750
1785147855.382380009,15,292.781250,2617.750
1785147855.382380009,15,294.421875,2646.250
1785147855.382380009,15,296.031250,2683.500
1785147855.382380009,12,297.656250,2731.250
1785147855.382380009,11,299.390625,2780.250
1785147855.382380009,15,301.000000,2834.500
1785147855.382380009,10,302.656250,2885.250
1785147855.382380009,7,304.265625,2931.250
1785147855.382380009,15,305.890625,2984.250
1785147855.382380009,15,307.531250,3059.750
1785147855.382380009,15,309.156250,3141.750
1785147855.382380009,8,310.812500,3196.500
1785147855.382380009,7,314.046875,3347.250
1785147855.382380009,10,317.312500,3528.500
1785147855.382380009,15,318.937500,3620.250
1785147855.382380009,9,320.562500,3729.000
1785147855.382380009,11,323.859375,3951.750
1785147855.494654894,15,351.562500,7470.750
1785147855.494654894,15,354.859375,7088.500
1785147855.494654894,15,358.953125,1405.750
1785147855.494654894,15,4.703125,6734.000
1785147855.494654894,15,6.343750,6749.500
1785147855.494654894,15,15.593750,1134.500
1785147855.494654894,15,17.296875,1123.250
1785147855.494654894,15,18.968750,1103.500
1785147855.494654894,15,20.531250,1100.250
1785147855.494654894,15,22.171875,1110.250
1785147855.494654894,15,23.859375,1125.500
1785147855.494654894,15,25.453125,1145.750
1785147855.494654894,15,27.062500,1176.500
1785147855.494654894,15,46.687500,107.750
1785147855.494654894,15,165.093750,10228.750
1785147855.494654894,10,211.265625,4056.000
1785147855.494654894,15,212.890625,3968.500
1785147855.494654894,15,214.546875,3857.500
1785147855.494654894,15,216.187500,3761.000
1785147855.494654894,15,226.109375,3173.750
1785147855.494654894,15,229.375000,3032.000
1785147855.494654894,15,231.015625,2975.500
1785147855.494654894,15,232.671875,2902.500
1785147855.494654894,15,234.328125,2848.500
1785147855.494654894,15,235.968750,2801.250
1785147855.494654894,13,237.625000,2760.250
1785147855.494654894,15,239.265625,2721.750
1785147855.494654894,13,240.890625,2678.750
1785147855.494654894,13,242.531250,2644.500
1785147855.494654894,15,244.203125,2619.500
1785147855.494654894,12,245.828125,2586.500
1785147855.494654894,11,247.484375,2556.000
1785147855.494654894,15,249.140625,2543.750
1785147855.494654894,13,250.750000,2539.250
1785147855.494654894,12,252.359375,2532.500
1785147855.494654894,13,254.031250,2527.750
1785147855.494654894,14,255.656250,2524.500
1785147855.494654894,15,257.265625,2512.000
1785147855.494654894,15,258.921875,2498.250
1785147855.494654894,10,260.531250,2483.500
1785147855.494654894,11,262.203125,2464.000
1785147855.494654894,11,263.828125,2458.000
1785147855.494654894,11,265.484375,2465.250
1785147855.494654894,10,267.093750,2463.250
1785147855.494654894,15,268.734375,2456.250
1785147855.494654894,12,270.390625,2459.000
1785147855.494654894,9,272.000000,2468.500
1785147855.494654894,15,273.656250,2484.750
1785147855.494654894,15,275.296875,2500.750
1785147855.494654894,15,276.875000,2512.500
1785147855.494654894,15,278.546875,2523.750
1785147855.494654894,14,280.171875,2532.500
1785147855.494654894,12,281.796875,2539.500
1785147855.494654894,8,283.437500,2556.000
1785147855.494654894,15,285.078125,2584.750
1785147855.494654894,14,286.687500,2614.250
1785147855.494654894,15,288.328125,2632.250
1785147855.494654894,14,289.953125,2647.500
1785147855.494654894,11,291.578125,2672.750
1785147855.494654894,15,293.218750,2703.000
1785147855.494654894,13,294.859375,2737.250
1785147855.494654894,10,296.468750,2777.250
1785147855.494654894,10,298.109375,2837.500
1785147855.494654894,11,299.796875,2885.000
1785147855.494654894,15,301.406250,2926.750
1785147855.494654894,15,303.046875,2987.750
1785147855.494654894,11,304.703125,3031.000
1785147855.494654894,9,307.984375,3171.750
1785147855.494654894,15,309.578125,3231.000
1785147855.494654894,8,311.218750,3314.250
1785147855.494654894,14,314.484375,3506.000
1785147855.494654894,15,316.109375,3595.750
1785147855.494654894,12,317.750000,3704.000
1785147855.494654894,15,322.640625,4098.750
1785147855.609011889,15,352.078125,7487.750
1785147855.609011889,15,357.796875,1412.000
1785147855.609011889,15,5.234375,6769.000
1785147855.609011889,15,14.406250,1130.750
1785147855.609011889,15,19.421875,1092.750
1785147855.609011889,15,21.093750,1100.000
1785147855.609011889,15,22.656250,1113.750
1785147855.609011889,15,24.250000,1136.000
1785147855.609011889,15,25.890625,1161.500
1785147855.609011889,15,47.390625,107.750
1785147855.609011889,15,50.312500,101.750
1785147855.609011889,15,165.546875,10133.750
1785147855.609011889,11,178.671875,10168.750
1785147855.609011889,12,213.265625,3927.250
1785147855.609011889,9,228.093750,3107.500
1785147855.609011889,15,229.734375,3048.500
1785147855.609011889,11,231.375000,2988.500
1785147855.609011889,15,233.015625,2907.250
1785147855.609011889,15,234.656250,2857.750
1785147855.609011889,13,236.328125,2815.750
1785147855.609011889,15,237.937500,2770.000
1785147855.609011889,15,239.593750,2730.000
1785147855.609011889,12,241.234375,2688.500
1785147855.609011889,15,242.906250,2655.500
1785147855.609011889,15,244.531250,2627.500
1785147855.609011889,15,246.171875,2601.750
1785147855.609011889,12,247.828125,2572.750
1785147855.609011889,15,249.453125,2553.250
1785147855.609011889,15,251.093750,2541.250
1785147855.609011889,15,252.750000,2530.750
1785147855.609011889,15,254.375000,2518.750
1785147855.609011889,15,256.000000,2509.250
1785147855.609011889,15,257.656250,2503.750
1785147855.609011889,9,259.312500,2485.750
1785147855.609011889,11,260.937500,2467.000
1785147855.609011889,14,262.593750,2459.500
1785147855.609011889,11,264.203125,2458.500
1785147855.609011889,13,265.859375,2458.000
1785147855.609011889,13,267.500000,2453.000
1785147855.609011889,15,269.140625,2455.500
1785147855.609011889,14,270.750000,2468.000
1785147855.609011889,10,272.406250,2476.750
1785147855.609011889,15,274.031250,2494.000
1785147855.609011889,11,275.625000,2519.000
1785147855.609011889,13,277.296875,2534.750
1785147855.609011889,15,278.906250,2538.000
1785147855.609011889,12,280.546875,2543.000
1785147855.609011889,12,282.203125,2557.000
1785147855.609011889,15,283.796875,2585.500
1785147855.609011889,15,285.468750,2618.750
1785147855.609011889,15,287.093750,2638.500
1785147855.609011889,13,288.718750,2649.500
1785147855.609011889,10,290.359375,2672.750
1785147855.609011889,15,291.968750,2706.750
1785147855.609011889,12,293.609375,2740.000
1785147855.609011889,11,295.234375,2777.750
1785147855.609011889,15,296.843750,2830.000
1785147855.609011889,10,298.593750,2877.000
1785147855.609011889,15,300.218750,2921.000
1785147855.609011889,15,301.859375,2979.250
1785147855.609011889,11,303.484375,3026.750
1785147855.609011889,15,305.140625,3070.000
1785147855.609011889,15,308.375000,3226.500
1785147855.609011889,13,310.031250,3302.750
1785147855.609011889,15,311.640625,3398.500
1785147855.609011889,15,313.281250,3476.500
1785147855.609011889,7,314.906250,3549.000
1785147855.609011889,13,316.546875,3639.250
1785147855.609011889,11,319.812500,3910.750
1785147855.609011889,12,323.078125,4156.000
1785147855.609011889,10,327.968750,4729.250
1785147855.720573902,15,350.906250,7544.250
1785147855.720573902,15,356.640625,1414.750
1785147855.720573902,15,4.093750,6732.500
1785147855.720573902,15,13.343750,1085.250
1785147855.720573902,15,14.906250,1081.250
1785147855.720573902,15,16.562500,1081.500
1785147855.720573902,15,18.171875,1084.250
1785147855.720573902,15,19.843750,1091.250
1785147855.720573902,15,21.468750,1106.750
1785147855.720573902,15,23.093750,1128.500
1785147855.720573902,15,24.703125,1153.250
1785147855.720573902,15,26.312500,1180.000
1785147855.720573902,15,47.343750,106.750
1785147855.720573902,15,164.453125,10215.250
1785147855.720573902,15,166.093750,10118.000
1785147855.720573902,9,174.296875,10111.500
1785147855.720573902,15,182.484375,10304.750
1785147855.720573902,7,197.343750,5728.500
1785147855.720573902,8,230.265625,2982.000
1785147855.720573902,12,235.234375,2820.500
1785147855.720573902,8,236.875000,2751.750
1785147855.720573902,10,238.500000,2703.500
1785147855.720573902,6,240.171875,2673.000
1785147855.720573902,14,241.796875,2641.250
1785147855.720573902,8,243.437500,2610.250
1785147855.720573902,11,245.093750,2566.750
1785147855.720573902,15,246.734375,2540.750
1785147855.720573902,15,248.359375,2524.500
1785147855.720573902,15,250.015625,2500.750
1785147855.720573902,11,251.734375,2478.000
1785147855.720573902,12,253.359375,2463.250
1785147855.720573902,13,255.015625,2453.250
1785147855.720573902,11,256.625000,2442.500
1785147855.720573902,14,258.296875,2438.750
1785147855.720573902,15,259.953125,2435.750
1785147855.720573902,15,261.578125,2430.750
1785147855.720573902,15,263.218750,2421.500
1785147855.720573902,15,264.875000,2413.750
1785147855.720573902,13,266.500000,2416.000
1785147855.720573902,15,268.140625,2412.250
1785147855.720573902,15,269.796875,2411.500
1785147855.720573902,12,271.421875,2427.250
1785147855.720573902,14,273.078125,2440.000
1785147855.720573902,13,274.640625,2439.250
1785147855.720573902,14,276.265625,2454.000
1785147855.720573902,15,277.890625,2482.500
1785147855.720573902,15,279.531250,2498.500
1785147855.720573902,14,281.156250,2509.000
1785147855.720573902,12,282.781250,2523.750
1785147855.720573902,13,284.421875,2541.750
1785147855.720573902,9,286.062500,2562.250
1785147855.720573902,15,287.671875,2591.500
1785147855.720573902,13,289.312500,2622.750
1785147855.720573902,13,290.953125,2647.750
1785147855.720573902,12,292.562500,2676.000
1785147855.720573902,15,294.203125,2703.250
1785147855.720573902,13,295.828125,2740.750
1785147855.720573902,15,297.468750,2784.750
1785147855.720573902,15,299.203125,2823.000
1785147855.720573902,10,300.828125,2869.000
1785147855.720573902,6,302.484375,2915.500
1785147855.720573902,15,304.125000,2972.000
1785147855.720573902,11,305.734375,3023.750
1785147855.720573902,15,307.375000,3086.750
1785147855.720573902,11,309.000000,3164.000
1785147855.720573902,15,310.625000,3218.750
1785147855.720573902,12,315.546875,3502.750
1785147855.720573902,8,318.796875,3724.750
1785147855.720573902,13,323.703125,4100.500
1785147855.832003117,15,355.640625,1431.250
1785147855.832003117,15,358.156250,6705.750
1785147855.832003117,15,3.078125,6650.500
1785147855.832003117,15,12.343750,1092.250
1785147855.832003117,15,14.046875,1076.250
1785147855.832003117,15,15.640625,1066.500
1785147855.832003117,15,17.234375,1070.000
1785147855.832003117,15,18.890625,1084.250
1785147855.832003117,15,20.500000,1106.000
1785147855.832003117,15,22.093750,1123.500
1785147855.832003117,15,23.671875,1146.500
1785147855.832003117,15,25.328125,1172.250
1785147855.832003117,15,26.890625,1201.500
1785147855.832003117,15,46.812500,108.250
1785147855.832003117,15,48.125000,106.000
1785147855.832003117,15,165.265625,10191.000
1785147855.832003117,7,173.468750,10113.000
1785147855.832003117,8,175.125000,10138.250
1785147855.832003117,10,176.765625,10114.500
1785147855.832003117,11,178.312500,10095.500
1785147855.832003117,8,181.593750,10124.000
1785147855.832003117,7,198.046875,6076.500
1785147855.832003117,10,231.078125,2975.000
1785147855.832003117,6,240.937500,2688.000
1785147855.832003117,13,242.593750,2662.500
1785147855.832003117,15,244.234375,2629.500
1785147855.832003117,10,245.859375,2589.000
1785147855.832003117,12,247.515625,2557.250
1785147855.832003117,14,249.171875,2543.000
1785147855.832003117,14,250.812500,2536.250
1785147855.832003117,15,252.468750,2513.000
1785147855.832003117,8,254.125000,2484.000
1785147855.832003117,10,255.765625,2469.000
1785147855.832003117,11,257.375000,2460.000
1785147855.832003117,13,259.046875,2450.250
1785147855.832003117,12,260.656250,2442.750
1785147855.832003117,13,262.312500,2441.500
1785147855.832003117,12,263.968750,2439.250
1785147855.832003117,13,265.578125,2435.000
1785147855.832003117,12,267.218750,2430.250
1785147855.832003117,15,268.890625,2421.250
1785147855.832003117,12,270.500000,2427.000
1785147855.832003117,13,272.125000,2438.500
1785147855.832003117,14,273.781250,2442.750
1785147855.832003117,11,275.328125,2454.500
1785147855.832003117,15,276.953125,2477.500
1785147855.832003117,15,278.609375,2502.250
1785147855.832003117,14,280.218750,2519.500
1785147855.832003117,10,281.875000,2530.000
1785147855.832003117,13,283.468750,2543.000
1785147855.832003117,15,285.109375,2576.750
1785147855.832003117,15,286.750000,2613.750
1785147855.832003117,15,288.390625,2633.000
1785147855.832003117,10,290.000000,2650.000
1785147855.832003117,15,291.625000,2686.750
1785147855.832003117,15,293.250000,2718.000
1785147855.832003117,12,294.875000,2741.000
1785147855.832003117,15,296.500000,2792.500
1785147855.832003117,15,298.125000,2851.500
1785147855.832003117,10,299.875000,2887.500
1785147855.832003117,15,303.140625,3010.500
1785147855.832003117,14,304.781250,3042.000
1785147855.832003117,9,308.062500,3186.750
1785147855.832003117,5,311.328125,3339.750
1785147855.832003117,15,312.937500,3421.250
1785147855.832003117,15,314.593750,3508.250
1785147855.832003117,15,316.218750,3594.500
1785147855.832003117,14,317.843750,3694.500
1785147855.832003117,14,321.093750,3933.000
1785147855.832003117,9,332.593750,5076.500
1785147855.945925236,15,353.062500,1428.250
1785147855.945925236,13,0.437500,6963.500
1785147855.945925236,15,2.078125,6804.500
1785147855.945925236,15,9.734375,1085.750
1785147855.945925236,15,11.343750,1082.500
1785147855.945925236,15,13.062500,1069.750
1785147855.945925236,15,14.609375,1061.500
1785147855.945925236,15,16.328125,1067.000
1785147855.945925236,15,17.875000,1081.500
1785147855.945925236,15,19.484375,1102.750
1785147855.945925236,15,21.125000,1120.750
1785147855.945925236,15,22.781250,1143.750
1785147855.945925236,15,24.343750,1167.250
1785147855.945925236,15,25.937500,1188.750
1785147855.945925236,15,47.093750,107.500
1785147855.945925236,15,51.703125,101.500
1785147855.945925236,15,165.890625,10063.750
1785147855.945925236,8,178.937500,10156.500
1785147855.945925236,15,182.203125,10360.750
1785147855.945925236,15,185.531250,7310.250
1785147855.945925236,11,241.546875,2704.000
1785147855.945925236,10,243.187500,2674.250
1785147855.945925236,15,244.828125,2640.500
1785147855.945925236,15,246.468750,2612.750
1785147855.945925236,10,248.109375,2575.750
1785147855.945925236,13,249.765625,2544.500
1785147855.945925236,13,251.343750,2536.250
1785147855.945925236,11,253.015625,2531.250
1785147855.945925236,15,254.656250,2514.500
1785147855.945925236,15,256.296875,2497.500
1785147855.945925236,8,257.906250,2485.500
1785147855.945925236,12,259.562500,2475.000
1785147855.945925236,15,261.187500,2456.250
1785147855.945925236,12,262.843750,2441.500
1785147855.945925236,12,264.468750,2439.750
1785147855.945925236,13,266.109375,2439.250
1785147855.945925236,14,267.750000,2438.500
1785147855.945925236,13,269.390625,2438.750
1785147855.945925236,11,271.000000,2443.250
1785147855.945925236,15,272.656250,2451.000
1785147855.945925236,15,274.265625,2459.750
1785147855.945925236,15,275.890625,2480.500
1785147855.945925236,15,277.531250,2505.750
1785147855.945925236,15,279.203125,2521.250
1785147855.945925236,13,280.812500,2525.500
1785147855.945925236,14,282.453125,2534.000
1785147855.945925236,11,284.093750,2546.750
1785147855.945925236,11,285.687500,2564.750
1785147855.945925236,15,287.312500,2598.000
1785147855.945925236,15,288.984375,2628.250
1785147855.945925236,13,290.609375,2648.750
1785147855.945925236,10,292.203125,2672.000
1785147855.945925236,15,293.859375,2711.000
1785147855.945925236,10,295.500000,2744.000
1785147855.945925236,10,297.109375,2778.000
1785147855.945925236,15,298.828125,2838.500
1785147855.945925236,10,300.484375,2887.750
1785147855.945925236,15,302.125000,2940.750
1785147855.945925236,11,303.734375,3006.250
1785147855.945925236,8,305.390625,3045.500
1785147855.945925236,10,308.640625,3186.250
1785147855.945925236,15,310.296875,3243.000
1785147855.945925236,4,311.906250,3326.000
1785147855.945925236,15,313.546875,3426.250
1785147855.945925236,8,315.171875,3520.250
1785147855.945925236,15,316.796875,3613.500
1785147855.945925236,15,318.453125,3704.750
1785147855.945925236,12,321.718750,3932.500
1785147855.945925236,9,325.000000,4169.000
1785147855.945925236,11,329.921875,4745.000
1785147855.945925236,13,333.171875,5137.250
1785147856.057624102,15,351.843750,1608.000
1785147856.057624102,15,357.734375,6799.750
1785147856.057624102,15,8.750000,1078.250
1785147856.057624102,15,10.375000,1062.000
1785147856.057624102,15,11.968750,1051.500
1785147856.057624102,15,13.562500,1053.250
1785147856.057624102,15,15.218750,1060.500
1785147856.057624102,15,16.859375,1078.750
1785147856.057624102,15,18.406250,1100.250
1785147856.057624102,15,20.078125,1118.000
1785147856.057624102,15,21.687500,1137.750
1785147856.057624102,15,23.312500,1159.750
1785147856.057624102,15,24.937500,1183.250
1785147856.057624102,15,26.531250,1211.750
1785147856.057624102,15,47.765625,106.500
1785147856.057624102,15,164.828125,10219.250
1785147856.057624102,15,166.453125,10094.250
1785147856.057624102,10,174.671875,10079.500
1785147856.057624102,15,182.812500,10525.750
1785147856.057624102,15,229.078125,2993.250
1785147856.057624102,8,230.750000,2933.250
1785147856.057624102,15,232.406250,2875.500
1785147856.057624102,13,234.046875,2832.250
1785147856.057624102,8,235.671875,2783.250
1785147856.057624102,15,237.343750,2743.750
1785147856.057624102,15,238.953125,2709.000
1785147856.057624102,12,240.625000,2667.500
1785147856.057624102,15,242.265625,2635.500
1785147856.057624102,15,243.921875,2613.250
1785147856.057624102,10,245.578125,2583.750
1785147856.057624102,13,248.859375,2541.250
1785147856.057624102,8,253.718750,2497.250
1785147856.057624102,8,255.359375,2471.250
1785147856.057624102,8,256.984375,2459.750
1785147856.057624102,8,260.296875,2446.000
1785147856.057624102,12,261.937500,2439.750
1785147856.057624102,13,263.562500,2440.250
1785147856.057624102,15,265.203125,2436.750
1785147856.057624102,15,266.828125,2432.250
1785147856.057624102,15,268.453125,2426.250
1785147856.057624102,15,270.093750,2430.500
1785147856.057624102,15,271.734375,2443.000
1785147856.057624102,12,273.343750,2450.500
1785147856.057624102,12,274.968750,2466.500
1785147856.057624102,15,276.578125,2487.750
1785147856.057624102,12,278.234375,2511.500
1785147856.057624102,13,279.859375,2530.750
1785147856.057624102,13,281.468750,2540.000
1785147856.057624102,12,283.109375,2554.000
1785147856.057624102,15,284.734375,2580.250
1785147856.057624102,15,286.375000,2618.000
1785147856.057624102,14,288.000000,2641.750
1785147856.057624102,10,289.609375,2658.000
1785147856.057624102,15,291.281250,2699.250
1785147856.057624102,11,292.890625,2741.000
1785147856.057624102,9,294.515625,2777.750
1785147856.057624102,15,296.125000,2833.000
1785147856.057624102,9,297.765625,2883.250
1785147856.057624102,15,299.515625,2927.750
1785147856.057624102,15,301.140625,2985.500
1785147856.057624102,12,302.796875,3031.250
1785147856.057624102,15,304.421875,3068.250
1785147856.057624102,15,307.687500,3213.000
1785147856.057624102,14,309.312500,3283.500
1785147856.057624102,6,310.968750,3371.250
1785147856.057624102,15,314.203125,3565.500
1785147856.057624102,15,315.859375,3660.500
1785147856.057624102,13,319.109375,3881.500
1785147856.057624102,11,322.390625,4130.500
1785147856.057624102,13,330.515625,5040.500
1785147856.057624102,15,344.468750,1399.750
1785147856.057624102,15,350.859375,1604.750
1785147856.168587923,15,356.734375,6676.500
1785147856.168587923,15,6.046875,1081.250
1785147856.168587923,15,9.359375,1043.000
1785147856.168587923,15,11.031250,1046.250
1785147856.168587923,15,12.671875,1046.500
1785147856.168587923,15,14.281250,1059.750
1785147856.168587923,15,15.812500,1082.750
1785147856.168587923,15,17.484375,1097.750
1785147856.168587923,15,19.078125,1117.250
1785147856.168587923,15,20.687500,1137.250
1785147856.168587923,15,22.375000,1156.500
1785147856.168587923,15,23.937500,1178.750
1785147856.168587923,15,25.593750,1204.000
1785147856.168587923,15,45.546875,107.750
1785147856.168587923,15,165.484375,10016.750
1785147856.168587923,9,176.968750,10078.750
1785147856.168587923,15,183.578125,10577.750
1785147856.168587923,10,229.843750,3112.250
1785147856.168587923,14,231.484375,3033.250
1785147856.168587923,9,233.109375,2980.000
1785147856.168587923,8,234.765625,2956.000
1785147856.168587923,8,242.984375,2714.500
1785147856.168587923,14,247.937500,2605.000
1785147856.168587923,10,249.609375,2565.750
1785147856.168587923,9,254.500000,2506.750
1785147856.168587923,7,257.796875,2479.000
1785147856.168587923,8,259.437500,2481.500
1785147856.168587923,7,261.062500,2477.250
1785147856.168587923,5,264.343750,2463.250
1785147856.168587923,13,266.000000,2437.000
1785147856.168587923,15,267.625000,2427.750
1785147856.168587923,11,269.250000,2436.750
1785147856.168587923,15,270.937500,2442.250
1785147856.168587923,13,272.562500,2448.750
1785147856.168587923,10,274.171875,2456.250
1785147856.168587923,13,275.796875,2462.500
1785147856.168587923,15,277.390625,2481.250
1785147856.168587923,15,279.062500,2503.000
1785147856.168587923,14,280.687500,2517.000
1785147856.168587923,13,282.296875,2528.750
1785147856.168587923,14,283.937500,2542.000
1785147856.168587923,8,285.578125,2566.000
1785147856.168587923,15,287.218750,2599.500
1785147856.168587923,15,288.812500,2630.500
1785147856.168587923,15,290.484375,2648.750
1785147856.168587923,15,292.078125,2671.500
1785147856.168587923,15,293.734375,2710.250
1785147856.168587923,11,295.375000,2745.750
1785147856.168587923,10,296.984375,2777.500
1785147856.168587923,15,298.687500,2822.000
1785147856.168587923,11,300.343750,2866.250
1785147856.168587923,8,301.953125,2906.750
1785147856.168587923,15,303.609375,2967.750
1785147856.168587923,15,305.234375,3022.500
1785147856.168587923,15,306.859375,3085.250
1785147856.168587923,14,308.468750,3160.250
1785147856.168587923,15,310.109375,3215.250
1785147856.168587923,15,311.734375,3290.000
1785147856.168587923,15,315.031250,3492.750
1785147856.168587923,13,318.265625,3691.000
1785147856.168587923,9,321.546875,3910.250
1785147856.168587923,9,324.812500,4170.250
1785147856.168587923,9,329.671875,4749.250
1785147856.168587923,15,349.984375,1603.750
1785147856.283585072,15,352.562500,7179.500
1785147856.283585072,13,355.843750,6827.500
1785147856.283585072,15,3.531250,1072.250
1785147856.283585072,15,5.250000,1066.000
1785147856.283585072,15,6.875000,1050.750
1785147856.283585072,15,8.562500,1039.500
1785147856.283585072,15,10.156250,1040.250
1785147856.283585072,15,11.765625,1045.500
1785147856.283585072,15,13.390625,1064.250
1785147856.283585072,15,15.000000,1084.000
1785147856.283585072,15,16.609375,1097.500
1785147856.283585072,15,18.296875,1116.750
1785147856.283585072,15,19.921875,1134.500
1785147856.283585072,15,21.531250,1152.000
1785147856.283585072,15,23.078125,1173.250
1785147856.283585072,15,24.703125,1195.000
1785147856.283585072,15,26.343750,1222.500
1785147856.283585072,15,46.546875,106.500
1785147856.283585072,15,166.156250,10086.750
1785147856.283585072,12,205.656250,4791.250
1785147856.283585072,7,230.359375,3113.500
1785147856.283585072,13,232.000000,3049.000
1785147856.283585072,9,233.656250,2995.500
1785147856.283585072,11,246.796875,2700.750
1785147856.283585072,6,248.453125,2678.000
1785147856.283585072,11,250.062500,2652.000
1785147856.283585072,11,251.734375,2641.500
1785147856.283585072,15,253.375000,2630.500
1785147856.283585072,15,255.000000,2609.750
1785147856.283585072,15,256.671875,2594.750
1785147856.283585072,7,258.281250,2582.250
1785147856.283585072,12,259.906250,2565.250
1785147856.283585072,12,261.578125,2551.750
1785147856.283585072,11,263.187500,2548.000
1785147856.283585072,10,264.843750,2546.000
1785147856.283585072,13,266.500000,2541.500
1785147856.283585072,11,268.125000,2539.750
1785147856.283585072,13,269.781250,2540.750
1785147856.283585072,9,271.390625,2548.750
1785147856.283585072,8,273.000000,2568.750
1785147856.283585072,15,274.656250,2597.250
1785147856.283585072,15,276.296875,2621.000
1785147856.283585072,13,277.906250,2638.500
1785147856.283585072,15,279.562500,2648.750
1785147856.283585072,11,281.203125,2654.500
1785147856.283585072,11,282.843750,2668.750
1785147856.283585072,15,284.437500,2706.250
1785147856.283585072,14,286.062500,2746.750
1785147856.283585072,10,287.718750,2762.750
1785147856.283585072,11,289.359375,2783.500
1785147856.283585072,15,290.968750,2819.250
1785147856.283585072,10,292.609375,2858.750
1785147856.283585072,9,294.234375,2889.750
1785147856.283585072,9,295.875000,2916.500
1785147856.283585072,15,297.500000,2968.500
1785147856.283585072,15,299.203125,3012.000
1785147856.283585072,9,300.843750,3038.000
1785147856.283585072,15,302.515625,3083.500
1785147856.283585072,15,304.140625,3131.000
1785147856.283585072,10,305.765625,3181.500
1785147856.283585072,15,307.390625,3258.250
1785147856.283585072,4,309.015625,3334.500
1785147856.283585072,15,310.671875,3416.750
1785147856.283585072,14,312.312500,3499.500
1785147856.283585072,15,313.937500,3586.250
1785147856.283585072,13,315.578125,3689.750
1785147856.283585072,14,317.187500,3789.750
1785147856.283585072,13,318.828125,3887.500
1785147856.283585072,15,322.093750,4128.000
1785147856.283585072,8,328.578125,4761.750
1785147856.283585072,10,331.843750,5105.000
1785147856.283585072,15,339.171875,1380.750
1785147856.283585072,15,348.875000,1596.750
1785147856.395352125,15,353.109375,7136.000
1785147856.395352125,15,2.406250,1072.500
1785147856.395352125,15,5.781250,1035.250
1785147856.395352125,15,7.484375,1036.250
1785147856.395352125,15,9.046875,1035.250
1785147856.395352125,15,10.750000,1044.250
1785147856.395352125,15,12.265625,1065.000
1785147856.395352125,15,13.875000,1080.500
1785147856.395352125,15,15.500000,1095.500
1785147856.395352125,15,17.140625,1111.000
1785147856.395352125,15,18.750000,1126.500
1785147856.395352125,15,20.390625,1145.000
1785147856.395352125,15,22.000000,1165.000
1785147856.395352125,15,23.562500,1185.750
1785147856.395352125,15,25.187500,1211.750
1785147856.395352125,15,47.921875,106.250
1785147856.395352125,13,164.937500,10155.250
1785147856.395352125,15,166.578125,10046.500
1785147856.395352125,15,230.765625,3044.250
1785147856.395352125,13,232.421875,2972.500
1785147856.395352125,13,234.078125,2907.750
1785147856.395352125,15,235.687500,2868.500
1785147856.395352125,15,237.359375,2821.750
1785147856.395352125,15,238.984375,2770.500
1785147856.395352125,15,240.640625,2736.250
1785147856.395352125,10,242.281250,2697.250
1785147856.395352125,10,243.921875,2664.500
1785147856.395352125,8,245.546875,2635.250
1785147856.395352125,10,248.828125,2582.250
1785147856.395352125,9,255.484375,2519.750
1785147856.395352125,11,257.093750,2487.500
1785147856.395352125,10,258.734375,2487.000
1785147856.395352125,11,260.375000,2488.250
1785147856.395352125,12,265.296875,2483.000
1785147856.395352125,6,268.578125,2463.000
1785147856.395352125,6,270.187500,2451.000
1785147856.395352125,15,271.828125,2466.250
1785147856.395352125,15,273.453125,2492.250
1785147856.395352125,13,275.031250,2515.000
1785147856.395352125,11,276.687500,2533.000
1785147856.395352125,15,278.328125,2535.250
1785147856.395352125,12,279.968750,2546.250
1785147856.395352125,9,281.578125,2570.500
1785147856.395352125,15,283.203125,2595.750
1785147856.395352125,11,284.843750,2630.500
1785147856.395352125,10,286.484375,2655.750
1785147856.395352125,15,288.093750,2685.250
1785147856.395352125,13,289.734375,2727.750
1785147856.395352125,8,291.328125,2754.500
1785147856.395352125,8,292.984375,2784.500
1785147856.395352125,15,294.625000,2841.500
1785147856.395352125,9,296.234375,2889.500
1785147856.395352125,15,297.843750,2941.000
1785147856.395352125,10,299.593750,3005.750
1785147856.395352125,9,301.203125,3045.500
1785147856.395352125,15,302.859375,3092.750
1785147856.395352125,6,304.484375,3161.750
1785147856.395352125,15,306.109375,3222.250
1785147856.395352125,13,307.781250,3295.500
1785147856.395352125,14,309.390625,3383.000
1785147856.395352125,14,311.015625,3460.250
1785147856.395352125,8,312.656250,3540.250
1785147856.395352125,15,314.281250,3635.750
1785147856.395352125,6,315.890625,3731.750
1785147856.395352125,14,320.796875,4088.000
1785147856.395352125,9,322.468750,4149.500
1785147856.395352125,13,330.593750,5063.750
1785147856.395352125,15,336.328125,1390.750
1785147856.395352125,15,347.687500,1565.500
1785147856.506220102,15,351.906250,7150.250
1785147856.506220102,15,353.546875,7041.500
1785147856.506220102,15,359.625000,1070.750
1785147856.506220102,15,1.312500,1049.250
1785147856.506220102,15,2.984375,1034.000
1785147856.506220102,15,4.578125,1031.500
1785147856.506220102,15,6.203125,1028.250
1785147856.506220102,15,7.921875,1025.750
1785147856.506220102,15,9.500000,1041.000
1785147856.506220102,15,11.156250,1063.250
1785147856.506220102,15,12.656250,1076.500
1785147856.506220102,15,14.265625,1091.500
1785147856.506220102,15,15.875000,1105.500
1785147856.506220102,15,17.531250,1118.500
1785147856.506220102,15,19.171875,1137.250
1785147856.506220102,15,20.750000,1157.500
1785147856.506220102,15,22.359375,1178.250
1785147856.506220102,15,23.984375,1199.500
1785147856.506220102,15,25.609375,1223.000
1785147856.506220102,15,46.734375,107.750
1785147856.506220102,15,165.453125,10197.250
1785147856.506220102,15,167.109375,10046.500
1785147856.506220102,8,180.187500,10102.750
1785147856.506220102,15,181.812500,10320.250
1785147856.506220102,15,183.453125,10551.000
1785147856.506220102,14,186.796875,7408.500
1785147856.506220102,12,208.171875,4767.500
1785147856.506220102,11,218.046875,3893.500
1785147856.506220102,15,231.234375,3158.500
1785147856.506220102,13,232.890625,3091.000
1785147856.506220102,15,234.515625,3041.250
1785147856.506220102,13,236.156250,2987.500
1785147856.506220102,12,237.828125,2930.500
1785147856.506220102,15,239.453125,2883.750
1785147856.506220102,10,241.125000,2823.750
1785147856.506220102,8,247.687500,2699.500
1785147856.506220102,8,249.312500,2681.250
1785147856.506220102,9,254.281250,2629.750
1785147856.506220102,7,257.562500,2580.250
1785147856.506220102,8,260.828125,2561.750
1785147856.506220102,10,262.453125,2547.250
1785147856.506220102,8,265.750000,2520.500
1785147856.506220102,8,267.375000,2492.000
1785147856.506220102,15,269.000000,2493.000
1785147856.506220102,15,270.671875,2504.500
1785147856.506220102,11,272.312500,2508.000
1785147856.506220102,14,273.937500,2509.250
1785147856.506220102,15,275.546875,2525.500
1785147856.506220102,14,277.156250,2540.750
1785147856.506220102,8,278.781250,2542.000
1785147856.506220102,11,280.406250,2546.750
1785147856.506220102,8,282.015625,2566.250
1785147856.506220102,15,283.687500,2591.250
1785147856.506220102,13,285.281250,2620.500
1785147856.506220102,11,286.937500,2650.250
1785147856.506220102,11,288.531250,2666.250
1785147856.506220102,15,290.171875,2696.000
1785147856.506220102,15,291.812500,2729.000
1785147856.506220102,10,293.453125,2751.750
1785147856.506220102,9,295.078125,2783.750
1785147856.506220102,15,296.703125,2831.250
1785147856.506220102,7,298.328125,2880.750
1785147856.506220102,15,300.062500,2931.000
1785147856.506220102,15,301.671875,2991.250
1785147856.506220102,11,303.312500,3038.250
1785147856.506220102,14,304.953125,3088.750
1785147856.506220102,7,306.578125,3165.750
1785147856.506220102,15,308.203125,3234.250
1785147856.506220102,14,309.828125,3302.500
1785147856.506220102,11,313.093750,3499.250
1785147856.506220102,12,316.343750,3700.250
1785147856.506220102,10,319.625000,3927.500
1785147856.506220102,7,322.937500,4153.500
1785147856.506220102,10,327.812500,4698.250
1785147856.506220102,11,331.093750,5033.750
1785147856.506220102,15,335.156250,1405.750
1785147856.506220102,15,344.937500,1509.250
1785147856.621129036,15,352.375000,7131.000
1785147856.621129036,15,358.453125,1046.750
1785147856.621129036,15,0.187500,1035.250
1785147856.621129036,15,1.843750,1029.000
1785147856.621129036,15,3.500000,1029.250
1785147856.621129036,15,5.140625,1029.750
1785147856.621129036,15,6.781250,1031.000
1785147856.621129036,15,8.359375,1045.500
1785147856.621129036,15,9.984375,1062.500
1785147856.621129036,15,11.453125,1075.750
1785147856.621129036,15,13.078125,1087.500
1785147856.621129036,15,14.687500,1106.250
1785147856.621129036,15,16.328125,1121.750
1785147856.621129036,15,17.984375,1132.250
1785147856.621129036,15,19.500000,1152.000
1785147856.621129036,15,21.140625,1170.750
1785147856.621129036,15,22.750000,1189.500
1785147856.621129036,15,24.421875,1211.000
1785147856.621129036,15,26.015625,1240.750
1785147856.621129036,15,46.593750,107.250
1785147856.621129036,15,50.796875,101.250
1785147856.621129036,15,165.828125,10070.000
1785147856.621129036,15,167.468750,10020.000
1785147856.621129036,8,178.937500,10064.500
1785147856.621129036,5,244.828125,2673.000
1785147856.621129036,12,256.328125,2524.750
1785147856.621129036,9,258.000000,2486.750
1785147856.621129036,8,259.625000,2478.750
1785147856.621129036,14,264.546875,2477.500
1785147856.621129036,8,266.203125,2480.750
1785147856.621129036,5,267.859375,2458.500
1785147856.621129036,11,269.453125,2460.500
1785147856.621129036,12,271.125000,2486.500
1785147856.621129036,8,272.750000,2488.750
1785147856.621129036,8,274.390625,2500.750
1785147856.621129036,8,275.921875,2534.500
1785147856.621129036,15,279.203125,2569.750
1785147856.621129036,15,280.828125,2593.250
1785147856.621129036,11,282.437500,2612.750
1785147856.621129036,13,284.078125,2635.500
1785147856.621129036,12,285.734375,2658.500
1785147856.621129036,15,287.343750,2687.500
1785147856.621129036,15,288.968750,2722.500
1785147856.621129036,13,290.593750,2747.750
1785147856.621129036,10,292.234375,2775.250
1785147856.621129036,15,293.859375,2825.000
1785147856.621129036,14,295.484375,2865.250
1785147856.621129036,8,297.109375,2895.750
1785147856.621129036,15,298.859375,2949.500
1785147856.621129036,15,300.500000,3001.250
1785147856.621129036,9,302.109375,3039.500
1785147856.621129036,7,303.765625,3077.500
1785147856.621129036,14,305.390625,3138.000
1785147856.621129036,15,307.031250,3204.000
1785147856.621129036,15,308.656250,3273.250
1785147856.621129036,5,310.296875,3347.750
1785147856.621129036,8,313.562500,3539.750
1785147856.621129036,15,315.171875,3631.500
1785147856.621129036,11,316.828125,3709.500
1785147856.621129036,10,320.062500,3926.250
1785147856.621129036,8,323.406250,4172.000
1785147856.621129036,10,328.281250,4741.500
1785147856.621129036,15,333.937500,1424.250
1785147856.621129036,15,340.531250,1417.250
1785147856.621129036,15,342.156250,1403.500
1785147856.731621027,15,355.609375,1064.250
1785147856.731621027,15,357.343750,1043.750
1785147856.731621027,15,358.953125,1034.000
1785147856.731621027,15,0.625000,1029.750
1785147856.731621027,15,5.468750,1038.250
1785147856.731621027,15,7.093750,1051.500
1785147856.731621027,15,8.796875,1063.250
1785147856.731621027,15,10.359375,1071.750
1785147856.731621027,15,11.953125,1082.500
1785147856.731621027,15,13.562500,1099.500
1785147856.731621027,15,15.265625,1114.750
1785147856.731621027,15,16.875000,1128.000
1785147856.731621027,15,18.453125,1145.250
1785147856.731621027,15,20.109375,1164.500
1785147856.731621027,15,21.640625,1183.250
1785147856.731621027,15,23.265625,1204.750
1785147856.731621027,15,24.921875,1232.250
1785147856.731621027,15,48.015625,106.500
1785147856.731621027,15,166.421875,10087.000
1785147856.731621027,7,176.250000,10123.750
1785147856.731621027,15,182.812500,10597.500
1785147856.731621027,7,205.875000,4797.500
1785147856.731621027,11,232.296875,2952.750
1785147856.731621027,8,255.296875,2499.750
1785147856.731621027,9,261.843750,2447.000
1785147856.731621027,8,263.500000,2422.000
1785147856.731621027,13,265.156250,2425.500
1785147856.731621027,5,266.750000,2432.000
1785147856.731621027,9,270.015625,2449.000
1785147856.731621027,10,271.671875,2458.000
1785147856.731621027,12,273.296875,2455.250
1785147856.731621027,15,274.875000,2471.000
1785147856.731621027,8,276.515625,2491.000
1785147856.731621027,8,278.125000,2531.500
1785147856.731621027,11,279.781250,2562.750
1785147856.731621027,9,281.406250,2573.500
1785147856.731621027,8,283.046875,2591.250
1785147856.731621027,9,289.546875,2695.750
1785147856.731621027,15,296.046875,2833.250
1785147856.731621027,7,297.671875,2883.750
1785147856.731621027,15,299.437500,2930.000
1785147856.731621027,15,301.046875,2986.500
1785147856.731621027,11,302.687500,3033.750
1785147856.731621027,15,304.312500,3078.250
1785147856.731621027,8,305.953125,3149.000
1785147856.731621027,15,307.609375,3225.250
1785147856.731621027,15,309.234375,3294.000
1785147856.731621027,15,310.843750,3372.750
1785147856.731621027,15,315.750000,3682.750
1785147856.731621027,12,317.375000,3772.500
1785147856.731621027,9,319.015625,3875.000
1785147856.731621027,9,322.281250,4100.000
1785147856.731621027,8,325.546875,4398.500
1785147856.731621027,10,328.812500,4786.250
1785147856.731621027,15,332.828125,1432.000
1785147856.731621027,15,339.546875,1273.000
1785147856.844189882,15,354.500000,1054.750
1785147856.844189882,15,356.187500,1040.250
1785147856.844189882,15,357.875000,1031.250
1785147856.844189882,15,0.984375,1091.750
1785147856.844189882,15,4.359375,1042.750
1785147856.844189882,15,6.031250,1052.750
1785147856.844189882,15,7.562500,1063.500
1785147856.844189882,15,9.265625,1078.500
1785147856.844189882,15,10.875000,1091.750
1785147856.844189882,15,12.484375,1100.250
1785147856.844189882,15,14.093750,1111.500
1785147856.844189882,15,15.734375,1125.000
1785147856.844189882,15,17.343750,1141.250
1785147856.844189882,15,18.968750,1159.500
1785147856.844189882,15,20.515625,1177.500
1785147856.844189882,15,22.140625,1195.000
1785147856.844189882,15,23.812500,1220.500
1785147856.844189882,15,25.390625,1237.250
1785147856.844189882,15,45.828125,107.750
1785147856.844189882,15,48.078125,105.750
1785147856.844189882,15,166.843750,9903.500
1785147856.844189882,8,178.296875,10028.000
1785147856.844189882,15,183.203125,10617.000
1785147856.844189882,7,249.171875,2569.750
1785147856.844189882,8,254.140625,2517.500
1785147856.844189882,11,255.750000,2489.250
1785147856.844189882,8,259.015625,2484.750
1785147856.844189882,7,263.968750,2476.250
1785147856.844189882,9,265.593750,2461.500
1785147856.844189882,5,267.250000,2442.000
1785147856.844189882,6,268.875000,2434.000
1785147856.844189882,15,272.156250,2452.000
1785147856.844189882,15,273.750000,2468.500
1785147856.844189882,13,275.375000,2479.250
1785147856.844189882,13,277.031250,2492.500
1785147856.844189882,8,278.609375,2504.500
1785147856.844189882,11,291.687500,2703.000
1785147856.844189882,15,299.937500,2934.000
1785147856.844189882,15,301.562500,2991.250
1785147856.844189882,11,303.187500,3037.250
1785147856.844189882,15,304.828125,3086.750
1785147856.844189882,9,306.484375,3158.000
1785147856.844189882,15,308.109375,3228.000
1785147856.844189882,15,309.750000,3308.250
1785147856.844189882,15,311.359375,3405.250
1785147856.844189882,7,313.000000,3509.500
1785147856.844189882,15,314.640625,3615.000
1785147856.844189882,14,316.250000,3698.750
1785147856.844189882,9,319.531250,3903.250
1785147856.844189882,9,322.812500,4129.250
1785147856.844189882,15,331.671875,1442.000
1785147856.844189882,15,336.828125,1154.250
1785147856.844189882,15,338.531250,1154.250
1785147856.957661867,15,353.468750,1049.250
1785147856.957661867,15,355.093750,1036.750
1785147856.957661867,15,356.640625,1035.500
1785147856.957661867,15,359.937500,1092.500
1785147856.957661867,15,3.203125,1047.000
1785147856.957661867,15,4.890625,1054.250
1785147856.957661867,15,6.515625,1064.500
1785147856.957661867,15,8.093750,1079.250
1785147856.957661867,15,9.765625,1095.250
1785147856.957661867,15,11.359375,1103.000
1785147856.957661867,15,12.953125,1109.500
1785147856.957661867,15,14.656250,1121.500
1785147856.957661867,15,16.203125,1136.250
1785147856.957661867,15,17.812500,1154.000
1785147856.957661867,15,19.500000,1169.500
1785147856.957661867,15,21.078125,1186.750
1785147856.957661867,15,22.687500,1211.500
1785147856.957661867,15,24.296875,1229.250
1785147856.957661867,15,47.203125,107.250
1785147856.957661867,15,50.312500,101.250
1785147856.957661867,15,165.859375,10143.500
1785147856.957661867,15,167.500000,10034.000
1785147856.957661867,11,175.687500,10056.000
1785147856.957661867,8,230.000000,2919.000
1785147856.957661867,15,231.640625,2849.500
1785147856.957661867,6,233.281250,2794.250
1785147856.957661867,15,234.953125,2746.750
1785147856.957661867,8,236.593750,2697.500
1785147856.957661867,15,238.218750,2650.500
1785147856.957661867,10,239.890625,2604.750
1785147856.957661867,11,241.500000,2561.750
1785147856.957661867,15,243.156250,2539.250
1785147856.957661867,9,249.734375,2417.500
1785147856.957661867,13,262.843750,2304.250
1785147856.957661867,5,272.609375,2335.000
1785147856.957661867,15,275.921875,2386.000
1785147856.957661867,12,277.578125,2413.250
1785147856.957661867,13,279.234375,2420.250
1785147856.957661867,8,280.828125,2437.250
1785147856.957661867,9,282.484375,2465.250
1785147856.957661867,15,307.093750,3099.000
1785147856.957661867,6,308.718750,3180.500
1785147856.957661867,15,310.343750,3267.000
1785147856.957661867,15,313.609375,3471.000
1785147856.957661867,11,315.265625,3566.750
1785147856.957661867,15,316.875000,3664.750
1785147856.957661867,13,320.140625,3885.000
1785147856.957661867,8,323.390625,4130.500
1785147856.957661867,15,335.812500,1110.000
1785147856.957661867,15,337.468750,1111.750
1785147856.957661867,15,350.812500,1064.000
1785147857.070170879,15,352.437500,1044.500
1785147857.070170879,15,354.109375,1038.000
1785147857.070170879,15,357.312500,1101.500
1785147857.070170879,15,359.000000,1092.500
1785147857.070170879,15,2.359375,1050.000
1785147857.070170879,15,3.937500,1057.500
1785147857.070170879,15,5.625000,1066.750
1785147857.070170879,15,7.218750,1080.500
1785147857.070170879,15,8.859375,1090.250
1785147857.070170879,15,10.515625,1097.000
1785147857.070170879,15,12.046875,1108.250
1785147857.070170879,15,13.625000,1120.500
1785147857.070170879,15,15.234375,1133.750
1785147857.070170879,15,16.859375,1151.000
1785147857.070170879,15,18.531250,1167.250
1785147857.070170879,15,20.156250,1181.500
1785147857.070170879,15,21.750000,1202.250
1785147857.070170879,15,23.312500,1230.750
1785147857.070170879,15,47.093750,106.250
1785147857.070170879,15,166.718750,10008.000
1785147857.070170879,15,168.375000,9989.250
1785147857.070170879,15,235.890625,2755.250
1785147857.070170879,15,237.546875,2711.000
1785147857.070170879,5,239.187500,2663.750
1785147857.070170879,15,240.843750,2629.000
1785147857.070170879,5,242.484375,2582.250
1785147857.070170879,8,247.390625,2514.750
1785147857.070170879,8,250.750000,2443.750
1785147857.070170879,2,267.156250,2380.000
1785147857.070170879,3,268.796875,2352.500
1785147857.070170879,10,272.078125,2373.750
1785147857.070170879,15,273.687500,2390.250
1785147857.070170879,15,275.343750,2399.000
1785147857.070170879,15,276.984375,2414.250
1785147857.070170879,14,278.625000,2422.000
1785147857.070170879,8,280.250000,2439.000
1785147857.070170879,11,281.906250,2461.000
1785147857.070170879,8,285.171875,2482.500
1785147857.070170879,9,309.734375,3176.750
1785147857.070170879,15,313.000000,3379.000
1785147857.070170879,15,314.640625,3481.250
1785147857.070170879,15,316.250000,3579.000
1785147857.070170879,11,317.906250,3667.500
1785147857.070170879,9,321.156250,3920.000
1785147857.070170879,15,328.406250,1397.750
1785147857.070170879,15,335.265625,1110.250
1785147857.070170879,15,346.765625,1102.250
1785147857.070170879,15,348.468750,1078.500
1785147857.070170879,15,350.203125,1054.000
1785147857.181365967,15,351.843750,1042.250
1785147857.181365967,15,355.062500,1114.500
1785147857.181365967,15,356.734375,1097.500
1785147857.181365967,15,0.031250,1048.500
1785147857.181365967,15,1.687500,1054.750
1785147857.181365967,15,3.265625,1063.000
1785147857.181365967,15,4.921875,1073.500
1785147857.181365967,15,6.640625,1083.000
1785147857.181365967,15,8.187500,1089.750
1785147857.181365967,15,9.921875,1098.250
1785147857.181365967,15,11.453125,1109.500
1785147857.181365967,15,13.046875,1121.500
1785147857.181365967,15,14.625000,1136.250
1785147857.181365967,15,16.250000,1152.000
1785147857.181365967,15,17.921875,1165.750
1785147857.181365967,15,19.546875,1182.500
1785147857.181365967,15,21.171875,1193.000
1785147857.181365967,15,47.687500,107.000
1785147857.181365967,15,51.515625,101.250
1785147857.181365967,15,164.515625,10196.000
1785147857.181365967,15,166.171875,10064.250
1785147857.181365967,15,167.812500,10014.250
1785147857.181365967,10,176.046875,10016.750
1785147857.181365967,11,177.687500,10132.000
1785147857.181365967,8,245.312500,2519.250
1785147857.181365967,9,246.968750,2485.500
1785147857.181365967,13,248.609375,2465.500
1785147857.181365967,9,251.890625,2423.000
1785147857.181365967,14,268.312500,2311.250
1785147857.181365967,13,269.937500,2306.500
1785147857.181365967,10,281.343750,2398.000
1785147857.181365967,9,282.984375,2411.000
1785147857.181365967,15,312.421875,3203.250
1785147857.181365967,15,315.703125,3430.000
1785147857.181365967,9,317.343750,3524.500
1785147857.181365967,15,318.968750,3616.000
1785147857.181365967,8,320.609375,3710.750
1785147857.181365967,15,333.125000,1129.000
1785147857.181365967,15,334.734375,1137.000
1785147857.181365967,15,348.000000,1064.500
1785147857.181365967,15,349.687500,1048.000
1785147857.292340040,15,354.484375,1103.250
1785147857.292340040,15,356.156250,1097.500
1785147857.292340040,15,359.546875,1053.750
1785147857.292340040,15,1.109375,1060.750
1785147857.292340040,15,2.734375,1068.500
1785147857.292340040,15,4.437500,1076.000
1785147857.292340040,15,6.000000,1084.250
1785147857.292340040,15,7.609375,1093.000
1785147857.292340040,15,9.359375,1101.500
1785147857.292340040,15,10.906250,1112.500
1785147857.292340040,15,12.453125,1123.500
1785147857.292340040,15,14.078125,1137.250
1785147857.292340040,15,15.718750,1151.750
1785147857.292340040,15,17.328125,1164.000
1785147857.292340040,15,19.015625,1178.750
1785147857.292340040,15,20.578125,1198.000
1785147857.292340040,15,47.000000,107.500
1785147857.292340040,15,50.234375,102.000
1785147857.292340040,15,167.234375,9947.500
1785147857.292340040,9,177.078125,10056.250
1785147857.292340040,10,180.359375,10130.750
1785147857.292340040,15,183.640625,10576.750
1785147857.292340040,13,249.671875,2488.500
1785147857.292340040,10,251.296875,2482.750
1785147857.292340040,5,254.593750,2457.250
1785147857.292340040,9,259.562500,2413.500
1785147857.292340040,13,269.375000,2392.750
1785147857.292340040,10,271.000000,2394.250
1785147857.292340040,11,272.671875,2397.250
1785147857.292340040,13,274.296875,2403.250
1785147857.292340040,11,275.859375,2412.250
1785147857.292340040,8,277.515625,2422.250
1785147857.292340040,8,279.125000,2439.000
1785147857.292340040,11,280.796875,2452.000
1785147857.292340040,9,282.421875,2467.000
1785147857.292340040,15,313.468750,3287.000
1785147857.292340040,13,316.750000,3488.000
1785147857.292340040,15,318.359375,3565.250
1785147857.292340040,15,322.718750,1029.250
1785147857.292340040,15,332.437500,1138.500
1785147857.292340040,15,345.703125,1079.000
1785147857.406245232,15,352.265625,1113.000
1785147857.406245232,15,353.921875,1101.750
1785147857.406245232,15,357.265625,1053.500
1785147857.406245232,15,358.828125,1061.250
1785147857.406245232,15,0.500000,1067.250
1785147857.406245232,15,2.125000,1073.500
1785147857.406245232,15,3.781250,1081.250
1785147857.406245232,15,5.375000,1087.750
1785147857.406245232,15,7.046875,1095.500
1785147857.406245232,15,8.640625,1104.750
1785147857.406245232,15,10.312500,1114.250
1785147857.406245232,15,11.921875,1124.000
1785147857.406245232,15,13.453125,1135.750
1785147857.406245232,15,15.171875,1148.750
1785147857.406245232,15,16.796875,1161.750
1785147857.406245232,15,18.390625,1170.750
1785147857.406245232,15,48.031250,106.500
1785147857.406245232,15,164.859375,10158.750
1785147857.406245232,15,166.515625,10002.750
1785147857.406245232,15,168.140625,9917.750
1785147857.406245232,9,176.343750,9973.250
1785147857.406245232,15,182.906250,10514.500
1785147857.406245232,8,252.250000,2427.750
1785147857.406245232,9,253.875000,2396.250
1785147857.406245232,8,270.296875,2380.000
1785147857.406245232,11,275.187500,2380.250
1785147857.406245232,13,276.812500,2401.750
1785147857.406245232,8,278.468750,2416.750
1785147857.406245232,5,280.078125,2430.500
1785147857.406245232,8,284.984375,2463.500
1785147857.406245232,8,294.750000,2641.500
1785147857.406245232,8,316.046875,3532.500
1785147857.406245232,15,320.562500,889.750
1785147857.406245232,15,322.218750,885.000
1785147857.406245232,15,330.125000,1149.500
1785147857.406245232,15,331.750000,1153.000
1785147857.406245232,15,345.078125,1074.000
1785147857.518399954,15,351.484375,1111.000
1785147857.518399954,15,353.109375,1104.500
1785147857.518399954,15,356.515625,1060.250
1785147857.518399954,15,358.156250,1065.750
1785147857.518399954,15,359.750000,1071.500
1785147857.518399954,15,1.328125,1077.750
1785147857.518399954,15,2.968750,1084.500
1785147857.518399954,15,4.703125,1090.250
1785147857.518399954,15,6.265625,1097.250
1785147857.518399954,15,7.906250,1106.750
1785147857.518399954,15,9.515625,1116.000
1785147857.518399954,15,11.156250,1125.000
1785147857.518399954,15,12.750000,1136.250
1785147857.518399954,15,14.375000,1149.000
1785147857.518399954,15,15.984375,1166.250
1785147857.518399954,15,17.671875,1181.750
1785147857.518399954,15,19.250000,1203.500
1785147857.518399954,15,46.890625,107.250
1785147857.518399954,15,167.500000,9982.750
1785147857.518399954,9,172.421875,10040.750
1785147857.518399954,8,174.062500,10138.500
1785147857.518399954,8,178.937500,10151.250
1785147857.518399954,8,180.593750,10116.000
1785147857.518399954,15,183.859375,10518.750
1785147857.518399954,7,249.968750,2570.500
1785147857.518399954,10,251.640625,2531.250
1785147857.518399954,9,254.921875,2500.000
1785147857.518399954,14,259.828125,2486.250
1785147857.518399954,14,263.125000,2485.500
1785147857.518399954,14,269.703125,2484.500
1785147857.518399954,12,271.328125,2488.000
1785147857.518399954,15,272.984375,2499.500
1785147857.518399954,14,274.593750,2512.750
1785147857.518399954,12,276.203125,2526.250
1785147857.518399954,8,277.843750,2538.750
1785147857.518399954,7,279.484375,2553.000
1785147857.518399954,10,282.750000,2581.000
1785147857.518399954,15,312.359375,3425.500
1785147857.518399954,7,314.015625,3518.750
1785147857.518399954,15,318.515625,888.500
1785147857.518399954,15,320.218750,882.000
1785147857.518399954,15,329.687500,1154.250
1785147857.518399954,15,349.484375,1120.000
1785147857.518399954,15,351.203125,1111.250
1785147857.629930973,15,354.531250,1063.750
1785147857.629930973,15,356.171875,1067.750
1785147857.629930973,15,357.843750,1072.250
1785147857.629930973,15,359.390625,1078.500
1785147857.629930973,15,1.078125,1083.500
1785147857.629930973,15,2.687500,1087.750
1785147857.629930973,15,4.328125,1094.000
1785147857.629930973,15,6.015625,1102.000
1785147857.629930973,15,7.640625,1110.250
1785147857.629930973,15,9.312500,1118.750
1785147857.629930973,15,10.906250,1127.750
1785147857.629930973,15,12.406250,1138.250
1785147857.629930973,15,14.046875,1149.500
1785147857.629930973,15,15.656250,1156.500
1785147857.629930973,15,17.328125,1175.750
1785147857.629930973,15,46.968750,108.500
1785147857.629930973,15,47.515625,106.000
1785147857.629930973,15,167.281250,9957.750
1785147857.629930973,15,168.937500,9948.500
1785147857.629930973,15,183.765625,10560.250
1785147857.629930973,15,230.093750,2808.750
1785147857.629930973,7,231.734375,2786.750
1785147857.629930973,15,233.390625,2744.250
1785147857.629930973,11,235.078125,2695.250
1785147857.629930973,11,236.703125,2643.000
1785147857.629930973,6,238.343750,2593.250
1785147857.629930973,7,239.984375,2558.000
1785147857.629930973,15,241.640625,2524.000
1785147857.629930973,15,251.546875,2408.500
1785147857.629930973,8,266.343750,2298.000
1785147857.629930973,12,269.640625,2290.250
1785147857.629930973,15,271.265625,2285.250
1785147857.629930973,9,272.921875,2288.000
1785147857.629930973,11,274.515625,2313.000
1785147857.629930973,9,277.734375,2360.750
1785147857.629930973,10,279.406250,2393.500
1785147857.629930973,10,281.046875,2405.250
1785147857.629930973,9,282.671875,2442.750
1785147857.629930973,11,284.265625,2478.250
1785147857.629930973,15,316.625000,907.750
1785147857.629930973,15,318.390625,895.250
1785147857.629930973,15,327.875000,1154.500
1785147857.629930973,15,347.593750,1129.500
1785147857.629930973,15,349.296875,1118.750
1785147857.744527817,15,352.625000,1067.500
1785147857.744527817,15,354.265625,1070.250
1785147857.744527817,15,355.875000,1075.000
1785147857.744527817,15,357.531250,1079.750
1785147857.744527817,15,359.140625,1084.000
1785147857.744527817,15,0.843750,1088.750
1785147857.744527817,15,2.453125,1094.250
1785147857.744527817,15,4.046875,1101.000
1785147857.744527817,15,5.718750,1108.500
1785147857.744527817,15,7.328125,1115.500
1785147857.744527817,15,9.031250,1121.750
1785147857.744527817,15,10.625000,1130.500
1785147857.744527817,15,12.296875,1140.000
1785147857.744527817,15,13.953125,1141.250
1785147857.744527817,15,17.140625,1196.500
1785147857.744527817,15,45.703125,108.500
1785147857.744527817,15,47.515625,106.000
1785147857.744527817,15,165.265625,10146.500
1785147857.744527817,15,166.921875,10030.500
1785147857.744527817,15,168.562500,9921.500
1785147857.744527817,10,176.750000,9970.500
1785147857.744527817,15,183.406250,10549.750
1785147857.744527817,12,232.968750,2791.500
1785147857.744527817,12,234.593750,2746.000
1785147857.744527817,14,236.234375,2703.250
1785147857.744527817,15,237.890625,2655.000
1785147857.744527817,7,239.562500,2603.250
1785147857.744527817,14,241.218750,2553.500
1785147857.744527817,8,251.078125,2411.250
1785147857.744527817,10,267.484375,2299.750
1785147857.744527817,15,269.125000,2314.750
1785147857.744527817,3,270.718750,2342.500
1785147857.744527817,9,272.390625,2362.250
1785147857.744527817,11,274.000000,2379.250
1785147857.744527817,10,275.609375,2390.000
1785147857.744527817,9,280.515625,2404.750
1785147857.744527817,7,282.156250,2444.250
1785147857.744527817,8,287.046875,2479.250
1785147857.744527817,15,316.031250,916.250
1785147857.744527817,15,317.671875,918.500
1785147857.744527817,15,327.250000,1190.000
1785147857.744527817,12,332.859375,5107.500
1785147857.744527817,15,347.062500,1127.250
1785147857.744527817,15,350.359375,1073.750
1785147857.856029987,15,351.937500,1075.500
1785147857.856029987,15,353.593750,1078.500
1785147857.856029987,15,355.250000,1080.250
1785147857.856029987,15,356.968750,1084.000
1785147857.856029987,15,358.515625,1088.250
1785147857.856029987,15,0.187500,1092.500
1785147857.856029987,15,1.796875,1097.250
1785147857.856029987,15,3.484375,1104.250
1785147857.856029987,15,5.125000,1111.750
1785147857.856029987,15,6.765625,1117.500
1785147857.856029987,15,8.437500,1123.000
1785147857.856029987,15,10.000000,1129.500
1785147857.856029987,15,11.687500,1133.250
1785147857.856029987,15,13.265625,1142.000
1785147857.856029987,15,14.843750,1166.500
1785147857.856029987,15,47.234375,106.500
1785147857.856029987,15,167.921875,9930.250
1785147857.856029987,13,177.781250,9999.000
1785147857.856029987,9,179.421875,10101.500
1785147857.856029987,15,182.703125,10602.000
1785147857.856029987,15,232.281250,2821.000
1785147857.856029987,7,233.937500,2785.000
1785147857.856029987,15,235.578125,2742.000
1785147857.856029987,7,237.218750,2687.500
1785147857.856029987,8,238.859375,2627.500
1785147857.856029987,4,271.703125,2326.500
1785147857.856029987,10,273.375000,2361.500
1785147857.856029987,15,275.031250,2371.000
1785147857.856029987,15,276.687500,2377.750
1785147857.856029987,9,278.281250,2388.750
1785147857.856029987,9,279.953125,2399.750
1785147857.856029987,9,283.218750,2431.250
1785147857.856029987,7,284.875000,2455.500
1785147857.856029987,7,288.125000,2469.750
1785147857.856029987,15,313.843750,945.750
1785147857.856029987,15,315.453125,935.500
1785147857.856029987,6,319.218750,3553.750
1785147857.856029987,15,324.968750,1221.000
1785147857.856029987,15,326.546875,1224.750
1785147857.856029987,15,341.562500,1122.500
1785147857.856029987,15,344.796875,1123.000
1785147857.856029987,15,346.390625,1133.750
1785147857.856029987,15,349.734375,1081.750
1785147857.966780901,15,351.421875,1084.000
1785147857.966780901,15,353.109375,1085.000
1785147857.966780901,15,354.718750,1083.000
1785147857.966780901,15,356.406250,1085.000
1785147857.966780901,15,357.968750,1091.000
1785147857.966780901,15,359.593750,1096.000
1785147857.966780901,15,1.281250,1101.250
1785147857.966780901,15,2.890625,1106.750
1785147857.966780901,15,4.593750,1113.250
1785147857.966780901,15,6.156250,1118.500
1785147857.966780901,15,7.875000,1122.000
1785147857.966780901,15,12.687500,1143.750
1785147857.966780901,15,14.250000,1176.000
1785147857.966780901,15,47.187500,107.500
1785147857.966780901,15,165.703125,10064.500
1785147857.966780901,15,167.359375,10002.000
1785147857.966780901,15,168.984375,9945.250
1785147857.966780901,7,173.921875,10036.250
1785147857.966780901,8,175.546875,10146.500
1785147857.966780901,9,177.203125,10124.250
1785147857.966780901,15,183.796875,10562.750
1785147857.966780901,10,198.718750,5572.250
1785147857.966780901,11,243.187500,2492.000
1785147857.966780901,9,244.859375,2484.000
1785147857.966780901,15,248.140625,2454.750
1785147857.966780901,7,258.078125,2325.250
1785147857.966780901,15,259.703125,2298.750
1785147857.966780901,9,264.640625,2299.500
1785147857.966780901,10,267.937500,2285.500
1785147857.966780901,10,269.593750,2277.750
1785147857.966780901,15,271.218750,2289.500
1785147857.966780901,14,272.859375,2294.750
1785147857.966780901,15,274.468750,2307.250
1785147857.966780901,15,276.046875,2323.000
1785147857.966780901,2,277.703125,2340.750
1785147857.966780901,13,279.343750,2368.750
1785147857.966780901,8,284.250000,2393.750
1785147857.966780901,6,285.859375,2421.500
1785147857.966780901,8,287.500000,2455.750
1785147857.966780901,8,292.390625,2492.000
1785147857.966780901,15,313.093750,949.000
1785147857.966780901,15,324.375000,1253.250
1785147857.966780901,11,331.687500,4760.250
1785147857.966780901,15,347.500000,1089.250
1785147857.966780901,15,349.171875,1089.000
1785147857.966780901,15,350.843750,1089.250
1785147858.077926874,15,352.515625,1088.750
1785147858.077926874,15,354.093750,1089.250
1785147858.077926874,15,355.734375,1093.000
1785147858.077926874,15,357.359375,1097.000
1785147858.077926874,15,359.000000,1101.250
1785147858.077926874,15,0.625000,1106.250
1785147858.077926874,15,2.250000,1111.750
1785147858.077926874,15,3.968750,1116.750
1785147858.077926874,15,5.609375,1119.500
1785147858.077926874,15,7.218750,1122.250
1785147858.077926874,15,8.921875,1116.500
1785147858.077926874,15,12.031250,1156.000
1785147858.077926874,15,47.312500,106.250
1785147858.077926874,15,168.343750,9932.250
1785147858.077926874,15,221.093750,3201.750
1785147858.077926874,8,222.750000,3142.500
1785147858.077926874,15,224.390625,3066.250
1785147858.077926874,15,226.046875,2987.250
1785147858.077926874,15,229.375000,2766.750
1785147858.077926874,10,231.031250,2751.750
1785147858.077926874,10,232.671875,2720.000
1785147858.077926874,11,239.265625,2537.250
1785147858.077926874,13,240.906250,2487.750
1785147858.077926874,5,247.484375,2372.500
1785147858.077926874,8,268.906250,2273.750
1785147858.077926874,15,272.156250,2264.500
1785147858.077926874,14,273.828125,2276.000
1785147858.077926874,9,275.390625,2285.500
1785147858.077926874,8,277.046875,2291.500
1785147858.077926874,10,281.890625,2397.250
1785147858.077926874,10,283.515625,2395.750
1785147858.077926874,15,285.171875,2408.250
1785147858.077926874,7,286.812500,2436.500
1785147858.077926874,9,288.453125,2456.750
1785147858.077926874,10,291.687500,2476.500
1785147858.077926874,15,310.796875,952.750
1785147858.077926874,15,312.484375,945.250
1785147858.077926874,9,316.281250,3310.500
1785147858.077926874,15,321.984375,1262.500
1785147858.077926874,8,331.000000,4767.000
1785147858.077926874,15,341.937500,1112.750
1785147858.077926874,15,346.828125,1096.250
1785147858.077926874,15,348.500000,1097.250
1785147858.077926874,15,350.156250,1096.250
1785147858.192538023,15,351.812500,1095.000
1785147858.192538023,15,353.390625,1095.250
1785147858.192538023,15,355.078125,1097.500
1785147858.192538023,15,356.671875,1102.250
1785147858.192538023,15,358.390625,1105.750
1785147858.192538023,15,0.046875,1109.250
1785147858.192538023,15,1.671875,1113.250
1785147858.192538023,15,3.328125,1113.500
1785147858.192538023,15,4.906250,1115.750
1785147858.192538023,15,6.562500,1117.500
1785147858.192538023,15,8.218750,1123.000
1785147858.192538023,15,9.875000,1141.000
1785147858.192538023,15,46.265625,107.000
1785147858.192538023,10,166.265625,10035.750
1785147858.192538023,15,167.906250,9931.500
1785147858.192538023,15,169.562500,9876.500
1785147858.192538023,8,177.781250,9982.750
1785147858.192538023,15,182.687500,10603.750
1785147858.192538023,8,197.593750,5578.500
1785147858.192538023,15,220.640625,3195.750
1785147858.192538023,10,222.281250,3114.000
1785147858.192538023,15,223.937500,3046.500
1785147858.192538023,15,228.937500,2754.500
1785147858.192538023,15,230.578125,2746.750
1785147858.192538023,15,232.218750,2706.750
1785147858.192538023,15,233.890625,2656.000
1785147858.192538023,10,235.500000,2605.000
1785147858.192538023,15,237.171875,2559.000
1785147858.192538023,15,238.812500,2511.750
1785147858.192538023,15,240.453125,2467.250
1785147858.192538023,11,242.125000,2429.500
1785147858.192538023,12,243.750000,2401.750
1785147858.192538023,10,247.062500,2369.000
1785147858.192538023,10,263.468750,2271.750
1785147858.192538023,11,268.406250,2270.000
1785147858.192538023,10,271.671875,2268.250
1785147858.192538023,9,273.328125,2276.750
1785147858.192538023,10,276.546875,2308.250
1785147858.192538023,8,278.156250,2348.000
1785147858.192538023,9,281.421875,2381.500
1785147858.192538023,15,284.718750,2405.500
1785147858.192538023,15,305.359375,1007.500
1785147858.192538023,15,308.765625,961.500
1785147858.192538023,15,310.296875,965.500
1785147858.192538023,15,321.546875,1290.750
1785147858.192538023,15,327.359375,4141.250
1785147858.192538023,15,338.203125,1124.250
1785147858.192538023,9,339.812500,1117.000
1785147858.192538023,15,344.843750,1104.500
1785147858.192538023,15,346.437500,1103.500
1785147858.192538023,15,348.078125,1103.750
1785147858.192538023,15,349.718750,1104.250
1785147858.304910183,15,351.390625,1103.000
1785147858.304910183,15,353.078125,1101.000
1785147858.304910183,15,354.703125,1102.500
1785147858.304910183,15,356.281250,1106.750
1785147858.304910183,15,357.921875,1109.750
1785147858.304910183,15,359.546875,1113.250
1785147858.304910183,15,1.234375,1115.750
1785147858.304910183,15,2.921875,1117.500
1785147858.304910183,15,4.562500,1120.750
1785147858.304910183,15,6.203125,1125.250
1785147858.304910183,15,7.796875,1134.750
1785147858.304910183,15,9.453125,1151.500
1785147858.304910183,15,46.671875,107.750
1785147858.304910183,14,167.468750,9906.000
1785147858.304910183,15,169.125000,9859.750
1785147858.304910183,8,175.671875,10360.000
1785147858.304910183,8,177.312500,10170.500
1785147858.304910183,7,180.625000,10125.000
1785147858.304910183,15,226.890625,2660.500
1785147858.304910183,11,228.546875,2662.000
1785147858.304910183,10,230.187500,2648.000
1785147858.304910183,8,231.875000,2594.250
1785147858.304910183,15,233.484375,2534.000
1785147858.304910183,8,235.140625,2486.500
1785147858.304910183,9,236.796875,2440.500
1785147858.304910183,12,287.531250,2402.500
1785147858.304910183,11,292.406250,2431.500
1785147858.304910183,15,306.546875,985.250
1785147858.304910183,15,319.343750,1316.000
1785147858.304910183,15,337.578125,1135.000
1785147858.304910183,15,339.203125,1135.000
1785147858.304910183,15,340.843750,1154.750
1785147858.304910183,15,344.156250,1113.750
1785147858.304910183,15,345.875000,1111.250
1785147858.304910183,15,347.546875,1110.250
1785147858.304910183,15,349.109375,1110.250
1785147858.304910183,15,350.828125,1108.250
1785147858.415453911,15,352.453125,1107.750
1785147858.415453911,15,354.109375,1110.000
1785147858.415453911,15,355.765625,1111.750
1785147858.415453911,15,357.390625,1112.500
1785147858.415453911,15,359.062500,1114.250
1785147858.415453911,15,0.625000,1116.000
1785147858.415453911,15,46.390625,108.750
1785147858.415453911,15,48.421875,106.250
1785147858.415453911,15,168.531250,9909.250
1785147858.415453911,15,170.156250,9872.000
1785147858.415453911,11,224.625000,2989.750
1785147858.415453911,9,229.531250,2739.500
1785147858.415453911,8,231.203125,2712.000
1785147858.415453911,9,236.140625,2551.500
1785147858.415453911,7,247.687500,2273.250
1785147858.415453911,9,278.828125,2265.000
1785147858.415453911,7,280.453125,2276.750
1785147858.415453911,4,285.328125,2317.250
1785147858.415453911,10,290.234375,2376.500
1785147858.415453911,7,291.843750,2427.750
1785147858.415453911,15,304.437500,964.750
1785147858.415453911,15,305.984375,968.250
1785147858.415453911,15,318.796875,1327.250
1785147858.415453911,15,335.359375,1154.750
1785147858.415453911,15,336.921875,1144.250
1785147858.415453911,15,341.906250,1124.750
1785147858.415453911,15,343.546875,1123.500
1785147858.415453911,15,345.203125,1121.250
1785147858.415453911,15,346.812500,1118.250
1785147858.415453911,15,348.609375,1114.250
1785147858.415453911,15,350.218750,1113.250
1785147858.530056953,15,351.812500,1114.750
1785147858.530056953,15,353.546875,1116.000
1785147858.530056953,15,355.171875,1116.250
1785147858.530056953,15,356.812500,1116.750
1785147858.530056953,15,358.468750,1117.500
1785147858.530056953,15,6.578125,1146.750
1785147858.530056953,15,8.250000,1174.000
1785147858.530056953,13,12.078125,6720.250
1785147858.530056953,15,47.093750,106.750
1785147858.530056953,15,167.890625,9855.500
1785147858.530056953,15,169.531250,9757.750
1785147858.530056953,11,195.921875,5602.750
1785147858.530056953,13,220.750000,3010.500
1785147858.530056953,14,222.421875,2926.250
1785147858.530056953,15,224.046875,2855.500
1785147858.530056953,15,227.343750,2659.500
1785147858.530056953,15,228.984375,2657.500
1785147858.530056953,10,230.609375,2624.250
1785147858.530056953,14,235.578125,2481.250
1785147858.530056953,8,237.218750,2442.250
1785147858.530056953,11,238.875000,2404.250
1785147858.530056953,15,245.468750,2270.500
1785147858.530056953,15,281.468750,2262.250
1785147858.530056953,15,283.125000,2277.750
1785147858.530056953,15,284.765625,2301.500
1785147858.530056953,11,286.390625,2325.750
1785147858.530056953,15,288.015625,2362.000
1785147858.530056953,9,289.640625,2395.250
1785147858.530056953,15,307.062500,954.000
1785147858.530056953,15,308.734375,953.250
1785147858.530056953,15,318.093750,1351.000
1785147858.530056953,15,341.343750,1134.250
1785147858.530056953,15,343.000000,1130.500
1785147858.530056953,15,344.578125,1125.250
1785147858.530056953,15,346.281250,1121.750
1785147858.530056953,15,347.921875,1121.000
1785147858.530056953,15,349.531250,1116.750
1785147858.530056953,15,351.171875,1116.000
1785147858.642168045,15,352.843750,1119.500
1785147858.642168045,15,354.468750,1119.750
1785147858.642168045,15,356.203125,1119.250
1785147858.642168045,15,357.812500,1119.750
1785147858.642168045,15,46.343750,107.750
1785147858.642168045,15,168.921875,9856.750
1785147858.642168045,15,170.546875,9829.500
1785147858.642168045,10,220.156250,2995.750
1785147858.642168045,15,226.750000,2657.000
1785147858.642168045,15,228.375000,2638.500
1785147858.642168045,15,230.046875,2590.000
1785147858.642168045,13,231.656250,2556.000
1785147858.642168045,15,233.343750,2517.000
1785147858.642168045,15,234.968750,2474.000
1785147858.642168045,15,236.625000,2434.000
1785147858.642168045,8,238.250000,2400.000
1785147858.642168045,11,239.890625,2361.750
1785147858.642168045,10,243.187500,2311.250
1785147858.642168045,15,246.500000,2267.250
1785147858.642168045,7,280.984375,2253.000
1785147858.642168045,8,282.640625,2262.500
1785147858.642168045,11,292.421875,2430.000
1785147858.642168045,8,294.046875,2455.250
1785147858.642168045,11,295.687500,2478.000
1785147858.642168045,7,297.328125,2494.000
1785147858.642168045,8,298.984375,2536.000
1785147858.642168045,7,300.656250,2579.000
1785147858.642168045,15,309.843750,948.500
1785147858.642168045,15,332.531250,1180.500
1785147858.642168045,13,334.218750,1168.750
1785147858.642168045,15,339.203125,1148.500
1785147858.642168045,15,340.859375,1144.250
1785147858.642168045,15,342.453125,1141.000
1785147858.642168045,15,344.187500,1135.500
1785147858.642168045,15,345.812500,1130.000
1785147858.642168045,15,347.453125,1127.000
1785147858.642168045,15,349.140625,1126.250
1785147858.642168045,15,350.781250,1126.250
1785147858.752741098,15,352.359375,1124.500
1785147858.752741098,15,354.015625,1123.250
1785147858.752741098,15,355.703125,1121.750
1785147858.752741098,15,3.843750,1148.500
1785147858.752741098,15,5.531250,1177.500
1785147858.752741098,15,9.437500,6737.500
1785147858.752741098,15,10.953125,6744.750
1785147858.752741098,15,47.265625,106.250
1785147858.752741098,15,166.765625,10018.000
1785147858.752741098,15,168.406250,9902.750
1785147858.752741098,15,170.062500,9838.750
1785147858.752741098,15,181.531250,10244.250
1785147858.752741098,10,219.625000,2976.000
1785147858.752741098,9,226.203125,2685.750
1785147858.752741098,9,227.890625,2640.500
1785147858.752741098,13,229.531250,2600.250
1785147858.752741098,5,231.187500,2558.500
1785147858.752741098,15,232.828125,2514.500
1785147858.752741098,13,234.468750,2471.500
1785147858.752741098,14,236.125000,2437.250
1785147858.752741098,8,237.765625,2401.000
1785147858.752741098,15,239.437500,2358.000
1785147858.752741098,8,280.468750,2260.750
1785147858.752741098,10,290.281250,2377.500
1785147858.752741098,5,291.906250,2427.000
1785147858.752741098,15,307.781250,959.000
1785147858.752741098,15,309.375000,954.750
1785147858.752741098,15,330.500000,1207.250
1785147858.752741098,15,335.500000,1188.250
1785147858.752741098,15,337.203125,1167.500
1785147858.752741098,15,338.781250,1159.750
1785147858.752741098,15,340.421875,1156.250
1785147858.752741098,15,342.109375,1149.500
1785147858.752741098,15,343.828125,1142.750
1785147858.752741098,15,345.421875,1135.750
1785147858.752741098,15,347.046875,1134.000
1785147858.752741098,15,348.718750,1134.750
1785147858.752741098,15,350.421875,1134.500
1785147858.864376068,15,352.078125,1131.750
1785147858.864376068,15,1.953125,1142.750
1785147858.864376068,14,10.656250,6748.000
1785147858.864376068,15,48.015625,106.750
1785147858.864376068,15,169.890625,9806.000
1785147858.864376068,15,226.109375,2609.000
1785147858.864376068,11,227.750000,2578.750
1785147858.864376068,8,229.406250,2548.750
1785147858.864376068,9,231.078125,2508.000
1785147858.864376068,12,232.703125,2476.500
1785147858.864376068,13,234.359375,2441.250
1785147858.864376068,7,242.625000,2274.000
1785147858.864376068,9,245.890625,2237.000
1785147858.864376068,8,282.000000,2241.750
1785147858.864376068,15,307.656250,977.000
1785147858.864376068,15,330.453125,1210.750
1785147858.864376068,15,332.046875,1198.250
1785147858.864376068,15,337.093750,1171.000
1785147858.864376068,15,338.656250,1167.250
1785147858.864376068,15,340.375000,1163.250
1785147858.864376068,15,341.984375,1157.500
1785147858.864376068,15,343.656250,1151.000
1785147858.864376068,15,345.343750,1146.750
1785147858.864376068,15,347.015625,1144.250
1785147858.864376068,15,348.671875,1142.250
1785147858.864376068,15,350.328125,1138.250
1785147858.975682020,10,9.015625,6784.500
1785147858.975682020,15,10.531250,6768.500
1785147858.975682020,15,46.328125,106.750
1785147858.975682020,15,169.859375,9805.750
1785147858.975682020,8,174.781250,10214.250
1785147858.975682020,15,181.265625,10478.750
1785147858.975682020,14,222.750000,2838.500
1785147858.975682020,7,224.406250,2779.500
1785147858.975682020,15,227.687500,2621.500
1785147858.975682020,10,229.328125,2590.750
1785147858.975682020,10,231.000000,2574.750
1785147858.975682020,10,232.656250,2530.000
1785147858.975682020,10,234.250000,2489.000
1785147858.975682020,8,235.937500,2451.000
1785147858.975682020,11,237.578125,2407.000
1785147858.975682020,15,245.843750,2263.500
1785147858.975682020,7,283.546875,2259.500
1785147858.975682020,9,290.062500,2392.500
1785147858.975682020,9,291.718750,2406.750
1785147858.975682020,8,293.343750,2438.500
1785147858.975682020,7,296.593750,2470.500
1785147858.975682020,15,305.875000,1014.000
1785147858.975682020,15,328.671875,1242.750
1785147858.975682020,8,330.375000,1224.500
1785147858.975682020,12,331.937500,1214.750
1785147858.975682020,15,333.640625,1206.750
1785147858.975682020,15,335.328125,1186.500
1785147858.975682020,15,336.984375,1181.250
1785147858.975682020,15,338.609375,1176.000
1785147858.975682020,15,340.250000,1169.500
1785147858.975682020,15,341.906250,1164.000
1785147858.975682020,15,343.562500,1158.750
1785147858.975682020,15,345.234375,1154.500
1785147858.975682020,15,346.843750,1151.250
1785147858.975682020,15,348.500000,1147.500
1785147859.090691090,15,5.531250,6824.250
1785147859.090691090,15,7.187500,6836.000
1785147859.090691090,8,8.828125,6788.500
1785147859.090691090,15,10.390625,6779.750
1785147859.090691090,15,46.859375,106.750
1785147859.090691090,15,51.265625,100.750
1785147859.090691090,15,167.937500,9910.750
1785147859.090691090,15,169.578125,9816.750
1785147859.090691090,15,171.234375,9727.750
1785147859.090691090,9,217.546875,3097.250
1785147859.090691090,14,222.546875,2825.250
1785147859.090691090,15,224.203125,2768.250
1785147859.090691090,12,227.468750,2617.500
1785147859.090691090,5,229.125000,2595.000
1785147859.090691090,10,230.750000,2572.500
1785147859.090691090,9,232.437500,2549.250
1785147859.090691090,11,235.703125,2491.500
1785147859.090691090,15,237.390625,2438.500
1785147859.090691090,11,239.031250,2405.750
1785147859.090691090,2,242.281250,2369.750
1785147859.090691090,12,286.609375,2368.250
1785147859.090691090,8,289.875000,2410.000
1785147859.090691090,10,291.531250,2448.000
1785147859.090691090,12,293.156250,2477.250
1785147859.090691090,8,294.765625,2485.500
1785147859.090691090,15,305.640625,1029.750
1785147859.090691090,12,328.468750,1254.000
1785147859.090691090,15,331.796875,1225.750
1785147859.090691090,15,333.468750,1205.250
1785147859.090691090,15,335.125000,1198.000
1785147859.090691090,15,336.796875,1189.750
1785147859.090691090,15,338.453125,1182.000
1785147859.090691090,15,340.093750,1175.750
1785147859.090691090,15,341.687500,1169.500
1785147859.090691090,15,343.328125,1164.250
1785147859.090691090,15,345.062500,1160.000
1785147859.090691090,15,346.703125,1156.250
1785147859.090691090,15,348.296875,1148.500
1785147859.201617956,15,358.140625,1154.250
1785147859.201617956,15,6.984375,6821.500
1785147859.201617956,15,10.250000,6792.500
1785147859.201617956,15,46.812500,107.250
1785147859.201617956,15,50.859375,101.250
1785147859.201617956,15,167.750000,9939.500
1785147859.201617956,15,169.390625,9850.750
1785147859.201617956,15,171.031250,9758.750
1785147859.201617956,15,222.390625,2830.500
1785147859.201617956,15,224.031250,2760.500
1785147859.201617956,15,227.328125,2613.250
1785147859.201617956,15,228.984375,2589.500
1785147859.201617956,15,230.625000,2548.500
1785147859.201617956,15,232.265625,2507.250
1785147859.201617956,13,233.937500,2467.000
1785147859.201617956,15,235.562500,2424.500
1785147859.201617956,8,242.187500,2281.500
1785147859.201617956,9,245.484375,2248.500
1785147859.201617956,8,283.203125,2258.000
1785147859.201617956,9,284.843750,2285.250
1785147859.201617956,11,292.984375,2437.750
1785147859.201617956,11,294.625000,2471.000
1785147859.201617956,12,296.265625,2485.500
1785147859.201617956,15,305.421875,1046.000
1785147859.201617956,9,328.265625,1251.250
1785147859.201617956,15,333.234375,1214.500
1785147859.201617956,15,334.859375,1206.250
1785147859.201617956,15,336.562500,1197.250
1785147859.201617956,15,338.171875,1187.750
1785147859.201617956,15,339.812500,1180.750
1785147859.201617956,15,341.500000,1175.000
1785147859.201617956,15,343.187500,1169.000
1785147859.201617956,15,344.765625,1165.000
1785147859.313097954,15,5.234375,6812.500
1785147859.313097954,15,6.890625,6830.750
1785147859.313097954,15,8.531250,6798.500
1785147859.313097954,15,46.203125,107.750
1785147859.313097954,15,51.390625,101.750
1785147859.313097954,15,169.328125,9851.500
1785147859.313097954,15,170.968750,9865.750
1785147859.313097954,9,179.156250,9924.000
1785147859.313097954,15,223.812500,2774.250
1785147859.313097954,15,227.125000,2596.750
1785147859.313097954,15,228.781250,2574.250
1785147859.313097954,15,230.406250,2535.250
1785147859.313097954,14,232.093750,2489.000
1785147859.313097954,15,233.734375,2448.250
1785147859.313097954,9,235.375000,2406.500
1785147859.313097954,15,237.046875,2361.750
1785147859.313097954,15,238.687500,2324.000
1785147859.313097954,7,240.328125,2287.750
1785147859.313097954,11,296.093750,2478.500
1785147859.313097954,9,297.718750,2493.750
1785147859.313097954,15,305.187500,1065.000
1785147859.313097954,15,331.343750,1234.250
1785147859.313097954,15,332.937500,1225.750
1785147859.313097954,15,334.640625,1216.500
1785147859.313097954,15,336.296875,1205.750
1785147859.313097954,15,337.921875,1195.250
1785147859.313097954,15,339.578125,1187.750
1785147859.313097954,15,341.218750,1180.500
1785147859.313097954,15,342.859375,1173.250
1785147859.313097954,15,344.484375,1166.750
1785147859.424666166,15,4.968750,6776.750
1785147859.424666166,15,6.593750,6787.000
1785147859.424666166,8,8.265625,6787.000
1785147859.424666166,15,45.609375,107.750
1785147859.424666166,15,170.687500,9843.750
1785147859.424666166,8,218.609375,3097.000
1785147859.424666166,15,228.500000,2630.750
1785147859.424666166,15,230.125000,2618.000
1785147859.424666166,15,231.765625,2581.000
1785147859.424666166,15,233.421875,2534.500
1785147859.424666166,13,235.093750,2486.750
1785147859.424666166,15,236.734375,2454.750
1785147859.424666166,15,238.359375,2415.500
1785147859.424666166,14,240.031250,2371.750
1785147859.424666166,7,243.312500,2316.750
1785147859.424666166,15,246.578125,2267.500
1785147859.424666166,15,285.937500,2274.000
1785147859.424666166,8,287.593750,2297.250
1785147859.424666166,5,295.718750,2417.250
1785147859.424666166,5,300.703125,2542.500
1785147859.424666166,15,304.734375,1082.000
1785147859.424666166,15,329.328125,1207.500
1785147859.424666166,15,330.968750,1196.250
1785147859.424666166,15,332.609375,1215.250
1785147859.424666166,15,334.250000,1225.500
1785147859.424666166,15,335.937500,1213.750
1785147859.424666166,15,337.625000,1204.000
1785147859.424666166,15,339.234375,1195.000
1785147859.424666166,15,340.843750,1185.250
1785147859.424666166,15,342.531250,1177.750
1785147859.539131880,15,354.093750,1169.500
1785147859.539131880,15,2.937500,6752.500
1785147859.539131880,15,4.578125,6776.750
1785147859.539131880,15,6.218750,6820.000
1785147859.539131880,15,7.875000,6833.000
1785147859.539131880,15,45.406250,108.500
1785147859.539131880,15,47.953125,106.000
1785147859.539131880,15,168.546875,9902.500
1785147859.539131880,15,170.203125,9802.500
1785147859.539131880,15,171.843750,9707.750
1785147859.539131880,15,181.718750,10537.500
1785147859.539131880,15,213.250000,2772.500
1785147859.539131880,12,219.734375,2981.250
1785147859.539131880,15,226.343750,2629.000
1785147859.539131880,14,228.031250,2608.250
1785147859.539131880,10,229.656250,2581.750
1785147859.539131880,15,231.296875,2536.250
1785147859.539131880,5,232.984375,2479.750
1785147859.539131880,12,234.609375,2430.000
1785147859.539131880,2,236.265625,2387.500
1785147859.539131880,10,237.937500,2349.750
1785147859.539131880,15,239.546875,2319.250
1785147859.539131880,10,282.109375,2252.500
1785147859.539131880,15,304.109375,1122.000
1785147859.539131880,15,308.921875,1261.000
1785147859.539131880,15,312.328125,1136.750
1785147859.539131880,15,313.921875,1136.500
1785147859.539131880,15,321.953125,1341.000
1785147859.539131880,11,325.343750,1316.500
1785147859.539131880,15,327.000000,1289.750
1785147859.539131880,15,330.421875,1213.750
1785147859.539131880,15,332.046875,1227.500
1785147859.539131880,15,333.671875,1233.500
1785147859.539131880,15,335.296875,1224.000
1785147859.539131880,15,336.984375,1213.750
1785147859.539131880,15,338.593750,1205.000
1785147859.539131880,15,340.312500,1195.500
1785147859.539131880,15,341.953125,1184.250
1785147859.649746895,15,2.312500,6781.000
1785147859.649746895,15,3.968750,6804.000
1785147859.649746895,15,5.593750,6819.250
1785147859.649746895,15,7.250000,6748.500
1785147859.649746895,15,8.890625,6743.500
1785147859.649746895,15,46.718750,106.750
1785147859.649746895,15,52.062500,100.750
1785147859.649746895,15,171.093750,9777.250
1785147859.649746895,15,225.578125,2878.500
1785147859.649746895,15,228.937500,2725.500
1785147859.649746895,15,230.562500,2694.750
1785147859.649746895,15,232.234375,2648.250
1785147859.649746895,11,233.906250,2603.750
1785147859.649746895,15,235.515625,2556.000
1785147859.649746895,15,237.171875,2512.250
1785147859.649746895,14,238.828125,2468.000
1785147859.649746895,15,240.500000,2438.750
1785147859.649746895,9,242.156250,2410.750
1785147859.649746895,8,243.796875,2377.250
1785147859.649746895,11,247.078125,2332.000
1785147859.649746895,9,289.671875,2296.750
1785147859.649746895,8,297.875000,2411.000
1785147859.649746895,15,305.046875,1174.500
1785147859.649746895,15,311.796875,1115.500
1785147859.649746895,15,329.703125,1230.250
1785147859.649746895,15,331.328125,1244.500
1785147859.649746895,15,333.000000,1245.250
1785147859.649746895,15,334.656250,1233.500
1785147859.649746895,15,336.375000,1224.000
1785147859.649746895,15,338.031250,1213.500
1785147859.649746895,15,339.609375,1200.500
1785147859.649746895,15,351.187500,1176.500
1785147859.761347055,15,0.015625,6799.750
1785147859.761347055,15,1.656250,6791.250
1785147859.761347055,15,3.296875,6780.750
1785147859.761347055,15,4.953125,6809.500
1785147859.761347055,7,9.875000,6780.250
1785147859.761347055,15,45.453125,107.750
1785147859.761347055,15,168.843750,9833.750
1785147859.761347055,15,170.500000,9735.750
1785147859.761347055,15,172.140625,9684.250
1785147859.761347055,15,181.953125,10436.500
1785147859.761347055,9,224.984375,2680.250
1785147859.761347055,11,226.671875,2637.250
1785147859.761347055,15,228.312500,2607.250
1785147859.761347055,6,229.953125,2564.250
1785147859.761347055,13,231.609375,2520.750
1785147859.761347055,7,233.281250,2480.000
1785147859.761347055,13,234.906250,2435.000
1785147859.761347055,10,246.468750,2252.500
1785147859.761347055,9,279.171875,2246.000
1785147859.761347055,13,285.703125,2292.250
1785147859.761347055,10,288.953125,2357.500
1785147859.761347055,15,322.500000,1347.750
1785147859.761347055,15,327.531250,1245.000
1785147859.761347055,15,329.109375,1261.250
1785147859.761347055,15,330.828125,1272.500
1785147859.761347055,15,332.484375,1257.500
1785147859.761347055,15,334.156250,1244.000
1785147859.761347055,15,335.765625,1232.500
1785147859.761347055,15,337.453125,1220.500
1785147859.761347055,15,339.140625,1210.500
1785147859.872630119,15,359.390625,6841.750
1785147859.872630119,15,1.015625,6821.500
1785147859.872630119,15,2.671875,6823.000
1785147859.872630119,15,4.296875,6831.750
1785147859.872630119,9,5.953125,6739.250
1785147859.872630119,15,7.593750,6740.500
1785147859.872630119,15,47.234375,106.250
1785147859.872630119,15,171.656250,9746.750
1785147859.872630119,15,179.890625,10512.000
1785147859.872630119,15,181.531250,10446.000
1785147859.872630119,13,218.062500,2680.750
1785147859.872630119,14,224.625000,2679.500
1785147859.872630119,8,226.265625,2683.750
1785147859.872630119,11,227.890625,2638.250
1785147859.872630119,9,229.515625,2597.500
1785147859.872630119,10,231.187500,2547.500
1785147859.872630119,13,232.843750,2492.250
1785147859.872630119,9,234.484375,2443.500
1785147859.872630119,14,236.140625,2406.250
1785147859.872630119,9,241.078125,2289.500
1785147859.872630119,8,242.734375,2268.250
1785147859.872630119,13,246.015625,2242.000
1785147859.872630119,8,282.125000,2248.500
1785147859.872630119,9,293.546875,2447.750
1785147859.872630119,10,295.125000,2477.250
1785147859.872630119,15,318.796875,1412.000
1785147859.872630119,15,325.531250,1268.250
1785147859.872630119,15,328.734375,1295.750
1785147859.872630119,15,330.453125,1279.500
1785147859.872630119,15,332.109375,1265.250
1785147859.872630119,15,333.718750,1251.750
1785147859.872630119,15,335.437500,1239.250
1785147859.872630119,15,337.078125,1226.000
1785147859.872630119,15,348.593750,1200.000
1785147859.988096952,15,357.453125,6792.500
1785147859.988096952,15,359.078125,6801.250
1785147859.988096952,15,0.734375,6810.000
1785147859.988096952,15,2.390625,6813.750
1785147859.988096952,15,4.031250,6813.000
1785147859.988096952,9,5.671875,6748.000
1785147859.988096952,15,7.312500,6762.000
1785147859.988096952,15,47.578125,106.750
1785147859.988096952,15,169.656250,9806.500
1785147859.988096952,15,171.296875,9719.500
1785147859.988096952,15,172.937500,9652.500
1785147859.988096952,15,181.109375,10427.000
1785147859.988096952,8,216.000000,2846.500
1785147859.988096952,15,227.484375,2618.750
1785147859.988096952,15,229.156250,2557.250
1785147859.988096952,13,230.812500,2514.000
1785147859.988096952,11,232.453125,2487.500
1785147859.988096952,8,234.093750,2440.250
1785147859.988096952,9,235.734375,2398.250
1785147859.988096952,9,318.250000,1419.250
1785147859.988096952,15,324.921875,1288.750
1785147859.988096952,15,326.515625,1305.000
1785147859.988096952,15,328.218750,1306.750
1785147859.988096952,15,329.812500,1292.000
1785147859.988096952,15,331.484375,1277.000
1785147859.988096952,15,333.203125,1261.250
1785147859.988096952,15,334.843750,1245.750
1785147859.988096952,8,339.781250,1215.750
1785147859.988096952,15,344.781250,1199.000
1785147859.988096952,15,346.375000,1196.500
1785147860.099436998,15,353.625000,6828.750
1785147860.099436998,15,355.281250,6818.500
1785147860.099436998,15,356.921875,6827.250
1785147860.099436998,15,358.562500,6797.000
1785147860.099436998,15,0.218750,6794.000
1785147860.099436998,15,1.859375,6805.500
1785147860.099436998,15,3.500000,6789.750
1785147860.099436998,15,5.140625,6782.500
1785147860.099436998,15,6.796875,6810.750
1785147860.099436998,15,13.328125,6571.250
1785147860.099436998,15,45.734375,107.250
1785147860.099436998,15,169.156250,9807.000
1785147860.099436998,14,170.796875,9632.250
1785147860.099436998,15,172.437500,9638.250
1785147860.099436998,15,182.296875,10551.750
1785147860.099436998,15,227.031250,2622.750
1785147860.099436998,15,228.671875,2585.250
1785147860.099436998,15,230.296875,2546.750
1785147860.099436998,11,231.968750,2497.750
1785147860.099436998,12,233.593750,2450.250
1785147860.099436998,12,235.265625,2407.250
1785147860.099436998,14,236.937500,2361.500
1785147860.099436998,15,238.578125,2326.000
1785147860.099436998,15,240.234375,2290.750
1785147860.099436998,8,241.890625,2264.250
1785147860.099436998,8,282.859375,2265.250
1785147860.099436998,15,294.843750,1305.000
1785147860.099436998,15,301.328125,1573.250
1785147860.099436998,15,317.890625,1444.500
1785147860.099436998,15,322.906250,1304.250
1785147860.099436998,15,324.468750,1326.000
1785147860.099436998,15,326.171875,1336.000
1785147860.099436998,15,327.781250,1319.000
1785147860.099436998,15,329.500000,1301.500
1785147860.099436998,15,331.109375,1284.500
1785147860.099436998,15,332.781250,1267.250
1785147860.099436998,15,344.343750,1214.500
1785147860.210860014,15,354.953125,6794.000
1785147860.210860014,15,356.593750,6831.750
1785147860.210860014,15,358.250000,6839.000
1785147860.210860014,15,359.875000,6808.500
1785147860.210860014,15,1.546875,6792.500
1785147860.210860014,15,3.203125,6803.000
1785147860.210860014,15,4.828125,6807.250
1785147860.210860014,15,6.484375,6812.750
1785147860.210860014,15,13.031250,6533.000
1785147860.210860014,15,46.609375,108.250
1785147860.210860014,15,48.328125,106.000
1785147860.210860014,15,172.000000,9690.000
1785147860.210860014,15,181.875000,10439.000
1785147860.210860014,15,216.625000,2848.250
1785147860.210860014,15,224.875000,2546.000
1785147860.210860014,6,226.515625,2535.750
1785147860.210860014,15,228.187500,2527.750
1785147860.210860014,6,229.812500,2476.750
1785147860.210860014,15,231.453125,2431.000
1785147860.210860014,11,236.390625,2275.250
1785147860.210860014,15,292.625000,1397.000
1785147860.210860014,15,302.421875,1522.500
1785147860.210860014,12,317.296875,1456.750
1785147860.210860014,15,320.656250,1338.250
1785147860.210860014,15,323.937500,1361.500
1785147860.210860014,15,325.687500,1341.250
1785147860.210860014,15,327.328125,1320.250
1785147860.210860014,15,328.984375,1300.500
1785147860.210860014,15,330.671875,1280.000
1785147860.322234869,15,352.765625,6797.750
1785147860.322234869,15,354.390625,6755.500
1785147860.322234869,15,356.046875,6801.250
1785147860.322234869,15,357.703125,6817.750
1785147860.322234869,15,359.343750,6834.750
1785147860.322234869,15,1.000000,6817.250
1785147860.322234869,15,2.640625,6807.500
1785147860.322234869,15,4.281250,6781.250
1785147860.322234869,15,5.937500,6774.000
1785147860.322234869,13,7.578125,6722.250
1785147860.322234869,15,46.640625,106.500
1785147860.322234869,15,171.484375,9814.000
1785147860.322234869,15,173.125000,9690.750
1785147860.322234869,15,181.343750,10233.750
1785147860.322234869,9,222.734375,2664.750
1785147860.322234869,10,224.390625,2600.750
1785147860.322234869,13,226.015625,2599.000
1785147860.322234869,8,227.640625,2591.500
1785147860.322234869,13,229.281250,2538.750
1785147860.322234869,11,230.953125,2488.500
1785147860.322234869,14,232.609375,2440.500
1785147860.322234869,12,234.250000,2408.500
1785147860.322234869,15,237.562500,2288.750
1785147860.322234869,15,239.171875,2279.250
1785147860.322234869,15,292.046875,1410.500
1785147860.322234869,15,301.906250,1542.000
1785147860.322234869,10,308.078125,2672.750
1785147860.322234869,14,309.703125,2701.750
1785147860.322234869,15,318.484375,1360.500
1785147860.322234869,15,320.125000,1369.750
1785147860.322234869,15,321.796875,1377.500
1785147860.322234869,15,323.468750,1355.750
1785147860.322234869,15,325.156250,1330.250
1785147860.322234869,15,326.812500,1303.750
1785147860.322234869,15,328.515625,1282.000
1785147860.322234869,13,331.796875,1258.750
1785147860.322234869,10,335.171875,1209.000
1785147860.322234869,15,340.093750,1184.500
1785147860.436849833,15,350.609375,6795.750
1785147860.436849833,15,352.250000,6764.750
1785147860.436849833,15,353.906250,6734.250
1785147860.436849833,15,355.546875,6772.500
1785147860.436849833,15,357.171875,6779.750
1785147860.436849833,15,358.828125,6795.500
1785147860.436849833,15,0.484375,6801.250
1785147860.436849833,15,2.125000,6827.250
1785147860.436849833,15,3.750000,6827.250
1785147860.436849833,15,5.406250,6828.750
1785147860.436849833,15,7.062500,6827.000
1785147860.436849833,15,8.703125,6856.500
1785147860.436849833,15,47.515625,107.500
1785147860.436849833,15,51.281250,101.250
1785147860.436849833,15,172.656250,9731.250
1785147860.436849833,15,217.234375,2884.500
1785147860.436849833,15,218.843750,2858.250
1785147860.436849833,15,222.171875,2745.250
1785147860.436849833,15,223.796875,2692.000
1785147860.436849833,15,225.468750,2629.500
1785147860.436849833,15,227.187500,2579.500
1785147860.436849833,15,228.828125,2532.000
1785147860.436849833,15,230.468750,2476.250
1785147860.436849833,10,232.109375,2419.250
1785147860.436849833,15,233.796875,2362.750
1785147860.436849833,11,235.437500,2317.500
1785147860.436849833,7,237.093750,2281.750
1785147860.436849833,12,286.218750,2258.250
1785147860.436849833,15,301.328125,1570.250
1785147860.436849833,15,316.265625,1394.500
1785147860.436849833,15,317.968750,1397.750
1785147860.436849833,15,319.578125,1395.000
1785147860.436849833,15,321.296875,1366.500
1785147860.436849833,15,322.890625,1334.750
1785147860.436849833,13,327.937500,1265.000
1785147860.436849833,15,336.328125,1161.500
1785147860.436849833,15,337.968750,1172.000
1785147860.436849833,15,339.562500,1191.750
1785147860.436849833,15,341.218750,1218.000
1785147860.436849833,15,350.078125,6793.250
1785147860.547448158,15,351.734375,6772.250
1785147860.547448158,15,353.375000,6733.500
1785147860.547448158,15,355.015625,6757.500
1785147860.547448158,15,356.671875,6790.500
1785147860.547448158,15,358.312500,6833.500
1785147860.547448158,15,359.953125,6819.250
1785147860.547448158,15,1.609375,6829.500
1785147860.547448158,15,3.250000,6827.500
1785147860.547448158,15,6.531250,6822.500
1785147860.547448158,15,8.171875,6822.250
1785147860.547448158,15,45.109375,108.000
1785147860.547448158,15,47.562500,105.750
1785147860.547448158,15,170.562500,9844.000
1785147860.547448158,15,172.203125,9828.000
1785147860.547448158,10,173.828125,9829.500
1785147860.547448158,8,175.468750,10000.750
1785147860.547448158,15,180.406250,10302.250
1785147860.547448158,15,182.046875,10402.750
1785147860.547448158,12,220.093750,2843.250
1785147860.547448158,15,221.703125,2785.250
1785147860.547448158,13,223.406250,2727.000
1785147860.547448158,15,226.703125,2587.000
1785147860.547448158,15,228.343750,2542.000
1785147860.547448158,13,230.000000,2480.000
1785147860.547448158,15,231.640625,2428.250
1785147860.547448158,11,233.296875,2374.250
1785147860.547448158,15,234.953125,2322.250
1785147860.547448158,15,236.593750,2284.500
1785147860.547448158,11,238.281250,2249.750
1785147860.547448158,14,248.125000,2091.250
1785147860.547448158,9,267.828125,2005.250
1785147860.547448158,13,269.484375,2004.750
1785147860.547448158,15,300.875000,1594.500
1785147860.547448158,15,314.171875,1430.250
1785147860.547448158,15,315.796875,1422.000
1785147860.547448158,15,317.468750,1407.000
1785147860.547448158,15,319.171875,1370.250
1785147860.547448158,15,332.515625,1136.000
1785147860.547448158,15,334.156250,1146.250
1785147860.547448158,15,335.734375,1164.000
1785147860.547448158,15,337.453125,1183.250
1785147860.547448158,15,349.531250,6827.250
1785147860.658625126,15,351.187500,6895.000
1785147860.658625126,15,352.828125,6831.750
1785147860.658625126,15,354.468750,6797.250
1785147860.658625126,15,356.109375,6795.750
1785147860.658625126,15,357.750000,6811.000
1785147860.658625126,15,359.406250,6831.750
1785147860.658625126,15,1.046875,6833.500
1785147860.658625126,15,2.671875,6839.250
1785147860.658625126,15,4.328125,6766.500
1785147860.658625126,15,5.968750,6749.500
1785147860.658625126,15,7.609375,6826.500
1785147860.658625126,15,9.265625,6853.500
1785147860.658625126,15,46.828125,106.250
1785147860.658625126,15,170.031250,9881.750
1785147860.658625126,15,171.671875,9802.500
1785147860.658625126,15,173.328125,9666.250
1785147860.658625126,11,219.625000,2901.250
1785147860.658625126,15,221.281250,2860.750
1785147860.658625126,15,222.953125,2790.750
1785147860.658625126,14,224.593750,2717.250
1785147860.658625126,15,226.265625,2651.500
1785147860.658625126,15,227.890625,2592.500
1785147860.658625126,15,229.515625,2539.750
1785147860.658625126,14,231.171875,2482.750
1785147860.658625126,15,232.843750,2421.750
1785147860.658625126,15,234.453125,2369.750
1785147860.658625126,15,236.156250,2324.250
1785147860.658625126,15,237.750000,2289.250
1785147860.658625126,15,239.437500,2262.000
1785147860.658625126,10,241.078125,2232.000
1785147860.658625126,10,264.000000,2020.500
1785147860.658625126,15,270.562500,2017.250
1785147860.658625126,9,272.203125,2015.500
1785147860.658625126,15,290.515625,1445.250
1785147860.658625126,15,293.968750,1280.750
1785147860.658625126,15,295.578125,1275.250
1785147860.658625126,15,306.718750,2054.000
1785147860.658625126,15,311.953125,1450.250
1785147860.658625126,15,313.625000,1445.000
1785147860.658625126,15,318.625000,1352.000
1785147860.658625126,15,328.687500,1123.250
1785147860.658625126,15,330.312500,1129.000
1785147860.658625126,15,332.000000,1142.500
1785147860.658625126,15,333.562500,1161.750
1785147860.658625126,15,335.187500,1188.500
1785147860.658625126,15,347.359375,7219.500
1785147860.774466991,15,350.656250,6886.250
1785147860.774466991,15,352.296875,6818.500
1785147860.774466991,15,353.937500,6794.750
1785147860.774466991,15,355.562500,6776.750
1785147860.774466991,15,357.218750,6788.250
1785147860.774466991,15,358.859375,6797.750
1785147860.774466991,15,0.500000,6799.750
1785147860.774466991,15,2.156250,6826.250
1785147860.774466991,11,3.796875,6744.250
1785147860.774466991,15,5.437500,6753.000
1785147860.774466991,15,7.078125,6828.750
1785147860.774466991,15,8.734375,6849.500
1785147860.774466991,15,10.328125,6887.750
1785147860.774466991,15,47.750000,107.000
1785147860.774466991,15,51.546875,101.000
1785147860.774466991,15,170.937500,9798.250
1785147860.774466991,15,172.593750,9729.750
1785147860.774466991,13,218.875000,2900.500
1785147860.774466991,14,220.531250,2908.750
1785147860.774466991,15,222.187500,2848.500
1785147860.774466991,14,223.828125,2784.500
1785147860.774466991,15,227.140625,2643.250
1785147860.774466991,15,228.750000,2594.500
1785147860.774466991,15,230.390625,2541.000
1785147860.774466991,12,232.078125,2480.750
1785147860.774466991,15,233.703125,2429.250
1785147860.774466991,10,235.375000,2380.250
1785147860.774466991,11,236.984375,2329.250
1785147860.774466991,15,238.687500,2294.000
1785147860.774466991,15,240.343750,2260.750
1785147860.774466991,9,241.953125,2235.750
1785147860.774466991,15,291.578125,1296.750
1785147860.774466991,15,293.218750,1283.250
1785147860.774466991,15,294.843750,1295.750
1785147860.774466991,15,307.812500,1629.500
1785147860.774466991,15,311.203125,1463.750
1785147860.774466991,15,324.640625,1114.250
1785147860.774466991,15,326.328125,1121.250
1785147860.774466991,15,327.875000,1131.500
1785147860.774466991,15,331.140625,1150.500
1785147860.774466991,15,346.578125,7295.000
1785147860.774466991,15,349.859375,6937.000
1785147860.885352850,15,351.515625,6861.000
1785147860.885352850,15,353.156250,6838.750
1785147860.885352850,15,354.796875,6815.750
1785147860.885352850,15,356.437500,6792.500
1785147860.885352850,15,358.078125,6812.750
1785147860.885352850,15,359.718750,6828.750
1785147860.885352850,15,1.359375,6793.000
1785147860.885352850,15,3.000000,6790.250
1785147860.885352850,15,4.640625,6815.750
1785147860.885352850,14,6.296875,6728.000
1785147860.885352850,15,7.937500,6739.000
1785147860.885352850,15,9.578125,6853.250
1785147860.885352850,15,45.156250,108.250
1785147860.885352850,15,47.343750,106.000
1785147860.885352850,15,170.203125,9755.000
1785147860.885352850,15,171.843750,9706.000
1785147860.885352850,15,173.500000,9741.750
1785147860.885352850,10,180.031250,9938.500
1785147860.885352850,15,181.671875,10232.250
1785147860.885352850,15,183.296875,10467.250
1785147860.885352850,13,219.734375,2946.000
1785147860.885352850,11,221.375000,2888.000
1785147860.885352850,13,223.015625,2826.750
1785147860.885352850,15,224.687500,2764.500
1785147860.885352850,15,226.343750,2702.500
1785147860.885352850,15,227.937500,2643.500
1785147860.885352850,10,229.593750,2588.250
1785147860.885352850,15,231.281250,2530.000
1785147860.885352850,13,232.906250,2478.250
1785147860.885352850,15,234.546875,2429.000
1785147860.885352850,8,236.218750,2385.250
1785147860.885352850,15,237.828125,2337.000
1785147860.885352850,15,239.484375,2291.750
1785147860.885352850,15,241.171875,2262.250
1785147860.885352850,7,242.781250,2239.250
1785147860.885352850,10,254.343750,2094.750
1785147860.885352850,12,256.015625,2087.750
1785147860.885352850,15,262.578125,2061.500
1785147860.885352850,15,290.812500,1314.000
1785147860.885352850,15,292.406250,1305.500
1785147860.885352850,15,294.000000,1325.250
1785147860.885352850,15,308.828125,1474.250
1785147860.885352850,15,320.656250,1117.250
1785147860.885352850,15,323.906250,1120.000
1785147860.885352850,15,325.500000,1131.000
1785147860.885352850,15,328.796875,1153.000
1785147860.885352850,15,330.375000,1182.750
1785147860.885352850,15,345.796875,7184.750
1785147860.885352850,15,349.140625,6879.250
1785147860.996284008,15,352.421875,6779.000
1785147860.996284008,15,354.062500,6828.750
1785147860.996284008,15,355.703125,6797.500
1785147860.996284008,15,357.343750,6801.750
1785147860.996284008,15,359.000000,6804.750
1785147860.996284008,15,0.640625,6806.000
1785147860.996284008,15,2.281250,6823.250
1785147860.996284008,15,3.921875,6824.000
1785147860.996284008,8,5.578125,6746.750
1785147860.996284008,15,7.218750,6760.750
1785147860.996284008,15,8.859375,6872.750
1785147860.996284008,15,46.765625,106.750
1785147860.996284008,8,171.156250,9902.500
1785147860.996284008,15,172.796875,9789.500
1785147860.996284008,15,174.437500,9623.500
1785147860.996284008,11,182.593750,10557.500
1785147860.996284008,15,215.671875,3186.750
1785147860.996284008,15,220.640625,2900.000
1785147860.996284008,11,222.312500,2825.000
1785147860.996284008,15,223.937500,2757.500
1785147860.996284008,15,225.609375,2693.250
1785147860.996284008,15,227.218750,2627.500
1785147860.996284008,11,228.906250,2567.500
1785147860.996284008,11,230.562500,2510.750
1785147860.996284008,12,232.187500,2461.500
1785147860.996284008,7,233.828125,2412.000
1785147860.996284008,10,235.484375,2357.500
1785147860.996284008,15,237.125000,2300.750
1785147860.996284008,15,238.765625,2263.000
1785147860.996284008,11,240.453125,2244.750
1785147860.996284008,8,256.921875,2091.000
1785147860.996284008,12,258.578125,2088.500
1785147860.996284008,8,260.234375,2088.000
1785147860.996284008,10,261.828125,2085.750
1785147860.996284008,15,291.781250,1318.500
1785147860.996284008,15,293.390625,1323.750
1785147860.996284008,15,306.515625,1509.000
1785147860.996284008,15,318.421875,1113.250
1785147860.996284008,15,321.687500,1114.750
1785147860.996284008,15,323.296875,1123.250
1785147860.996284008,15,326.546875,1142.250
1785147860.996284008,15,328.187500,1172.500
1785147860.996284008,15,348.609375,6896.750
1785147861.108603954,15,350.250000,6874.750
1785147861.108603954,15,351.921875,6833.750
1785147861.108603954,15,353.562500,6833.750
1785147861.108603954,15,355.203125,6806.750
1785147861.108603954,15,356.843750,6794.000
1785147861.108603954,15,358.500000,6780.250
1785147861.108603954,15,0.140625,6792.000
1785147861.108603954,15,1.796875,6801.750
1785147861.108603954,11,3.453125,6732.000
1785147861.108603954,15,5.093750,6731.500
1785147861.108603954,15,6.734375,6828.500
1785147861.108603954,15,8.390625,6856.250
1785147861.108603954,15,47.109375,107.750
1785147861.108603954,15,51.125000,102.250
1785147861.108603954,15,173.953125,9643.750
1785147861.108603954,15,218.484375,3060.500
1785147861.108603954,15,221.812500,2889.250
1785147861.108603954,13,223.453125,2826.500
1785147861.108603954,12,225.109375,2770.750
1785147861.108603954,15,228.421875,2646.250
1785147861.108603954,15,231.750000,2526.500
1785147861.108603954,12,233.390625,2475.000
1785147861.108603954,12,235.062500,2429.500
1785147861.108603954,6,236.703125,2384.750
1785147861.108603954,15,238.328125,2327.250
1785147861.108603954,15,240.015625,2282.000
1785147861.108603954,13,241.656250,2256.250
1785147861.108603954,8,243.281250,2237.250
1785147861.108603954,11,261.406250,2072.500
1785147861.108603954,15,263.015625,2063.250
1785147861.108603954,14,264.687500,2059.250
1785147861.108603954,15,266.312500,2067.500
1785147861.108603954,15,267.968750,2058.250
1785147861.108603954,15,269.578125,2063.750
1785147861.108603954,15,271.281250,2058.000
1785147861.108603954,10,272.890625,2059.250
1785147861.108603954,10,274.531250,2084.750
1785147861.108603954,9,276.109375,2092.000
1785147861.108603954,9,277.781250,2097.500
1785147861.108603954,15,291.250000,1334.750
1785147861.108603954,15,292.921875,1323.750
1785147861.108603954,15,294.578125,1344.500
1785147861.108603954,15,304.421875,1477.000
1785147861.108603954,15,306.093750,1457.500
1785147861.108603954,15,309.406250,1367.000
1785147861.108603954,15,317.875000,1102.500
1785147861.108603954,15,321.171875,1109.750
1785147861.108603954,15,324.546875,1136.750
1785147861.108603954,15,346.484375,7301.750
1785147861.108603954,15,349.781250,6932.500
1785147861.222719908,15,351.437500,6890.000
1785147861.222719908,15,353.062500,6874.250
1785147861.222719908,15,354.734375,6818.750
1785147861.222719908,15,356.375000,6789.250
1785147861.222719908,15,358.015625,6806.250
1785147861.222719908,15,359.656250,6828.250
1785147861.222719908,15,1.312500,6838.750
1785147861.222719908,15,2.953125,6835.500
1785147861.222719908,15,4.593750,6810.500
1785147861.222719908,12,6.250000,6718.250
1785147861.222719908,15,7.890625,6742.500
1785147861.222719908,15,11.406250,2878.750
1785147861.222719908,15,45.468750,108.000
1785147861.222719908,15,47.937500,105.750
1785147861.222719908,15,171.921875,9706.500
1785147861.222719908,15,173.578125,9704.250
1785147861.222719908,15,175.218750,9626.750
1785147861.222719908,10,178.531250,9451.500
1785147861.222719908,15,216.562500,3207.500
1785147861.222719908,15,219.890625,3025.250
1785147861.222719908,15,223.187500,2863.500
1785147861.222719908,15,224.812500,2795.750
1785147861.222719908,10,226.531250,2725.500
1785147861.222719908,15,228.171875,2670.500
1785147861.222719908,15,229.859375,2624.000
1785147861.222719908,12,231.515625,2567.250
1785147861.222719908,12,233.156250,2507.250
1785147861.222719908,11,234.796875,2457.000
1785147861.222719908,15,236.468750,2414.500
1785147861.222719908,7,238.140625,2363.000
1785147861.222719908,15,239.796875,2314.750
1785147861.222719908,15,241.453125,2282.500
1785147861.222719908,11,243.062500,2259.000
1785147861.222719908,9,244.734375,2246.000
1785147861.222719908,15,292.796875,1342.750
1785147861.222719908,15,294.406250,1358.000
1785147861.222719908,15,302.593750,1463.000
1785147861.222719908,15,304.312500,1465.250
1785147861.222719908,15,309.234375,1362.750
1785147861.222719908,15,317.765625,1113.000
1785147861.222719908,15,321.015625,1118.750
1785147861.222719908,15,322.609375,1129.750
1785147861.222719908,15,327.625000,1203.250
1785147861.222719908,15,346.375000,7223.500
1785147861.222719908,15,349.656250,6890.500
1785147861.334266901,15,351.312500,6831.500
1785147861.334266901,15,352.953125,6797.750
1785147861.334266901,15,354.609375,6826.250
1785147861.334266901,15,356.265625,6826.000
1785147861.334266901,15,357.906250,6847.750
1785147861.334266901,15,359.562500,6824.250
1785147861.334266901,15,1.203125,6822.000
1785147861.334266901,15,2.859375,6830.500
1785147861.334266901,15,4.484375,6811.750
1785147861.334266901,9,6.140625,6720.000
1785147861.334266901,15,7.781250,6730.500
1785147861.334266901,15,46.593750,109.000
1785147861.334266901,15,48.171875,106.250
1785147861.334266901,15,173.546875,9754.250
1785147861.334266901,15,175.187500,9666.250
1785147861.334266901,15,209.906250,3529.750
1785147861.334266901,15,216.562500,3050.250
1785147861.334266901,9,218.234375,2964.250
1785147861.334266901,15,219.875000,2887.750
1785147861.334266901,15,223.218750,2732.500
1785147861.334266901,15,224.828125,2671.750
1785147861.334266901,15,226.515625,2615.000
1785147861.334266901,13,228.187500,2567.500
1785147861.334266901,9,229.843750,2514.250
1785147861.334266901,15,231.500000,2458.000
1785147861.334266901,5,233.156250,2403.000
1785147861.334266901,15,234.796875,2345.750
1785147861.334266901,15,236.468750,2290.000
1785147861.334266901,9,238.109375,2253.500
1785147861.334266901,15,282.625000,1615.500
1785147861.334266901,15,289.093750,1796.500
1785147861.334266901,15,292.609375,1376.250
1785147861.334266901,15,294.265625,1375.750
1785147861.334266901,15,304.203125,1448.000
1785147861.334266901,15,305.796875,1425.500
1785147861.334266901,15,309.218750,1351.500
1785147861.334266901,9,314.328125,1188.250
1785147861.334266901,15,319.218750,1121.250
1785147861.334266901,15,322.531250,1133.750
1785147861.334266901,14,344.562500,6827.250
1785147861.334266901,15,347.796875,7248.750
1785147861.445270061,15,351.093750,6918.500
1785147861.445270061,15,352.734375,6863.250
1785147861.445270061,15,354.390625,6856.500
1785147861.445270061,15,356.015625,6831.750
1785147861.445270061,15,357.671875,6815.750
1785147861.445270061,15,359.328125,6833.250
1785147861.445270061,15,0.953125,6820.500
1785147861.445270061,15,2.593750,6811.250
1785147861.445270061,11,4.250000,6733.250
1785147861.445270061,15,5.890625,6733.750
1785147861.445270061,15,7.531250,6831.250
1785147861.445270061,15,9.171875,6849.500
1785147861.445270061,15,46.812500,106.250
1785147861.445270061,15,176.390625,9629.250
1785147861.445270061,15,183.062500,7924.000
1785147861.445270061,15,216.187500,3189.500
1785147861.445270061,15,219.484375,3013.500
1785147861.445270061,15,222.781250,2855.750
1785147861.445270061,12,224.453125,2782.250
1785147861.445270061,15,226.093750,2722.250
1785147861.445270061,14,227.734375,2662.750
1785147861.445270061,15,229.406250,2609.500
1785147861.445270061,11,231.015625,2563.250
1785147861.445270061,9,232.671875,2505.000
1785147861.445270061,15,234.343750,2449.000
1785147861.445270061,7,236.000000,2395.500
1785147861.445270061,15,237.671875,2335.000
1785147861.445270061,15,239.296875,2283.750
1785147861.445270061,12,240.937500,2256.750
1785147861.445270061,15,292.125000,1425.500
1785147861.445270061,15,293.781250,1405.000
1785147861.445270061,15,302.062500,1424.500
1785147861.445270061,15,303.765625,1444.500
1785147861.445270061,15,305.375000,1424.750
1785147861.445270061,15,320.500000,1122.250
1785147861.445270061,15,325.359375,1169.500
1785147861.445270061,15,345.750000,6988.250
1785147861.560048103,15,350.625000,6959.500
1785147861.560048103,15,352.281250,6885.000
1785147861.560048103,15,353.921875,6817.750
1785147861.560048103,15,355.578125,6855.000
1785147861.560048103,15,357.218750,6842.750
1785147861.560048103,15,358.859375,6800.000
1785147861.560048103,15,0.500000,6799.000
1785147861.560048103,15,2.140625,6821.500
1785147861.560048103,15,3.781250,6801.250
1785147861.560048103,15,5.421875,6815.750
1785147861.560048103,15,46.968750,107.000
1785147861.560048103,15,50.781250,101.000
1785147861.560048103,15,177.515625,9710.750
1785147861.560048103,15,215.562500,3153.500
1785147861.560048103,14,218.843750,2972.250
1785147861.560048103,15,220.515625,2897.750
1785147861.560048103,15,223.796875,2742.000
1785147861.560048103,11,225.453125,2688.250
1785147861.560048103,15,228.781250,2552.500
1785147861.560048103,15,230.406250,2511.750
1785147861.560048103,8,232.046875,2465.250
1785147861.560048103,15,233.718750,2415.750
1785147861.560048103,10,235.375000,2356.500
1785147861.560048103,15,237.000000,2299.750
1785147861.560048103,8,240.281250,2250.750
1785147861.560048103,8,266.593750,2084.000
1785147861.560048103,15,283.375000,1344.000
1785147861.560048103,15,293.109375,1447.250
1785147861.560048103,15,301.406250,1440.750
1785147861.560048103,15,303.062500,1436.000
1785147861.560048103,15,304.718750,1425.250
1785147861.560048103,15,308.078125,1357.000
1785147861.560048103,15,309.703125,1347.000
1785147861.560048103,15,319.765625,1138.750
1785147861.560048103,15,321.390625,1144.000
1785147861.560048103,15,323.015625,1163.500
1785147861.560048103,15,324.687500,1179.500
1785147861.560048103,15,326.296875,1199.500
1785147861.560048103,14,346.703125,7162.250
1785147861.671291828,15,351.656250,6979.000
1785147861.671291828,15,353.296875,6953.250
1785147861.671291828,15,354.953125,6899.500
1785147861.671291828,15,356.593750,6855.250
1785147861.671291828,15,358.234375,6829.250
1785147861.671291828,15,359.890625,6804.750
1785147861.671291828,15,1.531250,6793.500
1785147861.671291828,15,3.187500,6800.250
1785147861.671291828,13,4.828125,6710.000
1785147861.671291828,15,6.468750,6720.500
1785147861.671291828,15,46.796875,107.750
1785147861.671291828,15,51.140625,102.250
1785147861.671291828,15,177.046875,9758.750
1785147861.671291828,15,178.656250,9609.250
1785147861.671291828,15,215.078125,3173.000
1785147861.671291828,9,216.703125,3088.000
1785147861.671291828,15,218.375000,3006.750
1785147861.671291828,7,220.015625,2931.750
1785147861.671291828,15,223.328125,2771.750
1785147861.671291828,10,225.000000,2708.250
1785147861.671291828,14,226.640625,2657.250
1785147861.671291828,13,228.281250,2601.750
1785147861.671291828,15,229.921875,2543.000
1785147861.671291828,15,231.546875,2506.250
1785147861.671291828,15,233.187500,2463.000
1785147861.671291828,15,234.859375,2417.750
1785147861.671291828,15,236.531250,2365.000
1785147861.671291828,15,238.156250,2312.000
1785147861.671291828,15,239.796875,2274.250
1785147861.671291828,15,271.218750,1602.000
1785147861.671291828,15,281.234375,1408.000
1785147861.671291828,15,282.843750,1381.000
1785147861.671291828,15,284.531250,1368.500
1785147861.671291828,15,286.109375,1367.250
1785147861.671291828,15,294.203125,1476.250
1785147861.671291828,15,295.859375,1483.250
1785147861.671291828,15,300.890625,1474.500
1785147861.671291828,15,302.531250,1447.000
1785147861.671291828,15,304.187500,1436.500
1785147861.671291828,15,307.484375,1373.750
1785147861.671291828,15,309.203125,1338.250
1785147861.671291828,15,310.781250,1316.750
1785147861.671291828,15,320.828125,1162.500
1785147861.671291828,15,325.734375,1221.250
1785147861.671291828,13,346.125000,6864.000
1785147861.783151150,15,351.093750,6940.250
1785147861.783151150,15,352.765625,6956.500
1785147861.783151150,15,354.406250,6917.250
1785147861.783151150,15,356.062500,6895.000
1785147861.783151150,15,357.703125,6849.250
1785147861.783151150,15,359.359375,6836.000
1785147861.783151150,15,1.000000,6820.500
1785147861.783151150,15,2.656250,6827.500
1785147861.783151150,15,4.281250,6841.250
1785147861.783151150,15,5.953125,6742.250
1785147861.783151150,15,7.593750,6746.500
1785147861.783151150,15,47.796875,106.500
1785147861.783151150,15,179.625000,9546.250
1785147861.783151150,15,214.296875,3167.750
1785147861.783151150,9,215.984375,3081.500
1785147861.783151150,15,217.625000,2992.000
1785147861.783151150,15,219.296875,2905.750
1785147861.783151150,15,222.609375,2732.750
1785147861.783151150,12,224.250000,2673.500
1785147861.783151150,15,225.875000,2619.250
1785147861.783151150,8,229.171875,2487.000
1785147861.783151150,15,230.796875,2450.250
1785147861.783151150,14,232.500000,2401.750
1785147861.783151150,11,234.140625,2351.750
1785147861.783151150,15,235.750000,2303.750
1785147861.783151150,15,237.421875,2266.750
1785147861.783151150,12,250.593750,2056.000
1785147861.783151150,15,252.218750,2043.500
1785147861.783151150,15,253.828125,2038.750
1785147861.783151150,15,255.484375,2037.500
1785147861.783151150,15,257.093750,2036.750
1785147861.783151150,14,258.750000,2037.250
1785147861.783151150,14,260.390625,2041.500
1785147861.783151150,15,262.015625,2044.500
1785147861.783151150,12,263.656250,2048.500
1785147861.783151150,12,265.265625,2053.250
1785147861.783151150,9,266.890625,2056.750
1785147861.783151150,10,270.187500,2055.250
1785147861.783151150,15,282.000000,1425.250
1785147861.783151150,15,283.578125,1401.000
1785147861.783151150,15,285.234375,1392.000
1785147861.783151150,15,286.906250,1391.250
1785147861.783151150,15,293.312500,1517.500
1785147861.783151150,15,294.968750,1503.500
1785147861.783151150,15,300.000000,1496.500
1785147861.783151150,15,301.640625,1478.250
1785147861.783151150,15,303.281250,1462.000
1785147861.783151150,15,304.968750,1437.250
1785147861.783151150,15,306.625000,1398.500
1785147861.783151150,15,308.250000,1386.000
1785147861.783151150,15,316.656250,1202.500
1785147861.783151150,15,318.265625,1182.750
1785147861.783151150,15,346.968750,6962.250
1785147861.894227982,15,351.906250,6934.250
1785147861.894227982,15,353.546875,6904.500
1785147861.894227982,15,355.187500,6865.000
1785147861.894227982,15,356.843750,6887.750
1785147861.894227982,15,358.500000,6843.250
1785147861.894227982,15,0.125000,6826.000
1785147861.894227982,15,1.781250,6810.250
1785147861.894227982,15,3.437500,6834.750
1785147861.894227982,15,5.078125,6835.000
1785147861.894227982,15,6.718750,6830.000
1785147861.894227982,8,8.375000,6781.000
1785147861.894227982,15,46.500000,107.500
1785147861.894227982,15,51.390625,102.250
1785147861.894227982,15,180.500000,9632.000
1785147861.894227982,15,213.546875,3535.500
1785147861.894227982,15,218.515625,3181.000
1785147861.894227982,15,221.796875,3023.500
1785147861.894227982,7,223.437500,2957.750
1785147861.894227982,15,225.125000,2876.500
1785147861.894227982,9,226.781250,2802.250
1785147861.894227982,15,228.406250,2743.750
1785147861.894227982,8,230.046875,2683.500
1785147861.894227982,15,231.734375,2625.750
1785147861.894227982,15,233.343750,2571.750
1785147861.894227982,15,235.031250,2519.250
1785147861.894227982,11,236.687500,2468.500
1785147861.894227982,15,238.296875,2423.750
1785147861.894227982,5,239.953125,2376.250
1785147861.894227982,15,241.656250,2319.500
1785147861.894227982,15,243.265625,2275.750
1785147861.894227982,9,244.921875,2252.250
1785147861.894227982,15,281.250000,1481.000
1785147861.894227982,15,282.953125,1443.250
1785147861.894227982,15,284.562500,1418.250
1785147861.894227982,15,286.218750,1408.750
1785147861.894227982,15,294.343750,1537.750
1785147861.894227982,15,295.937500,1539.750
1785147861.894227982,15,299.265625,1541.250
1785147861.894227982,15,300.968750,1527.500
1785147861.894227982,13,302.546875,1506.250
1785147861.894227982,15,347.859375,7045.500
1785147862.009072065,15,352.781250,7045.000
1785147862.009072065,15,354.421875,6941.750
1785147862.009072065,15,356.062500,6870.000
1785147862.009072065,15,357.718750,6856.750
1785147862.009072065,15,359.359375,6843.500
1785147862.009072065,15,0.984375,6852.250
1785147862.009072065,15,2.625000,6839.750
1785147862.009072065,15,4.281250,6828.000
1785147862.009072065,15,5.906250,6839.000
1785147862.009072065,15,7.562500,6838.500
1785147862.009072065,15,47.828125,106.250
1785147862.009072065,15,181.140625,9600.250
1785147862.009072065,13,182.781250,9529.500
1785147862.009072065,15,212.546875,3514.750
1785147862.009072065,15,217.500000,3166.250
1785147862.009072065,9,219.140625,3091.750
1785147862.009072065,15,220.781250,3022.250
1785147862.009072065,15,224.093750,2865.250
1785147862.009072065,10,225.750000,2802.250
1785147862.009072065,15,227.468750,2748.500
1785147862.009072065,9,229.093750,2701.000
1785147862.009072065,14,230.734375,2653.250
1785147862.009072065,15,232.406250,2616.500
1785147862.009072065,9,234.046875,2569.500
1785147862.009072065,15,235.703125,2515.000
1785147862.009072065,10,237.343750,2465.500
1785147862.009072065,15,238.984375,2426.750
1785147862.009072065,9,240.640625,2385.500
1785147862.009072065,15,242.328125,2337.750
1785147862.009072065,15,243.953125,2292.750
1785147862.009072065,15,245.609375,2262.250
1785147862.009072065,8,247.250000,2248.750
1785147862.009072065,15,275.265625,1709.750
1785147862.009072065,15,283.593750,1452.750
1785147862.009072065,15,285.265625,1431.750
1785147862.009072065,15,286.906250,1421.250
1785147862.009072065,15,288.484375,1443.750
1785147862.009072065,15,293.375000,1549.250
1785147862.009072065,15,298.187500,1593.750
1785147862.009072065,15,299.968750,1590.250
1785147862.009072065,15,304.968750,1472.500
1785147862.009072065,15,319.828125,1290.750
1785147862.009072065,15,345.234375,7672.500
1785147862.119642019,15,353.453125,7034.250
1785147862.119642019,15,355.093750,6963.500
1785147862.119642019,15,356.734375,6922.750
1785147862.119642019,15,358.375000,6884.000
1785147862.119642019,15,0.031250,6838.750
1785147862.119642019,15,1.671875,6829.750
1785147862.119642019,15,3.296875,6828.750
1785147862.119642019,15,4.937500,6837.000
1785147862.119642019,15,47.031250,107.500
1785147862.119642019,15,50.218750,102.000
1785147862.119642019,12,180.328125,9641.250
1785147862.119642019,15,181.953125,9597.500
1785147862.119642019,15,213.359375,3521.250
1785147862.119642019,15,218.328125,3173.000
1785147862.119642019,8,220.000000,3092.000
1785147862.119642019,15,221.640625,3026.000
1785147862.119642019,15,224.953125,2864.500
1785147862.119642019,10,226.578125,2796.500
1785147862.119642019,15,228.234375,2736.750
1785147862.119642019,11,229.875000,2689.750
1785147862.119642019,15,231.531250,2639.000
1785147862.119642019,12,233.171875,2588.250
1785147862.119642019,14,234.843750,2548.250
1785147862.119642019,15,236.500000,2507.000
1785147862.119642019,9,238.125000,2464.500
1785147862.119642019,15,239.781250,2432.750
1785147862.119642019,6,241.437500,2399.000
1785147862.119642019,6,243.046875,2361.750
1785147862.119642019,15,244.718750,2324.500
1785147862.119642019,15,246.343750,2289.000
1785147862.119642019,14,248.031250,2266.250
1785147862.119642019,12,249.640625,2256.500
1785147862.119642019,15,274.531250,1739.250
1785147862.119642019,15,282.734375,1490.000
1785147862.119642019,15,284.437500,1465.500
1785147862.119642019,15,286.031250,1452.500
1785147862.119642019,15,287.656250,1459.250
1785147862.119642019,15,290.921875,1566.250
1785147862.119642019,15,292.562500,1565.250
1785147862.119642019,15,299.171875,1619.250
1785147862.119642019,15,304.218750,1467.000
1785147862.119642019,15,307.625000,1323.750
1785147862.119642019,15,310.937500,1265.750
1785147862.119642019,15,315.812500,1282.500
1785147862.119642019,15,317.468750,1311.000
1785147862.119642019,15,319.078125,1334.500
1785147862.119642019,15,347.796875,6861.250
1785147862.231879950,15,351.078125,7218.500
1785147862.231879950,15,354.359375,7028.000
1785147862.231879950,15,356.000000,6997.250
1785147862.231879950,15,357.656250,6948.750
1785147862.231879950,15,359.281250,6874.000
1785147862.231879950,15,0.937500,6843.000
1785147862.231879950,15,2.578125,6839.500
1785147862.231879950,15,4.218750,6838.000
1785147862.231879950,15,5.859375,6850.500
1785147862.231879950,7,9.140625,6725.500
1785147862.231879950,15,48.093750,106.500
1785147862.231879950,15,181.250000,9719.500
1785147862.231879950,15,182.906250,9595.500
1785147862.231879950,15,217.687500,3212.750
1785147862.231879950,8,219.328125,3126.750
1785147862.231879950,15,220.968750,3044.000
1785147862.231879950,15,222.640625,2969.500
1785147862.231879950,15,224.312500,2886.000
1785147862.231879950,15,227.593750,2740.750
1785147862.231879950,10,229.265625,2692.500
1785147862.231879950,15,230.906250,2636.000
1785147862.231879950,9,232.562500,2586.000
1785147862.231879950,15,234.218750,2535.750
1785147862.231879950,15,235.843750,2486.250
1785147862.231879950,12,237.500000,2451.250
1785147862.231879950,15,239.156250,2426.000
1785147862.231879950,7,240.828125,2383.750
1785147862.231879950,15,242.484375,2340.500
1785147862.231879950,15,244.093750,2302.250
1785147862.231879950,15,245.765625,2271.250
1785147862.231879950,13,247.406250,2257.250
1785147862.231879950,8,249.062500,2247.750
1785147862.231879950,15,275.421875,1784.750
1785147862.231879950,15,283.750000,1504.250
1785147862.231879950,15,285.421875,1487.250
1785147862.231879950,15,286.984375,1478.750
1785147862.231879950,15,288.609375,1494.750
1785147862.231879950,15,298.375000,1618.500
1785147862.231879950,15,310.265625,1289.500
1785147862.231879950,15,316.750000,1355.000
1785147862.231879950,15,348.828125,7032.750
1785147862.346575975,15,353.750000,7000.500
1785147862.346575975,15,355.390625,6935.000
1785147862.346575975,15,357.031250,6907.500
1785147862.346575975,15,358.656250,6953.250
1785147862.346575975,15,0.312500,6870.750
1785147862.346575975,15,1.937500,6833.750
1785147862.346575975,15,3.593750,6847.750
1785147862.346575975,15,5.234375,6838.000
1785147862.346575975,15,6.875000,6831.750
1785147862.346575975,15,8.515625,6786.750
1785147862.346575975,15,47.000000,107.000
1785147862.346575975,15,50.703125,101.250
1785147862.346575975,6,212.156250,3634.250
1785147862.346575975,15,218.765625,3199.000
1785147862.346575975,15,220.421875,3138.250
1785147862.346575975,15,222.093750,3059.500
1785147862.346575975,15,223.718750,2992.500
1785147862.346575975,13,225.390625,2923.750
1785147862.346575975,15,227.062500,2845.500
1785147862.346575975,13,228.687500,2776.250
1785147862.346575975,15,230.359375,2722.500
1785147862.346575975,10,231.984375,2676.750
1785147862.346575975,15,233.671875,2622.750
1785147862.346575975,15,235.312500,2573.500
1785147862.346575975,15,236.921875,2533.750
1785147862.346575975,8,238.609375,2481.750
1785147862.346575975,11,240.250000,2446.500
1785147862.346575975,15,241.906250,2432.000
1785147862.346575975,15,243.546875,2406.250
1785147862.346575975,8,245.187500,2371.250
1785147862.346575975,15,246.859375,2331.750
1785147862.346575975,15,248.500000,2305.000
1785147862.346575975,15,250.125000,2287.250
1785147862.346575975,15,251.781250,2271.500
1785147862.346575975,15,253.421875,2263.250
1785147862.346575975,12,255.062500,2256.250
1785147862.346575975,13,256.687500,2254.250
1785147862.346575975,15,258.328125,2257.500
1785147862.346575975,15,259.968750,2259.500
1785147862.346575975,15,261.593750,2261.750
1785147862.346575975,15,263.218750,2264.500
1785147862.346575975,15,264.875000,2271.750
1785147862.346575975,15,266.515625,2289.000
1785147862.346575975,15,268.125000,2306.750
1785147862.346575975,15,269.781250,2317.250
1785147862.346575975,12,271.421875,2328.500
1785147862.346575975,5,273.078125,2346.500
1785147862.346575975,15,276.484375,1786.250
1785147862.346575975,15,283.203125,1551.000
1785147862.346575975,15,284.843750,1528.750
1785147862.346575975,15,286.515625,1516.250
1785147862.346575975,15,288.140625,1507.000
1785147862.346575975,15,294.593750,1644.500
1785147862.346575975,15,296.265625,1655.250
1785147862.346575975,15,309.750000,1327.500
1785147862.346575975,15,316.250000,1421.500
1785147862.346575975,12,333.515625,5107.250
1785147862.457434177,15,354.859375,7079.250
1785147862.457434177,15,356.515625,7002.000
1785147862.457434177,15,358.156250,6948.750
1785147862.457434177,15,359.812500,6905.500
1785147862.457434177,15,1.437500,6838.000
1785147862.457434177,15,3.093750,6833.750
1785147862.457434177,15,4.734375,6841.250
1785147862.457434177,15,6.375000,6831.000
1785147862.457434177,15,11.265625,6587.250
1785147862.457434177,15,46.359375,108.250
1785147862.457434177,15,48.171875,106.000
1785147862.457434177,15,219.671875,3052.000
1785147862.457434177,15,222.953125,2881.500
1785147862.457434177,15,226.250000,2726.500
1785147862.457434177,12,227.937500,2667.750
1785147862.457434177,15,229.578125,2612.250
1785147862.457434177,11,231.203125,2568.750
1785147862.457434177,15,232.875000,2528.250
1785147862.457434177,11,234.500000,2486.750
1785147862.457434177,12,236.171875,2449.250
1785147862.457434177,15,237.828125,2415.750
1785147862.457434177,6,239.453125,2368.500
1785147862.457434177,15,241.125000,2329.000
1785147862.457434177,15,242.765625,2296.750
1785147862.457434177,15,244.375000,2271.750
1785147862.457434177,14,246.031250,2259.000
1785147862.457434177,8,247.656250,2245.750
1785147862.457434177,12,267.328125,2245.750
1785147862.457434177,15,268.984375,2258.250
1785147862.457434177,15,270.578125,2269.000
1785147862.457434177,15,272.234375,2284.500
1785147862.457434177,15,273.906250,2299.250
1785147862.457434177,15,277.312500,1810.000
1785147862.457434177,15,284.015625,1574.000
1785147862.457434177,15,285.703125,1545.000
1785147862.457434177,15,287.343750,1532.000
1785147862.457434177,15,288.968750,1535.750
1785147862.457434177,15,293.750000,1691.500
1785147862.457434177,15,295.453125,1692.250
1785147862.457434177,13,297.109375,1645.250
1785147862.457434177,15,308.796875,1390.250
1785147862.457434177,15,313.718750,1465.000
1785147862.457434177,15,345.703125,7986.750
1785147862.457434177,15,347.468750,7781.250
1785147862.568302155,11,350.781250,7176.250
1785147862.568302155,15,355.734375,7068.250
1785147862.568302155,15,357.375000,6988.250
1785147862.568302155,15,359.031250,6930.750
1785147862.568302155,15,0.671875,6899.250
1785147862.568302155,15,2.312500,6847.500
1785147862.568302155,15,3.968750,6819.250
1785147862.568302155,15,5.625000,6844.250
1785147862.568302155,15,7.265625,6852.000
1785147862.568302155,15,45.968750,107.000
1785147862.568302155,15,51.218750,101.250
1785147862.568302155,13,212.250000,3662.250
1785147862.568302155,15,218.875000,3199.500
1785147862.568302155,15,222.187500,3024.250
1785147862.568302155,8,223.828125,2946.000
1785147862.568302155,15,225.468750,2875.250
1785147862.568302155,11,227.140625,2805.250
1785147862.568302155,15,228.765625,2742.750
1785147862.568302155,10,230.421875,2689.750
1785147862.568302155,15,232.062500,2644.750
1785147862.568302155,11,233.718750,2599.500
1785147862.568302155,15,235.359375,2560.000
1785147862.568302155,15,237.046875,2522.250
1785147862.568302155,9,238.687500,2468.500
1785147862.568302155,15,240.328125,2434.500
1785147862.568302155,15,241.968750,2409.500
1785147862.568302155,7,243.609375,2375.750
1785147862.568302155,15,245.250000,2340.000
1785147862.568302155,15,246.937500,2315.500
1785147862.568302155,15,248.562500,2291.250
1785147862.568302155,14,250.203125,2265.750
1785147862.568302155,15,251.875000,2257.750
1785147862.568302155,15,253.531250,2256.250
1785147862.568302155,13,255.156250,2249.500
1785147862.568302155,10,260.093750,2235.000
1785147862.568302155,7,263.359375,2234.000
1785147862.568302155,8,264.984375,2245.250
1785147862.568302155,12,266.656250,2251.250
1785147862.568302155,10,268.281250,2255.750
1785147862.568302155,15,269.906250,2257.250
1785147862.568302155,15,271.531250,2262.750
1785147862.568302155,12,273.171875,2269.000
1785147862.568302155,15,274.765625,2270.250
1785147862.568302155,15,278.140625,1859.750
1785147862.568302155,15,279.812500,1906.250
1785147862.568302155,15,284.906250,1597.750
1785147862.568302155,15,286.531250,1571.500
1785147862.568302155,15,288.156250,1559.750
1785147862.568302155,15,289.796875,1572.250
1785147862.568302155,15,299.671875,1703.750
1785147862.568302155,15,306.312500,1481.750
1785147862.568302155,15,308.031250,1458.250
1785147862.568302155,15,312.875000,1568.250
1785147862.568302155,15,348.343750,7700.000
1785147862.680248976,15,351.656250,7278.500
1785147862.680248976,15,353.281250,7268.500
1785147862.680248976,15,354.937500,7173.500
1785147862.680248976,15,356.578125,7076.000
1785147862.680248976,15,358.234375,7002.750
1785147862.680248976,15,359.890625,6913.250
1785147862.680248976,15,1.531250,6887.500
1785147862.680248976,15,3.171875,6836.500
1785147862.680248976,15,4.843750,6809.750
1785147862.680248976,15,6.468750,6850.250
1785147862.680248976,15,11.296875,6728.500
1785147862.680248976,15,45.234375,107.750
1785147862.680248976,15,47.984375,105.500
1785147862.680248976,15,157.734375,2070.000
1785147862.680248976,15,211.500000,3676.250
1785147862.680248976,15,213.140625,3579.750
1785147862.680248976,11,218.125000,3244.500
1785147862.680248976,15,221.421875,3059.500
1785147862.680248976,15,223.078125,2989.500
1785147862.680248976,15,224.718750,2915.500
1785147862.680248976,15,226.390625,2846.250
1785147862.680248976,15,228.031250,2781.750
1785147862.680248976,15,229.656250,2733.000
1785147862.680248976,10,231.343750,2692.500
1785147862.680248976,15,232.968750,2651.000
1785147862.680248976,15,234.609375,2614.750
1785147862.680248976,9,236.250000,2571.500
1785147862.680248976,15,237.921875,2539.750
1785147862.680248976,15,239.562500,2509.000
1785147862.680248976,7,241.218750,2465.000
1785147862.680248976,10,242.843750,2440.500
1785147862.680248976,15,244.500000,2425.500
1785147862.680248976,9,246.140625,2396.250
1785147862.680248976,7,247.796875,2361.250
1785147862.680248976,15,249.437500,2337.250
1785147862.680248976,15,251.093750,2320.000
1785147862.680248976,15,252.703125,2303.250
1785147862.680248976,15,254.375000,2294.500
1785147862.680248976,15,256.000000,2283.750
1785147862.680248976,15,257.625000,2269.750
1785147862.680248976,15,259.265625,2263.250
1785147862.680248976,15,260.937500,2264.000
1785147862.680248976,15,262.562500,2267.750
1785147862.680248976,15,264.203125,2270.500
1785147862.680248976,15,265.812500,2273.750
1785147862.680248976,15,267.468750,2281.750
1785147862.680248976,15,269.140625,2296.000
1785147862.680248976,15,270.765625,2308.750
1785147862.680248976,15,272.375000,2320.000
1785147862.680248976,6,274.031250,2338.250
1785147862.680248976,15,277.406250,1872.250
1785147862.680248976,15,284.109375,1572.750
1785147862.680248976,15,285.765625,1554.750
1785147862.680248976,15,287.437500,1549.500
1785147862.680248976,15,290.562500,1727.500
1785147862.680248976,15,292.171875,1740.250
1785147862.680248976,15,295.500000,1759.250
1785147862.794829130,15,350.906250,7187.000
1785147862.794829130,15,352.531250,7271.000
1785147862.794829130,15,355.812500,7031.500
1785147862.794829130,15,357.484375,6998.250
1785147862.794829130,15,359.125000,6935.250
1785147862.794829130,15,0.765625,6923.250
1785147862.794829130,15,2.421875,6885.750
1785147862.794829130,15,4.062500,6858.500
1785147862.794829130,15,5.703125,6844.250
1785147862.794829130,15,7.359375,6833.750
1785147862.794829130,15,12.203125,6598.750
1785147862.794829130,15,47.296875,106.750
1785147862.794829130,9,184.437500,8394.500
1785147862.794829130,15,214.187500,3494.000
1785147862.794829130,15,219.140625,3172.250
1785147862.794829130,15,224.109375,2911.250
1785147862.794829130,15,225.781250,2844.250
1785147862.794829130,15,227.437500,2770.000
1785147862.794829130,9,229.078125,2701.250
1785147862.794829130,11,230.734375,2654.750
1785147862.794829130,15,232.390625,2618.750
1785147862.794829130,8,234.031250,2572.750
1785147862.794829130,13,235.671875,2541.500
1785147862.794829130,15,237.328125,2523.250
1785147862.794829130,9,238.968750,2485.000
1785147862.794829130,10,240.640625,2450.250
1785147862.794829130,15,242.281250,2424.750
1785147862.794829130,8,243.906250,2394.250
1785147862.794829130,7,245.546875,2363.500
1785147862.794829130,7,247.218750,2340.500
1785147862.794829130,15,248.859375,2325.750
1785147862.794829130,15,250.500000,2306.250
1785147862.794829130,15,252.140625,2283.000
1785147862.794829130,15,253.781250,2272.500
1785147862.794829130,15,255.453125,2267.500
1785147862.794829130,14,257.062500,2259.500
1785147862.794829130,15,258.718750,2254.750
1785147862.794829130,8,260.375000,2249.500
1785147862.794829130,11,263.625000,2245.750
1785147862.794829130,9,265.296875,2246.250
1785147862.794829130,12,266.921875,2249.500
1785147862.794829130,14,268.562500,2257.750
1785147862.794829130,12,270.218750,2261.000
1785147862.794829130,15,275.078125,2267.000
1785147862.794829130,13,276.734375,2276.000
1785147862.794829130,15,280.265625,1620.250
1785147862.794829130,15,281.906250,1582.500
1785147862.794829130,15,283.593750,1564.000
1785147862.794829130,15,285.234375,1562.000
1785147862.794829130,15,288.343750,1812.250
1785147862.794829130,15,290.031250,1781.000
1785147862.794829130,15,291.687500,1762.250
1785147862.794829130,15,296.578125,1781.250
1785147862.794829130,15,306.640625,1587.750
1785147862.794829130,15,347.078125,8118.750
1785147862.905563831,15,352.015625,7240.750
1785147862.905563831,15,353.656250,7321.750
1785147862.905563831,15,356.968750,7115.250
1785147862.905563831,15,358.609375,7043.750
1785147862.905563831,15,0.250000,6950.250
1785147862.905563831,15,1.890625,6924.750
1785147862.905563831,15,3.546875,6901.500
1785147862.905563831,15,5.187500,6850.750
1785147862.905563831,15,8.421875,8758.000
1785147862.905563831,15,46.468750,107.250
1785147862.905563831,15,50.828125,101.250
1785147862.905563831,15,158.390625,1897.500
1785147862.905563831,15,215.578125,3343.750
1785147862.905563831,10,217.250000,3258.250
1785147862.905563831,9,220.531250,3086.750
1785147862.905563831,15,222.171875,3018.750
1785147862.905563831,15,223.843750,2940.500
1785147862.905563831,15,225.531250,2858.000
1785147862.905563831,10,227.140625,2789.250
1785147862.905563831,15,228.765625,2738.750
1785147862.905563831,11,230.453125,2687.000
1785147862.905563831,15,232.093750,2643.500
1785147862.905563831,7,233.718750,2599.500
1785147862.905563831,10,235.390625,2555.500
1785147862.905563831,15,237.031250,2527.000
1785147862.905563831,15,238.671875,2501.000
1785147862.905563831,10,240.296875,2469.250
1785147862.905563831,15,241.953125,2441.250
1785147862.905563831,15,243.593750,2423.000
1785147862.905563831,11,245.234375,2385.000
1785147862.905563831,9,246.906250,2349.500
1785147862.905563831,9,248.562500,2334.000
1785147862.905563831,15,250.187500,2318.500
1785147862.905563831,15,251.828125,2299.500
1785147862.905563831,15,253.484375,2282.500
1785147862.905563831,15,255.125000,2270.500
1785147862.905563831,15,256.750000,2261.000
1785147862.905563831,15,258.421875,2258.500
1785147862.905563831,15,260.031250,2260.250
1785147862.905563831,15,261.703125,2261.750
1785147862.905563831,14,263.312500,2254.250
1785147862.905563831,15,264.968750,2260.500
1785147862.905563831,15,266.593750,2266.750
1785147862.905563831,15,268.218750,2272.500
1785147862.905563831,5,276.390625,2355.250
1785147862.905563831,15,279.984375,1619.000
1785147862.905563831,15,281.640625,1595.500
1785147862.905563831,15,283.296875,1586.500
1785147862.905563831,15,289.734375,1811.500
1785147862.905563831,15,291.343750,1788.000
1785147863.017275810,9,351.765625,7329.250
1785147863.017275810,15,353.406250,7277.500
1785147863.017275810,15,355.062500,7170.750
1785147863.017275810,15,356.703125,7097.500
1785147863.017275810,15,358.359375,7039.500
1785147863.017275810,15,0.000000,6982.000
1785147863.017275810,15,1.640625,6995.750
1785147863.017275810,15,3.296875,6943.000
1785147863.017275810,15,4.953125,6870.250
1785147863.017275810,15,6.593750,6851.000
1785147863.017275810,15,9.828125,8870.750
1785147863.017275810,14,13.187500,6586.500
1785147863.017275810,15,45.859375,107.750
1785147863.017275810,15,158.234375,1800.500
1785147863.017275810,8,212.093750,3635.750
1785147863.017275810,15,213.750000,3531.250
1785147863.017275810,15,217.078125,3308.500
1785147863.017275810,15,218.718750,3225.250
1785147863.017275810,12,222.078125,3046.500
1785147863.017275810,15,225.359375,2904.750
1785147863.017275810,15,228.656250,2766.250
1785147863.017275810,8,230.296875,2705.000
1785147863.017275810,12,231.921875,2653.750
1785147863.017275810,8,233.609375,2604.750
1785147863.017275810,12,235.265625,2560.000
1785147863.017275810,15,236.906250,2532.500
1785147863.017275810,10,238.546875,2498.750
1785147863.017275810,10,240.203125,2462.250
1785147863.017275810,9,241.828125,2439.500
1785147863.017275810,15,243.500000,2420.000
1785147863.017275810,9,245.109375,2383.750
1785147863.017275810,8,246.812500,2352.500
1785147863.017275810,15,248.406250,2333.250
1785147863.017275810,15,250.078125,2317.500
1785147863.017275810,15,251.687500,2290.250
1785147863.017275810,15,253.343750,2266.000
1785147863.017275810,15,255.000000,2257.750
1785147863.017275810,15,256.671875,2255.000
1785147863.017275810,15,258.312500,2256.250
1785147863.017275810,15,259.937500,2256.750
1785147863.017275810,14,261.578125,2258.250
1785147863.017275810,15,263.234375,2254.750
1785147863.017275810,10,264.875000,2249.250
1785147863.017275810,15,266.468750,2253.500
1785147863.017275810,14,268.109375,2258.500
1785147863.017275810,15,269.765625,2260.000
1785147863.017275810,15,281.437500,1649.000
1785147863.017275810,15,283.046875,1623.500
1785147863.017275810,15,284.703125,1615.500
1785147863.017275810,15,286.296875,1629.000
1785147863.017275810,15,291.187500,1814.000
1785147863.017275810,15,348.203125,8121.000
1785147863.129080057,15,353.156250,7300.250
1785147863.129080057,15,358.093750,7118.500
1785147863.129080057,15,359.750000,7060.500
1785147863.129080057,15,1.375000,6977.750
1785147863.129080057,15,3.031250,6906.750
1785147863.129080057,15,4.671875,6857.750
1785147863.129080057,15,6.312500,6839.500
1785147863.129080057,15,9.562500,8866.500
1785147863.129080057,10,14.515625,6747.000
1785147863.129080057,15,45.718750,107.500
1785147863.129080057,15,158.078125,1734.250
1785147863.129080057,15,159.703125,1756.500
1785147863.129080057,15,211.843750,3569.750
1785147863.129080057,11,216.828125,3238.250
1785147863.129080057,15,220.125000,3064.750
1785147863.129080057,15,223.437500,2903.250
1785147863.129080057,9,225.109375,2835.000
1785147863.129080057,11,226.687500,2781.750
1785147863.129080057,10,228.343750,2728.750
1785147863.129080057,11,230.015625,2670.750
1785147863.129080057,15,231.640625,2625.000
1785147863.129080057,10,233.312500,2572.750
1785147863.129080057,12,234.953125,2542.500
1785147863.129080057,15,236.593750,2523.000
1785147863.129080057,8,238.218750,2489.000
1785147863.129080057,7,239.859375,2459.250
1785147863.129080057,9,241.500000,2443.250
1785147863.129080057,15,243.125000,2434.750
1785147863.129080057,15,244.812500,2415.000
1785147863.129080057,15,246.468750,2395.000
1785147863.129080057,8,248.093750,2379.500
1785147863.129080057,7,249.734375,2357.000
1785147863.129080057,10,251.375000,2342.500
1785147863.129080057,8,253.000000,2338.500
1785147863.129080057,15,254.656250,2328.750
1785147863.129080057,15,256.281250,2319.500
1785147863.129080057,10,257.906250,2318.250
1785147863.129080057,15,259.578125,2316.000
1785147863.129080057,15,261.187500,2314.500
1785147863.129080057,15,262.843750,2316.000
1785147863.129080057,15,264.484375,2317.750
1785147863.129080057,15,266.078125,2321.750
1785147863.129080057,15,267.750000,2327.250
1785147863.129080057,5,269.343750,2340.000
1785147863.129080057,4,271.015625,2360.000
1785147863.129080057,15,281.031250,1668.250
1785147863.129080057,15,282.625000,1640.750
1785147863.129080057,15,284.281250,1631.000
1785147863.129080057,15,285.921875,1634.250
1785147863.129080057,15,289.078125,1838.000
1785147863.129080057,15,290.718750,1819.750
1785147863.129080057,15,295.406250,2521.250
1785147863.243738890,15,352.281250,7232.500
1785147863.243738890,15,357.203125,7082.500
1785147863.243738890,15,358.828125,7020.000
1785147863.243738890,15,0.484375,6954.750
1785147863.243738890,15,2.109375,6986.500
1785147863.243738890,15,3.750000,6937.000
1785147863.243738890,15,5.390625,6876.500
1785147863.243738890,15,8.609375,8868.250
1785147863.243738890,15,13.578125,6584.500
1785147863.243738890,15,46.937500,107.000
1785147863.243738890,15,51.093750,101.000
1785147863.243738890,15,157.937500,1722.000
1785147863.243738890,15,159.546875,1743.000
1785147863.243738890,15,209.718750,3553.750
1785147863.243738890,15,213.015625,3324.500
1785147863.243738890,10,214.656250,3237.500
1785147863.243738890,11,217.921875,3057.250
1785147863.243738890,15,221.203125,2916.750
1785147863.243738890,8,222.875000,2851.500
1785147863.243738890,10,224.500000,2780.250
1785147863.243738890,15,227.765625,2636.500
1785147863.243738890,9,229.406250,2583.250
1785147863.243738890,12,231.015625,2541.250
1785147863.243738890,11,232.671875,2500.000
1785147863.243738890,14,234.296875,2462.250
1785147863.243738890,12,235.921875,2443.500
1785147863.243738890,15,237.546875,2419.250
1785147863.243738890,8,239.187500,2376.250
1785147863.243738890,15,240.812500,2337.000
1785147863.243738890,15,242.453125,2318.250
1785147863.243738890,15,244.062500,2298.750
1785147863.243738890,15,245.718750,2273.500
1785147863.243738890,15,247.343750,2259.000
1785147863.243738890,14,248.984375,2249.750
1785147863.243738890,12,250.609375,2246.500
1785147863.243738890,10,252.250000,2242.500
1785147863.243738890,7,266.921875,2231.750
1785147863.243738890,15,270.281250,1868.750
1785147863.243738890,9,273.406250,2247.500
1785147863.243738890,12,275.000000,2249.750
1785147863.243738890,15,278.484375,1673.000
1785147863.243738890,15,280.140625,1650.250
1785147863.243738890,15,281.750000,1645.250
1785147863.243738890,15,283.359375,1659.500
1785147863.243738890,15,286.546875,1816.750
1785147863.243738890,7,292.828125,2526.750
1785147863.243738890,15,294.421875,2577.000
1785147863.243738890,15,304.546875,1691.000
1785147863.243738890,15,306.125000,1737.000
1785147863.243738890,15,344.593750,8167.000
1785147863.243738890,15,349.515625,7252.250
1785147863.358084202,15,354.421875,7113.750
1785147863.358084202,15,356.031250,7077.500
1785147863.358084202,15,357.671875,6994.000
1785147863.358084202,15,359.296875,6911.500
1785147863.358084202,15,0.937500,6878.250
1785147863.358084202,15,2.562500,6841.500
1785147863.358084202,15,4.203125,6837.750
1785147863.358084202,15,46.156250,107.000
1785147863.358084202,15,50.609375,101.500
1785147863.358084202,15,210.406250,3698.500
1785147863.358084202,2,213.687500,3450.500
1785147863.358084202,15,216.921875,3215.750
1785147863.358084202,15,220.218750,3024.500
1785147863.358084202,15,225.109375,2767.500
1785147863.358084202,9,226.734375,2708.250
1785147863.358084202,15,228.375000,2660.750
1785147863.358084202,14,230.015625,2612.750
1785147863.358084202,9,231.625000,2563.250
1785147863.358084202,15,233.250000,2531.750
1785147863.358084202,6,234.890625,2492.250
1785147863.358084202,14,236.515625,2454.250
1785147863.358084202,15,238.156250,2434.250
1785147863.358084202,15,239.796875,2416.250
1785147863.358084202,6,241.421875,2385.750
1785147863.358084202,5,243.031250,2355.750
1785147863.358084202,15,244.640625,2339.500
1785147863.358084202,15,246.296875,2324.250
1785147863.358084202,15,247.921875,2313.250
1785147863.358084202,15,249.531250,2302.250
1785147863.358084202,15,251.218750,2290.250
1785147863.358084202,15,252.875000,2286.000
1785147863.358084202,15,254.468750,2277.250
1785147863.358084202,15,256.093750,2270.500
1785147863.358084202,14,257.703125,2268.000
1785147863.358084202,14,259.359375,2263.000
1785147863.358084202,15,260.984375,2263.500
1785147863.358084202,15,265.843750,2260.500
1785147863.358084202,12,267.515625,2241.250
1785147863.358084202,15,270.937500,1688.000
1785147863.358084202,15,272.593750,1667.250
1785147863.358084202,15,274.187500,1661.750
1785147863.358084202,15,275.765625,1677.500
1785147863.358084202,8,282.015625,2302.250
1785147863.358084202,14,283.625000,2325.500
1785147863.358084202,15,285.218750,2365.500
1785147863.358084202,15,291.671875,2485.750
1785147863.358084202,11,294.906250,2541.500
1785147863.358084202,15,303.078125,2739.750
1785147863.358084202,8,328.968750,5104.250
1785147863.358084202,15,341.937500,7136.000
1785147863.358084202,15,346.781250,7065.250
1785147863.358084202,15,348.406250,6992.750
1785147863.358084202,15,350.031250,6953.250
1785147863.469359159,15,351.656250,6920.250
1785147863.469359159,15,353.296875,6837.750
1785147863.469359159,15,354.906250,6781.000
1785147863.469359159,15,356.546875,6758.250
1785147863.469359159,15,0.125000,2601.250
1785147863.469359159,15,1.781250,2588.500
1785147863.469359159,15,3.406250,2594.000
1785147863.469359159,15,5.015625,2605.500
1785147863.469359159,15,6.640625,2616.000
1785147863.469359159,15,8.281250,2628.750
1785147863.469359159,15,45.031250,108.500
1785147863.469359159,15,47.593750,105.750
1785147863.469359159,15,175.984375,9743.250
1785147863.469359159,15,177.640625,9635.250
1785147863.469359159,13,209.015625,3705.000
1785147863.469359159,15,215.640625,3209.250
1785147863.469359159,15,217.296875,3133.000
1785147863.469359159,8,218.953125,3066.250
1785147863.469359159,15,220.609375,3008.250
1785147863.469359159,12,222.265625,2950.750
1785147863.469359159,15,223.906250,2895.500
1785147863.469359159,9,225.531250,2827.000
1785147863.469359159,5,227.171875,2773.750
1785147863.469359159,14,228.828125,2740.000
1785147863.469359159,8,230.484375,2689.000
1785147863.469359159,15,232.093750,2646.000
1785147863.469359159,15,233.765625,2608.500
1785147863.469359159,9,235.421875,2563.250
1785147863.469359159,15,237.062500,2528.000
1785147863.469359159,15,238.671875,2503.750
1785147863.469359159,9,240.359375,2472.500
1785147863.469359159,9,241.984375,2444.500
1785147863.469359159,11,243.640625,2439.000
1785147863.469359159,15,245.265625,2434.500
1785147863.469359159,15,246.906250,2422.250
1785147863.469359159,15,248.562500,2409.500
1785147863.469359159,15,250.218750,2396.500
1785147863.469359159,15,251.843750,2392.500
1785147863.469359159,8,253.500000,2384.750
1785147863.469359159,15,256.859375,1936.750
1785147863.469359159,7,260.093750,2164.250
1785147863.469359159,15,263.546875,1715.000
1785147863.469359159,15,265.203125,1690.500
1785147863.469359159,15,266.843750,1686.250
1785147863.469359159,15,268.500000,1693.250
1785147863.469359159,9,276.406250,2433.000
1785147863.469359159,15,284.906250,1644.750
1785147863.469359159,12,296.062500,2743.750
1785147863.469359159,15,299.437500,2898.000
1785147863.469359159,8,301.046875,2949.500
1785147863.469359159,15,335.500000,6932.500
1785147863.469359159,15,340.468750,7037.500
1785147863.469359159,15,343.765625,6867.250
1785147863.469359159,15,345.421875,6902.250
1785147863.469359159,15,347.109375,6815.000
1785147863.469359159,15,348.765625,6771.250
1785147863.581135988,15,357.390625,2567.500
1785147863.581135988,15,359.062500,2579.750
1785147863.581135988,15,0.703125,2591.750
1785147863.581135988,15,2.375000,2599.250
1785147863.581135988,15,4.031250,2611.000
1785147863.581135988,15,5.640625,2629.000
1785147863.581135988,15,7.312500,2649.500
1785147863.581135988,15,45.937500,107.500
1785147863.581135988,15,50.390625,101.500
1785147863.581135988,15,173.406250,9764.000
1785147863.581135988,15,175.046875,9790.500
1785147863.581135988,15,178.328125,10511.750
1785147863.581135988,9,208.281250,3876.250
1785147863.581135988,13,213.296875,3510.500
1785147863.581135988,15,218.281250,3172.750
1785147863.581135988,7,219.937500,3097.000
1785147863.581135988,15,221.625000,3030.500
1785147863.581135988,14,223.281250,2973.000
1785147863.581135988,15,224.921875,2902.000
1785147863.581135988,15,226.656250,2833.000
1785147863.581135988,15,229.953125,2700.250
1785147863.581135988,14,231.640625,2658.000
1785147863.581135988,8,233.281250,2606.000
1785147863.581135988,9,234.968750,2566.500
1785147863.581135988,10,236.609375,2544.000
1785147863.581135988,15,238.296875,2517.000
1785147863.581135988,8,239.953125,2482.250
1785147863.581135988,10,241.593750,2456.500
1785147863.581135988,10,243.250000,2440.500
1785147863.581135988,15,244.890625,2430.000
1785147863.581135988,15,246.593750,2424.000
1785147863.581135988,15,248.218750,2420.500
1785147863.581135988,15,249.875000,2411.500
1785147863.581135988,10,251.562500,2384.500
1785147863.581135988,15,254.984375,1945.250
1785147863.581135988,15,258.187500,2287.250
1785147863.581135988,15,263.359375,1718.000
1785147863.581135988,15,265.031250,1710.500
1785147863.581135988,15,273.031250,2385.000
1785147863.581135988,15,274.656250,2414.250
1785147863.581135988,15,279.640625,2425.500
1785147863.581135988,8,284.546875,2532.000
1785147863.581135988,11,286.203125,2567.000
1785147863.581135988,15,294.421875,2736.500
1785147863.581135988,15,297.703125,2834.750
1785147863.581135988,15,299.453125,2867.000
1785147863.581135988,15,337.390625,7362.500
1785147863.581135988,15,340.718750,7060.750
1785147863.581135988,15,342.375000,7006.250
1785147863.581135988,15,344.046875,6940.000
1785147863.581135988,15,345.703125,6865.250
1785147863.581135988,15,347.312500,6814.500
1785147863.581135988,15,348.968750,6771.000
1785147863.691464901,15,357.625000,2578.750
1785147863.691464901,15,359.281250,2590.250
1785147863.691464901,15,0.906250,2599.000
1785147863.691464901,15,2.578125,2609.500
1785147863.691464901,15,4.250000,2625.000
1785147863.691464901,15,5.890625,2641.250
1785147863.691464901,15,7.515625,2674.000
1785147863.691464901,15,48.046875,106.500
1785147863.691464901,15,173.859375,9685.750
1785147863.691464901,15,175.515625,9664.000
1785147863.691464901,12,207.046875,3870.000
1785147863.691464901,14,215.390625,3216.000
1785147863.691464901,15,217.046875,3133.250
1785147863.691464901,13,218.703125,3051.750
1785147863.691464901,15,220.390625,2989.000
1785147863.691464901,15,222.015625,2922.500
1785147863.691464901,15,223.703125,2849.000
1785147863.691464901,11,225.343750,2789.750
1785147863.691464901,15,226.984375,2746.750
1785147863.691464901,10,228.656250,2698.500
1785147863.691464901,15,230.296875,2640.750
1785147863.691464901,15,231.984375,2597.250
1785147863.691464901,8,233.609375,2561.000
1785147863.691464901,15,235.296875,2534.500
1785147863.691464901,15,236.906250,2519.000
1785147863.691464901,8,238.562500,2485.000
1785147863.691464901,11,240.250000,2450.750
1785147863.691464901,15,241.906250,2439.000
1785147863.691464901,15,243.546875,2427.250
1785147863.691464901,15,245.187500,2405.250
1785147863.691464901,5,246.859375,2379.250
1785147863.691464901,7,248.500000,2360.250
1785147863.691464901,8,250.125000,2352.000
1785147863.691464901,7,251.796875,2346.000
1785147863.691464901,15,253.421875,2328.500
1785147863.691464901,9,260.031250,2312.750
1785147863.691464901,15,263.531250,1772.000
1785147863.691464901,15,265.156250,1744.250
1785147863.691464901,15,266.843750,1741.500
1785147863.691464901,7,273.203125,2328.000
1785147863.691464901,15,281.343750,2438.750
1785147863.691464901,15,283.000000,2472.000
1785147863.691464901,15,284.640625,2498.000
1785147863.691464901,15,286.265625,2512.750
1785147863.691464901,15,291.250000,2481.000
1785147863.691464901,15,292.921875,2437.250
1785147863.691464901,15,297.718750,2832.750
1785147863.691464901,15,299.484375,2865.250
1785147863.691464901,9,325.703125,5117.750
1785147863.691464901,15,340.515625,7048.250
1785147863.691464901,15,342.171875,6998.500
1785147863.691464901,15,343.812500,6914.500
1785147863.691464901,15,345.468750,6913.000
1785147863.691464901,15,347.125000,6869.750
1785147863.691464901,15,348.765625,6816.500
1785147863.803418159,15,354.062500,2560.000
1785147863.803418159,15,355.750000,2580.750
1785147863.803418159,15,357.390625,2572.000
1785147863.803418159,15,359.015625,2583.250
1785147863.803418159,15,0.656250,2593.500
1785147863.803418159,15,2.328125,2600.750
1785147863.803418159,15,3.953125,2613.000
1785147863.803418159,15,5.609375,2631.500
1785147863.803418159,15,7.265625,2654.000
1785147863.803418159,15,46.937500,107.000
1785147863.803418159,15,51.828125,101.500
1785147863.803418159,13,174.671875,9494.750
1785147863.803418159,15,176.312500,9476.000
1785147863.803418159,11,207.843750,3906.250
1785147863.803418159,6,211.171875,3635.000
1785147863.803418159,15,216.140625,3299.000
1785147863.803418159,10,217.781250,3213.750
1785147863.803418159,15,219.468750,3141.500
1785147863.803418159,6,221.109375,3072.500
1785147863.803418159,15,222.750000,3014.500
1785147863.803418159,15,224.406250,2963.250
1785147863.803418159,15,226.046875,2897.250
1785147863.803418159,15,227.703125,2845.500
1785147863.803418159,12,229.343750,2795.500
1785147863.803418159,15,231.015625,2732.500
1785147863.803418159,8,232.640625,2684.250
1785147863.803418159,14,234.312500,2642.500
1785147863.803418159,15,235.953125,2607.750
1785147863.803418159,8,237.593750,2574.500
1785147863.803418159,12,239.234375,2546.500
1785147863.803418159,15,240.906250,2524.250
1785147863.803418159,15,242.562500,2504.750
1785147863.803418159,10,244.171875,2485.250
1785147863.803418159,8,245.843750,2465.000
1785147863.803418159,9,247.500000,2452.250
1785147863.803418159,8,249.125000,2445.000
1785147863.803418159,9,250.781250,2441.500
1785147863.803418159,8,252.421875,2439.750
1785147863.803418159,15,254.062500,2434.250
1785147863.803418159,15,264.125000,1825.250
1785147863.803418159,15,265.781250,1792.500
1785147863.803418159,15,267.406250,1786.000
1785147863.803418159,8,278.703125,2462.250
1785147863.803418159,15,293.515625,2480.750
1785147863.803418159,15,298.359375,2876.000
1785147863.803418159,13,300.078125,2904.750
1785147863.803418159,15,341.046875,7065.250
1785147863.803418159,15,344.359375,6907.250
1785147863.803418159,15,346.000000,6951.750
1785147863.803418159,15,347.625000,6896.500
1785147863.803418159,15,349.265625,6862.250
1785147863.914773941,15,356.203125,2597.750
1785147863.914773941,15,357.843750,2594.500
1785147863.914773941,15,359.500000,2600.750
1785147863.914773941,15,1.125000,2601.250
1785147863.914773941,15,2.765625,2614.250
1785147863.914773941,15,4.453125,2628.500
1785147863.914773941,15,6.093750,2638.250
1785147863.914773941,15,7.734375,2660.750
1785147863.914773941,15,47.390625,106.500
1785147863.914773941,15,178.296875,9656.250
1785147863.914773941,8,208.093750,3874.000
1785147863.914773941,9,216.375000,3243.250
1785147863.914773941,15,218.046875,3165.000
1785147863.914773941,8,219.687500,3091.750
1785147863.914773941,15,221.343750,3021.500
1785147863.914773941,8,223.015625,2955.750
1785147863.914773941,14,224.640625,2888.750
1785147863.914773941,10,226.312500,2819.750
1785147863.914773941,15,227.968750,2765.000
1785147863.914773941,15,229.656250,2731.500
1785147863.914773941,7,231.281250,2688.750
1785147863.914773941,15,232.953125,2634.500
1785147863.914773941,9,234.578125,2584.750
1785147863.914773941,9,236.265625,2554.250
1785147863.914773941,15,237.906250,2528.500
1785147863.914773941,15,239.562500,2498.750
1785147863.914773941,8,241.218750,2464.500
1785147863.914773941,10,242.828125,2441.000
1785147863.914773941,15,244.484375,2427.500
1785147863.914773941,15,246.140625,2418.000
1785147863.914773941,4,247.812500,2400.750
1785147863.914773941,15,249.453125,2385.000
1785147863.914773941,5,251.093750,2376.250
1785147863.914773941,4,252.734375,2364.750
1785147863.914773941,7,254.390625,2359.000
1785147863.914773941,6,256.000000,2355.000
1785147863.914773941,15,260.953125,2231.250
1785147863.914773941,12,262.609375,2288.250
1785147863.914773941,15,266.031250,1858.250
1785147863.914773941,15,267.718750,1840.000
1785147863.914773941,7,277.359375,2421.250
1785147863.914773941,14,279.000000,2454.750
1785147863.914773941,15,280.656250,2469.000
1785147863.914773941,15,282.281250,2487.750
1785147863.914773941,10,283.906250,2519.500
1785147863.914773941,15,293.781250,2538.500
1785147863.914773941,10,298.687500,2876.000
1785147863.914773941,12,300.343750,2909.250
1785147863.914773941,15,301.953125,2981.000
1785147863.914773941,15,339.609375,7528.250
1785147863.914773941,15,342.906250,7120.000
1785147863.914773941,15,344.578125,7062.250
1785147863.914773941,15,346.218750,6961.500
1785147863.914773941,15,347.859375,6904.000
1785147863.914773941,15,349.500000,6865.500
1785147864.029335976,15,353.140625,2623.000
1785147864.029335976,15,354.796875,2583.750
1785147864.029335976,15,356.437500,2588.250
1785147864.029335976,15,358.062500,2600.250
1785147864.029335976,15,359.750000,2607.000
1785147864.029335976,15,1.390625,2608.750
1785147864.029335976,15,3.046875,2618.750
1785147864.029335976,15,4.687500,2634.750
1785147864.029335976,15,6.328125,2650.750
1785147864.029335976,15,7.937500,2685.250
1785147864.029335976,15,45.921875,108.500
1785147864.029335976,15,47.828125,105.750
1785147864.029335976,13,208.375000,3931.500
1785147864.029335976,15,213.343750,3524.500
1785147864.029335976,3,215.000000,3433.000
1785147864.029335976,7,218.296875,3229.250
1785147864.029335976,15,219.953125,3159.000
1785147864.029335976,7,221.625000,3088.250
1785147864.029335976,15,223.265625,3026.750
1785147864.029335976,15,224.921875,2972.500
1785147864.029335976,11,226.578125,2911.000
1785147864.029335976,15,228.234375,2850.500
1785147864.029335976,10,229.875000,2796.500
1785147864.029335976,15,231.562500,2754.750
1785147864.029335976,15,233.203125,2714.500
1785147864.029335976,10,234.875000,2664.750
1785147864.029335976,15,236.515625,2631.000
1785147864.029335976,15,238.156250,2604.750
1785147864.029335976,8,239.812500,2572.750
1785147864.029335976,9,241.437500,2552.750
1785147864.029335976,15,243.109375,2537.250
1785147864.029335976,15,244.734375,2522.250
1785147864.029335976,15,246.375000,2512.000
1785147864.029335976,15,248.015625,2501.250
1785147864.029335976,10,249.671875,2485.500
1785147864.029335976,7,251.328125,2470.500
1785147864.029335976,8,253.015625,2467.750
1785147864.029335976,15,254.609375,2473.250
1785147864.029335976,7,256.265625,2469.750
1785147864.029335976,15,262.875000,2438.000
1785147864.029335976,15,266.343750,1924.750
1785147864.029335976,15,267.953125,1910.250
1785147864.029335976,9,279.250000,2531.750
1785147864.029335976,11,280.875000,2540.250
1785147864.029335976,12,284.125000,2576.000
1785147864.029335976,14,285.796875,2622.000
1785147864.029335976,15,290.781250,2384.000
1785147864.029335976,15,293.984375,2556.500
1785147864.029335976,9,298.953125,2884.750
1785147864.029335976,10,300.578125,2923.250
1785147864.029335976,15,302.218750,2989.750
1785147864.029335976,15,338.203125,7297.000
1785147864.029335976,15,339.859375,7440.000
1785147864.029335976,15,343.156250,7107.750
1785147864.029335976,15,344.828125,7040.250
1785147864.029335976,15,346.531250,6992.500
1785147864.029335976,15,348.171875,6929.250
1785147864.029335976,15,349.828125,6856.500
1785147864.141396046,15,358.453125,2604.250
1785147864.141396046,15,0.078125,2610.500
1785147864.141396046,15,1.750000,2611.500
1785147864.141396046,15,3.390625,2617.500
1785147864.141396046,15,5.015625,2633.750
1785147864.141396046,15,6.687500,2650.000
1785147864.141396046,15,8.343750,2681.000
1785147864.141396046,15,46.750000,108.500
1785147864.141396046,15,47.156250,106.250
1785147864.141396046,15,210.187500,3698.750
1785147864.141396046,15,213.484375,3489.000
1785147864.141396046,9,216.828125,3237.250
1785147864.141396046,15,218.468750,3159.750
1785147864.141396046,9,220.125000,3079.500
1785147864.141396046,14,221.781250,3008.250
1785147864.141396046,7,223.421875,2935.250
1785147864.141396046,15,225.078125,2873.250
1785147864.141396046,8,226.703125,2808.750
1785147864.141396046,15,228.375000,2748.750
1785147864.141396046,11,230.031250,2705.000
1785147864.141396046,9,231.671875,2658.750
1785147864.141396046,15,233.312500,2623.500
1785147864.141396046,9,234.984375,2588.250
1785147864.141396046,10,236.609375,2551.750
1785147864.141396046,15,238.250000,2520.750
1785147864.141396046,15,239.937500,2496.750
1785147864.141396046,9,241.546875,2470.500
1785147864.141396046,10,243.234375,2442.250
1785147864.141396046,9,244.859375,2437.000
1785147864.141396046,9,246.484375,2437.500
1785147864.141396046,15,248.140625,2431.750
1785147864.141396046,15,249.765625,2418.250
1785147864.141396046,15,251.437500,2403.250
1785147864.141396046,15,253.109375,2395.250
1785147864.141396046,15,254.718750,2394.000
1785147864.141396046,15,256.375000,2396.000
1785147864.141396046,10,258.015625,2394.500
1785147864.141396046,15,262.953125,2286.500
1785147864.141396046,10,264.593750,2332.750
1785147864.141396046,15,267.984375,1987.250
1785147864.141396046,15,269.609375,1995.500
1785147864.141396046,15,277.625000,2453.750
1785147864.141396046,15,279.218750,2490.000
1785147864.141396046,15,280.875000,2520.000
1785147864.141396046,7,282.500000,2542.000
1785147864.141396046,15,284.140625,2562.750
1785147864.141396046,15,285.734375,2602.750
1785147864.141396046,15,290.734375,2395.500
1785147864.141396046,15,292.375000,2404.500
1785147864.141396046,15,295.593750,2567.000
1785147864.141396046,15,300.546875,2980.000
1785147864.141396046,14,302.171875,3007.750
1785147864.141396046,15,343.125000,7140.500
1785147864.141396046,15,344.781250,7046.250
1785147864.141396046,15,346.406250,6985.250
1785147864.141396046,15,348.062500,6982.250
1785147864.141396046,15,349.718750,6921.750
1785147864.251521111,15,358.281250,2607.000
1785147864.251521111,15,359.921875,2611.250
1785147864.251521111,15,1.578125,2615.000
1785147864.251521111,15,3.218750,2625.750
1785147864.251521111,15,4.875000,2632.750
1785147864.251521111,15,6.546875,2644.500
1785147864.251521111,15,8.140625,2664.750
1785147864.251521111,15,44.875000,108.000
1785147864.251521111,15,48.062500,105.750
1785147864.251521111,15,157.859375,1675.750
1785147864.251521111,9,208.234375,3929.500
1785147864.251521111,15,211.546875,3652.500
1785147864.251521111,9,218.156250,3238.500
1785147864.251521111,15,219.812500,3167.500
1785147864.251521111,8,221.437500,3094.000
1785147864.251521111,15,223.093750,3035.000
1785147864.251521111,15,224.734375,2973.500
1785147864.251521111,9,226.375000,2916.250
1785147864.251521111,15,228.125000,2871.750
1785147864.251521111,9,229.781250,2808.750
1785147864.251521111,9,231.421875,2756.750
1785147864.251521111,15,233.062500,2739.750
1785147864.251521111,15,234.734375,2708.000
1785147864.251521111,9,236.359375,2664.000
1785147864.251521111,15,238.031250,2631.250
1785147864.251521111,15,239.656250,2598.250
1785147864.251521111,9,241.343750,2565.250
1785147864.251521111,15,242.984375,2538.000
1785147864.251521111,15,244.593750,2511.750
1785147864.251521111,8,246.250000,2484.000
1785147864.251521111,9,247.906250,2462.000
1785147864.251521111,9,249.578125,2448.000
1785147864.251521111,15,251.187500,2438.000
1785147864.251521111,15,252.828125,2432.500
1785147864.251521111,15,254.468750,2427.750
1785147864.251521111,15,256.109375,2423.500
1785147864.251521111,15,257.750000,2422.250
1785147864.251521111,15,264.328125,2342.750
1785147864.251521111,15,267.750000,2047.250
1785147864.251521111,15,269.375000,2016.500
1785147864.251521111,15,270.984375,2041.750
1785147864.251521111,15,279.031250,2506.750
1785147864.251521111,9,280.656250,2531.250
1785147864.251521111,8,282.281250,2548.500
1785147864.251521111,14,283.953125,2526.000
1785147864.251521111,15,292.140625,2423.500
1785147864.251521111,15,295.390625,2616.250
1785147864.251521111,14,300.296875,2988.500
1785147864.251521111,14,301.937500,3022.750
1785147864.251521111,15,303.593750,3067.750
1785147864.251521111,9,326.453125,5110.500
1785147864.251521111,15,339.546875,7305.250
1785147864.251521111,15,344.484375,7153.500
1785147864.251521111,15,346.125000,7095.000
1785147864.251521111,15,347.750000,7034.250
1785147864.251521111,15,349.390625,6980.500
1785147864.363414049,15,356.296875,2614.250
1785147864.363414049,15,357.937500,2614.750
1785147864.363414049,15,359.609375,2611.000
1785147864.363414049,15,1.234375,2615.500
1785147864.363414049,15,2.875000,2629.500
1785147864.363414049,15,4.531250,2636.000
1785147864.363414049,15,6.171875,2640.500
1785147864.363414049,15,7.812500,2660.750
1785147864.363414049,15,9.437500,2715.250
1785147864.363414049,15,47.906250,106.500
1785147864.363414049,15,157.500000,1593.500
1785147864.363414049,15,159.125000,1612.250
1785147864.363414049,10,178.093750,8432.500
1785147864.363414049,12,206.156250,3943.250
1785147864.363414049,15,209.468750,3669.500
1785147864.363414049,13,211.109375,3572.500
1785147864.363414049,15,212.765625,3483.250
1785147864.363414049,14,214.406250,3391.750
1785147864.363414049,15,216.078125,3294.750
1785147864.363414049,15,217.703125,3208.750
1785147864.363414049,15,221.015625,3043.250
1785147864.363414049,15,222.687500,2972.500
1785147864.363414049,15,224.312500,2889.750
1785147864.363414049,15,225.984375,2823.250
1785147864.363414049,12,227.671875,2774.750
1785147864.363414049,11,229.312500,2721.750
1785147864.363414049,13,230.953125,2674.250
1785147864.363414049,15,232.609375,2634.250
1785147864.363414049,15,234.296875,2593.000
1785147864.363414049,11,235.890625,2557.250
1785147864.363414049,15,237.578125,2535.000
1785147864.363414049,15,239.234375,2509.750
1785147864.363414049,9,240.875000,2476.750
1785147864.363414049,9,242.500000,2454.000
1785147864.363414049,11,244.156250,2443.000
1785147864.363414049,15,245.796875,2435.000
1785147864.363414049,15,247.421875,2427.750
1785147864.363414049,15,249.109375,2422.750
1785147864.363414049,15,250.703125,2417.250
1785147864.363414049,15,252.328125,2403.250
1785147864.363414049,5,253.984375,2388.250
1785147864.363414049,15,255.609375,2391.250
1785147864.363414049,15,257.281250,2398.250
1785147864.363414049,15,258.921875,2400.750
1785147864.363414049,15,262.234375,2192.750
1785147864.363414049,15,270.484375,2052.750
1785147864.363414049,15,280.140625,2489.750
1785147864.363414049,13,281.765625,2517.250
1785147864.363414049,12,283.421875,2544.500
1785147864.363414049,15,285.062500,2581.000
1785147864.363414049,15,286.671875,2619.000
1785147864.363414049,15,291.625000,2462.750
1785147864.363414049,15,293.265625,2467.250
1785147864.363414049,15,296.484375,2642.000
1785147864.363414049,7,301.484375,3043.250
1785147864.363414049,15,303.156250,3072.250
1785147864.363414049,15,339.078125,7143.750
1785147864.363414049,15,342.359375,7460.250
1785147864.363414049,15,345.656250,7112.500
1785147864.363414049,15,347.281250,7065.000
1785147864.363414049,15,348.921875,7032.750
1785147864.478667021,15,350.562500,6941.500
1785147864.478667021,15,355.843750,2621.250
1785147864.478667021,15,357.500000,2624.750
1785147864.478667021,15,359.109375,2625.250
1785147864.478667021,15,0.765625,2628.250
1785147864.478667021,15,2.390625,2629.250
1785147864.478667021,15,4.046875,2628.000
1785147864.478667021,15,5.718750,2637.250
1785147864.478667021,15,7.359375,2654.000
1785147864.478667021,15,47.671875,107.000
1785147864.478667021,15,50.515625,101.000
1785147864.478667021,15,160.312500,1555.250
1785147864.478667021,10,179.312500,8463.500
1785147864.478667021,15,210.781250,3659.000
1785147864.478667021,15,212.406250,3569.750
1785147864.478667021,9,217.390625,3227.000
1785147864.478667021,12,220.703125,3065.500
1785147864.478667021,15,224.000000,2911.250
1785147864.478667021,8,225.671875,2841.750
1785147864.478667021,10,227.281250,2781.000
1785147864.478667021,15,228.921875,2739.250
1785147864.478667021,12,230.593750,2686.750
1785147864.478667021,15,232.218750,2640.000
1785147864.478667021,9,233.875000,2605.750
1785147864.478667021,8,235.531250,2561.750
1785147864.478667021,15,237.187500,2529.500
1785147864.478667021,15,238.828125,2502.000
1785147864.478667021,8,240.453125,2469.250
1785147864.478667021,10,242.093750,2445.000
1785147864.478667021,15,243.765625,2432.000
1785147864.478667021,15,245.421875,2420.000
1785147864.478667021,15,247.062500,2411.500
1785147864.478667021,6,248.718750,2391.000
1785147864.478667021,6,250.312500,2368.250
1785147864.478667021,7,251.953125,2361.750
1785147864.478667021,15,253.609375,2339.000
1785147864.478667021,15,255.250000,2323.000
1785147864.478667021,13,256.875000,2331.250
1785147864.478667021,14,258.500000,2326.500
1785147864.478667021,15,260.171875,2315.000
1785147864.478667021,15,263.453125,2215.500
1785147864.478667021,9,266.703125,2311.750
1785147864.478667021,11,268.359375,2322.000
1785147864.478667021,15,271.718750,2083.000
1785147864.478667021,6,274.875000,2341.000
1785147864.478667021,15,278.156250,2385.250
1785147864.478667021,15,279.765625,2414.500
1785147864.478667021,9,281.406250,2427.000
1785147864.478667021,6,283.062500,2443.250
1785147864.478667021,15,284.687500,2469.250
1785147864.478667021,11,286.312500,2469.500
1785147864.478667021,15,291.234375,2475.250
1785147864.478667021,15,292.890625,2503.750
1785147864.478667021,15,294.515625,2515.000
1785147864.478667021,15,297.734375,2694.000
1785147864.478667021,10,301.125000,2870.500
1785147864.478667021,15,302.734375,2926.500
1785147864.478667021,15,306.015625,3104.750
1785147864.478667021,13,340.312500,7302.000
1785147864.478667021,15,345.234375,7150.250
1785147864.478667021,15,346.875000,7108.250
1785147864.478667021,15,348.515625,7077.750
1785147864.478667021,15,350.156250,7051.750
1785147864.589722872,15,357.109375,2626.750
1785147864.589722872,15,358.718750,2624.750
1785147864.589722872,15,0.375000,2627.000
1785147864.589722872,15,2.015625,2630.250
1785147864.589722872,15,3.640625,2634.250
1785147864.589722872,15,5.296875,2638.500
1785147864.589722872,15,6.953125,2650.750
1785147864.589722872,15,8.578125,2681.250
1785147864.589722872,15,10.203125,2740.750
1785147864.589722872,15,46.156250,107.250
1785147864.589722872,15,50.921875,101.750
1785147864.589722872,15,158.171875,1526.750
1785147864.589722872,15,161.484375,1529.500
1785147864.589722872,15,164.640625,1759.250
1785147864.589722872,11,180.359375,8395.250
1785147864.589722872,15,206.843750,3933.750
1785147864.589722872,14,210.156250,3661.750
1785147864.589722872,10,216.765625,3233.500
1785147864.589722872,15,218.406250,3160.250
1785147864.589722872,10,220.078125,3082.750
1785147864.589722872,15,221.734375,3031.750
1785147864.589722872,15,225.015625,2896.250
1785147864.589722872,9,226.656250,2833.750
1785147864.589722872,10,228.296875,2778.250
1785147864.589722872,15,229.953125,2738.750
1785147864.589722872,10,231.578125,2698.000
1785147864.589722872,12,233.203125,2661.000
1785147864.589722872,15,234.875000,2629.500
1785147864.589722872,15,236.500000,2598.000
1785147864.589722872,9,238.171875,2569.500
1785147864.589722872,10,239.796875,2554.000
1785147864.589722872,15,241.437500,2532.250
1785147864.589722872,15,243.078125,2503.500
1785147864.589722872,8,244.750000,2481.500
1785147864.589722872,8,246.359375,2468.750
1785147864.589722872,11,248.015625,2451.250
1785147864.589722872,11,249.656250,2437.500
1785147864.589722872,14,251.312500,2444.250
1785147864.589722872,13,252.937500,2443.500
1785147864.589722872,15,254.609375,2436.500
1785147864.589722872,15,256.250000,2427.750
1785147864.589722872,15,257.859375,2423.500
1785147864.589722872,15,259.500000,2424.500
1785147864.589722872,15,261.125000,2427.500
1785147864.589722872,15,264.453125,2251.500
1785147864.589722872,15,271.062500,2134.500
1785147864.589722872,15,272.703125,2109.750
1785147864.589722872,13,279.171875,2490.000
1785147864.589722872,8,280.812500,2522.000
1785147864.589722872,7,282.421875,2544.250
1785147864.589722872,15,284.046875,2566.000
1785147864.589722872,15,285.687500,2597.250
1785147864.589722872,15,287.296875,2645.000
1785147864.589722872,15,292.296875,2530.000
1785147864.589722872,15,293.906250,2531.750
1785147864.589722872,15,295.546875,2548.500
1785147864.589722872,11,300.468750,2955.000
1785147864.589722872,12,302.093750,3010.000
1785147864.589722872,7,303.734375,3066.750
1785147864.589722872,15,305.359375,3131.250
1785147864.589722872,15,341.312500,7306.750
1785147864.589722872,15,346.250000,7180.750
1785147864.589722872,15,347.875000,7136.000
1785147864.589722872,15,349.546875,7066.750
1785147864.700657845,15,351.171875,7024.750
1785147864.700657845,15,356.453125,2626.750
1785147864.700657845,15,358.093750,2628.500
1785147864.700657845,15,359.750000,2631.500
1785147864.700657845,15,1.375000,2630.750
1785147864.700657845,15,3.046875,2640.250
1785147864.700657845,15,4.671875,2647.000
1785147864.700657845,15,6.328125,2651.250
1785147864.700657845,15,7.921875,2667.250
1785147864.700657845,15,9.578125,2715.750
1785147864.700657845,15,48.406250,106.250
1785147864.700657845,15,159.109375,1497.000
1785147864.700657845,15,164.000000,1514.750
1785147864.700657845,15,206.156250,3770.250
1785147864.700657845,15,209.468750,3555.000
1785147864.700657845,13,214.437500,3215.250
1785147864.700657845,15,217.718750,3033.250
1785147864.700657845,7,219.375000,2967.500
1785147864.700657845,15,221.046875,2900.000
1785147864.700657845,15,222.718750,2846.000
1785147864.700657845,12,224.328125,2785.750
1785147864.700657845,8,226.000000,2723.500
1785147864.700657845,13,227.593750,2673.000
1785147864.700657845,15,229.281250,2624.000
1785147864.700657845,13,230.937500,2576.250
1785147864.700657845,12,232.546875,2545.000
1785147864.700657845,15,234.218750,2511.250
1785147864.700657845,9,235.843750,2469.500
1785147864.700657845,9,237.515625,2445.000
1785147864.700657845,15,239.156250,2436.000
1785147864.700657845,15,240.796875,2425.000
1785147864.700657845,15,242.453125,2400.500
1785147864.700657845,7,244.062500,2372.250
1785147864.700657845,8,245.718750,2348.750
1785147864.700657845,15,247.343750,2331.000
1785147864.700657845,15,249.000000,2323.750
1785147864.700657845,15,250.656250,2315.750
1785147864.700657845,7,252.312500,2307.750
1785147864.700657845,15,253.937500,2295.500
1785147864.700657845,15,255.609375,2283.000
1785147864.700657845,15,257.250000,2282.750
1785147864.700657845,15,258.859375,2296.250
1785147864.700657845,6,260.500000,2320.500
1785147864.700657845,8,262.156250,2335.500
1785147864.700657845,15,265.437500,2269.000
1785147864.700657845,15,267.031250,2313.500
1785147864.700657845,4,268.687500,2356.250
1785147864.700657845,6,270.359375,2359.250
1785147864.700657845,15,273.671875,2141.500
1785147864.700657845,7,276.843750,2414.750
1785147864.700657845,15,280.140625,2470.750
1785147864.700657845,14,281.765625,2502.250
1785147864.700657845,7,283.390625,2530.750
1785147864.700657845,6,285.031250,2562.250
1785147864.700657845,15,286.671875,2593.250
1785147864.700657845,14,288.281250,2631.250
1785147864.700657845,15,293.218750,2565.500
1785147864.700657845,15,294.859375,2574.000
1785147864.700657845,15,301.359375,3048.000
1785147864.700657845,11,304.656250,3190.250
1785147864.700657845,15,342.218750,7265.000
1785147864.700657845,15,347.171875,7176.000
1785147864.700657845,15,348.812500,7117.000
1785147864.812521935,15,350.468750,7062.000
1785147864.812521935,15,354.109375,2730.250
1785147864.812521935,15,355.750000,2662.750
1785147864.812521935,15,357.390625,2635.250
1785147864.812521935,15,359.062500,2635.250
1785147864.812521935,15,0.687500,2631.000
1785147864.812521935,15,2.328125,2633.000
1785147864.812521935,15,3.984375,2632.750
1785147864.812521935,15,5.609375,2636.500
1785147864.812521935,15,7.265625,2654.750
1785147864.812521935,15,46.984375,107.250
1785147864.812521935,15,158.468750,1503.500
1785147864.812521935,15,160.109375,1476.500
1785147864.812521935,15,161.750000,1468.000
1785147864.812521935,15,163.359375,1473.250
1785147864.812521935,15,205.390625,3953.500
1785147864.812521935,15,208.687500,3696.250
1785147864.812521935,15,216.953125,3172.750
1785147864.812521935,8,218.593750,3098.750
1785147864.812521935,15,220.218750,3037.750
1785147864.812521935,9,221.906250,2977.250
1785147864.812521935,10,223.531250,2915.000
1785147864.812521935,15,225.171875,2870.250
1785147864.812521935,8,226.828125,2806.000
1785147864.812521935,15,228.515625,2749.750
1785147864.812521935,8,230.171875,2702.500
1785147864.812521935,15,231.796875,2655.000
1785147864.812521935,9,233.437500,2610.750
1785147864.812521935,15,235.093750,2564.500
1785147864.812521935,10,236.718750,2535.250
1785147864.812521935,15,238.375000,2512.750
1785147864.812521935,9,240.046875,2481.500
1785147864.812521935,9,241.671875,2455.500
1785147864.812521935,12,243.296875,2441.250
1785147864.812521935,15,244.968750,2427.750
1785147864.812521935,9,246.593750,2397.250
1785147864.812521935,8,248.234375,2363.500
1785147864.812521935,6,249.875000,2346.250
1785147864.812521935,8,251.531250,2341.750
1785147864.812521935,13,253.218750,2331.250
1785147864.812521935,15,254.875000,2312.750
1785147864.812521935,15,256.484375,2299.250
1785147864.812521935,15,258.140625,2291.250
1785147864.812521935,13,259.765625,2297.000
1785147864.812521935,15,261.406250,2289.250
1785147864.812521935,13,263.046875,2299.750
1785147864.812521935,15,264.671875,2293.000
1785147864.812521935,15,266.312500,2286.750
1785147864.812521935,15,267.937500,2321.000
1785147864.812521935,6,269.609375,2335.750
1785147864.812521935,15,271.250000,2334.000
1785147864.812521935,15,274.578125,2188.000
1785147864.812521935,15,277.750000,2410.750
1785147864.812521935,8,281.015625,2434.500
1785147864.812521935,5,282.640625,2453.500
1785147864.812521935,15,284.296875,2478.250
1785147864.812521935,15,285.921875,2503.500
1785147864.812521935,15,287.531250,2518.250
1785147864.812521935,15,289.171875,2545.500
1785147864.812521935,15,292.437500,2583.000
1785147864.812521935,15,294.062500,2603.000
1785147864.812521935,15,295.703125,2603.000
1785147864.812521935,15,299.125000,2446.500
1785147864.812521935,15,302.296875,2960.000
1785147864.812521935,11,303.906250,3022.750
1785147864.812521935,8,307.203125,3188.000
1785147864.812521935,15,343.156250,7319.250
1785147864.812521935,15,344.796875,7492.000
1785147864.812521935,15,348.093750,7152.000
1785147864.812521935,15,349.734375,7098.000
1785147864.927284002,15,351.375000,7052.750
1785147864.927284002,15,356.640625,2650.000
1785147864.927284002,15,358.312500,2644.500
1785147864.927284002,15,359.968750,2642.500
1785147864.927284002,15,1.578125,2641.250
1785147864.927284002,15,3.218750,2640.500
1785147864.927284002,15,4.890625,2637.500
1785147864.927284002,15,6.531250,2646.500
1785147864.927284002,15,8.156250,2664.250
1785147864.927284002,15,45.734375,108.250
1785147864.927284002,15,48.484375,105.750
1785147864.927284002,15,159.359375,1488.500
1785147864.927284002,15,161.000000,1461.000
1785147864.927284002,15,162.640625,1449.750
1785147864.927284002,15,207.968750,3664.750
1785147864.927284002,14,209.625000,3565.250
1785147864.927284002,15,212.921875,3369.750
1785147864.927284002,15,216.187500,3186.250
1785147864.927284002,15,219.500000,3028.000
1785147864.927284002,15,221.156250,2976.250
1785147864.927284002,7,222.796875,2914.750
1785147864.927284002,15,224.468750,2861.500
1785147864.927284002,9,226.093750,2799.750
1785147864.927284002,15,227.750000,2753.750
1785147864.927284002,11,229.406250,2704.000
1785147864.927284002,15,231.093750,2636.500
1785147864.927284002,9,232.703125,2585.750
1785147864.927284002,14,234.375000,2553.000
1785147864.927284002,9,235.984375,2529.250
1785147864.927284002,8,237.671875,2498.000
1785147864.927284002,10,239.281250,2463.500
1785147864.927284002,12,240.937500,2453.500
1785147864.927284002,13,242.578125,2450.250
1785147864.927284002,15,244.250000,2425.000
1785147864.927284002,15,245.875000,2399.000
1785147864.927284002,10,247.500000,2367.500
1785147864.927284002,7,249.156250,2343.000
1785147864.927284002,8,250.843750,2337.750
1785147864.927284002,8,252.484375,2332.750
1785147864.927284002,15,254.140625,2321.000
1785147864.927284002,15,255.734375,2306.250
1785147864.927284002,15,257.406250,2301.000
1785147864.927284002,15,259.031250,2295.250
1785147864.927284002,15,260.703125,2293.750
1785147864.927284002,15,262.312500,2284.500
1785147864.927284002,13,263.953125,2298.000
1785147864.927284002,15,265.593750,2290.000
1785147864.927284002,11,267.250000,2285.000
1785147864.927284002,13,268.890625,2322.750
1785147864.927284002,15,270.531250,2334.000
1785147864.927284002,5,272.171875,2341.500
1785147864.927284002,15,275.421875,2236.750
1785147864.927284002,15,278.609375,2411.000
1785147864.927284002,7,281.890625,2435.750
1785147864.927284002,15,283.515625,2463.000
1785147864.927284002,15,285.171875,2490.500
1785147864.927284002,15,286.765625,2516.000
1785147864.927284002,15,288.406250,2532.500
1785147864.927284002,15,290.078125,2566.000
1785147864.927284002,15,293.328125,2614.000
1785147864.927284002,15,294.937500,2633.500
1785147864.927284002,15,298.265625,2417.750
1785147864.927284002,15,301.531250,2969.750
1785147864.927284002,13,303.171875,3022.750
1785147864.927284002,15,304.781250,3102.750
1785147864.927284002,10,306.437500,3168.000
1785147864.927284002,14,342.406250,7343.750
1785147864.927284002,15,344.046875,7458.250
1785147864.927284002,15,347.312500,7201.750
1785147864.927284002,15,348.953125,7155.250
1785147865.037765980,15,350.609375,7105.500
1785147865.037765980,15,355.859375,2678.500
1785147865.037765980,15,357.546875,2653.000
1785147865.037765980,15,359.171875,2642.000
1785147865.037765980,15,0.812500,2635.000
1785147865.037765980,15,2.453125,2639.500
1785147865.037765980,15,4.078125,2648.750
1785147865.037765980,15,5.750000,2651.500
1785147865.037765980,15,7.375000,2656.250
1785147865.037765980,15,9.000000,2679.500
1785147865.037765980,15,10.578125,2727.000
1785147865.037765980,15,46.531250,106.750
1785147865.037765980,15,50.703125,100.750
1785147865.037765980,15,161.937500,1461.750
1785147865.037765980,15,163.562500,1439.750
1785147865.037765980,15,165.218750,1429.000
1785147865.037765980,15,166.828125,1439.250
1785147865.037765980,9,207.218750,3826.500
1785147865.037765980,15,213.812500,3372.750
1785147865.037765980,15,215.484375,3280.750
1785147865.037765980,15,217.109375,3197.500
1785147865.037765980,15,220.421875,3043.500
1785147865.037765980,8,223.718750,2912.250
1785147865.037765980,15,225.343750,2871.750
1785147865.037765980,9,227.031250,2819.250
1785147865.037765980,10,228.640625,2770.000
1785147865.037765980,15,230.312500,2737.500
1785147865.037765980,9,231.968750,2685.750
1785147865.037765980,15,233.625000,2639.000
1785147865.037765980,7,235.265625,2608.000
1785147865.037765980,11,236.921875,2573.750
1785147865.037765980,10,238.562500,2549.000
1785147865.037765980,15,240.187500,2535.250
1785147865.037765980,15,241.843750,2522.750
1785147865.037765980,15,243.468750,2502.250
1785147865.037765980,10,245.125000,2481.500
1785147865.037765980,8,246.750000,2461.000
1785147865.037765980,11,248.421875,2445.000
1785147865.037765980,13,250.062500,2441.000
1785147865.037765980,15,251.687500,2437.000
1785147865.037765980,11,253.328125,2433.750
1785147865.037765980,15,254.968750,2428.750
1785147865.037765980,15,256.578125,2420.500
1785147865.037765980,15,258.218750,2409.250
1785147865.037765980,15,259.875000,2397.500
1785147865.037765980,15,261.531250,2409.250
1785147865.037765980,15,263.140625,2426.250
1785147865.037765980,13,264.781250,2429.750
1785147865.037765980,12,271.343750,2435.250
1785147865.037765980,13,273.000000,2433.750
1785147865.037765980,15,276.250000,2263.250
1785147865.037765980,15,279.453125,2496.500
1785147865.037765980,9,282.734375,2538.000
1785147865.037765980,15,284.343750,2576.250
1785147865.037765980,14,286.000000,2608.500
1785147865.037765980,8,287.625000,2642.000
1785147865.037765980,15,289.234375,2679.000
1785147865.037765980,15,290.859375,2715.000
1785147865.037765980,15,295.828125,2646.500
1785147865.037765980,15,299.250000,2466.750
1785147865.037765980,14,302.406250,3065.000
1785147865.037765980,15,304.046875,3126.500
1785147865.037765980,10,305.671875,3172.500
1785147865.037765980,15,307.312500,3240.250
1785147865.037765980,15,343.328125,7340.250
1785147865.037765980,15,348.187500,7204.500
1785147865.037765980,15,349.828125,7154.000
1785147865.148969889,15,351.484375,7105.750
1785147865.148969889,15,356.734375,2660.750
1785147865.148969889,15,358.406250,2648.250
1785147865.148969889,15,0.015625,2654.000
1785147865.148969889,15,1.656250,2653.250
1785147865.148969889,15,3.312500,2652.750
1785147865.148969889,15,4.953125,2653.000
1785147865.148969889,15,6.625000,2652.000
1785147865.148969889,15,45.265625,108.250
1785147865.148969889,15,48.484375,105.750
1785147865.148969889,15,162.828125,1450.250
1785147865.148969889,15,164.453125,1428.500
1785147865.148969889,15,166.140625,1414.000
1785147865.148969889,15,208.046875,3728.750
1785147865.148969889,7,209.703125,3617.750
1785147865.148969889,15,216.312500,3184.000
1785147865.148969889,15,219.609375,3028.250
1785147865.148969889,8,221.250000,2973.250
1785147865.148969889,15,222.890625,2905.250
1785147865.148969889,15,224.562500,2844.750
1785147865.148969889,12,226.187500,2783.250
1785147865.148969889,15,227.828125,2727.250
1785147865.148969889,14,229.484375,2683.000
1785147865.148969889,13,231.125000,2637.750
1785147865.148969889,10,232.765625,2588.500
1785147865.148969889,10,234.421875,2553.250
1785147865.148969889,15,236.078125,2528.500
1785147865.148969889,11,237.718750,2498.000
1785147865.148969889,11,239.359375,2466.250
1785147865.148969889,12,241.000000,2451.500
1785147865.148969889,15,242.640625,2448.500
1785147865.148969889,11,244.281250,2442.250
1785147865.148969889,15,245.890625,2433.000
1785147865.148969889,5,247.562500,2409.250
1785147865.148969889,7,249.187500,2384.250
1785147865.148969889,8,250.859375,2374.750
1785147865.148969889,10,252.484375,2369.750
1785147865.148969889,9,254.125000,2360.250
1785147865.148969889,7,255.750000,2346.500
1785147865.148969889,8,257.375000,2338.750
1785147865.148969889,8,259.046875,2331.000
1785147865.148969889,15,260.671875,2325.250
1785147865.148969889,4,262.296875,2332.750
1785147865.148969889,4,263.968750,2350.250
1785147865.148969889,15,265.562500,2372.000
1785147865.148969889,15,270.484375,2385.250
1785147865.148969889,15,272.125000,2415.750
1785147865.148969889,15,273.734375,2422.250
1785147865.148969889,15,277.062500,2298.250
1785147865.148969889,15,280.250000,2498.000
1785147865.148969889,5,283.515625,2535.250
1785147865.148969889,15,285.156250,2578.750
1785147865.148969889,9,286.796875,2620.750
1785147865.148969889,15,288.421875,2666.500
1785147865.148969889,12,290.078125,2707.750
1785147865.148969889,9,291.687500,2735.750
1785147865.148969889,15,294.984375,2710.750
1785147865.148969889,15,296.609375,2661.750
1785147865.148969889,15,300.046875,2516.250
1785147865.148969889,15,303.218750,3122.250
1785147865.148969889,15,304.875000,3210.750
1785147865.148969889,15,306.531250,3242.500
1785147865.148969889,15,344.156250,7431.000
1785147865.148969889,15,349.093750,7235.750
1785147865.264394999,15,350.734375,7170.000
1785147865.264394999,15,352.375000,7118.750
1785147865.264394999,15,356.015625,2678.250
1785147865.264394999,15,357.640625,2661.250
1785147865.264394999,15,359.328125,2663.000
1785147865.264394999,15,0.968750,2660.000
1785147865.264394999,15,2.593750,2652.000
1785147865.264394999,15,4.250000,2652.000
1785147865.264394999,15,5.890625,2652.750
1785147865.264394999,15,7.546875,2672.750
1785147865.264394999,15,10.703125,2724.000
1785147865.264394999,15,46.953125,107.000
1785147865.264394999,15,50.640625,101.250
1785147865.264394999,15,162.093750,1479.500
1785147865.264394999,15,163.765625,1441.750
1785147865.264394999,15,165.406250,1414.000
1785147865.264394999,15,167.078125,1396.750
1785147865.264394999,15,168.687500,1393.750
1785147865.264394999,15,170.281250,1417.500
1785147865.264394999,15,171.937500,1449.250
1785147865.264394999,15,209.093750,3684.000
1785147865.264394999,9,215.734375,3225.000
1785147865.264394999,15,219.000000,3050.500
1785147865.264394999,15,220.687500,2991.000
1785147865.264394999,10,222.328125,2924.750
1785147865.264394999,15,223.984375,2866.750
1785147865.264394999,10,225.625000,2800.750
1785147865.264394999,15,227.281250,2745.000
1785147865.264394999,9,228.890625,2696.750
1785147865.264394999,14,230.578125,2655.000
1785147865.264394999,9,233.843750,2546.250
1785147865.264394999,15,235.531250,2519.250
1785147865.264394999,12,237.156250,2477.250
1785147865.264394999,9,238.781250,2447.500
1785147865.264394999,15,240.453125,2435.500
1785147865.264394999,15,242.078125,2421.750
1785147865.264394999,6,243.718750,2400.250
1785147865.264394999,7,245.375000,2378.500
1785147865.264394999,7,247.000000,2360.500
1785147865.264394999,9,248.656250,2342.500
1785147865.264394999,15,250.328125,2324.750
1785147865.264394999,9,251.906250,2314.000
1785147865.264394999,15,253.578125,2304.750
1785147865.264394999,15,255.171875,2295.500
1785147865.264394999,15,256.828125,2285.000
1785147865.264394999,15,258.484375,2273.750
1785147865.264394999,15,260.093750,2269.750
1785147865.264394999,15,261.765625,2270.500
1785147865.264394999,15,263.406250,2268.500
1785147865.264394999,15,265.000000,2265.750
1785147865.264394999,15,266.656250,2272.500
1785147865.264394999,15,268.281250,2269.500
1785147865.264394999,13,269.921875,2286.750
1785147865.264394999,15,271.562500,2316.500
1785147865.264394999,13,273.156250,2327.000
1785147865.264394999,14,274.812500,2335.250
1785147865.264394999,7,276.437500,2335.500
1785147865.264394999,15,278.078125,2343.500
1785147865.264394999,15,279.687500,2387.500
1785147865.264394999,15,281.328125,2429.750
1785147865.264394999,15,284.562500,2461.750
1785147865.264394999,14,286.171875,2504.500
1785147865.264394999,6,287.843750,2541.750
1785147865.264394999,15,289.468750,2582.000
1785147865.264394999,15,291.078125,2620.500
1785147865.264394999,15,295.937500,2728.250
1785147865.264394999,14,302.593750,2987.250
1785147865.264394999,5,305.843750,3150.000
1785147865.264394999,15,307.468750,3233.500
1785147865.264394999,9,309.109375,3315.250
1785147865.264394999,15,345.109375,7458.500
1785147865.264394999,15,349.953125,7239.000
1785147865.375598192,15,351.578125,7176.000
1785147865.375598192,15,358.468750,2673.000
1785147865.375598192,15,0.125000,2675.000
1785147865.375598192,15,1.765625,2670.250
1785147865.375598192,15,3.390625,2662.500
1785147865.375598192,15,5.062500,2654.250
1785147865.375598192,15,6.671875,2653.500
1785147865.375598192,15,8.312500,2667.250
1785147865.375598192,15,46.140625,108.250
1785147865.375598192,15,47.578125,105.750
1785147865.375598192,15,164.218750,1449.500
1785147865.375598192,15,165.890625,1413.750
1785147865.375598192,15,167.515625,1390.750
1785147865.375598192,15,169.140625,1382.750
1785147865.375598192,15,170.765625,1387.250
1785147865.375598192,15,211.140625,3721.250
1785147865.375598192,15,214.421875,3518.250
1785147865.375598192,15,219.406250,3211.500
1785147865.375598192,15,221.046875,3139.250
1785147865.375598192,10,222.687500,3070.000
1785147865.375598192,15,224.328125,3017.500
1785147865.375598192,8,225.953125,2955.250
1785147865.375598192,9,227.578125,2899.000
1785147865.375598192,15,229.250000,2857.750
1785147865.375598192,9,230.859375,2796.000
1785147865.375598192,15,232.500000,2740.500
1785147865.375598192,15,234.140625,2696.500
1785147865.375598192,15,235.828125,2649.000
1785147865.375598192,15,237.468750,2613.000
1785147865.375598192,11,239.078125,2581.750
1785147865.375598192,10,240.703125,2555.250
1785147865.375598192,11,242.343750,2543.500
1785147865.375598192,15,243.984375,2529.250
1785147865.375598192,15,245.625000,2509.750
1785147865.375598192,15,247.281250,2495.750
1785147865.375598192,11,248.921875,2475.750
1785147865.375598192,9,250.578125,2453.250
1785147865.375598192,13,252.234375,2444.250
1785147865.375598192,15,253.859375,2439.750
1785147865.375598192,10,255.484375,2436.000
1785147865.375598192,15,257.140625,2427.000
1785147865.375598192,13,258.781250,2419.750
1785147865.375598192,15,260.421875,2415.000
1785147865.375598192,15,262.046875,2401.750
1785147865.375598192,15,263.687500,2396.500
1785147865.375598192,15,265.312500,2402.500
1785147865.375598192,15,266.921875,2415.500
1785147865.375598192,15,271.843750,2418.750
1785147865.375598192,13,273.484375,2419.250
1785147865.375598192,8,275.046875,2430.500
1785147865.375598192,9,276.718750,2439.500
1785147865.375598192,8,278.312500,2448.250
1785147865.375598192,15,279.937500,2474.250
1785147865.375598192,11,281.578125,2498.500
1785147865.375598192,14,284.828125,2537.000
1785147865.375598192,13,286.468750,2585.750
1785147865.375598192,15,288.093750,2612.250
1785147865.375598192,15,289.718750,2653.000
1785147865.375598192,14,291.343750,2670.250
1785147865.375598192,15,296.218750,2753.750
1785147865.375598192,15,299.578125,2522.750
1785147865.375598192,13,302.718750,3017.500
1785147865.375598192,15,304.375000,3072.000
1785147865.375598192,15,305.984375,3135.500
1785147865.375598192,9,307.625000,3184.500
1785147865.375598192,15,309.218750,3243.000
1785147865.375598192,10,343.343750,7387.000
1785147865.375598192,15,345.000000,7484.000
1785147865.375598192,15,346.640625,7604.250
1785147865.375598192,15,349.921875,7240.500
1785147865.486437798,15,351.546875,7183.500
1785147865.486437798,15,356.828125,2662.500
1785147865.486437798,15,358.453125,2661.000
1785147865.486437798,15,0.078125,2664.500
1785147865.486437798,15,1.734375,2663.250
1785147865.486437798,15,3.343750,2662.000
1785147865.486437798,15,4.984375,2654.250
1785147865.486437798,15,6.625000,2654.750
1785147865.486437798,15,8.250000,2668.250
1785147865.486437798,15,9.859375,2712.000
1785147865.486437798,15,45.203125,108.000
1785147865.486437798,15,47.281250,105.750
1785147865.486437798,15,163.562500,1459.000
1785147865.486437798,15,165.250000,1422.250
1785147865.486437798,15,166.859375,1394.250
1785147865.486437798,15,168.484375,1379.750
1785147865.486437798,15,170.140625,1381.000
1785147865.486437798,15,171.781250,1402.500
1785147865.486437798,8,192.156250,6140.250
1785147865.486437798,15,208.578125,3938.500
1785147865.486437798,15,211.890625,3693.250
1785147865.486437798,9,213.531250,3600.250
1785147865.486437798,15,215.171875,3511.750
1785147865.486437798,4,216.796875,3423.500
1785147865.486437798,8,220.109375,3229.000
1785147865.486437798,15,221.734375,3159.250
1785147865.486437798,10,223.390625,3085.250
1785147865.486437798,15,225.000000,3029.250
1785147865.486437798,15,226.656250,2992.500
1785147865.486437798,8,228.281250,2934.750
1785147865.486437798,15,229.937500,2881.750
1785147865.486437798,9,231.578125,2826.500
1785147865.486437798,11,233.187500,2770.750
1785147865.486437798,12,234.859375,2715.750
1785147865.486437798,9,236.468750,2670.750
1785147865.486437798,15,238.109375,2646.000
1785147865.486437798,15,239.765625,2614.500
1785147865.486437798,6,241.390625,2588.000
1785147865.486437798,9,243.015625,2561.750
1785147865.486437798,15,244.656250,2539.750
1785147865.486437798,15,246.296875,2522.750
1785147865.486437798,8,247.921875,2496.250
1785147865.486437798,9,249.546875,2462.250
1785147865.486437798,11,251.234375,2445.250
1785147865.486437798,10,252.859375,2443.000
1785147865.486437798,9,254.484375,2437.250
1785147865.486437798,11,256.125000,2430.000
1785147865.486437798,15,257.765625,2426.000
1785147865.486437798,15,259.406250,2424.500
1785147865.486437798,15,261.062500,2424.500
1785147865.486437798,14,262.656250,2424.250
1785147865.486437798,10,264.281250,2430.500
1785147865.486437798,9,265.921875,2439.750
1785147865.486437798,7,267.546875,2449.250
1785147865.486437798,15,269.187500,2460.500
1785147865.486437798,10,270.828125,2464.250
1785147865.486437798,15,272.468750,2473.250
1785147865.486437798,15,274.078125,2495.250
1785147865.486437798,15,275.718750,2500.250
1785147865.486437798,8,277.296875,2518.250
1785147865.486437798,7,278.937500,2550.500
1785147865.486437798,12,282.171875,2585.750
1785147865.486437798,9,283.828125,2629.750
1785147865.486437798,8,285.453125,2654.250
1785147865.486437798,15,287.078125,2688.500
1785147865.486437798,12,288.718750,2695.000
1785147865.486437798,15,293.593750,2779.250
1785147865.486437798,12,300.062500,2985.750
1785147865.486437798,5,301.656250,3020.750
1785147865.486437798,15,303.281250,3069.750
1785147865.486437798,14,304.906250,3126.250
1785147865.486437798,11,306.531250,3191.750
1785147865.486437798,15,308.140625,3241.250
1785147865.486437798,14,342.218750,7585.000
1785147865.486437798,15,343.828125,7659.750
1785147865.486437798,15,347.187500,7219.750
1785147865.486437798,15,348.812500,7194.750
1785147865.601852894,15,355.703125,2689.000
1785147865.601852894,15,357.343750,2662.750
1785147865.601852894,15,359.000000,2662.250
1785147865.601852894,15,0.625000,2660.250
1785147865.601852894,15,2.250000,2658.250
1785147865.601852894,15,3.875000,2657.750
1785147865.601852894,15,5.515625,2666.750
1785147865.601852894,15,7.156250,2710.250
1785147865.601852894,15,46.968750,107.250
1785147865.601852894,14,51.250000,101.750
1785147865.601852894,15,160.984375,1444.000
1785147865.601852894,15,162.671875,1406.500
1785147865.601852894,15,164.312500,1380.250
1785147865.601852894,15,165.953125,1368.750
1785147865.601852894,15,167.593750,1371.250
1785147865.601852894,15,209.203125,3726.750
1785147865.601852894,15,212.500000,3501.250
1785147865.601852894,9,215.796875,3226.250
1785147865.601852894,9,219.078125,3054.000
1785147865.601852894,15,220.718750,2994.750
1785147865.601852894,7,222.343750,2929.000
1785147865.601852894,15,224.000000,2885.500
1785147865.601852894,15,225.609375,2852.250
1785147865.601852894,9,227.234375,2798.000
1785147865.601852894,15,228.890625,2752.250
1785147865.601852894,15,232.156250,2646.000
1785147865.601852894,15,233.765625,2627.500
1785147865.601852894,15,235.406250,2605.000
1785147865.601852894,10,237.046875,2575.000
1785147865.601852894,9,238.656250,2545.000
1785147865.601852894,15,240.328125,2528.000
1785147865.601852894,9,241.937500,2497.500
1785147865.601852894,11,243.593750,2460.500
1785147865.601852894,15,245.234375,2439.250
1785147865.601852894,15,246.828125,2425.500
1785147865.601852894,7,248.484375,2396.750
1785147865.601852894,8,250.109375,2365.000
1785147865.601852894,8,251.828125,2347.000
1785147865.601852894,15,253.437500,2321.250
1785147865.601852894,15,255.109375,2298.250
1785147865.601852894,15,256.750000,2287.500
1785147865.601852894,15,258.359375,2277.250
1785147865.601852894,15,259.984375,2272.750
1785147865.601852894,15,261.640625,2280.500
1785147865.601852894,15,263.265625,2287.000
1785147865.601852894,15,264.906250,2278.750
1785147865.601852894,15,266.531250,2275.250
1785147865.601852894,10,268.140625,2269.500
1785147865.601852894,14,269.781250,2262.750
1785147865.601852894,10,271.406250,2267.250
1785147865.601852894,15,273.015625,2285.750
1785147865.601852894,14,274.687500,2308.750
1785147865.601852894,15,277.921875,2346.500
1785147865.601852894,15,279.546875,2387.250
1785147865.601852894,15,281.156250,2411.750
1785147865.601852894,8,282.765625,2436.750
1785147865.601852894,6,284.390625,2454.250
1785147865.601852894,15,286.015625,2492.750
1785147865.601852894,15,290.875000,2630.000
1785147865.601852894,12,295.781250,2789.000
1785147865.601852894,13,297.375000,2837.500
1785147865.601852894,15,300.687500,2990.250
1785147865.601852894,6,302.296875,3041.000
1785147865.601852894,11,305.546875,3195.000
1785147865.601852894,15,339.609375,7780.000
1785147865.601852894,15,342.906250,7250.500
1785147865.712480068,15,351.484375,2695.500
1785147865.712480068,15,353.140625,2681.500
1785147865.712480068,15,354.765625,2678.750
1785147865.712480068,15,356.421875,2673.000
1785147865.712480068,15,358.062500,2676.250
1785147865.712480068,15,359.703125,2672.250
1785147865.712480068,15,1.296875,2676.250
1785147865.712480068,15,47.765625,106.750
1785147865.712480068,15,158.484375,1421.750
1785147865.712480068,15,160.203125,1388.250
1785147865.712480068,15,161.796875,1367.500
1785147865.712480068,15,163.500000,1363.750
1785147865.712480068,10,207.000000,3872.750
1785147865.712480068,15,213.593750,3328.250
1785147865.712480068,9,215.250000,3237.000
1785147865.712480068,15,216.906250,3153.250
1785147865.712480068,9,218.562500,3081.750
1785147865.712480068,15,220.187500,3034.000
1785147865.712480068,15,221.843750,2975.750
1785147865.712480068,8,223.500000,2913.250
1785147865.712480068,8,225.156250,2849.750
1785147865.712480068,15,226.750000,2771.250
1785147865.712480068,8,228.406250,2703.250
1785147865.712480068,11,230.046875,2656.500
1785147865.712480068,15,231.687500,2619.500
1785147865.712480068,9,233.312500,2573.750
1785147865.712480068,13,234.968750,2541.000
1785147865.712480068,15,236.625000,2512.500
1785147865.712480068,10,238.265625,2476.750
1785147865.712480068,10,239.906250,2450.250
1785147865.712480068,15,241.546875,2433.000
1785147865.712480068,6,243.171875,2403.500
1785147865.712480068,5,244.828125,2371.250
1785147865.712480068,15,246.468750,2345.000
1785147865.712480068,15,248.109375,2314.750
1785147865.712480068,15,249.750000,2289.500
1785147865.712480068,15,251.468750,2269.000
1785147865.712480068,15,253.109375,2260.750
1785147865.712480068,9,254.765625,2256.500
1785147865.712480068,13,256.390625,2254.750
1785147865.712480068,10,259.656250,2257.000
1785147865.712480068,15,261.312500,2259.750
1785147865.712480068,15,262.937500,2256.500
1785147865.712480068,12,264.625000,2253.250
1785147865.712480068,10,266.234375,2257.750
1785147865.712480068,15,269.484375,2260.000
1785147865.712480068,15,271.140625,2267.250
1785147865.712480068,8,272.781250,2266.750
1785147865.712480068,7,275.921875,2340.250
1785147865.712480068,15,277.531250,2374.000
1785147865.712480068,15,279.171875,2413.500
1785147865.712480068,8,280.796875,2431.000
1785147865.712480068,15,282.437500,2457.250
1785147865.712480068,12,287.296875,2566.750
1785147865.712480068,15,288.921875,2559.250
1785147865.712480068,14,292.156250,2676.000
1785147865.712480068,15,293.796875,2710.750
1785147865.712480068,13,297.046875,2760.500
1785147865.712480068,11,298.781250,2808.500
1785147865.712480068,15,300.421875,2848.000
1785147865.712480068,12,302.046875,2891.000
1785147865.712480068,15,303.687500,2941.500
1785147865.712480068,6,305.328125,3003.750
1785147865.712480068,12,306.921875,3074.250
1785147865.712480068,7,308.593750,3154.000
1785147865.712480068,15,310.203125,3223.250
1785147865.712480068,15,339.640625,7232.500
1785147865.712480068,9,343.265625,2781.250
1785147865.712480068,15,348.140625,2703.250
1785147865.712480068,15,349.812500,2686.500
1785147865.824449062,15,351.437500,2679.000
1785147865.824449062,15,353.078125,2682.250
1785147865.824449062,15,354.718750,2677.750
1785147865.824449062,15,356.343750,2673.250
1785147865.824449062,15,2.593750,6846.250
1785147865.824449062,15,46.468750,106.500
1785147865.824449062,15,159.046875,1375.000
1785147865.824449062,15,160.687500,1370.250
1785147865.824449062,15,179.515625,9593.750
1785147865.824449062,7,214.296875,3232.000
1785147865.824449062,15,215.953125,3176.250
1785147865.824449062,7,217.578125,3107.250
1785147865.824449062,15,219.265625,3041.000
1785147865.824449062,6,220.906250,2973.750
1785147865.824449062,15,222.546875,2900.250
1785147865.824449062,9,224.218750,2835.500
1785147865.824449062,15,225.875000,2774.750
1785147865.824449062,9,227.546875,2713.000
1785147865.824449062,12,229.218750,2657.500
1785147865.824449062,7,230.875000,2611.250
1785147865.824449062,10,232.531250,2563.000
1785147865.824449062,15,234.156250,2532.000
1785147865.824449062,8,235.859375,2493.750
1785147865.824449062,8,237.484375,2458.500
1785147865.824449062,15,239.140625,2440.250
1785147865.824449062,15,240.781250,2425.250
1785147865.824449062,15,242.453125,2407.500
1785147865.824449062,9,244.078125,2379.250
1785147865.824449062,7,245.750000,2363.000
1785147865.824449062,9,247.375000,2350.250
1785147865.824449062,15,249.031250,2327.000
1785147865.824449062,15,250.656250,2305.750
1785147865.824449062,15,252.296875,2287.500
1785147865.824449062,15,253.921875,2294.250
1785147865.824449062,15,255.578125,2282.000
1785147865.824449062,15,257.218750,2271.500
1785147865.824449062,10,258.859375,2268.500
1785147865.824449062,15,260.531250,2256.000
1785147865.824449062,13,262.171875,2269.500
1785147865.824449062,10,263.796875,2264.000
1785147865.824449062,15,265.421875,2267.000
1785147865.824449062,15,267.046875,2291.500
1785147865.824449062,15,268.703125,2299.250
1785147865.824449062,15,270.343750,2303.000
1785147865.824449062,15,271.984375,2309.250
1785147865.824449062,9,273.656250,2319.750
1785147865.824449062,6,275.250000,2340.000
1785147865.824449062,6,276.906250,2358.000
1785147865.824449062,15,278.515625,2378.500
1785147865.824449062,2,280.156250,2373.250
1785147865.824449062,8,283.421875,2444.750
1785147865.824449062,15,285.046875,2479.750
1785147865.824449062,15,286.718750,2507.750
1785147865.824449062,15,288.359375,2519.000
1785147865.824449062,15,289.968750,2539.500
1785147865.824449062,15,291.625000,2558.250
1785147865.824449062,15,294.859375,2679.250
1785147865.824449062,14,296.515625,2723.250
1785147865.824449062,13,298.140625,2772.750
1785147865.824449062,15,299.937500,2833.500
1785147865.824449062,15,301.578125,2898.750
1785147865.824449062,12,303.250000,2969.750
1785147865.824449062,7,306.515625,3154.500
1785147865.824449062,15,344.687500,2738.500
1785147865.824449062,15,346.328125,2699.000
1785147865.824449062,15,348.000000,2691.750
1785147865.824449062,15,349.640625,2685.750
1785147865.938699007,15,351.328125,2669.000
1785147865.938699007,15,352.968750,2690.500
1785147865.938699007,15,354.640625,2697.250
1785147865.938699007,15,0.937500,6824.750
1785147865.938699007,15,2.578125,6819.000
1785147865.938699007,15,4.250000,6820.000
1785147865.938699007,15,26.890625,949.250
1785147865.938699007,15,45.125000,108.500
1785147865.938699007,15,47.546875,105.750
1785147865.938699007,15,158.718750,1374.000
1785147865.938699007,15,160.375000,1360.250
1785147865.938699007,15,161.984375,1357.250
1785147865.938699007,8,207.609375,3856.000
1785147865.938699007,15,212.578125,3460.500
1785147865.938699007,11,215.921875,3261.750
1785147865.938699007,15,217.578125,3189.500
1785147865.938699007,15,219.234375,3114.250
1785147865.938699007,15,220.906250,3043.250
1785147865.938699007,15,224.234375,2897.750
1785147865.938699007,15,225.890625,2838.750
1785147865.938699007,15,227.531250,2771.000
1785147865.938699007,15,229.203125,2711.500
1785147865.938699007,12,230.859375,2661.500
1785147865.938699007,15,232.515625,2625.250
1785147865.938699007,9,234.171875,2590.000
1785147865.938699007,9,235.843750,2554.000
1785147865.938699007,15,237.484375,2532.500
1785147865.938699007,7,239.140625,2497.250
1785147865.938699007,13,240.781250,2458.250
1785147865.938699007,12,242.468750,2445.000
1785147865.938699007,11,244.109375,2441.250
1785147865.938699007,15,245.765625,2431.000
1785147865.938699007,15,247.390625,2412.750
1785147865.938699007,7,249.046875,2384.500
1785147865.938699007,6,250.734375,2360.250
1785147865.938699007,6,252.390625,2348.250
1785147865.938699007,8,254.000000,2346.250
1785147865.938699007,2,255.671875,2345.750
1785147865.938699007,5,257.312500,2343.500
1785147865.938699007,14,258.984375,2321.750
1785147865.938699007,15,260.625000,2308.250
1785147865.938699007,15,262.281250,2313.000
1785147865.938699007,15,263.921875,2303.750
1785147865.938699007,15,265.593750,2281.500
1785147865.938699007,15,267.250000,2274.750
1785147865.938699007,15,268.890625,2308.000
1785147865.938699007,8,270.531250,2331.750
1785147865.938699007,6,272.171875,2341.000
1785147865.938699007,8,273.828125,2353.250
1785147865.938699007,5,275.406250,2366.500
1785147865.938699007,15,277.046875,2386.000
1785147865.938699007,15,278.718750,2412.250
1785147865.938699007,10,280.328125,2428.000
1785147865.938699007,9,282.000000,2439.000
1785147865.938699007,10,283.640625,2468.750
1785147865.938699007,15,285.281250,2499.250
1785147865.938699007,15,286.906250,2531.750
1785147865.938699007,15,288.546875,2560.000
1785147865.938699007,15,290.171875,2574.500
1785147865.938699007,15,291.859375,2598.750
1785147865.938699007,14,295.093750,2721.000
1785147865.938699007,12,296.750000,2764.250
1785147865.938699007,15,298.359375,2821.000
1785147865.938699007,15,300.125000,2862.250
1785147865.938699007,10,303.375000,2998.750
1785147865.938699007,7,306.671875,3167.500
1785147865.938699007,15,308.328125,3236.250
1785147865.938699007,15,344.734375,2714.250
1785147865.938699007,15,346.390625,2699.750
1785147865.938699007,15,348.031250,2694.000
1785147865.938699007,15,349.687500,2687.250
1785147866.050619841,15,351.328125,2682.500
1785147866.050619841,15,352.968750,2704.000
1785147866.050619841,15,354.609375,2699.500
1785147866.050619841,15,0.890625,6827.750
1785147866.050619841,15,2.562500,6819.500
1785147866.050619841,15,4.187500,6819.000
1785147866.050619841,15,26.906250,936.000
1785147866.050619841,15,47.625000,106.500
1785147866.050619841,15,159.703125,1358.000
1785147866.050619841,15,161.343750,1342.250
1785147866.050619841,15,162.984375,1336.250
1785147866.050619841,9,206.718750,3884.250
1785147866.050619841,15,215.062500,3221.000
1785147866.050619841,14,216.687500,3141.250
1785147866.050619841,15,218.390625,3064.500
1785147866.050619841,15,220.031250,2996.250
1785147866.050619841,8,221.671875,2928.750
1785147866.050619841,15,223.328125,2858.250
1785147866.050619841,8,226.609375,2713.000
1785147866.050619841,9,228.296875,2666.500
1785147866.050619841,15,229.937500,2624.750
1785147866.050619841,11,231.593750,2581.750
1785147866.050619841,14,233.234375,2552.750
1785147866.050619841,15,234.875000,2537.750
1785147866.050619841,15,236.531250,2509.000
1785147866.050619841,11,238.187500,2474.750
1785147866.050619841,11,239.828125,2450.250
1785147866.050619841,15,241.484375,2435.250
1785147866.050619841,15,243.109375,2424.000
1785147866.050619841,15,244.781250,2407.500
1785147866.050619841,7,246.421875,2388.250
1785147866.050619841,5,248.078125,2369.500
1785147866.050619841,7,249.703125,2352.000
1785147866.050619841,8,251.375000,2339.500
1785147866.050619841,15,253.000000,2331.500
1785147866.050619841,15,254.656250,2326.500
1785147866.050619841,7,256.296875,2329.000
1785147866.050619841,15,257.953125,2321.500
1785147866.050619841,15,259.593750,2317.750
1785147866.050619841,14,261.250000,2312.000
1785147866.050619841,15,262.875000,2285.500
1785147866.050619841,15,264.531250,2289.000
1785147866.050619841,13,266.187500,2306.750
1785147866.050619841,14,267.812500,2316.750
1785147866.050619841,6,269.484375,2327.250
1785147866.050619841,4,271.093750,2345.750
1785147866.050619841,5,272.734375,2371.000
1785147866.050619841,15,274.390625,2392.000
1785147866.050619841,15,275.984375,2414.000
1785147866.050619841,13,277.640625,2428.500
1785147866.050619841,12,279.250000,2439.500
1785147866.050619841,14,280.890625,2453.500
1785147866.050619841,15,282.531250,2470.750
1785147866.050619841,15,284.156250,2513.250
1785147866.050619841,13,285.796875,2565.250
1785147866.050619841,15,287.437500,2585.750
1785147866.050619841,8,289.078125,2627.250
1785147866.050619841,15,290.671875,2696.750
1785147866.050619841,6,292.328125,2746.250
1785147866.050619841,14,293.968750,2783.750
1785147866.050619841,14,295.593750,2837.250
1785147866.050619841,11,297.218750,2900.750
1785147866.050619841,15,298.984375,2952.000
1785147866.050619841,15,300.625000,3003.000
1785147866.050619841,11,302.234375,3061.250
1785147866.050619841,7,303.859375,3127.250
1785147866.050619841,14,305.531250,3210.500
1785147866.050619841,11,307.156250,3303.750
1785147866.050619841,15,341.890625,2767.250
1785147866.050619841,15,345.187500,2731.500
1785147866.050619841,15,346.843750,2714.750
1785147866.050619841,15,348.500000,2705.000
1785147866.050619841,15,350.125000,2698.250
1785147866.162094116,15,351.796875,2687.000
1785147866.162094116,15,353.453125,2710.000
1785147866.162094116,15,355.109375,2708.500
1785147866.162094116,15,1.375000,6836.000
1785147866.162094116,15,3.015625,6825.750
1785147866.162094116,15,25.734375,930.250
1785147866.162094116,15,27.359375,930.500
1785147866.162094116,15,45.515625,108.500
1785147866.162094116,15,48.046875,106.000
1785147866.162094116,15,159.890625,1356.000
1785147866.162094116,15,161.609375,1333.500
1785147866.162094116,15,163.250000,1318.000
1785147866.162094116,15,164.843750,1312.250
1785147866.162094116,15,206.828125,3935.000
1785147866.162094116,10,210.156250,3681.000
1785147866.162094116,15,215.125000,3294.500
1785147866.162094116,15,216.765625,3202.750
1785147866.162094116,15,218.406250,3120.750
1785147866.162094116,14,220.062500,3047.500
1785147866.162094116,15,221.718750,2986.000
1785147866.162094116,15,223.390625,2919.500
1785147866.162094116,15,225.046875,2848.500
1785147866.162094116,13,226.656250,2781.500
1785147866.162094116,15,228.343750,2710.000
1785147866.162094116,14,229.968750,2657.750
1785147866.162094116,15,231.656250,2618.500
1785147866.162094116,7,233.265625,2573.500
1785147866.162094116,12,234.937500,2540.250
1785147866.162094116,15,236.562500,2512.000
1785147866.162094116,9,238.234375,2478.750
1785147866.162094116,9,239.859375,2453.250
1785147866.162094116,12,241.484375,2437.250
1785147866.162094116,15,243.156250,2424.000
1785147866.162094116,7,244.828125,2401.750
1785147866.162094116,14,246.437500,2382.250
1785147866.162094116,5,248.078125,2359.000
1785147866.162094116,15,249.765625,2326.500
1785147866.162094116,15,251.390625,2304.750
1785147866.162094116,15,253.062500,2280.500
1785147866.162094116,15,254.703125,2265.500
1785147866.162094116,15,256.312500,2266.500
1785147866.162094116,13,259.609375,2266.250
1785147866.162094116,14,261.250000,2264.000
1785147866.162094116,13,262.906250,2266.750
1785147866.162094116,9,264.546875,2258.500
1785147866.162094116,15,267.796875,2255.000
1785147866.162094116,15,269.468750,2264.000
1785147866.162094116,15,271.078125,2268.500
1785147866.162094116,15,272.734375,2284.500
1785147866.162094116,13,274.359375,2302.500
1785147866.162094116,7,276.000000,2326.250
1785147866.162094116,6,277.625000,2353.500
1785147866.162094116,4,279.265625,2369.750
1785147866.162094116,15,280.890625,2397.750
1785147866.162094116,15,282.531250,2425.750
1785147866.162094116,6,284.187500,2444.250
1785147866.162094116,15,285.828125,2484.250
1785147866.162094116,11,287.453125,2527.250
1785147866.162094116,12,289.078125,2566.500
1785147866.162094116,15,290.750000,2590.750
1785147866.162094116,15,292.375000,2613.750
1785147866.162094116,15,293.984375,2658.750
1785147866.162094116,15,295.640625,2703.750
1785147866.162094116,15,297.265625,2741.000
1785147866.162094116,15,298.937500,2800.750
1785147866.162094116,5,300.578125,2880.500
1785147866.162094116,15,302.234375,2948.500
1785147866.162094116,11,303.859375,2997.750
1785147866.162094116,11,307.140625,3173.000
1785147866.162094116,15,346.750000,2727.500
1785147866.162094116,15,348.390625,2711.500
1785147866.162094116,15,350.062500,2700.750
1785147866.272825003,15,351.687500,2700.250
1785147866.272825003,15,353.343750,2728.000
1785147866.272825003,15,354.984375,2724.000
1785147866.272825003,15,1.250000,6838.000
1785147866.272825003,15,2.906250,6840.500
1785147866.272825003,15,23.937500,938.000
1785147866.272825003,15,25.562500,922.250
1785147866.272825003,15,27.203125,929.750
1785147866.272825003,15,44.937500,108.250
1785147866.272825003,15,47.890625,105.750
1785147866.272825003,15,159.687500,1368.750
1785147866.272825003,15,161.437500,1336.250
1785147866.272825003,15,163.015625,1312.750
1785147866.272825003,15,164.703125,1297.750
1785147866.272825003,15,166.390625,1290.750
1785147866.272825003,15,167.968750,1296.250
1785147866.272825003,8,208.234375,3868.500
1785147866.272825003,15,218.125000,3164.750
1785147866.272825003,7,219.781250,3096.750
1785147866.272825003,15,221.421875,3026.500
1785147866.272825003,15,223.062500,2980.500
1785147866.272825003,8,224.718750,2925.000
1785147866.272825003,15,226.359375,2854.000
1785147866.272825003,15,228.062500,2785.000
1785147866.272825003,7,229.718750,2709.000
1785147866.272825003,9,231.359375,2655.500
1785147866.272825003,15,233.000000,2624.000
1785147866.272825003,15,234.640625,2592.000
1785147866.272825003,9,236.296875,2563.500
1785147866.272825003,13,237.937500,2543.000
1785147866.272825003,15,239.578125,2525.500
1785147866.272825003,9,241.218750,2493.250
1785147866.272825003,10,242.890625,2456.000
1785147866.272825003,9,244.515625,2440.000
1785147866.272825003,12,246.156250,2440.750
1785147866.272825003,15,247.781250,2432.500
1785147866.272825003,15,249.437500,2418.750
1785147866.272825003,15,251.093750,2401.500
1785147866.272825003,6,252.750000,2376.000
1785147866.272825003,6,254.406250,2352.750
1785147866.272825003,9,256.062500,2347.500
1785147866.272825003,7,257.671875,2360.250
1785147866.272825003,14,259.328125,2335.250
1785147866.272825003,6,262.640625,2366.750
1785147866.272825003,6,264.234375,2360.500
1785147866.272825003,13,265.906250,2382.500
1785147866.272825003,11,267.562500,2355.000
1785147866.272825003,15,270.781250,2410.500
1785147866.272825003,6,272.468750,2395.500
1785147866.272825003,8,274.062500,2403.750
1785147866.272825003,10,275.687500,2445.250
1785147866.272825003,8,277.328125,2458.500
1785147866.272825003,15,278.937500,2481.250
1785147866.272825003,14,280.562500,2508.500
1785147866.272825003,13,282.203125,2515.750
1785147866.272825003,14,283.828125,2531.250
1785147866.272825003,15,285.453125,2578.750
1785147866.272825003,10,287.093750,2615.500
1785147866.272825003,15,288.734375,2632.000
1785147866.272825003,15,290.375000,2674.750
1785147866.272825003,15,291.984375,2722.000
1785147866.272825003,9,293.625000,2760.750
1785147866.272825003,15,295.250000,2805.500
1785147866.272825003,9,296.859375,2849.500
1785147866.272825003,7,298.562500,2889.250
1785147866.272825003,15,300.203125,2934.250
1785147866.272825003,9,301.843750,2991.750
1785147866.272825003,14,303.500000,3037.500
1785147866.272825003,10,305.093750,3093.000
1785147866.272825003,15,337.765625,7412.500
1785147866.272825003,8,341.406250,2786.250
1785147866.272825003,11,343.015625,2762.000
1785147866.272825003,15,344.671875,2748.750
1785147866.272825003,15,346.343750,2738.500
1785147866.272825003,15,347.984375,2725.500
1785147866.272825003,15,349.640625,2722.250
1785147866.384553909,15,351.296875,2717.250
1785147866.384553909,15,352.937500,2733.000
1785147866.384553909,15,354.593750,2774.250
1785147866.384553909,15,356.234375,2760.000
1785147866.384553909,15,2.500000,6824.250
1785147866.384553909,15,4.140625,6825.750
1785147866.384553909,15,23.562500,929.000
1785147866.384553909,15,25.187500,915.750
1785147866.384553909,15,26.859375,922.500
1785147866.384553909,15,47.453125,106.500
1785147866.384553909,15,162.593750,1327.000
1785147866.384553909,15,164.250000,1300.000
1785147866.384553909,15,165.921875,1281.250
1785147866.384553909,15,167.531250,1273.750
1785147866.384553909,15,169.156250,1273.000
1785147866.384553909,13,207.765625,3876.250
1785147866.384553909,9,211.078125,3666.750
1785147866.384553909,15,216.015625,3292.250
1785147866.384553909,15,217.687500,3198.000
1785147866.384553909,9,219.343750,3114.250
1785147866.384553909,10,220.984375,3055.500
1785147866.384553909,15,222.640625,2998.750
1785147866.384553909,6,224.281250,2932.000
1785147866.384553909,15,225.921875,2876.250
1785147866.384553909,15,229.187500,2725.750
1785147866.384553909,9,230.843750,2675.500
1785147866.384553909,15,232.500000,2622.750
1785147866.384553909,7,234.109375,2585.750
1785147866.384553909,9,235.750000,2554.500
1785147866.384553909,10,237.390625,2533.750
1785147866.384553909,15,239.046875,2500.500
1785147866.384553909,9,240.703125,2462.500
1785147866.384553909,11,242.343750,2447.250
1785147866.384553909,15,243.968750,2438.500
1785147866.384553909,15,245.593750,2422.500
1785147866.384553909,6,247.250000,2400.000
1785147866.384553909,7,248.906250,2375.500
1785147866.384553909,9,250.515625,2352.750
1785147866.384553909,14,252.203125,2333.750
1785147866.384553909,13,253.859375,2318.500
1785147866.384553909,15,255.515625,2310.750
1785147866.384553909,15,257.140625,2309.500
1785147866.384553909,15,258.781250,2311.000
1785147866.384553909,15,260.421875,2285.250
1785147866.384553909,15,262.062500,2283.250
1785147866.384553909,15,263.703125,2307.500
1785147866.384553909,11,265.328125,2296.750
1785147866.384553909,14,266.968750,2291.500
1785147866.384553909,10,268.640625,2272.750
1785147866.384553909,10,271.890625,2330.750
1785147866.384553909,15,273.500000,2315.500
1785147866.384553909,5,275.109375,2331.000
1785147866.384553909,6,276.718750,2371.500
1785147866.384553909,15,278.359375,2387.750
1785147866.384553909,15,279.984375,2406.750
1785147866.384553909,9,281.593750,2428.250
1785147866.384553909,10,283.234375,2441.750
1785147866.384553909,9,284.859375,2453.000
1785147866.384553909,15,286.500000,2487.500
1785147866.384553909,8,288.093750,2529.500
1785147866.384553909,15,289.734375,2565.250
1785147866.384553909,14,291.359375,2606.500
1785147866.384553909,11,293.000000,2646.750
1785147866.384553909,15,294.609375,2686.000
1785147866.384553909,15,296.234375,2733.250
1785147866.384553909,15,297.875000,2779.750
1785147866.384553909,15,299.609375,2824.000
1785147866.384553909,15,301.265625,2867.500
1785147866.384553909,15,302.890625,2917.750
1785147866.384553909,12,304.515625,2994.750
1785147866.384553909,10,306.156250,3080.750
1785147866.384553909,15,347.328125,2755.500
1785147866.384553909,15,348.968750,2741.500
1785147866.499611855,15,350.609375,2732.250
1785147866.499611855,15,352.265625,2718.500
1785147866.499611855,15,353.890625,2745.000
1785147866.499611855,15,355.546875,2743.750
1785147866.499611855,15,1.812500,6846.250
1785147866.499611855,15,3.453125,6805.500
1785147866.499611855,15,24.406250,922.250
1785147866.499611855,15,26.078125,924.500
1785147866.499611855,15,46.828125,107.250
1785147866.499611855,15,163.312500,1329.250
1785147866.499611855,15,164.984375,1297.500
1785147866.499611855,15,166.640625,1275.250
1785147866.499611855,15,168.281250,1261.250
1785147866.499611855,15,170.000000,1255.750
1785147866.499611855,15,171.625000,1259.250
1785147866.499611855,13,173.187500,1279.500
1785147866.499611855,15,208.531250,3730.000
1785147866.499611855,13,211.828125,3507.750
1785147866.499611855,15,215.125000,3284.250
1785147866.499611855,15,216.781250,3202.750
1785147866.499611855,15,218.437500,3125.000
1785147866.499611855,10,220.093750,3062.500
1785147866.499611855,15,221.718750,3018.000
1785147866.499611855,7,223.375000,2962.000
1785147866.499611855,13,225.000000,2899.000
1785147866.499611855,15,226.687500,2846.000
1785147866.499611855,9,228.359375,2791.250
1785147866.499611855,15,229.984375,2737.250
1785147866.499611855,9,231.656250,2683.500
1785147866.499611855,15,233.312500,2639.000
1785147866.499611855,15,234.953125,2611.000
1785147866.499611855,10,236.593750,2587.250
1785147866.499611855,9,238.234375,2562.500
1785147866.499611855,10,239.859375,2545.750
1785147866.499611855,11,241.500000,2534.750
1785147866.499611855,15,243.156250,2514.750
1785147866.499611855,15,244.828125,2493.000
1785147866.499611855,10,246.453125,2473.250
1785147866.499611855,15,248.078125,2456.500
1785147866.499611855,8,249.718750,2447.750
1785147866.499611855,10,251.375000,2442.500
1785147866.499611855,9,253.000000,2438.000
1785147866.499611855,15,254.656250,2432.000
1785147866.499611855,15,256.312500,2425.500
1785147866.499611855,15,257.921875,2421.250
1785147866.499611855,10,259.562500,2427.750
1785147866.499611855,15,261.203125,2432.500
1785147866.499611855,9,262.843750,2432.000
1785147866.499611855,15,264.468750,2433.500
1785147866.499611855,8,266.109375,2435.000
1785147866.499611855,9,267.765625,2444.250
1785147866.499611855,15,269.421875,2428.250
1785147866.499611855,10,271.046875,2427.500
1785147866.499611855,12,272.687500,2452.000
1785147866.499611855,10,274.343750,2448.250
1785147866.499611855,15,275.906250,2467.500
1785147866.499611855,15,277.531250,2504.000
1785147866.499611855,12,279.187500,2521.250
1785147866.499611855,8,280.796875,2542.000
1785147866.499611855,8,282.453125,2564.000
1785147866.499611855,9,284.062500,2577.000
1785147866.499611855,14,285.687500,2607.000
1785147866.499611855,9,287.343750,2658.250
1785147866.499611855,15,288.953125,2694.250
1785147866.499611855,15,290.593750,2715.250
1785147866.499611855,14,292.218750,2763.250
1785147866.499611855,15,293.828125,2814.750
1785147866.499611855,11,295.468750,2873.750
1785147866.499611855,14,297.109375,2926.250
1785147866.499611855,15,298.828125,2969.000
1785147866.499611855,6,300.453125,3023.250
1785147866.499611855,7,302.109375,3063.750
1785147866.499611855,15,303.734375,3122.750
1785147866.499611855,8,343.343750,2813.500
1785147866.499611855,15,345.000000,2775.000
1785147866.499611855,15,346.625000,2771.750
1785147866.499611855,15,348.296875,2757.500
1785147866.499611855,15,349.921875,2742.500
1785147866.610789061,15,351.562500,2733.750
1785147866.610789061,15,353.203125,2751.250
1785147866.610789061,15,354.859375,2768.500
1785147866.610789061,14,356.515625,2735.250
1785147866.610789061,15,2.750000,6834.500
1785147866.610789061,15,25.375000,936.250
1785147866.610789061,15,26.984375,935.000
1785147866.610789061,15,48.328125,106.750
1785147866.610789061,15,165.906250,1287.500
1785147866.610789061,15,167.609375,1270.250
1785147866.610789061,8,169.265625,1262.500
1785147866.610789061,15,170.828125,1259.000
1785147866.610789061,15,172.546875,1259.000
1785147866.610789061,15,174.187500,1254.500
1785147866.610789061,13,207.703125,3743.250
1785147866.610789061,7,209.375000,3634.250
1785147866.610789061,15,216.000000,3183.750
1785147866.610789061,15,219.281250,3033.250
1785147866.610789061,15,222.578125,2886.000
1785147866.610789061,9,224.234375,2819.250
1785147866.610789061,15,225.890625,2760.250
1785147866.610789061,11,227.546875,2708.250
1785147866.610789061,15,229.171875,2652.500
1785147866.610789061,9,230.843750,2605.500
1785147866.610789061,15,232.484375,2564.250
1785147866.610789061,14,234.125000,2544.500
1785147866.610789061,15,235.765625,2518.250
1785147866.610789061,9,237.390625,2475.250
1785147866.610789061,10,239.031250,2452.250
1785147866.610789061,12,240.687500,2449.250
1785147866.610789061,12,242.312500,2445.750
1785147866.610789061,15,244.000000,2436.250
1785147866.610789061,15,245.609375,2421.250
1785147866.610789061,15,247.265625,2400.500
1785147866.610789061,7,248.921875,2377.750
1785147866.610789061,10,250.562500,2356.000
1785147866.610789061,7,252.218750,2337.000
1785147866.610789061,9,253.843750,2330.250
1785147866.610789061,15,255.484375,2321.000
1785147866.610789061,15,257.125000,2309.750
1785147866.610789061,15,258.765625,2311.250
1785147866.610789061,11,260.421875,2318.250
1785147866.610789061,15,262.015625,2315.000
1785147866.610789061,11,263.671875,2324.500
1785147866.610789061,15,265.312500,2337.750
1785147866.610789061,8,266.921875,2338.500
1785147866.610789061,7,268.593750,2342.750
1785147866.610789061,15,270.234375,2311.250
1785147866.610789061,15,273.484375,2398.250
1785147866.610789061,5,275.062500,2395.000
1785147866.610789061,7,276.703125,2413.000
1785147866.610789061,8,278.343750,2444.500
1785147866.610789061,15,279.953125,2464.250
1785147866.610789061,15,281.578125,2495.750
1785147866.610789061,7,283.203125,2535.750
1785147866.610789061,7,284.828125,2566.750
1785147866.610789061,14,286.468750,2600.000
1785147866.610789061,15,288.109375,2650.500
1785147866.610789061,15,289.718750,2693.500
1785147866.610789061,13,291.359375,2732.250
1785147866.610789061,12,294.578125,2886.000
1785147866.610789061,15,296.218750,2946.250
1785147866.610789061,12,297.859375,2983.750
1785147866.610789061,13,299.578125,3039.500
1785147866.610789061,11,301.187500,3099.500
1785147866.610789061,9,302.828125,3160.000
1785147866.610789061,15,304.453125,3230.000
1785147866.610789061,15,342.312500,2823.750
1785147866.610789061,15,345.609375,2796.000
1785147866.610789061,15,347.250000,2784.250
1785147866.610789061,15,348.890625,2770.500
1785147866.610789061,15,350.531250,2756.500
1785147866.722065926,15,352.203125,2734.750
1785147866.722065926,15,353.843750,2749.250
1785147866.722065926,15,355.500000,2747.500
1785147866.722065926,15,1.734375,6831.750
1785147866.722065926,15,3.390625,6802.750
1785147866.722065926,15,46.093750,108.000
1785147866.722065926,15,50.156250,102.250
1785147866.722065926,15,168.156250,1274.000
1785147866.722065926,15,171.437500,1257.750
1785147866.722065926,15,173.125000,1249.750
1785147866.722065926,15,174.734375,1251.750
1785147866.722065926,15,176.359375,1248.750
1785147866.722065926,8,210.062500,3621.000
1785147866.722065926,15,216.656250,3177.750
1785147866.722065926,9,218.328125,3101.250
1785147866.722065926,15,219.968750,3032.000
1785147866.722065926,15,221.640625,2970.750
1785147866.722065926,15,223.281250,2904.250
1785147866.722065926,8,224.921875,2837.750
1785147866.722065926,15,226.562500,2773.750
1785147866.722065926,15,228.203125,2720.000
1785147866.722065926,14,229.859375,2672.750
1785147866.722065926,7,231.500000,2615.000
1785147866.722065926,11,233.187500,2559.750
1785147866.722065926,15,234.812500,2531.500
1785147866.722065926,15,236.453125,2509.750
1785147866.722065926,11,238.093750,2477.750
1785147866.722065926,14,239.750000,2451.500
1785147866.722065926,14,241.375000,2439.500
1785147866.722065926,11,243.000000,2428.750
1785147866.722065926,15,244.656250,2421.000
1785147866.722065926,15,246.296875,2409.500
1785147866.722065926,6,247.953125,2386.250
1785147866.722065926,7,249.578125,2361.750
1785147866.722065926,7,251.250000,2341.250
1785147866.722065926,8,252.906250,2322.250
1785147866.722065926,15,254.562500,2304.500
1785147866.722065926,15,256.203125,2288.250
1785147866.722065926,15,257.796875,2277.500
1785147866.722065926,15,259.453125,2272.500
1785147866.722065926,15,261.125000,2275.000
1785147866.722065926,15,262.734375,2285.500
1785147866.722065926,15,264.375000,2295.500
1785147866.722065926,15,266.031250,2300.750
1785147866.722065926,15,267.625000,2308.750
1785147866.722065926,15,269.265625,2309.500
1785147866.722065926,15,270.937500,2289.000
1785147866.722065926,9,272.593750,2301.750
1785147866.722065926,9,274.218750,2332.250
1785147866.722065926,6,275.750000,2342.250
1785147866.722065926,15,277.406250,2366.000
1785147866.722065926,15,278.984375,2394.250
1785147866.722065926,15,280.625000,2417.750
1785147866.722065926,8,282.265625,2435.250
1785147866.722065926,8,283.906250,2444.250
1785147866.722065926,15,285.531250,2468.500
1785147866.722065926,14,287.156250,2510.750
1785147866.722065926,12,288.781250,2556.250
1785147866.722065926,15,290.406250,2606.000
1785147866.722065926,12,292.031250,2658.000
1785147866.722065926,14,293.640625,2696.000
1785147866.722065926,9,295.250000,2739.500
1785147866.722065926,15,296.890625,2803.500
1785147866.722065926,15,298.671875,2857.250
1785147866.722065926,15,300.312500,2898.000
1785147866.722065926,15,301.937500,2943.250
1785147866.722065926,15,305.218750,3107.750
1785147866.722065926,10,306.828125,3190.500
1785147866.722065926,12,308.468750,3263.500
1785147866.722065926,15,346.390625,2822.000
1785147866.722065926,15,347.968750,2799.250
1785147866.722065926,15,349.578125,2778.750
1785147866.835842133,15,351.234375,2763.000
1785147866.835842133,15,352.859375,2747.000
1785147866.835842133,15,354.515625,2766.250
1785147866.835842133,15,356.140625,2762.500
1785147866.835842133,15,2.390625,6850.500
1785147866.835842133,15,47.062500,106.500
1785147866.835842133,15,168.906250,1281.750
1785147866.835842133,11,172.234375,1256.500
1785147866.835842133,15,173.859375,1243.500
1785147866.835842133,15,175.468750,1238.000
1785147866.835842133,15,177.078125,1240.750
1785147866.835842133,15,178.718750,1241.000
1785147866.835842133,15,209.171875,3714.250
1785147866.835842133,12,214.125000,3375.500
1785147866.835842133,15,215.781250,3298.000
1785147866.835842133,10,217.421875,3224.000
1785147866.835842133,15,219.062500,3154.500
1785147866.835842133,10,220.734375,3087.250
1785147866.835842133,14,222.375000,3031.250
1785147866.835842133,15,224.015625,2976.500
1785147866.835842133,7,225.671875,2917.500
1785147866.835842133,15,227.328125,2861.750
1785147866.835842133,12,228.984375,2800.500
1785147866.835842133,12,232.265625,2661.000
1785147866.835842133,15,233.921875,2627.000
1785147866.835842133,9,235.578125,2588.250
1785147866.835842133,15,237.234375,2551.000
1785147866.835842133,15,238.875000,2525.000
1785147866.835842133,15,240.531250,2504.750
1785147866.835842133,12,242.171875,2477.750
1785147866.835842133,14,243.812500,2456.000
1785147866.835842133,11,245.453125,2448.250
1785147866.835842133,15,247.078125,2440.500
1785147866.835842133,12,248.734375,2435.250
1785147866.835842133,15,250.359375,2429.250
1785147866.835842133,15,252.015625,2415.000
1785147866.835842133,6,253.687500,2394.250
1785147866.835842133,8,255.312500,2373.750
1785147866.835842133,8,256.953125,2360.000
1785147866.835842133,5,258.593750,2354.750
1785147866.835842133,5,260.250000,2353.000
1785147866.835842133,6,261.875000,2360.500
1785147866.835842133,10,263.531250,2373.500
1785147866.835842133,10,265.156250,2357.500
1785147866.835842133,15,266.812500,2374.250
1785147866.835842133,15,268.437500,2410.500
1785147866.835842133,15,270.078125,2417.250
1785147866.835842133,9,274.968750,2441.500
1785147866.835842133,10,276.609375,2450.500
1785147866.835842133,15,278.250000,2472.500
1785147866.835842133,15,279.890625,2503.000
1785147866.835842133,15,281.484375,2518.750
1785147866.835842133,7,283.125000,2537.000
1785147866.835842133,15,284.765625,2568.000
1785147866.835842133,12,286.406250,2601.500
1785147866.835842133,7,288.031250,2633.500
1785147866.835842133,15,289.640625,2663.000
1785147866.835842133,12,291.312500,2709.250
1785147866.835842133,7,292.906250,2753.250
1785147866.835842133,14,294.578125,2806.500
1785147866.835842133,12,296.187500,2856.250
1785147866.835842133,15,297.812500,2904.000
1785147866.835842133,12,299.546875,2961.750
1785147866.835842133,6,301.203125,3016.000
1785147866.835842133,15,302.828125,3066.500
1785147866.835842133,11,304.468750,3127.750
1785147866.835842133,10,306.078125,3191.250
1785147866.835842133,15,338.718750,7526.500
1785147866.835842133,10,343.953125,2862.000
1785147866.835842133,15,345.593750,2821.000
1785147866.835842133,15,347.265625,2820.500
1785147866.835842133,15,348.906250,2808.250
1785147866.947970152,15,350.562500,2777.250
1785147866.947970152,15,352.203125,2757.000
1785147866.947970152,15,353.843750,2771.000
1785147866.947970152,15,355.500000,2766.000
1785147866.947970152,15,1.734375,6833.750
1785147866.947970152,15,3.390625,6805.750
1785147866.947970152,7,6.625000,8766.750
1785147866.947970152,15,23.234375,3304.750
1785147866.947970152,15,24.875000,3272.750
1785147866.947970152,15,45.750000,107.500
1785147866.947970152,15,174.781250,1229.000
1785147866.947970152,15,176.359375,1230.250
1785147866.947970152,15,177.968750,1235.750
1785147866.947970152,15,179.687500,1234.000
1785147866.947970152,15,181.265625,1233.750
1785147866.947970152,15,210.031250,3682.500
1785147866.947970152,3,213.343750,3429.500
1785147866.947970152,9,216.656250,3220.500
1785147866.947970152,15,218.296875,3159.500
1785147866.947970152,9,219.953125,3082.250
1785147866.947970152,15,221.593750,3018.250
1785147866.947970152,9,223.234375,2951.250
1785147866.947970152,15,224.906250,2874.500
1785147866.947970152,8,226.562500,2807.250
1785147866.947970152,15,228.203125,2753.750
1785147866.947970152,9,229.812500,2708.500
1785147866.947970152,14,231.500000,2659.250
1785147866.947970152,11,233.125000,2610.750
1785147866.947970152,9,234.781250,2555.750
1785147866.947970152,15,236.406250,2530.500
1785147866.947970152,15,238.062500,2513.500
1785147866.947970152,12,239.734375,2480.000
1785147866.947970152,10,241.343750,2452.750
1785147866.947970152,12,242.984375,2441.000
1785147866.947970152,11,244.640625,2443.500
1785147866.947970152,9,246.250000,2440.750
1785147866.947970152,12,247.890625,2438.500
1785147866.947970152,15,249.562500,2436.000
1785147866.947970152,15,251.203125,2427.500
1785147866.947970152,15,252.875000,2411.500
1785147866.947970152,8,254.468750,2391.250
1785147866.947970152,7,256.140625,2372.000
1785147866.947970152,9,257.765625,2353.750
1785147866.947970152,7,259.437500,2347.500
1785147866.947970152,7,261.046875,2345.250
1785147866.947970152,6,262.687500,2350.000
1785147866.947970152,7,264.312500,2361.000
1785147866.947970152,15,265.984375,2334.250
1785147866.947970152,8,269.250000,2395.000
1785147866.947970152,10,270.906250,2380.500
1785147866.947970152,11,272.546875,2347.250
1785147866.947970152,15,275.796875,2430.250
1785147866.947970152,10,277.437500,2431.000
1785147866.947970152,15,279.078125,2453.750
1785147866.947970152,13,280.703125,2476.250
1785147866.947970152,15,282.375000,2507.000
1785147866.947970152,5,283.984375,2541.000
1785147866.947970152,15,285.609375,2572.000
1785147866.947970152,12,287.218750,2606.250
1785147866.947970152,12,288.859375,2633.500
1785147866.947970152,14,290.500000,2673.750
1785147866.947970152,10,292.140625,2726.250
1785147866.947970152,15,293.781250,2780.250
1785147866.947970152,15,295.406250,2839.000
1785147866.947970152,11,297.031250,2899.000
1785147866.947970152,14,298.687500,2958.000
1785147866.947970152,5,300.328125,3015.750
1785147866.947970152,13,301.968750,3077.750
1785147866.947970152,14,303.578125,3131.500
1785147866.947970152,8,305.187500,3185.500
1785147866.947970152,13,306.843750,3250.000
1785147866.947970152,15,337.859375,7694.500
1785147866.947970152,15,346.406250,2855.750
1785147866.947970152,15,348.109375,2812.000
1785147866.947970152,15,349.750000,2804.000
1785147867.059134007,15,351.406250,2788.750
1785147867.059134007,15,353.046875,2768.500
1785147867.059134007,15,354.703125,2786.500
1785147867.059134007,15,356.359375,2784.750
1785147867.059134007,9,5.875000,8790.500
1785147867.059134007,15,24.125000,3274.250
1785147867.059134007,15,47.015625,106.250
1785147867.059134007,15,177.421875,1230.250
1785147867.059134007,15,179.062500,1227.500
1785147867.059134007,15,180.718750,1221.500
1785147867.059134007,15,182.281250,1214.000
1785147867.059134007,15,183.890625,1221.750
1785147867.059134007,13,207.765625,3758.250
1785147867.059134007,15,209.406250,3671.500
1785147867.059134007,14,216.031250,3216.250
1785147867.059134007,15,217.687500,3143.250
1785147867.059134007,12,219.343750,3076.500
1785147867.059134007,15,220.984375,3007.750
1785147867.059134007,8,222.640625,2939.250
1785147867.059134007,15,224.312500,2878.000
1785147867.059134007,9,225.953125,2809.000
1785147867.059134007,15,227.515625,2753.750
1785147867.059134007,15,229.187500,2718.500
1785147867.059134007,15,232.484375,2605.750
1785147867.059134007,10,234.109375,2585.500
1785147867.059134007,13,235.765625,2550.250
1785147867.059134007,15,237.390625,2525.000
1785147867.059134007,10,239.031250,2495.000
1785147867.059134007,8,240.671875,2462.500
1785147867.059134007,10,242.343750,2445.250
1785147867.059134007,10,243.937500,2437.000
1785147867.059134007,8,245.593750,2434.500
1785147867.059134007,15,247.250000,2432.250
1785147867.059134007,15,248.859375,2429.000
1785147867.059134007,8,250.515625,2409.750
1785147867.059134007,10,252.218750,2380.250
1785147867.059134007,9,253.875000,2363.500
1785147867.059134007,6,255.484375,2351.500
1785147867.059134007,7,257.140625,2342.750
1785147867.059134007,15,258.812500,2326.500
1785147867.059134007,15,260.437500,2319.250
1785147867.059134007,15,262.046875,2324.000
1785147867.059134007,6,263.703125,2334.500
1785147867.059134007,5,265.328125,2351.000
1785147867.059134007,15,267.000000,2341.250
1785147867.059134007,15,270.218750,2402.000
1785147867.059134007,15,271.875000,2398.500
1785147867.059134007,8,273.531250,2376.750
1785147867.059134007,11,276.750000,2440.500
1785147867.059134007,7,278.390625,2443.750
1785147867.059134007,15,280.046875,2465.750
1785147867.059134007,13,281.671875,2499.000
1785147867.059134007,9,283.281250,2529.250
1785147867.059134007,14,284.921875,2558.750
1785147867.059134007,15,286.562500,2594.750
1785147867.059134007,8,288.187500,2630.000
1785147867.059134007,11,289.812500,2654.000
1785147867.059134007,14,291.453125,2693.250
1785147867.059134007,10,293.046875,2753.750
1785147867.059134007,14,294.671875,2803.000
1785147867.059134007,13,296.296875,2846.000
1785147867.059134007,9,297.937500,2900.250
1785147867.059134007,12,299.656250,2961.250
1785147867.059134007,5,301.296875,3020.500
1785147867.059134007,13,302.953125,3083.000
1785147867.059134007,7,304.562500,3154.250
1785147867.059134007,8,306.203125,3222.750
1785147867.059134007,12,309.484375,3416.000
1785147867.059134007,15,338.843750,7825.500
1785147867.059134007,15,345.718750,2852.500
1785147867.059134007,15,347.390625,2836.500
1785147867.059134007,15,349.031250,2825.500
1785147867.173853874,15,350.703125,2812.000
1785147867.173853874,15,352.328125,2786.250
1785147867.173853874,15,353.984375,2776.500
1785147867.173853874,15,355.640625,2765.000
1785147867.173853874,15,1.890625,6848.250
1785147867.173853874,15,3.546875,6834.500
1785147867.173853874,12,6.796875,8785.750
1785147867.173853874,15,18.531250,3229.250
1785147867.173853874,15,20.156250,3249.000
1785147867.173853874,15,21.796875,3268.250
1785147867.173853874,15,23.437500,3248.500
1785147867.173853874,15,46.015625,107.250
1785147867.173853874,15,178.281250,1240.500
1785147867.173853874,15,179.906250,1229.250
1785147867.173853874,15,181.609375,1220.000
1785147867.173853874,15,183.156250,1217.250
1785147867.173853874,15,184.843750,1223.250
1785147867.173853874,15,186.515625,1232.000
1785147867.173853874,15,188.046875,1249.000
1785147867.173853874,15,189.750000,1273.250
1785147867.173853874,15,210.234375,3667.500
1785147867.173853874,15,216.843750,3204.500
1785147867.173853874,15,218.484375,3126.250
1785147867.173853874,15,220.156250,3061.250
1785147867.173853874,15,221.781250,2990.750
1785147867.173853874,13,223.421875,2908.750
1785147867.173853874,15,226.687500,2762.250
1785147867.173853874,15,228.343750,2725.500
1785147867.173853874,11,230.000000,2680.250
1785147867.173853874,9,233.296875,2573.000
1785147867.173853874,11,234.937500,2556.500
1785147867.173853874,15,236.578125,2524.000
1785147867.173853874,11,238.203125,2485.000
1785147867.173853874,10,239.859375,2452.750
1785147867.173853874,12,241.484375,2441.750
1785147867.173853874,15,243.109375,2439.500
1785147867.173853874,12,244.765625,2431.500
1785147867.173853874,15,246.390625,2410.750
1785147867.173853874,15,248.062500,2396.000
1785147867.173853874,6,249.656250,2386.750
1785147867.173853874,9,251.359375,2371.750
1785147867.173853874,7,253.046875,2358.750
1785147867.173853874,10,254.687500,2344.000
1785147867.173853874,15,256.312500,2327.750
1785147867.173853874,15,257.984375,2315.000
1785147867.173853874,15,259.593750,2301.250
1785147867.173853874,15,261.265625,2292.250
1785147867.173853874,15,262.875000,2292.250
1785147867.173853874,15,264.515625,2300.000
1785147867.173853874,15,266.187500,2312.500
1785147867.173853874,15,267.828125,2291.500
1785147867.173853874,8,271.062500,2348.500
1785147867.173853874,14,272.687500,2365.250
1785147867.173853874,8,274.343750,2364.000
1785147867.173853874,15,275.875000,2386.750
1785147867.173853874,15,277.484375,2413.750
1785147867.173853874,13,279.109375,2424.750
1785147867.173853874,11,280.750000,2446.000
1785147867.173853874,15,282.390625,2466.250
1785147867.173853874,15,283.984375,2494.500
1785147867.173853874,7,285.640625,2526.750
1785147867.173853874,8,287.250000,2554.250
1785147867.173853874,15,288.890625,2577.500
1785147867.173853874,10,290.500000,2620.500
1785147867.173853874,10,292.125000,2672.750
1785147867.173853874,15,293.734375,2724.750
1785147867.173853874,13,295.375000,2782.750
1785147867.173853874,11,297.015625,2835.500
1785147867.173853874,13,298.734375,2897.000
1785147867.173853874,15,300.343750,2962.500
1785147867.173853874,15,302.000000,3008.750
1785147867.173853874,13,303.609375,3049.500
1785147867.173853874,13,308.515625,3285.500
1785147867.173853874,15,339.500000,7852.500
1785147867.173853874,15,348.015625,2845.000
1785147867.173853874,15,349.656250,2829.250
1785147867.285407066,15,351.343750,2819.500
1785147867.285407066,15,352.984375,2803.000
1785147867.285407066,15,354.593750,2809.000
1785147867.285407066,15,356.265625,2795.250
1785147867.285407066,15,2.515625,6831.500
1785147867.285407066,10,5.750000,8789.250
1785147867.285407066,9,7.390625,8814.750
1785147867.285407066,15,17.406250,3271.750
1785147867.285407066,15,19.046875,3272.250
1785147867.285407066,15,20.687500,3244.500
1785147867.285407066,15,47.500000,106.500
1785147867.285407066,15,178.609375,1234.250
1785147867.285407066,15,180.203125,1223.500
1785147867.285407066,15,181.812500,1212.750
1785147867.285407066,15,183.515625,1218.000
1785147867.285407066,15,185.140625,1226.000
1785147867.285407066,15,186.765625,1227.000
1785147867.285407066,15,188.375000,1227.500
1785147867.285407066,15,190.000000,1238.500
1785147867.285407066,15,191.593750,1265.250
1785147867.285407066,15,210.515625,3681.750
1785147867.285407066,8,212.156250,3584.750
1785147867.285407066,13,213.796875,3500.500
1785147867.285407066,15,218.734375,3177.500
1785147867.285407066,15,222.062500,3025.000
1785147867.285407066,15,223.687500,2973.000
1785147867.285407066,15,225.343750,2891.750
1785147867.285407066,8,227.015625,2819.000
1785147867.285407066,15,228.687500,2768.250
1785147867.285407066,15,230.312500,2735.250
1785147867.285407066,9,231.953125,2685.750
1785147867.285407066,15,233.625000,2638.250
1785147867.285407066,15,235.250000,2608.000
1785147867.285407066,13,236.921875,2574.750
1785147867.285407066,15,238.531250,2546.750
1785147867.285407066,15,240.187500,2514.250
1785147867.285407066,11,241.843750,2482.500
1785147867.285407066,9,243.484375,2460.250
1785147867.285407066,13,245.093750,2447.250
1785147867.285407066,12,246.750000,2444.000
1785147867.285407066,11,248.406250,2439.500
1785147867.285407066,15,250.015625,2433.750
1785147867.285407066,15,251.656250,2428.750
1785147867.285407066,15,253.312500,2418.750
1785147867.285407066,15,254.953125,2403.750
1785147867.285407066,9,256.578125,2387.000
1785147867.285407066,7,258.218750,2365.750
1785147867.285407066,8,259.875000,2348.250
1785147867.285407066,7,261.531250,2340.750
1785147867.285407066,8,263.187500,2337.500
1785147867.285407066,7,264.812500,2337.000
1785147867.285407066,9,266.437500,2344.500
1785147867.285407066,6,268.062500,2346.500
1785147867.285407066,7,269.671875,2358.500
1785147867.285407066,15,271.328125,2382.750
1785147867.285407066,15,272.968750,2397.250
1785147867.285407066,15,274.625000,2409.750
1785147867.285407066,15,276.187500,2406.000
1785147867.285407066,15,277.765625,2413.250
1785147867.285407066,9,279.453125,2435.250
1785147867.285407066,11,281.078125,2444.000
1785147867.285407066,8,282.687500,2454.500
1785147867.285407066,15,284.328125,2477.750
1785147867.285407066,15,285.937500,2504.750
1785147867.285407066,11,287.546875,2528.000
1785147867.285407066,15,289.203125,2563.500
1785147867.285407066,14,290.796875,2590.750
1785147867.285407066,11,292.453125,2616.000
1785147867.285407066,15,294.062500,2668.500
1785147867.285407066,9,295.687500,2719.000
1785147867.285407066,15,297.312500,2769.500
1785147867.285407066,15,299.046875,2831.250
1785147867.285407066,11,300.671875,2901.000
1785147867.285407066,12,302.312500,2962.000
1785147867.285407066,6,303.921875,3016.250
1785147867.285407066,15,305.593750,3088.750
1785147867.285407066,15,307.218750,3138.250
1785147867.285407066,15,308.843750,3173.000
1785147867.285407066,15,339.812500,7776.250
1785147867.285407066,15,348.359375,2855.000
1785147867.285407066,15,350.000000,2836.000
1785147867.396908998,15,351.609375,2825.250
1785147867.396908998,15,353.281250,2812.000
1785147867.396908998,15,354.906250,2811.250
1785147867.396908998,15,356.578125,2796.500
1785147867.396908998,13,2.812500,6833.750
1785147867.396908998,9,12.812500,3312.000
1785147867.396908998,15,14.421875,3313.750
1785147867.396908998,15,16.078125,3306.250
1785147867.396908998,15,17.718750,3258.250
1785147867.396908998,15,46.937500,106.250
1785147867.396908998,15,180.484375,1246.000
1785147867.396908998,15,182.187500,1232.000
1785147867.396908998,15,183.812500,1223.250
1785147867.396908998,15,185.406250,1218.000
1785147867.396908998,15,187.109375,1217.500
1785147867.396908998,15,188.734375,1218.500
1785147867.396908998,15,190.421875,1221.000
1785147867.396908998,15,191.921875,1236.000
1785147867.396908998,15,193.546875,1258.500
1785147867.396908998,15,210.859375,3532.000
1785147867.396908998,15,215.812500,3207.500
1785147867.396908998,15,217.468750,3142.500
1785147867.396908998,10,219.109375,3067.500
1785147867.396908998,15,220.765625,2992.000
1785147867.396908998,15,222.390625,2913.500
1785147867.396908998,10,224.062500,2833.750
1785147867.396908998,15,225.703125,2766.750
1785147867.396908998,13,227.375000,2708.500
1785147867.396908998,12,229.015625,2656.250
1785147867.396908998,15,230.703125,2615.250
1785147867.396908998,15,232.312500,2560.750
1785147867.396908998,15,233.968750,2523.250
1785147867.396908998,9,235.593750,2498.500
1785147867.396908998,9,237.250000,2467.500
1785147867.396908998,13,238.890625,2449.000
1785147867.396908998,15,240.515625,2438.250
1785147867.396908998,15,242.171875,2424.250
1785147867.396908998,15,243.812500,2411.500
1785147867.396908998,15,245.453125,2401.000
1785147867.396908998,15,247.109375,2397.750
1785147867.396908998,10,248.750000,2390.500
1785147867.396908998,9,250.390625,2382.250
1785147867.396908998,15,251.968750,2391.000
1785147867.396908998,15,253.593750,2391.250
1785147867.396908998,15,255.250000,2393.750
1785147867.396908998,15,256.859375,2405.000
1785147867.396908998,15,258.515625,2408.000
1785147867.396908998,15,260.156250,2398.500
1785147867.396908998,15,261.765625,2396.000
1785147867.396908998,15,263.437500,2401.750
1785147867.396908998,15,265.062500,2401.500
1785147867.396908998,15,266.671875,2412.000
1785147867.396908998,15,268.312500,2423.500
1785147867.396908998,15,269.984375,2407.750
1785147867.396908998,15,271.593750,2412.250
1785147867.396908998,10,273.218750,2436.750
1785147867.396908998,10,274.828125,2441.000
1785147867.396908998,15,276.484375,2417.000
1785147867.396908998,11,278.093750,2421.250
1785147867.396908998,15,279.718750,2464.750
1785147867.396908998,15,281.359375,2481.000
1785147867.396908998,15,282.968750,2501.250
1785147867.396908998,8,284.609375,2530.750
1785147867.396908998,15,286.218750,2564.000
1785147867.396908998,10,287.828125,2611.250
1785147867.396908998,8,289.484375,2652.500
1785147867.396908998,12,291.109375,2685.500
1785147867.396908998,8,292.718750,2738.750
1785147867.396908998,14,294.328125,2810.500
1785147867.396908998,11,295.953125,2883.250
1785147867.396908998,14,297.593750,2941.750
1785147867.396908998,15,299.359375,3000.000
1785147867.396908998,15,300.984375,3059.500
1785147867.396908998,12,302.640625,3112.250
1785147867.396908998,11,304.265625,3183.500
1785147867.396908998,12,305.906250,3249.250
1785147867.396908998,3,307.515625,3320.750
1785147867.396908998,15,348.656250,2873.000
1785147867.396908998,15,350.312500,2851.500
1785147867.510494947,15,351.953125,2833.250
1785147867.510494947,15,353.625000,2817.000
1785147867.510494947,15,355.265625,2801.750
1785147867.510494947,15,356.890625,2787.250
1785147867.510494947,15,14.796875,3308.000
1785147867.510494947,15,45.109375,107.750
1785147867.510494947,15,184.406250,1223.750
1785147867.510494947,15,186.031250,1219.750
1785147867.510494947,15,187.656250,1212.000
1785147867.510494947,15,189.296875,1205.750
1785147867.510494947,15,190.937500,1203.000
1785147867.510494947,15,192.593750,1210.750
1785147867.510494947,15,194.187500,1232.750
1785147867.510494947,15,195.859375,1256.500
1785147867.510494947,15,216.453125,3180.250
1785147867.510494947,9,218.140625,3113.750
1785147867.510494947,15,219.765625,3046.500
1785147867.510494947,8,221.437500,2976.500
1785147867.510494947,9,223.062500,2906.500
1785147867.510494947,15,226.375000,2767.000
1785147867.510494947,15,228.015625,2720.500
1785147867.510494947,9,229.625000,2681.250
1785147867.510494947,15,231.281250,2641.250
1785147867.510494947,10,232.906250,2585.000
1785147867.510494947,13,234.593750,2547.250
1785147867.510494947,11,236.218750,2540.750
1785147867.510494947,15,237.875000,2525.000
1785147867.510494947,8,239.500000,2486.750
1785147867.510494947,11,241.140625,2455.750
1785147867.510494947,11,242.781250,2446.750
1785147867.510494947,10,244.421875,2443.000
1785147867.510494947,15,246.062500,2420.000
1785147867.510494947,5,247.687500,2394.250
1785147867.510494947,8,249.312500,2388.000
1785147867.510494947,7,250.968750,2377.750
1785147867.510494947,9,252.562500,2366.000
1785147867.510494947,7,254.250000,2361.000
1785147867.510494947,9,255.859375,2353.000
1785147867.510494947,7,257.484375,2351.500
1785147867.510494947,8,259.125000,2342.250
1785147867.510494947,7,260.750000,2329.250
1785147867.510494947,10,262.406250,2332.000
1785147867.510494947,9,264.031250,2335.250
1785147867.510494947,6,265.687500,2342.750
1785147867.510494947,5,267.312500,2353.500
1785147867.510494947,7,268.921875,2365.000
1785147867.510494947,4,270.546875,2366.750
1785147867.510494947,15,272.203125,2391.750
1785147867.510494947,9,273.812500,2429.500
1785147867.510494947,13,275.437500,2433.500
1785147867.510494947,14,277.093750,2425.000
1785147867.510494947,8,278.734375,2438.500
1785147867.510494947,15,280.375000,2477.000
1785147867.510494947,15,281.984375,2500.000
1785147867.510494947,10,283.593750,2523.000
1785147867.510494947,10,285.250000,2547.000
1785147867.510494947,15,286.859375,2569.500
1785147867.510494947,13,288.484375,2611.000
1785147867.510494947,12,290.140625,2657.000
1785147867.510494947,15,291.750000,2688.250
1785147867.510494947,13,293.375000,2717.750
1785147867.510494947,14,295.015625,2774.750
1785147867.510494947,13,296.640625,2842.750
1785147867.510494947,15,298.234375,2907.500
1785147867.510494947,14,300.000000,2970.250
1785147867.510494947,8,301.656250,3033.750
1785147867.510494947,15,303.281250,3095.500
1785147867.510494947,10,304.921875,3160.500
1785147867.510494947,11,306.531250,3232.250
1785147867.510494947,15,339.187500,8185.500
1785147867.510494947,15,346.015625,3378.750
1785147867.510494947,15,349.296875,2877.500
1785147867.622820139,15,350.921875,2857.000
1785147867.622820139,15,352.593750,2837.250
1785147867.622820139,15,354.234375,2816.000
1785147867.622820139,15,355.890625,2795.750
1785147867.622820139,15,357.515625,2792.500
1785147867.622820139,15,12.187500,3344.500
1785147867.622820139,15,13.843750,3306.000
1785147867.622820139,15,47.484375,106.750
1785147867.622820139,15,186.703125,1217.250
1785147867.622820139,15,188.359375,1211.000
1785147867.622820139,15,189.968750,1204.750
1785147867.622820139,15,191.640625,1203.750
1785147867.622820139,15,193.312500,1215.250
1785147867.622820139,15,194.890625,1223.750
1785147867.622820139,15,196.531250,1236.000
1785147867.622820139,15,198.203125,1259.750
1785147867.622820139,15,210.578125,3538.250
1785147867.622820139,4,212.234375,3439.500
1785147867.622820139,9,215.515625,3246.000
1785147867.622820139,15,217.171875,3185.500
1785147867.622820139,6,218.812500,3119.500
1785147867.622820139,15,220.484375,3052.250
1785147867.622820139,15,222.125000,2996.500
1785147867.622820139,15,223.765625,2921.500
1785147867.622820139,15,225.437500,2854.000
1785147867.622820139,8,227.062500,2794.000
1785147867.622820139,15,228.718750,2741.750
1785147867.622820139,11,230.328125,2700.000
1785147867.622820139,12,231.968750,2664.250
1785147867.622820139,15,233.625000,2624.500
1785147867.622820139,10,235.265625,2576.250
1785147867.622820139,11,236.906250,2553.000
1785147867.622820139,15,238.578125,2542.500
1785147867.622820139,15,240.218750,2513.250
1785147867.622820139,9,241.843750,2481.750
1785147867.622820139,10,243.515625,2457.500
1785147867.622820139,11,245.140625,2440.500
1785147867.622820139,12,246.812500,2438.250
1785147867.622820139,15,248.437500,2438.500
1785147867.622820139,15,250.046875,2432.000
1785147867.622820139,15,251.687500,2428.000
1785147867.622820139,15,253.328125,2419.500
1785147867.622820139,15,254.953125,2414.250
1785147867.622820139,15,256.609375,2420.000
1785147867.622820139,15,258.218750,2421.500
1785147867.622820139,15,259.875000,2419.000
1785147867.622820139,15,261.500000,2415.500
1785147867.622820139,15,263.156250,2416.000
1785147867.622820139,15,264.781250,2413.500
1785147867.622820139,15,266.421875,2415.500
1785147867.622820139,15,268.046875,2425.250
1785147867.622820139,13,269.718750,2430.000
1785147867.622820139,9,271.359375,2436.000
1785147867.622820139,9,272.953125,2447.500
1785147867.622820139,15,274.578125,2470.250
1785147867.622820139,15,276.203125,2491.750
1785147867.622820139,15,277.859375,2498.250
1785147867.622820139,11,279.500000,2524.250
1785147867.622820139,7,281.125000,2548.000
1785147867.622820139,10,282.734375,2554.500
1785147867.622820139,15,284.390625,2586.000
1785147867.622820139,14,285.984375,2621.750
1785147867.622820139,14,287.640625,2650.250
1785147867.622820139,15,289.250000,2695.250
1785147867.622820139,11,290.875000,2739.000
1785147867.622820139,13,292.531250,2775.750
1785147867.622820139,15,294.140625,2830.000
1785147867.622820139,13,295.750000,2900.250
1785147867.622820139,13,297.390625,2955.750
1785147867.622820139,5,299.156250,3004.500
1785147867.622820139,15,300.765625,3059.000
1785147867.622820139,11,302.406250,3120.000
1785147867.622820139,13,304.015625,3199.750
1785147867.622820139,12,305.687500,3256.750
1785147867.622820139,15,339.953125,8192.000
1785147867.622820139,15,348.453125,2901.250
1785147867.622820139,15,350.125000,2879.500
1785147867.734212160,15,351.765625,2845.000
1785147867.734212160,15,353.406250,2825.750
1785147867.734212160,15,355.062500,2816.500
1785147867.734212160,15,356.718750,2801.000
1785147867.734212160,15,358.312500,2807.750
1785147867.734212160,15,9.750000,3380.250
1785147867.734212160,15,45.531250,108.250
1785147867.734212160,15,47.406250,106.000
1785147867.734212160,15,187.593750,1235.500
1785147867.734212160,15,189.234375,1224.000
1785147867.734212160,15,190.937500,1220.000
1785147867.734212160,15,192.531250,1219.500
1785147867.734212160,15,194.187500,1217.750
1785147867.734212160,15,195.812500,1218.750
1785147867.734212160,15,197.500000,1228.500
1785147867.734212160,15,199.093750,1248.250
1785147867.734212160,15,200.687500,1276.500
1785147867.734212160,15,213.093750,3360.500
1785147867.734212160,15,216.421875,3177.250
1785147867.734212160,8,218.062500,3112.250
1785147867.734212160,15,219.687500,3046.750
1785147867.734212160,15,221.359375,2990.000
1785147867.734212160,11,223.000000,2918.500
1785147867.734212160,15,224.671875,2846.500
1785147867.734212160,15,226.328125,2783.750
1785147867.734212160,15,227.984375,2726.250
1785147867.734212160,12,229.625000,2681.250
1785147867.734212160,15,231.296875,2640.000
1785147867.734212160,10,232.968750,2585.750
1785147867.734212160,13,234.578125,2546.500
1785147867.734212160,15,236.218750,2522.500
1785147867.734212160,10,237.906250,2491.000
1785147867.734212160,15,239.531250,2467.500
1785147867.734212160,13,241.203125,2451.500
1785147867.734212160,11,242.828125,2440.500
1785147867.734212160,15,244.468750,2428.250
1785147867.734212160,15,246.093750,2408.750
1785147867.734212160,7,247.781250,2393.500
1785147867.734212160,8,249.421875,2372.000
1785147867.734212160,7,251.046875,2360.500
1785147867.734212160,7,252.687500,2363.000
1785147867.734212160,7,254.312500,2359.750
1785147867.734212160,7,255.968750,2357.000
1785147867.734212160,6,257.609375,2362.250
1785147867.734212160,6,259.234375,2366.250
1785147867.734212160,6,260.875000,2373.250
1785147867.734212160,8,262.515625,2376.250
1785147867.734212160,12,264.140625,2373.750
1785147867.734212160,15,265.765625,2381.500
1785147867.734212160,15,267.421875,2394.500
1785147867.734212160,15,269.046875,2415.500
1785147867.734212160,15,270.687500,2423.750
1785147867.734212160,15,272.328125,2422.000
1785147867.734212160,7,273.968750,2431.500
1785147867.734212160,7,275.593750,2447.000
1785147867.734212160,9,277.234375,2460.750
1785147867.734212160,5,278.890625,2453.500
1785147867.734212160,7,282.125000,2536.000
1785147867.734212160,7,283.765625,2554.000
1785147867.734212160,15,285.390625,2579.250
1785147867.734212160,15,287.000000,2614.000
1785147867.734212160,8,288.656250,2648.750
1785147867.734212160,15,290.281250,2684.000
1785147867.734212160,14,291.921875,2723.000
1785147867.734212160,12,293.546875,2773.750
1785147867.734212160,10,295.187500,2833.500
1785147867.734212160,15,296.796875,2903.000
1785147867.734212160,14,298.531250,2968.000
1785147867.734212160,7,300.171875,3023.500
1785147867.734212160,15,301.812500,3085.750
1785147867.734212160,9,303.406250,3167.000
1785147867.734212160,12,305.078125,3240.500
1785147867.734212160,15,340.968750,8134.250
1785147867.734212160,15,349.515625,2915.500
1785147867.844970942,15,351.156250,2881.500
1785147867.844970942,15,352.796875,2847.750
1785147867.844970942,15,354.468750,2832.750
1785147867.844970942,15,356.109375,2816.000
1785147867.844970942,15,357.765625,2807.250
1785147867.844970942,11,359.390625,2848.250
1785147867.844970942,15,7.531250,3411.250
1785147867.844970942,15,9.156250,3427.750
1785147867.844970942,15,12.421875,3503.500
1785147867.844970942,15,47.734375,106.500
1785147867.844970942,9,159.734375,11698.750
1785147867.844970942,15,188.765625,1232.750
1785147867.844970942,15,190.421875,1224.500
1785147867.844970942,15,192.109375,1217.750
1785147867.844970942,15,193.781250,1207.750
1785147867.844970942,15,195.390625,1209.500
1785147867.844970942,15,197.015625,1221.750
1785147867.844970942,15,198.609375,1230.750
1785147867.844970942,15,200.234375,1240.250
1785147867.844970942,14,210.890625,3535.000
1785147867.844970942,15,212.531250,3477.000
1785147867.844970942,10,217.500000,3205.000
1785147867.844970942,7,219.156250,3144.750
1785147867.844970942,9,220.781250,3072.000
1785147867.844970942,15,222.437500,3021.750
1785147867.844970942,11,224.078125,2953.000
1785147867.844970942,15,225.734375,2882.500
1785147867.844970942,15,229.031250,2746.500
1785147867.844970942,9,230.687500,2699.750
1785147867.844970942,13,232.359375,2656.000
1785147867.844970942,15,233.984375,2623.000
1785147867.844970942,12,235.640625,2577.750
1785147867.844970942,15,237.265625,2540.500
1785147867.844970942,15,238.953125,2522.000
1785147867.844970942,15,240.578125,2500.500
1785147867.844970942,11,242.203125,2470.250
1785147867.844970942,12,243.843750,2450.750
1785147867.844970942,10,245.515625,2443.000
1785147867.844970942,13,247.156250,2432.750
1785147867.844970942,15,248.796875,2429.000
1785147867.844970942,10,250.437500,2432.750
1785147867.844970942,15,252.125000,2430.000
1785147867.844970942,10,253.750000,2430.750
1785147867.844970942,15,255.406250,2431.500
1785147867.844970942,15,257.031250,2428.750
1785147867.844970942,12,258.671875,2435.750
1785147867.844970942,11,260.296875,2443.250
1785147867.844970942,12,261.953125,2444.250
1785147867.844970942,11,263.578125,2444.250
1785147867.844970942,11,265.234375,2444.500
1785147867.844970942,10,266.875000,2444.750
1785147867.844970942,11,268.500000,2448.750
1785147867.844970942,7,270.171875,2457.750
1785147867.844970942,15,271.796875,2475.000
1785147867.844970942,15,273.437500,2488.750
1785147867.844970942,14,275.015625,2512.500
1785147867.844970942,8,276.671875,2537.750
1785147867.844970942,7,278.296875,2550.750
1785147867.844970942,15,279.921875,2523.500
1785147867.844970942,15,283.203125,2612.750
1785147867.844970942,15,284.828125,2630.750
1785147867.844970942,10,286.453125,2654.500
1785147867.844970942,12,288.093750,2686.500
1785147867.844970942,14,289.718750,2720.250
1785147867.844970942,10,291.343750,2772.250
1785147867.844970942,15,292.968750,2828.250
1785147867.844970942,4,294.593750,2883.250
1785147867.844970942,15,296.218750,2957.750
1785147867.844970942,10,297.843750,3029.750
1785147867.844970942,12,299.593750,3091.750
1785147867.844970942,15,340.421875,8251.250
1785147867.844970942,15,348.953125,2918.000
1785147867.959268093,15,350.609375,2893.750
1785147867.959268093,15,352.265625,2869.250
1785147867.959268093,15,353.890625,2848.000
1785147867.959268093,15,355.578125,2826.250
1785147867.959268093,15,357.218750,2818.250
1785147867.959268093,15,3.687500,3542.000
1785147867.959268093,15,5.312500,3469.500
1785147867.959268093,15,6.968750,3425.250
1785147867.959268093,15,46.484375,107.750
1785147867.959268093,15,189.281250,1222.000
1785147867.959268093,15,190.937500,1204.500
1785147867.959268093,15,192.578125,1197.000
1785147867.959268093,15,194.187500,1202.000
1785147867.959268093,15,195.765625,1213.250
1785147867.959268093,15,197.468750,1221.750
1785147867.959268093,15,199.062500,1233.250
1785147867.959268093,15,200.703125,1241.750
1785147867.959268093,15,202.328125,1264.000
1785147867.959268093,15,203.843750,1296.000
1785147867.959268093,15,212.968750,3595.250
1785147867.959268093,15,214.625000,3502.750
1785147867.959268093,15,217.890625,3300.750
1785147867.959268093,9,219.562500,3224.250
1785147867.959268093,15,221.187500,3164.500
1785147867.959268093,9,222.812500,3087.750
1785147867.959268093,15,224.468750,3020.250
1785147867.959268093,15,226.109375,2959.000
1785147867.959268093,15,227.718750,2889.000
1785147867.959268093,10,229.390625,2825.750
1785147867.959268093,15,231.000000,2768.750
1785147867.959268093,15,232.640625,2720.750
1785147867.959268093,10,234.296875,2673.250
1785147867.959268093,15,235.921875,2627.500
1785147867.959268093,9,237.562500,2585.000
1785147867.959268093,10,239.218750,2555.250
1785147867.959268093,12,240.843750,2540.000
1785147867.959268093,15,242.500000,2524.750
1785147867.959268093,15,244.140625,2505.000
1785147867.959268093,7,245.750000,2480.750
1785147867.959268093,8,247.375000,2458.000
1785147867.959268093,9,249.031250,2447.250
1785147867.959268093,12,250.718750,2444.250
1785147867.959268093,9,252.343750,2445.000
1785147867.959268093,11,253.968750,2445.500
1785147867.959268093,13,255.593750,2444.500
1785147867.959268093,10,257.234375,2443.250
1785147867.959268093,11,258.859375,2446.250
1785147867.959268093,9,260.515625,2447.500
1785147867.959268093,11,262.125000,2445.000
1785147867.959268093,12,263.765625,2445.250
1785147867.959268093,13,265.390625,2446.250
1785147867.959268093,10,267.046875,2444.250
1785147867.959268093,8,268.656250,2449.000
1785147867.959268093,15,270.328125,2461.000
1785147867.959268093,9,271.937500,2467.000
1785147867.959268093,15,273.562500,2482.000
1785147867.959268093,14,275.156250,2513.250
1785147867.959268093,12,276.796875,2534.750
1785147867.959268093,10,278.421875,2526.000
1785147867.959268093,6,280.031250,2539.750
1785147867.959268093,15,281.671875,2578.250
1785147867.959268093,15,283.265625,2601.750
1785147867.959268093,8,284.875000,2630.250
1785147867.959268093,8,286.515625,2656.250
1785147867.959268093,15,288.171875,2686.000
1785147867.959268093,12,289.781250,2721.500
1785147867.959268093,15,291.406250,2769.750
1785147867.959268093,15,296.234375,2973.250
1785147867.959268093,6,297.859375,3028.250
1785147867.959268093,15,299.593750,3090.500
1785147867.959268093,7,301.203125,3166.750
1785147867.959268093,12,302.843750,3240.750
1785147867.959268093,15,347.234375,2938.250
1785147867.959268093,15,348.859375,2920.750
1785147867.959268093,15,350.484375,2900.000
1785147868.070842981,15,352.156250,2875.000
1785147868.070842981,15,353.796875,2882.250
1785147868.070842981,15,355.421875,2874.000
1785147868.070842981,15,0.250000,3576.750
1785147868.070842981,15,1.906250,3528.500
1785147868.070842981,15,3.531250,3478.500
1785147868.070842981,15,5.171875,3447.250
1785147868.070842981,15,45.875000,108.250
1785147868.070842981,15,48.156250,106.000
1785147868.070842981,15,186.703125,1186.750
1785147868.070842981,15,188.328125,1174.750
1785147868.070842981,15,189.968750,1168.750
1785147868.070842981,15,191.593750,1169.750
1785147868.070842981,15,193.265625,1163.750
1785147868.070842981,15,194.875000,1159.750
1785147868.070842981,11,196.500000,1175.000
1785147868.070842981,15,198.078125,1189.000
1785147868.070842981,15,199.703125,1205.250
1785147868.070842981,15,201.265625,1236.500
1785147868.070842981,3,212.046875,3439.500
1785147868.070842981,9,215.312500,3232.000
1785147868.070842981,15,216.953125,3168.000
1785147868.070842981,11,218.609375,3095.250
1785147868.070842981,15,220.250000,3031.750
1785147868.070842981,15,223.515625,2878.500
1785147868.070842981,9,225.187500,2815.000
1785147868.070842981,15,226.812500,2759.250
1785147868.070842981,11,228.453125,2707.000
1785147868.070842981,12,230.093750,2661.750
1785147868.070842981,15,231.750000,2624.250
1785147868.070842981,14,233.390625,2584.000
1785147868.070842981,12,235.031250,2555.250
1785147868.070842981,12,236.671875,2533.750
1785147868.070842981,15,238.296875,2514.750
1785147868.070842981,15,239.937500,2494.000
1785147868.070842981,9,241.546875,2475.750
1785147868.070842981,11,243.187500,2458.500
1785147868.070842981,8,244.828125,2449.500
1785147868.070842981,11,246.453125,2445.750
1785147868.070842981,9,248.078125,2441.750
1785147868.070842981,15,249.718750,2438.500
1785147868.070842981,13,251.359375,2438.250
1785147868.070842981,11,252.968750,2440.500
1785147868.070842981,11,254.609375,2442.750
1785147868.070842981,10,256.234375,2444.250
1785147868.070842981,10,257.843750,2445.750
1785147868.070842981,10,259.500000,2444.500
1785147868.070842981,12,261.093750,2443.750
1785147868.070842981,9,262.718750,2445.250
1785147868.070842981,8,264.375000,2445.750
1785147868.070842981,8,266.000000,2452.500
1785147868.070842981,15,267.593750,2471.500
1785147868.070842981,15,269.265625,2488.250
1785147868.070842981,14,270.875000,2510.250
1785147868.070842981,7,272.500000,2540.000
1785147868.070842981,6,274.140625,2557.250
1785147868.070842981,15,275.687500,2536.250
1785147868.070842981,9,278.921875,2638.000
1785147868.070842981,15,280.531250,2662.750
1785147868.070842981,15,282.156250,2689.250
1785147868.070842981,15,283.765625,2718.500
1785147868.070842981,11,285.375000,2759.250
1785147868.070842981,11,287.000000,2801.250
1785147868.070842981,10,288.640625,2837.500
1785147868.070842981,12,290.250000,2894.500
1785147868.070842981,11,291.875000,2949.500
1785147868.070842981,9,293.500000,2993.250
1785147868.070842981,11,295.093750,3055.250
1785147868.070842981,11,296.718750,3109.250
1785147868.070842981,7,298.500000,3167.000
1785147868.070842981,14,300.125000,3233.750
1785147868.070842981,15,301.734375,3302.000
1785147868.070842981,8,303.375000,3362.000
1785147868.070842981,15,342.750000,2993.000
1785147868.070842981,15,344.421875,2961.500
1785147868.070842981,15,346.046875,2942.000
1785147868.070842981,15,347.671875,2944.500
1785147868.070842981,15,349.265625,2966.750
1785147868.186019182,15,350.921875,2946.500
1785147868.186019182,15,355.765625,3593.750
1785147868.186019182,15,357.406250,3549.000
1785147868.186019182,15,47.500000,107.250
1785147868.186019182,15,51.578125,101.500
1785147868.186019182,15,184.718750,1115.500
1785147868.186019182,15,186.343750,1115.500
1785147868.186019182,15,188.000000,1121.500
1785147868.186019182,15,189.687500,1121.250
1785147868.186019182,15,191.312500,1118.750
1785147868.186019182,15,192.906250,1120.250
1785147868.186019182,15,194.484375,1139.000
1785147868.186019182,15,196.171875,1156.750
1785147868.186019182,15,197.734375,1177.750
1785147868.186019182,15,210.046875,3795.500
1785147868.186019182,15,211.671875,3707.750
1785147868.186019182,15,214.968750,3499.750
1785147868.186019182,15,219.937500,3199.750
1785147868.186019182,15,221.578125,3132.000
1785147868.186019182,9,223.218750,3065.000
1785147868.186019182,15,224.859375,2996.750
1785147868.186019182,15,226.515625,2921.500
1785147868.186019182,15,228.140625,2860.500
1785147868.186019182,8,229.812500,2804.750
1785147868.186019182,11,233.078125,2678.750
1785147868.186019182,11,234.734375,2661.750
1785147868.186019182,15,236.390625,2635.250
1785147868.186019182,15,238.000000,2599.750
1785147868.186019182,10,239.671875,2564.750
1785147868.186019182,15,241.281250,2544.250
1785147868.186019182,12,242.937500,2534.000
1785147868.186019182,15,244.593750,2521.750
1785147868.186019182,15,246.218750,2505.000
1785147868.186019182,10,247.875000,2491.500
1785147868.186019182,9,249.484375,2478.500
1785147868.186019182,15,251.171875,2472.750
1785147868.186019182,11,252.843750,2462.500
1785147868.186019182,11,254.500000,2447.750
1785147868.186019182,10,256.125000,2444.250
1785147868.186019182,11,257.781250,2444.750
1785147868.186019182,15,259.406250,2442.250
1785147868.186019182,15,261.015625,2440.750
1785147868.186019182,15,262.703125,2433.500
1785147868.186019182,15,264.312500,2434.250
1785147868.186019182,15,265.953125,2435.250
1785147868.186019182,7,267.578125,2432.750
1785147868.186019182,6,269.250000,2442.250
1785147868.186019182,8,270.859375,2446.750
1785147868.186019182,12,272.515625,2426.250
1785147868.186019182,9,274.140625,2434.500
1785147868.186019182,15,275.640625,2471.500
1785147868.186019182,15,277.296875,2474.750
1785147868.186019182,15,278.937500,2482.750
1785147868.186019182,15,280.546875,2509.000
1785147868.186019182,7,282.187500,2534.500
1785147868.186019182,7,283.796875,2554.000
1785147868.186019182,13,285.421875,2573.750
1785147868.186019182,12,287.031250,2606.250
1785147868.186019182,13,288.656250,2651.250
1785147868.186019182,13,290.281250,2694.250
1785147868.186019182,7,291.921875,2742.250
1785147868.186019182,13,293.546875,2802.750
1785147868.186019182,5,295.156250,2868.750
1785147868.186019182,15,296.765625,2934.500
1785147868.186019182,15,298.500000,2990.750
1785147868.186019182,15,300.140625,3045.500
1785147868.186019182,14,301.750000,3109.250
1785147868.186019182,13,303.375000,3166.500
1785147868.186019182,15,305.015625,3232.500
1785147868.186019182,8,334.546875,3129.750
1785147868.186019182,15,336.187500,3074.750
1785147868.186019182,15,337.812500,3053.750
1785147868.186019182,15,339.468750,3021.500
1785147868.186019182,15,341.125000,2987.000
1785147868.186019182,15,344.375000,2998.250
1785147868.186019182,15,346.046875,2981.500
1785147868.296859980,15,352.562500,3612.500
1785147868.296859980,15,357.312500,6926.500
1785147868.296859980,15,358.937500,6890.250
1785147868.296859980,15,0.593750,6932.250
1785147868.296859980,15,21.296875,1123.000
1785147868.296859980,15,22.906250,1111.500
1785147868.296859980,15,24.562500,1124.250
1785147868.296859980,15,47.812500,106.750
1785147868.296859980,15,181.734375,1110.250
1785147868.296859980,15,183.390625,1108.250
1785147868.296859980,15,185.031250,1105.250
1785147868.296859980,15,186.718750,1099.000
1785147868.296859980,15,188.281250,1099.000
1785147868.296859980,15,189.921875,1117.000
1785147868.296859980,15,196.359375,1202.750
1785147868.296859980,10,208.687500,3864.750
1785147868.296859980,10,211.968750,3638.250
1785147868.296859980,3,215.281250,3430.500
1785147868.296859980,8,218.578125,3242.500
1785147868.296859980,14,220.218750,3188.500
1785147868.296859980,15,221.859375,3137.750
1785147868.296859980,6,223.515625,3079.500
1785147868.296859980,15,225.171875,3018.250
1785147868.296859980,15,226.875000,2969.500
1785147868.296859980,9,228.531250,2925.000
1785147868.296859980,9,231.843750,2796.500
1785147868.296859980,10,233.484375,2773.500
1785147868.296859980,15,235.109375,2733.750
1785147868.296859980,9,236.765625,2690.000
1785147868.296859980,10,238.406250,2664.000
1785147868.296859980,12,240.078125,2646.000
1785147868.296859980,15,241.718750,2630.500
1785147868.296859980,15,243.359375,2621.750
1785147868.296859980,15,245.000000,2605.500
1785147868.296859980,15,246.656250,2596.000
1785147868.296859980,9,248.265625,2588.750
1785147868.296859980,9,249.937500,2576.500
1785147868.296859980,9,251.578125,2564.250
1785147868.296859980,10,253.187500,2551.500
1785147868.296859980,9,254.859375,2546.750
1785147868.296859980,9,256.484375,2545.750
1785147868.296859980,9,258.109375,2547.000
1785147868.296859980,7,259.765625,2556.000
1785147868.296859980,7,261.390625,2563.500
1785147868.296859980,15,263.046875,2571.500
1785147868.296859980,15,264.687500,2592.500
1785147868.296859980,15,266.312500,2613.250
1785147868.296859980,7,267.984375,2586.000
1785147868.296859980,15,271.218750,2665.000
1785147868.296859980,15,272.875000,2683.750
1785147868.296859980,12,274.515625,2696.500
1785147868.296859980,14,276.093750,2711.000
1785147868.296859980,12,277.734375,2738.000
1785147868.296859980,6,279.343750,2767.500
1785147868.296859980,14,281.000000,2799.250
1785147868.296859980,14,282.609375,2827.000
1785147868.296859980,10,284.218750,2856.250
1785147868.296859980,14,285.875000,2898.250
1785147868.296859980,15,287.484375,2942.250
1785147868.296859980,11,289.156250,2984.250
1785147868.296859980,10,290.765625,3014.250
1785147868.296859980,15,292.390625,3051.750
1785147868.296859980,15,294.031250,3095.500
1785147868.296859980,15,295.656250,3128.000
1785147868.296859980,15,297.281250,3164.250
1785147868.296859980,8,299.062500,3197.000
1785147868.296859980,15,300.718750,3229.000
1785147868.296859980,14,330.265625,3128.750
1785147868.296859980,15,331.921875,3098.250
1785147868.296859980,15,333.593750,3057.750
1785147868.296859980,15,335.234375,3020.750
1785147868.296859980,6,340.140625,3022.500
1785147868.296859980,15,341.812500,3020.000
1785147868.408668995,15,353.046875,6941.250
1785147868.408668995,15,354.703125,6971.250
1785147868.408668995,15,356.343750,6953.250
1785147868.408668995,15,359.625000,6967.000
1785147868.408668995,15,1.265625,6988.000
1785147868.408668995,15,2.921875,7009.500
1785147868.408668995,15,15.609375,1104.500
1785147868.408668995,15,17.265625,1099.250
1785147868.408668995,15,18.890625,1113.500
1785147868.408668995,15,22.812500,736.750
1785147868.408668995,15,24.593750,721.250
1785147868.408668995,15,26.265625,716.000
1785147868.408668995,15,27.796875,721.500
1785147868.408668995,15,45.906250,108.500
1785147868.408668995,15,48.781250,106.250
1785147868.408668995,15,178.062500,1130.500
1785147868.408668995,15,179.859375,1117.500
1785147868.408668995,15,181.515625,1114.750
1785147868.408668995,15,183.218750,1106.500
1785147868.408668995,15,184.781250,1106.500
1785147868.408668995,13,186.468750,1120.000
1785147868.408668995,15,188.062500,1132.250
1785147868.408668995,15,189.750000,1140.000
1785147868.408668995,15,191.343750,1153.750
1785147868.408668995,15,192.984375,1180.500
1785147868.408668995,13,206.921875,3965.250
1785147868.408668995,6,211.890625,3634.250
1785147868.408668995,2,215.203125,3424.750
1785147868.408668995,15,218.515625,3242.000
1785147868.408668995,15,220.187500,3190.500
1785147868.408668995,15,221.843750,3120.750
1785147868.408668995,15,223.515625,3049.500
1785147868.408668995,15,225.140625,3003.000
1785147868.408668995,15,228.500000,2836.750
1785147868.408668995,14,230.156250,2786.250
1785147868.408668995,15,231.828125,2733.000
1785147868.408668995,10,233.453125,2689.500
1785147868.408668995,11,235.125000,2656.250
1785147868.408668995,15,236.750000,2626.500
1785147868.408668995,15,238.406250,2598.250
1785147868.408668995,7,240.062500,2575.500
1785147868.408668995,10,241.703125,2556.750
1785147868.408668995,8,243.375000,2544.000
1785147868.408668995,15,245.031250,2529.250
1785147868.408668995,15,246.656250,2519.250
1785147868.408668995,15,248.281250,2509.750
1785147868.408668995,7,249.984375,2489.000
1785147868.408668995,8,251.593750,2468.250
1785147868.408668995,6,253.218750,2455.500
1785147868.408668995,7,254.859375,2453.500
1785147868.408668995,9,256.515625,2459.500
1785147868.408668995,15,258.187500,2468.500
1785147868.408668995,7,259.796875,2466.500
1785147868.408668995,15,261.437500,2479.250
1785147868.408668995,15,263.093750,2498.500
1785147868.408668995,15,264.750000,2497.500
1785147868.408668995,15,266.375000,2502.000
1785147868.408668995,13,268.015625,2508.750
1785147868.408668995,15,269.687500,2508.500
1785147868.408668995,15,271.312500,2514.000
1785147868.408668995,10,272.984375,2523.750
1785147868.408668995,7,274.671875,2538.750
1785147868.408668995,14,276.281250,2561.000
1785147868.408668995,15,277.953125,2577.500
1785147868.408668995,12,279.609375,2588.250
1785147868.408668995,11,281.203125,2610.750
1785147868.408668995,10,282.890625,2646.500
1785147868.408668995,15,284.500000,2679.750
1785147868.408668995,15,286.156250,2712.500
1785147868.408668995,10,287.812500,2751.500
1785147868.408668995,15,289.453125,2794.000
1785147868.408668995,15,291.093750,2841.500
1785147868.408668995,13,292.703125,2904.750
1785147868.408668995,15,294.359375,2963.000
1785147868.408668995,7,295.984375,3011.500
1785147868.408668995,15,297.656250,3073.750
1785147868.408668995,15,299.406250,3140.500
1785147868.408668995,14,301.046875,3200.500
1785147868.408668995,5,307.640625,3515.500
1785147868.408668995,15,325.906250,3187.750
1785147868.408668995,15,327.531250,3146.750
1785147868.408668995,15,329.203125,3106.000
1785147868.408668995,15,330.890625,3067.500
1785147868.408668995,15,332.546875,3037.750
1785147868.408668995,15,334.187500,3023.500
1785147868.408668995,15,335.843750,3019.000
1785147868.408668995,11,337.515625,2994.000
1785147868.408668995,15,339.156250,2969.250
1785147868.408668995,15,348.843750,7014.000
1785147868.520314217,15,350.500000,6995.750
1785147868.520314217,15,352.156250,6964.000
1785147868.520314217,15,353.828125,6935.250
1785147868.520314217,15,355.500000,6917.250
1785147868.520314217,15,357.125000,6935.250
1785147868.520314217,15,358.796875,6991.250
1785147868.520314217,15,0.453125,7014.000
1785147868.520314217,15,2.109375,7029.500
1785147868.520314217,15,14.812500,1070.000
1785147868.520314217,15,16.468750,1073.250
1785147868.520314217,15,20.500000,703.500
1785147868.520314217,15,22.156250,690.000
1785147868.520314217,15,23.906250,685.000
1785147868.520314217,15,25.421875,689.750
1785147868.520314217,15,46.703125,106.500
1785147868.520314217,9,172.203125,10166.250
1785147868.520314217,15,181.640625,1113.750
1785147868.520314217,15,183.328125,1106.500
1785147868.520314217,15,184.937500,1104.000
1785147868.520314217,15,186.640625,1111.500
1785147868.520314217,15,188.281250,1121.000
1785147868.520314217,15,189.875000,1126.750
1785147868.520314217,15,191.515625,1130.500
1785147868.520314217,15,193.156250,1148.000
1785147868.520314217,15,194.781250,1179.500
1785147868.520314217,11,210.437500,3697.000
1785147868.520314217,5,213.765625,3435.000
1785147868.520314217,10,217.093750,3234.250
1785147868.520314217,15,218.765625,3172.750
1785147868.520314217,15,222.078125,3013.250
1785147868.520314217,15,223.734375,2962.750
1785147868.520314217,12,225.390625,2908.750
1785147868.520314217,9,228.656250,2765.750
1785147868.520314217,15,230.328125,2750.500
1785147868.520314217,15,231.968750,2715.500
1785147868.520314217,11,233.625000,2674.750
1785147868.520314217,8,235.265625,2650.250
1785147868.520314217,15,236.921875,2626.500
1785147868.520314217,15,238.578125,2607.000
1785147868.520314217,7,240.265625,2582.500
1785147868.520314217,10,241.875000,2557.000
1785147868.520314217,9,243.546875,2544.250
1785147868.520314217,9,245.203125,2536.500
1785147868.520314217,15,246.828125,2526.750
1785147868.520314217,15,248.484375,2505.250
1785147868.520314217,8,250.140625,2484.750
1785147868.520314217,8,251.812500,2467.750
1785147868.520314217,10,253.453125,2454.500
1785147868.520314217,8,255.109375,2451.750
1785147868.520314217,6,256.734375,2451.000
1785147868.520314217,7,258.390625,2446.250
1785147868.520314217,8,260.046875,2444.750
1785147868.520314217,10,261.671875,2449.000
1785147868.520314217,9,263.359375,2460.750
1785147868.520314217,15,265.000000,2472.750
1785147868.520314217,15,266.625000,2447.750
1785147868.520314217,15,268.250000,2456.500
1785147868.520314217,15,269.921875,2495.000
1785147868.520314217,15,271.546875,2499.250
1785147868.520314217,15,273.203125,2502.250
1785147868.520314217,15,274.828125,2509.000
1785147868.520314217,7,276.453125,2533.250
1785147868.520314217,15,278.125000,2563.250
1785147868.520314217,15,279.750000,2576.500
1785147868.520314217,15,281.359375,2596.250
1785147868.520314217,10,283.031250,2628.500
1785147868.520314217,15,284.671875,2666.750
1785147868.520314217,15,286.296875,2699.500
1785147868.520314217,6,287.937500,2736.000
1785147868.520314217,13,289.578125,2785.000
1785147868.520314217,11,291.218750,2827.750
1785147868.520314217,14,292.828125,2888.500
1785147868.520314217,15,294.484375,2953.750
1785147868.520314217,15,296.109375,3007.750
1785147868.520314217,13,297.734375,3049.000
1785147868.520314217,14,299.453125,3098.250
1785147868.520314217,15,301.109375,3150.750
1785147868.520314217,15,302.734375,3209.500
1785147868.520314217,15,330.843750,3095.500
1785147868.520314217,15,332.515625,3055.250
1785147868.520314217,15,334.171875,3026.750
1785147868.520314217,15,337.484375,2994.500
1785147868.520314217,15,339.125000,2972.250
1785147868.520314217,15,348.734375,7079.250
1785147868.630853891,15,350.390625,7012.750
1785147868.630853891,15,352.046875,6995.750
1785147868.630853891,15,353.703125,7012.500
1785147868.630853891,15,355.343750,7014.000
1785147868.630853891,15,358.656250,7012.500
1785147868.630853891,15,0.296875,7008.000
1785147868.630853891,15,1.937500,6998.750
1785147868.630853891,15,16.218750,1048.500
1785147868.630853891,15,20.218750,689.500
1785147868.630853891,15,22.062500,678.750
1785147868.630853891,15,23.750000,673.000
1785147868.630853891,15,25.312500,678.250
1785147868.630853891,15,47.015625,107.500
1785147868.630853891,7,171.203125,10162.500
1785147868.630853891,10,172.859375,10111.500
1785147868.630853891,15,183.812500,1107.750
1785147868.630853891,15,185.406250,1104.500
1785147868.630853891,15,187.078125,1108.750
1785147868.630853891,15,188.796875,1109.500
1785147868.630853891,15,190.390625,1108.500
1785147868.630853891,15,192.046875,1124.750
1785147868.630853891,15,195.234375,1148.500
1785147868.630853891,15,209.171875,3705.250
1785147868.630853891,4,212.468750,3440.250
1785147868.630853891,10,215.781250,3233.500
1785147868.630853891,15,217.437500,3165.000
1785147868.630853891,7,219.062500,3098.500
1785147868.630853891,15,220.718750,3012.500
1785147868.630853891,8,222.390625,2931.250
1785147868.630853891,15,224.000000,2869.250
1785147868.630853891,8,225.687500,2810.750
1785147868.630853891,15,227.328125,2741.750
1785147868.630853891,9,228.984375,2674.500
1785147868.630853891,13,230.593750,2640.750
1785147868.630853891,9,232.265625,2612.500
1785147868.630853891,9,233.921875,2571.750
1785147868.630853891,9,235.578125,2549.500
1785147868.630853891,15,237.187500,2523.250
1785147868.630853891,10,238.859375,2492.750
1785147868.630853891,9,240.515625,2462.000
1785147868.630853891,12,242.125000,2447.250
1785147868.630853891,15,243.765625,2447.750
1785147868.630853891,15,245.437500,2430.750
1785147868.630853891,15,247.062500,2411.000
1785147868.630853891,15,248.718750,2409.000
1785147868.630853891,15,250.343750,2406.500
1785147868.630853891,5,252.015625,2389.250
1785147868.630853891,8,253.671875,2372.000
1785147868.630853891,4,255.281250,2367.750
1785147868.630853891,15,256.937500,2377.250
1785147868.630853891,5,258.562500,2384.000
1785147868.630853891,15,260.218750,2386.500
1785147868.630853891,15,261.828125,2395.250
1785147868.630853891,15,263.484375,2408.250
1785147868.630853891,15,265.125000,2419.750
1785147868.630853891,15,266.734375,2423.250
1785147868.630853891,8,268.390625,2436.000
1785147868.630853891,10,270.015625,2448.000
1785147868.630853891,15,271.687500,2455.000
1785147868.630853891,15,273.328125,2468.500
1785147868.630853891,15,274.937500,2480.250
1785147868.630853891,14,276.562500,2498.000
1785147868.630853891,13,278.171875,2518.500
1785147868.630853891,6,279.812500,2550.750
1785147868.630853891,14,281.484375,2570.750
1785147868.630853891,15,283.078125,2593.250
1785147868.630853891,10,284.718750,2628.250
1785147868.630853891,8,286.359375,2650.750
1785147868.630853891,15,287.984375,2681.750
1785147868.630853891,12,289.625000,2716.250
1785147868.630853891,6,291.218750,2751.750
1785147868.630853891,14,292.875000,2790.750
1785147868.630853891,3,294.500000,2850.500
1785147868.630853891,15,296.125000,2918.500
1785147868.630853891,15,297.750000,2974.000
1785147868.630853891,8,299.484375,3031.750
1785147868.630853891,15,301.109375,3099.250
1785147868.630853891,6,302.750000,3170.750
1785147868.630853891,13,304.375000,3238.500
1785147868.630853891,15,330.734375,3120.000
1785147868.630853891,15,332.390625,3095.000
1785147868.630853891,15,334.046875,3056.750
1785147868.630853891,15,337.343750,3035.500
1785147868.630853891,15,338.953125,3072.500
1785147868.630853891,15,345.281250,7059.000
1785147868.630853891,15,346.968750,7082.250
1785147868.630853891,15,348.640625,7058.750
1785147868.746050119,15,350.281250,7063.500
1785147868.746050119,15,351.937500,7022.000
1785147868.746050119,15,353.593750,6965.250
1785147868.746050119,15,355.218750,6945.750
1785147868.746050119,15,356.875000,6950.250
1785147868.746050119,15,358.531250,6960.750
1785147868.746050119,15,0.171875,6973.000
1785147868.746050119,15,1.828125,7004.750
1785147868.746050119,15,3.468750,7057.500
1785147868.746050119,15,20.015625,677.250
1785147868.746050119,15,21.796875,666.750
1785147868.746050119,15,23.453125,664.750
1785147868.746050119,15,24.890625,676.750
1785147868.746050119,15,46.906250,107.750
1785147868.746050119,11,174.078125,10073.250
1785147868.746050119,12,177.359375,10154.000
1785147868.746050119,15,185.171875,1119.000
1785147868.746050119,15,186.750000,1109.000
1785147868.746050119,15,188.468750,1106.750
1785147868.746050119,15,190.046875,1105.500
1785147868.746050119,15,191.703125,1114.500
1785147868.746050119,11,193.312500,1131.000
1785147868.746050119,15,195.000000,1138.500
1785147868.746050119,10,208.812500,3834.750
1785147868.746050119,15,217.109375,3218.250
1785147868.746050119,15,220.390625,3038.750
1785147868.746050119,5,222.078125,2958.000
1785147868.746050119,15,223.718750,2888.250
1785147868.746050119,8,225.375000,2818.750
1785147868.746050119,15,227.000000,2752.750
1785147868.746050119,9,228.656250,2698.000
1785147868.746050119,10,230.296875,2648.750
1785147868.746050119,15,231.937500,2612.500
1785147868.746050119,9,233.625000,2573.250
1785147868.746050119,12,235.250000,2542.750
1785147868.746050119,15,236.890625,2514.250
1785147868.746050119,9,238.531250,2474.500
1785147868.746050119,11,240.218750,2448.750
1785147868.746050119,15,241.828125,2438.750
1785147868.746050119,15,243.484375,2429.000
1785147868.746050119,15,245.109375,2412.250
1785147868.746050119,7,246.781250,2393.500
1785147868.746050119,8,248.390625,2383.250
1785147868.746050119,7,250.046875,2373.750
1785147868.746050119,9,251.687500,2360.750
1785147868.746050119,7,253.296875,2352.000
1785147868.746050119,6,254.968750,2346.500
1785147868.746050119,7,256.593750,2342.000
1785147868.746050119,6,258.234375,2343.750
1785147868.746050119,6,259.890625,2348.750
1785147868.746050119,5,261.531250,2352.250
1785147868.746050119,5,263.171875,2353.750
1785147868.746050119,7,264.796875,2367.250
1785147868.746050119,15,266.406250,2387.500
1785147868.746050119,15,268.062500,2395.500
1785147868.746050119,15,269.718750,2404.500
1785147868.746050119,15,271.343750,2415.250
1785147868.746050119,15,272.953125,2421.500
1785147868.746050119,11,274.609375,2427.500
1785147868.746050119,6,276.171875,2435.000
1785147868.746050119,13,277.812500,2456.000
1785147868.746050119,15,279.421875,2478.250
1785147868.746050119,15,281.062500,2495.500
1785147868.746050119,11,282.687500,2520.250
1785147868.746050119,5,284.328125,2542.750
1785147868.746050119,15,285.953125,2576.250
1785147868.746050119,13,287.578125,2613.500
1785147868.746050119,8,289.218750,2642.500
1785147868.746050119,15,290.828125,2688.750
1785147868.746050119,12,292.453125,2731.000
1785147868.746050119,13,294.078125,2774.250
1785147868.746050119,9,295.687500,2841.000
1785147868.746050119,13,297.312500,2907.500
1785147868.746050119,15,299.062500,2959.500
1785147868.746050119,9,300.687500,3022.000
1785147868.746050119,15,302.343750,3090.000
1785147868.746050119,7,303.968750,3157.500
1785147868.746050119,12,305.593750,3235.250
1785147868.746050119,3,307.203125,3321.000
1785147868.746050119,15,332.000000,3141.000
1785147868.746050119,15,333.656250,3107.250
1785147868.746050119,15,335.328125,3068.250
1785147868.746050119,12,336.953125,3049.250
1785147868.746050119,15,338.609375,3035.750
1785147868.746050119,15,340.281250,3023.750
1785147868.746050119,15,346.546875,7150.250
1785147868.746050119,15,349.828125,7124.750
1785147868.857043028,15,351.484375,7067.000
1785147868.857043028,15,353.140625,7003.500
1785147868.857043028,15,354.781250,6957.750
1785147868.857043028,15,356.437500,6940.750
1785147868.857043028,15,359.718750,6968.750
1785147868.857043028,15,1.375000,6984.000
1785147868.857043028,15,3.000000,7012.500
1785147868.857043028,15,19.796875,669.750
1785147868.857043028,15,21.328125,657.250
1785147868.857043028,15,22.937500,658.250
1785147868.857043028,15,45.765625,108.250
1785147868.857043028,15,48.796875,106.000
1785147868.857043028,15,187.828125,1121.250
1785147868.857043028,15,189.531250,1104.750
1785147868.857043028,15,191.093750,1101.750
1785147868.857043028,15,192.718750,1110.750
1785147868.857043028,15,194.375000,1120.000
1785147868.857043028,15,197.609375,1131.750
1785147868.857043028,15,199.250000,1152.750
1785147868.857043028,12,209.890625,3728.500
1785147868.857043028,15,213.187500,3488.250
1785147868.857043028,14,218.171875,3191.500
1785147868.857043028,15,221.468750,3036.750
1785147868.857043028,7,223.125000,2962.000
1785147868.857043028,15,224.781250,2894.250
1785147868.857043028,15,226.437500,2833.000
1785147868.857043028,12,228.093750,2769.000
1785147868.857043028,14,229.781250,2718.500
1785147868.857043028,13,231.437500,2687.250
1785147868.857043028,14,233.062500,2659.250
1785147868.857043028,15,234.718750,2622.500
1785147868.857043028,8,236.343750,2584.500
1785147868.857043028,12,238.031250,2557.750
1785147868.857043028,15,239.640625,2539.250
1785147868.857043028,15,241.296875,2518.500
1785147868.857043028,15,242.937500,2498.000
1785147868.857043028,10,244.578125,2476.000
1785147868.857043028,9,246.234375,2458.000
1785147868.857043028,9,247.906250,2446.750
1785147868.857043028,11,249.546875,2442.000
1785147868.857043028,13,251.156250,2441.750
1785147868.857043028,12,252.781250,2445.000
1785147868.857043028,12,254.421875,2443.000
1785147868.857043028,15,256.046875,2430.500
1785147868.857043028,15,257.718750,2422.000
1785147868.857043028,15,259.359375,2420.250
1785147868.857043028,15,261.000000,2418.500
1785147868.857043028,15,262.625000,2420.750
1785147868.857043028,15,264.250000,2423.250
1785147868.857043028,15,265.890625,2424.500
1785147868.857043028,15,267.531250,2430.250
1785147868.857043028,15,269.203125,2430.000
1785147868.857043028,15,270.812500,2423.750
1785147868.857043028,15,272.453125,2423.750
1785147868.857043028,9,274.125000,2432.750
1785147868.857043028,6,275.656250,2447.500
1785147868.857043028,11,277.312500,2462.000
1785147868.857043028,15,278.937500,2480.750
1785147868.857043028,15,280.562500,2503.750
1785147868.857043028,9,282.187500,2528.250
1785147868.857043028,8,283.859375,2547.000
1785147868.857043028,14,285.468750,2570.250
1785147868.857043028,12,287.093750,2608.750
1785147868.857043028,15,288.718750,2653.000
1785147868.857043028,13,290.343750,2694.500
1785147868.857043028,7,292.000000,2740.500
1785147868.857043028,10,293.609375,2785.500
1785147868.857043028,11,295.234375,2837.000
1785147868.857043028,15,296.859375,2913.750
1785147868.857043028,15,298.593750,2984.250
1785147868.857043028,8,300.218750,3041.250
1785147868.857043028,15,301.859375,3104.750
1785147868.857043028,15,303.484375,3163.000
1785147868.857043028,15,305.125000,3226.250
1785147868.857043028,1,306.750000,3316.750
1785147868.857043028,15,324.765625,4758.000
1785147868.857043028,15,331.484375,3218.500
1785147868.857043028,15,333.156250,3160.750
1785147868.857043028,15,334.796875,3112.750
1785147868.857043028,15,339.750000,3080.250
1785147868.857043028,15,341.375000,3110.000
1785147868.857043028,15,347.640625,7139.250
1785147868.857043028,15,349.281250,7076.000
1785147868.968502045,15,350.937500,7048.000
1785147868.968502045,15,352.562500,7020.250
1785147868.968502045,15,354.218750,6980.500
1785147868.968502045,15,355.859375,6962.250
1785147868.968502045,15,357.484375,6976.000
1785147868.968502045,15,359.125000,7011.000
1785147868.968502045,15,0.781250,7003.500
1785147868.968502045,15,2.406250,6998.750
1785147868.968502045,15,17.359375,688.250
1785147868.968502045,15,20.890625,657.250
1785147868.968502045,15,22.359375,660.750
1785147868.968502045,15,46.562500,106.500
1785147868.968502045,15,188.875000,1148.750
1785147868.968502045,15,190.484375,1122.250
1785147868.968502045,15,192.109375,1113.000
1785147868.968502045,15,193.828125,1106.500
1785147868.968502045,15,195.468750,1107.500
1785147868.968502045,15,214.281250,3337.750
1785147868.968502045,9,215.953125,3252.750
1785147868.968502045,15,217.593750,3178.500
1785147868.968502045,9,219.234375,3099.000
1785147868.968502045,15,220.890625,3028.500
1785147868.968502045,15,224.187500,2877.000
1785147868.968502045,10,225.828125,2809.000
1785147868.968502045,15,227.484375,2752.000
1785147868.968502045,14,229.156250,2700.000
1785147868.968502045,14,230.796875,2653.750
1785147868.968502045,15,232.421875,2631.000
1785147868.968502045,8,234.093750,2597.750
1785147868.968502045,12,235.750000,2563.250
1785147868.968502045,15,237.375000,2531.750
1785147868.968502045,15,239.000000,2497.250
1785147868.968502045,10,240.656250,2466.250
1785147868.968502045,10,242.296875,2448.000
1785147868.968502045,11,243.953125,2439.250
1785147868.968502045,15,245.609375,2435.500
1785147868.968502045,15,247.250000,2430.750
1785147868.968502045,15,248.890625,2416.500
1785147868.968502045,15,250.546875,2404.000
1785147868.968502045,15,252.156250,2397.750
1785147868.968502045,15,253.781250,2396.250
1785147868.968502045,6,255.453125,2391.250
1785147868.968502045,15,257.093750,2387.750
1785147868.968502045,15,258.718750,2388.500
1785147868.968502045,15,260.343750,2389.250
1785147868.968502045,15,262.000000,2395.000
1785147868.968502045,15,263.640625,2402.250
1785147868.968502045,15,265.265625,2413.500
1785147868.968502045,15,266.906250,2420.000
1785147868.968502045,15,268.562500,2421.500
1785147868.968502045,10,270.171875,2430.500
1785147868.968502045,8,271.812500,2437.500
1785147868.968502045,8,273.453125,2443.250
1785147868.968502045,9,275.031250,2452.000
1785147868.968502045,15,276.703125,2471.500
1785147868.968502045,15,278.312500,2492.000
1785147868.968502045,13,279.953125,2508.250
1785147868.968502045,9,281.578125,2533.000
1785147868.968502045,15,283.203125,2559.500
1785147868.968502045,15,284.828125,2586.500
1785147868.968502045,9,286.484375,2629.250
1785147868.968502045,15,288.109375,2668.750
1785147868.968502045,15,289.718750,2705.000
1785147868.968502045,6,291.328125,2746.250
1785147868.968502045,15,292.968750,2792.500
1785147868.968502045,12,294.609375,2851.500
1785147868.968502045,13,296.203125,2921.750
1785147868.968502045,11,297.828125,2982.500
1785147868.968502045,15,299.609375,3028.000
1785147868.968502045,15,301.234375,3102.750
1785147868.968502045,15,302.890625,3170.500
1785147868.968502045,15,304.484375,3229.250
1785147868.968502045,15,330.828125,3244.500
1785147868.968502045,15,332.484375,3193.750
1785147868.968502045,15,334.156250,3163.250
1785147868.968502045,15,335.781250,3123.750
1785147868.968502045,14,339.078125,3078.750
1785147868.968502045,15,340.718750,3050.500
1785147868.968502045,15,347.000000,7180.750
1785147868.968502045,15,348.656250,7166.250
1785147869.083008051,15,350.312500,7122.000
1785147869.083008051,15,351.953125,7073.250
1785147869.083008051,15,353.593750,7015.750
1785147869.083008051,15,355.234375,6956.500
1785147869.083008051,15,356.875000,6951.750
1785147869.083008051,15,358.531250,6961.750
1785147869.083008051,15,0.171875,6973.500
1785147869.083008051,15,1.796875,7000.500
1785147869.083008051,15,20.125000,662.250
1785147869.083008051,15,46.468750,107.750
1785147869.083008051,15,189.968750,1145.000
1785147869.083008051,15,191.593750,1128.000
1785147869.083008051,15,193.281250,1114.000
1785147869.083008051,15,194.906250,1110.500
1785147869.083008051,15,196.593750,1113.000
1785147869.083008051,15,198.203125,1107.500
1785147869.083008051,15,199.796875,1121.250
1785147869.083008051,15,201.500000,1127.000
1785147869.083008051,14,213.718750,3290.500
1785147869.083008051,10,215.343750,3225.250
1785147869.083008051,15,217.000000,3147.750
1785147869.083008051,12,218.671875,3071.500
1785147869.083008051,15,220.312500,3010.500
1785147869.083008051,8,221.968750,2940.000
1785147869.083008051,15,223.625000,2865.750
1785147869.083008051,9,225.265625,2801.000
1785147869.083008051,15,226.906250,2749.250
1785147869.083008051,11,228.562500,2695.750
1785147869.083008051,15,230.171875,2647.500
1785147869.083008051,7,231.812500,2605.250
1785147869.083008051,11,233.484375,2565.000
1785147869.083008051,12,235.140625,2544.500
1785147869.083008051,9,236.781250,2506.750
1785147869.083008051,9,238.406250,2464.000
1785147869.083008051,12,240.078125,2448.250
1785147869.083008051,15,241.687500,2437.250
1785147869.083008051,15,243.375000,2412.500
1785147869.083008051,6,245.000000,2380.250
1785147869.083008051,11,246.625000,2361.000
1785147869.083008051,11,248.265625,2347.250
1785147869.083008051,11,249.937500,2337.250
1785147869.083008051,14,251.578125,2333.500
1785147869.083008051,10,253.218750,2333.000
1785147869.083008051,10,254.875000,2331.250
1785147869.083008051,15,256.515625,2325.000
1785147869.083008051,15,258.156250,2320.750
1785147869.083008051,15,259.765625,2319.500
1785147869.083008051,8,261.421875,2326.250
1785147869.083008051,7,263.031250,2333.000
1785147869.083008051,6,264.703125,2332.500
1785147869.083008051,6,266.343750,2341.500
1785147869.083008051,6,267.937500,2359.750
1785147869.083008051,15,269.609375,2380.250
1785147869.083008051,15,271.218750,2403.750
1785147869.083008051,15,272.843750,2419.500
1785147869.083008051,15,274.515625,2426.250
1785147869.083008051,10,276.140625,2434.750
1785147869.083008051,7,277.781250,2455.250
1785147869.083008051,15,279.390625,2477.250
1785147869.083008051,13,281.046875,2496.500
1785147869.083008051,6,282.656250,2522.750
1785147869.083008051,15,284.296875,2560.500
1785147869.083008051,11,285.937500,2596.500
1785147869.083008051,7,287.562500,2633.000
1785147869.083008051,15,289.203125,2675.500
1785147869.083008051,13,290.828125,2708.500
1785147869.083008051,15,292.468750,2757.250
1785147869.083008051,12,294.109375,2816.500
1785147869.083008051,11,295.718750,2880.750
1785147869.083008051,12,297.343750,2943.750
1785147869.083008051,13,299.093750,2996.250
1785147869.083008051,13,300.734375,3045.250
1785147869.083008051,15,302.390625,3114.750
1785147869.083008051,6,304.031250,3182.250
1785147869.083008051,12,305.656250,3236.500
1785147869.083008051,15,312.187500,3659.250
1785147869.083008051,15,325.234375,4779.500
1785147869.083008051,15,331.953125,3226.000
1785147869.083008051,15,333.609375,3205.750
1785147869.083008051,15,335.250000,3169.500
1785147869.083008051,15,336.890625,3171.250
1785147869.083008051,10,338.546875,3154.000
1785147869.083008051,15,340.187500,3158.500
1785147869.083008051,15,348.156250,7120.750
1785147869.083008051,15,349.796875,7149.250
1785147869.194092035,15,351.437500,7109.500
1785147869.194092035,15,353.109375,7087.000
1785147869.194092035,15,354.734375,7026.500
1785147869.194092035,15,356.375000,6971.500
1785147869.194092035,15,358.015625,6970.000
1785147869.194092035,15,359.671875,6987.500
1785147869.194092035,15,1.312500,6983.750
1785147869.194092035,15,21.406250,665.500
1785147869.194092035,15,22.984375,664.500
1785147869.194092035,15,24.546875,676.500
1785147869.194092035,15,45.546875,108.500
1785147869.194092035,15,48.437500,105.750
1785147869.194092035,15,192.625000,1141.500
1785147869.194092035,15,194.265625,1126.000
1785147869.194092035,15,195.890625,1116.250
1785147869.194092035,15,197.609375,1114.500
1785147869.194092035,15,199.156250,1120.250
1785147869.194092035,15,200.812500,1124.500
1785147869.194092035,15,202.484375,1125.750
1785147869.194092035,15,204.140625,1135.500
1785147869.194092035,15,205.734375,1154.000
1785147869.194092035,15,207.390625,1172.750
1785147869.194092035,15,216.437500,3163.000
1785147869.194092035,9,218.109375,3092.000
1785147869.194092035,15,219.765625,3017.000
1785147869.194092035,7,221.406250,2946.000
1785147869.194092035,15,223.062500,2871.750
1785147869.194092035,15,224.750000,2799.250
1785147869.194092035,15,226.375000,2739.000
1785147869.194092035,11,227.984375,2689.250
1785147869.194092035,15,229.625000,2639.750
1785147869.194092035,15,231.281250,2614.250
1785147869.194092035,13,232.921875,2583.250
1785147869.194092035,11,234.562500,2546.000
1785147869.194092035,15,236.203125,2522.500
1785147869.194092035,10,237.875000,2490.750
1785147869.194092035,12,239.484375,2464.750
1785147869.194092035,11,241.125000,2450.750
1785147869.194092035,15,242.796875,2430.750
1785147869.194092035,15,244.406250,2415.000
1785147869.194092035,6,246.046875,2404.250
1785147869.194092035,9,247.734375,2377.000
1785147869.194092035,9,249.375000,2357.250
1785147869.194092035,9,251.000000,2357.500
1785147869.194092035,8,252.609375,2359.000
1785147869.194092035,9,254.281250,2357.250
1785147869.194092035,8,255.937500,2351.750
1785147869.194092035,8,257.562500,2349.250
1785147869.194092035,7,259.187500,2343.500
1785147869.194092035,7,260.828125,2339.000
1785147869.194092035,8,262.437500,2345.000
1785147869.194092035,6,264.109375,2349.750
1785147869.194092035,7,265.734375,2354.000
1785147869.194092035,7,267.359375,2360.000
1785147869.194092035,15,269.000000,2379.500
1785147869.194092035,15,270.640625,2400.250
1785147869.194092035,15,272.265625,2413.500
1785147869.194092035,15,273.921875,2427.000
1785147869.194092035,9,275.515625,2432.750
1785147869.194092035,8,277.156250,2438.750
1785147869.194092035,15,278.812500,2466.500
1785147869.194092035,15,280.437500,2488.250
1785147869.194092035,14,282.078125,2503.250
1785147869.194092035,6,283.687500,2538.000
1785147869.194092035,15,285.343750,2566.750
1785147869.194092035,15,286.968750,2592.500
1785147869.194092035,7,288.609375,2624.000
1785147869.194092035,15,290.234375,2660.750
1785147869.194092035,15,291.843750,2710.250
1785147869.194092035,7,293.500000,2768.000
1785147869.194092035,15,295.109375,2833.750
1785147869.194092035,14,296.718750,2898.500
1785147869.194092035,12,298.343750,2957.000
1785147869.194092035,6,300.125000,3026.000
1785147869.194092035,15,301.765625,3087.500
1785147869.194092035,15,305.031250,3251.750
1785147869.194092035,15,326.218750,4836.250
1785147869.194092035,15,332.953125,3262.250
1785147869.194092035,15,334.609375,3204.750
1785147869.194092035,15,336.250000,3180.500
1785147869.194092035,15,337.906250,3135.750
1785147869.194092035,10,339.562500,3090.000
1785147869.194092035,15,341.203125,3073.250
1785147869.194092035,15,347.562500,7214.500
1785147869.194092035,15,349.203125,7168.000
1785147869.305620909,15,352.500000,7106.000
1785147869.305620909,15,354.140625,7065.250
1785147869.305620909,15,355.812500,7038.750
1785147869.305620909,15,357.453125,7017.500
1785147869.305620909,15,359.093750,6976.250
1785147869.305620909,15,23.937500,684.250
1785147869.305620909,15,25.593750,676.250
1785147869.305620909,15,27.203125,680.000
1785147869.305620909,15,47.218750,106.500
1785147869.305620909,15,195.359375,1136.750
1785147869.305620909,15,197.015625,1124.500
1785147869.305620909,15,198.625000,1114.500
1785147869.305620909,15,200.312500,1116.750
1785147869.305620909,15,201.875000,1128.500
1785147869.305620909,15,203.515625,1137.000
1785147869.305620909,15,205.046875,1145.000
1785147869.305620909,15,206.750000,1158.000
1785147869.305620909,15,215.796875,3126.500
1785147869.305620909,11,217.421875,3060.000
1785147869.305620909,15,219.062500,3012.750
1785147869.305620909,8,220.734375,2950.000
1785147869.305620909,15,222.359375,2885.000
1785147869.305620909,9,224.000000,2821.250
1785147869.305620909,15,225.656250,2764.250
1785147869.305620909,12,227.265625,2724.750
1785147869.305620909,15,228.921875,2675.000
1785147869.305620909,15,230.562500,2631.750
1785147869.305620909,10,232.203125,2601.750
1785147869.305620909,13,233.843750,2571.250
1785147869.305620909,10,235.484375,2549.250
1785147869.305620909,15,237.140625,2532.250
1785147869.305620909,8,238.750000,2497.250
1785147869.305620909,9,240.421875,2461.250
1785147869.305620909,11,242.046875,2444.000
1785147869.305620909,11,243.687500,2440.000
1785147869.305620909,15,245.343750,2429.750
1785147869.305620909,6,246.968750,2400.000
1785147869.305620909,11,248.609375,2375.000
1785147869.305620909,15,250.250000,2360.500
1785147869.305620909,11,251.937500,2355.750
1785147869.305620909,10,253.593750,2356.750
1785147869.305620909,10,255.218750,2354.250
1785147869.305620909,7,256.828125,2357.000
1785147869.305620909,10,258.500000,2354.250
1785147869.305620909,10,260.140625,2345.750
1785147869.305620909,9,261.781250,2350.000
1785147869.305620909,6,263.421875,2358.750
1785147869.305620909,6,265.046875,2361.250
1785147869.305620909,6,266.687500,2366.250
1785147869.305620909,15,268.296875,2383.000
1785147869.305620909,15,269.921875,2404.750
1785147869.305620909,15,271.562500,2421.750
1785147869.305620909,15,273.218750,2428.000
1785147869.305620909,9,274.859375,2432.500
1785147869.305620909,8,276.484375,2444.000
1785147869.305620909,15,278.109375,2461.250
1785147869.305620909,15,279.781250,2487.750
1785147869.305620909,13,281.437500,2505.250
1785147869.305620909,6,283.031250,2527.250
1785147869.305620909,14,284.671875,2559.500
1785147869.305620909,15,286.312500,2595.000
1785147869.305620909,8,287.953125,2632.000
1785147869.305620909,15,289.578125,2663.250
1785147869.305620909,10,291.203125,2704.250
1785147869.305620909,15,292.828125,2766.750
1785147869.305620909,14,294.453125,2834.250
1785147869.305620909,6,296.078125,2889.750
1785147869.305620909,15,297.687500,2951.750
1785147869.305620909,10,299.390625,3025.500
1785147869.305620909,15,301.062500,3098.000
1785147869.305620909,7,302.687500,3166.250
1785147869.305620909,13,304.296875,3236.000
1785147869.305620909,7,305.953125,3313.750
1785147869.305620909,14,307.578125,3410.000
1785147869.305620909,15,332.250000,3265.000
1785147869.305620909,15,333.906250,3238.000
1785147869.305620909,15,335.546875,3207.750
1785147869.305620909,15,337.218750,3193.000
1785147869.305620909,11,338.828125,3153.750
1785147869.305620909,15,340.484375,3136.250
1785147869.305620909,15,342.140625,3132.500
1785147869.305620909,15,348.500000,7211.500
1785147869.305620909,15,350.156250,7171.000
1785147869.417552948,15,351.796875,7147.000
1785147869.417552948,15,353.437500,7106.000
1785147869.417552948,15,355.093750,7037.500
1785147869.417552948,15,356.750000,7008.000
1785147869.417552948,15,358.390625,7004.750
1785147869.417552948,15,0.031250,6991.000
1785147869.417552948,15,1.671875,6961.000
1785147869.417552948,11,27.921875,763.250
1785147869.417552948,15,46.921875,108.000
1785147869.417552948,15,50.406250,102.250
1785147869.417552948,15,196.171875,1168.000
1785147869.417552948,15,197.812500,1142.000
1785147869.417552948,15,199.531250,1129.500
1785147869.417552948,15,201.187500,1121.750
1785147869.417552948,15,202.734375,1126.750
1785147869.417552948,15,204.328125,1137.250
1785147869.417552948,11,206.015625,1142.250
1785147869.417552948,9,207.609375,1157.750
1785147869.417552948,10,219.906250,3075.500
1785147869.417552948,15,221.562500,3005.750
1785147869.417552948,7,223.218750,2935.250
1785147869.417552948,15,224.890625,2869.500
1785147869.417552948,10,226.515625,2806.750
1785147869.417552948,15,228.171875,2749.500
1785147869.417552948,13,229.812500,2706.750
1785147869.417552948,15,231.437500,2664.500
1785147869.417552948,15,233.109375,2626.000
1785147869.417552948,9,234.781250,2590.000
1785147869.417552948,14,236.406250,2566.250
1785147869.417552948,9,238.046875,2554.000
1785147869.417552948,15,239.687500,2523.000
1785147869.417552948,9,241.343750,2484.500
1785147869.417552948,11,242.968750,2459.000
1785147869.417552948,11,244.593750,2445.250
1785147869.417552948,15,246.234375,2435.250
1785147869.417552948,15,247.875000,2425.000
1785147869.417552948,15,249.500000,2412.500
1785147869.417552948,15,251.203125,2400.500
1785147869.417552948,7,252.828125,2393.250
1785147869.417552948,8,254.453125,2385.000
1785147869.417552948,8,256.109375,2382.500
1785147869.417552948,6,257.750000,2384.250
1785147869.417552948,15,259.406250,2400.250
1785147869.417552948,15,261.046875,2404.000
1785147869.417552948,15,262.656250,2393.500
1785147869.417552948,15,264.312500,2395.250
1785147869.417552948,15,265.921875,2396.500
1785147869.417552948,15,267.562500,2403.750
1785147869.417552948,15,269.203125,2418.250
1785147869.417552948,15,270.843750,2423.250
1785147869.417552948,9,272.484375,2428.750
1785147869.417552948,8,274.140625,2438.250
1785147869.417552948,8,275.703125,2446.750
1785147869.417552948,6,277.343750,2451.250
1785147869.417552948,15,278.968750,2469.250
1785147869.417552948,14,280.578125,2501.250
1785147869.417552948,8,282.203125,2526.750
1785147869.417552948,5,283.859375,2547.250
1785147869.417552948,14,285.484375,2571.250
1785147869.417552948,11,287.093750,2608.250
1785147869.417552948,8,288.718750,2642.000
1785147869.417552948,13,290.359375,2682.250
1785147869.417552948,9,291.968750,2724.250
1785147869.417552948,14,293.609375,2768.250
1785147869.417552948,12,295.218750,2832.250
1785147869.417552948,12,296.843750,2897.500
1785147869.417552948,13,298.531250,2957.000
1785147869.417552948,9,300.187500,3025.500
1785147869.417552948,15,301.812500,3088.250
1785147869.417552948,15,303.437500,3142.000
1785147869.417552948,15,305.078125,3222.500
1785147869.417552948,15,328.062500,3468.250
1785147869.417552948,15,334.640625,3247.750
1785147869.417552948,15,336.296875,3213.500
1785147869.417552948,15,337.953125,3224.250
1785147869.417552948,15,341.250000,3225.750
1785147869.417552948,15,342.890625,3176.750
1785147869.417552948,15,349.203125,7211.750
1785147869.531215191,15,350.843750,7195.250
1785147869.531215191,15,352.468750,7164.750
1785147869.531215191,15,354.140625,7139.000
1785147869.531215191,15,355.781250,7079.500
1785147869.531215191,15,357.421875,7014.000
1785147869.531215191,15,359.062500,7008.000
1785147869.531215191,15,0.703125,7003.250
1785147869.531215191,15,46.078125,106.500
1785147869.531215191,15,199.890625,1148.500
1785147869.531215191,15,201.531250,1136.750
1785147869.531215191,15,203.187500,1132.500
1785147869.531215191,15,204.765625,1134.000
1785147869.531215191,15,206.390625,1137.750
1785147869.531215191,15,208.125000,1139.250
1785147869.531215191,15,209.687500,1146.500
1785147869.531215191,9,222.015625,2957.000
1785147869.531215191,15,223.656250,2885.250
1785147869.531215191,15,227.000000,2750.750
1785147869.531215191,15,228.625000,2713.500
1785147869.531215191,12,230.281250,2665.750
1785147869.531215191,15,231.906250,2626.500
1785147869.531215191,9,233.578125,2595.250
1785147869.531215191,15,235.218750,2567.500
1785147869.531215191,15,236.843750,2547.500
1785147869.531215191,15,238.500000,2524.000
1785147869.531215191,9,240.156250,2496.250
1785147869.531215191,10,241.765625,2456.250
1785147869.531215191,13,243.437500,2437.750
1785147869.531215191,15,245.031250,2435.750
1785147869.531215191,15,246.703125,2415.250
1785147869.531215191,10,248.359375,2386.750
1785147869.531215191,14,249.984375,2367.000
1785147869.531215191,11,251.671875,2357.250
1785147869.531215191,10,253.281250,2354.500
1785147869.531215191,9,254.921875,2350.000
1785147869.531215191,9,256.593750,2359.250
1785147869.531215191,9,258.203125,2368.250
1785147869.531215191,7,259.843750,2365.500
1785147869.531215191,6,261.468750,2369.500
1785147869.531215191,6,263.109375,2372.000
1785147869.531215191,5,264.750000,2376.000
1785147869.531215191,15,266.390625,2388.000
1785147869.531215191,15,268.031250,2397.000
1785147869.531215191,15,269.656250,2406.500
1785147869.531215191,15,271.312500,2416.250
1785147869.531215191,15,272.953125,2421.500
1785147869.531215191,8,274.562500,2428.500
1785147869.531215191,15,276.140625,2435.000
1785147869.531215191,7,277.734375,2444.500
1785147869.531215191,15,279.375000,2469.000
1785147869.531215191,15,281.015625,2498.750
1785147869.531215191,15,282.625000,2522.000
1785147869.531215191,7,284.250000,2543.250
1785147869.531215191,15,285.875000,2569.000
1785147869.531215191,15,287.500000,2606.250
1785147869.531215191,12,289.140625,2645.250
1785147869.531215191,15,290.765625,2680.750
1785147869.531215191,15,292.390625,2712.500
1785147869.531215191,12,294.015625,2758.500
1785147869.531215191,11,295.625000,2817.750
1785147869.531215191,4,297.250000,2876.500
1785147869.531215191,15,299.046875,2943.250
1785147869.531215191,8,300.640625,3008.500
1785147869.531215191,12,302.281250,3077.000
1785147869.531215191,15,303.906250,3144.500
1785147869.531215191,13,305.546875,3221.750
1785147869.531215191,15,307.187500,3303.750
1785147869.531215191,15,335.156250,3270.250
1785147869.531215191,15,336.796875,3225.000
1785147869.531215191,15,338.437500,3246.500
1785147869.531215191,15,341.765625,3119.750
1785147869.531215191,15,343.406250,3133.750
1785147869.531215191,15,349.671875,7239.000
1785147869.643858910,15,351.328125,7201.750
1785147869.643858910,15,352.953125,7169.500
1785147869.643858910,15,354.609375,7143.750
1785147869.643858910,15,356.265625,7115.250
1785147869.643858910,15,357.906250,7060.500
1785147869.643858910,15,359.531250,6974.750
1785147869.643858910,15,1.187500,6945.750
1785147869.643858910,15,47.671875,106.250
1785147869.643858910,15,201.859375,1161.750
1785147869.643858910,15,203.515625,1148.250
1785147869.643858910,15,205.140625,1141.500
1785147869.643858910,15,206.781250,1132.000
1785147869.643858910,11,208.390625,1139.000
1785147869.643858910,8,210.031250,1161.000
1785147869.643858910,14,213.250000,1184.500
1785147869.643858910,15,214.984375,1209.000
1785147869.643858910,15,224.062500,2891.250
1785147869.643858910,10,225.734375,2824.500
1785147869.643858910,15,227.359375,2765.750
1785147869.643858910,15,229.015625,2730.000
1785147869.643858910,9,230.656250,2693.000
1785147869.643858910,11,232.296875,2656.250
1785147869.643858910,15,233.968750,2611.750
1785147869.643858910,15,235.578125,2581.750
1785147869.643858910,13,237.234375,2576.000
1785147869.643858910,15,238.859375,2560.750
1785147869.643858910,13,240.484375,2546.000
1785147869.643858910,15,242.140625,2525.250
1785147869.643858910,9,243.765625,2491.750
1785147869.643858910,10,245.437500,2463.250
1785147869.643858910,11,247.062500,2449.500
1785147869.643858910,11,248.687500,2441.250
1785147869.643858910,15,250.328125,2431.500
1785147869.643858910,15,251.984375,2420.750
1785147869.643858910,15,253.609375,2415.500
1785147869.643858910,15,255.265625,2411.000
1785147869.643858910,15,256.906250,2410.000
1785147869.643858910,15,258.531250,2405.750
1785147869.643858910,15,260.171875,2403.750
1785147869.643858910,15,261.843750,2401.750
1785147869.643858910,15,263.421875,2400.500
1785147869.643858910,15,265.093750,2405.500
1785147869.643858910,15,266.718750,2409.250
1785147869.643858910,15,268.359375,2417.250
1785147869.643858910,15,270.015625,2421.250
1785147869.643858910,15,271.640625,2426.000
1785147869.643858910,6,273.265625,2430.500
1785147869.643858910,7,274.906250,2433.750
1785147869.643858910,11,276.515625,2442.750
1785147869.643858910,9,278.156250,2458.500
1785147869.643858910,15,279.781250,2474.750
1785147869.643858910,15,281.390625,2494.500
1785147869.643858910,8,283.046875,2527.000
1785147869.643858910,7,284.656250,2557.500
1785147869.643858910,12,286.265625,2589.250
1785147869.643858910,9,287.921875,2627.000
1785147869.643858910,15,289.531250,2663.500
1785147869.643858910,14,291.171875,2704.500
1785147869.643858910,8,292.796875,2754.000
1785147869.643858910,12,294.421875,2821.750
1785147869.643858910,5,296.046875,2889.750
1785147869.643858910,15,297.671875,2954.000
1785147869.643858910,5,299.437500,3026.250
1785147869.643858910,11,301.078125,3096.750
1785147869.643858910,7,302.687500,3166.000
1785147869.643858910,12,304.343750,3235.000
1785147869.643858910,2,305.968750,3314.750
1785147869.643858910,6,307.593750,3378.250
1785147869.643858910,15,333.968750,3339.750
1785147869.643858910,15,335.609375,3293.750
1785147869.643858910,15,337.281250,3245.500
1785147869.643858910,3,343.843750,3168.250
1785147869.643858910,15,348.468750,7248.500
1785147869.643858910,15,350.125000,7252.250
1785147869.754143953,15,351.765625,7198.000
1785147869.754143953,15,353.406250,7149.250
1785147869.754143953,15,355.046875,7142.250
1785147869.754143953,15,356.687500,7084.000
1785147869.754143953,15,358.328125,7046.500
1785147869.754143953,15,359.968750,7027.500
1785147869.754143953,15,1.609375,7004.500
1785147869.754143953,15,3.250000,7034.250
1785147869.754143953,15,46.953125,107.500
1785147869.754143953,15,204.328125,1172.750
1785147869.754143953,15,205.968750,1164.500
1785147869.754143953,15,207.687500,1155.750
1785147869.754143953,15,209.281250,1150.750
1785147869.754143953,15,210.875000,1157.250
1785147869.754143953,11,214.171875,1178.000
1785147869.754143953,15,215.812500,1199.500
1785147869.754143953,12,226.625000,2787.000
1785147869.754143953,9,228.234375,2726.500
1785147869.754143953,11,229.906250,2671.250
1785147869.754143953,15,231.546875,2648.250
1785147869.754143953,7,233.171875,2612.250
1785147869.754143953,14,234.812500,2566.750
1785147869.754143953,15,236.453125,2541.500
1785147869.754143953,15,238.109375,2523.250
1785147869.754143953,11,239.765625,2488.500
1785147869.754143953,11,241.421875,2452.750
1785147869.754143953,13,243.046875,2443.750
1785147869.754143953,15,244.687500,2432.750
1785147869.754143953,15,246.343750,2408.250
1785147869.754143953,10,248.000000,2385.750
1785147869.754143953,14,249.625000,2363.750
1785147869.754143953,8,251.250000,2346.500
1785147869.754143953,10,252.921875,2335.750
1785147869.754143953,8,254.546875,2335.750
1785147869.754143953,8,256.171875,2344.000
1785147869.754143953,8,257.843750,2354.000
1785147869.754143953,6,259.484375,2363.250
1785147869.754143953,7,261.093750,2362.500
1785147869.754143953,4,262.734375,2365.500
1785147869.754143953,5,264.390625,2372.750
1785147869.754143953,6,266.015625,2383.000
1785147869.754143953,15,267.640625,2394.000
1785147869.754143953,15,269.296875,2403.750
1785147869.754143953,15,270.937500,2417.000
1785147869.754143953,15,272.546875,2427.000
1785147869.754143953,15,274.203125,2435.000
1785147869.754143953,8,275.796875,2442.500
1785147869.754143953,8,277.437500,2442.500
1785147869.754143953,7,279.078125,2451.250
1785147869.754143953,15,280.687500,2479.500
1785147869.754143953,15,282.328125,2515.000
1785147869.754143953,15,283.984375,2534.250
1785147869.754143953,7,285.593750,2540.750
1785147869.754143953,15,287.250000,2570.000
1785147869.754143953,15,288.859375,2607.000
1785147869.754143953,9,290.484375,2637.250
1785147869.754143953,15,292.125000,2675.000
1785147869.754143953,14,293.765625,2722.750
1785147869.754143953,14,295.390625,2778.250
1785147869.754143953,11,296.984375,2831.250
1785147869.754143953,12,298.703125,2896.750
1785147869.754143953,15,300.359375,2966.000
1785147869.754143953,15,301.984375,3036.000
1785147869.754143953,15,303.625000,3122.500
1785147869.754143953,8,305.250000,3182.500
1785147869.754143953,11,313.421875,3663.250
1785147869.754143953,15,334.843750,3352.750
1785147869.754143953,15,336.500000,3288.000
1785147869.754143953,15,338.140625,3244.000
1785147869.754143953,10,339.796875,3200.750
1785147869.754143953,12,341.437500,3162.250
1785147869.754143953,15,343.093750,3156.500
1785147869.754143953,15,349.453125,7315.250
1785147869.869253874,15,351.078125,7239.000
1785147869.869253874,15,352.750000,7204.750
1785147869.869253874,15,354.375000,7187.000
1785147869.869253874,15,356.015625,7147.250
1785147869.869253874,15,357.671875,7096.500
1785147869.869253874,15,359.312500,7080.750
1785147869.869253874,15,0.984375,7037.500
1785147869.869253874,15,2.625000,6995.500
1785147869.869253874,15,47.890625,106.250
1785147869.869253874,10,206.984375,1182.750
1785147869.869253874,15,210.265625,1177.250
1785147869.869253874,15,211.984375,1165.500
1785147869.869253874,15,213.625000,1170.250
1785147869.869253874,15,215.187500,1180.750
1785147869.869253874,15,216.828125,1193.750
1785147869.869253874,15,218.437500,1213.500
1785147869.869253874,15,226.000000,2758.000
1785147869.869253874,8,227.562500,2714.250
1785147869.869253874,13,229.234375,2671.250
1785147869.869253874,15,230.875000,2632.250
1785147869.869253874,10,232.500000,2589.250
1785147869.869253874,15,234.171875,2544.250
1785147869.869253874,15,235.812500,2524.500
1785147869.869253874,15,237.453125,2522.500
1785147869.869253874,10,239.078125,2494.000
1785147869.869253874,8,240.718750,2463.000
1785147869.869253874,10,242.343750,2445.750
1785147869.869253874,15,244.000000,2419.750
1785147869.869253874,9,245.656250,2386.250
1785147869.869253874,10,247.265625,2362.750
1785147869.869253874,6,248.921875,2344.500
1785147869.869253874,15,250.593750,2326.000
1785147869.869253874,15,252.218750,2303.250
1785147869.869253874,15,253.843750,2295.000
1785147869.869253874,15,255.500000,2296.500
1785147869.869253874,15,257.109375,2293.250
1785147869.869253874,15,258.765625,2292.250
1785147869.869253874,15,260.390625,2294.250
1785147869.869253874,15,262.031250,2295.750
1785147869.869253874,15,263.671875,2300.250
1785147869.869253874,15,265.328125,2310.000
1785147869.869253874,15,266.953125,2317.750
1785147869.869253874,8,268.562500,2330.000
1785147869.869253874,6,270.218750,2348.500
1785147869.869253874,4,271.859375,2360.000
1785147869.869253874,15,273.484375,2382.500
1785147869.869253874,15,275.125000,2411.750
1785147869.869253874,8,276.750000,2429.750
1785147869.869253874,9,278.390625,2436.250
1785147869.869253874,7,280.015625,2457.500
1785147869.869253874,15,281.656250,2500.250
1785147869.869253874,6,283.296875,2539.750
1785147869.869253874,15,284.937500,2574.750
1785147869.869253874,8,286.531250,2610.500
1785147869.869253874,15,288.156250,2654.750
1785147869.869253874,12,289.828125,2703.250
1785147869.869253874,9,291.437500,2746.250
1785147869.869253874,14,293.078125,2795.750
1785147869.869253874,14,296.312500,2941.250
1785147869.869253874,12,297.953125,2984.500
1785147869.869253874,15,299.640625,3041.750
1785147869.869253874,10,301.281250,3113.500
1785147869.869253874,15,302.906250,3194.500
1785147869.869253874,15,304.546875,3268.250
1785147869.869253874,7,309.453125,3493.500
1785147869.869253874,15,332.515625,3443.250
1785147869.869253874,15,334.187500,3388.750
1785147869.869253874,15,335.812500,3339.500
1785147869.869253874,15,337.453125,3285.750
1785147869.869253874,15,339.109375,3291.000
1785147869.869253874,15,342.406250,3314.000
1785147869.869253874,15,348.671875,7347.000
1785147869.980815887,15,351.953125,7273.500
1785147869.980815887,15,353.593750,7226.000
1785147869.980815887,15,355.234375,7188.750
1785147869.980815887,15,356.890625,7118.750
1785147869.980815887,15,358.515625,7062.000
1785147869.980815887,15,0.156250,7058.750
1785147869.980815887,15,1.796875,7037.250
1785147869.980815887,15,3.453125,7006.250
1785147869.980815887,15,45.484375,107.750
1785147869.980815887,15,209.437500,1193.750
1785147869.980815887,15,212.718750,1190.250
1785147869.980815887,15,214.406250,1178.750
1785147869.980815887,15,216.062500,1183.500
1785147869.980815887,15,217.609375,1195.000
1785147869.980815887,15,219.296875,1213.000
1785147869.980815887,15,220.890625,1234.250
1785147869.980815887,11,230.062500,2692.500
1785147869.980815887,15,231.718750,2644.500
1785147869.980815887,15,233.390625,2604.750
1785147869.980815887,15,235.046875,2556.250
1785147869.980815887,13,236.671875,2537.000
1785147869.980815887,15,238.296875,2519.750
1785147869.980815887,9,239.937500,2488.500
1785147869.980815887,12,241.593750,2459.250
1785147869.980815887,15,243.234375,2438.250
1785147869.980815887,15,244.875000,2425.500
1785147869.980815887,15,246.531250,2405.250
1785147869.980815887,13,248.156250,2378.500
1785147869.980815887,5,249.796875,2356.250
1785147869.980815887,9,251.421875,2342.250
1785147869.980815887,9,253.093750,2333.750
1785147869.980815887,14,254.750000,2327.500
1785147869.980815887,12,256.343750,2321.750
1785147869.980815887,8,258.015625,2315.250
1785147869.980815887,7,259.640625,2323.250
1785147869.980815887,15,261.296875,2331.750
1785147869.980815887,14,262.906250,2327.250
1785147869.980815887,5,264.546875,2335.250
1785147869.980815887,4,266.187500,2349.000
1785147869.980815887,6,267.843750,2359.500
1785147869.980815887,4,269.484375,2358.500
1785147869.980815887,6,271.093750,2354.250
1785147869.980815887,5,272.734375,2365.750
1785147869.980815887,15,274.359375,2382.500
1785147869.980815887,14,275.953125,2395.250
1785147869.980815887,15,277.562500,2408.000
1785147869.980815887,15,279.203125,2419.250
1785147869.980815887,8,280.828125,2432.250
1785147869.980815887,6,282.468750,2459.250
1785147869.980815887,15,284.062500,2492.000
1785147869.980815887,15,285.703125,2525.500
1785147869.980815887,10,287.328125,2544.750
1785147869.980815887,15,288.984375,2565.500
1785147869.980815887,11,290.593750,2605.250
1785147869.980815887,7,292.234375,2640.750
1785147869.980815887,15,293.843750,2679.500
1785147869.980815887,13,295.484375,2719.500
1785147869.980815887,14,297.093750,2771.500
1785147869.980815887,10,298.828125,2839.750
1785147869.980815887,15,300.453125,2910.750
1785147869.980815887,11,302.062500,2981.000
1785147869.980815887,15,303.734375,3059.500
1785147869.980815887,11,305.343750,3136.000
1785147869.980815887,13,306.953125,3204.500
1785147869.980815887,8,311.875000,3446.000
1785147869.980815887,8,315.109375,3670.000
1785147869.980815887,15,334.921875,3417.750
1785147869.980815887,15,336.578125,3340.750
1785147869.980815887,15,338.218750,3294.500
1785147869.980815887,15,344.796875,3212.500
1785147869.980815887,15,349.468750,7323.000
1785147870.092592239,12,351.109375,7207.500
1785147870.092592239,15,352.750000,7171.250
1785147870.092592239,15,354.406250,7194.250
1785147870.092592239,15,356.046875,7155.000
1785147870.092592239,15,357.687500,7107.000
1785147870.092592239,15,359.343750,7086.250
1785147870.092592239,15,0.984375,7078.000
1785147870.092592239,15,2.640625,7039.500
1785147870.092592239,15,46.906250,106.250
1785147870.092592239,15,211.765625,1210.000
1785147870.092592239,15,215.031250,1210.250
1785147870.092592239,15,216.765625,1201.250
1785147870.092592239,15,218.328125,1203.500
1785147870.092592239,15,220.015625,1211.500
1785147870.092592239,15,221.640625,1231.500
1785147870.092592239,15,223.156250,1257.500
1785147870.092592239,15,230.828125,2633.500
1785147870.092592239,10,232.484375,2586.500
1785147870.092592239,13,234.125000,2549.750
1785147870.092592239,15,235.765625,2516.250
1785147870.092592239,9,237.390625,2477.000
1785147870.092592239,9,239.046875,2450.000
1785147870.092592239,10,240.656250,2443.750
1785147870.092592239,15,242.343750,2429.750
1785147870.092592239,7,243.984375,2390.250
1785147870.092592239,8,245.609375,2355.000
1785147870.092592239,9,247.281250,2332.250
1785147870.092592239,15,248.937500,2311.000
1785147870.092592239,15,250.546875,2295.500
1785147870.092592239,15,252.218750,2291.750
1785147870.092592239,15,253.875000,2293.250
1785147870.092592239,15,255.500000,2294.500
1785147870.092592239,15,257.171875,2291.750
1785147870.092592239,15,258.796875,2292.500
1785147870.092592239,15,260.421875,2296.500
1785147870.092592239,15,262.062500,2298.000
1785147870.092592239,15,263.718750,2307.750
1785147870.092592239,12,265.359375,2314.500
1785147870.092592239,15,267.015625,2316.250
1785147870.092592239,7,268.609375,2329.750
1785147870.092592239,15,270.250000,2345.500
1785147870.092592239,7,271.890625,2356.500
1785147870.092592239,7,273.562500,2354.750
1785147870.092592239,5,275.109375,2354.250
1785147870.092592239,15,276.796875,2367.250
1785147870.092592239,15,278.406250,2387.500
1785147870.092592239,15,280.046875,2406.000
1785147870.092592239,10,281.671875,2426.750
1785147870.092592239,7,283.281250,2449.500
1785147870.092592239,15,284.921875,2473.250
1785147870.092592239,13,286.531250,2505.250
1785147870.092592239,7,288.218750,2535.500
1785147870.092592239,15,289.812500,2572.250
1785147870.092592239,10,291.468750,2612.500
1785147870.092592239,15,293.093750,2655.250
1785147870.092592239,13,294.734375,2694.500
1785147870.092592239,7,296.328125,2738.500
1785147870.092592239,15,297.968750,2802.750
1785147870.092592239,6,299.687500,2874.000
1785147870.092592239,14,301.328125,2945.250
1785147870.092592239,11,306.203125,3218.750
1785147870.092592239,15,307.843750,3289.000
1785147870.092592239,11,309.484375,3380.000
1785147870.092592239,9,311.125000,3461.250
1785147870.092592239,15,337.468750,3352.250
1785147870.092592239,15,339.125000,3299.750
1785147870.092592239,13,340.765625,3253.500
1785147870.092592239,15,344.078125,3218.000
1785147870.207061052,15,350.375000,7332.500
1785147870.207061052,15,352.031250,7318.500
1785147870.207061052,15,353.671875,7252.250
1785147870.207061052,15,356.968750,7192.000
1785147870.207061052,15,358.609375,7150.250
1785147870.207061052,15,0.250000,7104.000
1785147870.207061052,15,1.890625,7041.750
1785147870.207061052,15,3.546875,7022.000
1785147870.207061052,7,10.078125,8897.750
1785147870.207061052,15,46.671875,107.500
1785147870.207061052,15,212.750000,1223.500
1785147870.207061052,15,214.453125,1224.750
1785147870.207061052,15,217.718750,1228.500
1785147870.207061052,15,219.343750,1226.750
1785147870.207061052,15,220.953125,1230.250
1785147870.207061052,15,222.562500,1235.250
1785147870.207061052,15,224.203125,1257.500
1785147870.207061052,9,233.484375,2596.500
1785147870.207061052,13,235.109375,2556.750
1785147870.207061052,15,236.796875,2522.750
1785147870.207061052,15,238.406250,2503.500
1785147870.207061052,10,240.062500,2485.250
1785147870.207061052,13,241.718750,2457.000
1785147870.207061052,15,243.343750,2440.750
1785147870.207061052,7,244.984375,2411.250
1785147870.207061052,6,246.625000,2375.500
1785147870.207061052,8,248.250000,2349.750
1785147870.207061052,15,249.890625,2329.250
1785147870.207061052,15,251.625000,2314.500
1785147870.207061052,15,253.281250,2296.000
1785147870.207061052,15,254.921875,2289.250
1785147870.207061052,15,256.578125,2288.000
1785147870.207061052,15,258.218750,2283.750
1785147870.207061052,15,259.859375,2289.250
1785147870.207061052,15,261.515625,2295.250
1785147870.207061052,15,263.140625,2293.000
1785147870.207061052,15,264.812500,2286.000
1785147870.207061052,15,266.406250,2290.500
1785147870.207061052,15,268.046875,2307.500
1785147870.207061052,10,269.703125,2319.750
1785147870.207061052,7,271.343750,2332.000
1785147870.207061052,7,273.000000,2341.000
1785147870.207061052,4,274.625000,2348.500
1785147870.207061052,4,276.156250,2354.750
1785147870.207061052,15,277.781250,2368.750
1785147870.207061052,15,279.437500,2391.250
1785147870.207061052,15,281.062500,2399.250
1785147870.207061052,10,282.718750,2419.000
1785147870.207061052,7,284.328125,2450.500
1785147870.207061052,15,285.968750,2478.250
1785147870.207061052,15,287.593750,2507.500
1785147870.207061052,9,289.250000,2533.250
1785147870.207061052,15,290.859375,2563.250
1785147870.207061052,11,292.500000,2599.500
1785147870.207061052,8,294.109375,2641.750
1785147870.207061052,15,295.750000,2680.000
1785147870.207061052,15,297.390625,2712.750
1785147870.207061052,12,299.109375,2758.250
1785147870.207061052,14,300.734375,2828.000
1785147870.207061052,14,303.984375,2988.500
1785147870.207061052,15,305.609375,3060.000
1785147870.207061052,12,307.265625,3140.250
1785147870.207061052,8,308.890625,3194.750
1785147870.207061052,8,313.796875,3488.500
1785147870.207061052,15,336.890625,3384.000
1785147870.207061052,15,338.531250,3346.250
1785147870.207061052,15,340.171875,3349.500
1785147870.207061052,15,343.468750,3331.000
1785147870.207061052,15,345.125000,3256.250
1785147870.317708969,15,351.421875,7354.500
1785147870.317708969,15,353.078125,7262.000
1785147870.317708969,15,354.718750,7243.750
1785147870.317708969,15,356.359375,7216.250
1785147870.317708969,15,358.000000,7175.750
1785147870.317708969,15,359.640625,7140.750
1785147870.317708969,15,1.296875,7088.750
1785147870.317708969,15,2.937500,7046.000
1785147870.317708969,15,44.937500,108.750
1785147870.317708969,15,47.890625,106.000
1785147870.317708969,15,157.421875,2063.500
1785147870.317708969,15,215.281250,1230.000
1785147870.317708969,15,216.906250,1237.750
1785147870.317708969,8,220.187500,1252.750
1785147870.317708969,15,221.796875,1255.000
1785147870.317708969,15,223.546875,1252.250
1785147870.317708969,15,225.078125,1261.000
1785147870.317708969,15,226.750000,1288.500
1785147870.317708969,12,234.421875,2565.750
1785147870.317708969,12,236.046875,2541.750
1785147870.317708969,13,237.718750,2502.750
1785147870.317708969,13,239.359375,2465.500
1785147870.317708969,14,240.984375,2450.750
1785147870.317708969,14,242.656250,2444.500
1785147870.317708969,15,244.296875,2439.750
1785147870.317708969,15,245.953125,2410.500
1785147870.317708969,10,247.593750,2365.250
1785147870.317708969,11,249.218750,2335.750
1785147870.317708969,15,250.843750,2317.000
1785147870.317708969,15,252.500000,2308.750
1785147870.317708969,15,254.171875,2305.250
1785147870.317708969,15,255.781250,2301.250
1785147870.317708969,15,257.437500,2302.250
1785147870.317708969,15,259.078125,2304.000
1785147870.317708969,15,260.703125,2316.000
1785147870.317708969,15,262.359375,2328.500
1785147870.317708969,15,264.000000,2331.750
1785147870.317708969,15,265.609375,2329.000
1785147870.317708969,7,267.265625,2331.000
1785147870.317708969,9,268.906250,2335.000
1785147870.317708969,9,270.562500,2344.750
1785147870.317708969,15,272.171875,2370.000
1785147870.317708969,15,273.796875,2386.750
1785147870.317708969,15,275.421875,2399.000
1785147870.317708969,15,277.046875,2412.750
1785147870.317708969,15,278.671875,2418.250
1785147870.317708969,15,280.343750,2422.000
1785147870.317708969,11,281.937500,2431.750
1785147870.317708969,15,283.578125,2454.500
1785147870.317708969,14,285.203125,2490.250
1785147870.317708969,6,286.843750,2526.500
1785147870.317708969,5,288.453125,2554.750
1785147870.317708969,13,290.093750,2582.250
1785147870.317708969,8,291.718750,2620.500
1785147870.317708969,15,293.375000,2664.500
1785147870.317708969,15,294.984375,2697.750
1785147870.317708969,8,296.593750,2735.000
1785147870.317708969,11,298.265625,2790.000
1785147870.317708969,5,300.000000,2859.000
1785147870.317708969,15,301.656250,2939.500
1785147870.317708969,12,303.281250,3026.000
1785147870.317708969,15,304.906250,3109.500
1785147870.317708969,11,306.546875,3193.750
1785147870.317708969,10,308.203125,3257.250
1785147870.317708969,15,336.218750,3445.500
1785147870.317708969,15,337.875000,3384.250
1785147870.317708969,15,339.546875,3341.500
1785147870.317708969,10,341.171875,3293.500
1785147870.317708969,7,342.828125,3243.500
1785147870.317708969,15,344.500000,3218.750
1785147870.317708969,15,349.187500,7522.750
1785147870.429736853,9,350.812500,7475.250
1785147870.429736853,15,352.484375,7371.750
1785147870.429736853,15,354.125000,7258.750
1785147870.429736853,15,355.765625,7227.500
1785147870.429736853,15,357.421875,7203.250
1785147870.429736853,15,359.078125,7175.750
1785147870.429736853,15,0.734375,7150.250
1785147870.429736853,15,2.375000,7079.500
1785147870.429736853,15,4.015625,7034.000
1785147870.429736853,9,8.921875,8905.250
1785147870.429736853,15,47.187500,107.000
1785147870.429736853,15,51.812500,101.000
1785147870.429736853,13,195.984375,5104.000
1785147870.429736853,15,221.421875,1244.750
1785147870.429736853,15,224.687500,1258.250
1785147870.429736853,15,226.343750,1268.000
1785147870.429736853,15,227.906250,1291.500
1785147870.429736853,15,237.265625,2458.500
1785147870.429736853,15,238.921875,2430.000
1785147870.429736853,15,240.562500,2415.500
1785147870.429736853,8,242.187500,2395.000
1785147870.429736853,11,243.859375,2361.500
1785147870.429736853,11,245.468750,2335.250
1785147870.429736853,15,247.140625,2308.500
1785147870.429736853,15,248.781250,2283.250
1785147870.429736853,15,250.390625,2269.000
1785147870.429736853,15,252.046875,2260.250
1785147870.429736853,15,253.687500,2256.500
1785147870.429736853,15,255.312500,2255.750
1785147870.429736853,15,256.953125,2255.750
1785147870.429736853,15,258.578125,2256.750
1785147870.429736853,15,260.218750,2260.750
1785147870.429736853,15,261.890625,2265.250
1785147870.429736853,15,263.500000,2266.500
1785147870.429736853,15,265.140625,2266.750
1785147870.429736853,15,266.796875,2267.500
1785147870.429736853,15,268.421875,2268.250
1785147870.429736853,15,270.046875,2280.750
1785147870.429736853,15,271.671875,2303.000
1785147870.429736853,10,273.328125,2323.000
1785147870.429736853,8,274.921875,2336.250
1785147870.429736853,6,276.593750,2345.750
1785147870.429736853,8,278.218750,2358.500
1785147870.429736853,15,279.859375,2380.250
1785147870.429736853,15,281.453125,2406.750
1785147870.429736853,15,283.078125,2418.750
1785147870.429736853,7,284.718750,2437.250
1785147870.429736853,15,286.359375,2480.500
1785147870.429736853,8,288.000000,2524.250
1785147870.429736853,15,289.609375,2556.750
1785147870.429736853,13,291.250000,2592.250
1785147870.429736853,7,292.859375,2630.250
1785147870.429736853,12,294.484375,2674.500
1785147870.429736853,7,296.140625,2706.000
1785147870.429736853,12,299.500000,2836.500
1785147870.429736853,15,301.125000,2917.250
1785147870.429736853,6,302.781250,2998.000
1785147870.429736853,15,304.406250,3082.500
1785147870.429736853,12,306.015625,3180.750
1785147870.429736853,12,307.656250,3256.250
1785147870.429736853,9,310.906250,3445.250
1785147870.429736853,15,332.281250,3665.000
1785147870.429736853,15,337.265625,3415.250
1785147870.429736853,15,338.921875,3384.250
1785147870.429736853,15,340.562500,3349.500
1785147870.429736853,13,342.187500,3298.500
1785147870.429736853,15,343.828125,3305.250
1785147870.429736853,15,345.500000,3302.500
1785147870.540093899,15,351.843750,7392.500
1785147870.540093899,15,355.109375,7187.500
1785147870.540093899,15,356.765625,7230.750
1785147870.540093899,15,358.406250,7198.500
1785147870.540093899,15,0.062500,7164.500
1785147870.540093899,15,1.718750,7085.500
1785147870.540093899,15,3.343750,7035.250
1785147870.540093899,15,5.000000,7051.000
1785147870.540093899,15,46.093750,107.500
1785147870.540093899,15,158.156250,1878.500
1785147870.540093899,10,197.015625,5099.500
1785147870.540093899,15,219.265625,1263.250
1785147870.540093899,15,227.453125,1293.250
1785147870.540093899,15,229.031250,1299.500
1785147870.540093899,15,230.640625,1329.750
1785147870.540093899,14,238.390625,2479.500
1785147870.540093899,15,240.046875,2443.000
1785147870.540093899,15,241.671875,2427.750
1785147870.540093899,15,243.312500,2409.000
1785147870.540093899,9,244.968750,2372.500
1785147870.540093899,9,246.625000,2339.500
1785147870.540093899,15,248.265625,2319.750
1785147870.540093899,15,249.937500,2295.250
1785147870.540093899,15,251.515625,2271.000
1785147870.540093899,15,253.171875,2258.250
1785147870.540093899,15,254.812500,2254.000
1785147870.540093899,13,256.468750,2251.500
1785147870.540093899,10,258.093750,2246.750
1785147870.540093899,12,259.718750,2245.750
1785147870.540093899,9,261.359375,2247.000
1785147870.540093899,15,262.984375,2251.000
1785147870.540093899,15,264.625000,2255.750
1785147870.540093899,14,266.250000,2256.250
1785147870.540093899,15,267.921875,2257.750
1785147870.540093899,15,269.546875,2260.750
1785147870.540093899,15,271.156250,2269.500
1785147870.540093899,15,272.796875,2286.000
1785147870.540093899,15,274.453125,2306.500
1785147870.540093899,8,276.062500,2326.250
1785147870.540093899,6,277.718750,2343.000
1785147870.540093899,5,279.328125,2358.000
1785147870.540093899,9,280.984375,2371.250
1785147870.540093899,15,282.609375,2392.000
1785147870.540093899,14,284.203125,2417.500
1785147870.540093899,7,285.843750,2443.750
1785147870.540093899,15,287.484375,2476.750
1785147870.540093899,14,289.125000,2505.750
1785147870.540093899,6,290.750000,2535.000
1785147870.540093899,15,292.375000,2568.250
1785147870.540093899,10,294.000000,2603.500
1785147870.540093899,10,295.625000,2643.250
1785147870.540093899,14,297.265625,2678.750
1785147870.540093899,9,299.031250,2711.750
1785147870.540093899,9,300.671875,2769.500
1785147870.540093899,15,305.562500,2992.000
1785147870.540093899,14,307.203125,3070.750
1785147870.540093899,7,308.828125,3157.250
1785147870.540093899,13,310.468750,3234.250
1785147870.540093899,7,312.093750,3321.250
1785147870.540093899,15,338.390625,3421.750
1785147870.540093899,15,340.031250,3381.750
1785147870.654953957,15,351.281250,7498.250
1785147870.654953957,15,352.937500,7388.000
1785147870.654953957,15,354.578125,7303.250
1785147870.654953957,15,356.218750,7263.500
1785147870.654953957,15,359.500000,7221.000
1785147870.654953957,15,1.140625,7172.750
1785147870.654953957,15,2.796875,7096.750
1785147870.654953957,15,4.421875,7054.250
1785147870.654953957,15,45.078125,109.000
1785147870.654953957,15,48.578125,106.250
1785147870.654953957,15,157.375000,1773.750
1785147870.654953957,15,221.687500,1279.500
1785147870.654953957,12,223.312500,1293.000
1785147870.654953957,15,225.000000,1299.500
1785147870.654953957,15,228.250000,1297.500
1785147870.654953957,15,229.890625,1310.750
1785147870.654953957,15,239.203125,2445.500
1785147870.654953957,15,240.828125,2435.000
1785147870.654953957,15,242.484375,2411.000
1785147870.654953957,13,244.156250,2380.750
1785147870.654953957,5,245.765625,2365.750
1785147870.654953957,6,247.406250,2354.750
1785147870.654953957,7,249.062500,2340.500
1785147870.654953957,8,250.718750,2325.500
1785147870.654953957,15,252.359375,2304.750
1785147870.654953957,15,253.984375,2296.750
1785147870.654953957,15,255.640625,2297.000
1785147870.654953957,15,257.250000,2299.500
1785147870.654953957,15,258.906250,2309.250
1785147870.654953957,10,260.531250,2321.250
1785147870.654953957,10,262.203125,2331.500
1785147870.654953957,9,263.843750,2337.500
1785147870.654953957,8,265.437500,2343.750
1785147870.654953957,5,267.109375,2352.500
1785147870.654953957,10,268.750000,2347.250
1785147870.654953957,15,270.375000,2355.250
1785147870.654953957,6,272.031250,2376.750
1785147870.654953957,15,273.656250,2387.750
1785147870.654953957,15,275.265625,2409.000
1785147870.654953957,15,276.906250,2424.000
1785147870.654953957,15,278.546875,2427.500
1785147870.654953957,14,280.203125,2428.500
1785147870.654953957,9,281.812500,2434.500
1785147870.654953957,8,283.468750,2454.250
1785147870.654953957,15,285.093750,2486.000
1785147870.654953957,14,286.718750,2523.000
1785147870.654953957,6,288.375000,2552.500
1785147870.654953957,15,289.984375,2582.750
1785147870.654953957,13,291.593750,2618.000
1785147870.654953957,15,293.250000,2660.250
1785147870.654953957,12,294.875000,2695.000
1785147870.654953957,11,298.125000,2813.250
1785147870.654953957,15,301.531250,2951.500
1785147870.654953957,6,303.156250,3008.750
1785147870.654953957,10,304.765625,3081.000
1785147870.654953957,10,314.593750,3631.250
1785147870.654953957,15,332.703125,3648.500
1785147870.654953957,15,339.328125,3421.500
1785147870.654953957,15,340.984375,3368.500
1785147870.654953957,15,345.906250,3315.000
1785147870.766893148,15,353.890625,7308.500
1785147870.766893148,15,355.546875,7306.750
1785147870.766893148,15,357.187500,7273.500
1785147870.766893148,15,358.828125,7231.000
1785147870.766893148,15,0.484375,7188.750
1785147870.766893148,15,2.125000,7114.750
1785147870.766893148,15,3.781250,7053.000
1785147870.766893148,15,46.234375,107.500
1785147870.766893148,15,51.437500,102.000
1785147870.766893148,15,224.437500,1302.500
1785147870.766893148,13,227.656250,1322.500
1785147870.766893148,15,230.921875,1334.750
1785147870.766893148,15,232.515625,1362.000
1785147870.766893148,15,234.093750,1393.250
1785147870.766893148,10,241.921875,2326.750
1785147870.766893148,15,243.562500,2306.000
1785147870.766893148,15,245.203125,2287.250
1785147870.766893148,15,246.812500,2270.250
1785147870.766893148,14,248.468750,2256.000
1785147870.766893148,10,250.109375,2242.500
1785147870.766893148,10,251.734375,2226.250
1785147870.766893148,7,264.890625,2221.250
1785147870.766893148,11,266.500000,2231.500
1785147870.766893148,8,268.140625,2242.250
1785147870.766893148,9,269.781250,2245.250
1785147870.766893148,14,271.406250,2250.000
1785147870.766893148,15,273.031250,2257.250
1785147870.766893148,15,274.718750,2262.500
1785147870.766893148,15,276.312500,2277.750
1785147870.766893148,15,277.984375,2294.750
1785147870.766893148,15,279.625000,2307.250
1785147870.766893148,10,281.250000,2325.250
1785147870.766893148,5,282.859375,2345.000
1785147870.766893148,4,284.500000,2362.750
1785147870.766893148,15,286.156250,2390.250
1785147870.766893148,13,287.765625,2420.250
1785147870.766893148,8,289.390625,2442.750
1785147870.766893148,15,291.015625,2478.750
1785147870.766893148,6,292.687500,2523.000
1785147870.766893148,15,294.281250,2565.500
1785147870.766893148,12,295.937500,2611.500
1785147870.766893148,15,297.562500,2657.500
1785147870.766893148,12,299.265625,2693.500
1785147870.766893148,10,300.875000,2746.750
1785147870.766893148,10,302.531250,2824.250
1785147870.766893148,4,305.765625,3004.000
1785147870.766893148,15,307.421875,3091.250
1785147870.766893148,11,309.062500,3176.750
1785147870.766893148,15,310.687500,3243.500
1785147870.766893148,15,313.921875,3479.500
1785147870.766893148,15,333.640625,3849.750
1785147870.766893148,15,336.968750,3536.750
1785147870.766893148,15,338.609375,3469.500
1785147870.766893148,15,340.265625,3411.750
1785147870.766893148,15,341.890625,3412.250
1785147870.766893148,15,345.234375,3270.500
1785147870.766893148,15,346.859375,3286.500
1785147870.877403975,15,353.203125,7537.000
1785147870.877403975,15,354.843750,7410.750
1785147870.877403975,15,356.484375,7308.250
1785147870.877403975,15,358.140625,7276.750
1785147870.877403975,15,359.781250,7227.750
1785147870.877403975,15,1.421875,7179.000
1785147870.877403975,15,3.078125,7106.500
1785147870.877403975,15,4.718750,7068.500
1785147870.877403975,15,45.171875,108.250
1785147870.877403975,15,48.609375,106.000
1785147870.877403975,15,157.921875,1590.000
1785147870.877403975,15,225.265625,1322.750
1785147870.877403975,15,226.906250,1322.500
1785147870.877403975,15,228.515625,1333.750
1785147870.877403975,15,231.765625,1347.250
1785147870.877403975,15,233.421875,1371.750
1785147870.877403975,15,235.000000,1391.500
1785147870.877403975,15,242.781250,2309.250
1785147870.877403975,15,244.390625,2292.750
1785147870.877403975,15,246.062500,2274.000
1785147870.877403975,15,247.687500,2257.750
1785147870.877403975,15,249.312500,2250.500
1785147870.877403975,10,251.062500,2237.500
1785147870.877403975,13,274.031250,2240.000
1785147870.877403975,12,275.640625,2252.750
1785147870.877403975,15,277.250000,2265.250
1785147870.877403975,15,278.859375,2285.750
1785147870.877403975,15,280.500000,2305.500
1785147870.877403975,6,282.125000,2327.500
1785147870.877403975,15,283.781250,2359.750
1785147870.877403975,15,285.406250,2401.750
1785147870.877403975,15,287.046875,2424.500
1785147870.877403975,7,288.656250,2443.500
1785147870.877403975,15,290.296875,2486.750
1785147870.877403975,6,291.906250,2528.000
1785147870.877403975,13,293.546875,2567.500
1785147870.877403975,7,295.187500,2617.500
1785147870.877403975,15,296.812500,2664.250
1785147870.877403975,15,298.437500,2707.500
1785147870.877403975,7,300.140625,2750.000
1785147870.877403975,13,301.734375,2804.750
1785147870.877403975,10,304.984375,2976.000
1785147870.877403975,15,309.875000,3243.500
1785147870.877403975,15,334.515625,3643.250
1785147870.877403975,15,339.468750,3484.000
1785147870.877403975,15,341.125000,3417.000
1785147870.993309975,15,352.437500,7576.000
1785147870.993309975,15,354.078125,7459.000
1785147870.993309975,8,355.734375,7327.000
1785147870.993309975,15,357.375000,7271.750
1785147870.993309975,15,359.031250,7235.750
1785147870.993309975,15,0.671875,7181.000
1785147870.993309975,15,2.328125,7158.500
1785147870.993309975,15,3.984375,7112.750
1785147870.993309975,15,46.765625,107.000
1785147870.993309975,15,158.750000,1518.250
1785147870.993309975,10,224.406250,1439.500
1785147870.993309975,15,227.765625,1335.750
1785147870.993309975,15,232.671875,1348.750
1785147870.993309975,15,234.250000,1370.500
1785147870.993309975,15,235.875000,1393.750
1785147870.993309975,15,237.515625,1428.750
1785147870.993309975,15,243.671875,2301.750
1785147870.993309975,15,245.312500,2285.500
1785147870.993309975,15,246.968750,2269.500
1785147870.993309975,14,248.609375,2256.750
1785147870.993309975,15,250.250000,2250.250
1785147870.993309975,10,251.906250,2233.750
1785147870.993309975,9,274.781250,2233.750
1785147870.993309975,15,276.406250,2252.750
1785147870.993309975,15,278.031250,2266.500
1785147870.993309975,15,279.671875,2285.500
1785147870.993309975,13,281.281250,2305.750
1785147870.993309975,5,282.937500,2333.750
1785147870.993309975,15,284.546875,2366.000
1785147870.993309975,15,286.187500,2392.500
1785147870.993309975,14,287.796875,2412.250
1785147870.993309975,7,289.421875,2435.000
1785147870.993309975,15,291.093750,2464.000
1785147870.993309975,11,292.703125,2498.000
1785147870.993309975,5,294.312500,2538.500
1785147870.993309975,13,295.953125,2582.500
1785147870.993309975,7,297.593750,2627.500
1785147870.993309975,15,299.343750,2676.250
1785147870.993309975,12,300.984375,2715.750
1785147870.993309975,15,302.609375,2759.500
1785147870.993309975,10,304.234375,2833.500
1785147870.993309975,14,309.125000,3113.000
1785147870.993309975,5,312.375000,3312.250
1785147870.993309975,9,317.265625,3652.000
1785147870.993309975,15,340.390625,3486.000
1785147870.993309975,15,342.046875,3417.000
1785147870.993309975,0,345.343750,3372.750
1785147870.993309975,15,346.968750,3338.750
1785147871.103770018,15,353.328125,7551.500
1785147871.103770018,15,354.968750,7427.250
1785147871.103770018,8,356.609375,7348.500
1785147871.103770018,15,358.250000,7293.500
1785147871.103770018,15,1.546875,7240.750
1785147871.103770018,15,3.203125,7179.250
1785147871.103770018,15,4.859375,7110.500
1785147871.103770018,15,45.343750,107.750
1785147871.103770018,15,48.437500,105.750
1785147871.103770018,15,158.140625,1464.750
1785147871.103770018,15,159.812500,1472.250
1785147871.103770018,15,161.437500,1508.000
1785147871.103770018,15,233.640625,1366.750
1785147871.103770018,15,235.296875,1382.000
1785147871.103770018,15,236.906250,1401.750
1785147871.103770018,15,238.578125,1434.250
1785147871.103770018,15,244.765625,2276.750
1785147871.103770018,15,246.375000,2263.500
1785147871.103770018,15,248.000000,2254.250
1785147871.103770018,14,249.687500,2251.750
1785147871.103770018,10,251.296875,2243.750
1785147871.103770018,9,252.968750,2226.750
1785147871.103770018,9,274.250000,2231.500
1785147871.103770018,10,275.812500,2246.000
1785147871.103770018,15,277.453125,2252.750
1785147871.103770018,15,279.109375,2263.000
1785147871.103770018,15,280.703125,2281.250
1785147871.103770018,15,282.359375,2298.000
1785147871.103770018,3,283.968750,2323.750
1785147871.103770018,5,285.609375,2353.000
1785147871.103770018,15,287.218750,2389.500
1785147871.103770018,15,288.875000,2423.250
1785147871.103770018,6,290.500000,2438.750
1785147871.103770018,15,292.109375,2477.000
1785147871.103770018,6,293.750000,2522.750
1785147871.103770018,15,295.359375,2560.750
1785147871.103770018,8,296.984375,2610.750
1785147871.103770018,13,298.718750,2666.750
1785147871.103770018,11,300.343750,2712.750
1785147871.103770018,15,301.984375,2761.750
1785147871.103770018,12,303.625000,2826.250
1785147871.103770018,6,306.875000,3004.000
1785147871.103770018,15,310.125000,3195.000
1785147871.103770018,15,316.625000,3600.500
1785147871.103770018,15,334.828125,3671.750
1785147871.103770018,9,336.484375,3661.750
1785147871.103770018,15,338.140625,3573.000
1785147871.103770018,15,339.781250,3514.500
1785147871.103770018,15,341.453125,3463.750
1785147871.103770018,15,343.093750,3455.250
1785147871.103770018,15,348.000000,3335.250
1785147871.215567827,15,354.328125,7592.500
1785147871.215567827,15,355.984375,7460.500
1785147871.215567827,15,357.640625,7340.250
1785147871.215567827,15,359.281250,7293.250
1785147871.215567827,15,0.906250,7267.000
1785147871.215567827,15,2.562500,7224.500
1785147871.215567827,15,4.203125,7172.750
1785147871.215567827,15,48.000000,106.750
1785147871.215567827,15,159.234375,1451.500
1785147871.215567827,15,160.875000,1441.750
1785147871.215567827,15,162.468750,1466.250
1785147871.215567827,15,231.453125,1377.000
1785147871.215567827,15,234.781250,1381.500
1785147871.215567827,15,236.437500,1396.750
1785147871.215567827,15,237.984375,1418.750
1785147871.215567827,15,239.625000,1448.000
1785147871.215567827,15,245.859375,2274.750
1785147871.215567827,15,247.468750,2261.000
1785147871.215567827,15,249.156250,2255.250
1785147871.215567827,13,250.718750,2253.250
1785147871.215567827,7,252.359375,2248.250
1785147871.215567827,12,254.015625,2240.250
1785147871.215567827,11,255.656250,2231.500
1785147871.215567827,10,257.250000,2226.750
1785147871.215567827,8,267.078125,2229.000
1785147871.215567827,11,268.734375,2235.250
1785147871.215567827,11,270.359375,2240.750
1785147871.215567827,12,272.000000,2246.750
1785147871.215567827,11,273.609375,2249.750
1785147871.215567827,15,275.234375,2251.750
1785147871.215567827,15,276.859375,2257.500
1785147871.215567827,15,278.484375,2262.000
1785147871.215567827,14,280.140625,2266.250
1785147871.215567827,15,281.750000,2275.750
1785147871.215567827,15,283.375000,2290.750
1785147871.215567827,14,284.984375,2309.000
1785147871.215567827,3,286.609375,2336.250
1785147871.215567827,5,288.250000,2357.750
1785147871.215567827,14,289.859375,2387.250
1785147871.215567827,7,291.484375,2423.750
1785147871.215567827,15,293.125000,2453.250
1785147871.215567827,10,294.765625,2494.250
1785147871.215567827,15,296.390625,2544.750
1785147871.215567827,13,298.000000,2600.750
1785147871.215567827,14,299.781250,2655.750
1785147871.215567827,11,301.406250,2703.750
1785147871.215567827,11,303.046875,2758.000
1785147871.215567827,13,304.656250,2832.000
1785147871.215567827,13,309.546875,3085.750
1785147871.215567827,8,317.687500,3618.750
1785147871.215567827,15,340.718750,3533.500
1785147871.215567827,15,342.343750,3471.250
1785147871.326682806,15,353.515625,7663.250
1785147871.326682806,12,355.140625,7535.750
1785147871.326682806,15,356.796875,7420.250
1785147871.326682806,15,358.437500,7332.000
1785147871.326682806,15,0.062500,7285.000
1785147871.326682806,15,1.703125,7245.750
1785147871.326682806,15,3.343750,7178.250
1785147871.326682806,15,4.984375,7143.000
1785147871.326682806,15,46.218750,107.500
1785147871.326682806,15,158.156250,1475.000
1785147871.326682806,15,159.828125,1453.250
1785147871.326682806,15,161.437500,1432.750
1785147871.326682806,15,163.109375,1428.500
1785147871.326682806,15,164.734375,1456.500
1785147871.326682806,15,216.625000,3199.250
1785147871.326682806,10,233.546875,1409.250
1785147871.326682806,15,236.828125,1420.250
1785147871.326682806,15,238.453125,1431.250
1785147871.326682806,15,240.109375,1452.250
1785147871.326682806,15,246.265625,2290.250
1785147871.326682806,15,247.921875,2277.250
1785147871.326682806,15,249.531250,2268.000
1785147871.326682806,15,251.171875,2258.000
1785147871.326682806,15,252.796875,2255.000
1785147871.326682806,15,254.437500,2252.500
1785147871.326682806,15,256.109375,2246.250
1785147871.326682806,13,257.718750,2238.250
1785147871.326682806,12,259.375000,2235.500
1785147871.326682806,9,261.015625,2233.750
1785147871.326682806,14,262.671875,2232.750
1785147871.326682806,9,264.265625,2235.750
1785147871.326682806,8,265.937500,2235.750
1785147871.326682806,13,267.546875,2236.250
1785147871.326682806,11,269.203125,2238.750
1785147871.326682806,9,270.812500,2242.750
1785147871.326682806,13,272.437500,2248.500
1785147871.326682806,12,274.109375,2251.750
1785147871.326682806,15,275.796875,2251.250
1785147871.326682806,15,277.437500,2254.500
1785147871.326682806,15,279.078125,2265.000
1785147871.326682806,15,280.703125,2282.000
1785147871.326682806,13,282.343750,2299.250
1785147871.326682806,5,283.968750,2324.750
1785147871.326682806,15,285.609375,2354.250
1785147871.326682806,12,287.218750,2390.750
1785147871.326682806,7,288.875000,2424.000
1785147871.326682806,15,290.484375,2442.250
1785147871.326682806,15,292.109375,2479.000
1785147871.326682806,12,293.750000,2534.500
1785147871.326682806,14,295.390625,2574.500
1785147871.326682806,8,297.015625,2614.500
1785147871.326682806,14,298.687500,2673.750
1785147871.326682806,6,300.343750,2732.750
1785147871.326682806,13,301.984375,2790.500
1785147871.326682806,11,303.593750,2841.750
1785147871.326682806,9,306.859375,3006.750
1785147871.326682806,13,310.125000,3197.500
1785147871.326682806,8,315.015625,3515.250
1785147871.326682806,13,316.640625,3617.000
1785147871.326682806,15,336.359375,3694.500
1785147871.326682806,15,341.312500,3536.250
1785147871.326682806,15,342.968750,3467.750
1785147871.326682806,15,347.875000,3391.500
1785147872.676449060,15,354.203125,7640.000
1785147872.676449060,12,355.843750,7519.000
1785147872.676449060,15,357.484375,7392.500
1785147872.676449060,15,359.140625,7346.750
1785147872.676449060,15,0.765625,7285.250
1785147872.676449060,15,2.421875,7237.500
1785147872.676449060,15,4.062500,7213.000
1785147872.676449060,15,47.250000,106.750
1785147872.676449060,15,158.906250,1447.000
1785147872.676449060,15,160.546875,1418.500
1785147872.676449060,15,162.218750,1401.000
1785147872.676449060,15,165.484375,1404.000
1785147872.676449060,15,166.359375,1354.000
1785147872.676449060,15,168.046875,1332.000
1785147872.676449060,15,169.640625,1320.500
1785147872.676449060,12,171.312500,1322.000
1785147872.676449060,8,213.171875,3626.500
1785147872.676449060,11,223.093750,3072.250
1785147872.676449060,15,224.750000,3004.250
1785147872.676449060,9,226.390625,2928.000
1785147872.676449060,15,243.265625,1523.000
1785147872.676449060,15,244.968750,1531.000
1785147872.676449060,15,252.796875,2302.500
1785147872.676449060,15,254.500000,2281.000
1785147872.676449060,15,256.125000,2260.250
1785147872.676449060,15,257.781250,2249.250
1785147872.676449060,12,259.437500,2251.000
1785147872.676449060,15,261.046875,2247.250
1785147872.676449060,13,262.687500,2240.000
1785147872.676449060,9,264.312500,2236.000
1785147872.676449060,10,265.984375,2235.500
1785147872.676449060,9,267.593750,2235.250
1785147872.676449060,10,269.234375,2236.750
1785147872.676449060,8,274.156250,2239.000
1785147872.676449060,14,278.968750,2247.250
1785147872.676449060,13,280.640625,2254.000
1785147872.676449060,15,282.250000,2256.500
1785147872.676449060,15,283.906250,2260.000
1785147872.676449060,15,285.515625,2270.750
1785147872.676449060,15,287.156250,2288.500
1785147872.676449060,12,288.781250,2303.250
1785147872.676449060,6,290.437500,2323.500
1785147872.676449060,7,292.046875,2343.750
1785147872.676449060,15,293.656250,2369.500
1785147872.676449060,14,295.296875,2400.000
1785147872.676449060,7,296.921875,2426.000
1785147872.676449060,12,298.718750,2464.500
1785147872.676449060,15,300.359375,2507.250
1785147872.676449060,14,301.968750,2546.500
1785147872.676449060,13,303.593750,2598.000
1785147872.676449060,14,305.250000,2660.000
1785147872.676449060,9,306.875000,2719.000
1785147872.676449060,12,308.500000,2789.500
1785147872.676449060,8,311.734375,3006.000
1785147872.676449060,11,313.390625,3100.750
1785147872.676449060,15,338.031250,3909.500
1785147872.676449060,15,343.000000,3625.750
1785147872.676449060,15,344.656250,3561.500
1785147872.787797928,15,355.921875,7767.000
1785147872.787797928,15,357.562500,7654.250
1785147872.787797928,7,359.203125,7537.000
1785147872.787797928,15,2.500000,7398.750
1785147872.787797928,15,4.140625,7281.750
1785147872.787797928,15,5.781250,7227.750
1785147872.787797928,15,47.609375,107.250
1785147872.787797928,15,50.703125,101.500
1785147872.787797928,15,166.953125,1345.250
1785147872.787797928,15,168.640625,1328.500
1785147872.787797928,15,170.265625,1324.000
1785147872.787797928,15,171.875000,1326.750
1785147872.787797928,5,217.140625,3224.250
1785147872.787797928,15,220.437500,3054.000
1785147872.787797928,15,223.734375,2885.250
1785147872.787797928,10,227.093750,2728.500
1785147872.787797928,15,233.687500,2523.000
1785147872.787797928,15,235.328125,2470.250
1785147872.787797928,14,243.578125,2259.000
1785147872.787797928,9,245.218750,2237.500
1785147872.787797928,8,281.125000,2230.000
1785147872.787797928,15,282.765625,2245.750
1785147872.787797928,15,284.421875,2257.750
1785147872.787797928,15,286.031250,2269.750
1785147872.787797928,11,287.687500,2275.500
1785147872.787797928,13,289.312500,2293.750
1785147872.787797928,3,290.906250,2334.250
1785147872.787797928,15,292.546875,2369.000
1785147872.787797928,15,294.187500,2401.500
1785147872.787797928,13,295.812500,2440.750
1785147872.787797928,15,297.437500,2484.250
1785147872.787797928,7,299.187500,2533.750
1785147872.787797928,12,300.796875,2585.000
1785147872.787797928,12,302.406250,2644.250
1785147872.787797928,15,304.031250,2710.750
1785147872.787797928,11,305.703125,2779.000
1785147872.787797928,7,307.312500,2862.750
1785147872.787797928,13,308.937500,2954.750
1785147872.787797928,10,318.718750,3645.250
1785147872.787797928,15,341.687500,3675.000
1785147872.787797928,15,343.343750,3609.250
1785147872.787797928,15,344.984375,3534.500
1785147872.787797928,15,349.906250,3403.750
1785147872.898396015,15,356.234375,7731.500
1785147872.898396015,15,357.875000,7637.500
1785147872.898396015,15,359.515625,7511.250
1785147872.898396015,15,2.796875,7352.500
1785147872.898396015,15,6.078125,7226.250
1785147872.898396015,15,7.718750,7164.500
1785147872.898396015,15,45.796875,108.500
1785147872.898396015,15,48.125000,106.000
1785147872.898396015,15,167.515625,1344.750
1785147872.898396015,15,169.171875,1321.750
1785147872.898396015,15,170.859375,1309.500
1785147872.898396015,11,199.546875,5123.250
1785147872.898396015,14,221.078125,3224.500
1785147872.898396015,15,222.734375,3144.750
1785147872.898396015,10,224.375000,3070.750
1785147872.898396015,15,226.031250,3006.750
1785147872.898396015,8,227.609375,2940.500
1785147872.898396015,15,242.765625,1581.250
1785147872.898396015,15,244.468750,1564.000
1785147872.898396015,15,246.062500,1582.000
1785147872.898396015,15,253.953125,2407.750
1785147872.898396015,7,255.578125,2389.500
1785147872.898396015,6,257.218750,2368.500
1785147872.898396015,6,258.875000,2355.250
1785147872.898396015,9,260.515625,2343.500
1785147872.898396015,11,262.156250,2334.000
1785147872.898396015,9,263.765625,2337.000
1785147872.898396015,11,265.421875,2333.250
1785147872.898396015,9,267.062500,2325.750
1785147872.898396015,11,268.687500,2325.750
1785147872.898396015,8,270.312500,2333.250
1785147872.898396015,8,271.968750,2338.750
1785147872.898396015,7,273.593750,2339.750
1785147872.898396015,6,275.281250,2345.250
1785147872.898396015,5,276.906250,2356.750
1785147872.898396015,15,278.531250,2373.500
1785147872.898396015,15,280.171875,2392.750
1785147872.898396015,15,281.796875,2411.500
1785147872.898396015,8,283.437500,2428.500
1785147872.898396015,8,285.093750,2437.750
1785147872.898396015,7,286.718750,2447.750
1785147872.898396015,15,288.359375,2468.000
1785147872.898396015,15,289.984375,2495.250
1785147872.898396015,6,291.625000,2523.750
1785147872.898396015,6,293.250000,2544.500
1785147872.898396015,13,294.875000,2586.750
1785147872.898396015,12,296.515625,2649.000
1785147872.898396015,11,298.140625,2690.250
1785147872.898396015,7,299.859375,2734.250
1785147872.898396015,10,301.500000,2788.250
1785147872.898396015,4,303.125000,2852.500
1785147872.898396015,12,309.671875,3114.500
1785147872.898396015,12,317.812500,3620.250
1785147872.898396015,15,337.562500,3875.000
1785147872.898396015,15,340.859375,3727.500
1785147872.898396015,15,342.531250,3676.250
1785147872.898396015,15,344.171875,3600.750
1785147873.013252020,15,355.421875,7763.750
1785147873.013252020,15,357.062500,7688.750
1785147873.013252020,15,2.000000,7364.000
1785147873.013252020,15,3.656250,7288.500
1785147873.013252020,15,5.312500,7257.000
1785147873.013252020,15,6.937500,7227.500
1785147873.013252020,15,47.156250,107.500
1785147873.013252020,15,168.453125,1346.750
1785147873.013252020,15,170.046875,1319.250
1785147873.013252020,15,171.750000,1303.500
1785147873.013252020,15,173.343750,1308.250
1785147873.013252020,15,220.343750,3224.250
1785147873.013252020,15,222.015625,3136.250
1785147873.013252020,12,223.656250,3064.500
1785147873.013252020,15,225.296875,3010.000
1785147873.013252020,8,226.921875,2939.000
1785147873.013252020,15,228.562500,2862.000
1785147873.013252020,14,235.156250,2669.250
1785147873.013252020,15,236.796875,2634.500
1785147873.013252020,8,254.937500,2350.000
1785147873.013252020,6,256.578125,2339.250
1785147873.013252020,7,258.234375,2333.250
1785147873.013252020,8,259.859375,2327.500
1785147873.013252020,11,261.484375,2326.750
1785147873.013252020,15,263.156250,2320.500
1785147873.013252020,15,264.750000,2313.000
1785147873.013252020,15,266.406250,2311.750
1785147873.013252020,15,268.046875,2313.750
1785147873.013252020,15,269.703125,2322.750
1785147873.013252020,10,271.343750,2326.000
1785147873.013252020,9,272.968750,2330.000
1785147873.013252020,9,274.640625,2344.250
1785147873.013252020,15,276.265625,2364.000
1785147873.013252020,6,277.890625,2379.250
1785147873.013252020,15,279.531250,2396.750
1785147873.013252020,15,281.156250,2418.750
1785147873.013252020,10,282.812500,2433.750
1785147873.013252020,9,284.421875,2446.750
1785147873.013252020,15,286.078125,2466.000
1785147873.013252020,15,287.703125,2496.750
1785147873.013252020,7,289.328125,2525.750
1785147873.013252020,6,290.984375,2545.750
1785147873.013252020,11,292.593750,2577.500
1785147873.013252020,7,294.218750,2622.250
1785147873.013252020,15,295.875000,2668.000
1785147873.013252020,14,297.468750,2711.500
1785147873.013252020,12,299.203125,2762.250
1785147873.013252020,11,300.828125,2808.750
1785147873.013252020,4,302.484375,2864.250
1785147873.013252020,15,304.125000,2933.000
1785147873.013252020,11,305.765625,2978.750
1785147873.013252020,11,307.375000,3043.000
1785147873.013252020,9,309.015625,3114.250
1785147873.013252020,15,320.437500,3867.250
1785147873.013252020,15,343.578125,3642.500
1785147873.013252020,15,345.218750,3582.250
1785147873.013252020,15,350.156250,3425.000
1785147873.124862909,15,356.515625,7793.750
1785147873.124862909,15,358.156250,7681.500
1785147873.124862909,15,359.812500,7569.250
1785147873.124862909,15,3.109375,7402.500
1785147873.124862909,15,4.750000,7275.250
1785147873.124862909,15,6.390625,7234.250
1785147873.124862909,9,8.046875,7188.750
1785147873.124862909,15,46.265625,108.500
1785147873.124862909,15,48.843750,106.000
1785147873.124862909,15,169.796875,1338.500
1785147873.124862909,15,171.437500,1310.250
1785147873.124862909,15,173.078125,1291.750
1785147873.124862909,15,174.734375,1288.000
1785147873.124862909,15,176.375000,1297.250
1785147873.124862909,8,201.781250,5126.500
1785147873.124862909,8,214.937500,3637.500
1785147873.124862909,14,221.546875,3228.000
1785147873.124862909,11,224.843750,3058.500
1785147873.124862909,15,226.515625,2992.000
1785147873.124862909,12,228.187500,2915.750
1785147873.124862909,11,229.828125,2843.000
1785147873.124862909,15,236.406250,2623.250
1785147873.124862909,12,238.093750,2570.000
1785147873.124862909,11,241.656250,1741.500
1785147873.124862909,7,247.921875,2366.250
1785147873.124862909,10,254.562500,2336.250
1785147873.124862909,12,256.187500,2318.500
1785147873.124862909,15,257.828125,2312.500
1785147873.124862909,15,259.484375,2302.000
1785147873.124862909,15,261.125000,2302.750
1785147873.124862909,15,262.750000,2307.750
1785147873.124862909,11,264.406250,2308.750
1785147873.124862909,15,266.031250,2307.250
1785147873.124862909,13,267.687500,2314.750
1785147873.124862909,10,269.328125,2323.750
1785147873.124862909,15,270.968750,2328.250
1785147873.124862909,10,272.578125,2333.250
1785147873.124862909,8,274.218750,2348.500
1785147873.124862909,7,275.828125,2367.500
1785147873.124862909,15,277.468750,2392.500
1785147873.124862909,15,279.078125,2416.500
1785147873.124862909,15,280.718750,2427.500
1785147873.124862909,9,282.343750,2435.250
1785147873.124862909,6,284.000000,2443.750
1785147873.124862909,6,285.640625,2456.000
1785147873.124862909,15,287.250000,2478.750
1785147873.124862909,13,288.875000,2501.250
1785147873.124862909,6,290.531250,2522.500
1785147873.124862909,14,292.171875,2552.500
1785147873.124862909,15,293.781250,2567.250
1785147873.124862909,7,295.421875,2605.500
1785147873.124862909,13,297.062500,2666.000
1785147873.124862909,13,298.781250,2703.000
1785147873.124862909,4,303.671875,2858.750
1785147873.124862909,7,310.203125,3158.250
1785147873.124862909,7,318.359375,3727.750
1785147873.124862909,15,338.109375,3919.750
1785147873.124862909,15,343.015625,3693.750
1785147873.124862909,15,344.703125,3612.500
1785147873.235424042,15,356.078125,7837.500
1785147873.235424042,15,357.734375,7729.500
1785147873.235424042,15,359.375000,7609.000
1785147873.235424042,15,1.046875,7472.250
1785147873.235424042,15,2.687500,7414.750
1785147873.235424042,15,4.328125,7339.250
1785147873.235424042,15,5.984375,7248.750
1785147873.235424042,15,7.640625,7213.000
1785147873.235424042,15,9.281250,7183.750
1785147873.235424042,15,48.125000,106.250
1785147873.235424042,15,171.015625,1341.750
1785147873.235424042,15,172.625000,1309.500
1785147873.235424042,15,174.359375,1288.500
1785147873.235424042,15,175.921875,1278.500
1785147873.235424042,15,224.484375,3161.750
1785147873.235424042,12,226.109375,3091.500
1785147873.235424042,15,227.750000,3030.250
1785147873.235424042,8,229.406250,2965.750
1785147873.235424042,15,231.046875,2893.250
1785147873.235424042,8,232.718750,2840.000
1785147873.235424042,11,237.640625,2682.750
1785147873.235424042,15,239.296875,2640.500
1785147873.235424042,9,249.171875,2441.000
1785147873.235424042,15,255.781250,2423.250
1785147873.235424042,8,257.468750,2392.500
1785147873.235424042,7,259.078125,2371.000
1785147873.235424042,8,260.718750,2347.250
1785147873.235424042,8,262.406250,2332.250
1785147873.235424042,11,264.015625,2334.000
1785147873.235424042,10,265.687500,2329.750
1785147873.235424042,10,267.312500,2330.500
1785147873.235424042,13,268.953125,2332.000
1785147873.235424042,15,270.578125,2328.750
1785147873.235424042,10,272.234375,2330.750
1785147873.235424042,7,273.859375,2337.250
1785147873.235424042,9,275.437500,2343.750
1785147873.235424042,9,277.078125,2348.500
1785147873.235424042,5,278.703125,2364.250
1785147873.235424042,15,280.312500,2390.750
1785147873.235424042,15,281.953125,2411.000
1785147873.235424042,15,283.609375,2422.500
1785147873.235424042,8,285.218750,2434.750
1785147873.235424042,6,286.828125,2449.000
1785147873.235424042,15,288.500000,2467.250
1785147873.235424042,15,290.109375,2492.250
1785147873.235424042,13,291.765625,2511.500
1785147873.235424042,10,293.359375,2538.250
1785147873.235424042,14,295.015625,2564.750
1785147873.235424042,7,296.640625,2606.250
1785147873.235424042,15,298.234375,2664.000
1785147873.235424042,12,300.015625,2706.250
1785147873.235424042,8,301.625000,2764.250
1785147873.235424042,11,303.250000,2812.750
1785147873.235424042,11,306.531250,2945.000
1785147873.235424042,5,308.171875,3004.250
1785147873.235424042,13,309.796875,3091.000
1785147873.235424042,12,311.406250,3186.750
1785147873.235424042,15,317.937500,3650.500
1785147873.235424042,15,344.312500,3674.250
1785147873.235424042,15,345.968750,3631.000
1785147873.349882126,15,350.906250,3454.500
1785147873.349882126,15,357.265625,7790.000
1785147873.349882126,15,358.921875,7696.000
1785147873.349882126,15,0.562500,7565.000
1785147873.349882126,15,2.218750,7452.750
1785147873.349882126,15,3.859375,7399.750
1785147873.349882126,15,5.500000,7315.250
1785147873.349882126,15,7.140625,7265.250
1785147873.349882126,15,8.812500,7221.250
1785147873.349882126,15,47.656250,106.750
1785147873.349882126,14,51.625000,101.000
1785147873.349882126,15,173.875000,1317.000
1785147873.349882126,15,175.562500,1290.000
1785147873.349882126,15,177.250000,1274.750
1785147873.349882126,15,178.828125,1268.250
1785147873.349882126,15,180.406250,1272.750
1785147873.349882126,15,223.953125,3159.750
1785147873.349882126,12,225.578125,3084.750
1785147873.349882126,15,227.281250,3019.750
1785147873.349882126,15,230.578125,2867.500
1785147873.349882126,11,232.250000,2811.250
1785147873.349882126,14,233.875000,2762.250
1785147873.349882126,8,240.500000,2589.250
1785147873.349882126,13,242.125000,2547.250
1785147873.349882126,12,250.359375,2441.250
1785147873.349882126,15,251.968750,2434.750
1785147873.349882126,15,256.890625,2425.000
1785147873.349882126,15,258.484375,2418.750
1785147873.349882126,15,260.156250,2411.250
1785147873.349882126,15,261.765625,2406.250
1785147873.349882126,15,263.437500,2406.250
1785147873.349882126,15,265.078125,2409.750
1785147873.349882126,15,266.703125,2413.500
1785147873.349882126,15,268.328125,2415.250
1785147873.349882126,15,269.968750,2414.250
1785147873.349882126,15,271.609375,2417.500
1785147873.349882126,15,273.250000,2422.750
1785147873.349882126,15,274.843750,2427.250
1785147873.349882126,15,276.484375,2430.750
1785147873.349882126,15,278.109375,2429.250
1785147873.349882126,15,279.718750,2428.750
1785147873.349882126,9,281.375000,2435.250
1785147873.349882126,8,283.015625,2440.750
1785147873.349882126,6,284.609375,2448.750
1785147873.349882126,15,286.281250,2469.750
1785147873.349882126,15,287.906250,2492.750
1785147873.349882126,14,289.531250,2514.500
1785147873.349882126,5,291.140625,2532.000
1785147873.349882126,8,292.765625,2552.000
1785147873.349882126,9,294.421875,2581.750
1785147873.349882126,9,296.046875,2628.250
1785147873.349882126,12,297.640625,2681.750
1785147873.349882126,7,299.421875,2735.750
1785147873.349882126,11,301.031250,2793.500
1785147873.349882126,15,307.593750,3059.750
1785147873.349882126,12,309.234375,3117.250
1785147873.349882126,15,343.750000,3724.750
1785147873.461374044,15,356.718750,7913.250
1785147873.461374044,15,358.359375,7771.000
1785147873.461374044,15,0.000000,7694.250
1785147873.461374044,15,1.656250,7621.500
1785147873.461374044,15,6.593750,7286.750
1785147873.461374044,15,8.234375,7237.500
1785147873.461374044,15,45.906250,108.000
1785147873.461374044,15,47.875000,105.750
1785147873.461374044,15,176.375000,1300.750
1785147873.461374044,15,177.937500,1291.500
1785147873.461374044,15,179.625000,1281.000
1785147873.461374044,15,181.296875,1267.750
1785147873.461374044,15,223.140625,3226.750
1785147873.461374044,15,226.437500,3045.250
1785147873.461374044,15,229.765625,2892.750
1785147873.461374044,10,231.437500,2832.750
1785147873.461374044,15,233.078125,2780.000
1785147873.461374044,15,234.718750,2738.750
1785147873.461374044,12,241.312500,2558.500
1785147873.461374044,15,242.953125,2522.500
1785147873.461374044,15,251.171875,2404.250
1785147873.461374044,6,252.843750,2385.000
1785147873.461374044,8,257.734375,2362.000
1785147873.461374044,10,259.390625,2345.500
1785147873.461374044,8,261.062500,2337.500
1785147873.461374044,10,262.671875,2325.250
1785147873.461374044,8,264.296875,2324.500
1785147873.461374044,8,265.968750,2335.750
1785147873.461374044,10,267.609375,2334.250
1785147873.461374044,10,269.203125,2333.500
1785147873.461374044,11,270.875000,2335.250
1785147873.461374044,7,272.500000,2341.000
1785147873.461374044,6,274.156250,2353.500
1785147873.461374044,7,275.718750,2364.500
1785147873.461374044,4,277.359375,2375.000
1785147873.461374044,15,278.968750,2400.250
1785147873.461374044,15,280.609375,2425.500
1785147873.461374044,11,282.234375,2435.000
1785147873.461374044,7,283.859375,2446.000
1785147873.461374044,15,285.468750,2474.250
1785147873.461374044,14,287.140625,2511.250
1785147873.461374044,7,288.750000,2541.500
1785147873.461374044,15,290.359375,2577.750
1785147873.461374044,9,291.984375,2615.000
1785147873.461374044,13,293.609375,2655.500
1785147873.461374044,11,295.250000,2694.000
1785147873.461374044,12,296.843750,2746.750
1785147873.461374044,4,303.453125,3003.000
1785147873.461374044,11,305.093750,3079.500
1785147873.461374044,10,306.734375,3144.000
1785147873.461374044,12,308.343750,3204.750
1785147873.461374044,15,344.515625,3733.750
1785147873.461374044,15,346.203125,3654.500
1785147873.461374044,15,349.421875,3578.750
1785147873.572886944,15,351.062500,3513.750
1785147873.572886944,15,357.390625,7885.500
1785147873.572886944,15,359.046875,7791.500
1785147873.572886944,15,0.687500,7681.750
1785147873.572886944,15,2.328125,7576.250
1785147873.572886944,15,7.265625,7326.750
1785147873.572886944,15,8.906250,7272.500
1785147873.572886944,15,10.515625,7187.000
1785147873.572886944,15,46.437500,106.750
1785147873.572886944,14,51.031250,100.750
1785147873.572886944,15,177.140625,1318.750
1785147873.572886944,15,188.640625,1277.000
1785147873.572886944,8,217.375000,3689.500
1785147873.572886944,15,225.625000,3202.750
1785147873.572886944,12,227.234375,3113.500
1785147873.572886944,15,228.906250,3044.750
1785147873.572886944,15,230.562500,2982.250
1785147873.572886944,11,232.203125,2912.250
1785147873.572886944,15,233.843750,2854.500
1785147873.572886944,15,235.484375,2803.250
1785147873.572886944,15,237.156250,2759.250
1785147873.572886944,15,242.093750,2619.500
1785147873.572886944,12,243.734375,2572.750
1785147873.572886944,8,245.375000,2530.750
1785147873.572886944,12,253.640625,2425.250
1785147873.572886944,6,258.546875,2401.750
1785147873.572886944,8,260.171875,2379.500
1785147873.572886944,9,261.812500,2367.500
1785147873.572886944,8,263.484375,2352.000
1785147873.572886944,10,265.109375,2344.500
1785147873.572886944,11,266.734375,2341.500
1785147873.572886944,6,268.390625,2342.750
1785147873.572886944,9,270.015625,2342.000
1785147873.572886944,10,271.671875,2342.500
1785147873.572886944,9,273.296875,2350.750
1785147873.572886944,8,274.890625,2353.500
1785147873.572886944,8,276.531250,2354.750
1785147873.572886944,5,278.156250,2371.500
1785147873.572886944,15,279.781250,2396.750
1785147873.572886944,15,281.406250,2422.250
1785147873.572886944,9,283.031250,2438.250
1785147873.572886944,7,284.687500,2446.750
1785147873.572886944,15,286.312500,2466.500
1785147873.572886944,15,287.953125,2484.250
1785147873.572886944,15,289.593750,2505.000
1785147873.572886944,7,291.234375,2533.500
1785147873.572886944,15,292.859375,2557.750
1785147873.572886944,12,294.484375,2590.500
1785147873.572886944,6,296.093750,2633.750
1785147873.572886944,13,297.734375,2678.750
1785147873.572886944,7,299.500000,2732.000
1785147873.572886944,14,301.140625,2789.750
1785147873.572886944,11,309.312500,3120.250
1785147873.572886944,15,343.687500,3695.750
1785147873.572886944,15,345.359375,3723.250
1785147873.684583902,15,351.937500,3475.750
1785147873.684583902,15,358.265625,7860.250
1785147873.684583902,15,359.906250,7778.250
1785147873.684583902,15,1.562500,7657.250
1785147873.684583902,15,3.203125,7550.250
1785147873.684583902,15,6.484375,7272.000
1785147873.684583902,15,9.765625,7270.250
1785147873.684583902,15,47.015625,107.500
1785147873.684583902,15,48.531250,105.500
1785147873.684583902,9,181.156250,1304.500
1785147873.684583902,9,182.875000,1288.000
1785147873.684583902,9,184.484375,1271.500
1785147873.684583902,15,186.203125,1256.750
1785147873.684583902,15,224.843750,3189.250
1785147873.684583902,15,228.093750,3021.500
1785147873.684583902,15,231.406250,2870.750
1785147873.684583902,13,233.078125,2817.500
1785147873.684583902,15,234.687500,2774.250
1785147873.684583902,15,236.359375,2748.500
1785147873.684583902,10,237.984375,2705.750
1785147873.684583902,11,244.593750,2546.250
1785147873.684583902,15,246.218750,2518.250
1785147873.684583902,10,252.781250,2469.500
1785147873.684583902,15,254.406250,2424.250
1785147873.684583902,15,256.078125,2411.000
1785147873.684583902,15,259.328125,2399.500
1785147873.684583902,5,260.984375,2388.250
1785147873.684583902,8,262.609375,2380.750
1785147873.684583902,12,264.281250,2368.000
1785147873.684583902,8,265.890625,2358.250
1785147873.684583902,9,267.531250,2354.500
1785147873.684583902,8,269.171875,2345.750
1785147873.684583902,8,270.828125,2352.750
1785147873.684583902,15,272.453125,2357.000
1785147873.684583902,9,274.125000,2354.000
1785147873.684583902,6,275.703125,2364.250
1785147873.684583902,8,277.328125,2374.000
1785147873.684583902,15,279.000000,2399.250
1785147873.684583902,15,280.625000,2423.500
1785147873.684583902,10,282.234375,2433.250
1785147873.684583902,8,283.875000,2444.750
1785147873.684583902,9,285.500000,2452.000
1785147873.684583902,6,287.140625,2464.250
1785147873.684583902,15,288.765625,2488.000
1785147873.684583902,14,290.421875,2518.000
1785147873.684583902,14,292.046875,2550.500
1785147873.684583902,13,293.671875,2577.750
1785147873.684583902,8,295.281250,2606.500
1785147873.684583902,10,296.921875,2655.000
1785147873.684583902,12,298.687500,2695.750
1785147873.684583902,13,301.984375,2822.750
1785147873.684583902,12,305.218750,2967.000
1785147873.684583902,13,306.859375,3032.500
1785147873.684583902,11,308.515625,3110.000
1785147873.684583902,12,310.140625,3187.500
1785147873.684583902,15,346.218750,3717.000
1785147873.684583902,15,347.843750,3708.750
1785147873.799117088,15,352.796875,3508.000
1785147873.799117088,15,359.156250,7881.500
1785147873.799117088,15,0.796875,7782.250
1785147873.799117088,15,2.437500,7674.250
1785147873.799117088,15,4.093750,7553.250
1785147873.799117088,15,7.375000,7392.000
1785147873.799117088,9,9.015625,7300.000
1785147873.799117088,15,46.828125,106.750
1785147873.799117088,12,180.390625,1328.250
1785147873.799117088,15,187.093750,1255.000
1785147873.799117088,15,188.671875,1250.250
1785147873.799117088,15,225.750000,3214.750
1785147873.799117088,15,229.015625,3043.500
1785147873.799117088,15,232.296875,2898.500
1785147873.799117088,15,233.953125,2858.500
1785147873.799117088,15,235.593750,2810.000
1785147873.799117088,12,237.265625,2767.750
1785147873.799117088,15,238.890625,2737.250
1785147873.799117088,9,245.468750,2591.000
1785147873.799117088,9,247.140625,2555.750
1785147873.799117088,12,255.328125,2447.000
1785147873.799117088,12,256.953125,2435.250
1785147873.799117088,15,260.265625,2425.000
1785147873.799117088,15,261.890625,2421.750
1785147873.799117088,15,263.546875,2415.250
1785147873.799117088,10,265.171875,2396.250
1785147873.799117088,15,266.796875,2387.000
1785147873.799117088,9,268.453125,2388.250
1785147873.799117088,15,270.109375,2388.500
1785147873.799117088,7,271.734375,2390.250
1785147873.799117088,15,273.375000,2390.250
1785147873.799117088,15,275.046875,2393.250
1785147873.799117088,15,276.640625,2404.250
1785147873.799117088,15,278.312500,2409.500
1785147873.799117088,15,279.921875,2417.500
1785147873.799117088,10,281.562500,2433.500
1785147873.799117088,10,283.218750,2438.250
1785147873.799117088,7,284.828125,2446.250
1785147873.799117088,15,286.468750,2466.250
1785147873.799117088,15,288.125000,2494.750
1785147873.799117088,15,289.765625,2517.500
1785147873.799117088,7,291.390625,2537.750
1785147873.799117088,13,293.000000,2564.250
1785147873.799117088,10,294.656250,2594.000
1785147873.799117088,7,296.265625,2629.250
1785147873.799117088,15,297.906250,2667.250
1785147873.799117088,10,299.656250,2707.750
1785147873.799117088,9,301.265625,2772.000
1785147873.799117088,10,302.875000,2842.500
1785147873.799117088,15,304.500000,2910.250
1785147873.799117088,11,306.156250,2974.500
1785147873.799117088,8,309.437500,3120.500
1785147873.799117088,15,345.562500,3767.500
1785147873.799117088,15,347.234375,3691.000
1785147873.910783052,15,358.562500,7961.750
1785147873.910783052,15,0.218750,7853.000
1785147873.910783052,15,1.859375,7740.750
1785147873.910783052,15,3.515625,7629.000
1785147873.910783052,15,5.156250,7505.500
1785147873.910783052,15,6.812500,7413.250
1785147873.910783052,15,8.468750,7341.750
1785147873.910783052,15,45.593750,107.500
1785147873.910783052,15,186.421875,1270.250
1785147873.910783052,15,188.031250,1266.500
1785147873.910783052,15,189.703125,1260.500
1785147873.910783052,15,191.328125,1254.500
1785147873.910783052,15,194.578125,1267.500
1785147873.910783052,15,196.250000,1296.000
1785147873.910783052,15,223.421875,3227.250
1785147873.910783052,15,225.046875,3152.500
1785147873.910783052,14,226.640625,3082.000
1785147873.910783052,15,228.296875,3007.250
1785147873.910783052,14,229.937500,2928.000
1785147873.910783052,8,231.593750,2849.500
1785147873.910783052,10,233.203125,2788.250
1785147873.910783052,15,234.875000,2751.500
1785147873.910783052,15,236.515625,2727.750
1785147873.910783052,10,238.125000,2697.250
1785147873.910783052,13,239.781250,2664.750
1785147873.910783052,15,241.421875,2635.750
1785147873.910783052,15,246.343750,2532.000
1785147873.910783052,15,247.984375,2515.500
1785147873.910783052,8,249.640625,2479.750
1785147873.910783052,8,254.593750,2447.500
1785147873.910783052,10,256.234375,2437.000
1785147873.910783052,11,257.875000,2438.250
1785147873.910783052,13,261.171875,2426.500
1785147873.910783052,15,262.812500,2419.250
1785147873.910783052,15,264.421875,2422.000
1785147873.910783052,14,266.109375,2419.250
1785147873.910783052,15,267.703125,2415.250
1785147873.910783052,15,269.359375,2417.500
1785147873.910783052,15,270.984375,2422.250
1785147873.910783052,15,272.625000,2425.500
1785147873.910783052,15,274.281250,2429.500
1785147873.910783052,12,275.937500,2431.500
1785147873.910783052,10,277.515625,2435.250
1785147873.910783052,10,279.203125,2440.000
1785147873.910783052,8,280.812500,2443.250
1785147873.910783052,7,282.453125,2459.500
1785147873.910783052,15,284.062500,2490.750
1785147873.910783052,15,285.703125,2517.500
1785147873.910783052,8,287.343750,2543.000
1785147873.910783052,7,288.984375,2565.750
1785147873.910783052,14,290.578125,2597.250
1785147873.910783052,7,292.250000,2637.250
1785147873.910783052,15,293.859375,2671.750
1785147873.910783052,11,295.500000,2704.500
1785147873.910783052,11,298.843750,2761.750
1785147873.910783052,14,305.359375,3080.000
1785147873.910783052,8,306.984375,3129.250
1785147873.910783052,15,346.421875,3769.500
1785147873.910783052,15,348.109375,3698.000
1785147874.021562099,15,353.031250,3511.000
1785147874.021562099,15,359.390625,7980.500
1785147874.021562099,15,1.046875,7835.500
1785147874.021562099,15,2.703125,7748.250
1785147874.021562099,12,4.328125,7615.000
1785147874.021562099,15,5.984375,7487.750
1785147874.021562099,15,7.640625,7393.250
1785147874.021562099,15,9.296875,7303.500
1785147874.021562099,15,10.890625,7253.750
1785147874.021562099,15,47.109375,106.250
1785147874.021562099,8,183.906250,1354.500
1785147874.021562099,15,188.906250,1278.500
1785147874.021562099,15,190.578125,1268.750
1785147874.021562099,15,192.218750,1262.500
1785147874.021562099,15,193.921875,1258.750
1785147874.021562099,15,197.140625,1272.000
1785147874.021562099,15,198.781250,1302.750
1785147874.021562099,15,224.250000,3265.750
1785147874.021562099,15,225.890625,3198.250
1785147874.021562099,15,229.187500,3042.000
1785147874.021562099,15,232.484375,2882.000
1785147874.021562099,9,234.171875,2823.500
1785147874.021562099,14,235.781250,2774.000
1785147874.021562099,15,237.421875,2746.750
1785147874.021562099,9,239.109375,2716.500
1785147874.021562099,12,240.750000,2672.750
1785147874.021562099,14,242.375000,2641.500
1785147874.021562099,15,247.312500,2528.500
1785147874.021562099,15,248.984375,2499.500
1785147874.021562099,9,250.656250,2465.000
1785147874.021562099,15,257.234375,2430.000
1785147874.021562099,15,258.843750,2410.750
1785147874.021562099,15,262.171875,2403.500
1785147874.021562099,15,263.765625,2407.000
1785147874.021562099,15,265.421875,2396.750
1785147874.021562099,6,267.046875,2378.500
1785147874.021562099,7,268.718750,2382.500
1785147874.021562099,10,270.375000,2379.500
1785147874.021562099,15,272.000000,2389.000
1785147874.021562099,15,273.640625,2407.250
1785147874.021562099,15,275.203125,2414.750
1785147874.021562099,10,276.828125,2425.000
1785147874.021562099,15,278.484375,2430.250
1785147874.021562099,10,280.109375,2433.750
1785147874.021562099,8,281.765625,2439.000
1785147874.021562099,10,283.390625,2440.500
1785147874.021562099,15,285.031250,2463.000
1785147874.021562099,15,286.656250,2501.000
1785147874.021562099,6,288.296875,2527.750
1785147874.021562099,6,289.890625,2549.750
1785147874.021562099,15,291.578125,2567.000
1785147874.021562099,11,293.187500,2596.500
1785147874.021562099,9,294.812500,2621.750
1785147874.021562099,15,296.421875,2651.500
1785147874.021562099,12,298.078125,2691.500
1785147874.021562099,11,299.828125,2707.250
1785147874.021562099,10,307.968750,3058.500
1785147874.021562099,15,347.343750,3768.750
1785147874.021562099,15,349.000000,3676.500
1785147874.137063980,15,353.937500,3536.250
1785147874.137063980,15,0.281250,7995.750
1785147874.137063980,15,1.921875,7857.000
1785147874.137063980,15,3.562500,7744.500
1785147874.137063980,14,5.218750,7615.000
1785147874.137063980,15,6.859375,7526.250
1785147874.137063980,15,8.515625,7421.000
1785147874.137063980,15,47.156250,107.500
1785147874.137063980,15,186.437500,1341.500
1785147874.137063980,15,188.078125,1315.000
1785147874.137063980,15,191.375000,1287.000
1785147874.137063980,15,193.078125,1268.000
1785147874.137063980,11,194.703125,1258.750
1785147874.137063980,15,196.296875,1260.250
1785147874.137063980,15,197.921875,1268.750
1785147874.137063980,15,199.546875,1284.250
1785147874.137063980,8,215.171875,3882.000
1785147874.137063980,15,226.796875,3184.000
1785147874.137063980,15,230.078125,3023.750
1785147874.137063980,15,233.406250,2856.750
1785147874.137063980,14,235.046875,2788.000
1785147874.137063980,15,236.734375,2733.500
1785147874.137063980,13,238.375000,2695.250
1785147874.137063980,15,240.000000,2662.500
1785147874.137063980,15,241.640625,2634.500
1785147874.137063980,10,243.312500,2592.500
1785147874.137063980,14,244.984375,2545.500
1785147874.137063980,15,246.625000,2517.250
1785147874.137063980,15,248.234375,2497.750
1785147874.137063980,9,249.906250,2472.000
1785147874.137063980,12,251.500000,2444.000
1785147874.137063980,15,258.078125,2416.750
1785147874.137063980,15,259.718750,2401.250
1785147874.137063980,15,261.359375,2399.750
1785147874.137063980,15,262.984375,2392.500
1785147874.137063980,15,264.656250,2385.000
1785147874.137063980,4,266.281250,2375.000
1785147874.137063980,6,267.953125,2365.250
1785147874.137063980,6,269.562500,2362.000
1785147874.137063980,7,271.203125,2361.000
1785147874.137063980,11,272.875000,2363.250
1785147874.137063980,14,274.515625,2359.750
1785147874.137063980,7,276.078125,2363.000
1785147874.137063980,6,277.687500,2372.750
1785147874.137063980,15,279.296875,2387.250
1785147874.137063980,15,280.953125,2409.750
1785147874.137063980,15,282.609375,2422.500
1785147874.137063980,13,284.234375,2427.000
1785147874.137063980,8,285.843750,2442.000
1785147874.137063980,9,287.484375,2464.750
1785147874.137063980,15,289.109375,2493.500
1785147874.137063980,15,290.718750,2519.750
1785147874.137063980,8,292.375000,2537.750
1785147874.137063980,15,294.000000,2562.000
1785147874.137063980,15,295.640625,2590.000
1785147874.137063980,13,297.250000,2620.500
1785147874.137063980,12,299.015625,2654.500
1785147874.137063980,12,300.625000,2686.250
1785147874.137063980,6,302.250000,2734.000
1785147874.137063980,10,307.171875,2961.750
1785147874.137063980,9,308.796875,3025.750
1785147874.137063980,11,310.406250,3102.750
1785147874.137063980,15,348.171875,3764.500
1785147874.137063980,15,349.812500,3727.500
1785147874.247452974,15,1.109375,7995.500
1785147874.247452974,15,2.750000,7863.000
1785147874.247452974,15,4.390625,7744.500
1785147874.247452974,12,6.046875,7618.500
1785147874.247452974,9,7.703125,7455.000
1785147874.247452974,15,9.328125,7338.250
1785147874.247452974,15,47.562500,106.250
1785147874.247452974,12,188.734375,1342.000
1785147874.247452974,15,190.390625,1314.250
1785147874.247452974,15,193.687500,1283.500
1785147874.247452974,15,195.359375,1271.750
1785147874.247452974,15,197.031250,1270.500
1785147874.247452974,15,198.593750,1266.750
1785147874.247452974,15,200.218750,1273.250
1785147874.247452974,15,201.828125,1288.500
1785147874.247452974,14,225.812500,3234.000
1785147874.247452974,15,227.468750,3168.000
1785147874.247452974,10,229.156250,3097.750
1785147874.247452974,15,230.781250,3034.750
1785147874.247452974,12,234.078125,2894.500
1785147874.247452974,11,235.734375,2831.250
1785147874.247452974,15,237.390625,2767.000
1785147874.247452974,15,239.031250,2738.750
1785147874.247452974,11,240.656250,2714.750
1785147874.247452974,12,242.328125,2674.250
1785147874.247452974,12,243.953125,2637.500
1785147874.247452974,8,245.625000,2605.750
1785147874.247452974,10,248.890625,2559.750
1785147874.247452974,15,250.578125,2513.250
1785147874.247452974,10,252.156250,2477.750
1785147874.247452974,12,253.812500,2452.000
1785147874.247452974,10,258.703125,2440.250
1785147874.247452974,11,260.390625,2430.000
1785147874.247452974,15,262.031250,2422.500
1785147874.247452974,15,265.296875,2417.250
1785147874.247452974,15,266.906250,2418.000
1785147874.247452974,15,268.562500,2419.250
1785147874.247452974,15,270.203125,2417.250
1785147874.247452974,15,271.812500,2422.000
1785147874.247452974,15,273.484375,2428.750
1785147874.247452974,15,275.078125,2432.750
1785147874.247452974,10,276.687500,2436.500
1785147874.247452974,11,278.343750,2441.250
1785147874.247452974,10,279.968750,2438.250
1785147874.247452974,10,281.593750,2436.250
1785147874.247452974,9,283.234375,2441.250
1785147874.247452974,8,284.875000,2449.750
1785147874.247452974,15,286.500000,2481.000
1785147874.247452974,15,288.109375,2509.250
1785147874.247452974,10,289.734375,2534.000
1785147874.247452974,8,291.390625,2553.750
1785147874.247452974,14,293.015625,2566.250
1785147874.247452974,13,294.640625,2595.250
1785147874.247452974,13,296.265625,2618.000
1785147874.247452974,7,297.890625,2653.500
1785147874.247452974,11,299.656250,2690.750
1785147874.247452974,12,301.328125,2704.000
1785147874.247452974,10,302.937500,2750.000
1785147874.247452974,11,311.109375,3118.750
1785147874.247452974,15,347.156250,3754.750
1785147874.247452974,15,348.796875,3760.500
1785147874.359467983,15,0.093750,8074.000
1785147874.359467983,15,1.750000,7958.500
1785147874.359467983,15,3.390625,7829.500
1785147874.359467983,15,5.031250,7748.250
1785147874.359467983,14,6.671875,7599.250
1785147874.359467983,15,9.968750,7408.750
1785147874.359467983,15,46.625000,107.500
1785147874.359467983,15,192.812500,1313.250
1785147874.359467983,15,196.015625,1291.000
1785147874.359467983,15,197.703125,1281.500
1785147874.359467983,15,199.328125,1274.750
1785147874.359467983,15,201.000000,1271.000
1785147874.359467983,15,202.609375,1278.250
1785147874.359467983,15,204.234375,1293.250
1785147874.359467983,13,226.484375,3227.750
1785147874.359467983,15,228.125000,3163.250
1785147874.359467983,11,229.765625,3094.000
1785147874.359467983,15,231.406250,3032.000
1785147874.359467983,15,234.687500,2888.250
1785147874.359467983,11,236.359375,2826.250
1785147874.359467983,13,237.968750,2771.500
1785147874.359467983,15,239.625000,2734.500
1785147874.359467983,10,241.281250,2693.250
1785147874.359467983,15,242.921875,2662.500
1785147874.359467983,15,244.562500,2644.750
1785147874.359467983,15,246.218750,2615.250
1785147874.359467983,14,249.500000,2568.250
1785147874.359467983,15,251.140625,2526.000
1785147874.359467983,15,252.765625,2498.250
1785147874.359467983,12,254.390625,2468.250
1785147874.359467983,10,260.953125,2445.500
1785147874.359467983,12,262.578125,2439.500
1785147874.359467983,15,265.843750,2434.750
1785147874.359467983,15,267.515625,2427.500
1785147874.359467983,15,269.140625,2427.000
1785147874.359467983,15,270.765625,2428.750
1785147874.359467983,9,272.390625,2432.500
1785147874.359467983,9,274.015625,2436.750
1785147874.359467983,13,275.687500,2438.750
1785147874.359467983,10,277.328125,2440.000
1785147874.359467983,8,278.953125,2432.500
1785147874.359467983,11,280.609375,2428.250
1785147874.359467983,9,282.203125,2436.250
1785147874.359467983,8,283.843750,2447.000
1785147874.359467983,15,285.468750,2466.250
1785147874.359467983,15,287.109375,2494.000
1785147874.359467983,8,288.734375,2524.000
1785147874.359467983,7,290.390625,2548.250
1785147874.359467983,15,292.000000,2562.750
1785147874.359467983,15,293.625000,2592.000
1785147874.359467983,11,295.281250,2620.250
1785147874.359467983,9,296.890625,2642.000
1785147874.359467983,11,298.671875,2680.250
1785147874.359467983,10,300.296875,2712.750
1785147874.359467983,10,301.937500,2733.000
1785147874.359467983,9,303.562500,2783.000
1785147874.359467983,15,349.453125,3766.500
1785147874.473425865,15,352.718750,3681.750
1785147874.473425865,15,354.375000,3604.500
1785147874.473425865,15,0.718750,8080.000
1785147874.473425865,15,2.375000,7993.750
1785147874.473425865,15,4.015625,7855.250
1785147874.473425865,15,5.656250,7742.500
1785147874.473425865,15,10.546875,7376.250
1785147874.473425865,15,46.296875,106.500
1785147874.473425865,15,185.984375,8988.000
1785147874.473425865,8,196.765625,1291.000
1785147874.473425865,15,198.421875,1281.500
1785147874.473425865,15,200.062500,1277.250
1785147874.473425865,15,201.703125,1275.000
1785147874.473425865,15,203.406250,1275.000
1785147874.473425865,15,205.000000,1285.000
1785147874.473425865,15,206.640625,1299.500
1785147874.473425865,15,227.265625,3200.000
1785147874.473425865,10,228.937500,3143.250
1785147874.473425865,10,230.578125,3074.250
1785147874.473425865,15,232.218750,3025.500
1785147874.473425865,15,235.515625,2889.750
1785147874.473425865,12,237.187500,2828.500
1785147874.473425865,15,238.812500,2775.000
1785147874.473425865,15,240.453125,2740.500
1785147874.473425865,11,242.109375,2704.500
1785147874.473425865,15,243.750000,2673.250
1785147874.473425865,13,245.406250,2652.000
1785147874.473425865,15,247.046875,2629.750
1785147874.473425865,10,248.687500,2592.750
1785147874.473425865,13,250.312500,2560.000
1785147874.473425865,11,251.953125,2541.250
1785147874.473425865,15,253.593750,2518.000
1785147874.473425865,10,255.250000,2486.000
1785147874.473425865,12,263.437500,2443.750
1785147874.473425865,10,265.093750,2442.750
1785147874.473425865,15,266.718750,2444.250
1785147874.473425865,9,268.343750,2442.750
1785147874.473425865,8,270.000000,2438.750
1785147874.473425865,10,271.640625,2442.000
1785147874.473425865,8,273.250000,2447.250
1785147874.473425865,10,274.921875,2449.000
1785147874.473425865,13,276.578125,2459.000
1785147874.473425865,8,278.187500,2474.500
1785147874.473425865,15,279.859375,2489.250
1785147874.473425865,15,281.468750,2505.750
1785147874.473425865,15,283.140625,2519.250
1785147874.473425865,9,284.750000,2532.500
1785147874.473425865,8,286.390625,2543.000
1785147874.473425865,15,288.031250,2562.250
1785147874.473425865,15,289.671875,2588.250
1785147874.473425865,14,291.296875,2614.250
1785147874.473425865,8,292.937500,2643.000
1785147874.473425865,15,294.578125,2666.250
1785147874.473425865,15,296.187500,2683.500
1785147874.473425865,15,297.843750,2699.000
1785147874.473425865,12,299.593750,2722.250
1785147874.473425865,9,302.890625,2777.250
1785147874.473425865,12,311.078125,3109.000
1785147874.473425865,15,348.765625,3842.750
1785147874.473425865,15,350.421875,3752.000
1785147874.585417032,15,355.375000,3566.750
1785147874.585417032,15,1.703125,8086.250
1785147874.585417032,15,3.359375,7952.750
1785147874.585417032,15,5.000000,7825.750
1785147874.585417032,15,6.656250,7737.250
1785147874.585417032,12,8.296875,7628.500
1785147874.585417032,15,46.984375,107.750
1785147874.585417032,12,196.328125,1327.500
1785147874.585417032,15,199.625000,1305.000
1785147874.585417032,15,201.296875,1289.750
1785147874.585417032,15,202.875000,1285.750
1785147874.585417032,15,204.515625,1285.250
1785147874.585417032,15,206.187500,1290.000
1785147874.585417032,15,207.828125,1299.750
1785147874.585417032,15,209.421875,1318.750
1785147874.585417032,13,226.812500,3221.000
1785147874.585417032,15,228.500000,3146.000
1785147874.585417032,11,230.109375,3073.750
1785147874.585417032,15,231.796875,3014.000
1785147874.585417032,10,235.062500,2855.000
1785147874.585417032,15,236.718750,2786.250
1785147874.585417032,9,238.375000,2715.500
1785147874.585417032,13,240.046875,2663.500
1785147874.585417032,15,241.687500,2624.500
1785147874.585417032,11,243.328125,2584.000
1785147874.585417032,12,244.968750,2548.750
1785147874.585417032,13,246.640625,2531.500
1785147874.585417032,15,248.265625,2512.000
1785147874.585417032,13,249.906250,2474.500
1785147874.585417032,15,251.562500,2446.750
1785147874.585417032,15,253.187500,2426.250
1785147874.585417032,15,254.843750,2418.000
1785147874.585417032,15,256.484375,2414.500
1785147874.585417032,15,263.031250,2400.000
1785147874.585417032,15,264.687500,2398.000
1785147874.585417032,15,266.296875,2405.250
1785147874.585417032,15,267.937500,2403.750
1785147874.585417032,15,269.593750,2404.250
1785147874.585417032,15,271.203125,2410.750
1785147874.585417032,15,272.875000,2420.750
1785147874.585417032,15,274.500000,2427.250
1785147874.585417032,15,276.109375,2431.500
1785147874.585417032,15,277.765625,2430.250
1785147874.585417032,15,279.390625,2433.750
1785147874.585417032,9,281.000000,2439.750
1785147874.585417032,9,282.640625,2444.250
1785147874.585417032,9,284.281250,2453.500
1785147874.585417032,8,285.937500,2457.750
1785147874.585417032,15,287.593750,2467.000
1785147874.585417032,15,289.171875,2493.000
1785147874.585417032,15,290.843750,2520.250
1785147874.585417032,6,292.484375,2538.750
1785147874.585417032,15,294.109375,2556.750
1785147874.585417032,15,295.765625,2579.250
1785147874.585417032,13,297.359375,2607.500
1785147874.585417032,14,299.093750,2646.250
1785147874.585417032,13,300.750000,2684.750
1785147874.585417032,15,302.375000,2715.500
1785147874.585417032,5,304.000000,2750.000
1785147874.585417032,14,305.625000,2803.750
1785147874.585417032,12,308.906250,2968.000
1785147874.585417032,14,310.531250,3036.750
1785147874.585417032,10,312.156250,3109.000
1785147874.696238995,15,2.890625,8041.500
1785147874.696238995,15,4.531250,7923.000
1785147874.696238995,15,6.171875,7788.000
1785147874.696238995,15,7.828125,7698.000
1785147874.696238995,15,9.468750,7623.000
1785147874.696238995,15,48.109375,106.500
1785147874.696238995,15,168.625000,4547.500
1785147874.696238995,15,170.265625,4653.000
1785147874.696238995,11,197.171875,1362.250
1785147874.696238995,15,202.140625,1295.750
1785147874.696238995,15,203.765625,1291.250
1785147874.696238995,15,205.468750,1287.250
1785147874.696238995,15,207.078125,1290.000
1785147874.696238995,15,208.703125,1298.750
1785147874.696238995,15,210.359375,1314.000
1785147874.696238995,15,211.921875,1338.250
1785147874.696238995,11,226.078125,3230.750
1785147874.696238995,15,227.718750,3162.250
1785147874.696238995,12,229.390625,3088.750
1785147874.696238995,15,231.031250,3022.500
1785147874.696238995,10,232.687500,2968.000
1785147874.696238995,15,234.312500,2901.250
1785147874.696238995,12,235.984375,2831.750
1785147874.696238995,15,237.625000,2766.500
1785147874.696238995,12,239.296875,2707.000
1785147874.696238995,13,240.906250,2658.750
1785147874.696238995,15,242.578125,2620.000
1785147874.696238995,15,244.203125,2579.000
1785147874.696238995,13,245.843750,2553.500
1785147874.696238995,13,247.500000,2536.250
1785147874.696238995,15,249.156250,2510.500
1785147874.696238995,14,250.843750,2480.000
1785147874.696238995,13,252.453125,2453.500
1785147874.696238995,15,254.125000,2436.500
1785147874.696238995,15,255.765625,2420.500
1785147874.696238995,15,257.390625,2413.750
1785147874.696238995,15,259.062500,2408.000
1785147874.696238995,15,263.984375,2400.000
1785147874.696238995,15,265.625000,2396.500
1785147874.696238995,6,267.250000,2389.000
1785147874.696238995,15,268.875000,2382.750
1785147874.696238995,5,270.546875,2381.750
1785147874.696238995,15,272.156250,2386.000
1785147874.696238995,15,273.812500,2401.250
1785147874.696238995,15,275.375000,2410.000
1785147874.696238995,15,277.000000,2415.000
1785147874.696238995,15,278.671875,2424.750
1785147874.696238995,9,280.265625,2432.500
1785147874.696238995,8,281.937500,2430.500
1785147874.696238995,8,283.562500,2426.750
1785147874.696238995,7,285.203125,2437.750
1785147874.696238995,15,286.828125,2452.000
1785147874.696238995,15,288.453125,2481.000
1785147874.696238995,15,290.093750,2508.000
1785147874.696238995,7,291.703125,2532.250
1785147874.696238995,7,293.343750,2555.750
1785147874.696238995,15,294.968750,2582.000
1785147874.696238995,14,296.609375,2620.750
1785147874.696238995,12,298.234375,2660.250
1785147874.696238995,12,299.937500,2694.750
1785147874.696238995,12,301.578125,2713.750
1785147874.696238995,10,303.234375,2731.500
1785147874.696238995,13,304.859375,2773.000
1785147874.696238995,10,306.484375,2835.250
1785147874.696238995,9,313.015625,3128.500
1785147874.696238995,13,345.718750,4114.000
1785147874.808206081,15,350.781250,3801.750
1785147874.808206081,15,355.718750,3591.750
1785147874.808206081,15,2.078125,8129.250
1785147874.808206081,15,3.718750,8045.500
1785147874.808206081,15,5.375000,7927.000
1785147874.808206081,15,7.015625,7787.750
1785147874.808206081,15,8.671875,7705.250
1785147874.808206081,15,10.187500,7626.750
1785147874.808206081,9,11.828125,7519.750
1785147874.808206081,15,46.593750,107.250
1785147874.808206081,15,50.187500,101.500
1785147874.808206081,15,169.406250,4501.250
1785147874.808206081,15,171.046875,4582.750
1785147874.808206081,14,202.984375,1312.500
1785147874.808206081,15,204.578125,1304.500
1785147874.808206081,15,206.218750,1303.250
1785147874.808206081,15,207.890625,1307.750
1785147874.808206081,15,209.468750,1309.500
1785147874.808206081,15,211.156250,1316.500
1785147874.808206081,15,212.750000,1333.250
1785147874.808206081,15,214.343750,1360.750
1785147874.808206081,12,226.890625,3220.750
1785147874.808206081,11,228.531250,3145.000
1785147874.808206081,15,230.171875,3072.750
1785147874.808206081,15,231.859375,3011.500
1785147874.808206081,15,235.140625,2873.500
1785147874.808206081,12,238.437500,2745.750
1785147874.808206081,13,240.093750,2693.500
1785147874.808206081,15,241.750000,2644.000
1785147874.808206081,9,243.406250,2601.250
1785147874.808206081,15,245.046875,2563.500
1785147874.808206081,13,246.687500,2544.500
1785147874.808206081,15,248.343750,2526.000
1785147874.808206081,12,249.968750,2494.750
1785147874.808206081,15,251.671875,2458.750
1785147874.808206081,13,253.312500,2434.250
1785147874.808206081,12,254.968750,2421.750
1785147874.808206081,7,256.609375,2404.250
1785147874.808206081,7,258.250000,2379.750
1785147874.808206081,5,259.906250,2366.750
1785147874.808206081,15,264.828125,2348.000
1785147874.808206081,8,266.468750,2324.000
1785147874.808206081,15,268.109375,2314.500
1785147874.808206081,15,269.765625,2311.750
1785147874.808206081,15,271.375000,2306.000
1785147874.808206081,15,273.031250,2303.250
1785147874.808206081,15,274.687500,2307.500
1785147874.808206081,15,276.218750,2317.000
1785147874.808206081,15,277.890625,2321.000
1785147874.808206081,7,279.515625,2331.250
1785147874.808206081,11,281.109375,2342.000
1785147874.808206081,6,282.734375,2352.250
1785147874.808206081,9,284.390625,2364.000
1785147874.808206081,15,286.031250,2387.250
1785147874.808206081,15,287.671875,2415.000
1785147874.808206081,12,289.296875,2433.000
1785147874.808206081,8,290.921875,2451.000
1785147874.808206081,15,292.546875,2472.250
1785147874.808206081,15,294.156250,2496.000
1785147874.808206081,15,295.796875,2516.250
1785147874.808206081,15,297.453125,2547.500
1785147874.808206081,12,299.140625,2581.000
1785147874.808206081,12,300.812500,2609.500
1785147874.808206081,8,302.421875,2651.750
1785147874.808206081,9,304.062500,2678.750
1785147874.808206081,11,305.687500,2709.000
1785147874.808206081,10,307.328125,2772.500
1785147874.808206081,8,308.937500,2841.000
1785147874.808206081,11,310.593750,2919.000
1785147874.808206081,7,312.203125,3007.000
1785147874.808206081,8,313.843750,3085.250
1785147874.808206081,15,349.953125,3895.250
1785147874.922138929,15,356.546875,3584.750
1785147874.922138929,15,2.890625,8150.250
1785147874.922138929,15,4.546875,8039.500
1785147874.922138929,15,6.187500,7930.500
1785147874.922138929,15,7.843750,7799.500
1785147874.922138929,15,12.671875,7425.000
1785147874.922138929,15,46.468750,108.500
1785147874.922138929,15,48.687500,106.000
1785147874.922138929,15,166.937500,4318.500
1785147874.922138929,15,168.578125,4348.250
1785147874.922138929,15,170.187500,4430.250
1785147874.922138929,15,171.843750,4523.250
1785147874.922138929,10,173.468750,4652.250
1785147874.922138929,15,203.734375,1330.000
1785147874.922138929,15,207.062500,1323.000
1785147874.922138929,15,208.671875,1307.500
1785147874.922138929,15,210.312500,1310.000
1785147874.922138929,15,211.921875,1320.500
1785147874.922138929,15,213.593750,1337.750
1785147874.922138929,15,215.203125,1354.250
1785147874.922138929,14,230.968750,3182.500
1785147874.922138929,15,232.640625,3142.250
1785147874.922138929,11,234.265625,3079.000
1785147874.922138929,15,235.906250,3021.250
1785147874.922138929,8,237.562500,2953.250
1785147874.922138929,15,239.234375,2890.500
1785147874.922138929,10,240.875000,2830.250
1785147874.922138929,15,242.531250,2769.000
1785147874.922138929,9,244.156250,2719.250
1785147874.922138929,15,245.812500,2668.750
1785147874.922138929,13,247.437500,2640.500
1785147874.922138929,15,249.093750,2619.250
1785147874.922138929,11,250.765625,2584.250
1785147874.922138929,10,252.390625,2550.750
1785147874.922138929,15,254.062500,2524.000
1785147874.922138929,15,255.687500,2483.500
1785147874.922138929,15,257.343750,2454.000
1785147874.922138929,10,259.000000,2448.000
1785147874.922138929,10,260.609375,2440.250
1785147874.922138929,15,265.546875,2430.250
1785147874.922138929,15,267.187500,2423.250
1785147874.922138929,15,268.843750,2416.500
1785147874.922138929,15,270.468750,2406.500
1785147874.922138929,15,272.078125,2402.250
1785147874.922138929,15,273.750000,2406.000
1785147874.922138929,15,275.375000,2408.750
1785147874.922138929,15,276.984375,2414.750
1785147874.922138929,15,278.640625,2423.500
1785147874.922138929,15,280.281250,2430.250
1785147874.922138929,15,281.921875,2429.500
1785147874.922138929,15,283.546875,2427.250
1785147874.922138929,9,285.187500,2437.250
1785147874.922138929,8,286.812500,2449.750
1785147874.922138929,7,288.453125,2456.500
1785147874.922138929,15,290.109375,2472.750
1785147874.922138929,15,291.703125,2496.750
1785147874.922138929,15,293.343750,2515.250
1785147874.922138929,7,295.000000,2536.250
1785147874.922138929,13,296.625000,2557.500
1785147874.922138929,15,298.250000,2577.250
1785147874.922138929,10,300.000000,2604.500
1785147874.922138929,10,301.656250,2641.750
1785147874.922138929,15,303.312500,2673.000
1785147874.922138929,15,304.921875,2685.750
1785147874.922138929,13,306.562500,2710.250
1785147874.922138929,10,308.234375,2760.750
1785147874.922138929,15,309.843750,2811.750
1785147874.922138929,11,313.109375,2950.000
1785147874.922138929,4,314.750000,3004.750
1785147874.922138929,12,316.375000,3081.250
1785147875.034308195,15,350.875000,3871.250
1785147875.034308195,15,352.531250,3799.750
1785147875.034308195,15,357.484375,3620.500
1785147875.034308195,15,3.828125,8091.500
1785147875.034308195,15,5.468750,7996.250
1785147875.034308195,15,7.109375,7907.000
1785147875.034308195,15,8.750000,7773.250
1785147875.034308195,15,12.015625,7470.000
1785147875.034308195,15,13.656250,7449.500
1785147875.034308195,15,45.890625,107.250
1785147875.034308195,15,51.312500,101.250
1785147875.034308195,15,167.796875,4283.750
1785147875.034308195,15,169.437500,4312.750
1785147875.034308195,15,171.062500,4396.750
1785147875.034308195,15,172.703125,4495.750
1785147875.034308195,15,174.343750,4601.000
1785147875.034308195,15,206.296875,1356.000
1785147875.034308195,15,209.593750,1337.500
1785147875.034308195,15,211.234375,1325.250
1785147875.034308195,15,212.828125,1333.000
1785147875.034308195,15,214.421875,1338.000
1785147875.034308195,15,217.718750,1354.500
1785147875.034308195,12,228.609375,3187.500
1785147875.034308195,15,230.265625,3160.500
1785147875.034308195,10,231.921875,3089.750
1785147875.034308195,15,233.562500,3023.500
1785147875.034308195,9,235.218750,2972.000
1785147875.034308195,9,236.859375,2915.000
1785147875.034308195,9,238.531250,2852.000
1785147875.034308195,11,240.140625,2785.000
1785147875.034308195,15,241.828125,2735.500
1785147875.034308195,14,243.468750,2683.750
1785147875.034308195,14,245.109375,2640.000
1785147875.034308195,15,246.781250,2615.000
1785147875.034308195,13,248.421875,2587.750
1785147875.034308195,11,250.031250,2558.500
1785147875.034308195,10,251.656250,2537.250
1785147875.034308195,15,253.312500,2514.750
1785147875.034308195,14,254.984375,2479.750
1785147875.034308195,13,256.609375,2454.250
1785147875.034308195,12,258.250000,2444.000
1785147875.034308195,12,259.906250,2443.500
1785147875.034308195,13,261.562500,2442.500
1785147875.034308195,15,266.468750,2432.750
1785147875.034308195,15,268.078125,2424.250
1785147875.034308195,15,269.718750,2424.250
1785147875.034308195,15,271.390625,2422.250
1785147875.034308195,15,273.015625,2420.000
1785147875.034308195,15,274.640625,2423.750
1785147875.034308195,15,276.234375,2428.000
1785147875.034308195,15,277.906250,2427.250
1785147875.034308195,8,279.500000,2431.000
1785147875.034308195,9,281.171875,2433.250
1785147875.034308195,9,282.781250,2436.500
1785147875.034308195,7,284.437500,2450.250
1785147875.034308195,8,286.062500,2460.500
1785147875.034308195,15,287.671875,2483.750
1785147875.034308195,15,289.343750,2510.750
1785147875.034308195,9,290.968750,2529.250
1785147875.034308195,6,292.593750,2547.500
1785147875.034308195,15,294.218750,2569.000
1785147875.034308195,15,295.843750,2597.500
1785147875.034308195,8,297.484375,2628.000
1785147875.034308195,13,299.250000,2662.000
1785147875.034308195,14,300.890625,2700.000
1785147875.034308195,9,302.515625,2724.750
1785147875.034308195,6,304.140625,2748.250
1785147875.034308195,12,305.781250,2786.000
1785147875.034308195,14,307.406250,2828.500
1785147875.034308195,8,310.703125,2955.250
1785147875.034308195,10,313.968750,3095.250
1785147875.145912170,15,351.765625,3849.250
1785147875.145912170,15,358.343750,3636.000
1785147875.145912170,15,4.718750,8100.500
1785147875.145912170,15,6.359375,8009.500
1785147875.145912170,15,8.015625,7885.750
1785147875.145912170,15,9.656250,7757.750
1785147875.145912170,10,11.218750,7602.500
1785147875.145912170,15,14.515625,7463.250
1785147875.145912170,15,45.937500,108.000
1785147875.145912170,15,48.359375,106.000
1785147875.145912170,15,168.843750,4287.750
1785147875.145912170,15,170.468750,4299.000
1785147875.145912170,15,172.093750,4377.500
1785147875.145912170,15,173.750000,4455.250
1785147875.145912170,8,205.625000,1404.250
1785147875.145912170,15,209.015625,1347.500
1785147875.145912170,15,210.609375,1337.500
1785147875.145912170,15,212.234375,1335.500
1785147875.145912170,15,213.921875,1342.250
1785147875.145912170,14,215.546875,1337.500
1785147875.145912170,11,228.015625,3210.750
1785147875.145912170,15,229.687500,3164.750
1785147875.145912170,11,231.343750,3100.750
1785147875.145912170,15,233.000000,3046.000
1785147875.145912170,10,234.640625,2986.500
1785147875.145912170,11,236.265625,2918.500
1785147875.145912170,15,237.953125,2868.250
1785147875.145912170,13,239.562500,2800.250
1785147875.145912170,15,241.250000,2730.750
1785147875.145912170,12,242.875000,2677.250
1785147875.145912170,15,244.531250,2637.000
1785147875.145912170,12,246.171875,2594.000
1785147875.145912170,12,247.828125,2556.000
1785147875.145912170,14,249.453125,2541.500
1785147875.145912170,15,251.109375,2522.000
1785147875.145912170,10,252.750000,2486.000
1785147875.145912170,10,254.375000,2457.000
1785147875.145912170,15,256.000000,2443.500
1785147875.145912170,15,257.671875,2428.500
1785147875.145912170,15,259.296875,2421.500
1785147875.145912170,15,260.921875,2417.750
1785147875.145912170,15,262.578125,2416.250
1785147875.145912170,15,264.203125,2419.250
1785147875.145912170,12,267.500000,2422.500
1785147875.145912170,15,269.125000,2427.500
1785147875.145912170,12,270.765625,2429.500
1785147875.145912170,15,272.406250,2432.500
1785147875.145912170,11,274.031250,2435.750
1785147875.145912170,15,275.671875,2437.750
1785147875.145912170,8,277.265625,2438.750
1785147875.145912170,9,278.937500,2434.250
1785147875.145912170,7,280.546875,2441.500
1785147875.145912170,7,282.187500,2457.250
1785147875.145912170,15,283.843750,2468.000
1785147875.145912170,15,285.484375,2480.000
1785147875.145912170,15,287.109375,2494.750
1785147875.145912170,15,288.703125,2521.250
1785147875.145912170,8,290.359375,2545.500
1785147875.145912170,8,291.984375,2559.750
1785147875.145912170,7,293.609375,2562.250
1785147875.145912170,15,295.250000,2579.250
1785147875.145912170,14,296.875000,2607.000
1785147875.145912170,11,298.671875,2625.250
1785147875.145912170,9,300.328125,2653.500
1785147875.145912170,14,301.937500,2684.500
1785147875.145912170,11,303.578125,2709.500
1785147875.145912170,8,305.218750,2741.000
1785147875.145912170,15,306.875000,2783.000
1785147875.145912170,12,308.515625,2834.250
1785147875.145912170,14,310.140625,2909.250
1785147875.256529808,15,357.734375,3596.250
1785147875.256529808,15,4.078125,8168.750
1785147875.256529808,15,5.734375,8082.000
1785147875.256529808,15,7.375000,7980.000
1785147875.256529808,15,9.031250,7843.250
1785147875.256529808,15,10.640625,7724.250
1785147875.256529808,7,12.281250,7594.500
1785147875.256529808,15,47.171875,106.750
1785147875.256529808,15,169.890625,4285.000
1785147875.256529808,15,171.546875,4251.500
1785147875.256529808,15,173.156250,4320.000
1785147875.256529808,15,174.796875,4410.250
1785147875.256529808,15,206.750000,1430.750
1785147875.256529808,15,208.343750,1394.500
1785147875.256529808,15,209.984375,1378.000
1785147875.256529808,9,211.671875,1373.000
1785147875.256529808,11,213.359375,1360.500
1785147875.256529808,15,214.984375,1353.250
1785147875.256529808,15,216.593750,1355.500
1785147875.256529808,15,218.203125,1360.000
1785147875.256529808,15,221.453125,1379.250
1785147875.256529808,15,229.046875,3213.750
1785147875.256529808,15,230.671875,3156.000
1785147875.256529808,12,232.328125,3093.750
1785147875.256529808,15,233.968750,3041.250
1785147875.256529808,10,235.625000,2987.250
1785147875.256529808,11,237.281250,2920.500
1785147875.256529808,15,238.921875,2856.750
1785147875.256529808,11,240.578125,2787.750
1785147875.256529808,15,242.203125,2724.250
1785147875.256529808,12,243.859375,2662.000
1785147875.256529808,15,245.531250,2618.000
1785147875.256529808,12,247.156250,2580.250
1785147875.256529808,13,248.812500,2544.250
1785147875.256529808,15,250.421875,2528.250
1785147875.256529808,9,252.093750,2499.500
1785147875.256529808,15,253.734375,2471.250
1785147875.256529808,15,255.375000,2448.500
1785147875.256529808,13,257.015625,2434.500
1785147875.256529808,15,258.656250,2419.750
1785147875.256529808,7,260.312500,2396.250
1785147875.256529808,7,261.937500,2384.250
1785147875.256529808,9,263.593750,2375.250
1785147875.256529808,8,265.218750,2363.750
1785147875.256529808,4,268.484375,2358.250
1785147875.256529808,6,270.140625,2351.750
1785147875.256529808,9,271.781250,2340.750
1785147875.256529808,6,273.421875,2337.250
1785147875.256529808,8,275.093750,2334.500
1785147875.256529808,7,276.718750,2334.500
1785147875.256529808,9,278.343750,2338.000
1785147875.256529808,7,279.968750,2345.750
1785147875.256529808,7,281.625000,2360.000
1785147875.256529808,6,283.250000,2369.750
1785147875.256529808,15,284.921875,2384.500
1785147875.256529808,15,286.531250,2404.000
1785147875.256529808,15,288.171875,2421.250
1785147875.256529808,8,289.781250,2434.000
1785147875.256529808,6,291.421875,2446.500
1785147875.256529808,15,293.062500,2473.250
1785147875.256529808,11,294.703125,2501.000
1785147875.256529808,7,296.328125,2526.500
1785147875.256529808,15,297.953125,2562.500
1785147875.256529808,14,299.703125,2596.750
1785147875.256529808,7,301.328125,2631.000
1785147875.256529808,14,302.953125,2676.750
1785147875.256529808,11,304.625000,2714.750
1785147875.256529808,7,306.250000,2749.000
1785147875.256529808,15,307.890625,2798.500
1785147875.256529808,8,309.500000,2871.250
1785147875.256529808,11,311.156250,2940.250
1785147875.370842934,15,352.093750,3917.250
1785147875.370842934,15,353.750000,3870.250
1785147875.370842934,15,358.703125,3637.000
1785147875.370842934,15,5.062500,8206.500
1785147875.370842934,15,6.703125,8100.500
1785147875.370842934,15,8.343750,7997.750
1785147875.370842934,15,10.000000,7855.000
1785147875.370842934,15,11.578125,7711.250
1785147875.370842934,15,13.218750,7536.500
1785147875.370842934,15,46.046875,107.500
1785147875.370842934,13,159.125000,9508.250
1785147875.370842934,15,170.812500,4284.000
1785147875.370842934,15,172.453125,4245.000
1785147875.370842934,15,174.078125,4318.000
1785147875.370842934,15,175.718750,4405.750
1785147875.370842934,15,177.343750,4498.250
1785147875.370842934,15,178.953125,4615.250
1785147875.370842934,15,209.250000,1429.000
1785147875.370842934,13,210.812500,1412.500
1785147875.370842934,15,212.484375,1394.500
1785147875.370842934,15,214.171875,1371.750
1785147875.370842934,15,215.812500,1367.750
1785147875.370842934,15,217.421875,1370.750
1785147875.370842934,15,219.125000,1373.000
1785147875.370842934,15,220.734375,1379.750
1785147875.370842934,15,223.953125,1408.500
1785147875.370842934,14,229.937500,3204.500
1785147875.370842934,15,231.578125,3150.750
1785147875.370842934,12,233.234375,3084.500
1785147875.370842934,15,234.875000,3035.750
1785147875.370842934,9,236.531250,2983.250
1785147875.370842934,11,238.171875,2919.000
1785147875.370842934,15,239.781250,2863.500
1785147875.370842934,12,241.453125,2793.250
1785147875.370842934,15,243.109375,2724.750
1785147875.370842934,13,244.750000,2673.500
1785147875.370842934,15,246.390625,2639.500
1785147875.370842934,11,248.046875,2605.000
1785147875.370842934,13,249.703125,2562.000
1785147875.370842934,15,251.390625,2536.250
1785147875.370842934,15,253.000000,2518.500
1785147875.370842934,15,254.656250,2493.500
1785147875.370842934,15,256.296875,2474.750
1785147875.370842934,15,257.937500,2456.750
1785147875.370842934,12,259.609375,2438.750
1785147875.370842934,15,261.250000,2424.500
1785147875.370842934,15,262.859375,2418.750
1785147875.370842934,15,264.531250,2420.000
1785147875.370842934,15,266.156250,2415.500
1785147875.370842934,15,269.437500,2408.750
1785147875.370842934,6,271.078125,2394.250
1785147875.370842934,7,272.734375,2377.000
1785147875.370842934,8,274.359375,2367.750
1785147875.370842934,10,276.046875,2368.000
1785147875.370842934,15,277.671875,2374.000
1785147875.370842934,6,279.296875,2378.750
1785147875.370842934,15,280.937500,2394.750
1785147875.370842934,15,282.562500,2413.500
1785147875.370842934,15,284.234375,2415.250
1785147875.370842934,15,285.859375,2420.500
1785147875.370842934,14,287.500000,2426.750
1785147875.370842934,8,289.125000,2436.000
1785147875.370842934,7,290.765625,2451.250
1785147875.370842934,15,292.406250,2471.750
1785147875.370842934,15,294.062500,2500.500
1785147875.370842934,6,295.687500,2522.750
1785147875.370842934,6,297.312500,2548.000
1785147875.370842934,15,298.968750,2582.500
1785147875.370842934,11,300.609375,2612.750
1785147875.370842934,8,302.265625,2642.750
1785147875.370842934,13,303.890625,2682.250
1785147875.370842934,10,305.546875,2720.000
1785147875.370842934,6,307.156250,2752.250
1785147875.370842934,12,308.796875,2795.250
1785147875.370842934,9,313.718750,2976.500
1785147875.370842934,8,316.968750,3125.500
1785147875.483215809,15,353.109375,3874.500
1785147875.483215809,15,6.093750,8102.250
1785147875.483215809,15,7.734375,8035.500
1785147875.483215809,15,9.390625,7915.250
1785147875.483215809,15,10.953125,7786.000
1785147875.483215809,15,12.593750,7685.250
1785147875.483215809,15,14.234375,7587.000
1785147875.483215809,13,15.875000,7462.250
1785147875.483215809,15,48.531250,106.000
1785147875.483215809,15,50.546875,103.250
1785147875.483215809,15,158.562500,9401.000
1785147875.483215809,14,160.203125,9448.750
1785147875.483215809,15,171.890625,4262.250
1785147875.483215809,15,173.531250,4210.000
1785147875.483215809,15,175.187500,4276.250
1785147875.483215809,15,176.812500,4373.500
1785147875.483215809,15,178.406250,4478.750
1785147875.483215809,15,213.546875,1414.500
1785147875.483215809,15,215.156250,1405.000
1785147875.483215809,15,218.453125,1397.250
1785147875.483215809,15,220.031250,1388.000
1785147875.483215809,15,221.687500,1391.000
1785147875.483215809,10,223.328125,1416.750
1785147875.483215809,15,226.593750,1451.750
1785147875.483215809,15,229.343750,3175.750
1785147875.483215809,14,232.656250,3040.250
1785147875.483215809,11,235.937500,2905.500
1785147875.483215809,15,237.578125,2862.500
1785147875.483215809,14,239.250000,2796.250
1785147875.483215809,10,240.890625,2720.500
1785147875.483215809,15,242.546875,2669.250
1785147875.483215809,15,244.203125,2633.750
1785147875.483215809,10,245.828125,2593.250
1785147875.483215809,13,247.468750,2555.500
1785147875.483215809,10,249.125000,2536.750
1785147875.483215809,15,250.812500,2517.750
1785147875.483215809,9,252.484375,2488.250
1785147875.483215809,9,254.125000,2463.250
1785147875.483215809,15,255.765625,2446.500
1785147875.483215809,15,257.421875,2438.500
1785147875.483215809,15,259.062500,2430.750
1785147875.483215809,15,260.734375,2412.750
1785147875.483215809,15,262.359375,2399.500
1785147875.483215809,15,263.984375,2399.250
1785147875.483215809,15,265.656250,2396.750
1785147875.483215809,5,267.281250,2388.500
1785147875.483215809,15,268.953125,2367.250
1785147875.483215809,15,270.593750,2367.500
1785147875.483215809,8,272.234375,2386.000
1785147875.483215809,15,273.843750,2385.750
1785147875.483215809,6,275.390625,2384.500
1785147875.483215809,15,277.046875,2391.250
1785147875.483215809,15,278.671875,2400.500
1785147875.483215809,15,280.312500,2418.500
1785147875.483215809,15,281.953125,2428.500
1785147875.483215809,13,283.593750,2427.000
1785147875.483215809,7,285.234375,2437.250
1785147875.483215809,7,286.859375,2450.250
1785147875.483215809,15,288.484375,2458.500
1785147875.483215809,15,290.093750,2483.000
1785147875.483215809,15,291.734375,2511.500
1785147875.483215809,6,293.359375,2538.500
1785147875.483215809,15,295.000000,2568.500
1785147875.483215809,15,296.640625,2595.250
1785147875.483215809,12,298.265625,2621.500
1785147875.483215809,10,299.953125,2647.500
1785147875.483215809,13,301.562500,2678.000
1785147875.483215809,8,303.203125,2700.250
1785147875.483215809,8,304.859375,2726.000
1785147875.483215809,10,306.484375,2774.250
1785147875.483215809,11,308.109375,2814.250
1785147875.483215809,8,309.750000,2846.000
1785147875.483215809,14,311.375000,2908.750
1785147875.483215809,11,313.015625,2968.000
1785147875.483215809,9,316.265625,3110.250
1785147875.708332062,15,353.500000,3927.250
1785147875.708332062,15,355.171875,3862.500
1785147875.708332062,15,0.125000,3659.750
1785147875.708332062,15,6.468750,8276.750
1785147875.708332062,15,8.125000,8121.250
1785147875.708332062,15,9.750000,7958.750
1785147875.708332062,15,11.375000,7810.750
1785147875.708332062,15,13.015625,7714.750
1785147875.708332062,15,14.671875,7556.250
1785147875.708332062,11,17.968750,7459.500
1785147875.708332062,15,45.828125,107.750
1785147875.708332062,15,159.015625,9191.000
1785147875.708332062,15,160.656250,9249.000
1785147875.708332062,15,162.296875,9346.750
1785147875.708332062,9,167.187500,12126.750
1785147875.708332062,15,178.828125,4365.000
1785147875.708332062,15,180.468750,4427.750
1785147875.708332062,15,217.203125,1444.750
1785147875.708332062,15,218.890625,1427.750
1785147875.708332062,15,220.500000,1413.000
1785147875.708332062,15,222.109375,1405.000
1785147875.708332062,15,223.781250,1408.750
1785147875.708332062,15,225.390625,1429.750
1785147875.708332062,15,233.109375,3005.000
1785147875.708332062,11,234.765625,2936.500
1785147875.708332062,15,236.406250,2883.750
1785147875.708332062,15,238.078125,2834.750
1785147875.708332062,15,239.687500,2781.750
1785147875.708332062,15,241.359375,2738.250
1785147875.708332062,14,243.015625,2685.000
1785147875.708332062,14,244.640625,2643.750
1785147875.708332062,15,246.296875,2615.750
1785147875.708332062,12,247.968750,2574.000
1785147875.708332062,12,249.593750,2545.750
1785147875.708332062,15,251.234375,2526.250
1785147875.708332062,15,252.859375,2499.000
1785147875.708332062,9,254.515625,2477.250
1785147875.708332062,12,256.156250,2453.000
1785147875.708332062,13,257.796875,2439.250
1785147875.708332062,11,259.406250,2440.500
1785147875.708332062,12,261.062500,2438.000
1785147875.708332062,15,262.718750,2434.500
1785147875.708332062,15,264.328125,2426.750
1785147875.708332062,15,266.000000,2422.750
1785147875.708332062,15,267.609375,2415.750
1785147875.708332062,15,269.281250,2412.250
1785147875.708332062,15,270.890625,2419.250
1785147875.708332062,15,272.546875,2423.000
1785147875.708332062,15,274.171875,2427.750
1785147875.708332062,15,275.765625,2418.500
1785147875.708332062,15,277.421875,2410.500
1785147875.708332062,15,279.031250,2415.250
1785147875.708332062,15,280.687500,2424.500
1785147875.708332062,15,282.312500,2434.250
1785147875.708332062,9,283.937500,2439.750
1785147875.708332062,7,285.562500,2446.250
1785147875.708332062,7,287.203125,2453.000
1785147875.708332062,15,288.843750,2472.250
1785147875.708332062,15,290.468750,2496.500
1785147875.708332062,15,292.093750,2514.750
1785147875.708332062,5,293.718750,2544.500
1785147875.708332062,15,295.390625,2568.750
1785147875.708332062,14,296.984375,2595.750
1785147875.708332062,8,298.765625,2635.500
1785147875.708332062,15,300.375000,2666.000
1785147875.708332062,15,302.046875,2690.250
1785147875.708332062,10,303.687500,2724.750
1785147875.708332062,9,305.296875,2780.250
1785147875.708332062,10,306.937500,2831.000
1785147875.708332062,5,308.562500,2875.750
1785147875.708332062,14,310.218750,2929.250
1785147875.708332062,9,313.468750,3085.750
1785147875.819818974,15,354.609375,3908.500
1785147875.819818974,15,356.250000,3862.750
1785147875.819818974,15,359.562500,3634.250
1785147875.819818974,15,1.203125,3684.000
1785147875.819818974,15,5.921875,8449.750
1785147875.819818974,15,7.578125,8248.750
1785147875.819818974,15,9.234375,8080.750
1785147875.819818974,15,10.703125,7932.250
1785147875.819818974,15,46.671875,106.500
1785147875.819818974,15,158.453125,9120.500
1785147875.819818974,15,160.093750,9107.500
1785147875.819818974,15,161.734375,9220.250
1785147875.819818974,15,163.375000,9357.250
1785147875.819818974,15,176.703125,4185.500
1785147875.819818974,15,179.953125,4333.250
1785147875.819818974,15,181.562500,4394.750
1785147875.819818974,15,212.812500,4031.500
1785147875.819818974,15,218.359375,1513.000
1785147875.819818974,15,220.031250,1480.000
1785147875.819818974,15,221.718750,1445.250
1785147875.819818974,15,223.359375,1424.250
1785147875.819818974,15,224.968750,1422.000
1785147875.819818974,12,228.218750,1478.500
1785147875.819818974,15,231.484375,1493.750
1785147875.819818974,12,237.609375,2794.000
1785147875.819818974,15,239.296875,2746.250
1785147875.819818974,15,240.921875,2705.500
1785147875.819818974,12,242.562500,2662.500
1785147875.819818974,15,244.218750,2628.750
1785147875.819818974,11,245.890625,2581.750
1785147875.819818974,13,247.531250,2545.000
1785147875.819818974,15,249.171875,2514.750
1785147875.819818974,12,250.781250,2479.250
1785147875.819818974,12,252.437500,2457.000
1785147875.819818974,15,254.062500,2444.250
1785147875.819818974,14,255.703125,2432.750
1785147875.819818974,13,257.343750,2425.000
1785147875.819818974,15,258.984375,2425.000
1785147875.819818974,7,260.656250,2410.500
1785147875.819818974,15,262.281250,2397.500
1785147875.819818974,11,263.906250,2385.000
1785147875.819818974,8,265.578125,2381.250
1785147875.819818974,7,267.218750,2382.750
1785147875.819818974,8,268.859375,2372.500
1785147875.819818974,6,270.484375,2375.000
1785147875.819818974,15,272.125000,2390.750
1785147875.819818974,15,273.750000,2403.250
1785147875.819818974,15,275.437500,2396.500
1785147875.819818974,15,277.078125,2391.250
1785147875.819818974,15,278.671875,2400.500
1785147875.819818974,15,280.343750,2418.000
1785147875.819818974,15,281.953125,2428.750
1785147875.819818974,9,283.593750,2429.500
1785147875.819818974,7,285.218750,2439.000
1785147875.819818974,15,286.890625,2460.750
1785147875.819818974,15,288.500000,2484.000
1785147875.819818974,15,290.156250,2508.750
1785147875.819818974,7,291.765625,2536.250
1785147875.819818974,15,293.437500,2555.000
1785147875.819818974,15,295.046875,2584.750
1785147875.819818974,9,296.687500,2631.750
1785147875.819818974,12,298.312500,2674.000
1785147875.819818974,15,300.031250,2707.750
1785147875.819818974,8,301.671875,2750.250
1785147875.819818974,12,303.312500,2795.750
1785147875.819818974,11,308.203125,2965.000
1785147875.819818974,15,309.859375,2993.500
1785147875.930839062,15,354.156250,3969.750
1785147875.930839062,15,0.765625,3656.500
1785147875.930839062,11,7.109375,8395.500
1785147875.930839062,15,8.765625,8228.500
1785147875.930839062,15,10.343750,8048.250
1785147875.930839062,15,18.562500,7299.000
1785147875.930839062,15,47.281250,107.250
1785147875.930839062,15,159.656250,8998.000
1785147875.930839062,15,161.281250,9089.250
1785147875.930839062,15,162.921875,9186.250
1785147875.930839062,15,164.562500,9297.500
1785147875.930839062,15,177.890625,4175.000
1785147875.930839062,15,182.781250,4389.250
1785147875.930839062,13,214.015625,3936.250
1785147875.930839062,15,224.562500,1448.250
1785147875.930839062,15,226.156250,1442.750
1785147875.930839062,15,227.734375,1445.750
1785147875.930839062,15,229.375000,1472.250
1785147875.930839062,15,237.140625,2743.000
1785147875.930839062,15,238.781250,2692.000
1785147875.930839062,15,240.421875,2648.500
1785147875.930839062,15,242.078125,2617.500
1785147875.930839062,13,243.750000,2586.500
1785147875.930839062,14,245.390625,2553.750
1785147875.930839062,15,247.062500,2521.250
1785147875.930839062,9,248.671875,2486.250
1785147875.930839062,12,250.343750,2457.500
1785147875.930839062,13,251.953125,2440.250
1785147875.930839062,13,253.593750,2431.750
1785147875.930839062,15,255.250000,2413.000
1785147875.930839062,15,256.890625,2396.500
1785147875.930839062,8,258.500000,2388.000
1785147875.930839062,9,260.187500,2378.500
1785147875.930839062,8,261.796875,2369.500
1785147875.930839062,10,263.468750,2358.000
1785147875.930839062,9,265.062500,2349.750
1785147875.930839062,9,266.718750,2341.000
1785147875.930839062,9,268.375000,2345.000
1785147875.930839062,8,270.031250,2350.000
1785147875.930839062,10,271.640625,2340.750
1785147875.930839062,7,273.281250,2341.750
1785147875.930839062,8,274.906250,2350.500
1785147875.930839062,6,276.515625,2355.500
1785147875.930839062,6,278.187500,2355.750
1785147875.930839062,15,279.812500,2365.250
1785147875.930839062,15,281.421875,2390.000
1785147875.930839062,15,283.046875,2413.750
1785147875.930839062,12,284.703125,2426.750
1785147875.930839062,7,286.343750,2438.000
1785147875.930839062,7,287.968750,2455.250
1785147875.930839062,14,289.593750,2479.500
1785147875.930839062,15,291.218750,2507.500
1785147875.930839062,8,292.859375,2533.000
1785147875.930839062,14,294.484375,2563.000
1785147875.930839062,14,296.109375,2598.750
1785147875.930839062,8,297.765625,2638.500
1785147875.930839062,12,299.515625,2674.750
1785147875.930839062,15,301.125000,2711.250
1785147875.930839062,6,302.781250,2749.000
1785147875.930839062,14,304.406250,2785.500
1785147875.930839062,12,309.328125,2953.750
1785147875.930839062,8,310.953125,2988.500
1785147875.930839062,12,312.593750,3058.500
1785147876.042845964,15,355.250000,3933.500
1785147876.042845964,15,356.890625,3854.250
1785147876.042845964,15,0.203125,3644.750
1785147876.042845964,15,1.828125,3692.000
1785147876.042845964,11,8.187500,8373.500
1785147876.042845964,15,9.828125,8187.000
1785147876.042845964,15,11.468750,7974.500
1785147876.042845964,15,14.734375,9958.500
1785147876.042845964,15,19.703125,7325.250
1785147876.042845964,15,46.609375,107.750
1785147876.042845964,15,50.859375,102.250
1785147876.042845964,15,159.125000,8863.250
1785147876.042845964,15,160.765625,9001.500
1785147876.042845964,15,162.390625,9162.000
1785147876.042845964,15,164.031250,9241.250
1785147876.042845964,15,165.671875,9297.250
1785147876.042845964,15,168.921875,11640.000
1785147876.042845964,15,179.062500,4188.250
1785147876.042845964,15,183.968750,4377.000
1785147876.042845964,15,215.171875,3922.000
1785147876.042845964,14,216.828125,3820.250
1785147876.042845964,15,227.250000,1466.500
1785147876.042845964,15,228.875000,1466.500
1785147876.042845964,15,230.500000,1491.500
1785147876.042845964,15,239.921875,2730.500
1785147876.042845964,15,241.562500,2681.000
1785147876.042845964,15,243.218750,2637.500
1785147876.042845964,15,244.890625,2609.000
1785147876.042845964,13,246.515625,2575.500
1785147876.042845964,15,248.156250,2537.500
1785147876.042845964,15,249.828125,2505.000
1785147876.042845964,13,251.468750,2474.500
1785147876.042845964,11,253.109375,2454.000
1785147876.042845964,13,254.734375,2445.250
1785147876.042845964,12,256.390625,2438.000
1785147876.042845964,14,258.031250,2436.750
1785147876.042845964,15,259.656250,2436.000
1785147876.042845964,15,261.296875,2423.750
1785147876.042845964,15,262.953125,2408.500
1785147876.042845964,15,264.562500,2403.250
1785147876.042845964,15,266.218750,2403.250
1785147876.042845964,15,267.875000,2402.750
1785147876.042845964,15,269.531250,2403.000
1785147876.042845964,15,271.125000,2408.750
1785147876.042845964,15,272.796875,2413.750
1785147876.042845964,15,274.421875,2421.000
1785147876.042845964,15,276.062500,2427.250
1785147876.042845964,15,277.671875,2424.750
1785147876.042845964,15,279.343750,2431.000
1785147876.042845964,7,280.953125,2438.000
1785147876.042845964,9,282.609375,2444.750
1785147876.042845964,15,284.234375,2463.500
1785147876.042845964,15,285.890625,2486.750
1785147876.042845964,13,287.500000,2506.750
1785147876.042845964,8,289.125000,2527.750
1785147876.042845964,7,290.781250,2549.500
1785147876.042845964,15,292.421875,2572.000
1785147876.042845964,15,294.031250,2601.000
1785147876.042845964,10,295.703125,2641.000
1785147876.042845964,14,297.296875,2681.500
1785147876.042845964,14,299.031250,2709.250
1785147876.042845964,8,300.671875,2747.750
1785147876.042845964,10,302.312500,2792.500
1785147876.042845964,9,308.859375,2957.000
1785147876.042845964,5,310.484375,3011.500
1785147876.042845964,15,312.125000,3073.500
1785147876.157605886,15,356.500000,3886.500
1785147876.157605886,15,358.156250,3828.250
1785147876.157605886,15,1.453125,3672.000
1785147876.157605886,15,7.812500,8401.750
1785147876.157605886,14,9.468750,8287.000
1785147876.157605886,15,14.296875,10051.500
1785147876.157605886,15,15.953125,9900.000
1785147876.157605886,15,48.406250,106.250
1785147876.157605886,15,158.625000,8771.250
1785147876.157605886,15,160.250000,8846.500
1785147876.157605886,15,161.890625,8980.750
1785147876.157605886,15,163.531250,9147.000
1785147876.157605886,15,165.171875,9246.500
1785147876.157605886,15,166.812500,9333.000
1785147876.157605886,15,170.062500,11578.000
1785147876.157605886,15,180.171875,4174.000
1785147876.157605886,15,185.062500,4359.750
1785147876.157605886,8,209.640625,4391.750
1785147876.157605886,15,214.609375,3935.000
1785147876.157605886,15,217.906250,3706.750
1785147876.157605886,15,225.000000,1556.500
1785147876.157605886,15,226.656250,1513.750
1785147876.157605886,15,228.328125,1489.000
1785147876.157605886,15,229.937500,1486.000
1785147876.157605886,15,231.562500,1492.500
1785147876.157605886,15,233.171875,1523.500
1785147876.157605886,9,236.437500,1565.000
1785147876.157605886,15,242.640625,2661.500
1785147876.157605886,15,244.265625,2629.000
1785147876.157605886,12,245.906250,2595.500
1785147876.157605886,12,247.593750,2558.750
1785147876.157605886,12,249.203125,2535.000
1785147876.157605886,9,250.890625,2503.000
1785147876.157605886,13,252.515625,2468.250
1785147876.157605886,14,254.171875,2455.500
1785147876.157605886,15,255.796875,2443.500
1785147876.157605886,15,257.437500,2435.750
1785147876.157605886,15,259.078125,2429.500
1785147876.157605886,15,260.734375,2412.750
1785147876.157605886,15,262.390625,2400.500
1785147876.157605886,15,264.000000,2401.750
1785147876.157605886,15,265.671875,2398.250
1785147876.157605886,15,267.312500,2390.000
1785147876.157605886,15,268.953125,2388.250
1785147876.157605886,15,270.562500,2387.500
1785147876.157605886,15,272.234375,2389.250
1785147876.157605886,15,273.828125,2401.250
1785147876.157605886,15,275.468750,2412.000
1785147876.157605886,15,277.109375,2406.000
1785147876.157605886,15,278.765625,2401.000
1785147876.157605886,15,280.390625,2416.000
1785147876.157605886,15,282.031250,2427.250
1785147876.157605886,8,283.687500,2433.500
1785147876.157605886,8,285.312500,2448.750
1785147876.157605886,15,286.921875,2466.750
1785147876.157605886,15,288.593750,2486.250
1785147876.157605886,7,290.218750,2512.500
1785147876.157605886,13,291.843750,2540.750
1785147876.157605886,15,293.468750,2572.000
1785147876.157605886,13,295.093750,2610.500
1785147876.157605886,15,296.734375,2645.000
1785147876.157605886,15,298.359375,2682.000
1785147876.157605886,8,300.015625,2732.000
1785147876.157605886,13,301.671875,2785.000
1785147876.157605886,13,303.312500,2833.250
1785147876.157605886,11,308.203125,2979.000
1785147876.157605886,11,309.812500,3042.500
1785147876.157605886,12,311.484375,3081.750
1785147876.269381046,15,355.890625,3961.000
1785147876.269381046,15,357.546875,3889.250
1785147876.269381046,15,359.187500,3804.000
1785147876.269381046,15,0.859375,3708.750
1785147876.269381046,8,2.500000,3697.250
1785147876.269381046,15,7.218750,8932.000
1785147876.269381046,15,10.406250,8266.250
1785147876.269381046,13,12.046875,8061.000
1785147876.269381046,15,15.296875,9995.500
1785147876.269381046,15,16.953125,9797.750
1785147876.269381046,15,21.906250,7436.000
1785147876.269381046,15,47.406250,107.000
1785147876.269381046,15,159.515625,8748.000
1785147876.269381046,15,161.156250,8868.500
1785147876.269381046,15,162.781250,8957.750
1785147876.269381046,15,164.421875,9092.750
1785147876.269381046,15,166.062500,9220.000
1785147876.269381046,15,167.703125,9297.500
1785147876.269381046,15,181.046875,4210.500
1785147876.269381046,15,185.937500,4343.000
1785147876.269381046,15,187.578125,4421.500
1785147876.269381046,10,210.515625,4427.750
1785147876.269381046,14,213.812500,4113.000
1785147876.269381046,8,220.421875,3625.500
1785147876.269381046,15,227.484375,1571.000
1785147876.269381046,15,230.828125,1505.750
1785147876.269381046,15,232.421875,1509.500
1785147876.269381046,15,234.015625,1537.750
1785147876.269381046,8,235.640625,1570.500
1785147876.269381046,15,243.468750,2665.250
1785147876.269381046,15,245.140625,2634.250
1785147876.269381046,11,246.781250,2595.750
1785147876.269381046,13,248.406250,2555.750
1785147876.269381046,12,250.062500,2529.750
1785147876.269381046,15,251.781250,2505.750
1785147876.269381046,11,253.406250,2473.500
1785147876.269381046,12,255.078125,2446.750
1785147876.269381046,12,256.718750,2442.000
1785147876.269381046,10,258.375000,2442.250
1785147876.269381046,15,259.984375,2434.500
1785147876.269381046,15,261.656250,2428.250
1785147876.269381046,15,263.265625,2422.250
1785147876.269381046,15,264.906250,2418.250
1785147876.269381046,15,266.578125,2415.250
1785147876.269381046,15,268.203125,2410.000
1785147876.269381046,15,269.843750,2404.500
1785147876.269381046,15,271.500000,2403.500
1785147876.269381046,15,273.156250,2407.750
1785147876.269381046,15,274.703125,2408.250
1785147876.269381046,15,276.328125,2410.250
1785147876.269381046,15,278.000000,2414.500
1785147876.269381046,15,279.640625,2415.000
1785147876.269381046,15,281.250000,2415.250
1785147876.269381046,15,282.906250,2428.500
1785147876.269381046,10,284.531250,2446.250
1785147876.269381046,15,286.140625,2458.250
1785147876.269381046,15,287.781250,2475.250
1785147876.269381046,15,289.406250,2502.250
1785147876.269381046,4,291.062500,2525.250
1785147876.269381046,13,292.703125,2552.750
1785147876.269381046,15,294.281250,2587.750
1785147876.269381046,7,295.937500,2624.250
1785147876.269381046,13,297.562500,2665.000
1785147876.269381046,13,299.281250,2708.250
1785147876.269381046,8,300.890625,2755.500
1785147876.269381046,15,302.546875,2797.000
1785147876.269381046,11,304.171875,2835.500
1785147876.269381046,10,305.796875,2899.250
1785147876.269381046,10,307.437500,2952.250
1785147876.269381046,7,309.078125,2986.500
1785147876.269381046,10,310.703125,3054.500
1785147876.269381046,15,312.328125,3112.750
1785147876.379727840,15,356.656250,3947.000
1785147876.379727840,11,358.296875,3864.250
1785147876.379727840,15,1.609375,3667.500
1785147876.379727840,14,3.250000,3718.250
1785147876.379727840,14,11.203125,8238.250
1785147876.379727840,15,16.093750,10029.500
1785147876.379727840,15,17.734375,9884.750
1785147876.379727840,12,21.078125,7265.250
1785147876.379727840,15,45.984375,108.000
1785147876.379727840,15,47.593750,105.750
1785147876.379727840,15,158.718750,8650.750
1785147876.379727840,15,160.359375,8714.750
1785147876.379727840,15,162.015625,8814.750
1785147876.379727840,15,163.656250,8915.500
1785147876.379727840,15,165.296875,9067.000
1785147876.379727840,15,166.937500,9201.500
1785147876.379727840,15,168.593750,9294.750
1785147876.379727840,10,176.781250,11837.000
1785147876.379727840,7,178.328125,11711.250
1785147876.379727840,15,183.484375,4139.750
1785147876.379727840,15,188.375000,4393.500
1785147876.379727840,8,214.609375,4085.500
1785147876.379727840,15,219.531250,3717.750
1785147876.379727840,9,221.203125,3621.750
1785147876.379727840,15,222.843750,3532.000
1785147876.379727840,15,228.328125,1589.500
1785147876.379727840,15,229.906250,1575.750
1785147876.379727840,15,231.593750,1552.250
1785147876.379727840,15,233.234375,1529.750
1785147876.379727840,15,234.859375,1534.000
1785147876.379727840,15,236.500000,1561.000
1785147876.379727840,11,244.312500,2702.000
1785147876.379727840,15,245.968750,2664.250
1785147876.379727840,15,247.609375,2641.000
1785147876.379727840,15,249.250000,2617.750
1785147876.379727840,8,250.921875,2581.000
1785147876.379727840,12,252.546875,2548.250
1785147876.379727840,15,254.203125,2523.500
1785147876.379727840,15,255.875000,2498.500
1785147876.379727840,15,257.515625,2486.750
1785147876.379727840,8,259.171875,2474.750
1785147876.379727840,9,260.781250,2454.000
1785147876.379727840,8,262.421875,2445.500
1785147876.379727840,11,264.062500,2445.500
1785147876.379727840,11,265.718750,2445.250
1785147876.379727840,10,267.375000,2444.250
1785147876.379727840,13,269.000000,2445.750
1785147876.379727840,13,270.640625,2447.250
1785147876.379727840,10,272.281250,2444.500
1785147876.379727840,10,273.921875,2444.250
1785147876.379727840,11,275.515625,2446.000
1785147876.379727840,8,277.156250,2446.000
1785147876.379727840,11,278.812500,2447.500
1785147876.379727840,13,280.437500,2451.750
1785147876.379727840,7,282.078125,2454.000
1785147876.379727840,15,283.687500,2468.750
1785147876.379727840,15,285.359375,2492.500
1785147876.379727840,15,287.000000,2515.500
1785147876.379727840,6,288.625000,2539.750
1785147876.379727840,15,290.250000,2561.750
1785147876.379727840,15,291.859375,2588.250
1785147876.379727840,14,293.500000,2615.250
1785147876.379727840,11,295.140625,2646.500
1785147876.379727840,15,296.750000,2676.000
1785147876.379727840,13,298.406250,2696.250
1785147876.379727840,12,300.093750,2745.250
1785147876.379727840,8,301.734375,2801.750
1785147876.379727840,12,303.359375,2839.250
1785147876.379727840,13,305.031250,2895.000
1785147876.379727840,15,306.640625,2952.250
1785147876.379727840,9,308.281250,2988.000
1785147876.379727840,14,311.562500,3117.750
1785147876.495130777,15,357.562500,3916.500
1785147876.495130777,3,359.234375,3830.000
1785147876.495130777,15,2.546875,3693.000
1785147876.495130777,7,10.453125,8394.500
1785147876.495130777,15,12.109375,8221.000
1785147876.495130777,15,17.000000,10020.250
1785147876.495130777,15,20.328125,7407.500
1785147876.495130777,15,21.968750,7267.000
1785147876.495130777,15,47.843750,107.000
1785147876.495130777,15,159.718750,8627.500
1785147876.495130777,15,161.359375,8688.750
1785147876.495130777,15,163.000000,8793.000
1785147876.495130777,15,164.625000,8895.750
1785147876.495130777,15,166.281250,9018.250
1785147876.495130777,14,167.906250,9125.750
1785147876.495130777,15,169.562500,9252.500
1785147876.495130777,10,177.718750,11876.000
1785147876.495130777,15,184.500000,4156.750
1785147876.495130777,15,189.421875,4363.250
1785147876.495130777,15,213.968750,4181.500
1785147876.495130777,12,215.625000,4093.250
1785147876.495130777,15,220.578125,3718.750
1785147876.495130777,9,222.234375,3621.750
1785147876.495130777,15,223.890625,3521.250
1785147876.495130777,15,230.984375,1623.000
1785147876.495130777,15,232.656250,1576.750
1785147876.495130777,15,234.265625,1553.750
1785147876.495130777,15,235.906250,1565.000
1785147876.495130777,15,237.562500,1589.250
1785147876.495130777,10,239.203125,1609.250
1785147876.495130777,13,245.359375,2700.500
1785147876.495130777,15,247.046875,2663.000
1785147876.495130777,15,248.656250,2638.750
1785147876.495130777,15,250.312500,2615.750
1785147876.495130777,11,251.921875,2585.000
1785147876.495130777,14,253.578125,2553.000
1785147876.495130777,13,255.203125,2531.000
1785147876.495130777,15,256.875000,2511.750
1785147876.495130777,13,258.515625,2487.750
1785147876.495130777,10,260.109375,2468.000
1785147876.495130777,13,261.765625,2453.500
1785147876.495130777,13,263.421875,2447.250
1785147876.495130777,12,265.062500,2445.750
1785147876.495130777,10,266.703125,2443.250
1785147876.495130777,9,268.296875,2446.000
1785147876.495130777,11,269.953125,2446.000
1785147876.495130777,12,271.625000,2442.750
1785147876.495130777,11,273.234375,2443.750
1785147876.495130777,11,274.843750,2444.750
1785147876.495130777,8,276.500000,2445.750
1785147876.495130777,8,278.109375,2447.500
1785147876.495130777,6,279.781250,2447.500
1785147876.495130777,15,281.406250,2456.250
1785147876.495130777,15,283.031250,2467.500
1785147876.495130777,15,284.656250,2479.500
1785147876.495130777,15,286.296875,2503.250
1785147876.495130777,8,287.921875,2530.250
1785147876.495130777,7,289.546875,2557.250
1785147876.495130777,13,291.171875,2587.500
1785147876.495130777,10,292.812500,2616.500
1785147876.495130777,8,294.437500,2644.000
1785147876.495130777,14,296.062500,2677.750
1785147876.495130777,15,297.703125,2708.750
1785147876.495130777,8,299.437500,2748.500
1785147876.495130777,11,301.093750,2795.500
1785147876.495130777,10,302.718750,2839.500
1785147876.495130777,12,304.343750,2895.250
1785147876.495130777,13,305.968750,2946.750
1785147876.495130777,10,307.640625,2980.250
1785147876.495130777,11,309.250000,3037.750
1785147876.495130777,9,310.890625,3098.250
1785147876.495130777,8,312.515625,3130.250
1785147876.495130777,10,314.156250,3190.500
1785147876.605819941,15,358.515625,3887.000
1785147876.605819941,15,0.171875,3829.750
1785147876.605819941,15,3.453125,3697.250
1785147876.605819941,11,13.015625,8108.750
1785147876.605819941,15,17.890625,9955.500
1785147876.605819941,15,22.859375,7320.250
1785147876.605819941,15,47.046875,107.750
1785147876.605819941,15,159.000000,8556.000
1785147876.605819941,15,160.640625,8602.000
1785147876.605819941,15,162.281250,8660.250
1785147876.605819941,15,163.921875,8742.750
1785147876.605819941,15,165.562500,8841.750
1785147876.605819941,15,167.203125,8978.000
1785147876.605819941,15,168.843750,9110.250
1785147876.605819941,15,170.468750,9233.750
1785147876.605819941,11,178.578125,11948.750
1785147876.605819941,15,185.343750,4171.750
1785147876.605819941,15,190.234375,4390.000
1785147876.605819941,10,208.250000,5129.750
1785147876.605819941,12,211.578125,4770.500
1785147876.605819941,9,218.187500,4083.500
1785147876.605819941,13,219.828125,3962.000
1785147876.605819941,8,221.500000,3847.500
1785147876.605819941,15,223.140625,3735.500
1785147876.605819941,15,226.453125,3538.000
1785147876.605819941,15,231.812500,1634.500
1785147876.605819941,15,233.484375,1620.500
1785147876.605819941,15,235.156250,1596.500
1785147876.605819941,15,236.781250,1579.250
1785147876.605819941,15,238.375000,1604.750
1785147876.605819941,15,240.031250,1626.500
1785147876.605819941,15,247.875000,2737.500
1785147876.605819941,11,249.546875,2705.250
1785147876.605819941,15,251.140625,2668.500
1785147876.605819941,13,252.765625,2645.250
1785147876.605819941,15,254.406250,2617.750
1785147876.605819941,9,256.062500,2578.000
1785147876.605819941,13,257.703125,2552.750
1785147876.605819941,15,259.359375,2530.250
1785147876.605819941,15,260.984375,2517.500
1785147876.605819941,15,262.640625,2509.250
1785147876.605819941,15,264.265625,2494.000
1785147876.605819941,9,265.921875,2484.000
1785147876.605819941,15,267.546875,2479.000
1785147876.605819941,9,269.187500,2472.500
1785147876.605819941,8,270.843750,2464.500
1785147876.605819941,9,272.468750,2461.500
1785147876.605819941,10,274.093750,2461.500
1785147876.605819941,9,275.703125,2461.750
1785147876.605819941,9,277.375000,2463.250
1785147876.605819941,8,278.984375,2460.250
1785147876.605819941,15,280.640625,2464.000
1785147876.605819941,8,282.296875,2469.750
1785147876.605819941,15,283.890625,2478.500
1785147876.605819941,15,285.515625,2499.000
1785147876.605819941,13,287.187500,2513.500
1785147876.605819941,7,288.796875,2537.250
1785147876.605819941,6,290.453125,2555.500
1785147876.605819941,15,292.093750,2572.000
1785147876.605819941,13,293.703125,2602.750
1785147876.605819941,8,295.328125,2633.750
1785147876.605819941,14,296.937500,2666.750
1785147876.605819941,15,298.703125,2692.500
1785147876.605819941,12,300.359375,2710.250
1785147876.605819941,10,301.968750,2750.250
1785147876.605819941,13,303.625000,2799.250
1785147876.605819941,11,305.265625,2840.250
1785147876.605819941,4,306.875000,2885.250
1785147876.605819941,12,310.156250,2933.000
1785147876.717637777,15,359.343750,3912.250
1785147876.717637777,15,2.640625,3683.000
1785147876.717637777,15,4.265625,3729.000
1785147876.717637777,9,12.218750,8392.750
1785147876.717637777,15,13.859375,8260.250
1785147876.717637777,15,18.750000,9951.500
1785147876.717637777,14,23.718750,7333.250
1785147876.717637777,15,46.421875,106.500
1785147876.717637777,15,158.125000,8532.250
1785147876.717637777,15,159.765625,8468.250
1785147876.717637777,15,161.406250,8552.000
1785147876.717637777,15,163.046875,8651.000
1785147876.717637777,15,164.687500,8742.750
1785147876.717637777,15,166.312500,8869.000
1785147876.717637777,15,167.953125,9000.500
1785147876.717637777,15,169.593750,9099.750
1785147876.717637777,15,171.234375,9191.000
1785147876.717637777,15,187.859375,4145.250
1785147876.717637777,15,192.765625,4407.500
1785147876.717637777,15,217.375000,4127.750
1785147876.717637777,15,222.343750,3757.000
1785147876.717637777,15,225.625000,3550.250
1785147876.717637777,15,235.859375,1623.000
1785147876.717637777,15,237.453125,1617.500
1785147876.717637777,15,239.140625,1635.750
1785147876.717637777,15,240.750000,1638.750
1785147876.717637777,15,242.375000,1648.500
1785147876.717637777,15,243.984375,1677.250
1785147876.717637777,15,250.203125,2722.250
1785147876.717637777,12,251.859375,2690.250
1785147876.717637777,12,253.546875,2661.250
1785147876.717637777,15,255.171875,2632.500
1785147876.717637777,8,256.781250,2597.500
1785147876.717637777,13,258.437500,2563.500
1785147876.717637777,12,260.078125,2542.000
1785147876.717637777,12,261.734375,2534.750
1785147876.717637777,15,263.390625,2523.750
1785147876.717637777,15,264.984375,2508.000
1785147876.717637777,15,266.625000,2499.500
1785147876.717637777,15,268.265625,2491.750
1785147876.717637777,15,269.906250,2484.250
1785147876.717637777,7,271.578125,2478.000
1785147876.717637777,15,273.187500,2478.750
1785147876.717637777,11,274.843750,2480.750
1785147876.717637777,9,276.468750,2478.250
1785147876.717637777,15,278.125000,2485.000
1785147876.717637777,15,279.734375,2485.500
1785147876.717637777,15,281.406250,2483.750
1785147876.717637777,15,283.031250,2487.750
1785147876.717637777,15,284.656250,2490.750
1785147876.717637777,15,286.296875,2505.000
1785147876.717637777,15,287.921875,2528.500
1785147876.717637777,7,289.562500,2548.500
1785147876.717637777,6,291.171875,2563.500
1785147876.717637777,15,292.812500,2588.500
1785147876.717637777,11,294.437500,2619.750
1785147876.717637777,7,296.062500,2646.750
1785147876.717637777,15,297.703125,2676.250
1785147876.717637777,12,299.468750,2707.500
1785147876.717637777,7,301.109375,2748.250
1785147876.717637777,12,302.750000,2793.000
1785147876.717637777,8,304.375000,2834.250
1785147876.717637777,13,306.015625,2888.250
1785147876.717637777,12,307.671875,2938.750
1785147876.717637777,13,309.296875,2963.000
1785147876.717637777,8,310.921875,3014.750
1785147876.717637777,10,312.546875,3084.250
1785147876.717637777,12,314.203125,3116.500
1785147876.828879118,15,358.468750,3972.750
1785147876.828879118,15,3.437500,3680.750
1785147876.828879118,15,5.062500,3742.000
1785147876.828879118,15,13.046875,8311.000
1785147876.828879118,15,14.703125,8152.250
1785147876.828879118,15,19.578125,9936.500
1785147876.828879118,15,24.562500,7206.250
1785147876.828879118,15,45.984375,107.750
1785147876.828879118,15,51.062500,102.250
1785147876.828879118,15,158.953125,8368.500
1785147876.828879118,15,160.593750,8437.250
1785147876.828879118,15,162.218750,8515.250
1785147876.828879118,15,163.859375,8600.250
1785147876.828879118,15,165.500000,8709.750
1785147876.828879118,15,167.125000,8798.000
1785147876.828879118,15,168.765625,8898.250
1785147876.828879118,15,170.406250,9020.750
1785147876.828879118,15,172.046875,9186.750
1785147876.828879118,15,175.281250,11819.000
1785147876.828879118,11,176.921875,11925.500
1785147876.828879118,14,178.640625,12099.500
1785147876.828879118,10,180.281250,12072.500
1785147876.828879118,8,181.937500,11881.250
1785147876.828879118,15,188.734375,4161.250
1785147876.828879118,15,193.625000,4368.750
1785147876.828879118,10,211.625000,4767.750
1785147876.828879118,15,216.593750,4143.000
1785147876.828879118,6,224.843750,3510.500
1785147876.828879118,8,226.468750,3416.000
1785147876.828879118,15,229.750000,3225.500
1785147876.828879118,15,238.343750,1643.500
1785147876.828879118,15,239.968750,1641.750
1785147876.828879118,15,241.640625,1644.250
1785147876.828879118,15,243.281250,1649.500
1785147876.828879118,15,244.859375,1669.000
1785147876.828879118,9,251.140625,2603.000
1785147876.828879118,11,252.765625,2572.750
1785147876.828879118,15,254.406250,2549.000
1785147876.828879118,15,256.062500,2530.000
1785147876.828879118,9,257.687500,2503.000
1785147876.828879118,11,259.343750,2479.500
1785147876.828879118,12,261.000000,2469.250
1785147876.828879118,12,262.609375,2458.500
1785147876.828879118,10,264.250000,2454.250
1785147876.828879118,11,265.906250,2454.750
1785147876.828879118,11,267.546875,2452.500
1785147876.828879118,8,269.171875,2456.250
1785147876.828879118,10,270.812500,2460.750
1785147876.828879118,9,272.453125,2459.250
1785147876.828879118,9,274.078125,2450.250
1785147876.828879118,10,275.687500,2441.750
1785147876.828879118,13,277.312500,2452.250
1785147876.828879118,8,278.968750,2455.750
1785147876.828879118,15,280.593750,2459.750
1785147876.828879118,7,282.234375,2467.000
1785147876.828879118,15,283.859375,2467.000
1785147876.828879118,15,285.500000,2487.000
1785147876.828879118,15,287.109375,2510.500
1785147876.828879118,15,288.734375,2520.750
1785147876.828879118,9,290.375000,2538.000
1785147876.828879118,14,291.984375,2568.000
1785147876.828879118,13,293.625000,2590.750
1785147876.828879118,13,295.250000,2615.250
1785147876.828879118,9,296.890625,2643.250
1785147876.828879118,15,298.609375,2676.250
1785147876.828879118,15,300.234375,2709.250
1785147876.828879118,11,301.890625,2733.500
1785147876.828879118,11,303.515625,2780.250
1785147876.828879118,8,305.156250,2822.500
1785147876.828879118,4,306.765625,2864.500
1785147876.828879118,13,308.406250,2928.500
1785147876.828879118,8,310.046875,2960.750
1785147876.828879118,6,311.671875,2997.500
1785147876.828879118,10,313.312500,3065.000
1785147876.828879118,10,314.921875,3108.000
1785147876.828879118,7,316.546875,3166.250
1785147876.943320990,15,359.203125,3958.250
1785147876.943320990,15,4.140625,3701.500
1785147876.943320990,15,5.781250,3774.750
1785147876.943320990,13,15.437500,8124.000
1785147876.943320990,15,20.328125,9879.750
1785147876.943320990,15,25.296875,7186.500
1785147876.943320990,15,47.000000,106.500
1785147876.943320990,15,159.578125,8351.500
1785147876.943320990,15,161.234375,8448.250
1785147876.943320990,15,162.859375,8499.500
1785147876.943320990,15,164.484375,8565.500
1785147876.943320990,15,166.140625,8674.500
1785147876.943320990,15,167.765625,8754.750
1785147876.943320990,15,169.406250,8866.750
1785147876.943320990,15,171.046875,9039.000
1785147876.943320990,15,172.671875,9178.000
1785147876.943320990,15,174.328125,9262.500
1785147876.943320990,9,185.859375,11387.500
1785147876.943320990,15,189.359375,4202.250
1785147876.943320990,9,212.250000,4770.500
1785147876.943320990,15,217.218750,4186.000
1785147876.943320990,9,218.859375,4082.750
1785147876.943320990,14,225.468750,3598.500
1785147876.943320990,15,227.046875,3504.250
1785147876.943320990,11,228.687500,3402.250
1785147876.943320990,15,231.984375,3206.250
1785147876.943320990,15,237.328125,1698.250
1785147876.943320990,15,238.937500,1668.750
1785147876.943320990,15,240.593750,1660.250
1785147876.943320990,15,242.234375,1663.500
1785147876.943320990,15,243.859375,1678.250
1785147876.943320990,15,245.500000,1692.500
1785147876.943320990,15,247.062500,1723.500
1785147876.943320990,12,253.390625,2573.500
1785147876.943320990,14,255.046875,2545.250
1785147876.943320990,15,256.703125,2517.250
1785147876.943320990,9,258.359375,2486.500
1785147876.943320990,13,259.968750,2469.500
1785147876.943320990,11,261.625000,2455.750
1785147876.943320990,14,263.281250,2444.750
1785147876.943320990,12,264.906250,2433.250
1785147876.943320990,12,266.531250,2433.000
1785147876.943320990,15,268.187500,2434.500
1785147876.943320990,9,269.796875,2432.250
1785147876.943320990,15,271.484375,2435.000
1785147876.943320990,15,273.093750,2432.000
1785147876.943320990,15,274.656250,2429.750
1785147876.943320990,15,276.281250,2430.000
1785147876.943320990,15,277.921875,2425.000
1785147876.943320990,15,279.578125,2417.750
1785147876.943320990,15,281.187500,2418.500
1785147876.943320990,9,282.812500,2429.250
1785147876.943320990,15,284.453125,2436.000
1785147876.943320990,6,286.093750,2446.000
1785147876.943320990,10,287.703125,2455.750
1785147876.943320990,15,289.328125,2463.000
1785147876.943320990,15,290.968750,2486.500
1785147876.943320990,14,292.609375,2506.000
1785147876.943320990,9,294.250000,2527.500
1785147876.943320990,14,295.843750,2559.750
1785147876.943320990,15,297.468750,2589.500
1785147876.943320990,12,299.234375,2614.250
1785147876.943320990,7,300.859375,2641.000
1785147876.943320990,15,302.484375,2677.250
1785147876.943320990,14,304.156250,2704.000
1785147876.943320990,11,305.750000,2727.250
1785147876.943320990,10,307.406250,2768.000
1785147876.943320990,15,312.281250,2938.250
1785147876.943320990,8,313.906250,2959.500
1785147876.943320990,6,315.546875,3006.750
1785147876.943320990,12,317.171875,3086.000
1785147877.054988146,15,4.734375,3708.000
1785147877.054988146,15,6.390625,3776.750
1785147877.054988146,8,14.296875,8399.000
1785147877.054988146,12,15.953125,8163.500
1785147877.054988146,15,20.828125,9970.500
1785147877.054988146,15,46.046875,108.500
1785147877.054988146,15,47.734375,106.000
1785147877.054988146,15,158.468750,8227.000
1785147877.054988146,15,160.109375,8237.750
1785147877.054988146,15,161.750000,8350.000
1785147877.054988146,15,163.390625,8437.000
1785147877.054988146,15,165.031250,8484.000
1785147877.054988146,15,166.671875,8588.500
1785147877.054988146,15,168.312500,8688.500
1785147877.054988146,15,169.953125,8813.000
1785147877.054988146,15,171.593750,8952.750
1785147877.054988146,15,173.234375,9105.750
1785147877.054988146,15,174.875000,9235.750
1785147877.054988146,10,181.343750,11938.250
1785147877.054988146,15,191.406250,4158.750
1785147877.054988146,15,196.296875,4378.750
1785147877.054988146,15,219.234375,4154.750
1785147877.054988146,15,222.531250,3885.750
1785147877.054988146,15,227.500000,3526.500
1785147877.054988146,15,232.468750,3225.500
1785147877.054988146,15,241.078125,1680.750
1785147877.054988146,15,242.687500,1682.500
1785147877.054988146,15,244.328125,1697.750
1785147877.054988146,15,245.937500,1707.000
1785147877.054988146,15,247.578125,1726.500
1785147877.054988146,12,253.906250,2580.500
1785147877.054988146,15,255.578125,2547.250
1785147877.054988146,15,257.187500,2518.750
1785147877.054988146,8,258.859375,2492.000
1785147877.054988146,12,260.500000,2477.250
1785147877.054988146,11,262.140625,2460.750
1785147877.054988146,13,263.796875,2451.000
1785147877.054988146,11,265.437500,2448.000
1785147877.054988146,15,267.062500,2446.000
1785147877.054988146,13,268.718750,2445.750
1785147877.054988146,10,270.359375,2446.250
1785147877.054988146,11,272.000000,2447.250
1785147877.054988146,10,273.656250,2444.750
1785147877.054988146,8,275.218750,2445.750
1785147877.054988146,9,276.828125,2441.250
1785147877.054988146,10,278.500000,2433.250
1785147877.054988146,9,280.093750,2435.250
1785147877.054988146,13,281.750000,2439.000
1785147877.054988146,15,283.375000,2439.000
1785147877.054988146,9,285.015625,2436.750
1785147877.054988146,11,286.656250,2438.000
1785147877.054988146,8,288.296875,2436.500
1785147877.054988146,6,289.953125,2436.500
1785147877.054988146,7,291.578125,2449.250
1785147877.054988146,15,293.203125,2471.000
1785147877.054988146,15,294.812500,2491.000
1785147877.054988146,12,296.453125,2514.000
1785147877.054988146,15,298.062500,2549.500
1785147877.054988146,12,299.812500,2589.250
1785147877.054988146,7,301.406250,2624.500
1785147877.054988146,10,303.062500,2661.500
1785147877.054988146,13,304.687500,2692.250
1785147877.054988146,11,306.328125,2723.750
1785147877.054988146,12,307.968750,2773.000
1785147877.054988146,8,314.500000,2973.000
1785147877.054988146,11,317.750000,3102.750
1785147877.165653944,15,0.359375,3950.250
1785147877.165653944,15,5.296875,3705.000
1785147877.165653944,15,11.578125,9119.000
1785147877.165653944,10,16.515625,8104.500
1785147877.165653944,15,21.390625,9980.500
1785147877.165653944,15,46.578125,107.500
1785147877.165653944,15,159.109375,8168.500
1785147877.165653944,15,160.750000,8218.750
1785147877.165653944,15,162.390625,8273.750
1785147877.165653944,15,164.031250,8360.500
1785147877.165653944,15,165.671875,8463.750
1785147877.165653944,15,167.312500,8545.000
1785147877.165653944,15,168.953125,8658.250
1785147877.165653944,15,170.593750,8776.500
1785147877.165653944,15,172.234375,8905.750
1785147877.165653944,15,173.859375,9028.250
1785147877.165653944,14,175.515625,9152.250
1785147877.165653944,11,178.703125,11746.000
1785147877.165653944,13,180.359375,11906.000
1785147877.165653944,13,181.984375,12057.500
1785147877.165653944,10,183.625000,12058.750
1785147877.165653944,10,185.265625,11842.750
1785147877.165653944,15,192.046875,4196.250
1785147877.165653944,15,221.531250,3944.000
1785147877.165653944,15,226.500000,3545.750
1785147877.165653944,7,228.140625,3444.500
1785147877.165653944,15,229.796875,3350.000
1785147877.165653944,15,233.093750,3153.500
1785147877.165653944,12,234.750000,3092.250
1785147877.165653944,15,240.015625,1747.250
1785147877.165653944,15,241.656250,1723.500
1785147877.165653944,15,243.296875,1712.500
1785147877.165653944,15,244.968750,1710.250
1785147877.165653944,15,252.859375,2574.250
1785147877.165653944,15,254.515625,2549.000
1785147877.165653944,15,256.140625,2516.250
1785147877.165653944,15,257.781250,2497.750
1785147877.165653944,14,259.453125,2486.250
1785147877.165653944,13,261.062500,2467.500
1785147877.165653944,15,262.718750,2457.000
1785147877.165653944,12,264.343750,2452.000
1785147877.165653944,10,266.015625,2451.250
1785147877.165653944,11,267.609375,2444.500
1785147877.165653944,11,269.265625,2431.500
1785147877.165653944,15,270.890625,2422.750
1785147877.165653944,15,272.546875,2424.250
1785147877.165653944,15,274.171875,2428.500
1785147877.165653944,15,275.781250,2429.000
1785147877.165653944,15,277.421875,2422.000
1785147877.165653944,15,279.031250,2418.500
1785147877.165653944,15,280.671875,2421.500
1785147877.165653944,15,282.343750,2421.000
1785147877.165653944,15,283.937500,2418.500
1785147877.165653944,15,285.609375,2420.750
1785147877.165653944,10,287.218750,2431.250
1785147877.165653944,15,288.828125,2434.000
1785147877.165653944,9,290.500000,2435.750
1785147877.165653944,7,292.109375,2446.250
1785147877.165653944,15,293.750000,2462.500
1785147877.165653944,15,295.375000,2488.500
1785147877.165653944,15,297.015625,2519.250
1785147877.165653944,7,298.750000,2543.750
1785147877.165653944,15,300.375000,2573.750
1785147877.165653944,11,302.015625,2614.250
1785147877.165653944,11,303.671875,2653.750
1785147877.165653944,15,305.281250,2685.750
1785147877.165653944,8,306.921875,2715.500
1785147877.165653944,13,308.578125,2761.250
1785147877.165653944,15,310.218750,2816.250
1785147877.165653944,8,311.828125,2886.750
1785147877.165653944,15,315.078125,2958.500
1785147877.165653944,12,316.734375,3034.500
1785147877.165653944,12,318.343750,3105.000
1785147877.165653944,7,320.000000,3173.000
1785147877.281374931,15,1.046875,3933.750
1785147877.281374931,15,5.968750,3713.250
1785147877.281374931,15,18.718750,10284.250
1785147877.281374931,15,20.343750,10095.750
1785147877.281374931,15,21.984375,10013.500
1785147877.281374931,15,46.390625,106.500
1785147877.281374931,15,159.671875,8135.250
1785147877.281374931,15,161.312500,8191.500
1785147877.281374931,15,162.953125,8237.500
1785147877.281374931,15,164.593750,8293.250
1785147877.281374931,15,166.234375,8417.500
1785147877.281374931,15,167.875000,8513.000
1785147877.281374931,15,169.515625,8597.750
1785147877.281374931,15,171.140625,8678.750
1785147877.281374931,15,172.781250,8793.750
1785147877.281374931,15,174.437500,8965.500
1785147877.281374931,15,176.062500,9099.750
1785147877.281374931,15,177.718750,9217.500
1785147877.281374931,15,194.234375,4189.500
1785147877.281374931,9,213.906250,4439.500
1785147877.281374931,7,222.156250,3632.250
1785147877.281374931,15,223.828125,3532.500
1785147877.281374931,15,228.796875,3191.250
1785147877.281374931,15,232.078125,3049.000
1785147877.281374931,15,233.734375,2996.250
1785147877.281374931,15,235.375000,2936.500
1785147877.281374931,8,237.015625,2916.750
1785147877.281374931,15,240.625000,1765.500
1785147877.281374931,15,246.906250,2624.500
1785147877.281374931,15,248.578125,2580.250
1785147877.281374931,15,255.078125,2439.250
1785147877.281374931,14,256.734375,2428.250
1785147877.281374931,15,258.375000,2419.000
1785147877.281374931,15,260.015625,2411.750
1785147877.281374931,10,261.656250,2393.750
1785147877.281374931,10,263.296875,2378.000
1785147877.281374931,10,264.890625,2377.750
1785147877.281374931,9,266.546875,2370.250
1785147877.281374931,8,268.187500,2359.750
1785147877.281374931,8,269.812500,2352.500
1785147877.281374931,7,271.468750,2344.750
1785147877.281374931,7,273.109375,2337.000
1785147877.281374931,8,274.687500,2341.000
1785147877.281374931,14,276.312500,2337.000
1785147877.281374931,7,277.937500,2337.000
1785147877.281374931,7,279.578125,2346.500
1785147877.281374931,7,281.250000,2349.500
1785147877.281374931,5,282.843750,2355.250
1785147877.281374931,6,284.500000,2361.250
1785147877.281374931,9,286.125000,2368.000
1785147877.281374931,15,287.734375,2385.250
1785147877.281374931,15,289.343750,2408.750
1785147877.281374931,15,290.984375,2424.250
1785147877.281374931,8,292.640625,2432.500
1785147877.281374931,7,294.265625,2440.000
1785147877.281374931,15,295.875000,2458.250
1785147877.281374931,15,297.500000,2494.000
1785147877.281374931,7,299.265625,2530.750
1785147877.281374931,11,300.921875,2562.000
1785147877.281374931,11,302.546875,2598.000
1785147877.281374931,9,304.187500,2637.750
1785147877.281374931,12,305.812500,2676.000
1785147877.281374931,15,307.468750,2715.500
1785147877.281374931,12,309.093750,2767.750
1785147877.281374931,10,310.703125,2826.000
1785147877.281374931,13,313.968750,2960.000
1785147877.281374931,7,318.859375,3167.750
1785147877.391680956,15,3.203125,3843.750
1785147877.391680956,15,6.484375,3726.000
1785147877.391680956,7,16.015625,8390.000
1785147877.391680956,15,19.250000,10313.500
1785147877.391680956,15,20.890625,10118.500
1785147877.391680956,15,22.531250,9970.250
1785147877.391680956,15,46.328125,107.750
1785147877.391680956,15,47.390625,105.750
1785147877.391680956,15,158.593750,8110.500
1785147877.391680956,15,160.234375,8114.500
1785147877.391680956,15,161.875000,8149.750
1785147877.391680956,15,163.515625,8208.250
1785147877.391680956,15,165.156250,8288.750
1785147877.391680956,15,166.796875,8364.250
1785147877.391680956,15,168.421875,8480.000
1785147877.391680956,15,170.062500,8574.500
1785147877.391680956,15,171.703125,8663.000
1785147877.391680956,15,173.343750,8771.500
1785147877.391680956,15,174.968750,8934.250
1785147877.391680956,15,176.625000,9086.750
1785147877.391680956,15,178.234375,9188.750
1785147877.391680956,7,214.468750,4422.250
1785147877.391680956,9,222.734375,3643.250
1785147877.391680956,15,224.375000,3555.750
1785147877.391680956,15,229.296875,3215.750
1785147877.391680956,9,230.937500,3141.750
1785147877.391680956,13,232.593750,3069.500
1785147877.391680956,15,234.218750,3014.250
1785147877.391680956,12,235.875000,2951.500
1785147877.391680956,15,237.546875,2898.750
1785147877.391680956,13,247.390625,2643.500
1785147877.391680956,12,249.046875,2607.250
1785147877.391680956,14,250.734375,2565.000
1785147877.391680956,15,255.640625,2464.750
1785147877.391680956,15,257.312500,2457.000
1785147877.391680956,15,258.953125,2446.500
1785147877.391680956,15,260.562500,2438.750
1785147877.391680956,15,262.234375,2432.250
1785147877.391680956,15,263.859375,2429.500
1785147877.391680956,15,265.515625,2426.500
1785147877.391680956,15,267.140625,2425.250
1785147877.391680956,15,268.765625,2425.750
1785147877.391680956,15,270.406250,2419.750
1785147877.391680956,15,272.078125,2416.500
1785147877.391680956,15,273.703125,2413.500
1785147877.391680956,15,275.296875,2414.500
1785147877.391680956,15,276.937500,2411.750
1785147877.391680956,15,278.578125,2416.750
1785147877.391680956,15,280.234375,2418.000
1785147877.391680956,15,281.859375,2415.750
1785147877.391680956,15,283.500000,2426.750
1785147877.391680956,15,285.125000,2425.750
1785147877.391680956,15,286.750000,2428.000
1785147877.391680956,12,288.390625,2436.750
1785147877.391680956,11,290.031250,2442.250
1785147877.391680956,7,291.656250,2451.500
1785147877.391680956,15,293.296875,2469.750
1785147877.391680956,15,294.906250,2492.500
1785147877.391680956,7,296.546875,2517.250
1785147877.391680956,14,298.187500,2550.500
1785147877.391680956,15,299.921875,2588.500
1785147877.391680956,5,301.546875,2624.000
1785147877.391680956,11,303.187500,2663.500
1785147877.391680956,11,304.843750,2694.500
1785147877.391680956,10,306.468750,2723.750
1785147877.391680956,8,308.125000,2782.750
1785147877.391680956,13,309.734375,2843.500
1785147877.391680956,4,311.390625,2881.500
1785147877.391680956,11,316.296875,3025.250
1785147877.391680956,11,317.906250,3087.500
1785147877.503705025,15,2.109375,3925.000
1785147877.503705025,15,5.390625,3723.000
1785147877.503705025,8,7.062500,3740.750
1785147877.503705025,7,16.656250,8379.750
1785147877.503705025,15,19.906250,10281.750
1785147877.503705025,15,21.546875,10095.500
1785147877.503705025,15,23.187500,10004.500
1785147877.503705025,15,46.843750,107.250
1785147877.503705025,14,50.671875,101.500
1785147877.503705025,15,160.687500,8100.500
1785147877.503705025,15,162.328125,8145.500
1785147877.503705025,15,163.953125,8160.000
1785147877.503705025,15,165.593750,8233.750
1785147877.503705025,15,167.218750,8295.000
1785147877.503705025,15,168.875000,8349.250
1785147877.503705025,15,170.500000,8480.000
1785147877.503705025,15,172.125000,8611.500
1785147877.503705025,15,173.765625,8716.750
1785147877.503705025,15,175.390625,8861.750
1785147877.503705025,15,177.031250,9023.500
1785147877.503705025,15,178.734375,9141.250
1785147877.503705025,11,180.375000,9287.500
1785147877.503705025,9,182.015625,9428.500
1785147877.503705025,9,210.000000,4435.000
1785147877.503705025,10,213.281250,4132.000
1785147877.503705025,15,219.890625,3565.000
1785147877.503705025,15,223.203125,3352.250
1785147877.503705025,15,226.500000,3158.750
1785147877.503705025,15,228.171875,3089.750
1785147877.503705025,15,229.812500,3025.250
1785147877.503705025,15,233.093750,2870.000
1785147877.503705025,15,234.750000,2815.250
1785147877.503705025,15,236.406250,2760.000
1785147877.503705025,15,238.078125,2702.500
1785147877.503705025,15,239.718750,2642.250
1785147877.503705025,15,246.296875,2456.000
1785147877.503705025,15,247.953125,2426.750
1785147877.503705025,15,249.609375,2407.500
1785147877.503705025,14,251.187500,2388.500
1785147877.503705025,15,256.078125,2362.000
1785147877.503705025,15,257.734375,2340.500
1785147877.503705025,15,259.359375,2334.750
1785147877.503705025,12,261.015625,2334.500
1785147877.503705025,13,262.609375,2343.250
1785147877.503705025,8,264.265625,2353.750
1785147877.503705025,8,265.890625,2361.000
1785147877.503705025,6,267.531250,2366.000
1785147877.503705025,15,269.156250,2380.750
1785147877.503705025,15,270.796875,2393.000
1785147877.503705025,15,272.453125,2400.250
1785147877.503705025,15,274.031250,2413.500
1785147877.503705025,15,275.703125,2429.000
1785147877.503705025,15,277.328125,2432.750
1785147877.503705025,8,278.968750,2426.500
1785147877.503705025,8,280.593750,2434.500
1785147877.503705025,7,282.250000,2445.750
1785147877.503705025,9,283.859375,2451.250
1785147877.503705025,15,285.515625,2463.500
1785147877.503705025,11,287.125000,2477.500
1785147877.503705025,15,288.781250,2491.250
1785147877.503705025,15,290.390625,2507.250
1785147877.503705025,9,292.046875,2527.000
1785147877.503705025,7,293.656250,2543.500
1785147877.503705025,15,295.296875,2568.500
1785147877.503705025,12,296.906250,2605.000
1785147877.503705025,7,298.656250,2633.500
1785147877.503705025,15,300.296875,2669.750
1785147877.503705025,15,301.906250,2718.750
1785147877.503705025,12,305.203125,2778.250
1785147877.503705025,9,306.812500,2829.000
1785147877.503705025,11,308.421875,2890.250
1785147877.503705025,14,310.093750,2952.500
1785147877.503705025,10,311.718750,2999.000
1785147877.503705025,13,313.343750,3063.000
1785147877.617567062,9,355.734375,10740.750
1785147877.617567062,15,2.531250,3923.500
1785147877.617567062,15,5.828125,3721.250
1785147877.617567062,15,7.468750,3747.000
1785147877.617567062,9,17.031250,8452.500
1785147877.617567062,13,20.281250,10263.750
1785147877.617567062,15,21.921875,10097.500
1785147877.617567062,15,23.562500,9987.000
1785147877.617567062,15,46.703125,106.750
1785147877.617567062,15,161.125000,8075.750
1785147877.617567062,15,162.765625,8104.500
1785147877.617567062,15,164.406250,8149.750
1785147877.617567062,15,166.046875,8204.000
1785147877.617567062,15,167.687500,8306.500
1785147877.617567062,15,169.312500,8435.000
1785147877.617567062,15,170.953125,8510.750
1785147877.617567062,15,172.578125,8570.000
1785147877.617567062,15,174.234375,8701.000
1785147877.617567062,15,175.859375,8868.750
1785147877.617567062,15,177.500000,8987.750
1785147877.617567062,15,179.140625,9100.000
1785147877.617567062,15,180.796875,9193.500
1785147877.617567062,10,215.406250,4100.250
1785147877.617567062,15,222.000000,3566.500
1785147877.617567062,15,223.640625,3482.000
1785147877.617567062,13,228.562500,3184.750
1785147877.617567062,10,230.203125,3137.750
1785147877.617567062,15,231.875000,3065.750
1785147877.617567062,11,233.515625,2993.000
1785147877.617567062,14,235.156250,2919.750
1785147877.617567062,15,236.781250,2865.250
1785147877.617567062,15,238.421875,2813.500
1785147877.617567062,15,240.093750,2753.500
1785147877.617567062,15,246.656250,2563.000
1785147877.617567062,15,248.328125,2517.500
1785147877.617567062,15,249.953125,2491.250
1785147877.617567062,15,251.656250,2469.000
1785147877.617567062,15,256.609375,2424.500
1785147877.617567062,11,258.250000,2383.250
1785147877.617567062,15,259.875000,2364.750
1785147877.617567062,13,261.546875,2348.000
1785147877.617567062,8,263.156250,2337.750
1785147877.617567062,9,264.828125,2333.500
1785147877.617567062,15,266.453125,2320.250
1785147877.617567062,15,268.125000,2305.250
1785147877.617567062,15,269.718750,2297.750
1785147877.617567062,15,271.390625,2293.500
1785147877.617567062,15,273.015625,2287.000
1785147877.617567062,15,274.703125,2280.250
1785147877.617567062,15,276.343750,2284.250
1785147877.617567062,15,278.000000,2291.000
1785147877.617567062,15,279.640625,2292.500
1785147877.617567062,15,281.250000,2297.500
1785147877.617567062,15,282.921875,2306.250
1785147877.617567062,15,284.531250,2319.750
1785147877.617567062,9,286.171875,2329.250
1785147877.617567062,7,287.812500,2342.000
1785147877.617567062,6,289.484375,2355.250
1785147877.617567062,15,291.109375,2372.000
1785147877.617567062,15,292.718750,2399.500
1785147877.617567062,14,294.390625,2420.000
1785147877.617567062,7,296.015625,2447.750
1785147877.617567062,15,297.671875,2478.000
1785147877.617567062,14,299.328125,2506.000
1785147877.617567062,15,300.953125,2549.500
1785147877.617567062,11,302.593750,2594.750
1785147877.617567062,9,304.234375,2635.750
1785147877.617567062,15,305.843750,2675.500
1785147877.617567062,9,307.515625,2713.500
1785147877.617567062,9,309.140625,2768.500
1785147877.617567062,8,310.734375,2831.750
1785147877.617567062,10,312.390625,2903.500
1785147877.617567062,11,314.046875,2961.250
1785147877.617567062,4,315.687500,3010.000
1785147877.617567062,8,317.296875,3050.250
1785147877.729718924,13,354.843750,10655.500
1785147877.729718924,10,356.468750,10861.250
1785147877.729718924,15,3.296875,3923.000
1785147877.729718924,15,6.593750,3747.250
1785147877.729718924,15,8.234375,3799.500
1785147877.729718924,7,14.484375,12350.000
1785147877.729718924,15,21.078125,10340.250
1785147877.729718924,15,22.718750,10125.000
1785147877.729718924,15,24.359375,9982.500
1785147877.729718924,15,45.906250,107.750
1785147877.729718924,15,48.687500,105.500
1785147877.729718924,15,162.078125,8051.500
1785147877.729718924,15,163.703125,8086.000
1785147877.729718924,15,165.359375,8137.250
1785147877.729718924,15,166.984375,8199.750
1785147877.729718924,15,168.640625,8297.500
1785147877.729718924,15,170.265625,8381.750
1785147877.729718924,15,171.906250,8477.500
1785147877.729718924,15,173.531250,8586.000
1785147877.729718924,15,175.187500,8667.250
1785147877.729718924,15,176.812500,8788.750
1785147877.729718924,15,178.437500,8966.000
1785147877.729718924,15,180.078125,9144.500
1785147877.729718924,15,181.703125,9212.000
1785147877.729718924,14,222.953125,3200.250
1785147877.729718924,15,226.250000,3028.750
1785147877.729718924,15,229.609375,2864.750
1785147877.729718924,15,231.234375,2795.000
1785147877.729718924,15,232.890625,2733.000
1785147877.729718924,15,234.531250,2681.000
1785147877.729718924,15,236.203125,2624.500
1785147877.729718924,15,237.843750,2575.250
1785147877.729718924,15,239.500000,2530.000
1785147877.729718924,15,241.156250,2484.250
1785147877.729718924,15,247.718750,2349.500
1785147877.729718924,15,249.375000,2324.000
1785147877.729718924,15,251.031250,2306.750
1785147877.729718924,15,252.687500,2292.750
1785147877.729718924,15,254.296875,2274.250
1785147877.729718924,15,257.593750,2249.500
1785147877.729718924,14,259.234375,2229.750
1785147877.729718924,7,260.890625,2220.750
1785147877.729718924,7,282.140625,2227.750
1785147877.729718924,11,283.750000,2246.000
1785147877.729718924,15,285.406250,2254.000
1785147877.729718924,15,287.031250,2263.000
1785147877.729718924,15,288.671875,2278.750
1785147877.729718924,15,290.281250,2292.750
1785147877.729718924,15,291.906250,2305.500
1785147877.729718924,6,293.546875,2333.750
1785147877.729718924,15,295.187500,2375.250
1785147877.729718924,14,296.843750,2408.500
1785147877.729718924,8,298.453125,2437.250
1785147877.729718924,15,300.125000,2476.000
1785147877.729718924,12,301.796875,2512.750
1785147877.729718924,15,303.406250,2552.000
1785147877.729718924,12,305.062500,2594.250
1785147877.729718924,13,306.671875,2641.500
1785147877.729718924,10,308.296875,2688.500
1785147877.729718924,10,316.437500,3013.500
1785147877.729718924,14,318.078125,3085.750
1785147877.840613127,14,355.625000,10727.250
1785147877.840613127,10,357.265625,10899.500
1785147877.840613127,15,4.093750,3897.250
1785147877.840613127,15,7.406250,3732.500
1785147877.840613127,15,18.562500,8209.500
1785147877.840613127,15,23.437500,10112.000
1785147877.840613127,15,25.078125,9918.500
1785147877.840613127,15,46.421875,107.000
1785147877.840613127,14,51.703125,101.250
1785147877.840613127,15,162.781250,8058.000
1785147877.840613127,15,164.421875,8071.750
1785147877.840613127,15,166.062500,8127.000
1785147877.840613127,15,167.703125,8200.000
1785147877.840613127,15,169.343750,8276.000
1785147877.840613127,15,170.984375,8375.750
1785147877.840613127,15,172.625000,8486.000
1785147877.840613127,15,174.250000,8567.750
1785147877.840613127,15,175.890625,8667.500
1785147877.840613127,15,177.546875,8747.500
1785147877.840613127,15,179.187500,8882.000
1785147877.840613127,15,180.828125,9040.750
1785147877.840613127,15,182.468750,9144.000
1785147877.840613127,8,184.125000,9068.250
1785147877.840613127,15,218.796875,3343.750
1785147877.840613127,9,222.062500,3139.750
1785147877.840613127,13,223.734375,3064.750
1785147877.840613127,15,227.015625,2906.500
1785147877.840613127,14,230.312500,2758.750
1785147877.840613127,13,231.968750,2700.250
1785147877.840613127,15,233.625000,2639.750
1785147877.840613127,14,235.281250,2591.000
1785147877.840613127,15,236.906250,2538.000
1785147877.840613127,15,238.546875,2499.000
1785147877.840613127,15,240.203125,2475.500
1785147877.840613127,15,241.859375,2450.750
1785147877.840613127,15,243.484375,2418.500
1785147877.840613127,15,248.406250,2333.250
1785147877.840613127,15,250.078125,2314.250
1785147877.840613127,12,251.750000,2303.250
1785147877.840613127,15,253.390625,2289.500
1785147877.840613127,15,255.015625,2279.000
1785147877.840613127,15,258.312500,2263.000
1785147877.840613127,15,259.953125,2247.750
1785147877.840613127,15,261.609375,2245.500
1785147877.840613127,15,263.265625,2239.500
1785147877.840613127,9,264.906250,2230.000
1785147877.840613127,9,266.562500,2227.000
1785147877.840613127,8,268.187500,2223.750
1785147877.840613127,9,276.281250,2231.250
1785147877.840613127,10,277.937500,2245.250
1785147877.840613127,15,279.562500,2252.750
1785147877.840613127,13,281.171875,2257.750
1785147877.840613127,15,282.812500,2266.000
1785147877.840613127,15,284.437500,2277.000
1785147877.840613127,15,286.062500,2291.250
1785147877.840613127,15,287.718750,2307.250
1785147877.840613127,4,289.359375,2325.750
1785147877.840613127,5,290.968750,2342.500
1785147877.840613127,5,292.578125,2353.750
1785147877.840613127,15,294.250000,2378.000
1785147877.840613127,14,295.843750,2406.250
1785147877.840613127,9,297.468750,2431.250
1785147877.840613127,15,299.234375,2458.750
1785147877.840613127,15,300.875000,2489.250
1785147877.840613127,6,302.515625,2526.750
1785147877.840613127,14,304.156250,2563.750
1785147877.840613127,12,305.750000,2597.750
1785147877.840613127,11,307.390625,2645.750
1785147877.840613127,11,309.046875,2689.250
1785147877.840613127,8,310.687500,2725.500
1785147877.840613127,14,312.281250,2784.250
1785147877.840613127,7,313.906250,2860.000
1785147877.840613127,8,317.187500,2931.250
1785147877.955820084,15,354.796875,10554.000
1785147877.955820084,9,356.437500,10666.500
1785147877.955820084,11,358.093750,10925.000
1785147877.955820084,15,6.578125,3744.750
1785147877.955820084,15,8.234375,3776.000
1785147877.955820084,15,17.765625,8417.500
1785147877.955820084,8,19.406250,8296.000
1785147877.955820084,15,24.281250,10054.750
1785147877.955820084,15,46.171875,108.500
1785147877.955820084,15,48.156250,106.250
1785147877.955820084,15,163.750000,8053.750
1785147877.955820084,15,165.390625,8090.000
1785147877.955820084,15,167.031250,8094.250
1785147877.955820084,15,168.671875,8166.500
1785147877.955820084,15,170.312500,8246.000
1785147877.955820084,15,171.968750,8310.250
1785147877.955820084,15,173.593750,8408.500
1785147877.955820084,15,175.234375,8547.750
1785147877.955820084,15,176.875000,8662.500
1785147877.955820084,15,178.406250,8755.000
1785147877.955820084,15,180.046875,8888.500
1785147877.955820084,15,181.687500,9044.000
1785147877.955820084,7,183.312500,9146.250
1785147877.955820084,10,184.953125,9069.750
1785147877.955820084,13,221.265625,3052.000
1785147877.955820084,13,224.546875,2884.500
1785147877.955820084,14,227.843750,2716.250
1785147877.955820084,15,229.468750,2650.750
1785147877.955820084,15,232.750000,2523.000
1785147877.955820084,15,234.390625,2481.500
1785147877.955820084,15,236.078125,2439.500
1785147877.955820084,15,237.718750,2397.500
1785147877.955820084,15,239.359375,2354.750
1785147877.955820084,15,240.984375,2318.250
1785147877.955820084,15,242.640625,2291.000
1785147877.955820084,15,244.281250,2261.000
1785147877.955820084,10,255.765625,2104.000
1785147877.955820084,15,257.375000,2090.500
1785147877.955820084,15,258.984375,2079.500
1785147877.955820084,15,260.640625,2074.250
1785147877.955820084,15,262.281250,2074.750
1785147877.955820084,14,263.921875,2073.250
1785147877.955820084,15,265.531250,2069.000
1785147877.955820084,15,267.218750,2069.750
1785147877.955820084,15,268.828125,2066.500
1785147877.955820084,11,270.437500,2067.000
1785147877.955820084,9,272.078125,2078.000
1785147877.955820084,11,293.093750,2251.250
1785147877.955820084,12,294.718750,2259.750
1785147877.955820084,15,296.343750,2275.500
1785147877.955820084,15,297.984375,2307.250
1785147877.955820084,15,299.781250,2352.250
1785147877.955820084,15,301.421875,2396.250
1785147877.955820084,11,303.046875,2428.500
1785147877.955820084,13,304.640625,2460.000
1785147877.955820084,15,306.296875,2500.250
1785147877.955820084,15,307.906250,2547.250
1785147877.955820084,9,309.546875,2598.250
1785147877.955820084,15,311.156250,2653.000
1785147877.955820084,10,312.796875,2708.500
1785147877.955820084,14,314.437500,2773.500
1785147877.955820084,10,320.921875,3091.000
1785147878.067231894,14,354.984375,10550.250
1785147878.067231894,10,356.593750,10701.500
1785147878.067231894,15,6.656250,3714.250
1785147878.067231894,15,8.312500,3753.000
1785147878.067231894,15,17.828125,8376.750
1785147878.067231894,12,19.484375,8359.250
1785147878.067231894,15,22.718750,10168.250
1785147878.067231894,15,24.343750,10050.000
1785147878.067231894,15,46.781250,108.250
1785147878.067231894,15,48.343750,106.000
1785147878.067231894,15,163.078125,8003.500
1785147878.067231894,15,164.703125,8077.750
1785147878.067231894,15,166.328125,8110.500
1785147878.067231894,15,167.968750,8164.500
1785147878.067231894,15,169.578125,8252.750
1785147878.067231894,15,171.218750,8353.750
1785147878.067231894,15,172.859375,8477.500
1785147878.067231894,15,174.484375,8616.250
1785147878.067231894,15,176.109375,8700.000
1785147878.067231894,15,177.750000,8788.750
1785147878.067231894,15,179.375000,8935.500
1785147878.067231894,15,180.984375,9098.000
1785147878.067231894,8,182.625000,9198.750
1785147878.067231894,8,184.265625,9111.000
1785147878.067231894,15,215.562500,3538.750
1785147878.067231894,15,220.500000,3161.250
1785147878.067231894,13,222.156250,3079.500
1785147878.067231894,12,223.812500,2991.750
1785147878.067231894,15,225.421875,2910.000
1785147878.067231894,15,228.765625,2751.250
1785147878.067231894,15,230.406250,2688.250
1785147878.067231894,15,232.062500,2619.750
1785147878.067231894,15,233.718750,2563.500
1785147878.067231894,15,235.375000,2514.250
1785147878.067231894,15,237.000000,2484.500
1785147878.067231894,15,238.640625,2451.250
1785147878.067231894,15,240.265625,2411.750
1785147878.067231894,15,241.937500,2378.250
1785147878.067231894,14,245.218750,2331.750
1785147878.067231894,15,246.875000,2295.000
1785147878.067231894,15,248.468750,2271.250
1785147878.067231894,15,250.156250,2247.250
1785147878.067231894,14,251.718750,2229.750
1785147878.067231894,8,253.375000,2213.250
1785147878.067231894,9,292.437500,2224.750
1785147878.067231894,13,294.062500,2250.750
1785147878.067231894,14,295.703125,2263.250
1785147878.067231894,13,297.328125,2281.500
1785147878.067231894,4,299.093750,2323.250
1785147878.067231894,15,300.703125,2375.250
1785147878.067231894,15,302.343750,2411.500
1785147878.067231894,5,303.953125,2438.000
1785147878.067231894,15,305.609375,2478.000
1785147878.067231894,10,307.234375,2535.750
1785147878.067231894,10,308.828125,2588.000
1785147878.067231894,15,310.484375,2643.500
1785147878.067231894,8,312.109375,2692.750
1785147878.067231894,9,313.734375,2750.250
1785147878.067231894,13,315.375000,2816.500
1785147878.178078890,11,354.359375,10627.750
1785147878.178078890,12,356.000000,10861.500
1785147878.178078890,15,2.828125,3860.250
1785147878.178078890,15,6.109375,3694.500
1785147878.178078890,15,17.234375,8260.000
1785147878.178078890,15,20.468750,10227.250
1785147878.178078890,15,22.093750,10086.500
1785147878.178078890,15,23.734375,9918.250
1785147878.178078890,15,46.375000,106.500
1785147878.178078890,15,161.328125,8059.500
1785147878.178078890,15,162.968750,8106.500
1785147878.178078890,15,164.609375,8127.000
1785147878.178078890,15,166.250000,8179.000
1785147878.178078890,15,167.890625,8293.250
1785147878.178078890,15,169.531250,8334.500
1785147878.178078890,15,171.156250,8421.000
1785147878.178078890,15,172.781250,8545.250
1785147878.178078890,15,174.437500,8628.500
1785147878.178078890,15,176.078125,8750.000
1785147878.178078890,15,177.718750,8911.250
1785147878.178078890,15,179.281250,9069.000
1785147878.178078890,15,180.921875,9202.000
1785147878.178078890,15,215.578125,3534.500
1785147878.178078890,15,220.531250,3160.250
1785147878.178078890,13,222.156250,3081.250
1785147878.178078890,13,225.484375,2909.750
1785147878.178078890,15,228.781250,2751.250
1785147878.178078890,15,230.468750,2687.500
1785147878.178078890,15,232.125000,2619.500
1785147878.178078890,15,233.750000,2561.750
1785147878.178078890,15,235.421875,2516.000
1785147878.178078890,15,237.046875,2489.750
1785147878.178078890,15,238.687500,2462.250
1785147878.178078890,15,240.328125,2421.750
1785147878.178078890,15,243.625000,2365.500
1785147878.178078890,15,245.265625,2318.000
1785147878.178078890,15,246.937500,2294.250
1785147878.178078890,15,248.562500,2269.250
1785147878.178078890,15,250.203125,2238.000
1785147878.178078890,7,251.828125,2219.750
1785147878.178078890,9,292.687500,2232.750
1785147878.178078890,10,294.343750,2252.250
1785147878.178078890,15,295.953125,2261.000
1785147878.178078890,13,297.593750,2282.000
1785147878.178078890,5,299.296875,2322.250
1785147878.178078890,15,300.937500,2369.000
1785147878.178078890,15,302.546875,2404.250
1785147878.178078890,6,304.203125,2433.500
1785147878.178078890,15,305.828125,2474.750
1785147878.178078890,5,307.453125,2525.500
1785147878.178078890,12,309.078125,2582.500
1785147878.178078890,10,310.703125,2643.500
1785147878.178078890,11,312.343750,2689.250
1785147878.178078890,7,313.984375,2733.250
1785147878.178078890,10,320.468750,3094.500
1785147878.292881012,15,1.343750,3903.750
1785147878.292881012,15,4.625000,3690.000
1785147878.292881012,15,6.265625,3723.250
1785147878.292881012,15,15.859375,8364.500
1785147878.292881012,13,17.500000,8400.000
1785147878.292881012,15,20.750000,10108.250
1785147878.292881012,15,22.375000,9984.500
1785147878.292881012,15,24.015625,9837.500
1785147878.292881012,15,47.359375,106.250
1785147878.292881012,15,161.531250,8092.250
1785147878.292881012,15,163.171875,8154.000
1785147878.292881012,15,164.812500,8195.500
1785147878.292881012,15,166.437500,8261.250
1785147878.292881012,15,168.078125,8327.250
1785147878.292881012,15,169.703125,8444.750
1785147878.292881012,15,171.328125,8579.000
1785147878.292881012,15,172.968750,8648.500
1785147878.292881012,15,174.609375,8769.500
1785147878.292881012,15,176.234375,8913.000
1785147878.292881012,15,177.859375,9059.250
1785147878.292881012,15,179.609375,9199.000
1785147878.292881012,9,181.265625,9147.500
1785147878.292881012,15,215.828125,3475.500
1785147878.292881012,15,220.765625,3157.500
1785147878.292881012,12,222.390625,3080.000
1785147878.292881012,15,224.031250,3015.250
1785147878.292881012,12,227.359375,2853.500
1785147878.292881012,14,229.015625,2786.250
1785147878.292881012,12,230.640625,2726.500
1785147878.292881012,15,232.265625,2670.750
1785147878.292881012,15,233.937500,2619.250
1785147878.292881012,15,235.562500,2563.500
1785147878.292881012,15,237.218750,2514.500
1785147878.292881012,15,238.875000,2485.750
1785147878.292881012,15,240.500000,2454.000
1785147878.292881012,15,245.437500,2339.250
1785147878.292881012,13,247.078125,2311.750
1785147878.292881012,15,248.718750,2292.250
1785147878.292881012,15,250.359375,2273.750
1785147878.292881012,15,252.031250,2254.250
1785147878.292881012,8,255.281250,2228.000
1785147878.292881012,13,281.515625,2232.500
1785147878.292881012,14,283.156250,2255.500
1785147878.292881012,14,284.781250,2257.750
1785147878.292881012,15,286.406250,2260.500
1785147878.292881012,15,288.062500,2267.250
1785147878.292881012,15,289.687500,2278.000
1785147878.292881012,14,291.312500,2297.500
1785147878.292881012,4,292.968750,2331.500
1785147878.292881012,15,294.609375,2367.250
1785147878.292881012,15,296.218750,2397.750
1785147878.292881012,8,297.875000,2426.250
1785147878.292881012,6,299.546875,2450.250
1785147878.292881012,15,301.187500,2488.250
1785147878.292881012,6,302.812500,2530.000
1785147878.292881012,13,304.437500,2560.750
1785147878.292881012,10,306.093750,2599.250
1785147878.292881012,12,307.703125,2650.000
1785147878.292881012,10,309.343750,2693.750
1785147878.292881012,7,310.968750,2738.000
1785147878.292881012,9,312.625000,2787.500
1785147878.292881012,11,315.859375,2944.500
1785147878.292881012,4,317.484375,3004.250
1785147878.292881012,11,319.125000,3079.250
1785147878.292881012,9,320.750000,3164.750
1785147878.403692961,15,3.375000,3677.000
1785147878.403692961,15,5.015625,3689.500
1785147878.403692961,15,14.578125,8380.500
1785147878.403692961,11,16.218750,8162.000
1785147878.403692961,15,21.093750,10007.750
1785147878.403692961,15,22.734375,9816.000
1785147878.403692961,15,46.265625,108.500
1785147878.403692961,15,48.078125,106.000
1785147878.403692961,15,160.328125,8067.250
1785147878.403692961,15,161.953125,8063.500
1785147878.403692961,15,163.593750,8099.250
1785147878.403692961,15,165.234375,8205.000
1785147878.403692961,15,166.875000,8303.750
1785147878.403692961,15,168.515625,8404.500
1785147878.403692961,15,170.140625,8529.500
1785147878.403692961,15,171.796875,8648.250
1785147878.403692961,15,173.437500,8755.750
1785147878.403692961,15,175.062500,8824.500
1785147878.403692961,15,176.703125,8984.250
1785147878.403692961,15,178.359375,9172.750
1785147878.403692961,15,179.968750,9270.500
1785147878.403692961,15,213.031250,3687.750
1785147878.403692961,15,219.625000,3192.250
1785147878.403692961,15,222.937500,3031.750
1785147878.403692961,15,226.218750,2863.750
1785147878.403692961,15,227.812500,2797.500
1785147878.403692961,12,229.468750,2726.000
1785147878.403692961,15,231.109375,2664.500
1785147878.403692961,15,232.796875,2599.750
1785147878.403692961,15,234.437500,2545.750
1785147878.403692961,15,236.062500,2512.750
1785147878.403692961,15,237.734375,2479.250
1785147878.403692961,15,239.359375,2441.250
1785147878.403692961,15,242.656250,2386.250
1785147878.403692961,15,244.296875,2330.750
1785147878.403692961,15,245.906250,2302.750
1785147878.403692961,15,247.546875,2285.500
1785147878.403692961,15,249.203125,2257.500
1785147878.403692961,14,250.906250,2229.750
1785147878.403692961,7,252.546875,2214.000
1785147878.403692961,10,286.906250,2229.250
1785147878.403692961,14,288.546875,2253.750
1785147878.403692961,15,290.171875,2259.750
1785147878.403692961,15,291.796875,2268.750
1785147878.403692961,15,293.437500,2287.500
1785147878.403692961,15,295.046875,2309.250
1785147878.403692961,5,296.687500,2338.000
1785147878.403692961,15,298.312500,2381.000
1785147878.403692961,15,300.046875,2409.250
1785147878.403692961,6,301.671875,2427.500
1785147878.403692961,15,303.328125,2453.250
1785147878.403692961,10,304.953125,2487.250
1785147878.403692961,11,306.562500,2541.000
1785147878.403692961,11,308.234375,2591.250
1785147878.403692961,8,311.468750,2629.750
1785147878.403692961,10,314.718750,2784.250
1785147878.403692961,8,316.359375,2865.000
1785147878.403692961,11,319.609375,2953.500
1785147878.516038895,15,0.640625,3804.750
1785147878.516038895,15,3.906250,3666.250
1785147878.516038895,15,5.546875,3752.000
1785147878.516038895,9,15.125000,8135.000
1785147878.516038895,15,18.359375,10172.500
1785147878.516038895,15,20.000000,10036.000
1785147878.516038895,15,21.625000,9899.750
1785147878.516038895,15,46.609375,107.250
1785147878.516038895,15,50.859375,101.500
1785147878.516038895,15,159.171875,8102.500
1785147878.516038895,15,160.812500,8102.500
1785147878.516038895,15,162.453125,8179.000
1785147878.516038895,15,164.093750,8237.750
1785147878.516038895,15,165.734375,8301.750
1785147878.516038895,15,167.359375,8360.000
1785147878.516038895,15,169.015625,8480.500
1785147878.516038895,15,170.640625,8602.000
1785147878.516038895,15,172.281250,8662.500
1785147878.516038895,15,173.921875,8786.500
1785147878.516038895,15,175.546875,8981.250
1785147878.516038895,15,177.187500,9133.500
1785147878.516038895,15,178.828125,9230.750
1785147878.516038895,15,218.421875,3158.250
1785147878.516038895,13,220.062500,3078.750
1785147878.516038895,13,223.359375,2896.000
1785147878.516038895,13,226.671875,2718.250
1785147878.516038895,15,228.312500,2645.500
1785147878.516038895,15,229.953125,2584.500
1785147878.516038895,15,231.609375,2536.500
1785147878.516038895,15,233.234375,2497.000
1785147878.516038895,15,234.890625,2456.750
1785147878.516038895,15,236.531250,2411.500
1785147878.516038895,15,238.171875,2379.500
1785147878.516038895,14,241.437500,2335.250
1785147878.516038895,15,243.109375,2284.750
1785147878.516038895,15,244.734375,2257.250
1785147878.516038895,15,246.390625,2239.750
1785147878.516038895,10,248.015625,2223.000
1785147878.516038895,9,287.359375,2231.250
1785147878.516038895,12,288.953125,2253.750
1785147878.516038895,15,290.593750,2261.250
1785147878.516038895,15,292.250000,2275.000
1785147878.516038895,15,293.859375,2303.000
1785147878.516038895,14,295.453125,2348.500
1785147878.516038895,15,297.109375,2390.500
1785147878.516038895,11,298.843750,2414.750
1785147878.516038895,15,300.453125,2443.000
1785147878.516038895,15,302.125000,2478.000
1785147878.516038895,5,303.765625,2518.000
1785147878.516038895,15,305.375000,2570.250
1785147878.516038895,8,307.015625,2631.500
1785147878.516038895,12,308.625000,2679.250
1785147878.516038895,13,310.281250,2701.250
1785147878.516038895,10,311.906250,2751.000
1785147878.516038895,14,315.140625,2928.500
1785147878.516038895,9,316.781250,2974.250
1785147878.516038895,11,320.062500,3117.250
1785147878.630104065,15,359.484375,3862.250
1785147878.630104065,15,2.812500,3629.250
1785147878.630104065,15,4.453125,3695.250
1785147878.630104065,11,14.000000,8346.750
1785147878.630104065,15,18.875000,10032.250
1785147878.630104065,15,20.531250,9879.250
1785147878.630104065,15,47.312500,106.750
1785147878.630104065,15,159.765625,8093.750
1785147878.630104065,15,161.406250,8104.500
1785147878.630104065,15,163.062500,8161.500
1785147878.630104065,15,164.687500,8229.250
1785147878.630104065,15,166.328125,8343.000
1785147878.630104065,15,167.968750,8473.000
1785147878.630104065,15,169.609375,8570.000
1785147878.630104065,15,171.234375,8665.250
1785147878.630104065,15,172.890625,8791.000
1785147878.630104065,15,174.531250,8945.750
1785147878.630104065,15,176.156250,9084.500
1785147878.630104065,13,177.812500,9147.500
1785147878.630104065,10,179.421875,9142.250
1785147878.630104065,15,219.078125,3166.000
1785147878.630104065,13,220.703125,3089.250
1785147878.630104065,9,222.359375,2997.500
1785147878.630104065,14,224.031250,2917.250
1785147878.630104065,14,227.312500,2755.750
1785147878.630104065,15,230.609375,2608.250
1785147878.630104065,15,232.250000,2547.500
1785147878.630104065,15,233.890625,2507.000
1785147878.630104065,15,235.531250,2471.750
1785147878.630104065,15,237.187500,2430.000
1785147878.630104065,15,242.125000,2312.250
1785147878.630104065,15,243.765625,2286.000
1785147878.630104065,15,245.437500,2258.000
1785147878.630104065,15,247.093750,2235.750
1785147878.630104065,12,248.703125,2221.500
1785147878.630104065,15,291.250000,2229.750
1785147878.630104065,15,292.875000,2257.750
1785147878.630104065,15,294.468750,2276.000
1785147878.630104065,15,296.125000,2301.500
1785147878.630104065,4,297.750000,2342.000
1785147878.630104065,14,299.515625,2377.500
1785147878.630104065,15,301.140625,2410.000
1785147878.630104065,5,302.765625,2440.750
1785147878.630104065,13,304.406250,2480.250
1785147878.630104065,10,306.062500,2536.250
1785147878.630104065,11,307.671875,2580.000
1785147878.630104065,15,309.312500,2596.000
1785147878.630104065,12,314.218750,2837.000
1785147878.630104065,8,317.453125,2991.000
1785147878.742249966,15,358.468750,3892.250
1785147878.742249966,15,1.765625,3592.500
1785147878.742249966,15,3.421875,3651.250
1785147878.742249966,15,12.968750,8349.250
1785147878.742249966,10,14.593750,8421.250
1785147878.742249966,15,19.484375,9961.000
1785147878.742249966,15,21.125000,9777.250
1785147878.742249966,15,45.500000,108.000
1785147878.742249966,15,49.031250,105.750
1785147878.742249966,15,158.859375,8127.000
1785147878.742249966,15,160.500000,8158.250
1785147878.742249966,15,162.140625,8216.500
1785147878.742249966,15,163.781250,8302.000
1785147878.742249966,15,165.406250,8397.250
1785147878.742249966,15,167.046875,8459.250
1785147878.742249966,15,168.687500,8549.500
1785147878.742249966,15,170.328125,8636.750
1785147878.742249966,15,171.968750,8755.250
1785147878.742249966,15,173.609375,8948.750
1785147878.742249966,15,175.250000,9073.750
1785147878.742249966,14,176.890625,9210.750
1785147878.742249966,10,204.890625,4399.750
1785147878.742249966,11,218.109375,3212.750
1785147878.742249966,15,221.421875,3049.750
1785147878.742249966,15,224.703125,2876.000
1785147878.742249966,15,226.359375,2806.750
1785147878.742249966,12,228.125000,2728.000
1785147878.742249966,15,229.750000,2665.250
1785147878.742249966,15,231.437500,2606.250
1785147878.742249966,15,233.093750,2551.250
1785147878.742249966,15,234.734375,2511.000
1785147878.742249966,15,236.343750,2473.250
1785147878.742249966,15,241.343750,2339.500
1785147878.742249966,15,242.953125,2300.250
1785147878.742249966,15,244.656250,2267.500
1785147878.742249966,15,246.265625,2239.000
1785147878.742249966,9,247.953125,2221.750
1785147878.742249966,10,262.656250,2090.250
1785147878.742249966,13,292.031250,2258.000
1785147878.742249966,13,293.656250,2267.250
1785147878.742249966,15,295.312500,2273.500
1785147878.742249966,15,296.953125,2293.750
1785147878.742249966,5,298.703125,2325.500
1785147878.742249966,15,300.359375,2359.250
1785147878.742249966,13,301.984375,2395.750
1785147878.742249966,5,303.625000,2423.250
1785147878.742249966,15,305.265625,2456.750
1785147878.742249966,14,306.875000,2481.250
1785147878.742249966,15,308.531250,2506.000
1785147878.742249966,15,311.781250,2645.750
1785147878.742249966,11,313.406250,2705.250
1785147878.742249966,12,315.046875,2766.000
1785147878.742249966,9,316.687500,2836.750
1785147878.742249966,15,318.296875,2909.750
1785147878.742249966,4,319.937500,2991.500
1785147878.852571964,15,357.687500,3870.250
1785147878.852571964,15,0.984375,3595.250
1785147878.852571964,15,2.625000,3635.000
1785147878.852571964,15,12.171875,8286.750
1785147878.852571964,15,18.703125,9961.750
1785147878.852571964,15,20.328125,9797.000
1785147878.852571964,15,46.593750,107.000
1785147878.852571964,15,159.718750,8137.500
1785147878.852571964,15,161.343750,8183.000
1785147878.852571964,15,162.984375,8263.250
1785147878.852571964,15,164.625000,8369.000
1785147878.852571964,15,166.265625,8459.250
1785147878.852571964,15,167.890625,8549.750
1785147878.852571964,15,169.531250,8660.500
1785147878.852571964,15,171.171875,8788.750
1785147878.852571964,15,172.812500,8933.000
1785147878.852571964,15,174.453125,9077.000
1785147878.852571964,15,176.078125,9199.000
1785147878.852571964,12,179.312500,9704.750
1785147878.852571964,15,217.359375,3227.500
1785147878.852571964,15,220.656250,3029.500
1785147878.852571964,15,225.625000,2753.500
1785147878.852571964,15,227.281250,2672.750
1785147878.852571964,15,228.937500,2604.000
1785147878.852571964,15,230.593750,2549.500
1785147878.852571964,15,232.250000,2505.250
1785147878.852571964,15,233.890625,2465.250
1785147878.852571964,15,235.562500,2418.250
1785147878.852571964,15,240.484375,2295.250
1785147878.852571964,15,242.171875,2260.750
1785147878.852571964,13,243.828125,2227.250
1785147878.852571964,14,256.890625,2082.500
1785147878.852571964,15,258.546875,2072.500
1785147878.852571964,15,260.140625,2067.500
1785147878.852571964,15,261.781250,2059.000
1785147878.852571964,15,263.437500,2059.750
1785147878.852571964,15,265.046875,2059.750
1785147878.852571964,14,266.734375,2058.500
1785147878.852571964,12,268.359375,2067.000
1785147878.852571964,13,292.781250,2258.750
1785147878.852571964,13,294.453125,2274.250
1785147878.852571964,14,296.078125,2282.500
1785147878.852571964,3,297.656250,2319.000
1785147878.852571964,15,299.421875,2372.500
1785147878.852571964,15,301.062500,2405.750
1785147878.852571964,5,302.687500,2436.000
1785147878.852571964,13,304.328125,2468.250
1785147878.852571964,15,305.968750,2495.250
1785147878.852571964,15,307.578125,2520.500
1785147878.852571964,15,310.843750,2651.500
1785147878.852571964,11,312.500000,2702.750
1785147878.852571964,9,315.750000,2847.000
1785147878.852571964,15,317.359375,2925.000
1785147878.852571964,8,319.000000,3012.500
1785147878.852571964,9,320.609375,3089.500
1785147878.967967987,15,356.781250,3858.500
1785147878.967967987,15,0.093750,3592.000
1785147878.967967987,15,1.718750,3621.500
1785147878.967967987,15,11.265625,8345.750
1785147878.967967987,7,12.906250,8164.500
1785147878.967967987,15,17.796875,9961.000
1785147878.967967987,15,19.437500,9780.250
1785147878.967967987,15,22.765625,6992.750
1785147878.967967987,15,24.390625,6980.250
1785147878.967967987,15,46.031250,107.750
1785147878.967967987,15,47.984375,105.750
1785147878.967967987,15,158.843750,8147.000
1785147878.967967987,15,160.484375,8214.750
1785147878.967967987,15,162.109375,8332.000
1785147878.967967987,15,163.750000,8423.750
1785147878.967967987,15,165.390625,8477.000
1785147878.967967987,15,167.031250,8556.500
1785147878.967967987,15,168.656250,8662.500
1785147878.967967987,15,170.296875,8759.750
1785147878.967967987,15,171.921875,8886.000
1785147878.967967987,15,173.562500,9049.250
1785147878.967967987,15,175.218750,9212.250
1785147878.967967987,15,176.843750,9346.250
1785147878.967967987,13,180.156250,12063.750
1785147878.967967987,13,216.578125,3206.750
1785147878.967967987,15,219.890625,3026.250
1785147878.967967987,15,223.203125,2862.250
1785147878.967967987,15,224.812500,2792.750
1785147878.967967987,12,226.500000,2720.750
1785147878.967967987,15,228.109375,2654.750
1785147878.967967987,15,229.734375,2600.750
1785147878.967967987,15,231.421875,2557.000
1785147878.967967987,15,233.046875,2511.500
1785147878.967967987,15,234.671875,2474.000
1785147878.967967987,15,237.968750,2423.500
1785147878.967967987,15,239.625000,2365.250
1785147878.967967987,14,241.312500,2327.250
1785147878.967967987,15,242.921875,2300.500
1785147878.967967987,15,244.562500,2280.750
1785147878.967967987,15,246.218750,2256.750
1785147878.967967987,15,247.875000,2233.750
1785147878.967967987,13,249.500000,2220.750
1785147878.967967987,8,262.640625,2093.000
1785147878.967967987,9,264.296875,2087.000
1785147878.967967987,10,265.906250,2081.500
1785147878.967967987,8,267.562500,2077.750
1785147878.967967987,14,269.203125,2072.000
1785147878.967967987,11,270.859375,2068.500
1785147878.967967987,8,293.750000,2247.750
1785147878.967967987,14,295.390625,2255.500
1785147878.967967987,14,296.968750,2291.750
1785147878.967967987,4,298.750000,2325.750
1785147878.967967987,15,300.359375,2362.750
1785147878.967967987,15,302.000000,2405.250
1785147878.967967987,5,303.656250,2434.000
1785147878.967967987,14,305.296875,2436.250
1785147878.967967987,15,308.578125,2542.750
1785147878.967967987,11,310.218750,2591.500
1785147878.967967987,7,311.859375,2636.500
1785147878.967967987,15,313.515625,2689.000
1785147878.967967987,6,315.125000,2741.250
1785147878.967967987,12,320.046875,2969.250
1785147879.079303980,15,351.109375,4343.250
1785147879.079303980,15,356.093750,3845.500
1785147879.079303980,15,359.390625,3576.250
1785147879.079303980,15,1.046875,3611.250
1785147879.079303980,15,10.671875,8333.000
1785147879.079303980,15,17.218750,9927.750
1785147879.079303980,15,18.843750,9732.000
1785147879.079303980,15,22.187500,6951.750
1785147879.079303980,15,23.828125,6959.500
1785147879.079303980,15,46.765625,106.500
1785147879.079303980,15,158.234375,8262.250
1785147879.079303980,15,159.875000,8191.500
1785147879.079303980,15,161.515625,8278.250
1785147879.079303980,15,163.140625,8424.500
1785147879.079303980,15,164.796875,8549.250
1785147879.079303980,15,166.421875,8569.750
1785147879.079303980,15,168.046875,8637.500
1785147879.079303980,15,169.703125,8776.500
1785147879.079303980,15,171.343750,8930.750
1785147879.079303980,15,172.968750,9092.250
1785147879.079303980,15,174.609375,9206.750
1785147879.079303980,15,176.234375,9341.500
1785147879.079303980,12,177.875000,9481.500
1785147879.079303980,15,222.500000,3000.250
1785147879.079303980,13,224.171875,2917.250
1785147879.079303980,13,227.390625,2759.000
1785147879.079303980,15,230.734375,2619.250
1785147879.079303980,15,232.343750,2567.750
1785147879.079303980,15,234.000000,2525.000
1785147879.079303980,15,238.937500,2407.500
1785147879.079303980,15,240.593750,2371.750
1785147879.079303980,15,242.218750,2337.000
1785147879.079303980,15,243.875000,2311.750
1785147879.079303980,15,245.515625,2284.000
1785147879.079303980,15,247.156250,2249.250
1785147879.079303980,15,248.796875,2226.500
1785147879.079303980,10,289.812500,2237.250
1785147879.079303980,10,291.468750,2251.500
1785147879.079303980,11,293.078125,2252.750
1785147879.079303980,15,294.703125,2274.250
1785147879.079303980,13,296.359375,2304.750
1785147879.079303980,6,297.968750,2332.250
1785147879.079303980,15,299.640625,2369.750
1785147879.079303980,14,301.312500,2402.750
1785147879.079303980,12,302.921875,2425.500
1785147879.079303980,12,304.562500,2436.000
1785147879.079303980,15,306.187500,2462.500
1785147879.079303980,7,307.843750,2518.000
1785147879.079303980,15,309.453125,2562.000
1785147879.079303980,10,311.109375,2599.750
1785147879.079303980,7,312.750000,2645.500
1785147879.079303980,12,314.375000,2691.500
1785147879.079303980,7,316.015625,2751.000
1785147879.079303980,11,317.625000,2822.250
1785147879.079303980,10,322.531250,3086.750
1785147879.189774036,15,355.328125,3856.000
1785147879.189774036,15,358.656250,3565.000
1785147879.189774036,15,0.296875,3597.250
1785147879.189774036,9,8.281250,8883.500
1785147879.189774036,15,16.453125,9961.500
1785147879.189774036,15,18.093750,9762.250
1785147879.189774036,12,23.078125,6906.000
1785147879.189774036,15,45.515625,108.000
1785147879.189774036,15,49.234375,105.500
1785147879.189774036,15,158.968750,8233.250
1785147879.189774036,15,160.609375,8306.250
1785147879.189774036,15,162.250000,8382.250
1785147879.189774036,15,163.890625,8480.500
1785147879.189774036,15,165.515625,8609.250
1785147879.189774036,15,167.156250,8688.250
1785147879.189774036,15,168.796875,8774.000
1785147879.189774036,15,170.421875,8931.000
1785147879.189774036,15,172.046875,9131.750
1785147879.189774036,15,173.703125,9257.000
1785147879.189774036,15,175.328125,9329.750
1785147879.189774036,12,178.687500,12000.500
1785147879.189774036,11,216.765625,3231.250
1785147879.189774036,15,220.046875,3024.000
1785147879.189774036,12,223.375000,2847.000
1785147879.189774036,15,225.000000,2778.000
1785147879.189774036,15,228.296875,2626.250
1785147879.189774036,15,229.937500,2582.250
1785147879.189774036,15,231.562500,2531.750
1785147879.189774036,15,233.250000,2483.000
1785147879.189774036,15,238.187500,2361.000
1785147879.189774036,15,239.812500,2321.000
1785147879.189774036,15,241.453125,2291.750
1785147879.189774036,15,243.109375,2260.000
1785147879.189774036,14,244.734375,2242.500
1785147879.189774036,9,256.265625,2103.000
1785147879.189774036,11,257.921875,2087.750
1785147879.189774036,15,259.531250,2077.000
1785147879.189774036,15,261.187500,2066.250
1785147879.189774036,15,262.859375,2054.000
1785147879.189774036,15,264.453125,2045.000
1785147879.189774036,15,266.125000,2040.750
1785147879.189774036,15,267.765625,2035.500
1785147879.189774036,15,269.390625,2031.250
1785147879.189774036,15,271.046875,2031.750
1785147879.189774036,15,272.687500,2037.000
1785147879.189774036,15,274.328125,2041.250
1785147879.189774036,14,275.890625,2042.500
1785147879.189774036,12,277.531250,2044.000
1785147879.189774036,11,279.171875,2047.750
1785147879.189774036,10,280.843750,2049.250
1785147879.189774036,15,298.828125,2283.250
1785147879.189774036,3,300.421875,2325.000
1785147879.189774036,12,302.046875,2370.750
1785147879.189774036,15,303.703125,2393.500
1785147879.189774036,5,305.343750,2425.500
1785147879.189774036,12,306.953125,2483.500
1785147879.189774036,6,308.593750,2527.500
1785147879.189774036,15,310.250000,2576.500
1785147879.189774036,9,311.859375,2634.750
1785147879.189774036,15,313.500000,2686.500
1785147879.189774036,8,315.109375,2725.500
1785147879.189774036,10,319.984375,2969.000
1785147879.301222801,15,357.828125,3587.500
1785147879.301222801,15,359.453125,3580.750
1785147879.301222801,15,1.078125,3663.750
1785147879.301222801,15,7.421875,8999.500
1785147879.301222801,15,13.953125,10086.500
1785147879.301222801,15,15.593750,9945.500
1785147879.301222801,15,17.234375,9803.250
1785147879.301222801,15,22.218750,6869.500
1785147879.301222801,15,47.718750,106.500
1785147879.301222801,15,158.250000,8301.500
1785147879.301222801,15,159.875000,8284.750
1785147879.301222801,15,161.515625,8399.750
1785147879.301222801,15,163.156250,8498.500
1785147879.301222801,15,164.781250,8485.500
1785147879.301222801,15,166.437500,8560.750
1785147879.301222801,15,168.062500,8769.500
1785147879.301222801,15,169.687500,8918.000
1785147879.301222801,15,171.343750,9061.750
1785147879.301222801,15,172.953125,9201.750
1785147879.301222801,14,174.609375,9344.000
1785147879.301222801,9,204.296875,4439.000
1785147879.301222801,11,217.515625,3207.250
1785147879.301222801,15,220.812500,3028.000
1785147879.301222801,15,224.093750,2875.250
1785147879.301222801,15,225.781250,2803.500
1785147879.301222801,15,227.468750,2729.750
1785147879.301222801,15,230.765625,2588.250
1785147879.301222801,15,232.406250,2538.750
1785147879.301222801,15,235.703125,2473.750
1785147879.301222801,15,237.343750,2413.000
1785147879.301222801,15,239.000000,2365.250
1785147879.301222801,15,240.656250,2324.750
1785147879.301222801,15,242.328125,2293.750
1785147879.301222801,15,243.968750,2264.750
1785147879.301222801,14,245.609375,2237.500
1785147879.301222801,9,247.250000,2217.750
1785147879.301222801,8,289.843750,2227.500
1785147879.301222801,12,291.453125,2247.250
1785147879.301222801,11,293.093750,2253.000
1785147879.301222801,15,294.750000,2264.000
1785147879.301222801,12,296.343750,2292.250
1785147879.301222801,3,298.000000,2331.500
1785147879.301222801,15,299.687500,2365.500
1785147879.301222801,11,301.343750,2398.000
1785147879.301222801,15,302.968750,2425.500
1785147879.301222801,15,304.609375,2467.250
1785147879.301222801,6,306.250000,2522.750
1785147879.301222801,14,307.875000,2567.000
1785147879.301222801,11,309.484375,2608.500
1785147879.301222801,15,311.140625,2656.500
1785147879.301222801,13,312.781250,2708.250
1785147879.301222801,13,314.390625,2768.500
1785147879.301222801,11,316.015625,2840.750
1785147879.301222801,10,317.656250,2920.000
1785147879.416290998,15,358.671875,3565.250
1785147879.416290998,15,0.296875,3645.750
1785147879.416290998,15,13.156250,10074.500
1785147879.416290998,15,14.796875,9933.000
1785147879.416290998,15,16.437500,9795.000
1785147879.416290998,8,19.765625,6987.500
1785147879.416290998,15,21.406250,6905.250
1785147879.416290998,15,46.421875,107.750
1785147879.416290998,15,50.703125,102.250
1785147879.416290998,15,159.125000,8278.000
1785147879.416290998,15,160.750000,8362.500
1785147879.416290998,15,162.406250,8452.500
1785147879.416290998,15,164.031250,8577.750
1785147879.416290998,15,165.671875,8709.500
1785147879.416290998,15,167.312500,8781.000
1785147879.416290998,15,168.953125,8898.500
1785147879.416290998,15,170.578125,9056.500
1785147879.416290998,15,172.234375,9162.000
1785147879.416290998,15,173.875000,9287.500
1785147879.416290998,14,218.390625,3218.500
1785147879.416290998,10,220.046875,3141.500
1785147879.416290998,15,221.687500,3062.250
1785147879.416290998,14,223.343750,2983.250
1785147879.416290998,13,224.984375,2907.500
1785147879.416290998,15,226.703125,2839.750
1785147879.416290998,15,228.359375,2769.500
1785147879.416290998,15,231.687500,2616.000
1785147879.416290998,15,236.625000,2477.500
1785147879.416290998,15,238.296875,2435.750
1785147879.416290998,15,239.937500,2384.250
1785147879.416290998,15,241.593750,2338.000
1785147879.416290998,15,243.218750,2300.750
1785147879.416290998,15,244.875000,2273.750
1785147879.416290998,15,246.515625,2248.000
1785147879.416290998,10,248.156250,2226.000
1785147879.416290998,7,289.125000,2231.250
1785147879.416290998,15,290.796875,2250.000
1785147879.416290998,15,292.406250,2259.750
1785147879.416290998,12,294.031250,2270.250
1785147879.416290998,15,295.656250,2289.750
1785147879.416290998,11,297.312500,2315.000
1785147879.416290998,4,299.000000,2341.250
1785147879.416290998,15,302.312500,2389.250
1785147879.416290998,4,303.921875,2437.000
1785147879.416290998,12,305.562500,2478.750
1785147879.416290998,12,307.218750,2536.000
1785147879.416290998,14,308.828125,2588.500
1785147879.416290998,15,310.468750,2644.000
1785147879.416290998,13,312.109375,2694.000
1785147879.416290998,10,313.765625,2750.750
1785147879.416290998,11,315.359375,2816.500
1785147879.416290998,13,318.640625,2980.500
1785147879.527554989,15,353.000000,3835.500
1785147879.527554989,15,357.968750,3543.000
1785147879.527554989,15,12.390625,10083.750
1785147879.527554989,15,14.031250,9948.500
1785147879.527554989,15,15.656250,9824.500
1785147879.527554989,15,18.984375,7117.250
1785147879.527554989,15,47.093750,106.750
1785147879.527554989,15,158.390625,8375.250
1785147879.527554989,15,160.031250,8421.500
1785147879.527554989,15,161.671875,8520.750
1785147879.527554989,15,163.328125,8613.500
1785147879.527554989,15,164.953125,8674.500
1785147879.527554989,15,166.593750,8796.000
1785147879.527554989,15,168.234375,8910.500
1785147879.527554989,15,169.875000,9031.000
1785147879.527554989,15,171.515625,9157.000
1785147879.527554989,15,173.156250,9292.500
1785147879.527554989,7,199.593750,5093.750
1785147879.527554989,15,217.703125,3189.250
1785147879.527554989,15,221.031250,3001.250
1785147879.527554989,15,222.671875,2921.750
1785147879.527554989,12,224.328125,2845.750
1785147879.527554989,15,225.953125,2771.500
1785147879.527554989,15,227.640625,2694.250
1785147879.527554989,15,229.281250,2626.500
1785147879.527554989,15,230.937500,2573.750
1785147879.527554989,15,235.890625,2441.000
1785147879.527554989,15,237.515625,2401.500
1785147879.527554989,15,239.171875,2357.500
1785147879.527554989,13,240.828125,2319.000
1785147879.527554989,15,242.468750,2292.000
1785147879.527554989,15,244.140625,2261.750
1785147879.527554989,15,245.765625,2239.500
1785147879.527554989,11,247.390625,2225.000
1785147879.527554989,8,249.046875,2212.250
1785147879.527554989,10,289.921875,2226.250
1785147879.527554989,13,291.578125,2249.500
1785147879.527554989,13,293.218750,2264.000
1785147879.527554989,15,294.812500,2297.000
1785147879.527554989,4,296.453125,2341.250
1785147879.527554989,14,298.062500,2384.250
1785147879.527554989,10,299.859375,2416.000
1785147879.527554989,10,301.468750,2432.500
1785147879.527554989,15,303.109375,2473.250
1785147879.527554989,6,304.734375,2529.250
1785147879.527554989,14,306.390625,2569.000
1785147879.527554989,13,308.031250,2608.750
1785147879.527554989,13,309.625000,2655.500
1785147879.527554989,12,311.296875,2685.000
1785147879.527554989,13,316.187500,2880.750
1785147879.527554989,14,317.828125,2959.500
1785147879.638624907,15,357.187500,3542.000
1785147879.638624907,15,8.453125,8275.250
1785147879.638624907,15,11.640625,10071.000
1785147879.638624907,15,13.265625,9909.000
1785147879.638624907,15,14.906250,9735.500
1785147879.638624907,15,18.250000,7076.000
1785147879.638624907,15,19.875000,6984.750
1785147879.638624907,15,46.156250,107.750
1785147879.638624907,15,50.609375,102.000
1785147879.638624907,15,159.109375,8350.500
1785147879.638624907,15,160.765625,8434.750
1785147879.638624907,15,162.390625,8532.250
1785147879.638624907,15,164.031250,8653.500
1785147879.638624907,15,165.687500,8718.250
1785147879.638624907,15,167.312500,8860.750
1785147879.638624907,15,168.953125,9059.500
1785147879.638624907,15,170.593750,9193.500
1785147879.638624907,15,172.234375,9265.250
1785147879.638624907,11,177.109375,11995.500
1785147879.638624907,7,203.484375,4762.000
1785147879.638624907,15,220.062500,3052.000
1785147879.638624907,15,223.375000,2868.500
1785147879.638624907,15,228.281250,2628.000
1785147879.638624907,15,229.890625,2583.750
1785147879.638624907,15,234.828125,2450.500
1785147879.638624907,15,236.500000,2417.250
1785147879.638624907,15,238.140625,2384.500
1785147879.638624907,15,239.781250,2350.250
1785147879.638624907,14,241.406250,2317.250
1785147879.638624907,15,243.062500,2293.250
1785147879.638624907,15,244.671875,2276.500
1785147879.638624907,15,246.328125,2265.000
1785147879.638624907,15,248.000000,2251.250
1785147879.638624907,15,249.609375,2235.000
1785147879.638624907,12,293.765625,2242.000
1785147879.638624907,15,295.390625,2260.250
1785147879.638624907,13,297.046875,2266.250
1785147879.638624907,15,298.765625,2270.250
1785147879.638624907,15,302.046875,2371.000
1785147879.638624907,10,303.671875,2405.000
1785147879.638624907,6,305.296875,2435.500
1785147879.638624907,15,306.968750,2469.000
1785147879.638624907,11,308.578125,2511.250
1785147879.638624907,15,310.218750,2561.750
1785147879.638624907,13,311.843750,2607.750
1785147879.638624907,15,313.484375,2654.000
1785147879.638624907,10,315.093750,2708.000
1785147879.638624907,15,349.375000,3945.000
1785147879.754122019,15,355.984375,3522.750
1785147879.754122019,15,357.593750,3597.500
1785147879.754122019,15,13.796875,9806.000
1785147879.754122019,14,15.437500,9624.500
1785147879.754122019,13,20.421875,7020.250
1785147879.754122019,15,46.250000,106.750
1785147879.754122019,15,159.484375,8457.000
1785147879.754122019,15,161.109375,8570.500
1785147879.754122019,15,162.750000,8664.750
1785147879.754122019,15,164.375000,8760.000
1785147879.754122019,15,166.015625,8883.250
1785147879.754122019,15,167.656250,8998.000
1785147879.754122019,15,169.281250,9128.500
1785147879.754122019,15,170.921875,9271.250
1785147879.754122019,10,203.859375,4808.000
1785147879.754122019,7,207.156250,4401.000
1785147879.754122019,13,218.765625,3243.750
1785147879.754122019,15,222.078125,3015.000
1785147879.754122019,15,223.718750,2933.750
1785147879.754122019,15,226.984375,2756.750
1785147879.754122019,15,231.953125,2584.750
1785147879.754122019,15,233.593750,2523.000
1785147879.754122019,15,235.218750,2495.000
1785147879.754122019,15,236.859375,2469.500
1785147879.754122019,15,238.531250,2436.000
1785147879.754122019,12,240.156250,2400.250
1785147879.754122019,10,241.796875,2359.250
1785147879.754122019,14,243.468750,2330.000
1785147879.754122019,13,245.078125,2311.750
1785147879.754122019,15,246.750000,2295.750
1785147879.754122019,15,248.390625,2279.000
1785147879.754122019,15,250.000000,2261.750
1785147879.754122019,14,251.734375,2245.500
1785147879.754122019,12,253.375000,2231.750
1785147879.754122019,12,292.625000,2240.500
1785147879.754122019,15,294.234375,2257.750
1785147879.754122019,12,295.859375,2269.750
1785147879.754122019,15,297.500000,2272.000
1785147879.754122019,14,300.859375,2371.250
1785147879.754122019,12,302.500000,2411.000
1785147879.754122019,15,304.125000,2446.500
1785147879.754122019,15,305.781250,2488.000
1785147879.754122019,7,307.406250,2530.750
1785147879.754122019,15,309.000000,2581.250
1785147879.754122019,7,310.625000,2630.750
1785147879.754122019,11,312.296875,2677.000
1785147879.754122019,7,313.921875,2733.750
1785147879.754122019,10,315.531250,2793.750
1785147879.754122019,9,318.796875,3009.500
1785147879.754122019,15,348.281250,3926.750
1785147879.864916086,15,354.859375,3497.500
1785147879.864916086,15,356.500000,3556.000
1785147879.864916086,15,6.109375,8187.250
1785147879.864916086,15,7.750000,8062.500
1785147879.864916086,15,9.406250,7901.000
1785147879.864916086,15,19.296875,6830.000
1785147879.864916086,15,45.890625,108.500
1785147879.864916086,15,47.046875,105.750
1785147879.864916086,15,158.515625,8545.250
1785147879.864916086,15,160.156250,8552.000
1785147879.864916086,15,161.796875,8648.500
1785147879.864916086,15,163.437500,8733.500
1785147879.864916086,15,165.078125,8846.500
1785147879.864916086,15,166.718750,8967.750
1785147879.864916086,15,168.343750,9102.750
1785147879.864916086,15,169.984375,9252.500
1785147879.864916086,15,171.625000,9384.500
1785147879.864916086,13,174.890625,12050.750
1785147879.864916086,11,212.859375,3610.750
1785147879.864916086,15,216.171875,3351.500
1785147879.864916086,15,221.125000,3049.250
1785147879.864916086,13,222.765625,2976.500
1785147879.864916086,15,224.406250,2888.250
1785147879.864916086,15,226.062500,2801.000
1785147879.864916086,15,232.703125,2520.750
1785147879.864916086,15,234.359375,2478.500
1785147879.864916086,15,236.000000,2439.250
1785147879.864916086,15,237.640625,2397.750
1785147879.864916086,15,239.312500,2355.500
1785147879.864916086,15,240.937500,2318.250
1785147879.864916086,15,242.593750,2292.250
1785147879.864916086,15,244.250000,2264.250
1785147879.864916086,14,245.875000,2241.750
1785147879.864916086,11,293.437500,2246.750
1785147879.864916086,11,295.062500,2263.750
1785147879.864916086,15,296.718750,2266.000
1785147879.864916086,13,298.312500,2289.750
1785147879.864916086,13,299.968750,2349.250
1785147879.864916086,12,301.609375,2395.750
1785147879.864916086,13,303.281250,2417.500
1785147879.864916086,7,304.890625,2442.500
1785147879.864916086,15,306.546875,2481.750
1785147879.864916086,6,308.140625,2529.750
1785147879.864916086,15,309.796875,2574.000
1785147879.864916086,6,311.437500,2621.750
1785147879.864916086,15,313.046875,2678.750
1785147879.864916086,10,314.687500,2748.500
1785147879.864916086,11,316.328125,2832.000
1785147879.864916086,9,321.203125,3163.500
