elapsed_s,lidar_timestamp,state,speed,steering,steering_offset,reason,raw_points,valid_points,left_fov_points,right_fov_points,tangent_clusters,tangent_candidates,detected_vehicle_count,right_vehicle,right_vehicle_raw,right_cluster_points,right_seen_scans,right_missing_scans,right_track_id,is_prealign_near,is_near,pair_source_scans,pair_valid,angle_a_deg,angle_b_deg,angle_bisector_deg,dist_a_mm,dist_b_mm,control_pair_valid,control_angle_a_deg,control_angle_b_deg,control_angle_bisector_deg,control_dist_a_mm,control_dist_b_mm,control_gap_width_mm,control_gap_center_angle_deg,control_pair_reason,distance_bias_ab_mm,angle_term,distance_term,paper_steering,applied_paper_steering,entry_center_angle_deg,realigning_after_dropout,prealign_near_seen,prealign_ready_scans,pair_hold_scans,pair_reacquiring,center_observation_scans,dist_c_mm,dist_d_mm,distance_bias_cd_mm,cd_balance_ratio,cd_balance_error,cd_balance_span,cd_center_ready_scans,left_side_heading_deg,left_side_line_points,left_side_line_extent_mm,left_side_line_linearity,right_side_heading_deg,right_side_line_points,right_side_line_extent_mm,right_side_line_linearity,observed_slot_heading_deg,filtered_slot_heading_deg,slot_heading_span_deg,parallel_heading_ready_scans,parallel_correction_cycles,parallel_cd_missing_scans,parallel_no_improvement_scans,parallel_best_heading_deg
0.000005,1785220663.367506981,idle,0,0,-26,press_SPACE_to_start,72,72,47,25,2,0,0,0,0,0,0,1,0,0,0,1,0,,,,,,0,,,,,,,,two_tangents_not_visible,,,,,,,0,0,0,0,0,0,,,,,,,0,,0,,,,0,,,,,,0,0,0,0,
0.198888,1785220663.548639059,idle,0,0,-26,press_SPACE_to_start,71,71,49,22,2,0,0,0,0,0,0,2,0,0,0,2,0,,,,,,0,,,,,,,,two_tangents_not_visible,,,,,,,0,0,0,0,0,0,,,,,,,0,,0,,,,0,,,,,,0,0,0,0,
0.289853,1785220663.548639059,idle,0,0,-26,press_SPACE_to_start,71,71,49,22,2,0,0,0,0,0,0,2,0,0,0,2,0,,,,,,0,,,,,,,,two_tangents_not_visible,,,,,,,0,0,0,0,0,0,,,,,,,0,,0,,,,0,,,,,,0,0,0,0,
0.378074,1785220663.662567854,idle,0,0,-26,press_SPACE_to_start,73,73,47,26,3,1,0,0,0,0,0,3,0,0,0,3,1,-47.484375,-3.296875,-25.390625,3190.750000,2147.250000,0,,,,,,,,two_tangents_not_visible,,,,,,,0,0,0,0,0,0,,1944.500000,,,,,0,,0,,,,0,,,,,,0,0,0,0,
0.463113,1785220663.773880005,idle,0,0,-26,press_SPACE_to_start,68,68,45,23,3,1,0,0,0,0,0,4,0,0,0,4,1,-47.296875,-3.296875,-25.296875,3192.750000,2147.250000,0,,,,,,,,two_tangents_not_visible,,,,,,,0,0,0,0,0,0,,,,,,,0,,0,,,,0,,,,,,0,0,0,0,
0.513710,1785220663.773880005,idle,0,0,-26,press_SPACE_to_start,68,68,45,23,3,1,0,0,0,0,0,4,0,0,0,4,1,-47.296875,-3.296875,-25.296875,3192.750000,2147.250000,0,,,,,,,,two_tangents_not_visible,,,,,,,0,0,0,0,0,0,,,,,,,0,,0,,,,0,,,,,,0,0,0,0,
0.601963,1785220663.885757923,idle,0,0,-26,press_SPACE_to_start,71,71,46,25,3,1,0,0,0,0,0,5,0,0,0,5,1,-47.093750,-3.296875,-25.195312,3193.250000,2147.250000,0,,,,,,,,two_tangents_not_visible,,,,,,,0,0,0,0,0,0,,,,,,,0,,0,,,,0,,,,,,0,0,0,0,
0.690941,1785220663.996475935,idle,0,0,-26,press_SPACE_to_start,67,67,44,23,3,0,0,0,0,0,0,6,0,0,0,5,0,,,,,,0,,,,,,,,two_tangents_not_visible,,,,,,,0,0,0,0,0,0,,,,,,,0,,0,,,,0,,,,,,0,0,0,0,
0.782777,1785220664.108629942,idle,0,0,-26,press_SPACE_to_start,67,67,44,23,5,1,0,0,0,0,0,7,0,0,0,5,1,-46.953125,-5.828125,-26.390625,3198.500000,1972.000000,0,,,,,,,,two_tangents_not_visible,,,,,,,0,0,0,0,0,0,,,,,,,0,,0,,,,0,,,,,,0,0,0,0,
0.870477,1785220664.222938061,idle,0,0,-26,press_SPACE_to_start,69,69,46,23,5,1,0,0,0,0,0,8,0,0,0,5,1,-46.953125,-5.828125,-26.390625,3198.500000,1972.000000,0,,,,,,,,two_tangents_not_visible,,,,,,,0,0,0,0,0,0,,,,,,,0,,0,,,,0,,,,,,0,0,0,0,
0.957388,1785220664.222938061,idle,0,0,-26,press_SPACE_to_start,69,69,46,23,5,1,0,0,0,0,0,8,0,0,0,5,1,-46.953125,-5.828125,-26.390625,3198.500000,1972.000000,0,,,,,,,,two_tangents_not_visible,,,,,,,0,0,0,0,0,0,,,,,,,0,,0,,,,0,,,,,,0,0,0,0,
1.044919,1785220664.334252119,idle,0,0,-26,press_SPACE_to_start,68,68,46,22,5,1,0,0,0,0,0,9,0,0,0,5,1,-46.953125,-5.828125,-26.390625,3198.500000,1972.000000,0,,,,,,,,two_tangents_not_visible,,,,,,,0,0,0,0,0,0,,,,,,,0,,0,,,,0,,,,,,0,0,0,0,
1.132770,1785220664.445035934,idle,0,0,-26,press_SPACE_to_start,66,66,46,20,5,1,0,0,0,0,0,10,0,0,0,5,1,-46.953125,-5.828125,-26.390625,3198.500000,1972.000000,0,,,,,,,,two_tangents_not_visible,,,,,,,0,0,0,0,0,0,,,,,,,0,,0,,,,0,,,,,,0,0,0,0,
1.220118,1785220664.556349039,idle,0,0,-26,press_SPACE_to_start,68,68,46,22,6,2,0,0,0,0,0,11,0,0,0,5,1,-0.671875,86.890625,43.109375,2094.000000,2678.500000,0,,,,,,,,two_tangents_not_visible,,,,,,,0,0,0,0,0,0,,,,,,,0,,0,,,,0,,,,,,0,0,0,0,
1.312308,1785220664.671130180,idle,0,0,-26,press_SPACE_to_start,69,69,46,23,4,2,0,0,0,0,0,12,0,0,0,5,1,-0.671875,81.562500,40.445312,2094.000000,2682.250000,0,,,,,,,,two_tangents_not_visible,,,,,,,0,0,0,0,0,0,,,,,,,0,,0,,,,0,,,,,,0,0,0,0,
1.399106,1785220664.671130180,idle,0,0,-26,press_SPACE_to_start,69,69,46,23,4,2,0,0,0,0,0,12,0,0,0,5,1,-0.671875,81.562500,40.445312,2094.000000,2682.250000,0,,,,,,,,two_tangents_not_visible,,,,,,,0,0,0,0,0,0,,,,,,,0,,0,,,,0,,,,,,0,0,0,0,
1.486831,1785220664.783022165,idle,0,0,-26,press_SPACE_to_start,71,71,48,23,5,2,0,0,0,0,0,13,0,0,0,5,1,-3.281250,86.890625,41.804688,1988.500000,2678.500000,0,,,,,,,,two_tangents_not_visible,,,,,,,0,0,0,0,0,0,,,,,,,0,,0,,,,0,,,,,,0,0,0,0,
1.566523,1785220664.894620895,search_first_car,50,-26,-26,paper_search_first_vehicle,67,67,46,21,2,0,0,0,0,0,0,1,0,0,0,1,0,,,,,,0,,,,,,,,two_tangents_not_visible,,,,,,,0,0,0,0,0,0,,,,,,,0,,0,,,,0,,,,,,0,0,0,0,
1.651534,1785220665.005779028,search_first_car,50,-26,-26,paper_search_first_vehicle,63,63,41,22,2,0,0,0,0,0,0,2,0,0,0,2,0,,,,,,0,,,,,,,,two_tangents_not_visible,,,,,,,0,0,0,0,0,0,,,,,,,0,,0,,,,0,,,,,,0,0,0,0,
1.736466,1785220665.005779028,search_first_car,50,-26,-26,paper_search_first_vehicle,63,63,41,22,2,0,0,0,0,0,0,2,0,0,0,2,0,,,,,,0,,,,,,,,two_tangents_not_visible,,,,,,,0,0,0,0,0,0,,,,,,,0,,0,,,,0,,,,,,0,0,0,0,
1.828871,1785220665.119571924,search_first_car,50,-26,-26,paper_search_first_vehicle,63,63,43,20,2,0,0,0,0,0,0,3,0,0,0,3,0,,,,,,0,,,,,,,,two_tangents_not_visible,,,,,,,0,0,0,0,0,0,,,,,,,0,,0,,,,0,,,,,,0,0,0,0,
1.916379,1785220665.232101202,search_first_car,50,-26,-26,paper_search_first_vehicle,59,59,37,22,1,0,0,0,0,0,0,4,0,0,0,4,0,,,,,,0,,,,,,,,two_tangents_not_visible,,,,,,,0,0,0,0,0,0,,,,,,,0,,0,,,,0,,,,,,0,0,0,0,
2.002518,1785220665.342695951,search_first_car,50,-26,-26,paper_search_first_vehicle,67,67,42,25,1,0,0,0,0,0,0,5,0,0,0,5,0,,,,,,0,,,,,,,,two_tangents_not_visible,,,,,,,0,0,0,0,0,0,,,,,,,0,,0,,,,0,,,,,,0,0,0,0,
2.088946,1785220665.454916000,search_first_car,50,-26,-26,paper_search_first_vehicle,60,60,39,21,2,0,0,0,0,0,0,6,0,0,0,5,0,,,,,,0,,,,,,,,two_tangents_not_visible,,,,,,,0,0,0,0,0,0,,,,,,,0,,0,,,,0,,,,,,0,0,0,0,
2.176855,1785220665.454916000,search_first_car,50,-26,-26,paper_search_first_vehicle,60,60,39,21,2,0,0,0,0,0,0,6,0,0,0,5,0,,,,,,0,,,,,,,,two_tangents_not_visible,,,,,,,0,0,0,0,0,0,,,,,,,0,,0,,,,0,,,,,,0,0,0,0,
2.264323,1785220665.568516016,search_first_car,50,-26,-26,paper_search_first_vehicle,65,65,42,23,1,0,0,0,0,0,0,7,0,0,0,5,0,,,,,,0,,,,,,,,two_tangents_not_visible,,,,,,,0,0,0,0,0,0,,,,,,,0,,0,,,,0,,,,,,0,0,0,0,
2.355892,1785220665.680135012,search_first_car,50,-26,-26,paper_search_first_vehicle,57,57,35,22,2,1,0,0,0,0,0,8,0,0,0,5,1,-43.843750,-5.437500,-24.640625,3189.000000,2076.000000,0,,,,,,,,two_tangents_not_visible,,,,,,,0,0,0,0,0,0,,,,,,,0,,0,,,,0,,,,,,0,0,0,0,
2.442077,1785220665.792608976,search_first_car,50,-26,-26,paper_search_first_vehicle,55,55,35,20,2,1,0,0,0,0,0,9,0,0,0,5,1,-43.843750,-5.437500,-24.640625,3189.000000,2076.000000,0,,,,,,,,two_tangents_not_visible,,,,,,,0,0,0,0,0,0,,,,,,,0,,0,,,,0,,,,,,0,0,0,0,
2.528107,1785220665.792608976,search_first_car,50,-26,-26,paper_search_first_vehicle,55,55,35,20,2,1,0,0,0,0,0,9,0,0,0,5,1,-43.843750,-5.437500,-24.640625,3189.000000,2076.000000,0,,,,,,,,two_tangents_not_visible,,,,,,,0,0,0,0,0,0,,,,,,,0,,0,,,,0,,,,,,0,0,0,0,
2.615168,1785220665.902723074,search_first_car,50,-26,-26,paper_search_first_vehicle,60,60,37,23,2,1,0,0,0,0,0,10,0,0,0,5,1,-43.843750,-5.437500,-24.640625,3189.000000,2076.000000,0,,,,,,,,two_tangents_not_visible,,,,,,,0,0,0,0,0,0,,,,,,,0,,0,,,,0,,,,,,0,0,0,0,
2.700636,1785220666.017604113,search_first_car,50,-26,-26,paper_search_first_vehicle,59,59,36,23,2,1,0,0,0,0,0,11,0,0,0,5,1,-43.843750,-4.906250,-24.375000,3189.000000,2082.500000,0,,,,,,,,two_tangents_not_visible,,,,,,,0,0,0,0,0,0,,,,,,,0,,0,,,,0,,,,,,0,0,0,0,
2.788605,1785220666.129618883,search_first_car,50,-26,-26,paper_search_first_vehicle,57,57,37,20,1,0,0,0,0,0,0,12,0,0,0,5,0,,,,,,0,,,,,,,,two_tangents_not_visible,,,,,,,0,0,0,0,0,0,,,,,,,0,,0,,,,0,,,,,,0,0,0,0,
2.878145,1785220666.240197897,search_first_car,50,-26,-26,paper_search_first_vehicle,54,54,31,23,1,0,0,0,0,0,0,13,0,0,0,5,0,,,,,,0,,,,,,,,two_tangents_not_visible,,,,,,,0,0,0,0,0,0,,,,,,,0,,0,,,,0,,,,,,0,0,0,0,
2.966086,1785220666.240197897,search_first_car,50,-26,-26,paper_search_first_vehicle,54,54,31,23,1,0,0,0,0,0,0,13,0,0,0,5,0,,,,,,0,,,,,,,,two_tangents_not_visible,,,,,,,0,0,0,0,0,0,,,,,,,0,,0,,,,0,,,,,,0,0,0,0,
3.054103,1785220666.352215052,search_first_car,50,-26,-26,paper_search_first_vehicle,64,64,40,24,2,1,0,0,0,0,0,14,0,0,0,5,1,-40.218750,-4.781250,-22.500000,3190.250000,2165.250000,0,,,,,,,,two_tangents_not_visible,,,,,,,0,0,0,0,0,0,,,,,,,0,,0,,,,0,,,,,,0,0,0,0,
3.142012,1785220666.466156960,search_first_car,50,-26,-26,paper_search_first_vehicle,57,57,34,23,2,1,0,0,0,0,0,15,0,0,0,5,1,-40.171875,-4.781250,-22.476562,3192.750000,2165.250000,0,,,,,,,,two_tangents_not_visible,,,,,,,0,0,0,0,0,0,,,,,,,0,,0,,,,0,,,,,,0,0,0,0,
3.230781,1785220666.578043938,search_first_car,50,-26,-26,paper_search_first_vehicle,55,55,36,19,2,1,0,0,0,0,0,16,0,0,0,5,1,-40.171875,-4.359375,-22.265625,3192.750000,2224.500000,0,,,,,,,,two_tangents_not_visible,,,,,,,0,0,0,0,0,0,,,,,,,0,,0,,,,0,,,,,,0,0,0,0,
3.320207,1785220666.689335108,search_first_car,50,-26,-26,paper_search_first_vehicle,55,55,33,22,2,1,0,0,0,0,0,17,0,0,0,5,1,-40.171875,-4.359375,-22.265625,3192.750000,2224.500000,0,,,,,,,,two_tangents_not_visible,,,,,,,0,0,0,0,0,0,,,,,,,0,,0,,,,0,,,,,,0,0,0,0,
3.413769,1785220666.689335108,search_first_car,50,-26,-26,paper_search_first_vehicle,55,55,33,22,2,1,0,0,0,0,0,17,0,0,0,5,1,-40.171875,-4.359375,-22.265625,3192.750000,2224.500000,0,,,,,,,,two_tangents_not_visible,,,,,,,0,0,0,0,0,0,,,,,,,0,,0,,,,0,,,,,,0,0,0,0,
3.502216,1785220666.800321102,search_first_car,50,-26,-26,paper_search_first_vehicle,59,59,38,21,2,1,0,0,0,0,0,18,0,0,0,5,1,-40.171875,-4.359375,-22.265625,3192.750000,2224.500000,0,,,,,,,,two_tangents_not_visible,,,,,,,0,0,0,0,0,0,,,,,,,0,,0,,,,0,,,,,,0,0,0,0,
3.590518,1785220666.915612936,search_first_car,50,-26,-26,paper_search_first_vehicle,56,56,36,20,2,1,0,0,0,0,0,19,0,0,0,5,1,-40.171875,-4.359375,-22.265625,3192.750000,2224.500000,0,,,,,,,,two_tangents_not_visible,,,,,,,0,0,0,0,0,0,,,,,,,0,,0,,,,0,,,,,,0,0,0,0,
3.679593,1785220667.026365042,search_first_car,50,-26,-26,paper_search_first_vehicle,57,57,39,18,4,1,0,0,0,0,0,20,0,0,0,5,1,-43.609375,-4.359375,-23.984375,3191.500000,2224.500000,0,,,,,,,,two_tangents_not_visible,,,,,,,0,0,0,0,0,0,,,,,,,0,,0,,,,0,,,,,,0,0,0,0,
3.767748,1785220667.137463093,search_first_car,50,-26,-26,paper_search_first_vehicle,55,55,35,20,11,1,0,0,0,0,0,21,0,0,0,5,1,-58.421875,0.359375,-29.031250,3177.750000,2196.250000,0,,,,,,,,two_tangents_not_visible,,,,,,,0,0,0,0,0,0,,,,,,,0,,0,,,,0,,,,,,0,0,0,0,
3.856073,1785220667.137463093,search_first_car,50,-26,-26,paper_search_first_vehicle,55,55,35,20,11,1,0,0,0,0,0,21,0,0,0,5,1,-58.421875,0.359375,-29.031250,3177.750000,2196.250000,0,,,,,,,,two_tangents_not_visible,,,,,,,0,0,0,0,0,0,,,,,,,0,,0,,,,0,,,,,,0,0,0,0,
3.948121,1785220667.249759912,search_first_car,50,-26,-26,paper_search_first_vehicle,63,63,43,20,9,1,0,0,0,0,0,22,0,0,0,5,1,-58.421875,3.765625,-27.328125,3177.750000,1911.500000,0,,,,,,,,two_tangents_not_visible,,,,,,,0,0,0,0,0,0,,,,,,,0,,0,,,,0,,,,,,0,0,0,0,
4.036667,1785220667.359835863,search_first_car,50,-26,-26,paper_search_first_vehicle,65,65,45,20,1,0,0,0,0,0,0,23,0,0,0,5,0,,,,,,0,,,,,,,,two_tangents_not_visible,,,,,,,0,0,0,0,0,0,,,,,,,0,,0,,,,0,,,,,,0,0,0,0,
4.124151,1785220667.475595951,search_first_car,50,-26,-26,paper_search_first_vehicle,59,59,43,16,1,0,0,0,0,0,0,24,0,0,0,5,0,,,,,,0,,,,,,,,two_tangents_not_visible,,,,,,,0,0,0,0,0,0,,,,,,,0,,0,,,,0,,,,,,0,0,0,0,
4.212756,1785220667.475595951,search_first_car,50,-26,-26,paper_search_first_vehicle,59,59,43,16,1,0,0,0,0,0,0,24,0,0,0,5,0,,,,,,0,,,,,,,,two_tangents_not_visible,,,,,,,0,0,0,0,0,0,,,,,,,0,,0,,,,0,,,,,,0,0,0,0,
4.302359,1785220667.585818768,search_first_car,50,-26,-26,paper_search_first_vehicle,66,66,48,18,3,1,0,0,0,0,0,25,0,0,0,5,1,-59.609375,7.406250,-26.101562,3181.250000,1894.250000,0,,,,,,,,two_tangents_not_visible,,,,,,,0,0,0,0,0,0,,,,,,,0,,0,,,,0,,,,,,0,0,0,0,
4.390139,1785220667.698199034,search_first_car,50,-26,-26,paper_search_first_vehicle,57,57,41,16,3,1,0,0,0,0,0,26,0,0,0,5,1,-59.609375,9.468750,-25.070312,3181.250000,2012.750000,0,,,,,,,,two_tangents_not_visible,,,,,,,0,0,0,0,0,0,,,,,,,0,,0,,,,0,,,,,,0,0,0,0,
4.480916,1785220667.809484959,search_first_car,50,-26,-26,paper_search_first_vehicle,55,55,40,15,3,1,0,0,0,0,0,27,0,0,0,5,1,-59.609375,9.250000,-25.179688,3181.250000,1893.500000,0,,,,,,,,two_tangents_not_visible,,,,,,,0,0,0,0,0,0,,,,,,,0,,0,,,,0,,,,,,0,0,0,0,
4.567702,1785220667.923357010,search_first_car,50,-26,-26,paper_search_first_vehicle,64,64,47,17,3,1,0,0,0,0,0,28,0,0,0,5,1,-59.609375,9.250000,-25.179688,3181.250000,1893.500000,0,,,,,,,,two_tangents_not_visible,,,,,,,0,0,0,0,0,0,,,,,,,0,,0,,,,0,,,,,,0,0,0,0,
4.653003,1785220667.923357010,search_first_car,50,-26,-26,paper_search_first_vehicle,64,64,47,17,3,1,0,0,0,0,0,28,0,0,0,5,1,-59.609375,9.250000,-25.179688,3181.250000,1893.500000,0,,,,,,,,two_tangents_not_visible,,,,,,,0,0,0,0,0,0,,,,,,,0,,0,,,,0,,,,,,0,0,0,0,
4.738497,1785220668.035045862,search_first_car,50,-26,-26,paper_search_first_vehicle,64,64,47,17,2,1,0,0,0,0,0,29,0,0,0,5,1,-59.781250,9.250000,-25.265625,3188.500000,1893.500000,0,,,,,,,,two_tangents_not_visible,,,,,,,0,0,0,0,0,0,,,,,,,0,,0,,,,0,,,,,,0,0,0,0,
4.824349,1785220668.147090912,search_first_car,50,-26,-26,paper_search_first_vehicle,66,66,50,16,3,1,0,0,0,0,0,30,0,0,0,5,1,-63.046875,9.250000,-26.898437,3193.250000,1893.500000,0,,,,,,,,two_tangents_not_visible,,,,,,,0,0,0,0,0,0,,,,,,,0,,0,,,,0,,,,,,0,0,0,0,
4.910434,1785220668.258195877,search_first_car,50,-26,-26,paper_search_first_vehicle,63,63,45,18,2,0,0,0,0,0,0,31,0,0,0,5,0,,,,,,0,,,,,,,,two_tangents_not_visible,,,,,,,0,0,0,0,0,0,,,,,,,0,,0,,,,0,,,,,,0,0,0,0,
4.999159,1785220668.369181871,search_first_car,50,-26,-26,paper_search_first_vehicle,66,66,46,20,2,0,0,0,0,0,0,32,0,0,0,5,0,,,,,,0,,,,,,,,two_tangents_not_visible,,,,,,,0,0,0,0,0,0,,,,,,,0,,0,,,,0,,,,,,0,0,0,0,
5.082735,1785220668.369181871,search_first_car,50,-26,-26,paper_search_first_vehicle,66,66,46,20,2,0,0,0,0,0,0,32,0,0,0,5,0,,,,,,0,,,,,,,,two_tangents_not_visible,,,,,,,0,0,0,0,0,0,,,,,,,0,,0,,,,0,,,,,,0,0,0,0,
5.172115,1785220668.483273029,search_first_car,50,-26,-26,paper_search_first_vehicle,63,63,45,18,1,0,0,0,0,0,0,33,0,0,0,5,0,,,,,,0,,,,,,,,two_tangents_not_visible,,,,,,,0,0,0,0,0,0,,,,,,,0,,0,,,,0,,,,,,0,0,0,0,
5.258380,1785220668.594823837,search_first_car,50,-26,-26,paper_search_first_vehicle,61,61,42,19,2,0,0,0,0,0,0,34,0,0,0,5,0,,,,,,0,,,,,,,,two_tangents_not_visible,,,,,,,0,0,0,0,0,0,,,,,,,0,,0,,,,0,,,,,,0,0,0,0,
5.343826,1785220668.706608057,search_first_car,50,-26,-26,paper_search_first_vehicle,53,53,34,19,3,1,0,0,0,0,0,35,0,0,0,5,1,-54.843750,21.234375,-16.804688,3186.750000,1698.500000,0,,,,,,,,two_tangents_not_visible,,,,,,,0,0,0,0,0,0,,,,,,,0,,0,,,,0,,,,,,0,0,0,0,
5.430493,1785220668.706608057,search_first_car,50,-26,-26,paper_search_first_vehicle,53,53,34,19,3,1,0,0,0,0,0,35,0,0,0,5,1,-54.843750,21.234375,-16.804688,3186.750000,1698.500000,0,,,,,,,,two_tangents_not_visible,,,,,,,0,0,0,0,0,0,,,,,,,0,,0,,,,0,,,,,,0,0,0,0,
5.524394,1785220668.817642927,search_first_car,50,-26,-26,paper_search_first_vehicle,54,54,31,23,2,1,0,0,0,0,0,36,0,0,0,5,1,-54.640625,30.140625,-12.250000,3187.250000,1407.000000,0,,,,,,,,two_tangents_not_visible,,,,,,,0,0,0,0,0,0,,,,,,,0,,0,,,-69.343904,4,312.324337,66.068201,-69.343904,,,0,0,0,0,
5.611163,1785220668.928756952,search_first_car,50,-26,-26,paper_search_first_vehicle,59,59,36,23,2,1,0,0,0,0,0,37,0,0,0,5,1,-54.640625,30.140625,-12.250000,3187.250000,1407.000000,0,,,,,,,,two_tangents_not_visible,,,,,,,0,0,0,0,0,0,,,,,,,0,,0,,,-70.483430,5,275.309856,82.744494,-70.483430,,,0,0,0,0,
5.695827,1785220669.043766022,search_first_car,50,-26,-26,paper_search_first_vehicle,49,49,26,23,2,1,0,0,0,0,0,38,0,0,0,5,1,-50.906250,30.140625,-10.382812,3179.000000,1407.000000,0,,,,,,,,two_tangents_not_visible,,,,,,,0,0,0,0,0,0,,,,,,,0,,0,,,,0,,,,,,0,0,0,0,
5.783006,1785220669.043766022,search_first_car,50,-26,-26,paper_search_first_vehicle,49,49,26,23,2,1,0,0,0,0,0,38,0,0,0,5,1,-50.906250,30.140625,-10.382812,3179.000000,1407.000000,0,,,,,,,,two_tangents_not_visible,,,,,,,0,0,0,0,0,0,,,,,,,0,,0,,,,0,,,,,,0,0,0,0,
5.868033,1785220669.154790878,search_first_car,50,-26,-26,paper_search_first_vehicle,50,50,28,22,2,1,0,0,0,0,0,39,0,0,0,5,1,-50.906250,31.875000,-9.515625,3179.000000,1476.250000,0,,,,,,,,two_tangents_not_visible,,,,,,,0,0,0,0,0,0,,,,,,,0,,0,,,,0,,,,,,0,0,0,0,
5.956627,1785220669.266911030,search_first_car,50,-26,-26,paper_search_first_vehicle,52,52,31,21,3,1,0,0,0,0,0,40,0,0,0,5,1,-39.265625,31.875000,-3.695312,2103.750000,1476.250000,0,,,,,,,,two_tangents_not_visible,,,,,,,0,0,0,0,0,0,,,,,,,0,,0,,,,0,,,,,,0,0,0,0,
6.049585,1785220669.382768869,search_first_car,50,-26,-26,paper_search_first_vehicle,52,52,32,20,3,1,0,0,0,0,0,41,0,0,0,5,1,-39.265625,33.921875,-2.671875,2103.750000,1489.500000,0,,,,,,,,two_tangents_not_visible,,,,,,,0,0,0,0,0,0,,,,,,,0,,0,,,,0,,,,,,0,0,0,0,
6.137282,1785220669.493092060,search_first_car,50,-26,-26,paper_search_first_vehicle,54,54,33,21,3,1,0,0,0,0,0,42,0,0,0,5,1,-39.265625,37.453125,-0.906250,2103.750000,1493.000000,0,,,,,,,,two_tangents_not_visible,,,,,,,0,0,0,0,0,0,,,,,,,0,,0,,,,0,,,,,,0,0,0,0,
6.225583,1785220669.493092060,search_first_car,50,-26,-26,paper_search_first_vehicle,54,54,33,21,3,1,0,0,0,0,0,42,0,0,0,5,1,-39.265625,37.453125,-0.906250,2103.750000,1493.000000,0,,,,,,,,two_tangents_not_visible,,,,,,,0,0,0,0,0,0,,,,,,,0,,0,,,,0,,,,,,0,0,0,0,
6.312791,1785220669.603429079,search_first_car,50,-26,-26,paper_search_first_vehicle,62,62,41,21,1,0,0,0,0,0,0,43,0,0,0,5,0,,,,,,0,,,,,,,,two_tangents_not_visible,,,,,,,0,0,0,0,0,0,,,,,,,0,,0,,,,0,,,,,,0,0,0,0,
6.401284,1785220669.715361118,search_first_car,50,-26,-26,paper_search_first_vehicle,66,66,45,21,1,0,0,0,0,0,0,44,0,0,0,5,0,,,,,,0,,,,,,,,two_tangents_not_visible,,,,,,,0,0,0,0,0,0,,,,,,,0,,0,,,,0,,,,,,0,0,0,0,
6.488680,1785220669.827203989,search_first_car,50,-26,-26,paper_search_first_vehicle,71,71,50,21,1,0,0,0,0,0,0,45,0,0,0,5,0,,,,,,0,,,,,,,,two_tangents_not_visible,,,,,,,0,0,0,0,0,0,,,,,,,0,,0,,,,0,,,,,,0,0,0,0,
6.581270,1785220669.940892935,search_first_car,50,-26,-26,paper_search_first_vehicle,72,72,46,26,1,0,0,0,0,0,0,46,0,0,0,5,0,,,,,,0,,,,,,,,two_tangents_not_visible,,,,,,,0,0,0,0,0,0,,,,,,,0,,0,,,,0,,,,,,0,0,0,0,
6.669479,1785220669.940892935,search_first_car,50,-26,-26,paper_search_first_vehicle,72,72,46,26,1,0,0,0,0,0,0,46,0,0,0,5,0,,,,,,0,,,,,,,,two_tangents_not_visible,,,,,,,0,0,0,0,0,0,,,,,,,0,,0,,,,0,,,,,,0,0,0,0,
6.756505,1785220670.052649975,search_first_car,50,-26,-26,paper_search_first_vehicle,72,72,47,25,1,0,0,0,0,0,0,47,0,0,0,5,0,,,,,,0,,,,,,,,two_tangents_not_visible,,,,,,,0,0,0,0,0,0,,,,,,,0,,0,,,,0,,,,,,0,0,0,0,
6.843364,1785220670.163761854,search_first_car,50,-26,-26,paper_search_first_vehicle,62,62,39,23,1,0,0,0,0,0,0,48,0,0,0,5,0,,,,,,0,,,,,,,,two_tangents_not_visible,,,,,,,0,0,0,0,0,0,,,,,,,0,,0,,,,0,,,,,,0,0,0,0,
6.932228,1785220670.275649071,search_first_car,50,-26,-26,paper_search_first_vehicle,59,59,33,26,1,0,0,0,0,0,0,49,0,0,0,5,0,,,,,,0,,,,,,,,two_tangents_not_visible,,,,,,,0,0,0,0,0,0,,,,,,,0,,0,,,,0,,,,,,0,0,0,0,
7.021213,1785220670.389596939,search_first_car,50,-26,-26,paper_search_first_vehicle,55,55,30,25,1,0,0,0,0,0,0,50,0,0,0,5,0,,,,,,0,,,,,,,,two_tangents_not_visible,,,,,,,0,0,0,0,0,0,,,,,,,0,,0,,,,0,,,,,,0,0,0,0,
7.114449,1785220670.389596939,search_first_car,50,-26,-26,paper_search_first_vehicle,55,55,30,25,1,0,0,0,0,0,0,50,0,0,0,5,0,,,,,,0,,,,,,,,two_tangents_not_visible,,,,,,,0,0,0,0,0,0,,,,,,,0,,0,,,,0,,,,,,0,0,0,0,
7.200697,1785220670.501821995,search_first_car,50,-26,-26,paper_search_first_vehicle,62,62,37,25,1,0,0,0,0,0,0,51,0,0,0,5,0,,,,,,0,,,,,,,,two_tangents_not_visible,,,,,,,0,0,0,0,0,0,,,,,,,0,,0,,,,0,,,,,,0,0,0,0,
7.287570,1785220670.613208055,search_first_car,50,-26,-26,paper_search_first_vehicle,59,59,38,21,2,0,0,0,0,0,0,52,0,0,0,5,0,,,,,,0,,,,,,,,two_tangents_not_visible,,,,,,,0,0,0,0,0,0,,,,,,,0,,0,,,,0,,,,,,0,0,0,0,
7.372473,1785220670.724659920,search_first_car,50,-26,-26,paper_search_first_vehicle,50,50,28,22,2,0,0,0,0,0,0,53,0,0,0,5,0,,,,,,0,,,,,,,,two_tangents_not_visible,,,,,,,0,0,0,0,0,0,,,,,,,0,,0,,,,0,,,,,,0,0,0,0,
7.453540,1785220670.724659920,search_first_car,50,-26,-26,paper_search_first_vehicle,50,50,28,22,2,0,0,0,0,0,0,53,0,0,0,5,0,,,,,,0,,,,,,,,two_tangents_not_visible,,,,,,,0,0,0,0,0,0,,,,,,,0,,0,,,,0,,,,,,0,0,0,0,
7.536872,1785220670.839234114,search_first_car,50,-26,-26,paper_search_first_vehicle,50,50,27,23,2,0,0,0,0,0,0,54,0,0,0,5,0,,,,,,0,,,,,,,,two_tangents_not_visible,,,,,,,0,0,0,0,0,0,,,,,,,0,,0,,,,0,,,,,,0,0,0,0,
7.625569,1785220670.950412035,search_first_car,50,-26,-26,paper_search_first_vehicle,43,43,22,21,2,0,0,0,0,0,0,55,0,0,0,5,0,,,,,,0,,,,,,,,two_tangents_not_visible,,,,,,,0,0,0,0,0,0,,,,,,,0,,0,,,,0,,,,,,0,0,0,0,
7.710527,1785220671.061135769,search_first_car,50,-26,-26,paper_search_first_vehicle,45,45,22,23,2,0,0,0,0,0,0,56,0,0,0,5,0,,,,,,0,,,,,,,,two_tangents_not_visible,,,,,,,0,0,0,0,0,0,,,,,,,0,,0,,,,0,,,,,,0,0,0,0,
7.796494,1785220671.061135769,search_first_car,50,-26,-26,paper_search_first_vehicle,45,45,22,23,2,0,0,0,0,0,0,56,0,0,0,5,0,,,,,,0,,,,,,,,two_tangents_not_visible,,,,,,,0,0,0,0,0,0,,,,,,,0,,0,,,,0,,,,,,0,0,0,0,
7.882704,1785220671.172456026,search_first_car,50,-26,-26,paper_search_first_vehicle,39,39,22,17,2,0,0,0,0,0,0,57,0,0,0,5,0,,,,,,0,,,,,,,,two_tangents_not_visible,,,,,,,0,0,0,0,0,0,,,,,,,0,,0,,,,0,,,,,,0,0,0,0,
7.968261,1785220671.287055016,search_first_car,50,-26,-26,paper_search_first_vehicle,39,39,23,16,0,0,0,0,0,0,0,58,0,0,0,5,0,,,,,,0,,,,,,,,two_tangents_not_visible,,,,,,,0,0,0,0,0,0,,,,,,,0,,0,,,,0,,,,,,0,0,0,0,
8.054117,1785220671.398456097,search_first_car,50,-26,-26,paper_search_first_vehicle,38,38,21,17,0,0,0,0,0,0,0,59,0,0,0,5,0,,,,,,0,,,,,,,,two_tangents_not_visible,,,,,,,0,0,0,0,0,0,,,,,,,0,,0,,,,0,,,,,,0,0,0,0,
8.144264,1785220671.509721041,search_first_car,50,-26,-26,paper_search_first_vehicle,37,37,22,15,2,0,0,0,0,0,0,60,0,0,0,5,0,,,,,,0,,,,,,,,two_tangents_not_visible,,,,,,,0,0,0,0,0,0,,,,,,,0,,0,,,,0,,,,,,0,0,0,0,
8.229592,1785220671.509721041,search_first_car,50,-26,-26,paper_search_first_vehicle,37,37,22,15,2,0,0,0,0,0,0,60,0,0,0,5,0,,,,,,0,,,,,,,,two_tangents_not_visible,,,,,,,0,0,0,0,0,0,,,,,,,0,,0,,,,0,,,,,,0,0,0,0,
8.316927,1785220671.621797085,search_first_car,50,-26,-26,paper_search_first_vehicle,35,35,21,14,1,0,0,0,0,0,0,61,0,0,0,5,0,,,,,,0,,,,,,,,two_tangents_not_visible,,,,,,,0,0,0,0,0,0,,,,,,,0,,0,,,,0,,,,,,0,0,0,0,
8.404231,1785220671.737136841,search_first_car,50,-26,-26,paper_search_first_vehicle,27,27,19,8,2,1,0,0,0,0,0,62,0,0,0,5,1,-33.578125,26.015625,-3.781250,2412.000000,2286.750000,0,,,,,,,,two_tangents_not_visible,,,,,,,0,0,0,0,0,0,,,,,,,0,,0,,,,0,,,,,,0,0,0,0,
8.491259,1785220671.847063065,search_first_car,50,-26,-26,paper_search_first_vehicle,31,31,16,15,2,1,0,0,0,0,0,63,0,0,0,5,1,-33.078125,26.015625,-3.531250,2420.500000,2286.750000,0,,,,,,,,two_tangents_not_visible,,,,,,,0,0,0,0,0,0,,,,,,,0,,0,,,,0,,,,,,0,0,0,0,
8.576031,1785220671.847063065,search_first_car,50,-26,-26,paper_search_first_vehicle,31,31,16,15,2,1,0,0,0,0,0,63,0,0,0,5,1,-33.078125,26.015625,-3.531250,2420.500000,2286.750000,0,,,,,,,,two_tangents_not_visible,,,,,,,0,0,0,0,0,0,,,,,,,0,,0,,,,0,,,,,,0,0,0,0,
8.626922,1785220671.958851099,search_first_car,50,-26,-26,paper_search_first_vehicle,34,34,21,13,2,1,0,0,0,0,0,64,0,0,0,5,1,-32.546875,26.015625,-3.265625,2435.250000,2286.750000,0,,,,,,,,two_tangents_not_visible,,,,,,,0,0,0,0,0,0,,,,,,,0,,0,,,,0,,,,,,0,0,0,0,
8.712221,1785220672.070420027,search_first_car,50,-26,-26,paper_search_first_vehicle,29,29,17,12,1,0,0,0,0,0,0,65,0,0,0,5,0,,,,,,0,,,,,,,,two_tangents_not_visible,,,,,,,0,0,0,0,0,0,,,,,,,0,,0,,,,0,,,,,,0,0,0,0,
8.798896,1785220672.070420027,search_first_car,50,-26,-26,paper_search_first_vehicle,29,29,17,12,1,0,0,0,0,0,0,65,0,0,0,5,0,,,,,,0,,,,,,,,two_tangents_not_visible,,,,,,,0,0,0,0,0,0,,,,,,,0,,0,,,,0,,,,,,0,0,0,0,
8.887074,1785220672.184825182,search_first_car,50,-26,-26,paper_search_first_vehicle,33,33,19,14,1,0,0,0,0,0,0,66,0,0,0,5,0,,,,,,0,,,,,,,,two_tangents_not_visible,,,,,,,0,0,0,0,0,0,,,,,,,0,,0,,,,0,,,,,,0,0,0,0,
8.969960,1785220672.296305895,search_first_car,50,-26,-26,paper_search_first_vehicle,27,27,11,16,1,0,0,0,0,0,0,67,0,0,0,5,0,,,,,,0,,,,,,,,two_tangents_not_visible,,,,,,,0,0,0,0,0,0,,,,,,,0,,0,,,,0,,,,,,0,0,0,0,
9.059101,1785220672.408123970,search_first_car,50,-26,-26,paper_search_first_vehicle,37,37,18,19,1,0,0,0,0,0,0,68,0,0,0,5,0,,,,,,0,,,,,,,,two_tangents_not_visible,,,,,,,0,0,0,0,0,0,,,,,,,0,,0,,,,0,,,,,,0,0,0,0,
9.151644,1785220672.518862009,search_first_car,50,-26,-26,paper_search_first_vehicle,36,36,17,19,1,0,0,0,0,0,0,69,0,0,0,5,0,,,,,,0,,,,,,,,two_tangents_not_visible,,,,,,,0,0,0,0,0,0,,,,,,,0,,0,,,,0,,,,,,0,0,0,0,
9.240691,1785220672.518862009,search_first_car,50,-26,-26,paper_search_first_vehicle,36,36,17,19,1,0,0,0,0,0,0,69,0,0,0,5,0,,,,,,0,,,,,,,,two_tangents_not_visible,,,,,,,0,0,0,0,0,0,,,,,,,0,,0,,,,0,,,,,,0,0,0,0,
9.328487,1785220672.633812904,search_first_car,50,-26,-26,paper_search_first_vehicle,25,25,12,13,1,0,0,0,0,0,0,70,0,0,0,5,0,,,,,,0,,,,,,,,two_tangents_not_visible,,,,,,,0,0,0,0,0,0,,,,,,,0,,0,,,,0,,,,,,0,0,0,0,
9.417138,1785220672.744849920,search_first_car,50,-26,-26,paper_search_first_vehicle,27,27,10,17,1,0,0,0,0,0,0,71,0,0,0,5,0,,,,,,0,,,,,,,,two_tangents_not_visible,,,,,,,0,0,0,0,0,0,,,,,,,0,,0,,,,0,,,,,,0,0,0,0,
9.504484,1785220672.856367111,search_first_car,50,-26,-26,paper_search_first_vehicle,35,35,15,20,1,0,0,0,0,0,0,72,0,0,0,5,0,,,,,,0,,,,,,,,two_tangents_not_visible,,,,,,,0,0,0,0,0,0,,,,,,,0,,0,,,,0,,,,,,0,0,0,0,
9.589908,1785220672.856367111,search_first_car,50,-26,-26,paper_search_first_vehicle,35,35,15,20,1,0,0,0,0,0,0,72,0,0,0,5,0,,,,,,0,,,,,,,,two_tangents_not_visible,,,,,,,0,0,0,0,0,0,,,,,,,0,,0,,,,0,,,,,,0,0,0,0,
9.681874,1785220672.967548847,search_first_car,50,-26,-26,paper_search_first_vehicle,40,40,20,20,2,1,0,0,0,0,0,73,0,0,0,5,1,-72.468750,-30.078125,-51.273438,3114.250000,2506.000000,0,,,,,,,,two_tangents_not_visible,,,,,,,0,0,0,0,0,0,,,,,,,0,,0,,,,0,,,,,,0,0,0,0,
9.767723,1785220673.082813025,search_first_car,50,-26,-26,paper_search_first_vehicle,32,32,13,19,2,1,0,0,0,0,0,74,0,0,0,5,1,-72.218750,-30.078125,-51.148438,3115.250000,2506.000000,0,,,,,,,,two_tangents_not_visible,,,,,,,0,0,0,0,0,0,,,,,,,0,,0,,,,0,,,,,,0,0,0,0,
9.854128,1785220673.193029165,search_first_car,50,-26,-26,paper_search_first_vehicle,31,31,9,22,2,1,0,0,0,0,0,75,0,0,0,5,1,-72.218750,-30.078125,-51.148438,3115.250000,2506.000000,0,,,,,,,,two_tangents_not_visible,,,,,,,0,0,0,0,0,0,,,,,,,0,,0,,,,0,,,,,,0,0,0,0,
9.941235,1785220673.304508924,search_first_car,50,-26,-26,paper_search_first_vehicle,31,31,14,17,2,1,0,0,0,0,0,76,0,0,0,5,1,-70.390625,-34.265625,-52.328125,3111.000000,2381.250000,0,,,,,,,,two_tangents_not_visible,,,,,,,0,0,0,0,0,0,,,,,,,0,,0,,,,0,,,,,,0,0,0,0,
10.029494,1785220673.304508924,search_first_car,50,-26,-26,paper_search_first_vehicle,31,31,14,17,2,1,0,0,0,0,0,76,0,0,0,5,1,-70.390625,-34.265625,-52.328125,3111.000000,2381.250000,0,,,,,,,,two_tangents_not_visible,,,,,,,0,0,0,0,0,0,,,,,,,0,,0,,,,0,,,,,,0,0,0,0,
10.116944,1785220673.416365147,search_first_car,50,-26,-26,paper_search_first_vehicle,35,35,13,22,2,1,0,0,0,0,0,77,0,0,0,5,1,-70.390625,-34.265625,-52.328125,3111.000000,2381.250000,0,,,,,,,,two_tangents_not_visible,,,,,,,0,0,0,0,0,0,,,,,,,0,,0,,,,0,,,,,,0,0,0,0,
10.209737,1785220673.530625105,search_first_car,50,-26,-26,paper_search_first_vehicle,32,32,11,21,2,1,0,0,0,0,0,78,0,0,0,5,1,-70.390625,-34.265625,-52.328125,3111.000000,2381.250000,0,,,,,,,,two_tangents_not_visible,,,,,,,0,0,0,0,0,0,,,,,,,0,,0,,,,0,,,,,,0,0,0,0,
10.296648,1785220673.642689943,search_first_car,50,-26,-26,paper_search_first_vehicle,31,31,12,19,1,0,0,0,0,0,0,79,0,0,0,5,0,,,,,,0,,,,,,,,two_tangents_not_visible,,,,,,,0,0,0,0,0,0,,,,,,,0,,0,,,,0,,,,,,0,0,0,0,
10.382796,1785220673.753748894,search_first_car,50,-26,-26,paper_search_first_vehicle,32,32,15,17,1,0,0,0,0,0,0,80,0,0,0,5,0,,,,,,0,,,,,,,,two_tangents_not_visible,,,,,,,0,0,0,0,0,0,,,,,,,0,,0,,,,0,,,,,,0,0,0,0,
10.469896,1785220673.753748894,search_first_car,50,-26,-26,paper_search_first_vehicle,32,32,15,17,1,0,0,0,0,0,0,80,0,0,0,5,0,,,,,,0,,,,,,,,two_tangents_not_visible,,,,,,,0,0,0,0,0,0,,,,,,,0,,0,,,,0,,,,,,0,0,0,0,
10.557608,1785220673.865520239,search_first_car,50,-26,-26,paper_search_first_vehicle,31,31,13,18,1,0,0,0,0,0,0,81,0,0,0,5,0,,,,,,0,,,,,,,,two_tangents_not_visible,,,,,,,0,0,0,0,0,0,,,,,,,0,,0,,,,0,,,,,,0,0,0,0,
10.642102,1785220673.979198933,search_first_car,50,-26,-26,paper_search_first_vehicle,32,32,12,20,1,0,0,0,0,0,0,82,0,0,0,5,0,,,,,,0,,,,,,,,two_tangents_not_visible,,,,,,,0,0,0,0,0,0,,,,,,,0,,0,,,,0,,,,,,0,0,0,0,
10.731897,1785220674.091319084,search_first_car,50,-26,-26,paper_search_first_vehicle,27,27,11,16,1,0,0,0,0,0,0,83,0,0,0,5,0,,,,,,0,,,,,,,,two_tangents_not_visible,,,,,,,0,0,0,0,0,0,,,,,,,0,,0,,,,0,,,,,,0,0,0,0,
10.817761,1785220674.091319084,search_first_car,50,-26,-26,paper_search_first_vehicle,27,27,11,16,1,0,0,0,0,0,0,83,0,0,0,5,0,,,,,,0,,,,,,,,two_tangents_not_visible,,,,,,,0,0,0,0,0,0,,,,,,,0,,0,,,,0,,,,,,0,0,0,0,
10.904698,1785220674.202294111,search_first_car,50,-26,-26,paper_search_first_vehicle,28,28,14,14,1,0,0,0,0,0,0,84,0,0,0,5,0,,,,,,0,,,,,,,,two_tangents_not_visible,,,,,,,0,0,0,0,0,0,,,,,,,0,,0,,,,0,,,,,,0,0,0,0,
10.991109,1785220674.313864946,search_first_car,50,-26,-26,paper_search_first_vehicle,28,28,11,17,1,0,0,0,0,0,0,85,0,0,0,5,0,,,,,,0,,,,,,,,two_tangents_not_visible,,,,,,,0,0,0,0,0,0,,,,,,,0,,0,,,,0,,,,,,0,0,0,0,
11.078537,1785220674.425586939,search_first_car,50,-26,-26,paper_search_first_vehicle,31,31,15,16,1,0,0,0,0,0,0,86,0,0,0,5,0,,,,,,0,,,,,,,,two_tangents_not_visible,,,,,,,0,0,0,0,0,0,,,,,,,0,,0,,,,0,,,,,,0,0,0,0,
11.163516,1785220674.425586939,search_first_car,50,-26,-26,paper_search_first_vehicle,31,31,15,16,1,0,0,0,0,0,0,86,0,0,0,5,0,,,,,,0,,,,,,,,two_tangents_not_visible,,,,,,,0,0,0,0,0,0,,,,,,,0,,0,,,,0,,,,,,0,0,0,0,
11.254917,1785220674.539443970,search_first_car,50,-26,-26,paper_search_first_vehicle,27,27,12,15,1,0,0,0,0,0,0,87,0,0,0,5,0,,,,,,0,,,,,,,,two_tangents_not_visible,,,,,,,0,0,0,0,0,0,,,,,,,0,,0,,,,0,,,,,,0,0,0,0,
11.340636,1785220674.651537895,search_first_car,50,-26,-26,paper_search_first_vehicle,35,35,16,19,1,0,0,0,0,0,0,88,0,0,0,5,0,,,,,,0,,,,,,,,two_tangents_not_visible,,,,,,,0,0,0,0,0,0,,,,,,,0,,0,,,,0,,,,,,0,0,0,0,
11.426997,1785220674.762857914,search_first_car,50,-26,-26,paper_search_first_vehicle,27,27,12,15,1,0,0,0,0,0,0,89,0,0,0,5,0,,,,,,0,,,,,,,,two_tangents_not_visible,,,,,,,0,0,0,0,0,0,,,,,,,0,,0,,,,0,,,,,,0,0,0,0,
11.513599,1785220674.874010801,search_first_car,50,-26,-26,paper_search_first_vehicle,25,25,11,14,1,0,0,0,0,0,0,90,0,0,0,5,0,,,,,,0,,,,,,,,two_tangents_not_visible,,,,,,,0,0,0,0,0,0,,,,,,,0,,0,,,,0,,,,,,0,0,0,0,
11.601180,1785220674.874010801,search_first_car,50,-26,-26,paper_search_first_vehicle,25,25,11,14,1,0,0,0,0,0,0,90,0,0,0,5,0,,,,,,0,,,,,,,,two_tangents_not_visible,,,,,,,0,0,0,0,0,0,,,,,,,0,,0,,,,0,,,,,,0,0,0,0,
11.686093,1785220674.988101006,search_first_car,50,-26,-26,paper_search_first_vehicle,27,27,12,15,1,0,0,0,0,0,0,91,0,0,0,5,0,,,,,,0,,,,,,,,two_tangents_not_visible,,,,,,,0,0,0,0,0,0,,,,,,,0,,0,,,,0,,,,,,0,0,0,0,
11.776068,1785220675.099902868,search_first_car,50,-26,-26,paper_search_first_vehicle,28,28,10,18,1,0,0,0,0,0,0,92,0,0,0,5,0,,,,,,0,,,,,,,,two_tangents_not_visible,,,,,,,0,0,0,0,0,0,,,,,,,0,,0,,,,0,,,,,,0,0,0,0,
11.861073,1785220675.211109161,search_first_car,50,-26,-26,paper_search_first_vehicle,27,27,15,12,1,0,0,0,0,0,0,93,0,0,0,5,0,,,,,,0,,,,,,,,two_tangents_not_visible,,,,,,,0,0,0,0,0,0,,,,,,,0,,0,,,,0,,,,,,0,0,0,0,
11.945983,1785220675.211109161,search_first_car,50,-26,-26,paper_search_first_vehicle,27,27,15,12,1,0,0,0,0,0,0,93,0,0,0,5,0,,,,,,0,,,,,,,,two_tangents_not_visible,,,,,,,0,0,0,0,0,0,,,,,,,0,,0,,,,0,,,,,,0,0,0,0,
12.035216,1785220675.322527885,search_first_car,50,-26,-26,paper_search_first_vehicle,27,27,12,15,1,0,0,0,0,0,0,94,0,0,0,5,0,,,,,,0,,,,,,,,two_tangents_not_visible,,,,,,,0,0,0,0,0,0,,,,,,,0,,0,,,,0,,,,,,0,0,0,0,
12.124709,1785220675.436715126,search_first_car,50,-26,-26,paper_search_first_vehicle,33,33,18,15,1,0,0,0,0,0,0,95,0,0,0,5,0,,,,,,0,,,,,,,,two_tangents_not_visible,,,,,,,0,0,0,0,0,0,,,,,,,0,,0,,,,0,,,,,,0,0,0,0,
12.210846,1785220675.548614979,search_first_car,50,-26,-26,paper_search_first_vehicle,31,31,13,18,1,0,0,0,0,0,0,96,0,0,0,5,0,,,,,,0,,,,,,,,two_tangents_not_visible,,,,,,,0,0,0,0,0,0,,,,,,,0,,0,,,,0,,,,,,0,0,0,0,
12.304534,1785220675.660122871,search_first_car,50,-26,-26,paper_search_first_vehicle,34,34,17,17,2,1,0,0,0,0,0,97,0,0,0,5,1,-43.984375,-25.875000,-34.929688,2981.250000,2890.750000,0,,,,,,,,two_tangents_not_visible,,,,,,,0,0,0,0,0,0,,,,,,,0,,0,,,,0,,,,,,0,0,0,0,
12.390783,1785220675.660122871,search_first_car,50,-26,-26,paper_search_first_vehicle,34,34,17,17,2,1,0,0,0,0,0,97,0,0,0,5,1,-43.984375,-25.875000,-34.929688,2981.250000,2890.750000,0,,,,,,,,two_tangents_not_visible,,,,,,,0,0,0,0,0,0,,,,,,,0,,0,,,,0,,,,,,0,0,0,0,
12.478529,1785220675.771355867,search_first_car,50,-26,-26,paper_search_first_vehicle,26,26,14,12,2,0,0,0,0,0,0,98,0,0,0,5,0,,,,,,0,,,,,,,,two_tangents_not_visible,,,,,,,0,0,0,0,0,0,,,,,,,0,,0,,,,0,,,,,,0,0,0,0,
12.566025,1785220675.885640860,search_first_car,50,-26,-26,paper_search_first_vehicle,34,34,20,14,2,0,0,0,0,0,0,99,0,0,0,5,0,,,,,,0,,,,,,,,two_tangents_not_visible,,,,,,,0,0,0,0,0,0,,,,,,,0,,0,,,,0,,,,,,0,0,0,0,
12.653989,1785220675.996720076,search_first_car,50,-26,-26,paper_search_first_vehicle,27,27,12,15,2,0,0,0,0,0,0,100,0,0,0,5,0,,,,,,0,,,,,,,,two_tangents_not_visible,,,,,,,0,0,0,0,0,0,,,,,,,0,,0,,,,0,,,,,,0,0,0,0,
12.742754,1785220676.108056068,search_first_car,50,-26,-26,paper_search_first_vehicle,29,29,13,16,2,0,0,0,0,0,0,101,0,0,0,5,0,,,,,,0,,,,,,,,two_tangents_not_visible,,,,,,,0,0,0,0,0,0,,,,,,,0,,0,,,,0,,,,,,0,0,0,0,
12.836251,1785220676.108056068,search_first_car,50,-26,-26,paper_search_first_vehicle,29,29,13,16,2,0,0,0,0,0,0,101,0,0,0,5,0,,,,,,0,,,,,,,,two_tangents_not_visible,,,,,,,0,0,0,0,0,0,,,,,,,0,,0,,,,0,,,,,,0,0,0,0,
12.923371,1785220676.219865084,search_first_car,50,-26,-26,paper_search_first_vehicle,23,23,9,14,2,0,0,0,0,0,0,102,0,0,0,5,0,,,,,,0,,,,,,,,two_tangents_not_visible,,,,,,,0,0,0,0,0,0,,,,,,,0,,0,,,,0,,,,,,0,0,0,0,
13.010054,1785220676.334543943,search_first_car,50,-26,-26,paper_search_first_vehicle,22,22,10,12,2,0,0,0,0,0,0,103,0,0,0,5,0,,,,,,0,,,,,,,,two_tangents_not_visible,,,,,,,0,0,0,0,0,0,,,,,,,0,,0,,,,0,,,,,,0,0,0,0,
13.097250,1785220676.446392059,search_first_car,50,-26,-26,paper_search_first_vehicle,19,19,10,9,1,0,0,0,0,0,0,104,0,0,0,5,0,,,,,,0,,,,,,,,two_tangents_not_visible,,,,,,,0,0,0,0,0,0,,,,,,,0,,0,,,,0,,,,,,0,0,0,0,
13.184526,1785220676.446392059,search_first_car,50,-26,-26,paper_search_first_vehicle,19,19,10,9,1,0,0,0,0,0,0,104,0,0,0,5,0,,,,,,0,,,,,,,,two_tangents_not_visible,,,,,,,0,0,0,0,0,0,,,,,,,0,,0,,,,0,,,,,,0,0,0,0,
13.273256,1785220676.557683945,search_first_car,50,-26,-26,paper_search_first_vehicle,27,27,13,14,3,1,0,0,0,0,0,105,0,0,0,5,1,-54.812500,-36.671875,-45.742188,2961.250000,2961.750000,0,,,,,,,,two_tangents_not_visible,,,,,,,0,0,0,0,0,0,,,,,,,0,,0,,,,0,,,,,,0,0,0,0,
13.364960,1785220676.668930054,search_first_car,50,-26,-26,paper_search_first_vehicle,20,20,8,12,2,1,0,0,0,0,0,106,0,0,0,5,1,-54.578125,-36.671875,-45.625000,2964.750000,2961.750000,0,,,,,,,,two_tangents_not_visible,,,,,,,0,0,0,0,0,0,,,,,,,0,,0,,,,0,,,,,,0,0,0,0,
13.452558,1785220676.785016060,search_first_car,50,-26,-26,paper_search_first_vehicle,20,20,7,13,2,1,0,0,0,0,0,107,0,0,0,5,1,-54.578125,-36.671875,-45.625000,2964.750000,2961.750000,0,,,,,,,,two_tangents_not_visible,,,,,,,0,0,0,0,0,0,,,,,,,0,,0,,,,0,,,,,,0,0,0,0,
13.538257,1785220676.894694805,search_first_car,50,-26,-26,paper_search_first_vehicle,26,26,13,13,2,1,0,0,0,0,0,108,0,0,0,5,1,-54.578125,-36.671875,-45.625000,2964.750000,2961.750000,0,,,,,,,,two_tangents_not_visible,,,,,,,0,0,0,0,0,0,,,,,,,0,,0,,,,0,,,,,,0,0,0,0,
13.623986,1785220676.894694805,search_first_car,50,-26,-26,paper_search_first_vehicle,26,26,13,13,2,1,0,0,0,0,0,108,0,0,0,5,1,-54.578125,-36.671875,-45.625000,2964.750000,2961.750000,0,,,,,,,,two_tangents_not_visible,,,,,,,0,0,0,0,0,0,,,,,,,0,,0,,,,0,,,,,,0,0,0,0,
13.708124,1785220677.005871058,search_first_car,50,-26,-26,paper_search_first_vehicle,20,20,8,12,2,1,0,0,0,0,0,109,0,0,0,5,1,-54.578125,-36.671875,-45.625000,2964.750000,2961.750000,0,,,,,,,,two_tangents_not_visible,,,,,,,0,0,0,0,0,0,,,,,,,0,,0,,,,0,,,,,,0,0,0,0,
13.796114,1785220677.117381811,search_first_car,50,-26,-26,paper_search_first_vehicle,29,29,12,17,1,0,0,0,0,0,0,110,0,0,0,5,0,,,,,,0,,,,,,,,two_tangents_not_visible,,,,,,,0,0,0,0,0,0,,,,,,,0,,0,,,,0,,,,,,0,0,0,0,
13.887845,1785220677.231896162,search_first_car,50,-26,-26,paper_search_first_vehicle,15,15,6,9,1,0,0,0,0,0,0,111,0,0,0,5,0,,,,,,0,,,,,,,,two_tangents_not_visible,,,,,,,0,0,0,0,0,0,,,,,,,0,,0,,,,0,,,,,,0,0,0,0,
13.973458,1785220677.342981815,search_first_car,50,-26,-26,paper_search_first_vehicle,15,15,5,10,1,0,0,0,0,0,0,112,0,0,0,5,0,,,,,,0,,,,,,,,two_tangents_not_visible,,,,,,,0,0,0,0,0,0,,,,,,,0,,0,,,,0,,,,,,0,0,0,0,
14.060131,1785220677.342981815,search_first_car,50,-26,-26,paper_search_first_vehicle,15,15,5,10,1,0,0,0,0,0,0,112,0,0,0,5,0,,,,,,0,,,,,,,,two_tangents_not_visible,,,,,,,0,0,0,0,0,0,,,,,,,0,,0,,,,0,,,,,,0,0,0,0,
14.143859,1785220677.454918861,search_first_car,50,-26,-26,paper_search_first_vehicle,19,19,9,10,1,0,0,0,0,0,0,113,0,0,0,5,0,,,,,,0,,,,,,,,two_tangents_not_visible,,,,,,,0,0,0,0,0,0,,,,,,,0,,0,,,,0,,,,,,0,0,0,0,
14.230451,1785220677.565782070,search_first_car,50,-26,-26,paper_search_first_vehicle,22,22,7,15,2,1,0,0,0,0,0,114,0,0,0,5,1,-103.421875,-64.359375,-83.890625,2270.000000,3033.500000,0,,,,,,,,two_tangents_not_visible,,,,,,,0,0,0,0,0,0,,,,,,,0,,0,,,,0,,,,,,0,0,0,0,
14.316910,1785220677.680147886,search_first_car,50,-26,-26,paper_search_first_vehicle,28,28,8,20,2,1,0,0,0,0,0,115,0,0,0,5,1,-101.671875,-62.078125,-81.875000,2256.750000,3051.750000,0,,,,,,,,two_tangents_not_visible,,,,,,,0,0,0,0,0,0,,,,,,,0,,0,,,,0,,,,,,0,0,0,0,
14.411404,1785220677.680147886,search_first_car,50,-26,-26,paper_search_first_vehicle,28,28,8,20,2,1,0,0,0,0,0,115,0,0,0,5,1,-101.671875,-62.078125,-81.875000,2256.750000,3051.750000,0,,,,,,,,two_tangents_not_visible,,,,,,,0,0,0,0,0,0,,,,,,,0,,0,,,,0,,,,,,0,0,0,0,
14.495155,1785220677.792587042,search_first_car,50,-26,-26,paper_search_first_vehicle,27,27,9,18,2,1,0,0,0,0,0,116,0,0,0,5,1,-101.453125,-62.078125,-81.765625,2265.000000,3051.750000,0,,,,,,,,two_tangents_not_visible,,,,,,,0,0,0,0,0,0,,,,,,,0,,0,,,,0,,,,,,0,0,0,0,
14.581087,1785220677.903305054,search_first_car,50,-26,-26,paper_search_first_vehicle,25,25,9,16,2,1,0,0,0,0,0,117,0,0,0,5,1,-101.328125,-62.078125,-81.703125,2264.750000,3051.750000,0,,,,,,,,two_tangents_not_visible,,,,,,,0,0,0,0,0,0,,,,,,,0,,0,,,,0,,,,,,0,0,0,0,
14.664862,1785220678.014872074,search_first_car,50,-26,-26,paper_search_first_vehicle,23,23,10,13,2,1,0,0,0,0,0,118,0,0,0,5,1,-101.156250,-58.750000,-79.953125,2268.500000,3115.000000,0,,,,,,,,two_tangents_not_visible,,,,,,,0,0,0,0,0,0,,1960.750000,,,,,0,,0,,,,0,,,,,,0,0,0,0,
14.752899,1785220678.014872074,search_first_car,50,-26,-26,paper_search_first_vehicle,23,23,10,13,2,1,0,0,0,0,0,118,0,0,0,5,1,-101.156250,-58.750000,-79.953125,2268.500000,3115.000000,0,,,,,,,,two_tangents_not_visible,,,,,,,0,0,0,0,0,0,,1960.750000,,,,,0,,0,,,,0,,,,,,0,0,0,0,
14.840048,1785220678.126747847,search_first_car,50,-26,-26,paper_search_first_vehicle,29,29,11,18,2,1,0,0,0,0,0,119,0,0,0,5,1,-99.390625,-58.265625,-78.828125,2270.000000,3125.750000,0,,,,,,,,two_tangents_not_visible,,,,,,,0,0,0,0,0,0,,1960.250000,,,,,0,,0,,,,0,,,,,,0,0,0,0,
14.933037,1785220678.241403818,search_first_car,50,-26,-26,paper_search_first_vehicle,27,27,11,16,3,2,0,0,0,0,0,120,0,0,0,5,1,-53.343750,99.421875,23.039062,3117.500000,1960.750000,0,,,,,,,,two_tangents_not_visible,,,,,,,0,0,0,0,0,0,,1932.250000,,,,,0,,0,,,,0,,,,,,0,0,0,0,
15.018609,1785220678.352391005,search_first_car,50,-26,-26,paper_search_first_vehicle,26,26,11,15,3,2,0,0,0,0,0,121,0,0,0,5,1,-53.343750,99.421875,23.039062,3117.500000,1960.750000,0,,,,,,,,two_tangents_not_visible,,,,,,,0,0,0,0,0,0,,,,,,,0,,0,,,,0,,,,,,0,0,0,0,
15.106708,1785220678.463165998,search_first_car,50,-26,-26,paper_search_first_vehicle,32,32,12,20,2,1,0,0,0,0,0,122,0,0,0,5,1,-99.109375,98.437500,-0.335938,2243.500000,1929.500000,0,,,,,,,,two_tangents_not_visible,,,,,,,0,0,0,0,0,0,,1929.500000,,,,,0,,0,,,,0,,,,,,0,0,0,0,
15.196134,1785220678.463165998,search_first_car,50,-26,-26,paper_search_first_vehicle,32,32,12,20,2,1,0,0,0,0,0,122,0,0,0,5,1,-99.109375,98.437500,-0.335938,2243.500000,1929.500000,0,,,,,,,,two_tangents_not_visible,,,,,,,0,0,0,0,0,0,,1929.500000,,,,,0,,0,,,,0,,,,,,0,0,0,0,
15.284453,1785220678.574371099,search_first_car,50,-26,-26,paper_search_first_vehicle,33,33,14,19,2,1,0,0,0,0,0,123,0,0,0,5,1,-99.109375,98.437500,-0.335938,2243.500000,1929.500000,0,,,,,,,,two_tangents_not_visible,,,,,,,0,0,0,0,0,0,,1899.500000,,,,,0,,0,,,,0,,,,,,0,0,0,0,
15.372643,1785220678.689839125,search_first_car,50,-26,-26,paper_search_first_vehicle,27,27,12,15,2,1,0,0,0,0,0,124,0,0,0,5,1,-99.109375,98.437500,-0.335938,2243.500000,1929.500000,0,,,,,,,,two_tangents_not_visible,,,,,,,0,0,0,0,0,0,,1872.750000,,,,,0,,0,,,,0,,,,,,0,0,0,0,
15.465439,1785220678.801266909,search_first_car,50,-26,-26,paper_search_first_vehicle,30,30,12,18,2,1,0,0,0,0,0,125,0,0,0,5,1,-99.109375,97.765625,-0.671875,2243.500000,1894.750000,0,,,,,,,,two_tangents_not_visible,,,,,,,0,0,0,0,0,0,,1894.750000,,,,,0,,0,,,,0,,,,,,0,0,0,0,
15.516445,1785220678.801266909,search_first_car,50,-26,-26,paper_search_first_vehicle,30,30,12,18,2,1,0,0,0,0,0,125,0,0,0,5,1,-99.109375,97.765625,-0.671875,2243.500000,1894.750000,0,,,,,,,,two_tangents_not_visible,,,,,,,0,0,0,0,0,0,,1894.750000,,,,,0,,0,,,,0,,,,,,0,0,0,0,
15.602152,1785220678.911750793,search_first_car,50,-26,-26,paper_search_first_vehicle,27,27,9,18,2,1,0,0,0,0,0,126,0,0,0,5,1,-99.265625,96.421875,-1.421875,2267.750000,1915.000000,0,,,,,,,,two_tangents_not_visible,,,,,,,0,0,0,0,0,0,,1905.000000,,,,,0,,0,,,,0,,,,,,0,0,0,0,
15.688562,1785220679.023435116,search_first_car,50,-26,-26,paper_search_first_vehicle,27,27,8,19,2,1,0,0,0,0,0,127,0,0,0,5,1,-97.468750,96.421875,-0.523438,2248.250000,1915.000000,0,,,,,,,,two_tangents_not_visible,,,,,,,0,0,0,0,0,0,,1887.500000,,,,,0,,0,,,,0,,,,,,0,0,0,0,
15.775106,1785220679.138324976,search_first_car,50,-26,-26,paper_search_first_vehicle,23,23,9,14,2,1,0,0,0,0,0,128,0,0,0,5,1,-95.640625,96.421875,0.390625,2242.250000,1915.000000,0,,,,,,,,two_tangents_not_visible,,,,,,,0,0,0,0,0,0,,,,,,,0,,0,,,,0,,,,,,0,0,0,0,
15.861347,1785220679.138324976,search_first_car,50,-26,-26,paper_search_first_vehicle,23,23,9,14,2,1,0,0,0,0,0,128,0,0,0,5,1,-95.640625,96.421875,0.390625,2242.250000,1915.000000,0,,,,,,,,two_tangents_not_visible,,,,,,,0,0,0,0,0,0,,,,,,,0,,0,,,,0,,,,,,0,0,0,0,
15.948659,1785220679.249418974,search_first_car,50,-26,-26,paper_search_first_vehicle,26,26,11,15,2,1,0,0,0,0,0,129,0,0,0,5,1,-95.453125,95.171875,-0.140625,2240.500000,1907.000000,0,,,,,,,,two_tangents_not_visible,,,,,,,0,0,0,0,0,0,,1890.750000,,,,,0,,0,,,,0,,,,,,0,0,0,0,
16.040062,1785220679.360356092,search_first_car,50,-26,-26,paper_search_first_vehicle,28,28,10,18,2,1,0,0,0,0,0,130,0,0,0,5,1,-95.453125,95.062500,-0.195312,2240.500000,1881.750000,0,,,,,,,,two_tangents_not_visible,,,,,,,0,0,0,0,0,0,,1867.750000,,,,,0,,0,,,,0,,,,,,0,0,0,0,
16.127060,1785220679.472730875,search_first_car,50,-26,-26,paper_search_first_vehicle,27,27,10,17,2,1,0,0,0,0,0,131,0,0,0,5,1,-95.453125,95.000000,-0.226562,2240.500000,1870.250000,0,,,,,,,,two_tangents_not_visible,,,,,,,0,0,0,0,0,0,,1861.750000,,,,,0,,0,,,,0,,,,,,0,0,0,0,
16.215185,1785220679.472730875,search_first_car,50,-26,-26,paper_search_first_vehicle,27,27,10,17,2,1,0,0,0,0,0,131,0,0,0,5,1,-95.453125,95.000000,-0.226562,2240.500000,1870.250000,0,,,,,,,,two_tangents_not_visible,,,,,,,0,0,0,0,0,0,,1861.750000,,,,,0,,0,,,,0,,,,,,0,0,0,0,
16.300780,1785220679.586521149,search_first_car,50,-26,-26,paper_search_first_vehicle,30,30,11,19,2,1,0,0,0,0,0,132,0,0,0,5,1,-93.796875,95.000000,0.601562,2241.500000,1870.250000,0,,,,,,,,two_tangents_not_visible,,,,,,,0,0,0,0,0,0,,,,,,,0,,0,,,,0,,,,,,0,0,0,0,
16.388789,1785220679.698117971,search_first_car,50,-26,-26,paper_search_first_vehicle,35,35,12,23,2,1,0,0,0,0,0,133,0,0,0,5,1,-93.515625,94.015625,0.250000,2243.250000,1868.500000,0,,,,,,,,two_tangents_not_visible,,,,,,,0,0,0,0,0,0,,1859.000000,,,,,0,,0,,,,0,,,,,,0,0,0,0,
16.474613,1785220679.809500933,search_first_car,50,-26,-26,paper_search_first_vehicle,37,37,15,22,2,1,0,0,1,4,1,0,0,0,0,5,1,-91.640625,92.562500,0.460937,2276.250000,1887.750000,0,,,,,,,,two_tangents_not_visible,,,,,,,0,0,0,0,0,0,,1846.500000,,,,,0,,0,,,19.165091,4,163.768151,90.461857,19.165091,,,0,0,0,0,
16.565523,1785220679.921270132,search_open_space,50,-26,-26,paper_first_vehicle_counted,37,37,12,25,2,1,1,1,1,3,2,0,1,0,0,5,1,-91.640625,92.562500,0.460937,2276.250000,1887.750000,0,,,,,,,,two_tangents_not_visible,,,,,,,0,0,0,0,0,0,,1841.500000,,,,,0,,0,,,,0,,,,,,0,0,0,0,
16.652457,1785220679.921270132,search_open_space,50,-26,-26,paper_passing_first_vehicle,37,37,12,25,2,1,1,1,1,3,2,0,1,0,0,5,1,-91.640625,92.562500,0.460937,2276.250000,1887.750000,0,,,,,,,,two_tangents_not_visible,,,,,,,0,0,0,0,0,0,,1841.500000,,,,,0,,0,,,,0,,,,,,0,0,0,0,
16.739293,1785220680.031665802,search_open_space,50,-26,-26,paper_passing_first_vehicle,33,33,10,23,2,1,1,1,1,4,3,0,1,0,0,5,1,-91.640625,92.562500,0.460937,2276.250000,1887.750000,0,,,,,,,,two_tangents_not_visible,,,,,,,0,0,0,0,0,0,,1840.000000,,,,,0,,0,,,7.775290,4,160.140437,230.286201,7.775290,,,0,0,0,0,
16.827944,1785220680.147327900,search_open_space,50,-26,-26,paper_passing_first_vehicle,31,31,13,18,2,1,1,1,1,3,4,0,1,0,0,5,1,-91.437500,92.531250,0.546875,2247.000000,1852.000000,0,,,,,,,,two_tangents_not_visible,,,,,,,0,0,0,0,0,0,,1840.750000,,,,,0,,0,,,,0,,,,,,0,0,0,0,
16.915444,1785220680.258226871,search_open_space,50,-26,-26,paper_passing_first_vehicle,36,36,13,23,2,1,1,1,1,5,5,0,1,0,0,5,1,-91.437500,90.531250,-0.453125,2247.000000,1885.750000,0,,,,,,,,two_tangents_not_visible,,,,,,,0,0,0,0,0,0,,1833.500000,,,,,0,,0,,,14.063063,5,217.096616,43.151217,14.063063,,,0,0,0,0,
17.003224,1785220680.369129896,search_open_space,50,-26,-26,paper_passing_first_vehicle,30,30,10,20,2,1,1,1,1,3,6,0,1,0,0,5,1,-90.250000,90.531250,0.140625,2237.750000,1885.750000,0,,,,,,,,two_tangents_not_visible,,,,,,,0,0,0,0,0,0,,1828.250000,,,,,0,,0,,,,0,,,,,,0,0,0,0,
17.090978,1785220680.369129896,search_open_space,50,-26,-26,paper_passing_first_vehicle,30,30,10,20,2,1,1,1,1,3,6,0,1,0,0,5,1,-90.250000,90.531250,0.140625,2237.750000,1885.750000,0,,,,,,,,two_tangents_not_visible,,,,,,,0,0,0,0,0,0,,1828.250000,,,,,0,,0,,,,0,,,,,,0,0,0,0,
17.175889,1785220680.480545044,search_open_space,50,-26,-26,paper_passing_first_vehicle,35,35,14,21,2,1,1,1,1,5,7,0,1,0,0,5,1,-90.250000,90.531250,0.140625,2237.750000,1885.750000,0,,,,,,,,two_tangents_not_visible,,,,,,,0,0,0,0,0,0,,1827.500000,,,,,0,,0,,,5.857408,5,213.150556,123.329176,5.857408,,,0,0,0,0,
17.262002,1785220680.595003843,search_open_space,50,-26,-26,paper_passing_first_vehicle,40,40,16,24,2,1,1,1,1,4,8,0,1,0,0,5,1,-90.250000,90.531250,0.140625,2237.750000,1885.750000,0,,,,,,,,two_tangents_not_visible,,,,,,,0,0,0,0,0,0,,1827.500000,,,,,0,,0,,,8.714201,4,158.146052,312.582868,8.714201,,,0,0,0,0,
17.348516,1785220680.706635952,search_open_space,50,-26,-26,paper_passing_first_vehicle,36,36,12,24,2,1,1,1,1,5,9,0,1,0,0,5,1,-88.640625,89.046875,0.203125,2260.500000,1882.000000,0,,,,,,,,two_tangents_not_visible,,,,,,,0,0,0,0,0,0,,1826.500000,,,,,0,,0,,,15.532801,5,217.465013,55.133701,15.532801,,,0,0,0,0,
17.436514,1785220680.706635952,search_open_space,50,-26,-26,paper_passing_first_vehicle,36,36,12,24,2,1,1,1,1,5,9,0,1,0,0,5,1,-88.640625,89.046875,0.203125,2260.500000,1882.000000,0,,,,,,,,two_tangents_not_visible,,,,,,,0,0,0,0,0,0,,1826.500000,,,,,0,,0,,,15.532801,5,217.465013,55.133701,15.532801,,,0,0,0,0,
17.522466,1785220680.818081141,search_open_space,50,-26,-26,paper_passing_first_vehicle,34,34,11,23,2,1,1,1,1,4,10,0,1,0,0,5,1,-88.640625,89.046875,0.203125,2260.500000,1882.000000,0,,,,,,,,two_tangents_not_visible,,,,,,,0,0,0,0,0,0,,1825.500000,,,,,0,,0,,,6.455957,4,159.810358,213.160074,6.455957,,,0,0,0,0,
17.614753,1785220680.930227995,search_open_space,50,-26,-26,paper_passing_first_vehicle,31,31,11,20,2,1,1,1,1,4,11,0,1,0,0,5,1,-88.062500,88.031250,-0.015625,2239.750000,1857.750000,0,,,,,,,,two_tangents_not_visible,,,,,,,0,0,0,0,0,0,,1826.000000,,,,,0,,0,,,9.167591,4,210.823969,279.364227,9.167591,,,0,0,0,0,
17.699177,1785220681.040560961,search_open_space,50,-26,-26,paper_passing_first_vehicle,33,33,8,25,2,1,1,1,1,5,12,0,1,0,0,5,1,-86.140625,88.031250,0.945313,2286.250000,1857.750000,0,,,,,,,,two_tangents_not_visible,,,,,,,0,0,0,0,0,0,,1825.000000,,,,,0,,0,,,3.374510,5,209.165763,136.907427,3.374510,,,0,0,0,0,
17.788222,1785220681.155876160,search_open_space,50,-26,-26,paper_passing_first_vehicle,36,36,12,24,2,1,1,1,1,5,13,0,1,0,0,5,1,-85.875000,86.718750,0.421875,2289.000000,1874.750000,0,,,,,,,,two_tangents_not_visible,,,,,,,0,0,0,0,0,0,,1815.500000,,,,,0,,0,,,13.600793,5,219.375934,57.031839,13.600793,,,0,0,0,0,
17.875738,1785220681.155876160,search_open_space,50,-26,-26,paper_passing_first_vehicle,36,36,12,24,2,1,1,1,1,5,13,0,1,0,0,5,1,-85.875000,86.718750,0.421875,2289.000000,1874.750000,0,,,,,,,,two_tangents_not_visible,,,,,,,0,0,0,0,0,0,,1815.500000,,,,,0,,0,,,13.600793,5,219.375934,57.031839,13.600793,,,0,0,0,0,
17.962785,1785220681.267220974,search_open_space,50,-26,-26,paper_passing_first_vehicle,33,33,11,22,2,1,1,1,1,4,14,0,1,0,0,5,1,-85.875000,86.718750,0.421875,2289.000000,1874.750000,0,,,,,,,,two_tangents_not_visible,,,,,,,0,0,0,0,0,0,,1810.250000,,,,,0,,0,,,7.610284,4,159.899981,129.012741,7.610284,,,0,0,0,0,
18.050223,1785220681.379130840,search_open_space,50,-26,-26,paper_passing_first_vehicle,33,33,8,25,2,1,1,1,1,6,15,0,1,0,0,5,1,-85.875000,86.718750,0.421875,2289.000000,1874.750000,0,,,,,,,,two_tangents_not_visible,,,,,,,0,0,0,0,0,0,,1801.500000,,,,,0,,0,,,-8.988312,6,269.588165,69.750838,-8.988312,,,0,0,0,0,
18.141265,1785220681.489209175,search_open_space,50,-26,-26,paper_passing_first_vehicle,35,35,11,24,2,1,1,1,1,5,16,0,1,0,0,5,1,-85.875000,86.375000,0.250000,2289.000000,1825.000000,0,,,,,,,,two_tangents_not_visible,,,,,,,0,0,0,0,0,0,,1796.250000,,,,,0,,0,,,2.995818,5,207.115261,86.874918,2.995818,,,0,0,0,0,
18.231129,1785220681.489209175,search_open_space,50,-26,-26,paper_passing_first_vehicle,35,35,11,24,2,1,1,1,1,5,16,0,1,0,0,5,1,-85.875000,86.375000,0.250000,2289.000000,1825.000000,0,,,,,,,,two_tangents_not_visible,,,,,,,0,0,0,0,0,0,,1796.250000,,,,,0,,0,,,2.995818,5,207.115261,86.874918,2.995818,,,0,0,0,0,
18.319414,1785220681.604550838,search_open_space,50,-26,-26,paper_passing_first_vehicle,32,32,10,22,2,1,1,1,1,6,17,0,1,0,0,5,1,-85.875000,86.375000,0.250000,2289.000000,1825.000000,0,,,,,,,,two_tangents_not_visible,,,,,,,0,0,0,0,0,0,,1795.000000,,,,,0,,0,,,-6.073156,6,264.039634,43.990985,-6.073156,,,0,0,0,0,
18.409354,1785220681.715848923,search_open_space,50,-26,-26,paper_passing_first_vehicle,37,37,13,24,2,1,1,1,1,7,18,0,1,0,0,5,1,-86.109375,85.203125,-0.453125,2259.000000,1836.000000,0,,,,,,,,two_tangents_not_visible,,,,,,,0,0,0,0,0,0,,1795.500000,,,,,0,,0,,,-5.113560,7,316.626300,34.085046,-5.113560,,,0,0,0,0,
18.498102,1785220681.826892138,search_open_space,50,-26,-26,paper_passing_first_vehicle,40,40,13,27,2,1,1,1,1,6,19,0,1,0,0,5,1,-85.609375,85.203125,-0.203125,2263.750000,1836.000000,0,,,,,,,,two_tangents_not_visible,,,,,,,0,0,0,0,0,0,,1784.500000,,,,,0,,0,,,-4.456136,6,262.083537,39.293158,-4.456136,,,0,0,0,0,
18.587625,1785220681.937908888,search_open_space,50,-26,-26,paper_passing_first_vehicle,41,41,11,30,2,1,1,1,1,6,20,0,1,0,0,5,1,-83.765625,85.203125,0.718750,2266.750000,1836.000000,0,,,,,,,,two_tangents_not_visible,,,,,,,0,0,0,0,0,0,,1785.000000,,,,,0,,0,,,-11.216354,6,268.902333,41.174900,-11.216354,,,0,0,0,0,
18.680788,1785220681.937908888,search_open_space,50,-26,-26,paper_passing_first_vehicle,41,41,11,30,2,1,1,1,1,6,20,0,1,0,0,5,1,-83.765625,85.203125,0.718750,2266.750000,1836.000000,0,,,,,,,,two_tangents_not_visible,,,,,,,0,0,0,0,0,0,,1785.000000,,,,,0,,0,,,-11.216354,6,268.902333,41.174900,-11.216354,,,0,0,0,0,
18.768881,1785220682.053044081,search_open_space,50,-26,-26,paper_passing_first_vehicle,38,38,12,26,2,1,1,1,1,6,21,0,1,0,0,5,1,-83.765625,84.187500,0.210938,2266.750000,1812.000000,0,,,,,,,,two_tangents_not_visible,,,,,,,0,0,0,0,0,0,,1781.250000,,,,,0,,0,,,-3.517086,6,261.874937,51.839111,-3.517086,,,0,0,0,0,
18.857150,1785220682.164976835,search_open_space,50,-26,-26,paper_passing_first_vehicle,38,38,15,23,2,1,1,1,1,6,22,0,1,0,0,5,1,-81.718750,84.078125,1.179688,2348.000000,1815.000000,0,,,,,,,,two_tangents_not_visible,,,,,,,0,0,0,0,0,0,,1783.750000,,,,,0,,0,,,-4.413705,6,261.585443,45.637781,-4.413705,,,0,0,0,0,
18.945326,1785220682.275740862,search_open_space,50,-26,-26,paper_passing_first_vehicle,37,37,13,24,2,1,1,1,1,6,23,0,1,0,0,5,1,-81.718750,84.015625,1.148438,2348.000000,1803.500000,0,,,,,,,,two_tangents_not_visible,,,,,,,0,0,0,0,0,0,,1786.500000,,,,,0,,0,,,-8.652838,6,262.913290,54.182096,-8.652838,,,0,0,0,0,
19.034398,1785220682.386989117,search_open_space,50,-26,-26,paper_passing_first_vehicle,35,35,10,25,2,1,1,1,1,6,24,0,1,0,0,5,1,-81.718750,82.312500,0.296875,2348.000000,1821.500000,0,,,,,,,,two_tangents_not_visible,,,,,,,0,0,0,0,0,0,,1776.750000,,,,,0,,0,,,-0.545428,6,260.456727,38.090007,-0.545428,,,0,0,0,0,
19.123129,1785220682.386989117,search_open_space,50,-26,-26,paper_passing_first_vehicle,35,35,10,25,2,1,1,1,1,6,24,0,1,0,0,5,1,-81.718750,82.312500,0.296875,2348.000000,1821.500000,0,,,,,,,,two_tangents_not_visible,,,,,,,0,0,0,0,0,0,,1776.750000,,,,,0,,0,,,-0.545428,6,260.456727,38.090007,-0.545428,,,0,0,0,0,
19.215955,1785220682.498854876,search_open_space,50,-26,-26,paper_passing_first_vehicle,44,44,14,30,2,1,1,1,1,6,25,0,1,0,0,5,1,-81.718750,82.265625,0.273438,2348.000000,1808.750000,0,,,,,,,,two_tangents_not_visible,,,,,,,0,0,0,0,0,0,,1776.250000,,,,,0,,0,,,-2.155587,6,258.962539,67.207040,-2.155587,,,0,0,0,0,
19.304398,1785220682.612594843,search_open_space,50,-26,-26,paper_passing_first_vehicle,34,34,14,20,2,1,1,1,1,6,26,0,1,0,0,5,1,-81.718750,82.265625,0.273438,2348.000000,1808.750000,0,,,,,,,,two_tangents_not_visible,,,,,,,0,0,0,0,0,0,,1776.250000,,,,,0,,0,,,-9.108067,6,260.160910,58.239125,-9.108067,,,0,0,0,0,
19.391305,1785220682.725144148,search_open_space,50,-26,-26,paper_passing_first_vehicle,39,39,15,24,2,1,1,1,1,6,27,0,1,0,0,5,1,-79.875000,81.015625,0.570312,2300.750000,1818.000000,0,,,,,,,,two_tangents_not_visible,,,,,,,0,0,0,0,0,0,,1770.750000,,,,,0,,0,,,-0.864077,6,258.418179,40.970143,-0.864077,,,0,0,0,0,
19.478468,1785220682.842278957,search_open_space,50,-26,-26,paper_passing_first_vehicle,42,42,15,27,2,1,1,1,1,5,28,0,1,0,0,5,1,-79.453125,81.015625,0.781250,2303.750000,1818.000000,0,,,,,,,,two_tangents_not_visible,,,,,,,0,0,0,0,0,0,,1768.500000,,,,,0,,0,,,-3.121847,5,203.930486,93.845680,-3.121847,,,0,0,0,0,
19.560851,1785220682.842278957,search_open_space,50,-26,-26,paper_passing_first_vehicle,42,42,15,27,2,1,1,1,1,5,28,0,1,0,0,5,1,-79.453125,81.015625,0.781250,2303.750000,1818.000000,0,,,,,,,,two_tangents_not_visible,,,,,,,0,0,0,0,0,0,,1768.500000,,,,,0,,0,,,-3.121847,5,203.930486,93.845680,-3.121847,,,0,0,0,0,
19.646788,1785220682.947013855,search_open_space,50,-26,-26,paper_passing_first_vehicle,42,42,15,27,2,1,1,1,1,6,29,0,1,0,0,5,1,-79.156250,80.125000,0.484375,2302.750000,1815.250000,0,,,,,,,,two_tangents_not_visible,,,,,,,0,0,0,0,0,0,,1770.500000,,,,,0,,0,,,-2.576128,6,259.520702,41.289913,-2.576128,,,0,0,0,0,
19.737325,1785220683.061558962,search_open_space,50,-26,-26,paper_passing_first_vehicle,42,42,16,26,2,1,1,1,1,5,30,0,1,0,0,5,1,-79.031250,80.125000,0.546875,2304.000000,1815.250000,0,,,,,,,,two_tangents_not_visible,,,,,,,0,0,0,0,0,0,,1769.000000,,,,,0,,0,,,-2.488976,5,205.737774,65.674350,-2.488976,,,0,0,0,0,
19.822959,1785220683.173512936,search_open_space,50,-26,-26,paper_passing_first_vehicle,38,38,15,23,2,1,1,1,1,5,31,0,1,0,0,5,1,-79.031250,80.125000,0.546875,2304.000000,1815.250000,0,,,,,,,,two_tangents_not_visible,,,,,,,0,0,0,0,0,0,,1769.500000,,,,,0,,0,,,-6.369156,5,204.396102,60.832679,-6.369156,,,0,0,0,0,
19.910495,1785220683.173512936,search_open_space,50,-26,-26,paper_passing_first_vehicle,38,38,15,23,2,1,1,1,1,5,31,0,1,0,0,5,1,-79.031250,80.125000,0.546875,2304.000000,1815.250000,0,,,,,,,,two_tangents_not_visible,,,,,,,0,0,0,0,0,0,,1769.500000,,,,,0,,0,,,-6.369156,5,204.396102,60.832679,-6.369156,,,0,0,0,0,
19.996270,1785220683.284964085,search_open_space,50,-26,-26,paper_passing_first_vehicle,41,41,15,26,2,1,1,1,1,6,32,0,1,0,0,5,1,-79.031250,78.750000,-0.140625,2304.000000,1813.500000,0,,,,,,,,two_tangents_not_visible,,,,,,,0,0,0,0,0,0,,1769.500000,,,,,0,,0,,,-3.850171,6,258.275631,47.017193,-3.850171,,,0,0,0,0,
20.084194,1785220683.395704985,search_open_space,50,-26,-26,paper_passing_first_vehicle,38,38,14,24,2,1,1,1,1,5,33,0,1,0,0,5,1,-77.125000,78.750000,0.812500,2309.500000,1813.500000,0,,,,,,,,two_tangents_not_visible,,,,,,,0,0,0,0,0,0,,1766.250000,,,,,0,,0,,,-3.481705,5,205.350392,78.638012,-3.481705,,,0,0,0,0,
20.173954,1785220683.510393143,search_open_space,50,-26,-26,paper_passing_first_vehicle,36,36,11,25,2,1,1,1,1,5,34,0,1,0,0,5,1,-76.734375,78.750000,1.007813,2323.750000,1813.500000,0,,,,,,,,two_tangents_not_visible,,,,,,,0,0,0,0,0,0,,1766.250000,,,,,0,,0,,,-8.968923,5,205.342876,77.662353,-8.968923,,,0,0,0,0,
20.264796,1785220683.621880054,search_open_space,50,-26,-26,paper_passing_first_vehicle,35,35,13,22,2,1,1,1,1,5,35,0,1,0,0,5,1,-76.328125,77.765625,0.718750,2327.750000,1800.000000,0,,,,,,,,two_tangents_not_visible,,,,,,,0,0,0,0,0,0,,1767.500000,,,,,0,,0,,,-4.546668,5,206.742859,70.887470,-4.546668,,,0,0,0,0,
20.350379,1785220683.621880054,search_open_space,50,-26,-26,paper_passing_first_vehicle,35,35,13,22,2,1,1,1,1,5,35,0,1,0,0,5,1,-76.328125,77.765625,0.718750,2327.750000,1800.000000,0,,,,,,,,two_tangents_not_visible,,,,,,,0,0,0,0,0,0,,1767.500000,,,,,0,,0,,,-4.546668,5,206.742859,70.887470,-4.546668,,,0,0,0,0,
20.437365,1785220683.733698130,search_open_space,50,-26,-26,paper_passing_first_vehicle,40,40,15,25,2,1,1,1,1,6,36,0,1,0,0,5,1,-75.843750,76.578125,0.367188,2336.000000,1824.500000,0,,,,,,,,two_tangents_not_visible,,,,,,,0,0,0,0,0,0,,1767.500000,,,,,0,,0,,,-2.807073,6,259.151316,36.412956,-2.807073,,,0,0,0,0,
20.524782,1785220683.844693899,search_open_space,50,-26,-26,paper_passing_first_vehicle,37,37,12,25,2,1,1,1,1,5,37,0,1,0,0,5,1,-75.546875,76.578125,0.515625,2338.500000,1824.500000,0,,,,,,,,two_tangents_not_visible,,,,,,,0,0,0,0,0,0,,1766.000000,,,,,0,,0,,,-7.928586,5,203.480367,67.419169,-7.928586,,,0,0,0,0,
20.611306,1785220683.959882975,search_open_space,50,-26,-26,paper_passing_first_vehicle,31,31,8,23,2,1,1,1,1,5,38,0,1,0,0,5,1,-75.296875,75.859375,0.281250,2342.750000,1815.500000,0,,,,,,,,two_tangents_not_visible,,,,,,,0,0,0,0,0,0,,1771.750000,,,,,0,,0,,,-1.022335,5,207.137207,71.722351,-1.022335,,,0,0,0,0,
20.696675,1785220683.959882975,search_open_space,50,-26,-26,paper_passing_first_vehicle,31,31,8,23,2,1,1,1,1,5,38,0,1,0,0,5,1,-75.296875,75.859375,0.281250,2342.750000,1815.500000,0,,,,,,,,two_tangents_not_visible,,,,,,,0,0,0,0,0,0,,1771.750000,,,,,0,,0,,,-1.022335,5,207.137207,71.722351,-1.022335,,,0,0,0,0,
20.789277,1785220684.071093082,search_open_space,50,-26,-26,paper_passing_first_vehicle,39,39,15,24,2,1,1,1,1,5,39,0,1,0,0,5,1,-75.296875,75.859375,0.281250,2342.750000,1815.500000,0,,,,,,,,two_tangents_not_visible,,,,,,,0,0,0,0,0,0,,1766.750000,,,,,0,,0,,,-7.479310,5,204.613634,70.822547,-7.479310,,,0,0,0,0,
20.876262,1785220684.182434082,search_open_space,50,-26,-26,paper_passing_first_vehicle,30,30,11,19,2,1,1,1,1,5,40,0,1,0,0,5,1,-75.296875,75.859375,0.281250,2342.750000,1815.500000,0,,,,,,,,two_tangents_not_visible,,,,,,,0,0,0,0,0,0,,1773.500000,,,,,0,,0,,,-11.518447,5,204.591354,78.836423,-11.518447,,,0,0,0,0,
20.963415,1785220684.293161869,search_open_space,50,-26,-26,paper_passing_first_vehicle,32,32,10,22,2,1,1,1,1,5,41,0,1,0,0,5,1,-75.296875,74.218750,-0.539062,2342.750000,1823.250000,0,,,,,,,,two_tangents_not_visible,,,,,,,0,0,0,0,0,0,,1772.500000,,,,,0,,0,,,-0.488659,5,209.347824,73.027550,-0.488659,,,0,0,0,0,
21.052286,1785220684.404302120,search_open_space,50,-26,-26,paper_passing_first_vehicle,34,34,12,22,2,1,1,1,1,5,42,0,1,0,0,5,1,-73.578125,74.218750,0.320313,2379.000000,1823.250000,0,,,,,,,,two_tangents_not_visible,,,,,,,0,0,0,0,0,0,,1772.250000,,,,,0,,0,,,-7.076165,5,204.955201,68.666263,-7.076165,,,0,0,0,0,
21.139615,1785220684.404302120,search_open_space,50,-26,-26,paper_passing_first_vehicle,34,34,12,22,2,1,1,1,1,5,42,0,1,0,0,5,1,-73.578125,74.218750,0.320313,2379.000000,1823.250000,0,,,,,,,,two_tangents_not_visible,,,,,,,0,0,0,0,0,0,,1772.250000,,,,,0,,0,,,-7.076165,5,204.955201,68.666263,-7.076165,,,0,0,0,0,
21.226904,1785220684.519557953,search_open_space,50,-26,-26,paper_passing_first_vehicle,31,31,13,18,2,1,1,1,1,4,43,0,1,0,0,5,1,-73.578125,74.156250,0.289063,2379.000000,1802.500000,0,,,,,,,,two_tangents_not_visible,,,,,,,0,0,0,0,0,0,,1772.000000,,,,,0,,0,,,-3.103737,4,156.431086,144.148896,-3.103737,,,0,0,0,0,
21.319328,1785220684.631214142,search_open_space,50,-26,-26,paper_passing_first_vehicle,30,30,14,16,2,1,1,1,1,5,44,0,1,0,0,5,1,-73.578125,72.640625,-0.468750,2379.000000,1828.500000,0,,,,,,,,two_tangents_not_visible,,,,,,,0,0,0,0,0,0,,1776.500000,,,,,0,,0,,,-1.209698,5,212.164585,127.231859,-1.209698,,,0,0,0,0,
21.408141,1785220684.741936207,search_open_space,50,-26,-26,paper_passing_first_vehicle,28,28,10,18,2,1,1,1,1,5,45,0,1,0,0,5,1,-73.578125,72.640625,-0.468750,2379.000000,1828.500000,0,,,,,,,,two_tangents_not_visible,,,,,,,0,0,0,0,0,0,,1780.750000,,,,,0,,0,,,-5.796537,5,206.968394,105.385496,-5.796537,,,0,0,0,0,
21.496867,1785220684.853860140,search_open_space,50,-26,-26,paper_passing_first_vehicle,29,29,11,18,2,1,1,1,1,4,46,0,1,0,0,5,1,-73.578125,72.640625,-0.468750,2379.000000,1828.500000,0,,,,,,,,two_tangents_not_visible,,,,,,,0,0,0,0,0,0,,1784.000000,,,,,0,,0,,,-3.889507,4,157.228310,168.231299,-3.889507,,,0,0,0,0,
21.584674,1785220684.853860140,search_open_space,50,-26,-26,paper_passing_first_vehicle,29,29,11,18,2,1,1,1,1,4,46,0,1,0,0,5,1,-73.578125,72.640625,-0.468750,2379.000000,1828.500000,0,,,,,,,,two_tangents_not_visible,,,,,,,0,0,0,0,0,0,,1784.000000,,,,,0,,0,,,-3.889507,4,157.228310,168.231299,-3.889507,,,0,0,0,0,
21.673821,1785220684.967404127,search_open_space,50,-26,-26,paper_passing_first_vehicle,21,21,8,13,2,1,1,1,0,0,0,1,1,0,0,5,1,-71.843750,72.640625,0.398437,2415.000000,1828.500000,0,,,,,,,,two_tangents_not_visible,,,,,,,0,0,0,0,0,0,,1784.250000,,,,,0,,0,,,,0,,,,,,0,0,0,0,
21.763623,1785220685.078968048,search_open_space,50,-26,-26,paper_passing_first_vehicle,30,30,12,18,2,1,1,1,1,3,1,0,1,0,0,5,1,-71.843750,71.125000,-0.359375,2415.000000,1817.500000,0,,,,,,,,two_tangents_not_visible,,,,,,,0,0,0,0,0,0,,1788.250000,,,,,0,,0,,,,0,,,,,,0,0,0,0,
21.856418,1785220685.190509081,search_open_space,50,-26,-26,paper_passing_first_vehicle,33,33,13,20,2,1,1,1,1,4,2,0,1,0,0,5,1,-71.843750,71.125000,-0.359375,2415.000000,1817.500000,0,,,,,,,,two_tangents_not_visible,,,,,,,0,0,0,0,0,0,,1794.000000,,,,,0,,0,,,-5.495971,4,158.157860,309.232270,-5.495971,,,0,0,0,0,
21.944654,1785220685.302258968,search_open_space,50,-26,-26,paper_passing_first_vehicle,27,27,11,16,2,1,1,1,0,0,0,1,1,0,0,5,1,-71.843750,71.125000,-0.359375,2415.000000,1817.500000,0,,,,,,,,two_tangents_not_visible,,,,,,,0,0,0,0,0,0,,1795.750000,,,,,0,,0,,,,0,,,,,,0,0,0,0,
22.032005,1785220685.302258968,search_open_space,50,-26,-26,paper_passing_first_vehicle,27,27,11,16,2,1,1,1,0,0,0,1,1,0,0,5,1,-71.843750,71.125000,-0.359375,2415.000000,1817.500000,0,,,,,,,,two_tangents_not_visible,,,,,,,0,0,0,0,0,0,,1795.750000,,,,,0,,0,,,,0,,,,,,0,0,0,0,
22.118812,1785220685.412895918,search_open_space,50,-26,-26,paper_passing_first_vehicle,23,23,9,14,2,1,1,1,0,0,0,2,1,0,0,5,1,-71.843750,69.546875,-1.148438,2415.000000,1832.750000,0,,,,,,,,two_tangents_not_visible,,,,,,,0,0,0,0,0,0,,1799.500000,,,,,0,,0,,,,0,,,,,,0,0,0,0,
22.205373,1785220685.528191090,search_open_space,50,-26,-26,paper_passing_first_vehicle,25,25,7,18,2,1,1,1,1,4,1,0,1,0,0,5,1,-71.859375,69.546875,-1.156250,2401.250000,1832.750000,0,,,,,,,,two_tangents_not_visible,,,,,,,0,0,0,0,0,0,,1801.500000,,,,,0,,0,,,-36.835677,4,168.602328,87.693143,-36.835677,,,0,0,0,0,
22.292072,1785220685.639587164,search_open_space,50,-26,-26,paper_passing_first_vehicle,27,27,9,18,2,1,1,1,0,0,0,1,1,0,0,5,1,-72.765625,68.437500,-2.164062,2411.000000,1839.250000,0,,,,,,,,two_tangents_not_visible,,,,,,,0,0,0,0,0,0,,1811.750000,,,,,0,,0,,,,0,,,,,,0,0,0,0,
22.384433,1785220685.750376940,search_open_space,50,-26,-26,paper_passing_first_vehicle,22,22,9,13,2,1,1,1,0,0,0,2,1,0,0,5,1,-72.453125,68.437500,-2.007812,2416.250000,1839.250000,0,,,,,,,,two_tangents_not_visible,,,,,,,0,0,0,0,0,0,,1811.250000,,,,,0,,0,,,,0,,,,,,0,0,0,0,
22.472651,1785220685.750376940,search_open_space,50,-26,-26,paper_passing_first_vehicle,22,22,9,13,2,1,1,1,0,0,0,2,1,0,0,5,1,-72.453125,68.437500,-2.007812,2416.250000,1839.250000,0,,,,,,,,two_tangents_not_visible,,,,,,,0,0,0,0,0,0,,1811.250000,,,,,0,,0,,,,0,,,,,,0,0,0,0,
22.561696,1785220685.862338066,search_second_car,50,-26,-26,paper_search_second_vehicle,32,32,15,17,2,1,1,0,0,0,0,3,1,0,0,5,1,-70.703125,67.218750,-1.742187,2438.000000,1849.000000,0,,,,,,,,two_tangents_not_visible,,,,,,,0,0,0,0,0,0,,1818.750000,,,,,0,,0,,,,0,,,,,,0,0,0,0,
22.646237,1785220685.976317883,search_second_car,50,-26,-26,paper_search_second_vehicle,30,30,14,16,2,1,1,0,1,3,1,0,1,0,0,5,1,-70.484375,67.218750,-1.632812,2446.000000,1849.000000,0,,,,,,,,two_tangents_not_visible,,,,,,,0,0,0,0,0,0,,1818.250000,,,,,0,,0,,,,0,,,,,,0,0,0,0,
22.732363,1785220686.087841034,search_second_car,50,-26,-26,paper_search_second_vehicle,27,27,10,17,2,1,1,0,0,0,0,1,1,0,0,5,1,-70.484375,67.218750,-1.632812,2446.000000,1849.000000,0,,,,,,,,two_tangents_not_visible,,,,,,,0,0,0,0,0,0,,1824.250000,,,,,0,,0,,,,0,,,,,,0,0,0,0,
22.820089,1785220686.087841034,search_second_car,50,-26,-26,paper_search_second_vehicle,27,27,10,17,2,1,1,0,0,0,0,1,1,0,0,5,1,-70.484375,67.218750,-1.632812,2446.000000,1849.000000,0,,,,,,,,two_tangents_not_visible,,,,,,,0,0,0,0,0,0,,1824.250000,,,,,0,,0,,,,0,,,,,,0,0,0,0,
22.911754,1785220686.200728178,search_second_car,50,-26,-26,paper_search_second_vehicle,28,28,11,17,2,1,1,0,0,0,0,2,1,0,0,5,1,-70.484375,65.859375,-2.312500,2446.000000,1873.500000,0,,,,,,,,two_tangents_not_visible,,,,,,,0,0,0,0,0,0,,1824.250000,,,,,0,,0,,,,0,,,,,,0,0,0,0,
22.998953,1785220686.310904980,search_second_car,50,-26,-26,paper_search_second_vehicle,32,32,14,18,2,1,1,0,1,3,1,0,1,0,0,5,1,-70.484375,65.859375,-2.312500,2446.000000,1873.500000,0,,,,,,,,two_tangents_not_visible,,,,,,,0,0,0,0,0,0,,1832.000000,,,,,0,,0,,,-34.925525,4,165.843576,56.299143,-34.925525,,,0,0,0,0,
23.085490,1785220686.425967216,search_second_car,50,-26,-26,paper_search_second_vehicle,33,33,17,16,2,1,1,0,0,0,0,1,1,0,0,5,1,-69.093750,65.859375,-1.617187,2459.250000,1873.500000,0,,,,,,,,two_tangents_not_visible,,,,,,,0,0,0,0,0,0,,,,,,,0,,0,,,,0,,,,,,0,0,0,0,
23.172211,1785220686.536730051,search_second_car,50,-26,-26,paper_search_second_vehicle,33,33,14,19,2,1,1,0,0,0,0,2,1,0,0,5,1,-69.093750,65.859375,-1.617187,2459.250000,1873.500000,0,,,,,,,,two_tangents_not_visible,,,,,,,0,0,0,0,0,0,,,,,,,0,,0,,,,0,,,,,,0,0,0,0,
23.257580,1785220686.536730051,search_second_car,50,-26,-26,paper_search_second_vehicle,33,33,14,19,2,1,1,0,0,0,0,2,1,0,0,5,1,-69.093750,65.859375,-1.617187,2459.250000,1873.500000,0,,,,,,,,two_tangents_not_visible,,,,,,,0,0,0,0,0,0,,,,,,,0,,0,,,,0,,,,,,0,0,0,0,
23.344478,1785220686.648055077,search_second_car,50,-26,-26,paper_search_second_vehicle,30,30,12,18,2,1,1,0,0,0,0,3,1,0,0,5,1,-68.812500,65.859375,-1.476563,2475.250000,1873.500000,0,,,,,,,,two_tangents_not_visible,,,,,,,0,0,0,0,0,0,,1869.750000,,,,,0,,0,,,,0,,,,,,0,0,0,0,
23.437352,1785220686.759665966,search_second_car,50,-26,-26,paper_search_second_vehicle,28,28,13,15,2,1,1,0,0,0,0,4,1,0,0,5,1,-68.687500,68.843750,0.078125,2472.500000,1845.750000,0,,,,,,,,two_tangents_not_visible,,,,,,,0,0,0,0,0,0,,,,,,,0,,0,,,,0,,,,,,0,0,0,0,
23.525326,1785220686.870634079,search_second_car,50,-26,-26,paper_search_second_vehicle,31,31,15,16,2,1,1,0,0,0,0,5,1,0,0,5,1,-68.687500,67.750000,-0.468750,2472.500000,1863.000000,0,,,,,,,,two_tangents_not_visible,,,,,,,0,0,0,0,0,0,,,,,,,0,,0,,,,0,,,,,,0,0,0,0,
23.610494,1785220686.870634079,search_second_car,50,-26,-26,paper_search_second_vehicle,31,31,15,16,2,1,1,0,0,0,0,5,1,0,0,5,1,-68.687500,67.750000,-0.468750,2472.500000,1863.000000,0,,,,,,,,two_tangents_not_visible,,,,,,,0,0,0,0,0,0,,,,,,,0,,0,,,,0,,,,,,0,0,0,0,
23.695685,1785220686.986173868,search_second_car,50,-26,-26,paper_search_second_vehicle,33,33,15,18,2,1,1,0,0,0,0,6,1,0,0,5,1,-68.687500,67.750000,-0.468750,2472.500000,1863.000000,0,,,,,,,,two_tangents_not_visible,,,,,,,0,0,0,0,0,0,,,,,,,0,,0,,,,0,,,,,,0,0,0,0,
23.784074,1785220687.096370935,search_second_car,50,-26,-26,paper_search_second_vehicle,31,31,16,15,2,1,1,0,0,0,0,7,1,0,0,5,1,-67.187500,65.937500,-0.625000,2500.750000,1886.250000,0,,,,,,,,two_tangents_not_visible,,,,,,,0,0,0,0,0,0,,,,,,,0,,0,,,,0,,,,,,0,0,0,0,
23.873081,1785220687.207781792,search_second_car,50,-26,-26,paper_search_second_vehicle,35,35,18,17,2,1,1,0,0,0,0,8,1,0,0,5,1,-67.187500,65.609375,-0.789062,2500.750000,1880.250000,0,,,,,,,,two_tangents_not_visible,,,,,,,0,0,0,0,0,0,,,,,,,0,,0,,,,0,,,,,,0,0,0,0,
23.965944,1785220687.319941044,search_second_car,50,-26,-26,paper_search_second_vehicle,37,37,19,18,2,1,1,0,0,0,0,9,1,0,0,5,1,-67.187500,62.171875,-2.507812,2500.750000,1913.000000,0,,,,,,,,two_tangents_not_visible,,,,,,,0,0,0,0,0,0,,,,,,,0,,0,,,,0,,,,,,0,0,0,0,
24.053054,1785220687.319941044,search_second_car,50,-26,-26,paper_search_second_vehicle,37,37,19,18,2,1,1,0,0,0,0,9,1,0,0,5,1,-67.187500,62.171875,-2.507812,2500.750000,1913.000000,0,,,,,,,,two_tangents_not_visible,,,,,,,0,0,0,0,0,0,,,,,,,0,,0,,,,0,,,,,,0,0,0,0,
24.138962,1785220687.431600094,search_second_car,50,-26,-26,paper_search_second_vehicle,35,35,19,16,2,1,1,0,0,0,0,10,1,0,0,5,1,-67.187500,62.171875,-2.507812,2500.750000,1913.000000,0,,,,,,,,two_tangents_not_visible,,,,,,,0,0,0,0,0,0,,,,,,,0,,0,,,,0,,,,,,0,0,0,0,
24.227805,1785220687.545501947,search_second_car,50,-26,-26,paper_search_second_vehicle,34,34,18,16,2,1,1,0,0,0,0,11,1,0,0,5,1,-67.187500,62.171875,-2.507812,2500.750000,1913.000000,0,,,,,,,,two_tangents_not_visible,,,,,,,0,0,0,0,0,0,,,,,,,0,,0,,,,0,,,,,,0,0,0,0,
24.315741,1785220687.657040834,search_second_car,50,-26,-26,paper_search_second_vehicle,34,34,20,14,2,1,1,0,0,0,0,12,1,0,0,5,1,-66.875000,59.484375,-3.695312,2522.500000,1946.500000,0,,,,,,,,two_tangents_not_visible,,,,,,,0,0,0,0,0,0,,,,,,,0,,0,,,-22.380033,4,222.470995,28.301131,-22.380033,,,0,0,0,0,
24.404370,1785220687.768432856,search_second_car,50,-26,-26,paper_search_second_vehicle,38,38,18,20,2,1,1,0,0,0,0,13,1,0,0,5,1,-66.343750,59.484375,-3.429688,2535.750000,1946.500000,0,,,,,,,,two_tangents_not_visible,,,,,,,0,0,0,0,0,0,,,,,,,0,,0,,,,0,,,,,,0,0,0,0,
24.497658,1785220687.768432856,search_second_car,50,-26,-26,paper_search_second_vehicle,38,38,18,20,2,1,1,0,0,0,0,13,1,0,0,5,1,-66.343750,59.484375,-3.429688,2535.750000,1946.500000,0,,,,,,,,two_tangents_not_visible,,,,,,,0,0,0,0,0,0,,,,,,,0,,0,,,,0,,,,,,0,0,0,0,
24.585868,1785220687.883362055,search_second_car,50,-26,-26,paper_search_second_vehicle,33,33,17,16,2,1,1,0,0,0,0,14,1,0,0,5,1,-66.343750,59.484375,-3.429688,2535.750000,1946.500000,0,,,,,,,,two_tangents_not_visible,,,,,,,0,0,0,0,0,0,,,,,,,0,,0,,,,0,,,,,,0,0,0,0,
24.673904,1785220687.994511127,search_second_car,50,-26,-26,paper_search_second_vehicle,36,36,18,18,2,1,1,0,0,0,0,15,1,0,0,5,1,-66.343750,59.484375,-3.429688,2535.750000,1946.500000,0,,,,,,,,two_tangents_not_visible,,,,,,,0,0,0,0,0,0,,,,,,,0,,0,,,,0,,,,,,0,0,0,0,
24.762239,1785220688.106130838,search_second_car,50,-26,-26,paper_search_second_vehicle,37,37,18,19,2,1,1,0,0,0,0,16,1,0,0,5,1,-65.640625,57.562500,-4.039062,2553.250000,1966.250000,0,,,,,,,,two_tangents_not_visible,,,,,,,0,0,0,0,0,0,,,,,,,0,,0,,,,0,,,,,,0,0,0,0,
24.851319,1785220688.217039824,search_second_car,50,-26,-26,paper_search_second_vehicle,36,36,15,21,2,1,1,0,0,0,0,17,1,0,0,5,1,-65.640625,57.562500,-4.039062,2553.250000,1966.250000,0,,,,,,,,two_tangents_not_visible,,,,,,,0,0,0,0,0,0,,,,,,,0,,0,,,,0,,,,,,0,0,0,0,
24.939672,1785220688.217039824,search_second_car,50,-26,-26,paper_search_second_vehicle,36,36,15,21,2,1,1,0,0,0,0,17,1,0,0,5,1,-65.640625,57.562500,-4.039062,2553.250000,1966.250000,0,,,,,,,,two_tangents_not_visible,,,,,,,0,0,0,0,0,0,,,,,,,0,,0,,,,0,,,,,,0,0,0,0,
25.032162,1785220688.328100204,search_second_car,50,-26,-26,paper_search_second_vehicle,36,36,16,20,2,1,1,0,0,0,0,18,1,0,0,5,1,-65.640625,55.843750,-4.898437,2553.250000,2042.500000,0,,,,,,,,two_tangents_not_visible,,,,,,,0,0,0,0,0,0,,,,,,,0,,0,,,,0,,,,,,0,0,0,0,
25.120422,1785220688.443502188,search_second_car,50,-26,-26,paper_search_second_vehicle,39,39,17,22,2,1,1,0,0,0,0,19,1,0,0,5,1,-65.640625,55.843750,-4.898437,2553.250000,2042.500000,0,,,,,,,,two_tangents_not_visible,,,,,,,0,0,0,0,0,0,,,,,,,0,,0,,,-24.046445,4,170.022602,40.649885,-24.046445,,,0,0,0,0,
25.207474,1785220688.554267883,search_second_car,50,-26,-26,paper_search_second_vehicle,34,34,14,20,2,1,1,0,0,0,0,20,1,0,0,5,1,-65.640625,55.843750,-4.898437,2553.250000,2042.500000,0,,,,,,,,two_tangents_not_visible,,,,,,,0,0,0,0,0,0,,,,,,,0,,0,,,,0,,,,,,0,0,0,0,
25.294436,1785220688.554267883,search_second_car,50,-26,-26,paper_search_second_vehicle,34,34,14,20,2,1,1,0,0,0,0,20,1,0,0,5,1,-65.640625,55.843750,-4.898437,2553.250000,2042.500000,0,,,,,,,,two_tangents_not_visible,,,,,,,0,0,0,0,0,0,,,,,,,0,,0,,,,0,,,,,,0,0,0,0,
25.382407,1785220688.666181087,search_second_car,50,-26,-26,paper_search_second_vehicle,41,41,13,28,2,1,1,0,0,0,0,21,1,0,0,5,1,-68.578125,55.062500,-6.757812,2627.250000,2040.750000,0,,,,,,,,two_tangents_not_visible,,,,,,,0,0,0,0,0,0,,,,,,,0,,0,,,,0,,,,,,0,0,0,0,
25.469432,1785220688.776975870,search_second_car,50,-26,-26,paper_search_second_vehicle,34,34,12,22,2,1,1,0,0,0,0,22,1,0,0,5,1,-68.578125,55.062500,-6.757812,2627.250000,2040.750000,0,,,,,,,,two_tangents_not_visible,,,,,,,0,0,0,0,0,0,,,,,,,0,,0,,,,0,,,,,,0,0,0,0,
25.560838,1785220688.892132044,search_second_car,50,-26,-26,paper_search_second_vehicle,33,33,8,25,2,1,1,0,0,0,0,23,1,0,0,5,1,-68.578125,53.921875,-7.328125,2627.250000,2071.500000,0,,,,,,,,two_tangents_not_visible,,,,,,,0,0,0,0,0,0,,,,,,,0,,0,,,,0,,,,,,0,0,0,0,
25.646545,1785220689.002927065,search_second_car,50,-26,-26,paper_search_second_vehicle,31,31,8,23,2,1,1,0,0,0,0,24,1,0,0,5,1,-68.578125,53.921875,-7.328125,2627.250000,2071.500000,0,,,,,,,,two_tangents_not_visible,,,,,,,0,0,0,0,0,0,,,,,,,0,,0,,,,0,,,,,,0,0,0,0,
25.732591,1785220689.002927065,search_second_car,50,-26,-26,paper_search_second_vehicle,31,31,8,23,2,1,1,0,0,0,0,24,1,0,0,5,1,-68.578125,53.921875,-7.328125,2627.250000,2071.500000,0,,,,,,,,two_tangents_not_visible,,,,,,,0,0,0,0,0,0,,,,,,,0,,0,,,,0,,,,,,0,0,0,0,
25.821648,1785220689.113811016,search_second_car,50,-26,-26,paper_search_second_vehicle,26,26,6,20,2,1,1,0,0,0,0,25,1,0,0,5,1,-69.875000,53.921875,-7.976562,2610.000000,2071.500000,0,,,,,,,,two_tangents_not_visible,,,,,,,0,0,0,0,0,0,,,,,,,0,,0,,,,0,,,,,,0,0,0,0,
25.907590,1785220689.225669861,search_second_car,50,-26,-26,paper_search_second_vehicle,24,24,2,22,1,0,1,0,0,0,0,26,1,0,0,5,0,,,,,,0,,,,,,,,two_tangents_not_visible,,,,,,,0,0,0,0,0,0,,,,,,,0,,0,,,,0,,,,,,0,0,0,0,
25.993927,1785220689.336901188,search_second_car,50,-26,-26,paper_search_second_vehicle,20,20,0,20,1,0,1,0,0,0,0,27,1,0,0,5,0,,,,,,0,,,,,,,,two_tangents_not_visible,,,,,,,0,0,0,0,0,0,,,,,,,0,,0,,,,0,,,,,,0,0,0,0,
26.084853,1785220689.451883078,search_second_car,50,-26,-26,paper_search_second_vehicle,27,27,2,25,2,1,1,0,0,0,0,28,1,0,0,5,1,-72.515625,52.312500,-10.101562,2494.250000,2102.250000,0,,,,,,,,two_tangents_not_visible,,,,,,,0,0,0,0,0,0,,,,,,,0,,0,,,,0,,,,,,0,0,0,0,
26.173137,1785220689.451883078,search_second_car,50,-26,-26,paper_search_second_vehicle,27,27,2,25,2,1,1,0,0,0,0,28,1,0,0,5,1,-72.515625,52.312500,-10.101562,2494.250000,2102.250000,0,,,,,,,,two_tangents_not_visible,,,,,,,0,0,0,0,0,0,,,,,,,0,,0,,,,0,,,,,,0,0,0,0,
26.258609,1785220689.562970877,search_second_car,50,-26,-26,paper_search_second_vehicle,25,25,2,23,2,1,1,0,0,0,0,29,1,0,0,5,1,-72.375000,52.312500,-10.031250,2507.500000,2102.250000,0,,,,,,,,two_tangents_not_visible,,,,,,,0,0,0,0,0,0,,,,,,,0,,0,,,,0,,,,,,0,0,0,0,
26.343517,1785220689.674707890,search_second_car,50,-26,-26,paper_search_second_vehicle,25,25,2,23,2,1,1,0,0,0,0,30,1,0,0,5,1,-72.250000,52.312500,-9.968750,2514.500000,2102.250000,0,,,,,,,,two_tangents_not_visible,,,,,,,0,0,0,0,0,0,,,,,,,0,,0,,,,0,,,,,,0,0,0,0,
26.431680,1785220689.786463976,search_second_car,50,-26,-26,paper_search_second_vehicle,23,23,2,21,1,0,1,0,0,0,0,31,1,0,0,5,0,,,,,,0,,,,,,,,two_tangents_not_visible,,,,,,,0,0,0,0,0,0,,,,,,,0,,0,,,,0,,,,,,0,0,0,0,
26.520311,1785220689.786463976,search_second_car,50,-26,-26,paper_search_second_vehicle,23,23,2,21,1,0,1,0,0,0,0,31,1,0,0,5,0,,,,,,0,,,,,,,,two_tangents_not_visible,,,,,,,0,0,0,0,0,0,,,,,,,0,,0,,,,0,,,,,,0,0,0,0,
26.610446,1785220689.900685072,search_second_car,50,-26,-26,paper_search_second_vehicle,24,24,2,22,1,0,1,0,0,0,0,32,1,0,0,5,0,,,,,,0,,,,,,,,two_tangents_not_visible,,,,,,,0,0,0,0,0,0,,,,,,,0,,0,,,,0,,,,,,0,0,0,0,
26.695701,1785220690.012279987,search_second_car,50,-26,-26,paper_search_second_vehicle,22,22,1,21,1,0,1,0,0,0,0,33,1,0,0,5,0,,,,,,0,,,,,,,,two_tangents_not_visible,,,,,,,0,0,0,0,0,0,,,,,,,0,,0,,,,0,,,,,,0,0,0,0,
26.781698,1785220690.123265028,search_second_car,50,-26,-26,paper_search_second_vehicle,25,25,2,23,2,1,1,0,0,0,0,34,1,0,0,5,1,-70.656250,51.093750,-9.781250,2526.750000,2121.000000,0,,,,,,,,two_tangents_not_visible,,,,,,,0,0,0,0,0,0,,,,,,,0,,0,,,,0,,,,,,0,0,0,0,
26.869833,1785220690.234639168,search_second_car,50,-26,-26,paper_search_second_vehicle,20,20,2,18,2,1,1,0,0,0,0,35,1,0,0,5,1,-70.656250,50.984375,-9.835938,2526.750000,2127.000000,0,,,,,,,,two_tangents_not_visible,,,,,,,0,0,0,0,0,0,,,,,,,0,,0,,,,0,,,,,,0,0,0,0,
26.958848,1785220690.234639168,search_second_car,50,-26,-26,paper_search_second_vehicle,20,20,2,18,2,1,1,0,0,0,0,35,1,0,0,5,1,-70.656250,50.984375,-9.835938,2526.750000,2127.000000,0,,,,,,,,two_tangents_not_visible,,,,,,,0,0,0,0,0,0,,,,,,,0,,0,,,,0,,,,,,0,0,0,0,
27.047907,1785220690.349701881,search_second_car,50,-26,-26,paper_search_second_vehicle,21,21,0,21,1,0,1,0,0,0,0,36,1,0,0,5,0,,,,,,0,,,,,,,,two_tangents_not_visible,,,,,,,0,0,0,0,0,0,,,,,,,0,,0,,,,0,,,,,,0,0,0,0,
27.139943,1785220690.460858107,search_second_car,50,-26,-26,paper_search_second_vehicle,23,23,0,23,1,0,1,0,0,0,0,37,1,0,0,5,0,,,,,,0,,,,,,,,two_tangents_not_visible,,,,,,,0,0,0,0,0,0,,,,,,,0,,0,,,,0,,,,,,0,0,0,0,
27.223844,1785220690.571913958,search_second_car,50,-26,-26,paper_search_second_vehicle,25,25,2,23,1,0,1,0,0,0,0,38,1,0,0,5,0,,,,,,0,,,,,,,,two_tangents_not_visible,,,,,,,0,0,0,0,0,0,,,,,,,0,,0,,,,0,,,,,,0,0,0,0,
27.311748,1785220690.571913958,search_second_car,50,-26,-26,paper_search_second_vehicle,25,25,2,23,1,0,1,0,0,0,0,38,1,0,0,5,0,,,,,,0,,,,,,,,two_tangents_not_visible,,,,,,,0,0,0,0,0,0,,,,,,,0,,0,,,,0,,,,,,0,0,0,0,
27.399239,1785220690.683667898,search_second_car,50,-26,-26,paper_search_second_vehicle,22,22,1,21,1,0,1,0,0,0,0,39,1,0,0,5,0,,,,,,0,,,,,,,,two_tangents_not_visible,,,,,,,0,0,0,0,0,0,,,,,,,0,,0,,,,0,,,,,,0,0,0,0,
27.486740,1785220690.795193195,search_second_car,50,-26,-26,paper_search_second_vehicle,23,23,2,21,1,0,1,0,0,0,0,40,1,0,0,5,0,,,,,,0,,,,,,,,two_tangents_not_visible,,,,,,,0,0,0,0,0,0,,,,,,,0,,0,,,,0,,,,,,0,0,0,0,
27.574963,1785220690.908687830,search_second_car,50,-26,-26,paper_search_second_vehicle,28,28,3,25,2,1,1,0,0,0,0,41,1,0,0,5,1,-68.437500,48.078125,-10.179687,2595.000000,2229.500000,0,,,,,,,,two_tangents_not_visible,,,,,,,0,0,0,0,0,0,,,,,,,0,,0,,,,0,,,,,,0,0,0,0,
27.666936,1785220691.021099091,search_second_car,50,-26,-26,paper_search_second_vehicle,24,24,6,18,2,1,1,0,0,0,0,42,1,0,0,5,1,-68.437500,48.078125,-10.179687,2595.000000,2229.500000,0,,,,,,,,two_tangents_not_visible,,,,,,,0,0,0,0,0,0,,,,,,,0,,0,,,,0,,,,,,0,0,0,0,
27.754512,1785220691.021099091,search_second_car,50,-26,-26,paper_search_second_vehicle,24,24,6,18,2,1,1,0,0,0,0,42,1,0,0,5,1,-68.437500,48.078125,-10.179687,2595.000000,2229.500000,0,,,,,,,,two_tangents_not_visible,,,,,,,0,0,0,0,0,0,,,,,,,0,,0,,,,0,,,,,,0,0,0,0,
27.841564,1785220691.132335186,search_second_car,50,-26,-26,paper_search_second_vehicle,20,20,1,19,2,1,1,0,0,0,0,43,1,0,0,5,1,-68.437500,47.109375,-10.664062,2595.000000,2269.250000,0,,,,,,,,two_tangents_not_visible,,,,,,,0,0,0,0,0,0,,,,,,,0,,0,,,,0,,,,,,0,0,0,0,
27.928220,1785220691.243568182,search_second_car,50,-26,-26,paper_search_second_vehicle,17,17,1,16,1,0,1,0,0,0,0,44,1,0,0,5,0,,,,,,0,,,,,,,,two_tangents_not_visible,,,,,,,0,0,0,0,0,0,,,,,,,0,,0,,,,0,,,,,,0,0,0,0,
28.015422,1785220691.357511997,search_second_car,50,-26,-26,paper_search_second_vehicle,22,22,4,18,1,0,1,0,0,0,0,45,1,0,0,5,0,,,,,,0,,,,,,,,two_tangents_not_visible,,,,,,,0,0,0,0,0,0,,,,,,,0,,0,,,,0,,,,,,0,0,0,0,
28.103245,1785220691.468790054,search_second_car,50,-26,-26,paper_search_second_vehicle,25,25,8,17,2,1,1,0,0,0,0,46,1,0,0,5,1,-70.609375,47.109375,-11.750000,3120.750000,2269.250000,0,,,,,,,,two_tangents_not_visible,,,,,,,0,0,0,0,0,0,,,,,,,0,,0,,,,0,,,,,,0,0,0,0,
28.195267,1785220691.468790054,search_second_car,50,-26,-26,paper_search_second_vehicle,25,25,8,17,2,1,1,0,0,0,0,46,1,0,0,5,1,-70.609375,47.109375,-11.750000,3120.750000,2269.250000,0,,,,,,,,two_tangents_not_visible,,,,,,,0,0,0,0,0,0,,,,,,,0,,0,,,,0,,,,,,0,0,0,0,
28.283141,1785220691.580874920,search_second_car,50,-26,-26,paper_search_second_vehicle,24,24,9,15,2,1,1,0,0,0,0,47,1,0,0,5,1,-70.609375,47.109375,-11.750000,3120.750000,2269.250000,0,,,,,,,,two_tangents_not_visible,,,,,,,0,0,0,0,0,0,,,,,,,0,,0,,,,0,,,,,,0,0,0,0,
28.369129,1785220691.692235947,search_second_car,50,-26,-26,paper_search_second_vehicle,27,27,10,17,3,1,1,0,0,0,0,48,1,0,0,5,1,-58.468750,46.546875,-5.960938,3120.000000,2277.500000,0,,,,,,,,two_tangents_not_visible,,,,,,,0,0,0,0,0,0,,,,,,,0,,0,,,,0,,,,,,0,0,0,0,
28.455919,1785220691.807055950,search_second_car,50,-26,-26,paper_search_second_vehicle,27,27,13,14,1,0,1,0,0,0,0,49,1,0,0,5,0,,,,,,0,,,,,,,,two_tangents_not_visible,,,,,,,0,0,0,0,0,0,,,,,,,0,,0,,,,0,,,,,,0,0,0,0,
28.541698,1785220691.807055950,search_second_car,50,-26,-26,paper_search_second_vehicle,27,27,13,14,1,0,1,0,0,0,0,49,1,0,0,5,0,,,,,,0,,,,,,,,two_tangents_not_visible,,,,,,,0,0,0,0,0,0,,,,,,,0,,0,,,,0,,,,,,0,0,0,0,
28.627429,1785220691.918534994,search_second_car,50,-26,-26,paper_search_second_vehicle,26,26,12,14,3,1,1,0,0,0,0,50,1,0,0,5,1,-58.468750,45.281250,-6.593750,3120.000000,2328.750000,0,,,,,,,,two_tangents_not_visible,,,,,,,0,0,0,0,0,0,,,,,,,0,,0,,,,0,,,,,,0,0,0,0,
28.718440,1785220692.028903961,search_second_car,50,-26,-26,paper_search_second_vehicle,31,31,17,14,7,1,1,0,0,0,0,51,1,0,0,5,1,-53.125000,45.281250,-3.921875,2948.000000,2328.750000,0,,,,,,,,two_tangents_not_visible,,,,,,,0,0,0,0,0,0,,,,,,,0,,0,,,,0,,,,,,0,0,0,0,
28.805875,1785220692.140309095,search_second_car,50,-26,-26,paper_search_second_vehicle,26,26,11,15,7,1,1,0,0,0,0,52,1,0,0,5,1,-53.125000,45.281250,-3.921875,2948.000000,2328.750000,0,,,,,,,,two_tangents_not_visible,,,,,,,0,0,0,0,0,0,,,,,,,0,,0,,,,0,,,,,,0,0,0,0,
28.891513,1785220692.252286911,search_second_car,50,-26,-26,paper_search_second_vehicle,27,27,12,15,5,1,1,0,0,0,0,53,1,0,0,5,1,-59.765625,45.281250,-7.242188,3131.750000,2328.750000,0,,,,,,,,two_tangents_not_visible,,,,,,,0,0,0,0,0,0,,,,,,,0,,0,,,,0,,,,,,0,0,0,0,
28.976317,1785220692.252286911,search_second_car,50,-26,-26,paper_search_second_vehicle,27,27,12,15,5,1,1,0,0,0,0,53,1,0,0,5,1,-59.765625,45.281250,-7.242188,3131.750000,2328.750000,0,,,,,,,,two_tangents_not_visible,,,,,,,0,0,0,0,0,0,,,,,,,0,,0,,,,0,,,,,,0,0,0,0,
29.064408,1785220692.367008924,search_second_car,50,-26,-26,paper_search_second_vehicle,31,31,17,14,6,2,1,0,0,0,0,54,1,0,0,5,1,-39.890625,45.281250,2.695312,3181.000000,2328.750000,0,,,,,,,,two_tangents_not_visible,,,,,,,0,0,0,0,0,0,,,,,,,0,,0,,,,0,,,,,,0,0,0,0,
29.151113,1785220692.477810860,search_second_car,50,-26,-26,paper_search_second_vehicle,38,38,23,15,2,1,1,0,0,0,0,55,1,0,0,5,1,-39.859375,45.437500,2.789062,3160.750000,2348.750000,0,,,,,,,,two_tangents_not_visible,,,,,,,0,0,0,0,0,0,,,,,,,0,,0,,,,0,,,,,,0,0,0,0,
29.242683,1785220692.589240074,search_second_car,50,-26,-26,paper_search_second_vehicle,33,33,18,15,2,1,1,0,0,0,0,56,1,0,0,5,1,-39.859375,45.437500,2.789062,3160.750000,2348.750000,0,,,,,,,,two_tangents_not_visible,,,,,,,0,0,0,0,0,0,,,,,,,0,,0,,,,0,,,,,,0,0,0,0,
29.328396,1785220692.589240074,search_second_car,50,-26,-26,paper_search_second_vehicle,33,33,18,15,2,1,1,0,0,0,0,56,1,0,0,5,1,-39.859375,45.437500,2.789062,3160.750000,2348.750000,0,,,,,,,,two_tangents_not_visible,,,,,,,0,0,0,0,0,0,,,,,,,0,,0,,,,0,,,,,,0,0,0,0,
29.414994,1785220692.701251030,search_second_car,50,-26,-26,paper_search_second_vehicle,35,35,24,11,2,1,1,0,0,0,0,57,1,0,0,5,1,-39.187500,45.437500,3.125000,3193.000000,2348.750000,0,,,,,,,,two_tangents_not_visible,,,,,,,0,0,0,0,0,0,,,,,,,0,,0,,,,0,,,,,,0,0,0,0,
29.502727,1785220692.815353155,search_second_car,50,-26,-26,paper_search_second_vehicle,30,30,15,15,2,1,1,0,0,0,0,58,1,0,0,5,1,-39.187500,42.843750,1.828125,3193.000000,2446.500000,0,,,,,,,,two_tangents_not_visible,,,,,,,0,0,0,0,0,0,,,,,,,0,,0,,,,0,,,,,,0,0,0,0,
29.590886,1785220692.926857948,search_second_car,50,-26,-26,paper_search_second_vehicle,26,26,12,14,2,1,1,0,0,0,0,59,1,0,0,5,1,-39.187500,42.687500,1.750000,3193.000000,2457.000000,0,,,,,,,,two_tangents_not_visible,,,,,,,0,0,0,0,0,0,,,,,,,0,,0,,,,0,,,,,,0,0,0,0,
29.679617,1785220693.038753986,search_second_car,50,-26,-26,paper_search_second_vehicle,32,32,15,17,3,1,1,0,0,0,0,60,1,0,0,5,1,-39.187500,42.562500,1.687500,3193.000000,2460.500000,0,,,,,,,,two_tangents_not_visible,,,,,,,0,0,0,0,0,0,,,,,,,0,,0,,,,0,,,,,,0,0,0,0,
29.729687,1785220693.038753986,search_second_car,50,-26,-26,paper_search_second_vehicle,32,32,15,17,3,1,1,0,0,0,0,60,1,0,0,5,1,-39.187500,42.562500,1.687500,3193.000000,2460.500000,0,,,,,,,,two_tangents_not_visible,,,,,,,0,0,0,0,0,0,,,,,,,0,,0,,,,0,,,,,,0,0,0,0,
29.815885,1785220693.149377108,search_second_car,50,-26,-26,paper_search_second_vehicle,26,26,13,13,2,1,1,0,0,0,0,61,1,0,0,5,1,-39.187500,42.343750,1.578125,3193.000000,2471.750000,0,,,,,,,,two_tangents_not_visible,,,,,,,0,0,0,0,0,0,,,,,,,0,,0,,,,0,,,,,,0,0,0,0,
29.903783,1785220693.260576963,search_second_car,50,-26,-26,paper_search_second_vehicle,23,23,9,14,2,1,1,0,0,0,0,62,1,0,0,5,1,-39.250000,42.187500,1.468750,3194.750000,2462.750000,0,,,,,,,,two_tangents_not_visible,,,,,,,0,0,0,0,0,0,,,,,,,0,,0,,,,0,,,,,,0,0,0,0,
29.993245,1785220693.260576963,search_second_car,50,-26,-26,paper_search_second_vehicle,23,23,9,14,2,1,1,0,0,0,0,62,1,0,0,5,1,-39.250000,42.187500,1.468750,3194.750000,2462.750000,0,,,,,,,,two_tangents_not_visible,,,,,,,0,0,0,0,0,0,,,,,,,0,,0,,,,0,,,,,,0,0,0,0,
30.082916,1785220693.375259876,search_second_car,50,-26,-26,paper_search_second_vehicle,26,26,13,13,2,1,1,0,0,0,0,63,1,0,0,5,1,-41.234375,42.000000,0.382813,3177.000000,2481.250000,0,,,,,,,,two_tangents_not_visible,,,,,,,0,0,0,0,0,0,,,,,,,0,,0,,,,0,,,,,,0,0,0,0,
30.171062,1785220693.486482859,search_second_car,50,-26,-26,paper_search_second_vehicle,29,29,17,12,2,1,1,0,0,0,0,64,1,0,0,5,1,-41.234375,42.000000,0.382813,3177.000000,2481.250000,0,,,,,,,,two_tangents_not_visible,,,,,,,0,0,0,0,0,0,,,,,,,0,,0,,,,0,,,,,,0,0,0,0,
30.262975,1785220693.598547935,search_second_car,50,-26,-26,paper_search_second_vehicle,27,27,11,16,1,0,1,0,0,0,0,65,1,0,0,5,0,,,,,,0,,,,,,,,two_tangents_not_visible,,,,,,,0,0,0,0,0,0,,1798.500000,,,,,0,,0,,,,0,,,,,,0,0,0,0,
30.351826,1785220693.710023880,search_second_car,50,-26,-26,paper_search_second_vehicle,27,27,14,13,2,1,1,0,0,0,0,66,1,0,0,5,1,50.531250,94.671875,72.601562,2594.500000,1798.500000,0,,,,,,,,two_tangents_not_visible,,,,,,,0,0,0,0,0,0,,1797.000000,,,,,0,,0,,,,0,,,,,,0,0,0,0,
30.440346,1785220693.710023880,search_second_car,50,-26,-26,paper_search_second_vehicle,27,27,14,13,2,1,1,0,0,0,0,66,1,0,0,5,1,50.531250,94.671875,72.601562,2594.500000,1798.500000,0,,,,,,,,two_tangents_not_visible,,,,,,,0,0,0,0,0,0,,1797.000000,,,,,0,,0,,,,0,,,,,,0,0,0,0,
30.529849,1785220693.823629141,search_second_car,50,-26,-26,paper_search_second_vehicle,29,29,16,13,3,2,1,0,1,3,1,0,1,0,0,5,1,50.406250,90.156250,70.281250,2637.250000,1797.250000,0,,,,,,,,two_tangents_not_visible,,,,,,,0,0,0,0,0,0,,1788.000000,,,,,0,,0,,,,0,,,,,,0,0,0,0,
30.617620,1785220693.936137915,search_second_car,50,-26,-26,paper_search_second_vehicle,27,27,17,10,4,2,1,0,0,0,0,1,1,0,0,5,1,50.406250,90.156250,70.281250,2637.250000,1797.250000,0,,,,,,,,two_tangents_not_visible,,,,,,,0,0,0,0,0,0,,1765.000000,,,,,0,,0,,,,0,,,,,,0,0,0,0,
30.704988,1785220694.046390057,search_second_car,50,-26,-26,paper_search_second_vehicle,28,28,15,13,4,2,1,0,0,0,0,2,1,0,0,5,1,49.390625,90.156250,69.773438,2651.250000,1797.250000,0,,,,,,,,two_tangents_not_visible,,,,,,,0,0,0,0,0,0,,1749.000000,,,,,0,,0,,,,0,,,,,,0,0,0,0,
30.799266,1785220694.158060074,search_second_car,50,-26,-26,paper_search_second_vehicle,29,29,15,14,4,2,1,0,1,4,1,0,1,0,0,5,1,49.390625,88.078125,68.734375,2651.250000,1783.750000,0,,,,,,,,two_tangents_not_visible,,,,,,,0,0,0,0,0,0,,1755.250000,,,,,0,,0,,,6.624422,4,205.315661,137.061806,6.624422,,,0,0,0,0,
30.888110,1785220694.158060074,search_second_car,50,-26,-26,paper_search_second_vehicle,29,29,15,14,4,2,1,0,1,4,1,0,1,0,0,5,1,49.390625,88.078125,68.734375,2651.250000,1783.750000,0,,,,,,,,two_tangents_not_visible,,,,,,,0,0,0,0,0,0,,1755.250000,,,,,0,,0,,,6.624422,4,205.315661,137.061806,6.624422,,,0,0,0,0,
30.975881,1785220694.269837141,prealign_left,50,-150,-26,figure7_t_entry_left entryCenter=+64.7 target<=20.0 confirm=0/3,36,36,20,16,4,2,2,1,1,4,2,0,2,0,0,5,1,49.390625,88.000000,68.695312,2651.250000,1771.000000,1,49.390625,88.000000,68.695312,2651.250000,1771.000000,1681.511372,64.706837,median_filtered_pair,,,,,,,0,0,0,0,0,0,,1765.750000,,,,,0,,0,,,0.643644,4,203.447566,1195.824632,0.643644,,,0,0,0,0,
31.064895,1785220694.384003162,prealign_left,50,-150,-26,figure7_t_entry_left entryCenter=+64.7 target<=20.0 confirm=0/3,32,32,17,15,3,2,2,1,1,3,3,0,2,0,0,5,1,-36.750000,40.515625,1.882812,3184.000000,2555.000000,1,49.390625,88.000000,68.695312,2651.250000,1771.000000,1681.511372,64.706837,rejected_outlier_held_pair,,,,,,,0,0,0,1,0,0,,1748.000000,,,,,0,,0,,,,0,,,,,,0,0,0,0,
31.152591,1785220694.495699883,prealign_left,50,-150,-26,figure7_t_entry_left entryCenter=+65.1 target<=20.0 confirm=0/3,35,35,22,13,2,1,2,1,1,3,4,0,2,0,0,5,1,52.062500,87.953125,70.007812,2906.000000,1770.750000,1,50.726562,87.976562,69.351562,2778.625000,1770.875000,1738.719113,65.082166,median_filtered_pair,,,,,,,0,0,0,0,0,0,,1736.500000,,,,,0,,0,,,,0,,,,,,0,0,0,0,
31.242288,1785220694.606605053,prealign_left,50,-150,-26,figure7_t_entry_left entryCenter=+65.5 target<=20.0 confirm=0/3,33,33,16,17,2,1,2,1,1,5,5,0,2,0,0,5,1,52.062500,85.953125,69.007812,2906.000000,1766.750000,1,52.062500,87.953125,69.007812,2906.000000,1770.750000,1800.772198,65.512692,median_filtered_pair,,,,,,,0,0,0,0,0,0,,1731.000000,,,,,0,,0,,,9.849623,5,205.181595,117.434575,9.849623,,,0,0,0,0,
31.335740,1785220694.606605053,prealign_left,50,-150,-26,figure7_t_entry_left entryCenter=+65.5 target<=20.0 confirm=0/3,33,33,16,17,2,1,2,1,1,5,5,0,2,0,0,5,1,52.062500,85.953125,69.007812,2906.000000,1766.750000,1,52.062500,87.953125,69.007812,2906.000000,1770.750000,1800.772198,65.512692,median_filtered_pair,,,,,,,0,0,0,0,0,0,,1731.000000,,,,,0,,0,,,9.849623,5,205.181595,117.434575,9.849623,,,0,0,0,0,
31.423456,1785220694.718837023,prealign_left,50,-150,-26,figure7_t_entry_left entryCenter=+64.8 target<=20.0 confirm=0/3,23,23,9,14,2,1,2,1,1,5,6,0,2,0,0,5,1,52.062500,85.937500,69.000000,2906.000000,1769.500000,1,52.062500,85.953125,69.007812,2906.000000,1769.500000,1743.245319,64.772103,median_filtered_pair,,,,,,,0,0,0,0,0,0,,1720.500000,,,,,0,,0,,,1.914388,5,200.319675,17.965453,1.914388,,,0,0,0,0,
31.511239,1785220694.829997063,prealign_left,50,-150,-26,figure7_t_entry_left entryCenter=+64.8 target<=20.0 confirm=0/3,28,28,16,12,2,1,2,1,1,5,7,0,2,0,0,5,1,52.062500,84.390625,68.226562,2906.000000,1748.250000,1,52.062500,85.937500,69.000000,2906.000000,1766.750000,1743.813628,64.753659,median_filtered_pair,,,,,,,0,0,0,0,0,0,,1717.250000,,,,,0,,0,,,5.137882,5,200.107240,116.554064,5.137882,,,0,0,0,0,
31.598724,1785220694.943851948,prealign_left,50,-150,-26,figure7_t_entry_left entryCenter=+64.2 target<=20.0 confirm=0/3,31,31,15,16,3,1,2,1,1,6,8,0,2,0,0,5,1,47.109375,82.593750,64.851562,2701.250000,1764.750000,1,52.062500,84.390625,68.226562,2906.000000,1764.750000,1700.661658,64.175576,median_filtered_pair,,,,,,,0,0,0,0,0,0,,1689.250000,,,,,0,,0,,,6.646564,6,253.527161,19.248249,6.646564,,,0,0,0,0,
31.687434,1785220695.055769205,prealign_left,50,-150,-26,figure7_t_entry_left entryCenter=+60.9 target<=20.0 confirm=0/3,29,29,13,16,3,1,2,1,1,5,9,0,2,0,0,5,1,46.843750,82.421875,64.632812,2722.000000,1735.500000,1,47.109375,82.593750,64.851562,2722.000000,1748.250000,1647.978361,60.864788,median_filtered_pair,,,,,,,0,0,0,0,0,0,,1708.250000,,,,,0,,0,,,2.013443,5,199.400331,140.112451,2.013443,,,0,0,0,0,
31.775421,1785220695.055769205,prealign_left,50,-150,-26,figure7_t_entry_left entryCenter=+60.9 target<=20.0 confirm=0/3,29,29,13,16,3,1,2,1,1,5,9,0,2,0,0,5,1,46.843750,82.421875,64.632812,2722.000000,1735.500000,1,47.109375,82.593750,64.851562,2722.000000,1748.250000,1647.978361,60.864788,median_filtered_pair,,,,,,,0,0,0,0,0,0,,1708.250000,,,,,0,,0,,,2.013443,5,199.400331,140.112451,2.013443,,,0,0,0,0,
31.864895,1785220695.167305946,prealign_left,50,-150,-26,figure7_t_entry_left entryCenter=+60.7 target<=20.0 confirm=0/3,25,25,12,13,3,1,2,1,1,5,10,0,2,0,0,5,1,46.796875,80.640625,63.718750,2762.250000,1757.000000,1,46.843750,82.421875,64.632812,2722.000000,1757.000000,1648.275200,60.678360,median_filtered_pair,,,,,,,0,0,0,0,0,0,,1678.750000,,,,,0,,0,,,12.093664,5,204.794040,21.438388,12.093664,,,0,0,0,0,
31.952288,1785220695.278042078,prealign_left,50,-150,-26,figure7_t_entry_left entryCenter=+59.9 target<=20.0 confirm=0/3,20,20,9,11,3,1,2,1,1,7,11,0,2,0,0,5,1,45.265625,80.640625,62.953125,2743.250000,1757.000000,1,46.796875,80.640625,63.718750,2743.250000,1757.000000,1614.329202,59.904164,median_filtered_pair,,,,,,,0,0,0,0,0,0,,1676.000000,,,,,0,,0,,,-14.710338,7,305.628215,24.996019,-14.710338,,,0,0,0,0,
32.040455,1785220695.393465042,prealign_left,50,-150,-26,figure7_t_entry_left entryCenter=+58.9 target<=20.0 confirm=0/3,19,19,8,11,3,1,2,1,1,6,12,0,2,0,0,5,1,45.140625,79.125000,62.132812,2762.000000,1726.000000,1,45.265625,80.640625,62.953125,2762.000000,1757.000000,1673.881954,58.896407,median_filtered_pair,,,,,,,0,0,0,0,0,0,,1676.000000,,,,,0,,0,,,-0.714313,6,246.742955,36.776911,-0.714313,,,0,0,0,0,
32.125145,1785220695.393465042,prealign_left,50,-150,-26,figure7_t_entry_left entryCenter=+58.9 target<=20.0 confirm=0/3,19,19,8,11,3,1,2,1,1,6,12,0,2,0,0,5,1,45.140625,79.125000,62.132812,2762.000000,1726.000000,1,45.265625,80.640625,62.953125,2762.000000,1757.000000,1673.881954,58.896407,median_filtered_pair,,,,,,,0,0,0,0,0,0,,1676.000000,,,,,0,,0,,,-0.714313,6,246.742955,36.776911,-0.714313,,,0,0,0,0,
32.209986,1785220695.504808903,prealign_left,50,-150,-26,figure7_t_entry_left entryCenter=+58.2 target<=20.0 confirm=0/3,25,25,14,11,3,1,2,1,1,6,13,0,2,0,0,5,1,44.906250,77.703125,61.304688,2802.250000,1749.500000,1,45.140625,79.125000,62.132812,2762.000000,1749.500000,1635.819176,58.209577,median_filtered_pair,,,,,,,0,0,0,0,0,0,,1665.750000,,,,,0,,0,,,4.187133,6,250.236268,18.365589,4.187133,,,0,0,0,0,
32.293707,1785220695.615673065,prealign_left,50,-150,-26,figure7_t_entry_left entryCenter=+57.4 target<=20.0 confirm=0/3,18,18,7,11,4,2,2,1,1,7,14,0,2,0,0,5,1,43.468750,77.703125,60.585938,2870.000000,1749.500000,1,44.906250,77.703125,61.304688,2802.250000,1749.500000,1634.395585,57.410917,median_filtered_pair,,,,,,,0,0,0,0,0,0,,1665.500000,,,,,0,,0,,,-15.210566,7,299.423022,26.934770,-15.210566,,,0,0,0,0,
32.385682,1785220695.727343082,prealign_left,50,-150,-26,figure7_t_entry_left entryCenter=+57.2 target<=20.0 confirm=0/3,32,32,17,15,5,2,2,1,1,7,15,0,2,0,0,5,1,48.296875,76.484375,62.390625,3177.000000,1704.000000,1,44.906250,77.703125,61.304688,2870.000000,1749.500000,1690.051613,57.221741,median_filtered_pair,,,,,,,0,0,0,0,0,0,,1662.000000,,,,,0,,0,,,-13.445110,7,295.764543,25.721140,-13.445110,,,0,0,0,0,
32.472284,1785220695.838068008,prealign_left,50,-150,-26,figure7_t_entry_left entryCenter=+58.1 target<=20.0 confirm=0/3,22,22,10,12,2,1,2,1,1,4,16,0,2,0,0,5,1,48.296875,76.484375,62.390625,3177.000000,1704.000000,1,48.296875,76.484375,62.390625,3177.000000,1704.000000,1858.431102,58.057745,median_filtered_pair,,,,,,,0,0,0,0,0,0,,1659.750000,,,,,0,,0,,,0.034986,4,146.266976,78.528668,0.034986,,,0,0,0,0,
32.559414,1785220695.838068008,prealign_left,50,-150,-26,figure7_t_entry_left entryCenter=+58.1 target<=20.0 confirm=0/3,22,22,10,12,2,1,2,1,1,4,16,0,2,0,0,5,1,48.296875,76.484375,62.390625,3177.000000,1704.000000,1,48.296875,76.484375,62.390625,3177.000000,1704.000000,1858.431102,58.057745,median_filtered_pair,,,,,,,0,0,0,0,0,0,,1659.750000,,,,,0,,0,,,0.034986,4,146.266976,78.528668,0.034986,,,0,0,0,0,
32.649194,1785220695.953178883,prealign_left,50,-150,-26,figure7_t_entry_left entryCenter=+58.1 target<=20.0 confirm=0/3,33,33,22,11,3,1,2,1,1,7,17,0,2,0,0,5,1,43.984375,74.906250,59.445313,2991.250000,1693.250000,1,48.296875,76.484375,62.390625,3177.000000,1704.000000,1858.431102,58.057745,median_filtered_pair,,,,,,,0,0,0,0,0,0,,1657.500000,,,,,0,,0,,,-17.782952,7,296.593187,29.850850,-17.782952,,,0,0,0,0,
32.736107,1785220696.064523935,prealign_left,50,-150,-26,figure7_t_entry_left entryCenter=+55.1 target<=20.0 confirm=0/3,27,27,16,11,4,1,2,1,1,5,18,0,2,0,0,5,1,43.984375,74.640625,59.312500,2991.250000,1682.250000,1,43.984375,74.906250,59.445313,2991.250000,1693.250000,1767.646610,55.062800,median_filtered_pair,,,,,,,0,0,0,0,0,0,,1649.750000,,,,,0,,0,,,-28.252466,5,307.895079,19.626515,-28.252466,,,0,0,0,0,
32.822265,1785220696.175315857,prealign_left,50,-150,-26,figure7_t_entry_left entryCenter=+54.9 target<=20.0 confirm=0/3,30,30,18,12,5,2,2,1,1,7,19,0,2,0,0,5,1,43.984375,73.109375,58.546875,2991.250000,1688.250000,1,43.984375,74.640625,59.312500,2991.250000,1688.250000,1763.337742,54.948042,median_filtered_pair,,,,,,,0,0,0,0,0,0,,1653.000000,,,,,0,,0,,,-19.644453,7,294.767412,29.240466,-19.644453,,,0,0,0,0,
32.916836,1785220696.175315857,prealign_left,50,-150,-26,figure7_t_entry_left entryCenter=+54.9 target<=20.0 confirm=0/3,30,30,18,12,5,2,2,1,1,7,19,0,2,0,0,5,1,43.984375,73.109375,58.546875,2991.250000,1688.250000,1,43.984375,74.640625,59.312500,2991.250000,1688.250000,1763.337742,54.948042,median_filtered_pair,,,,,,,0,0,0,0,0,0,,1653.000000,,,,,0,,0,,,-19.644453,7,294.767412,29.240466,-19.644453,,,0,0,0,0,
33.006521,1785220696.288858175,prealign_left,50,-150,-26,figure7_t_entry_left entryCenter=+54.4 target<=20.0 confirm=0/3,28,28,19,9,4,2,2,1,1,4,20,0,2,0,0,5,1,40.843750,72.953125,56.898438,2863.500000,1675.500000,1,43.984375,73.109375,58.546875,2991.250000,1682.250000,1727.999268,54.385241,median_filtered_pair,,,,,,,0,0,0,0,0,0,,1656.750000,,,,,0,,0,,,-7.582115,4,145.570350,364.361701,-7.582115,,,0,0,0,0,
33.095844,1785220696.401967049,prealign_left,50,-150,-26,figure7_t_entry_left entryCenter=+53.3 target<=20.0 confirm=0/3,33,33,22,11,6,2,2,1,1,7,21,0,2,0,0,5,1,42.390625,71.265625,56.828125,3001.250000,1698.000000,1,42.390625,72.953125,56.898438,2991.250000,1688.250000,1760.950096,53.321366,median_filtered_pair,,,,,,,0,0,0,0,0,0,,1657.500000,,,,,0,,0,,,-21.466907,7,296.810300,26.165659,-21.466907,,,0,0,0,0,
33.183809,1785220696.512752056,prealign_left,50,-150,-26,figure7_t_entry_left entryCenter=+52.6 target<=20.0 confirm=0/3,35,35,24,11,10,2,2,1,1,6,22,0,2,0,0,5,1,42.171875,69.890625,56.031250,3043.000000,1709.250000,1,42.171875,71.265625,56.828125,3001.250000,1698.000000,1727.560226,52.602560,median_filtered_pair,,,,,,,0,0,0,0,0,0,,1661.750000,,,,,0,,0,,,-18.498963,7,293.465323,26.413450,-18.498963,,,0,0,0,0,
33.271849,1785220696.624796867,prealign_left,50,-150,-26,figure7_t_entry_left entryCenter=+52.1 target<=20.0 confirm=0/3,35,35,25,10,2,1,2,1,1,6,23,0,2,0,0,5,1,40.687500,68.703125,54.695312,3006.750000,1728.750000,1,42.171875,69.890625,56.031250,3006.750000,1709.250000,1692.058068,52.147963,median_filtered_pair,,,,,,,0,0,0,0,0,0,,1666.750000,,,,,0,,0,,,-18.225893,7,296.595961,15.457001,-18.225893,,,0,0,0,0,
33.361107,1785220696.624796867,prealign_left,50,-150,-26,figure7_t_entry_left entryCenter=+52.1 target<=20.0 confirm=0/3,35,35,25,10,2,1,2,1,1,6,23,0,2,0,0,5,1,40.687500,68.703125,54.695312,3006.750000,1728.750000,1,42.171875,69.890625,56.031250,3006.750000,1709.250000,1692.058068,52.147963,median_filtered_pair,,,,,,,0,0,0,0,0,0,,1666.750000,,,,,0,,0,,,-18.225893,7,296.595961,15.457001,-18.225893,,,0,0,0,0,
33.455959,1785220696.736517191,prealign_left,50,-150,-26,figure7_t_entry_left entryCenter=+50.8 target<=20.0 confirm=0/3,33,33,25,8,4,2,2,1,1,5,24,0,2,0,0,5,1,38.953125,68.703125,53.828125,3054.250000,1728.750000,1,40.687500,68.703125,54.695312,3043.000000,1728.750000,1720.502539,50.764665,median_filtered_pair,,,,,,,0,0,0,0,0,0,,1660.000000,,,,,0,,0,,,-29.196926,6,304.887737,17.854939,-29.196926,,,0,0,0,0,
33.545865,1785220696.847420931,prealign_left,50,-150,-26,figure7_t_entry_left entryCenter=+49.6 target<=20.0 confirm=0/3,32,32,23,9,3,2,2,1,1,4,25,0,2,0,0,5,1,38.953125,67.140625,53.046875,3054.250000,1701.750000,1,38.953125,68.703125,53.828125,3054.250000,1728.750000,1774.480181,49.618266,median_filtered_pair,,,,,,,0,0,0,0,0,0,,1662.500000,,,,,0,,0,,,-22.227047,6,296.732475,25.728183,-22.227047,,,0,0,0,0,
33.636283,1785220696.961549997,prealign_left,50,-150,-26,figure7_t_entry_left entryCenter=+49.0 target<=20.0 confirm=0/3,31,31,21,10,3,2,2,1,1,4,26,0,2,0,0,5,1,38.953125,66.859375,52.906250,3054.250000,1702.250000,1,38.953125,67.140625,53.046875,3054.250000,1702.250000,1749.589085,48.964948,median_filtered_pair,,,,,,,0,0,0,0,0,0,,1663.250000,,,,,0,,0,,,-30.036298,6,302.955388,17.785110,-30.036298,,,0,0,0,0,
33.725019,1785220697.073076963,prealign_left,50,-150,-26,figure7_t_entry_left entryCenter=+48.9 target<=20.0 confirm=0/3,38,38,27,11,5,2,2,1,1,3,27,0,2,0,0,5,1,34.765625,65.015625,49.890625,2980.500000,1720.000000,1,38.953125,66.859375,52.906250,3054.250000,1702.250000,1742.716946,48.866575,median_filtered_pair,,,,,,,0,0,0,0,0,0,,1665.250000,,,,,0,,0,,,-20.378509,7,293.677655,23.276740,-20.378509,,,0,0,0,0,
33.814059,1785220697.073076963,prealign_left,50,-150,-26,figure7_t_entry_left entryCenter=+48.9 target<=20.0 confirm=0/3,38,38,27,11,5,2,2,1,1,3,27,0,2,0,0,5,1,34.765625,65.015625,49.890625,2980.500000,1720.000000,1,38.953125,66.859375,52.906250,3054.250000,1702.250000,1742.716946,48.866575,median_filtered_pair,,,,,,,0,0,0,0,0,0,,1665.250000,,,,,0,,0,,,-20.378509,7,293.677655,23.276740,-20.378509,,,0,0,0,0,
33.903772,1785220697.186280012,prealign_left,50,-150,-26,figure7_t_entry_left entryCenter=+45.7 target<=20.0 confirm=0/3,38,38,27,11,4,2,2,1,1,3,28,0,2,0,0,5,1,34.765625,65.015625,49.890625,2980.500000,1720.000000,1,34.765625,65.015625,49.890625,2980.500000,1720.000000,1727.699025,45.744993,median_filtered_pair,,,,,,,0,0,0,0,0,0,,1682.500000,,,,,0,,0,,,-34.737036,6,252.364439,45.918991,-34.737036,,,0,0,0,0,
33.998992,1785220697.295521021,prealign_left,50,-150,-26,figure7_t_entry_left entryCenter=+45.7 target<=20.0 confirm=0/3,42,42,31,11,4,2,2,1,0,0,0,1,2,0,0,5,1,34.375000,64.281250,49.328125,2991.250000,1706.750000,1,34.765625,65.015625,49.890625,2980.500000,1720.000000,1727.699025,45.744993,median_filtered_pair,,,,,,,0,0,0,0,0,0,,1695.250000,,,,,0,,0,,,-26.566724,6,247.244106,29.027564,-26.566724,,,0,0,0,0,
34.089379,1785220697.407722950,prealign_left,50,-150,-26,figure7_t_entry_left entryCenter=+45.2 target<=20.0 confirm=0/3,39,39,27,12,2,1,2,1,0,0,0,2,2,0,0,5,1,34.375000,62.343750,48.359375,2991.250000,1723.000000,1,34.375000,64.281250,49.328125,2991.250000,1720.000000,1728.078496,45.206234,median_filtered_pair,,,,,,,0,0,0,0,0,0,,1699.250000,,,,,0,,0,,,-24.576528,7,298.446466,28.116354,-24.576528,,,0,0,0,0,
34.179437,1785220697.521523952,prealign_left,50,-150,-26,figure7_t_entry_left entryCenter=+44.5 target<=20.0 confirm=0/3,32,32,23,9,3,2,2,0,0,0,0,3,2,0,0,5,1,33.234375,62.343750,47.789063,3177.000000,1723.000000,1,34.375000,62.343750,48.359375,2991.250000,1723.000000,1677.014723,44.526430,median_filtered_pair,,,,,,,0,0,0,0,0,0,,1715.250000,,,,,0,,0,,,-26.020654,6,245.775226,37.185753,-26.020654,,,0,0,0,0,
34.269680,1785220697.633464098,prealign_left,50,-150,-26,figure7_t_entry_left entryCenter=+44.2 target<=20.0 confirm=0/3,37,37,27,10,3,2,2,0,0,0,0,4,2,0,0,5,1,35.437500,60.812500,48.125000,3153.500000,1724.250000,1,34.375000,62.343750,48.125000,3153.500000,1723.000000,1820.866019,44.181093,median_filtered_pair,,,,,,,0,0,0,0,0,0,,1742.750000,,,,,0,,0,,,-28.533581,7,295.679353,23.932324,-28.533581,,,0,0,0,0,
34.359937,1785220697.633464098,prealign_left,50,-150,-26,figure7_t_entry_left entryCenter=+44.2 target<=20.0 confirm=0/3,37,37,27,10,3,2,2,0,0,0,0,4,2,0,0,5,1,35.437500,60.812500,48.125000,3153.500000,1724.250000,1,34.375000,62.343750,48.125000,3153.500000,1723.000000,1820.866019,44.181093,median_filtered_pair,,,,,,,0,0,0,0,0,0,,1742.750000,,,,,0,,0,,,-28.533581,7,295.679353,23.932324,-28.533581,,,0,0,0,0,
34.450441,1785220697.744630098,prealign_left,50,-150,-26,figure7_t_entry_left entryCenter=+44.1 target<=20.0 confirm=0/3,36,36,25,11,4,2,2,0,0,0,0,5,2,0,0,5,1,35.062500,60.812500,47.937500,3173.500000,1724.250000,1,35.062500,60.812500,47.937500,3173.500000,1724.250000,1785.235457,44.068219,median_filtered_pair,,,,,,,0,0,0,0,0,0,,,,,,,0,,0,,,-30.736469,6,245.912761,57.672956,-30.736469,,,0,0,0,0,
34.544634,1785220697.856564045,prealign_left,50,-150,-26,figure7_t_entry_left entryCenter=+44.1 target<=20.0 confirm=0/3,33,33,22,11,3,2,2,0,0,0,0,6,2,0,0,5,1,31.484375,59.343750,45.414062,3024.000000,1714.000000,1,35.062500,60.812500,47.937500,3153.500000,1724.250000,1767.101240,44.105857,median_filtered_pair,,,,,,,0,0,0,0,0,0,,,,,,,0,,0,,,-32.626205,7,297.703559,27.379403,-32.626205,,,0,0,0,0,
34.632505,1785220697.967595100,prealign_left,50,-150,-26,figure7_t_entry_left entryCenter=+42.3 target<=20.0 confirm=0/3,32,32,20,12,3,2,2,0,0,0,0,7,2,0,0,5,1,33.234375,59.125000,46.179688,3177.000000,1695.500000,1,33.234375,59.343750,46.179688,3173.500000,1714.000000,1800.071335,42.328116,median_filtered_pair,,,,,,,0,0,0,0,0,0,,,,,,,0,,0,,,-35.171683,6,250.062507,32.951807,-35.171683,,,0,0,0,0,
34.722386,1785220698.082050085,prealign_left,50,-150,-26,figure7_t_entry_left entryCenter=+41.2 target<=20.0 confirm=0/3,29,29,19,10,6,3,2,0,0,0,0,8,2,0,0,5,1,31.640625,57.234375,44.437500,3188.250000,1721.500000,1,31.640625,59.125000,45.414062,3177.000000,1714.000000,1835.629433,41.199011,median_filtered_pair,,,,,,,0,0,0,0,0,0,,,,,,,0,,0,,,-24.321145,6,245.191939,46.443513,-24.321145,,,0,0,0,0,
34.812032,1785220698.082050085,prealign_left,50,-150,-26,figure7_t_entry_left entryCenter=+41.2 target<=20.0 confirm=0/3,29,29,19,10,6,3,2,0,0,0,0,8,2,0,0,5,1,31.640625,57.234375,44.437500,3188.250000,1721.500000,1,31.640625,59.125000,45.414062,3177.000000,1714.000000,1835.629433,41.199011,median_filtered_pair,,,,,,,0,0,0,0,0,0,,,,,,,0,,0,,,-24.321145,6,245.191939,46.443513,-24.321145,,,0,0,0,0,
34.900314,1785220698.192641973,prealign_left,50,-150,-26,figure7_t_entry_left entryCenter=+40.5 target<=20.0 confirm=0/3,30,30,21,9,10,2,2,0,0,0,0,9,2,0,0,5,1,31.640625,56.781250,44.210938,3188.250000,1717.000000,1,31.640625,57.234375,44.437500,3188.250000,1717.000000,1799.678391,40.540186,median_filtered_pair,,,,,,,0,0,0,0,0,0,,,,,,,0,,0,,,-19.815876,5,196.714930,70.359351,-19.815876,,,0,0,0,0,
34.986314,1785220698.305216074,prealign_left,50,-150,-26,figure7_t_entry_left entryCenter=+40.4 target<=20.0 confirm=0/3,22,22,13,9,14,2,2,0,0,0,0,10,2,0,0,5,1,29.875000,55.078125,42.476562,3188.250000,1746.000000,1,31.640625,56.781250,44.210938,3188.250000,1721.500000,1786.405516,40.399849,median_filtered_pair,,,,,,,0,0,0,0,0,0,,,,,,,0,,0,,,-19.141619,6,248.405085,50.104567,-19.141619,,,0,0,0,0,
35.076914,1785220698.415740013,prealign_left,50,-150,-26,figure7_t_entry_left entryCenter=+38.7 target<=20.0 confirm=0/3,24,24,18,6,6,2,2,0,0,0,0,11,2,0,0,5,1,29.875000,54.984375,42.429688,3188.250000,1740.500000,1,29.875000,55.078125,42.476562,3188.250000,1740.500000,1775.526842,38.719565,median_filtered_pair,,,,,,,0,0,0,0,0,0,,,,,,,0,,0,,,-17.316587,4,202.484736,93.092127,-17.316587,,,0,0,0,0,
35.163896,1785220698.530893087,prealign_left,50,-150,-26,figure7_t_entry_left entryCenter=+38.7 target<=20.0 confirm=0/3,28,28,19,9,2,1,2,0,0,0,0,12,2,0,0,5,1,27.546875,53.375000,40.460938,3160.750000,1751.000000,1,29.875000,54.984375,42.429688,3188.250000,1746.000000,1769.800939,38.705404,median_filtered_pair,,,,,,,0,0,0,0,0,0,,,,,,,0,,0,,,-16.406048,4,204.572109,106.625941,-16.406048,,,0,0,0,0,
35.252762,1785220698.530893087,prealign_left,50,-150,-26,figure7_t_entry_left entryCenter=+38.7 target<=20.0 confirm=0/3,28,28,19,9,2,1,2,0,0,0,0,12,2,0,0,5,1,27.546875,53.375000,40.460938,3160.750000,1751.000000,1,29.875000,54.984375,42.429688,3188.250000,1746.000000,1769.800939,38.705404,median_filtered_pair,,,,,,,0,0,0,0,0,0,,,,,,,0,,0,,,-16.406048,4,204.572109,106.625941,-16.406048,,,0,0,0,0,
35.340936,1785220698.642205000,prealign_left,50,-150,-26,figure7_t_entry_left entryCenter=+36.7 target<=20.0 confirm=0/3,26,26,16,10,2,1,2,0,0,0,0,13,2,0,0,5,1,27.546875,53.375000,40.460938,3160.750000,1751.000000,1,27.546875,53.375000,40.460938,3160.750000,1751.000000,1758.728876,36.695758,median_filtered_pair,,,,,,,0,0,0,0,0,0,,,,,,,0,,0,,,-32.428901,5,198.475639,26.140320,-32.428901,,,0,0,0,0,
35.430288,1785220698.752981901,prealign_left,50,-150,-26,figure7_t_entry_left entryCenter=+36.7 target<=20.0 confirm=0/3,23,23,15,8,2,1,2,0,0,0,0,14,2,0,0,5,1,25.828125,51.625000,38.726562,3120.750000,1773.250000,1,27.546875,53.375000,40.460938,3160.750000,1751.000000,1758.728876,36.695758,median_filtered_pair,,,,,,,0,0,0,0,0,0,,,,,,,0,,0,,,-15.936192,4,209.325923,61.152110,-15.936192,,,0,0,0,0,
35.516803,1785220698.864602804,prealign_left,50,-150,-26,figure7_t_entry_left entryCenter=+35.0 target<=20.0 confirm=0/3,27,27,19,8,2,1,2,0,0,0,0,15,2,0,0,5,1,25.796875,51.625000,38.710938,3199.750000,1773.250000,1,25.828125,51.625000,38.726562,3160.750000,1773.250000,1744.212389,35.041913,median_filtered_pair,,,,,,,0,0,0,0,0,0,,,,,,,0,,0,,,-18.393461,4,155.342377,334.532420,-18.393461,,,0,0,0,0,
35.610914,1785220698.975814819,prealign_left,50,-150,-26,figure7_t_entry_left entryCenter=+35.0 target<=20.0 confirm=0/3,26,26,17,9,2,1,2,0,0,0,0,16,2,0,0,5,1,24.109375,51.625000,37.867188,3152.750000,1773.250000,1,25.796875,51.625000,38.710938,3152.750000,1773.250000,1737.805741,35.036954,median_filtered_pair,,,,,,,0,0,0,0,0,0,,,,,,,0,,0,,,-43.853240,5,258.976142,24.673932,-43.853240,,,0,0,0,0,
35.697397,1785220698.975814819,prealign_left,50,-150,-26,figure7_t_entry_left entryCenter=+35.0 target<=20.0 confirm=0/3,26,26,17,9,2,1,2,0,0,0,0,16,2,0,0,5,1,24.109375,51.625000,37.867188,3152.750000,1773.250000,1,25.796875,51.625000,38.710938,3152.750000,1773.250000,1737.805741,35.036954,median_filtered_pair,,,,,,,0,0,0,0,0,0,,,,,,,0,,0,,,-43.853240,5,258.976142,24.673932,-43.853240,,,0,0,0,0,
35.783975,1785220699.091011047,prealign_left,50,-150,-26,figure7_t_entry_left entryCenter=+33.9 target<=20.0 confirm=0/3,25,25,17,8,3,2,2,0,0,0,0,17,2,0,0,5,1,24.109375,49.968750,37.039062,3152.750000,1770.750000,1,24.109375,51.625000,37.867188,3152.750000,1773.250000,1779.827578,33.944729,median_filtered_pair,,,,,,,0,0,0,0,0,0,,,,,,,0,,0,,,-22.338799,4,156.470512,309.552144,-22.338799,,,0,0,0,0,
35.872360,1785220699.201521873,prealign_left,50,-150,-26,figure7_t_entry_left entryCenter=+33.4 target<=20.0 confirm=0/3,26,26,19,7,7,2,2,0,0,0,0,18,2,0,0,5,1,22.406250,48.093750,35.250000,3163.500000,1799.250000,1,24.109375,49.968750,37.039062,3152.750000,1773.250000,1738.570448,33.360492,median_filtered_pair,,,,,,,0,0,0,0,0,0,,,,,,,0,,0,,,-28.524538,5,258.327103,80.002048,-28.524538,,,0,0,0,0,
35.961738,1785220699.313379049,prealign_left,50,-150,-26,figure7_t_entry_left entryCenter=+31.7 target<=20.0 confirm=0/3,23,23,16,7,7,2,2,0,0,0,0,19,2,0,0,5,1,22.406250,48.093750,35.250000,3163.500000,1799.250000,1,22.406250,48.093750,35.250000,3163.500000,1799.250000,1728.070052,31.663617,median_filtered_pair,,,,,,,0,0,0,0,0,0,,,,,,,0,,0,,,-28.492173,4,152.756660,132.167211,-28.492173,,,0,0,0,0,
36.051842,1785220699.313379049,prealign_left,50,-150,-26,figure7_t_entry_left entryCenter=+31.7 target<=20.0 confirm=0/3,23,23,16,7,7,2,2,0,0,0,0,19,2,0,0,5,1,22.406250,48.093750,35.250000,3163.500000,1799.250000,1,22.406250,48.093750,35.250000,3163.500000,1799.250000,1728.070052,31.663617,median_filtered_pair,,,,,,,0,0,0,0,0,0,,,,,,,0,,0,,,-28.492173,4,152.756660,132.167211,-28.492173,,,0,0,0,0,
36.146931,1785220699.424740076,prealign_left,50,-150,-26,figure7_t_entry_left entryCenter=+31.7 target<=20.0 confirm=0/3,27,27,20,7,3,2,2,0,0,0,0,20,2,0,0,5,1,19.250000,46.453125,32.851562,3083.750000,1809.500000,1,22.406250,48.093750,35.250000,3163.500000,1799.250000,1728.070052,31.663617,median_filtered_pair,,,,,,,0,0,0,0,0,0,,,,,,,0,,0,,,-26.013336,4,210.991937,391.457398,-26.013336,,,0,0,0,0,
36.235519,1785220699.535787106,prealign_left,50,-150,-26,figure7_t_entry_left entryCenter=+29.2 target<=20.0 confirm=0/3,23,23,18,5,2,1,2,0,0,0,0,21,2,0,0,5,1,19.125000,46.453125,32.789062,3094.250000,1809.500000,1,19.250000,46.453125,32.851562,3094.250000,1809.500000,1699.760937,29.224412,median_filtered_pair,,,,,,,0,0,0,0,0,0,,,,,,,0,,0,,,-30.875694,4,204.276041,49.700642,-30.875694,,,0,0,0,0,
36.322151,1785220699.650260925,prealign_left,50,-150,-26,figure7_t_entry_left entryCenter=+29.2 target<=20.0 confirm=0/3,25,25,19,6,1,0,2,0,0,0,0,22,2,0,0,5,0,,,,,,1,19.250000,46.453125,32.851562,3094.250000,1809.500000,1699.760937,29.224412,held_filtered_pair,,,,,,,0,0,0,1,0,0,,,,,,,0,,0,,,-32.877390,4,154.221233,256.413994,-32.877390,,,0,0,0,0,
36.410783,1785220699.762432098,prealign_left,50,-150,-26,figure7_t_entry_left entryCenter=+29.2 target<=20.0 confirm=0/3,25,25,18,7,1,0,2,0,0,0,0,23,2,0,0,5,0,,,,,,1,19.250000,46.453125,32.851562,3094.250000,1809.500000,1699.760937,29.224412,held_filtered_pair,,,,,,,0,0,0,2,0,0,,,,,,,0,,0,,,-33.355619,4,208.131525,345.181151,-33.355619,,,0,0,0,0,
36.500404,1785220699.762432098,prealign_left,50,-150,-26,figure7_t_entry_left entryCenter=+29.2 target<=20.0 confirm=0/3,25,25,18,7,1,0,2,0,0,0,0,23,2,0,0,5,0,,,,,,1,19.250000,46.453125,32.851562,3094.250000,1809.500000,1699.760937,29.224412,held_filtered_pair,,,,,,,0,0,0,2,0,0,,,,,,,0,,0,,,-33.355619,4,208.131525,345.181151,-33.355619,,,0,0,0,0,
36.590512,1785220699.873677015,reverse_align,-80,120,-26,gap_midpoint_reverse center=+29.2 entrySteer=+6.82 eq5=+1.02 pair=held,22,22,18,4,1,0,2,0,0,0,0,24,2,0,0,5,0,,,,,,1,19.250000,46.453125,32.851562,3094.250000,1809.500000,1699.760937,29.224412,held_filtered_pair,1284.750000,-7.000000,8.023665,1.023665,6.819029,29.224412,0,0,3,3,0,0,,,,,,,0,,0,,,,0,,,,,,0,0,0,0,
36.684603,1785220699.984826803,reverse_align,-80,120,-26,gap_midpoint_reverse_reacquire scan=1/6,28,28,20,8,1,0,2,0,0,0,0,25,2,0,0,5,0,,,,,,0,,,,,,,,reacquiring_pair_0/3,1284.750000,-7.000000,8.023665,1.023665,6.819029,29.224412,0,0,3,3,0,0,,,,,,,0,,0,,,,0,,,,,,0,0,0,0,
36.772966,1785220700.100745916,reverse_align,-80,120,-26,gap_midpoint_reverse_reacquire scan=2/6,16,16,9,7,4,1,2,0,0,0,0,26,2,0,0,5,1,-40.421875,43.500000,1.539062,3190.750000,1822.000000,0,,,,,,,,reacquiring_pair_1/3,1284.750000,-7.000000,8.023665,1.023665,6.819029,29.224412,0,0,3,3,0,0,,,,,,,0,,0,,,,0,,,,,,0,0,0,0,
36.860969,1785220700.211388826,reverse_align,-80,120,-26,gap_midpoint_reverse_reacquire scan=3/6,15,15,10,5,3,1,2,0,0,0,0,27,2,0,0,5,1,-41.765625,43.203125,0.718750,3188.250000,1831.500000,0,,,,,,,,reacquiring_pair_2/3,1284.750000,-7.000000,8.023665,1.023665,6.819029,29.224412,0,0,3,3,0,0,,,,,,,0,,0,,,,0,,,,,,0,0,0,0,
36.951830,1785220700.321748018,reverse_align,-80,-93,-26,gap_midpoint_reverse center=-13.3 entrySteer=-3.10 eq5=+7.00 pair=filtered,26,26,20,6,5,1,2,0,0,0,0,28,2,0,0,5,1,-41.765625,42.609375,0.421875,3188.250000,1818.750000,1,-41.765625,43.203125,0.718750,3188.250000,1822.000000,3530.684886,-13.303390,median_filtered_pair,1366.250000,-0.251563,9.073940,7.000000,-3.104124,-13.303390,0,0,3,0,0,0,,,,,,,0,,0,,,-34.793875,4,207.231352,133.295203,-34.793875,,,0,0,0,0,
37.041311,1785220700.321748018,reverse_align,-80,-93,-26,gap_midpoint_reverse center=-13.3 entrySteer=-3.10 eq5=+7.00 pair=filtered,26,26,20,6,5,1,2,0,0,0,0,28,2,0,0,5,1,-41.765625,42.609375,0.421875,3188.250000,1818.750000,1,-41.765625,43.203125,0.718750,3188.250000,1822.000000,3530.684886,-13.303390,median_filtered_pair,1366.250000,-0.251563,9.073940,7.000000,-3.104124,-13.303390,0,0,3,0,0,0,,,,,,,0,,0,,,-34.793875,4,207.231352,133.295203,-34.793875,,,0,0,0,0,
37.128279,1785220700.437376976,reverse_align,-80,-94,-26,gap_midpoint_reverse center=-13.5 entrySteer=-3.15 eq5=+7.00 pair=filtered,26,26,19,7,5,1,2,0,0,0,0,29,2,0,0,5,1,-41.765625,42.609375,0.421875,3188.250000,1818.750000,1,-41.765625,42.609375,0.421875,3188.250000,1818.750000,3512.272687,-13.501146,median_filtered_pair,1369.500000,-0.147656,9.117161,7.000000,-3.150267,-13.501146,0,0,3,0,0,0,,,,,,,0,,0,,,-32.626001,4,154.664302,361.953782,-32.626001,,,0,0,0,0,
37.219942,1785220700.547792912,reverse_align,-80,-94,-26,gap_midpoint_reverse center=-13.5 entrySteer=-3.15 eq5=+7.00 pair=filtered,23,23,16,7,5,1,2,0,0,0,0,30,2,0,0,5,1,-44.859375,42.609375,-1.125000,3171.750000,1818.750000,1,-41.765625,42.609375,0.421875,3188.250000,1818.750000,3512.272687,-13.501146,median_filtered_pair,1369.500000,-0.147656,9.117161,7.000000,-3.150267,-13.501146,0,0,3,0,0,0,,,,,,,0,,0,,,,0,,,,,,0,0,0,0,
37.307529,1785220700.659240961,reverse_align,-80,-94,-26,gap_midpoint_reverse center=-13.5 entrySteer=-3.15 eq5=+7.00 pair=held,24,24,18,6,1,0,2,0,0,0,0,31,2,0,0,5,0,,,,,,1,-41.765625,42.609375,0.421875,3188.250000,1818.750000,3512.272687,-13.501146,held_filtered_pair,1369.500000,-0.147656,9.117161,7.000000,-3.150267,-13.501146,0,0,3,1,0,0,,,,,,,0,,0,,,-32.986881,4,205.968224,144.884978,-32.986881,,,0,0,0,0,
37.395483,1785220700.659240961,reverse_align,-80,-94,-26,gap_midpoint_reverse center=-13.5 entrySteer=-3.15 eq5=+7.00 pair=held,24,24,18,6,1,0,2,0,0,0,0,31,2,0,0,5,0,,,,,,1,-41.765625,42.609375,0.421875,3188.250000,1818.750000,3512.272687,-13.501146,held_filtered_pair,1369.500000,-0.147656,9.117161,7.000000,-3.150267,-13.501146,0,0,3,1,0,0,,,,,,,0,,0,,,-32.986881,4,205.968224,144.884978,-32.986881,,,0,0,0,0,
37.484037,1785220700.772459984,reverse_align,-80,-94,-26,gap_midpoint_reverse center=-13.5 entrySteer=-3.15 eq5=+7.00 pair=held,28,28,16,12,2,1,2,0,0,0,0,32,2,0,0,5,1,16.437500,42.609375,29.523438,3161.500000,1818.750000,1,-41.765625,42.609375,0.421875,3188.250000,1818.750000,3512.272687,-13.501146,rejected_outlier_held_pair,1369.500000,-0.147656,9.117161,7.000000,-3.150267,-13.501146,0,0,3,2,0,0,,,,,,,0,,0,,,-29.569657,5,252.870569,124.436694,-29.569657,,,0,0,0,0,
37.571620,1785220700.881978989,reverse_align,-80,-94,-26,gap_midpoint_reverse center=-13.5 entrySteer=-3.15 eq5=+7.00 pair=held,25,25,19,6,2,1,2,0,0,0,0,33,2,0,0,5,1,16.437500,43.750000,30.093750,3161.500000,1776.750000,1,-41.765625,42.609375,0.421875,3188.250000,1818.750000,3512.272687,-13.501146,rejected_outlier_held_pair,1369.500000,-0.147656,9.117161,7.000000,-3.150267,-13.501146,0,0,3,3,0,0,,,,,,,0,,0,,,-27.864269,4,202.432295,140.528780,-27.864269,,,0,0,0,0,
37.657935,1785220700.997369051,reverse_align,-80,-94,-26,gap_midpoint_reverse_reacquire scan=1/6,21,21,15,6,2,1,2,0,0,0,0,34,2,0,0,5,1,18.125000,43.750000,30.937500,3155.500000,1776.750000,0,,,,,,,,reacquiring_pair_1/3,1369.500000,-0.147656,9.117161,7.000000,-3.150267,-13.501146,0,0,3,3,0,0,,,,,,,0,,0,,,,0,,,,,,0,0,0,0,
37.750800,1785220701.108855009,reverse_align,-80,-94,-26,gap_midpoint_reverse_reacquire scan=2/6,27,27,19,8,2,1,2,0,0,0,0,35,2,0,0,5,1,18.125000,43.750000,30.937500,3155.500000,1776.750000,0,,,,,,,,reacquiring_pair_2/3,1369.500000,-0.147656,9.117161,7.000000,-3.150267,-13.501146,0,0,3,3,0,0,,,,,,,0,,0,,,,0,,,,,,0,0,0,0,
37.838875,1785220701.108855009,reverse_align,-80,-94,-26,gap_midpoint_reverse_reacquire scan=2/6,27,27,19,8,2,1,2,0,0,0,0,35,2,0,0,5,1,18.125000,43.750000,30.937500,3155.500000,1776.750000,0,,,,,,,,reacquiring_pair_2/3,1369.500000,-0.147656,9.117161,7.000000,-3.150267,-13.501146,0,0,3,3,0,0,,,,,,,0,,0,,,,0,,,,,,0,0,0,0,
37.927321,1785220701.219815016,reverse_align,-80,110,-26,gap_midpoint_reverse center=+27.3 entrySteer=+6.37 eq5=+2.24 pair=filtered,25,25,19,6,2,1,2,0,0,0,0,36,2,0,0,5,1,15.015625,44.000000,29.507812,2985.250000,1775.750000,1,18.125000,43.750000,30.937500,3155.500000,1776.750000,1733.154707,27.299899,median_filtered_pair,1378.750000,-7.000000,9.240737,2.240737,6.369976,27.299899,0,0,3,0,0,0,,,,,,,0,,0,,,-31.382704,4,192.867908,319.757184,-31.382704,,,0,0,0,0,
38.015131,1785220701.331008911,reverse_align,-80,111,-26,gap_midpoint_reverse center=+27.4 entrySteer=+6.39 eq5=+2.25 pair=filtered,31,31,22,9,2,1,2,0,0,0,0,37,2,0,0,5,1,21.640625,45.640625,33.640625,3180.250000,1747.000000,1,18.125000,44.000000,30.937500,3155.500000,1775.750000,1739.887010,27.384880,median_filtered_pair,1379.750000,-7.000000,9.254146,2.254146,6.389805,27.384880,0,0,3,0,0,0,,,,,,,0,,0,,,-23.244800,5,195.298072,573.153692,-23.244800,,,0,0,0,0,
38.101589,1785220701.446333885,reverse_align,-80,124,-26,gap_midpoint_reverse center=+30.1 entrySteer=+7.00 eq5=+2.91 pair=filtered,23,23,19,4,2,1,2,0,0,0,0,38,2,0,0,5,1,23.171875,45.750000,34.460938,3193.750000,1752.500000,1,21.640625,45.640625,33.640625,3180.250000,1752.500000,1732.674090,30.120054,median_filtered_pair,1427.750000,-7.000000,9.909229,2.909229,7.000000,30.120054,0,0,3,0,0,0,,,,,,,0,,0,,,,0,,,,,,0,0,0,0,
38.190860,1785220701.556842089,reverse_align,-80,124,-26,gap_midpoint_reverse center=+31.1 entrySteer=+7.00 eq5=+3.17 pair=filtered,25,25,18,7,2,1,2,0,0,0,0,39,2,0,0,5,1,23.171875,47.515625,35.343750,3193.750000,1703.750000,1,23.171875,45.750000,34.460938,3193.750000,1747.000000,1717.074073,31.115630,median_filtered_pair,1446.750000,-7.000000,10.174721,3.174721,7.000000,31.115630,0,0,3,0,0,0,,,,,,,0,,0,,,-26.226413,5,187.742948,87.297028,-26.226413,,,0,0,0,0,
38.286868,1785220701.556842089,reverse_align,-80,124,-26,gap_midpoint_reverse center=+31.1 entrySteer=+7.00 eq5=+3.17 pair=filtered,25,25,18,7,2,1,2,0,0,0,0,39,2,0,0,5,1,23.171875,47.515625,35.343750,3193.750000,1703.750000,1,23.171875,45.750000,34.460938,3193.750000,1747.000000,1717.074073,31.115630,median_filtered_pair,1446.750000,-7.000000,10.174721,3.174721,7.000000,31.115630,0,0,3,0,0,0,,,,,,,0,,0,,,-26.226413,5,187.742948,87.297028,-26.226413,,,0,0,0,0,
38.374589,1785220701.668447018,reverse_align,-80,124,-26,gap_midpoint_reverse center=+31.6 entrySteer=+7.00 eq5=+3.79 pair=filtered,30,30,21,9,9,2,2,0,0,0,0,40,2,0,0,5,1,23.171875,49.109375,36.140625,3193.750000,1681.000000,1,23.171875,47.515625,35.343750,3193.750000,1703.750000,1785.411534,31.589268,median_filtered_pair,1490.000000,-7.000000,10.792153,3.792153,7.000000,31.589268,0,0,3,0,0,0,,,,,,,0,,0,,,-30.476764,6,233.065326,44.680633,-30.476764,,,0,0,0,0,
38.462036,1785220701.780045986,reverse_align,-80,124,-26,gap_midpoint_reverse center=+32.1 entrySteer=+7.00 eq5=+4.11 pair=filtered,25,25,16,9,7,2,2,0,0,0,0,41,2,0,0,5,1,23.171875,49.203125,36.187500,3193.750000,1682.250000,1,23.171875,49.109375,36.140625,3193.750000,1682.250000,1834.937408,32.057307,median_filtered_pair,1511.500000,-7.000000,11.105851,4.105851,7.000000,32.057307,0,0,3,0,0,0,,,,,,,0,,0,,,-26.784218,6,232.684775,40.210109,-26.784218,,,0,0,0,0,
38.549904,1785220701.890532017,reverse_align,-80,124,-26,gap_midpoint_reverse center=+32.1 entrySteer=+7.00 eq5=+4.12 pair=filtered,30,30,19,11,7,2,2,0,0,0,0,42,2,0,0,5,1,23.171875,50.609375,36.890625,3193.750000,1643.000000,1,23.171875,49.203125,36.187500,3193.750000,1681.000000,1837.843516,32.084530,median_filtered_pair,1512.750000,-7.000000,11.124228,4.124228,7.000000,32.084530,0,0,3,0,0,0,,,,,,,0,,0,,,-34.728282,6,230.547550,29.389290,-34.728282,,,0,0,0,0,
38.639906,1785220702.005612135,reverse_align,-80,124,-26,gap_midpoint_reverse center=+32.4 entrySteer=+7.00 eq5=+4.69 pair=filtered,32,32,25,7,3,2,2,0,0,0,0,43,2,0,0,5,1,23.078125,51.828125,37.453125,3169.250000,1637.250000,1,23.171875,50.609375,36.890625,3193.750000,1643.000000,1893.496296,32.415240,median_filtered_pair,1550.750000,-7.000000,11.690124,4.690124,7.000000,32.415240,0,0,3,0,0,0,,,,,,,0,,0,,,-32.791265,6,227.398082,37.893706,-32.791265,,,0,0,0,0,
38.728900,1785220702.005612135,reverse_align,-80,124,-26,gap_midpoint_reverse center=+32.4 entrySteer=+7.00 eq5=+4.69 pair=filtered,32,32,25,7,3,2,2,0,0,0,0,43,2,0,0,5,1,23.078125,51.828125,37.453125,3169.250000,1637.250000,1,23.171875,50.609375,36.890625,3193.750000,1643.000000,1893.496296,32.415240,median_filtered_pair,1550.750000,-7.000000,11.690124,4.690124,7.000000,32.415240,0,0,3,0,0,0,,,,,,,0,,0,,,-32.791265,6,227.398082,37.893706,-32.791265,,,0,0,0,0,
38.822130,1785220702.116842031,reverse_align,-80,124,-26,gap_midpoint_reverse center=+32.8 entrySteer=+7.00 eq5=+4.41 pair=filtered,30,30,23,7,2,1,2,0,0,0,0,44,2,0,0,5,1,22.187500,51.828125,37.007813,3052.500000,1637.250000,1,23.078125,51.828125,37.007813,3169.250000,1637.250000,1904.289335,32.783058,median_filtered_pair,1532.000000,-7.000000,11.409144,4.409144,7.000000,32.783058,0,0,3,0,0,0,,,,,,,0,,0,,,-29.718098,6,223.669379,44.981099,-29.718098,,,0,0,0,0,
38.912592,1785220702.228471994,reverse_align,-80,124,-26,gap_midpoint_reverse center=+32.4 entrySteer=+7.00 eq5=+2.74 pair=filtered,26,26,17,9,14,2,2,0,0,0,0,45,2,0,0,5,1,22.187500,51.828125,37.007813,3052.500000,1637.250000,1,22.187500,51.828125,37.007813,3052.500000,1637.250000,1819.584358,32.442608,median_filtered_pair,1415.250000,-7.000000,9.736478,2.736478,7.000000,32.442608,0,0,3,0,0,0,,,,,,,0,,0,,,-27.594285,6,222.341748,52.677357,-27.594285,,,0,0,0,0,
39.000279,1785220702.339405060,reverse_align,-80,124,-26,gap_midpoint_reverse center=+32.4 entrySteer=+7.00 eq5=+2.74 pair=filtered,23,23,16,7,17,2,2,0,0,0,0,46,2,0,0,5,1,22.187500,52.718750,37.453125,3052.500000,1570.250000,1,22.187500,51.828125,37.007813,3052.500000,1637.250000,1819.584358,32.442608,median_filtered_pair,1415.250000,-7.000000,9.736478,2.736478,7.000000,32.442608,0,0,3,0,0,0,,,,,,,0,,0,,,-25.215754,6,221.862293,98.904891,-25.215754,,,0,0,0,0,
39.088359,1785220702.451493025,reverse_align,-80,124,-26,gap_midpoint_reverse center=+32.5 entrySteer=+7.00 eq5=+3.68 pair=filtered,24,24,13,11,19,2,2,0,0,0,0,47,2,0,0,5,1,22.187500,52.718750,37.453125,3052.500000,1570.250000,1,22.187500,52.718750,37.453125,3052.500000,1570.250000,1877.816528,32.451848,median_filtered_pair,1482.250000,-7.000000,10.680177,3.680177,7.000000,32.451848,0,0,3,0,0,0,,,,,,,0,,0,,,-30.726339,7,260.478345,32.272164,-30.726339,,,0,0,0,0,
39.176618,1785220702.451493025,reverse_align,-80,124,-26,gap_midpoint_reverse center=+32.5 entrySteer=+7.00 eq5=+3.68 pair=filtered,24,24,13,11,19,2,2,0,0,0,0,47,2,0,0,5,1,22.187500,52.718750,37.453125,3052.500000,1570.250000,1,22.187500,52.718750,37.453125,3052.500000,1570.250000,1877.816528,32.451848,median_filtered_pair,1482.250000,-7.000000,10.680177,3.680177,7.000000,32.451848,0,0,3,0,0,0,,,,,,,0,,0,,,-30.726339,7,260.478345,32.272164,-30.726339,,,0,0,0,0,
39.264920,1785220702.566262960,reverse_align,-80,124,-26,gap_midpoint_reverse center=+32.5 entrySteer=+7.00 eq5=+3.68 pair=filtered,19,19,14,5,13,2,2,0,0,0,0,48,2,0,0,5,1,22.171875,52.718750,37.445312,3038.000000,1570.250000,1,22.187500,52.718750,37.453125,3052.500000,1570.250000,1877.816528,32.451848,median_filtered_pair,1482.250000,-7.000000,10.680177,3.680177,7.000000,32.451848,0,0,3,0,0,0,,,,,,,0,,0,,,,0,,,,,,0,0,0,0,
39.353743,1785220702.676908970,reverse_align,-80,124,-26,gap_midpoint_reverse center=+32.5 entrySteer=+7.00 eq5=+3.47 pair=filtered,24,24,15,9,9,2,2,0,0,0,0,49,2,0,0,5,1,22.171875,52.875000,37.523438,3038.000000,1558.000000,1,22.171875,52.718750,37.453125,3038.000000,1570.250000,1865.054516,32.474556,median_filtered_pair,1467.750000,-7.000000,10.472243,3.472243,7.000000,32.474556,0,0,3,0,0,0,,,,,,,0,,0,,,-23.163085,6,213.453682,74.882083,-23.163085,,,0,0,0,0,
39.441852,1785220702.788396120,reverse_align,-80,124,-26,gap_midpoint_reverse center=+32.5 entrySteer=+7.00 eq5=+3.65 pair=filtered,25,25,16,9,7,2,2,0,0,0,0,50,2,0,0,5,1,20.828125,52.875000,36.851562,2943.500000,1544.250000,1,22.171875,52.875000,37.445312,3038.000000,1558.000000,1875.462393,32.471280,median_filtered_pair,1480.000000,-7.000000,10.647778,3.647778,7.000000,32.471280,0,0,3,0,0,0,,,,,,,0,,0,,,-34.338149,5,168.354797,54.162206,-34.338149,,,0,0,0,0,
39.529653,1785220702.899233103,reverse_align,-80,124,-26,gap_midpoint_reverse center=+31.7 entrySteer=+7.00 eq5=+2.52 pair=filtered,17,17,8,9,2,1,2,0,0,0,0,51,2,0,0,5,1,20.828125,53.015625,36.921875,2943.500000,1531.500000,1,20.828125,52.875000,36.921875,2943.500000,1544.250000,1828.452670,31.734755,median_filtered_pair,1399.250000,-7.000000,9.517572,2.517572,7.000000,31.734755,0,0,3,0,0,0,,,,,,,0,,0,,,-27.791652,6,205.359188,224.990600,-27.791652,,,0,0,0,0,
39.619144,1785220702.899233103,reverse_align,-80,124,-26,gap_midpoint_reverse center=+31.7 entrySteer=+7.00 eq5=+2.52 pair=filtered,17,17,8,9,2,1,2,0,0,0,0,51,2,0,0,5,1,20.828125,53.015625,36.921875,2943.500000,1531.500000,1,20.828125,52.875000,36.921875,2943.500000,1544.250000,1828.452670,31.734755,median_filtered_pair,1399.250000,-7.000000,9.517572,2.517572,7.000000,31.734755,0,0,3,0,0,0,,,,,,,0,,0,,,-27.791652,6,205.359188,224.990600,-27.791652,,,0,0,0,0,
39.708748,1785220703.013936043,reverse_align,-80,124,-26,gap_midpoint_reverse center=+31.7 entrySteer=+7.00 eq5=+2.69 pair=filtered,16,16,8,8,2,1,2,0,0,0,0,52,2,0,0,5,1,20.828125,53.437500,37.132812,2943.500000,1500.000000,1,20.828125,53.015625,36.921875,2943.500000,1531.500000,1838.316972,31.720236,median_filtered_pair,1412.000000,-7.000000,9.691811,2.691811,7.000000,31.720236,0,0,3,0,0,0,,,,,,,0,,0,,,-29.799952,7,247.866088,60.125929,-29.799952,,,0,0,0,0,
39.797180,1785220703.125473022,reverse_align,-80,124,-26,gap_midpoint_reverse center=+31.7 entrySteer=+7.00 eq5=+3.13 pair=filtered,11,11,6,5,2,1,2,0,0,0,0,53,2,0,0,5,1,19.421875,53.437500,36.429688,2860.250000,1500.000000,1,20.828125,53.437500,36.921875,2943.500000,1500.000000,1864.321571,31.704663,median_filtered_pair,1443.500000,-7.000000,10.129060,3.129060,7.000000,31.704663,0,0,3,0,0,0,,,,,,,0,,0,,,-30.206542,5,202.799840,202.756980,-30.206542,,,0,0,0,0,
39.890196,1785220703.237468958,reverse_align,-80,124,-26,gap_midpoint_reverse center=+31.0 entrySteer=+7.00 eq5=+1.99 pair=filtered,9,9,1,8,2,1,2,0,0,0,0,54,2,0,0,5,1,19.421875,54.531250,36.976562,2860.250000,1442.000000,1,19.421875,53.437500,36.976562,2860.250000,1500.000000,1821.695559,30.978794,median_filtered_pair,1360.250000,-7.000000,8.994417,1.994417,7.000000,30.978794,0,0,3,0,0,0,,,,,,,0,,0,,,-27.655598,5,200.960836,759.522572,-27.655598,,,0,0,0,0,
39.978308,1785220703.348145008,reverse_align,-80,124,-26,gap_midpoint_reverse center=+31.0 entrySteer=+7.00 eq5=+2.78 pair=filtered,13,13,5,8,3,1,2,0,0,0,0,55,2,0,0,5,1,18.890625,54.531250,36.710938,2830.000000,1442.000000,1,19.421875,54.531250,36.710938,2860.250000,1442.000000,1874.109160,31.022978,median_filtered_pair,1418.250000,-7.000000,9.777800,2.777800,7.000000,31.022978,0,0,3,0,0,0,,,,,,,0,,0,,,-29.888791,4,197.824880,1711.965645,-29.888791,,,0,0,0,0,
40.066505,1785220703.348145008,reverse_align,-80,124,-26,gap_midpoint_reverse center=+31.0 entrySteer=+7.00 eq5=+2.78 pair=filtered,13,13,5,8,3,1,2,0,0,0,0,55,2,0,0,5,1,18.890625,54.531250,36.710938,2830.000000,1442.000000,1,19.421875,54.531250,36.710938,2860.250000,1442.000000,1874.109160,31.022978,median_filtered_pair,1418.250000,-7.000000,9.777800,2.777800,7.000000,31.022978,0,0,3,0,0,0,,,,,,,0,,0,,,-29.888791,4,197.824880,1711.965645,-29.888791,,,0,0,0,0,
40.154660,1785220703.459802866,reverse_align,-80,124,-26,gap_midpoint_reverse center=+30.7 entrySteer=+7.00 eq5=+2.37 pair=filtered,12,12,5,7,3,1,2,0,0,0,0,56,2,0,0,5,1,18.890625,54.531250,36.710938,2830.000000,1442.000000,1,18.890625,54.531250,36.710938,2830.000000,1442.000000,1858.852781,30.748407,median_filtered_pair,1388.000000,-7.000000,9.365144,2.365144,7.000000,30.748407,0,0,3,0,0,0,,,,,,,0,,0,,,-29.373186,6,196.538199,238.121260,-29.373186,,,0,0,0,0,
40.242146,1785220703.574414015,reverse_align,-80,124,-26,gap_midpoint_reverse center=+30.7 entrySteer=+7.00 eq5=+2.37 pair=filtered,14,14,4,10,2,1,2,0,0,0,0,57,2,0,0,5,1,18.578125,55.781250,37.179688,2784.500000,1401.500000,1,18.890625,54.531250,36.710938,2830.000000,1442.000000,1858.852781,30.748407,median_filtered_pair,1388.000000,-7.000000,9.365144,2.365144,7.000000,30.748407,0,0,3,0,0,0,,,,,,,0,,0,,,-29.405710,6,193.883587,177.876932,-29.405710,,,0,0,0,0,
40.331191,1785220703.685688019,reverse_align,-80,124,-26,gap_midpoint_reverse center=+30.8 entrySteer=+7.00 eq5=+2.30 pair=filtered,16,16,7,9,2,1,2,0,0,0,0,58,2,0,0,5,1,18.578125,55.781250,37.179688,2784.500000,1401.500000,1,18.578125,55.781250,37.179688,2784.500000,1401.500000,1871.101524,30.834604,median_filtered_pair,1383.000000,-7.000000,9.297794,2.297794,7.000000,30.834604,0,0,3,0,0,0,,,,,,,0,,0,,,-34.267925,7,233.659599,103.424330,-34.267925,,,0,0,0,0,
40.422107,1785220703.685688019,reverse_align,-80,124,-26,gap_midpoint_reverse center=+30.8 entrySteer=+7.00 eq5=+2.30 pair=filtered,16,16,7,9,2,1,2,0,0,0,0,58,2,0,0,5,1,18.578125,55.781250,37.179688,2784.500000,1401.500000,1,18.578125,55.781250,37.179688,2784.500000,1401.500000,1871.101524,30.834604,median_filtered_pair,1383.000000,-7.000000,9.297794,2.297794,7.000000,30.834604,0,0,3,0,0,0,,,,,,,0,,0,,,-34.267925,7,233.659599,103.424330,-34.267925,,,0,0,0,0,
40.508323,1785220703.798305988,reverse_align,-80,124,-26,gap_midpoint_reverse center=+30.8 entrySteer=+7.00 eq5=+2.30 pair=filtered,17,17,6,11,2,1,2,0,0,0,0,59,2,0,0,5,1,17.437500,55.984375,36.710938,2714.250000,1379.500000,1,18.578125,55.781250,37.179688,2784.500000,1401.500000,1871.101524,30.834604,median_filtered_pair,1383.000000,-7.000000,9.297794,2.297794,7.000000,30.834604,0,0,3,0,0,0,,,,,,,0,,0,,,-32.979669,6,228.778531,107.740644,-32.979669,,,0,0,0,0,
40.596410,1785220703.908169985,reverse_align,-80,124,-26,gap_midpoint_reverse center=+30.7 entrySteer=+7.00 eq5=+1.66 pair=filtered,15,15,2,13,2,1,2,0,0,0,0,60,2,0,0,5,1,18.156250,56.328125,37.242188,2700.000000,1367.500000,1,18.156250,55.984375,37.179688,2714.250000,1379.500000,1831.736821,30.695671,median_filtered_pair,1334.750000,-7.000000,8.660349,1.660349,7.000000,30.695671,0,0,3,0,0,0,,,,,,,0,,0,,,-29.271470,6,226.930879,45.432148,-29.271470,,,0,0,0,0,
40.682151,1785220704.023777962,reverse_align,-80,124,-26,gap_midpoint_reverse center=+30.7 entrySteer=+7.00 eq5=+1.48 pair=filtered,12,12,1,11,2,1,2,0,0,0,0,61,2,0,0,5,1,18.156250,53.843750,36.000000,2700.000000,1413.250000,1,18.156250,55.984375,36.710938,2700.000000,1379.500000,1819.109788,30.741323,median_filtered_pair,1320.500000,-7.000000,8.476418,1.476418,7.000000,30.741323,0,0,3,0,0,0,,,,,,,0,,0,,,-14.477383,8,326.948657,12.856765,-14.477383,,,0,0,0,0,
40.768392,1785220704.134124994,reverse_align,-80,124,-26,gap_midpoint_reverse center=+30.2 entrySteer=+7.00 eq5=+1.05 pair=filtered,13,13,2,11,3,1,2,0,0,0,0,62,2,0,0,5,1,18.156250,53.843750,36.000000,2700.000000,1413.250000,1,18.156250,53.843750,36.000000,2700.000000,1413.250000,1757.511908,30.249561,median_filtered_pair,1286.750000,-7.000000,8.048666,1.048666,7.000000,30.249561,0,0,3,0,0,0,,,,,,,0,,0,,,-36.340281,5,225.265706,107.649067,-36.340281,,,0,0,0,0,
40.855024,1785220704.134124994,reverse_align,-80,124,-26,gap_midpoint_reverse center=+30.2 entrySteer=+7.00 eq5=+1.05 pair=filtered,13,13,2,11,3,1,2,0,0,0,0,62,2,0,0,5,1,18.156250,53.843750,36.000000,2700.000000,1413.250000,1,18.156250,53.843750,36.000000,2700.000000,1413.250000,1757.511908,30.249561,median_filtered_pair,1286.750000,-7.000000,8.048666,1.048666,7.000000,30.249561,0,0,3,0,0,0,,,,,,,0,,0,,,-36.340281,5,225.265706,107.649067,-36.340281,,,0,0,0,0,
40.943966,1785220704.246503830,reverse_align,-80,124,-26,gap_midpoint_reverse center=+30.2 entrySteer=+7.00 eq5=+1.05 pair=filtered,10,10,3,7,3,1,2,0,0,0,0,63,2,0,0,5,1,18.156250,53.843750,36.000000,2700.000000,1413.250000,1,18.156250,53.843750,36.000000,2700.000000,1413.250000,1757.511908,30.249561,median_filtered_pair,1286.750000,-7.000000,8.048666,1.048666,7.000000,30.249561,0,0,3,0,0,0,,,,,,,0,,0,,,,0,,,,,,0,0,0,0,
41.031748,1785220704.357033968,reverse_align,-80,124,-26,gap_midpoint_reverse center=+30.2 entrySteer=+7.00 eq5=+1.05 pair=filtered,15,15,4,11,3,1,2,0,0,0,0,64,2,1,0,5,1,18.156250,53.843750,36.000000,2700.000000,1413.250000,1,18.156250,53.843750,36.000000,2700.000000,1413.250000,1757.511908,30.249561,median_filtered_pair,1286.750000,-7.000000,8.048666,1.048666,7.000000,30.249561,0,0,3,0,0,0,,,,,,,0,,0,,,-30.222725,6,181.752146,95.108389,-30.222725,,,0,0,0,0,
41.118766,1785220704.471648932,reverse_align,-80,124,-26,gap_midpoint_reverse center=+30.2 entrySteer=+7.00 eq5=+1.05 pair=filtered,15,15,3,12,2,1,2,0,0,0,0,65,2,1,0,5,1,17.000000,53.843750,35.421875,2620.000000,1413.250000,1,18.156250,53.843750,36.000000,2700.000000,1413.250000,1757.511908,30.249561,median_filtered_pair,1286.750000,-7.000000,8.048666,1.048666,7.000000,30.249561,0,0,3,0,0,0,,,,,,,0,,0,,,-31.439458,7,215.335049,79.721682,-31.439458,,,0,0,0,0,
41.205584,1785220704.471648932,reverse_align,-80,124,-26,gap_midpoint_reverse center=+30.2 entrySteer=+7.00 eq5=+1.05 pair=filtered,15,15,3,12,2,1,2,0,0,0,0,65,2,1,0,5,1,17.000000,53.843750,35.421875,2620.000000,1413.250000,1,18.156250,53.843750,36.000000,2700.000000,1413.250000,1757.511908,30.249561,median_filtered_pair,1286.750000,-7.000000,8.048666,1.048666,7.000000,30.249561,0,0,3,0,0,0,,,,,,,0,,0,,,-31.439458,7,215.335049,79.721682,-31.439458,,,0,0,0,0,
41.294512,1785220704.583462954,reverse_align,-80,123,-26,gap_midpoint_reverse center=+29.7 entrySteer=+6.94 eq5=+0.08 pair=filtered,16,16,3,13,2,1,2,0,0,0,0,66,2,1,0,5,1,17.000000,58.750000,37.875000,2620.000000,1279.000000,1,17.000000,53.843750,36.000000,2620.000000,1413.250000,1713.273021,29.730706,median_filtered_pair,1206.750000,-7.000000,7.078971,0.078971,6.937165,29.730706,0,0,3,0,0,0,,,,,,,0,,0,,,-33.450709,7,215.848664,61.975189,-33.450709,,,0,0,0,0,
41.380250,1785220704.694391012,reverse_align,-80,124,-26,gap_midpoint_reverse center=+30.4 entrySteer=+7.00 eq5=+1.74 pair=filtered,14,14,2,12,2,1,2,0,0,0,0,67,2,1,0,5,1,17.000000,58.796875,37.898438,2620.000000,1265.000000,1,17.000000,58.750000,37.875000,2620.000000,1279.000000,1870.880625,30.402523,median_filtered_pair,1341.000000,-7.000000,8.741644,1.741644,7.000000,30.402523,0,0,3,0,0,0,,,,,,,0,,0,,,-29.870620,5,137.115729,365.592300,-29.870620,,,0,0,0,0,
41.471542,1785220704.806657076,reverse_align,-80,124,-26,gap_midpoint_reverse center=+30.3 entrySteer=+7.00 eq5=+1.93 pair=filtered,11,11,4,7,2,1,2,0,0,0,0,68,2,1,0,5,1,17.000000,59.046875,38.023438,2620.000000,1251.500000,1,17.000000,58.796875,37.898438,2620.000000,1265.000000,1876.944811,30.312752,median_filtered_pair,1355.000000,-7.000000,8.925122,1.925122,7.000000,30.312752,0,0,3,0,0,0,,,,,,,0,,0,,,,0,,,,,,0,0,0,0,
41.558295,1785220704.917335033,reverse_align,-80,124,-26,gap_midpoint_reverse center=+30.3 entrySteer=+7.00 eq5=+2.10 pair=filtered,14,14,3,11,3,1,2,0,0,0,0,69,2,1,0,5,1,14.796875,59.437500,37.117188,2464.000000,1243.750000,1,17.000000,59.046875,37.898438,2620.000000,1251.500000,1887.009309,30.286918,median_filtered_pair,1368.500000,-7.000000,9.103851,2.103851,7.000000,30.286918,0,0,3,0,0,0,,,,,,,0,,0,,,-27.604242,5,170.600815,115.288204,-27.604242,,,0,0,0,0,
41.646991,1785220704.917335033,reverse_align,-80,124,-26,gap_midpoint_reverse center=+30.3 entrySteer=+7.00 eq5=+2.10 pair=filtered,14,14,3,11,3,1,2,0,0,0,0,69,2,1,0,5,1,14.796875,59.437500,37.117188,2464.000000,1243.750000,1,17.000000,59.046875,37.898438,2620.000000,1251.500000,1887.009309,30.286918,median_filtered_pair,1368.500000,-7.000000,9.103851,2.103851,7.000000,30.286918,0,0,3,0,0,0,,,,,,,0,,0,,,-27.604242,5,170.600815,115.288204,-27.604242,,,0,0,0,0,
41.735176,1785220705.032083035,reverse_align,-80,121,-26,gap_midpoint_reverse center=+29.4 entrySteer=+6.87 eq5=+0.24 pair=filtered,13,13,3,10,2,1,2,0,0,0,0,70,2,1,0,5,1,14.796875,59.906250,37.351562,2464.000000,1230.500000,1,14.796875,59.437500,37.351562,2464.000000,1243.750000,1804.747231,29.422363,median_filtered_pair,1220.250000,-7.000000,7.238243,0.238243,6.865218,29.422363,0,0,3,0,0,0,,1200.000000,,,,,0,,0,,,-36.992002,5,210.807135,196.725335,-36.992002,,,0,0,0,0,
41.819970,1785220705.143373966,reverse_align,-80,121,-26,gap_midpoint_reverse center=+29.5 entrySteer=+6.87 eq5=+0.40 pair=filtered,11,11,2,9,2,1,2,0,0,0,0,71,2,1,0,5,1,14.796875,61.593750,38.195312,2464.000000,1188.500000,1,14.796875,59.906250,37.351562,2464.000000,1230.500000,1818.183622,29.456765,median_filtered_pair,1233.500000,-7.000000,7.396289,0.396289,6.873245,29.456765,0,0,3,0,0,0,,,,,,,0,,0,,,-21.640237,4,133.214750,2425.312186,-21.640237,,,0,0,0,0,
41.908314,1785220705.254597902,reverse_align,-80,122,-26,gap_midpoint_reverse center=+29.6 entrySteer=+6.91 eq5=+0.91 pair=filtered,12,12,4,8,2,1,2,0,0,0,0,72,2,1,0,5,1,14.796875,61.593750,38.195312,2464.000000,1188.500000,1,14.796875,61.593750,38.195312,2464.000000,1188.500000,1863.934623,29.602549,median_filtered_pair,1275.500000,-7.000000,7.908543,0.908543,6.907261,29.602549,0,0,3,0,0,0,,1187.750000,,,,,0,,0,,,-38.786781,4,177.392788,267.658955,-38.786781,,,0,0,0,0,
42.002182,1785220705.366247892,reverse_align,-80,122,-26,gap_midpoint_reverse center=+29.6 entrySteer=+6.91 eq5=+0.91 pair=filtered,11,11,4,7,2,1,2,0,0,0,0,73,2,1,0,5,1,12.906250,61.593750,37.250000,2379.750000,1188.500000,1,14.796875,61.593750,38.195312,2464.000000,1188.500000,1863.934623,29.602549,median_filtered_pair,1275.500000,-7.000000,7.908543,0.908543,6.907261,29.602549,0,0,3,0,0,0,,1145.750000,,,,,0,,0,,,,0,,,,,,0,0,0,0,
42.090209,1785220705.366247892,reverse_align,-80,122,-26,gap_midpoint_reverse center=+29.6 entrySteer=+6.91 eq5=+0.91 pair=filtered,11,11,4,7,2,1,2,0,0,0,0,73,2,1,0,5,1,12.906250,61.593750,37.250000,2379.750000,1188.500000,1,14.796875,61.593750,38.195312,2464.000000,1188.500000,1863.934623,29.602549,median_filtered_pair,1275.500000,-7.000000,7.908543,0.908543,6.907261,29.602549,0,0,3,0,0,0,,1145.750000,,,,,0,,0,,,,0,,,,,,0,0,0,0,
42.178401,1785220705.481223822,reverse_align,-80,117,-26,gap_midpoint_reverse center=+28.7 entrySteer=+6.69 eq5=-0.10 pair=filtered,9,9,3,6,3,1,2,0,0,0,0,74,2,1,0,5,1,11.906250,63.078125,37.492188,2301.750000,1164.000000,1,12.906250,61.593750,37.492188,2379.750000,1188.500000,1827.951433,28.660701,median_filtered_pair,1191.250000,-7.000000,6.898289,-0.101711,6.687497,28.660701,0,0,3,0,0,0,,,,,,,0,,0,,,,0,,,,,,0,0,0,0,
42.266153,1785220705.591754913,reverse_align,-80,117,-26,gap_midpoint_reverse center=+28.6 entrySteer=+6.66 eq5=-0.71 pair=filtered,14,14,4,10,2,1,2,0,0,0,0,75,2,1,0,5,1,11.906250,63.093750,37.500000,2301.750000,1157.000000,1,11.906250,63.078125,37.492188,2301.750000,1164.000000,1814.733952,28.559060,median_filtered_pair,1137.750000,-7.000000,6.292587,-0.707413,6.663781,28.559060,0,0,3,0,0,0,,,,,,,0,,0,,,,0,,,,,,0,0,0,0,
42.350127,1785220705.703039885,reverse_align,-80,116,-26,gap_midpoint_reverse center=+28.5 entrySteer=+6.65 eq5=-0.63 pair=filtered,13,13,5,8,2,1,2,0,0,0,0,76,2,1,0,5,1,11.906250,63.734375,37.820312,2301.750000,1128.250000,1,11.906250,63.093750,37.500000,2301.750000,1157.000000,1816.135542,28.491814,median_filtered_pair,1144.750000,-7.000000,6.370256,-0.629744,6.648090,28.491814,0,0,3,0,0,0,,,,,,,0,,0,,,,0,,,,,,0,0,0,0,
42.438292,1785220705.703039885,reverse_align,-80,116,-26,gap_midpoint_reverse center=+28.5 entrySteer=+6.65 eq5=-0.63 pair=filtered,13,13,5,8,2,1,2,0,0,0,0,76,2,1,0,5,1,11.906250,63.734375,37.820312,2301.750000,1128.250000,1,11.906250,63.093750,37.500000,2301.750000,1157.000000,1816.135542,28.491814,median_filtered_pair,1144.750000,-7.000000,6.370256,-0.629744,6.648090,28.491814,0,0,3,0,0,0,,,,,,,0,,0,,,,0,,,,,,0,0,0,0,
42.531588,1785220705.815083981,reverse_align,-80,116,-26,gap_midpoint_reverse center=+28.4 entrySteer=+6.62 eq5=-0.31 pair=filtered,14,14,4,10,2,1,2,0,0,0,0,77,2,1,0,5,1,11.906250,63.734375,37.820312,2301.750000,1128.250000,1,11.906250,63.734375,37.820312,2301.750000,1128.250000,1833.317873,28.382204,median_filtered_pair,1173.500000,-7.000000,6.694247,-0.305753,6.622514,28.382204,0,0,3,0,0,0,,,,,,,0,,0,,,,0,,,,,,0,0,0,0,
42.619591,1785220705.926092148,reverse_align,-80,116,-26,gap_midpoint_reverse center=+28.4 entrySteer=+6.62 eq5=-0.31 pair=filtered,16,16,4,12,2,1,2,0,0,0,0,78,2,1,0,5,1,8.578125,65.531250,37.054688,2125.000000,1101.000000,1,11.906250,63.734375,37.820312,2301.750000,1128.250000,1833.317873,28.382204,median_filtered_pair,1173.500000,-7.000000,6.694247,-0.305753,6.622514,28.382204,0,0,3,0,0,0,,1072.750000,,,,,0,,0,,,,0,,,,,,0,0,0,0,
42.706923,1785220706.041267872,reverse_align,-80,110,-26,gap_midpoint_reverse center=+27.3 entrySteer=+6.37 eq5=-1.90 pair=filtered,17,17,3,14,2,1,2,0,1,5,1,0,2,1,0,5,1,8.578125,65.531250,37.054688,2125.000000,1101.000000,1,8.578125,65.531250,37.054688,2125.000000,1101.000000,1782.165550,27.285433,median_filtered_pair,1024.000000,-7.000000,5.097244,-1.902756,6.366601,27.285433,0,0,3,0,0,0,,1065.750000,,,,,0,,0,,,-33.308530,6,162.790039,95.337551,-33.308530,,,0,0,0,0,
42.794663,1785220706.152677059,reverse_align,-80,110,-26,gap_midpoint_reverse center=+27.3 entrySteer=+6.37 eq5=-1.90 pair=filtered,12,12,5,7,2,1,2,0,0,0,0,1,2,1,0,5,1,8.578125,65.531250,37.054688,2125.000000,1101.000000,1,8.578125,65.531250,37.054688,2125.000000,1101.000000,1782.165550,27.285433,median_filtered_pair,1024.000000,-7.000000,5.097244,-1.902756,6.366601,27.285433,0,0,3,0,0,0,,1045.750000,,,,,0,,0,,,,0,,,,,,0,0,0,0,
42.881885,1785220706.152677059,reverse_align,-80,110,-26,gap_midpoint_reverse center=+27.3 entrySteer=+6.37 eq5=-1.90 pair=filtered,12,12,5,7,2,1,2,0,0,0,0,1,2,1,0,5,1,8.578125,65.531250,37.054688,2125.000000,1101.000000,1,8.578125,65.531250,37.054688,2125.000000,1101.000000,1782.165550,27.285433,median_filtered_pair,1024.000000,-7.000000,5.097244,-1.902756,6.366601,27.285433,0,0,3,0,0,0,,1045.750000,,,,,0,,0,,,,0,,,,,,0,0,0,0,
42.970328,1785220706.263689041,reverse_align,-80,110,-26,gap_midpoint_reverse center=+27.3 entrySteer=+6.37 eq5=-1.90 pair=filtered,10,10,3,7,2,1,2,0,0,0,0,2,2,1,0,5,1,8.359375,67.093750,37.726562,2110.000000,1083.500000,1,8.578125,65.531250,37.054688,2125.000000,1101.000000,1782.165550,27.285433,median_filtered_pair,1024.000000,-7.000000,5.097244,-1.902756,6.366601,27.285433,0,0,3,0,0,0,,1043.000000,,,,,0,,0,,,,0,,,,,,0,0,0,0,
43.063561,1785220706.374708891,reverse_align,-80,111,-26,gap_midpoint_reverse center=+27.5 entrySteer=+6.41 eq5=-1.88 pair=filtered,20,20,4,16,3,1,2,0,1,7,1,0,2,1,0,5,1,7.906250,68.281250,38.093750,2080.750000,1071.000000,1,8.359375,67.093750,37.726562,2110.000000,1083.500000,1803.602797,27.473958,median_filtered_pair,1026.500000,-7.000000,5.122164,-1.877836,6.410590,27.473958,0,0,3,0,0,0,,1030.500000,,,,,0,,0,,,-40.925915,7,211.719879,105.214443,-40.925915,,,0,0,0,0,
43.151271,1785220706.489182949,reverse_align,-80,112,-26,gap_midpoint_reverse center=+27.5 entrySteer=+6.43 eq5=-2.04 pair=filtered,17,17,3,14,2,1,2,1,1,4,2,0,3,1,0,5,1,7.390625,68.687500,38.039062,2050.500000,1055.000000,1,7.906250,68.281250,38.039062,2080.750000,1071.000000,1809.250811,27.536618,median_filtered_pair,1009.750000,-7.000000,4.956365,-2.043635,6.425211,27.536618,0,0,3,0,0,0,,1015.500000,,,,,0,,0,,,,0,,,,,,0,0,0,0,
43.240376,1785220706.600231886,reverse_align,-80,110,-26,gap_midpoint_reverse center=+27.2 entrySteer=+6.34 eq5=-2.18 pair=filtered,23,23,10,13,2,1,2,1,0,0,0,1,3,1,0,5,1,5.203125,68.078125,36.640625,1939.250000,1019.000000,1,7.390625,68.281250,38.039062,2050.500000,1055.000000,1792.428502,27.165781,median_filtered_pair,995.500000,-7.000000,4.817460,-2.182540,6.338682,27.165781,0,0,3,0,0,0,,1012.500000,,,,,0,,0,,,,0,,,,,,0,0,0,0,
43.329224,1785220706.600231886,reverse_align,-80,110,-26,gap_midpoint_reverse center=+27.2 entrySteer=+6.34 eq5=-2.18 pair=filtered,23,23,10,13,2,1,2,1,0,0,0,1,3,1,0,5,1,5.203125,68.078125,36.640625,1939.250000,1019.000000,1,7.390625,68.281250,38.039062,2050.500000,1055.000000,1792.428502,27.165781,median_filtered_pair,995.500000,-7.000000,4.817460,-2.182540,6.338682,27.165781,0,0,3,0,0,0,,1012.500000,,,,,0,,0,,,,0,,,,,,0,0,0,0,
43.416567,1785220706.712591887,reverse_align,-80,103,-26,gap_midpoint_reverse center=+25.9 entrySteer=+6.04 eq5=-2.88 pair=filtered,20,20,6,14,3,1,2,1,1,7,1,0,3,1,0,5,1,5.203125,68.078125,36.640625,1939.250000,1019.000000,1,5.203125,68.078125,36.640625,1939.250000,1019.000000,1731.218033,25.873638,median_filtered_pair,920.250000,-7.000000,4.116681,-2.883319,6.037182,25.873638,0,0,3,0,0,0,,998.750000,,,,,0,,0,,,-44.357491,7,217.850380,470.978533,-44.357491,,,0,0,0,0,
43.503559,1785220706.823644876,reverse_align,-80,103,-26,gap_midpoint_reverse center=+25.9 entrySteer=+6.04 eq5=-2.88 pair=filtered,13,13,3,10,2,1,2,1,0,0,0,1,3,1,0,5,1,5.062500,68.078125,36.570312,1927.500000,1019.000000,1,5.203125,68.078125,36.640625,1939.250000,1019.000000,1731.218033,25.873638,median_filtered_pair,920.250000,-7.000000,4.116681,-2.883319,6.037182,25.873638,0,0,3,0,0,0,,995.250000,,,,,0,,0,,,,0,,,,,,0,0,0,0,
43.594946,1785220706.934887886,reverse_align,-80,103,-26,gap_midpoint_reverse center=+25.9 entrySteer=+6.04 eq5=-2.99 pair=filtered,18,18,8,10,2,1,2,1,0,0,0,2,3,1,0,5,1,4.656250,68.078125,36.367188,1875.500000,1019.000000,1,5.062500,68.078125,36.570312,1927.500000,1019.000000,1723.712826,25.867440,median_filtered_pair,908.500000,-7.000000,4.012226,-2.987774,6.035736,25.867440,0,0,3,0,0,0,,986.250000,,,,,0,,0,,,,0,,,,,,0,0,0,0,
43.681931,1785220707.046325922,reverse_align,-80,104,-26,gap_midpoint_reverse center=+26.0 entrySteer=+6.07 eq5=-3.43 pair=filtered,16,16,8,8,3,1,2,0,0,0,0,3,3,1,0,5,1,4.656250,68.078125,36.367188,1875.500000,1019.000000,1,4.656250,68.078125,36.367188,1875.500000,1019.000000,1686.923395,26.006049,median_filtered_pair,856.500000,-7.000000,3.566073,-3.433927,6.068078,26.006049,0,0,3,0,0,0,,981.000000,,,,,0,,0,,,,0,,,,,,0,0,0,0,
43.766557,1785220707.046325922,reverse_align,-80,104,-26,gap_midpoint_reverse center=+26.0 entrySteer=+6.07 eq5=-3.43 pair=filtered,16,16,8,8,3,1,2,0,0,0,0,3,3,1,0,5,1,4.656250,68.078125,36.367188,1875.500000,1019.000000,1,4.656250,68.078125,36.367188,1875.500000,1019.000000,1686.923395,26.006049,median_filtered_pair,856.500000,-7.000000,3.566073,-3.433927,6.068078,26.006049,0,0,3,0,0,0,,981.000000,,,,,0,,0,,,,0,,,,,,0,0,0,0,
43.851678,1785220707.160997152,reverse_align,-80,104,-26,gap_midpoint_reverse center=+26.0 entrySteer=+6.07 eq5=-3.43 pair=filtered,21,21,9,12,2,1,2,0,1,4,1,0,3,1,0,5,1,4.656250,69.656250,37.156250,1875.500000,1007.750000,1,4.656250,68.078125,36.367188,1875.500000,1019.000000,1686.923395,26.006049,median_filtered_pair,856.500000,-7.000000,3.566073,-3.433927,6.068078,26.006049,0,0,3,0,0,0,,970.750000,,,,,0,,0,,,-42.278872,4,105.380657,334.389363,-42.278872,,,0,0,0,0,
43.938535,1785220707.272320032,reverse_align,-80,106,-26,gap_midpoint_reverse center=+26.3 entrySteer=+6.14 eq5=-3.34 pair=filtered,15,15,5,10,3,1,2,0,0,0,0,1,3,1,0,5,1,1.421875,69.656250,35.539062,1732.250000,1007.750000,1,4.656250,69.656250,36.367188,1875.500000,1007.750000,1713.339895,26.302411,median_filtered_pair,867.750000,-7.000000,3.660368,-3.339632,6.137229,26.302411,0,0,3,0,0,0,,975.500000,,,,,0,,0,,,,0,,,,,,0,0,0,0,
44.026351,1785220707.383977890,reverse_align,-80,101,-26,gap_midpoint_reverse center=+25.4 entrySteer=+5.92 eq5=-4.45 pair=filtered,14,14,4,10,2,1,2,0,1,4,1,0,3,1,0,5,1,1.421875,71.500000,36.460938,1732.250000,990.750000,1,1.421875,69.656250,36.460938,1732.250000,1007.750000,1649.733364,25.382889,median_filtered_pair,724.500000,-7.000000,2.551598,-4.448402,5.922674,25.382889,0,0,3,0,0,0,,958.250000,,,,,0,,0,,,-28.919092,4,244.675309,24.714268,-28.919092,,,0,0,0,0,
44.118196,1785220707.383977890,reverse_align,-80,101,-26,gap_midpoint_reverse center=+25.4 entrySteer=+5.92 eq5=-4.45 pair=filtered,14,14,4,10,2,1,2,0,1,4,1,0,3,1,0,5,1,1.421875,71.500000,36.460938,1732.250000,990.750000,1,1.421875,69.656250,36.460938,1732.250000,1007.750000,1649.733364,25.382889,median_filtered_pair,724.500000,-7.000000,2.551598,-4.448402,5.922674,25.382889,0,0,3,0,0,0,,958.250000,,,,,0,,0,,,-28.919092,4,244.675309,24.714268,-28.919092,,,0,0,0,0,
44.205490,1785220707.494510174,reverse_align,-80,102,-26,gap_midpoint_reverse center=+25.7 entrySteer=+5.99 eq5=-4.33 pair=filtered,13,13,7,6,2,1,2,0,0,0,0,1,3,1,0,5,1,1.421875,71.500000,36.460938,1732.250000,990.750000,1,1.421875,71.500000,36.460938,1732.250000,990.750000,1677.112562,25.650429,median_filtered_pair,741.500000,-7.000000,2.672747,-4.327253,5.985100,25.650429,0,0,3,0,0,0,,966.750000,,,,,0,,0,,,,0,,,,,,0,0,0,0,
44.291675,1785220707.609764099,reverse_align,-80,102,-26,gap_midpoint_reverse center=+25.7 entrySteer=+5.99 eq5=-4.33 pair=filtered,21,21,6,15,3,1,2,0,1,4,1,0,3,1,0,5,1,-0.390625,72.750000,36.179688,1668.750000,986.000000,1,1.421875,71.500000,36.460938,1732.250000,990.750000,1677.112562,25.650429,median_filtered_pair,741.500000,-7.000000,2.672747,-4.327253,5.985100,25.650429,0,0,3,0,0,0,,952.250000,,,,,0,,0,,,-32.786233,4,255.173323,24.832798,-32.786233,,,0,0,0,0,
44.377809,1785220707.720420122,reverse_align,-80,101,-26,gap_midpoint_reverse center=+25.4 entrySteer=+5.92 eq5=-4.73 pair=filtered,16,16,3,13,2,1,2,0,0,0,0,1,3,1,0,5,1,-0.500000,72.750000,36.125000,1648.000000,986.000000,1,-0.390625,72.750000,36.179688,1668.750000,986.000000,1674.072823,25.377905,median_filtered_pair,682.750000,-7.000000,2.265995,-4.734005,5.921511,25.377905,0,0,3,0,0,0,,954.500000,,,,,0,,0,,,,0,,,,,,0,0,0,0,
44.461798,1785220707.832018852,reverse_align,-80,102,-26,gap_midpoint_reverse center=+25.5 entrySteer=+5.96 eq5=-4.87 pair=filtered,19,19,8,11,4,1,2,0,1,4,1,0,3,1,0,5,1,-0.500000,68.703125,34.101562,1648.000000,1180.500000,1,-0.500000,72.750000,36.125000,1648.000000,986.000000,1658.765694,25.542798,median_filtered_pair,662.000000,-7.000000,2.130353,-4.869647,5.959986,25.542798,0,0,3,0,0,0,,946.750000,,,,,0,,0,,,-9.384452,4,108.253715,334.860622,-9.384452,,,0,0,0,0,
44.544227,1785220707.832018852,reverse_align,-80,102,-26,gap_midpoint_reverse center=+25.5 entrySteer=+5.96 eq5=-4.87 pair=filtered,19,19,8,11,4,1,2,0,1,4,1,0,3,1,0,5,1,-0.500000,68.703125,34.101562,1648.000000,1180.500000,1,-0.500000,72.750000,36.125000,1648.000000,986.000000,1658.765694,25.542798,median_filtered_pair,662.000000,-7.000000,2.130353,-4.869647,5.959986,25.542798,0,0,3,0,0,0,,946.750000,,,,,0,,0,,,-9.384452,4,108.253715,334.860622,-9.384452,,,0,0,0,0,
44.636931,1785220707.943181992,reverse_align,-80,112,-26,gap_midpoint_reverse center=+27.6 entrySteer=+6.44 eq5=-5.94 pair=filtered,14,14,4,10,4,1,2,1,1,3,2,0,4,1,0,5,1,-1.640625,68.703125,33.531250,1596.750000,1180.500000,1,-0.500000,68.703125,34.101562,1648.000000,1180.500000,1651.661895,27.596391,median_filtered_pair,467.500000,-7.000000,1.062426,-5.937574,6.439158,27.596391,0,0,3,0,0,0,,941.500000,,,,,0,,0,,,,0,,,,,,0,0,0,0,
44.721747,1785220708.058655024,reverse_align,-80,112,-26,gap_midpoint_reverse center=+27.5 entrySteer=+6.42 eq5=-6.16 pair=filtered,14,14,5,9,4,1,2,1,0,0,0,1,4,1,0,5,1,-3.109375,68.703125,32.796875,1519.750000,1180.500000,1,-1.640625,68.703125,33.531250,1596.750000,1180.500000,1635.566236,27.502165,median_filtered_pair,416.250000,-7.000000,0.842256,-6.157744,6.417172,27.502165,0,0,3,0,0,0,,939.750000,,,,,0,,0,,,,0,,,,,,0,0,0,0,
44.808574,1785220708.170032978,reverse_align,-80,115,-26,gap_midpoint_reverse center=+28.1 entrySteer=+6.57 eq5=-6.35 pair=filtered,18,18,7,11,3,1,2,1,1,5,1,0,4,1,0,5,1,-1.625000,76.703125,37.539062,1545.250000,954.500000,1,-1.640625,68.703125,33.531250,1545.250000,1180.500000,1598.175337,28.144260,median_filtered_pair,364.750000,-7.000000,0.646735,-6.353265,6.566994,28.144260,0,0,3,0,0,0,,934.500000,,,,,0,,0,,,31.318388,5,327.168828,13.538840,31.318388,,,0,0,0,0,
44.896475,1785220708.170032978,reverse_align,-80,115,-26,gap_midpoint_reverse center=+28.1 entrySteer=+6.57 eq5=-6.35 pair=filtered,18,18,7,11,3,1,2,1,1,5,1,0,4,1,0,5,1,-1.625000,76.703125,37.539062,1545.250000,954.500000,1,-1.640625,68.703125,33.531250,1545.250000,1180.500000,1598.175337,28.144260,median_filtered_pair,364.750000,-7.000000,0.646735,-6.353265,6.566994,28.144260,0,0,3,0,0,0,,934.500000,,,,,0,,0,,,31.318388,5,327.168828,13.538840,31.318388,,,0,0,0,0,
44.986143,1785220708.281058073,reverse_align,-80,115,-26,gap_midpoint_reverse center=+28.2 entrySteer=+6.59 eq5=-6.35 pair=filtered,24,24,5,19,4,1,2,1,1,5,2,0,4,1,0,5,1,-1.625000,68.875000,33.625000,1545.250000,1201.250000,1,-1.625000,68.875000,33.625000,1545.250000,1180.500000,1601.105394,28.222488,median_filtered_pair,364.750000,-7.000000,0.646735,-6.353265,6.585247,28.222488,0,0,3,0,0,0,,927.250000,,,,,0,,0,,,26.238681,6,465.925221,38.878764,26.238681,,,0,0,0,0,
45.075358,1785220708.392474890,reverse_align,-80,117,-26,gap_midpoint_reverse center=+28.6 entrySteer=+6.67 eq5=-6.42 pair=filtered,19,19,7,12,3,1,2,1,1,4,3,0,4,1,0,5,1,-1.625000,68.875000,33.625000,1545.250000,1201.250000,1,-1.625000,68.875000,33.625000,1545.250000,1201.250000,1609.830261,28.566467,median_filtered_pair,344.000000,-7.000000,0.575244,-6.424756,6.665509,28.566467,0,0,3,0,0,0,,932.250000,,,,,0,,0,,,32.350139,4,321.013957,14.143585,32.350139,,,0,0,0,0,
45.167517,1785220708.503564119,reverse_align,-80,117,-26,gap_midpoint_reverse center=+28.6 entrySteer=+6.67 eq5=-6.42 pair=filtered,22,22,10,12,4,1,2,1,1,4,4,0,4,1,0,5,1,-1.625000,68.875000,33.625000,1545.250000,1201.250000,1,-1.625000,68.875000,33.625000,1545.250000,1201.250000,1609.830261,28.566467,median_filtered_pair,344.000000,-7.000000,0.575244,-6.424756,6.665509,28.566467,0,0,3,0,0,0,,944.000000,,,,,0,,0,,,31.244841,4,316.094382,143.106071,31.244841,,,0,0,0,0,
45.254128,1785220708.618505955,reverse_align,-80,117,-26,gap_midpoint_reverse center=+28.6 entrySteer=+6.67 eq5=-6.42 pair=filtered,25,25,10,15,3,1,2,1,1,6,5,0,4,1,0,5,1,-1.625000,68.875000,33.625000,1545.250000,1201.250000,1,-1.625000,68.875000,33.625000,1545.250000,1201.250000,1609.830261,28.566467,median_filtered_pair,344.000000,-7.000000,0.575244,-6.424756,6.665509,28.566467,0,0,3,0,0,0,,917.750000,,,,,0,,0,,,23.746621,6,368.648579,14.520230,23.746621,,,0,0,0,0,
45.340045,1785220708.618505955,reverse_align,-80,117,-26,gap_midpoint_reverse center=+28.6 entrySteer=+6.67 eq5=-6.42 pair=filtered,25,25,10,15,3,1,2,1,1,6,5,0,4,1,0,5,1,-1.625000,68.875000,33.625000,1545.250000,1201.250000,1,-1.625000,68.875000,33.625000,1545.250000,1201.250000,1609.830261,28.566467,median_filtered_pair,344.000000,-7.000000,0.575244,-6.424756,6.665509,28.566467,0,0,3,0,0,0,,917.750000,,,,,0,,0,,,23.746621,6,368.648579,14.520230,23.746621,,,0,0,0,0,
45.430096,1785220708.729990959,reverse_align,-80,117,-26,gap_midpoint_reverse center=+28.6 entrySteer=+6.67 eq5=-6.42 pair=filtered,35,35,21,14,4,1,2,1,1,7,6,0,4,1,0,5,1,-3.500000,68.875000,32.687500,1467.000000,1201.250000,1,-1.625000,68.875000,33.625000,1545.250000,1201.250000,1609.830261,28.566467,median_filtered_pair,344.000000,-7.000000,0.575244,-6.424756,6.665509,28.566467,0,0,3,0,0,0,,911.250000,,,,,0,,0,,,22.394067,7,404.608554,16.710839,22.394067,,,0,0,0,0,
45.519805,1785220708.841675997,reverse_align,-80,117,-26,gap_midpoint_reverse center=+28.5 entrySteer=+6.65 eq5=-6.66 pair=filtered,28,28,14,14,5,1,2,1,1,6,7,0,4,1,0,5,1,-3.500000,73.875000,35.187500,1467.000000,1120.500000,1,-3.500000,68.875000,33.625000,1467.000000,1201.250000,1589.947155,28.520253,median_filtered_pair,265.750000,-7.000000,0.343307,-6.656693,6.654726,28.520253,0,0,3,0,0,0,,899.500000,,,,,0,,0,,,27.592801,6,415.381957,15.573387,27.592801,,,0,0,0,0,
45.609253,1785220708.951857805,reverse_align,-80,119,-26,gap_midpoint_reverse center=+29.1 entrySteer=+6.78 eq5=-6.42 pair=filtered,36,36,22,14,5,1,2,1,1,5,8,0,4,1,0,5,1,-3.500000,73.875000,35.187500,1467.000000,1120.500000,1,-3.500000,73.875000,35.187500,1467.000000,1120.500000,1639.833297,29.066685,median_filtered_pair,346.500000,-7.000000,0.583636,-6.416364,6.782227,29.066685,0,0,3,0,0,0,,907.500000,,,,,0,,0,,,23.947028,5,408.405341,15.333695,23.947028,,,0,0,0,0,
45.703777,1785220709.063327074,reverse_align,-80,119,-26,gap_midpoint_reverse center=+29.1 entrySteer=+6.78 eq5=-6.42 pair=filtered,33,33,18,15,5,1,2,1,1,7,9,0,4,1,0,5,1,-6.140625,71.546875,32.703125,1374.500000,1191.750000,1,-3.500000,73.875000,35.187500,1467.000000,1120.500000,1639.833297,29.066685,median_filtered_pair,346.500000,-7.000000,0.583636,-6.416364,6.782227,29.066685,0,0,3,0,0,0,,950.500000,,,,,0,,0,,,18.780363,7,534.156816,30.771730,18.780363,,,0,0,0,0,
45.792024,1785220709.063327074,reverse_align,-80,119,-26,gap_midpoint_reverse center=+29.1 entrySteer=+6.78 eq5=-6.42 pair=filtered,33,33,18,15,5,1,2,1,1,7,9,0,4,1,0,5,1,-6.140625,71.546875,32.703125,1374.500000,1191.750000,1,-3.500000,73.875000,35.187500,1467.000000,1120.500000,1639.833297,29.066685,median_filtered_pair,346.500000,-7.000000,0.583636,-6.416364,6.782227,29.066685,0,0,3,0,0,0,,950.500000,,,,,0,,0,,,18.780363,7,534.156816,30.771730,18.780363,,,0,0,0,0,
45.880437,1785220709.178369045,reverse_align,-80,121,-26,gap_midpoint_reverse center=+29.4 entrySteer=+6.86 eq5=-6.84 pair=filtered,23,23,5,18,5,1,2,1,1,11,10,0,4,1,0,5,1,-6.140625,70.140625,32.000000,1374.500000,1223.250000,1,-6.140625,71.546875,32.703125,1374.500000,1191.750000,1615.830043,29.421025,median_filtered_pair,182.750000,-7.000000,0.162349,-6.837651,6.864906,29.421025,0,0,3,0,0,0,,920.500000,,,,,0,,0,,,21.679606,11,585.430279,30.661343,21.679606,,,0,0,0,0,
45.967301,1785220709.289893150,reverse_align,-80,121,-26,gap_midpoint_reverse center=+29.4 entrySteer=+6.86 eq5=-6.89 pair=filtered,32,32,14,18,5,1,2,1,1,11,11,0,4,1,0,5,1,-6.500000,70.140625,31.820312,1353.250000,1223.250000,1,-6.140625,70.140625,32.000000,1374.500000,1223.250000,1608.758126,29.382276,median_filtered_pair,151.250000,-7.000000,0.111206,-6.888794,6.855864,29.382276,0,0,3,0,0,0,,947.000000,,,,,0,,0,,,19.467280,11,608.710114,47.727711,19.467280,,,0,0,0,0,
46.055484,1785220709.401001930,reverse_align,-80,122,-26,gap_midpoint_reverse center=+29.5 entrySteer=+6.89 eq5=-6.92 pair=filtered,28,28,11,17,5,1,2,1,1,12,12,0,4,1,0,5,1,-8.453125,70.140625,30.843750,1262.500000,1223.250000,1,-6.500000,70.140625,31.820312,1353.250000,1223.250000,1600.829788,29.536748,median_filtered_pair,130.000000,-7.000000,0.082153,-6.917847,6.891908,29.536748,0,0,3,0,0,0,,950.500000,,,,,0,,0,,,19.776163,12,612.198711,38.686822,19.776163,,,0,0,0,0,
46.144332,1785220709.512598038,reverse_align,-80,124,-26,gap_midpoint_reverse center=+30.1 entrySteer=+7.00 eq5=-6.99 pair=filtered,39,39,24,15,5,1,2,1,1,11,13,0,4,1,0,5,1,-8.453125,70.140625,30.843750,1262.500000,1223.250000,1,-8.453125,70.140625,30.843750,1262.500000,1223.250000,1574.614580,30.103385,median_filtered_pair,39.250000,-7.000000,0.007489,-6.992511,7.000000,30.103385,0,0,3,0,0,0,,949.500000,,,,,0,42.568687,4,139.676769,123.546720,20.213086,11,573.805430,20.662889,20.213086,,,0,0,0,0,
46.239706,1785220709.512598038,reverse_align,-80,124,-26,gap_midpoint_reverse center=+30.1 entrySteer=+7.00 eq5=-6.99 pair=filtered,39,39,24,15,5,1,2,1,1,11,13,0,4,1,0,5,1,-8.453125,70.140625,30.843750,1262.500000,1223.250000,1,-8.453125,70.140625,30.843750,1262.500000,1223.250000,1574.614580,30.103385,median_filtered_pair,39.250000,-7.000000,0.007489,-6.992511,7.000000,30.103385,0,0,3,0,0,0,,949.500000,,,,,0,42.568687,4,139.676769,123.546720,20.213086,11,573.805430,20.662889,20.213086,,,0,0,0,0,
46.327486,1785220709.623301983,reverse_align,-80,124,-26,gap_midpoint_reverse center=+30.1 entrySteer=+7.00 eq5=-6.99 pair=filtered,38,38,19,19,4,1,2,1,1,9,14,0,4,1,0,5,1,-8.453125,70.140625,30.843750,1262.500000,1223.250000,1,-8.453125,70.140625,30.843750,1262.500000,1223.250000,1574.614580,30.103385,median_filtered_pair,39.250000,-7.000000,0.007489,-6.992511,7.000000,30.103385,0,0,3,0,0,0,,912.750000,,,,,0,33.879181,4,173.229801,104.519355,28.427676,9,465.832856,2751.109001,29.905408,,,0,0,0,0,
46.416453,1785220709.737864971,reverse_align,-80,124,-26,gap_midpoint_reverse center=+30.1 entrySteer=+7.00 eq5=-6.99 pair=filtered,32,32,18,14,4,1,2,1,1,9,15,0,4,1,0,5,1,-8.453125,70.421875,30.984375,1262.500000,1229.000000,1,-8.453125,70.140625,30.843750,1262.500000,1223.250000,1574.614580,30.103385,median_filtered_pair,39.250000,-7.000000,0.007489,-6.992511,7.000000,30.103385,0,0,3,0,0,0,,912.250000,,,,,0,40.985471,5,159.097505,128.123725,24.505976,9,494.604663,15.097698,31.969673,,,0,0,0,0,
46.504052,1785220709.849497080,reverse_align,-80,124,-26,gap_midpoint_reverse center=+30.4 entrySteer=+7.00 eq5=-6.99 pair=filtered,38,38,18,20,4,1,2,1,1,9,16,0,4,1,0,5,1,-8.453125,70.421875,30.984375,1262.500000,1229.000000,1,-8.453125,70.421875,30.984375,1262.500000,1229.000000,1582.902278,30.350756,median_filtered_pair,33.500000,-7.000000,0.005455,-6.994545,7.000000,30.350756,0,0,3,0,0,0,,987.250000,,,,,0,,0,,,27.550153,9,303.598904,2410.579336,27.550153,,,0,0,0,0,
46.591996,1785220709.960808992,reverse_align,-80,124,-26,gap_midpoint_reverse center=+30.4 entrySteer=+7.00 eq5=-6.99 pair=filtered,40,40,19,21,4,1,2,1,1,11,17,0,4,1,0,5,1,-10.656250,71.718750,30.531250,1198.250000,1209.250000,1,-8.453125,70.421875,30.984375,1262.500000,1229.000000,1582.902278,30.350756,median_filtered_pair,33.500000,-7.000000,0.005455,-6.994545,7.000000,30.350756,0,0,3,0,0,0,,915.500000,,,,,0,68.707972,6,297.055029,6.424704,26.820856,11,516.293858,6530.472279,26.820856,,,0,0,0,0,
46.680200,1785220709.960808992,reverse_align,-80,124,-26,gap_midpoint_reverse center=+30.4 entrySteer=+7.00 eq5=-6.99 pair=filtered,40,40,19,21,4,1,2,1,1,11,17,0,4,1,0,5,1,-10.656250,71.718750,30.531250,1198.250000,1209.250000,1,-8.453125,70.421875,30.984375,1262.500000,1229.000000,1582.902278,30.350756,median_filtered_pair,33.500000,-7.000000,0.005455,-6.994545,7.000000,30.350756,0,0,3,0,0,0,,915.500000,,,,,0,68.707972,6,297.055029,6.424704,26.820856,11,516.293858,6530.472279,26.820856,,,0,0,0,0,
46.772369,1785220710.072015762,reverse_align,-80,124,-26,gap_midpoint_reverse center=+30.8 entrySteer=+7.00 eq5=-7.00 pair=filtered,30,30,14,16,3,1,2,1,1,8,18,0,4,1,0,5,1,-10.656250,73.000000,31.171875,1198.250000,1190.250000,1,-10.656250,71.718750,30.984375,1198.250000,1209.250000,1585.421255,30.760326,median_filtered_pair,-11.000000,-7.000000,-0.000588,-7.000000,7.000000,30.760326,0,0,3,0,0,0,,983.250000,,,,,0,34.274264,6,202.509508,281.218918,26.030485,8,329.377134,2162.960420,29.169206,,,0,0,0,0,
46.861606,1785220710.183840036,reverse_align,-80,124,-26,gap_midpoint_reverse center=+31.0 entrySteer=+7.00 eq5=-7.00 pair=filtered,34,34,13,21,3,1,2,1,1,10,19,0,4,1,0,5,1,-12.343750,73.000000,30.328125,1128.250000,1190.250000,1,-10.656250,73.000000,30.531250,1198.250000,1190.250000,1592.897803,31.000123,median_filtered_pair,8.000000,-7.000000,0.000311,-6.999689,7.000000,31.000123,0,0,3,0,0,0,,928.750000,,,,,0,34.809849,5,138.688879,392.838921,25.285545,10,505.972812,4823.216669,27.334550,,,0,0,0,0,
46.950336,1785220710.295039892,reverse_align,-80,124,-26,gap_midpoint_reverse center=+31.7 entrySteer=+7.00 eq5=-7.00 pair=filtered,47,47,24,23,3,1,2,1,1,11,20,0,4,1,0,5,1,-12.343750,73.656250,30.656250,1128.250000,1185.750000,1,-12.343750,73.000000,30.656250,1128.250000,1190.250000,1572.137635,31.740294,median_filtered_pair,-62.000000,-7.000000,-0.018686,-7.000000,7.000000,31.740294,0,0,3,0,0,0,,990.500000,,,,,0,43.600827,10,432.437109,7.964119,23.785443,11,488.175204,9783.948343,27.748345,,,0,0,0,0,
47.039025,1785220710.295039892,reverse_align,-80,124,-26,gap_midpoint_reverse center=+31.7 entrySteer=+7.00 eq5=-7.00 pair=filtered,47,47,24,23,3,1,2,1,1,11,20,0,4,1,0,5,1,-12.343750,73.656250,30.656250,1128.250000,1185.750000,1,-12.343750,73.000000,30.656250,1128.250000,1190.250000,1572.137635,31.740294,median_filtered_pair,-62.000000,-7.000000,-0.018686,-7.000000,7.000000,31.740294,0,0,3,0,0,0,,990.500000,,,,,0,43.600827,10,432.437109,7.964119,23.785443,11,488.175204,9783.948343,27.748345,,,0,0,0,0,
47.127369,1785220710.411128998,reverse_align,-80,124,-26,gap_midpoint_reverse center=+32.0 entrySteer=+7.00 eq5=-7.00 pair=filtered,35,35,16,19,3,1,2,1,1,10,21,0,4,1,0,5,1,-12.343750,73.656250,30.656250,1128.250000,1185.750000,1,-12.343750,73.656250,30.656250,1128.250000,1185.750000,1578.704397,31.983661,median_filtered_pair,-57.500000,-7.000000,-0.016072,-7.000000,7.000000,31.983661,0,0,3,0,0,0,,982.000000,,,,,0,31.942953,11,423.540556,21.055294,23.215341,10,488.447711,4216.221194,25.699512,,,0,0,0,0,
47.214236,1785220710.521392107,reverse_align,-80,124,-26,gap_midpoint_reverse center=+32.0 entrySteer=+7.00 eq5=-7.00 pair=filtered,40,40,20,20,2,1,2,1,1,10,22,0,4,1,0,5,1,-12.343750,74.484375,31.070312,1128.250000,1176.250000,1,-12.343750,73.656250,30.656250,1128.250000,1185.750000,1578.704397,31.983661,median_filtered_pair,-57.500000,-7.000000,-0.016072,-7.000000,7.000000,31.983661,0,0,3,0,0,0,,975.750000,,,,,0,24.546181,8,411.822283,313.514769,23.065880,10,370.746994,1953.777523,23.844879,,,0,0,0,0,
47.306694,1785220710.632204056,reverse_align,-80,124,-26,gap_midpoint_reverse center=+32.2 entrySteer=+7.00 eq5=-7.00 pair=filtered,35,35,16,19,2,1,2,1,1,12,23,0,4,1,0,5,1,-12.515625,74.484375,30.984375,1131.750000,1176.250000,1,-12.343750,74.484375,30.984375,1128.250000,1176.250000,1584.187836,32.199267,median_filtered_pair,-48.000000,-7.000000,-0.011200,-7.000000,7.000000,32.199267,0,0,3,0,0,0,,981.750000,,,,,0,23.247004,10,436.920487,728.435191,22.672160,12,372.263943,2557.671391,22.982548,,,0,0,0,0,
47.396886,1785220710.747269154,reverse_align,-80,124,-26,gap_midpoint_reverse center=+32.1 entrySteer=+7.00 eq5=-7.00 pair=filtered,48,48,22,26,2,1,2,1,1,12,24,0,4,1,0,5,1,-12.562500,76.140625,31.789062,1108.000000,1154.750000,1,-12.515625,74.484375,31.070312,1128.250000,1176.250000,1586.695183,32.116725,median_filtered_pair,-48.000000,-7.000000,-0.011200,-7.000000,7.000000,32.116725,0,0,3,0,0,0,,980.000000,,,,,0,22.686171,13,469.980357,424.295328,21.757576,12,362.956017,1647.242464,22.281531,,,0,0,0,0,
47.484654,1785220710.747269154,reverse_align,-80,124,-26,gap_midpoint_reverse center=+32.1 entrySteer=+7.00 eq5=-7.00 pair=filtered,48,48,22,26,2,1,2,1,1,12,24,0,4,1,0,5,1,-12.562500,76.140625,31.789062,1108.000000,1154.750000,1,-12.515625,74.484375,31.070312,1128.250000,1176.250000,1586.695183,32.116725,median_filtered_pair,-48.000000,-7.000000,-0.011200,-7.000000,7.000000,32.116725,0,0,3,0,0,0,,980.000000,,,,,0,22.686171,13,469.980357,424.295328,21.757576,12,362.956017,1647.242464,22.281531,,,0,0,0,0,
47.573339,1785220710.858673811,reverse_align,-80,124,-26,gap_midpoint_reverse center=+32.9 entrySteer=+7.00 eq5=-7.00 pair=filtered,54,54,27,27,3,1,2,1,1,13,25,0,4,1,0,5,1,-17.437500,76.281250,29.421875,1014.750000,1154.500000,1,-12.562500,76.140625,30.984375,1108.000000,1154.750000,1582.149135,32.946180,median_filtered_pair,-46.750000,-7.000000,-0.010624,-7.000000,7.000000,32.946180,0,0,3,0,0,0,,981.750000,,,,,0,21.843942,13,482.946302,732.939462,21.570586,13,393.938213,1221.245043,21.721138,,,0,0,0,0,
47.661602,1785220710.969624996,reverse_align,-80,124,-26,gap_midpoint_reverse center=+33.4 entrySteer=+7.00 eq5=-7.00 pair=filtered,38,38,15,23,3,1,2,1,1,12,26,0,4,1,0,5,1,-18.468750,76.828125,29.179688,971.750000,1151.000000,1,-17.437500,76.281250,29.421875,1014.750000,1154.500000,1585.735128,33.354563,median_filtered_pair,-139.750000,-7.000000,-0.094938,-7.000000,7.000000,33.354563,0,0,3,0,0,0,,991.750000,,,,,0,22.110965,11,517.933604,1011.766508,20.238821,12,355.027296,2231.054475,21.349577,,,0,0,0,0,
47.750305,1785220711.083124876,reverse_align,-80,124,-26,gap_midpoint_reverse center=+34.5 entrySteer=+7.00 eq5=-7.00 pair=filtered,47,47,24,23,3,1,2,1,1,12,27,0,4,1,0,5,1,-18.468750,77.078125,29.304688,971.750000,1152.500000,1,-18.468750,76.828125,29.304688,971.750000,1152.500000,1574.589485,34.512369,median_filtered_pair,-180.750000,-7.000000,-0.158815,-7.000000,7.000000,34.512369,0,0,3,0,0,0,,991.250000,,,,,0,20.640337,17,533.210299,1260.338486,19.783723,12,382.234135,1744.990801,20.282667,,,0,0,0,0,
47.844799,1785220711.192928076,reverse_align,-80,124,-26,gap_midpoint_reverse center=+34.6 entrySteer=+7.00 eq5=-7.00 pair=filtered,48,48,22,26,3,1,2,1,1,13,28,0,4,1,0,5,1,-18.468750,78.328125,29.929688,971.750000,1140.750000,1,-18.468750,77.078125,29.304688,971.750000,1151.000000,1576.491234,34.620197,median_filtered_pair,-179.250000,-7.000000,-0.156190,-7.000000,7.000000,34.620197,0,0,3,0,0,0,,1000.000000,,,,,0,20.058903,19,562.728814,1064.617839,18.799654,13,383.876020,2094.089861,19.548241,,,0,0,0,0,
47.936148,1785220711.306754112,parallel_forward,35,-112,-26,parallel_forward heading=+19.1 target<=10.0 steer=-4.00 ready=0/2,44,44,23,21,3,1,2,1,1,11,29,0,4,1,1,5,1,-18.703125,78.328125,29.812500,945.750000,1140.750000,1,-18.468750,77.078125,29.304688,971.750000,1151.000000,1576.491234,34.620197,median_filtered_pair,,,,-4.000000,-4.000000,,0,0,3,0,0,1,613.500000,1007.750000,,,,,0,19.232595,19,563.262179,716.791882,18.890367,11,349.732024,3620.169229,19.101501,19.101501,inf,0,1,0,1,19.101501
48.027810,1785220711.306754112,parallel_forward,35,-112,-26,parallel_forward heading=+19.1 target<=10.0 steer=-4.00 ready=0/2,44,44,23,21,3,1,2,1,1,11,29,0,4,1,1,5,1,-18.703125,78.328125,29.812500,945.750000,1140.750000,1,-18.468750,77.078125,29.304688,971.750000,1151.000000,1576.491234,34.620197,median_filtered_pair,,,,-4.000000,-4.000000,,0,0,3,0,0,1,613.500000,1007.750000,,,,,0,19.232595,19,563.262179,716.791882,18.890367,11,349.732024,3620.169229,19.101501,19.101501,inf,0,1,0,1,19.101501
48.119156,1785220711.418941021,parallel_forward,35,-112,-26,parallel_forward heading=+18.9 target<=10.0 steer=-4.00 ready=0/2,42,42,23,19,2,1,2,1,1,12,30,0,4,1,1,5,1,-18.703125,79.843750,30.570312,945.750000,1124.000000,1,-18.468750,77.078125,29.304688,971.750000,1151.000000,1576.491234,34.620197,median_filtered_pair,,,,-4.000000,-4.000000,,0,0,3,0,0,1,593.500000,1017.250000,,,,,0,19.358404,21,616.175054,1341.204151,17.402742,12,350.734354,4125.687061,18.649012,18.875256,0.452489,0,1,0,2,19.101501
48.208751,1785220711.530285120,parallel_forward,35,-112,-26,parallel_forward heading=+18.6 target<=10.0 steer=-4.00 ready=0/2,48,48,26,22,2,1,2,1,1,11,31,0,4,1,1,5,1,-18.703125,79.937500,30.617188,945.750000,1125.750000,1,-18.468750,77.078125,29.304688,971.750000,1151.000000,1576.491234,34.620197,median_filtered_pair,,,,-4.000000,-4.000000,,0,0,3,0,0,1,596.500000,1022.250000,,,,,0,19.005403,22,568.608769,853.216905,17.129045,11,346.451692,3746.520476,18.294994,18.649012,0.806507,0,1,0,3,19.101501
48.300081,1785220711.642028093,parallel_forward,35,-112,-26,parallel_forward heading=+18.6 target<=10.0 steer=-4.00 ready=0/2,40,40,21,19,2,1,2,1,1,13,32,0,4,1,1,5,1,-20.312500,80.000000,29.843750,915.500000,1127.250000,1,-18.468750,77.078125,29.304688,971.750000,1151.000000,1576.491234,34.620197,median_filtered_pair,,,,-4.000000,-4.000000,,0,0,3,0,0,1,609.750000,1016.750000,,,,,0,19.469528,19,590.697241,1266.823052,17.213222,13,377.185049,2356.768674,18.590243,18.619627,0.806507,0,1,0,4,19.101501
48.395549,1785220711.752393961,parallel_forward,35,-112,-26,parallel_forward heading=+18.5 target<=10.0 steer=-4.00 ready=0/2,45,45,25,20,2,1,2,1,1,12,33,0,4,1,0,5,1,-20.312500,81.046875,30.367188,915.500000,1122.250000,1,-18.468750,77.078125,29.304688,971.750000,1151.000000,1576.491234,34.620197,median_filtered_pair,,,,-4.000000,-4.000000,,0,0,3,0,0,1,618.750000,1010.000000,,,,,0,19.166964,21,600.227944,861.196368,17.206300,12,374.916664,2680.728640,18.413142,18.501692,0.354018,0,1,0,5,19.101501
48.487234,1785220711.752393961,parallel_forward,35,-112,-26,parallel_forward heading=+18.5 target<=10.0 steer=-4.00 ready=0/2,45,45,25,20,2,1,2,1,1,12,33,0,4,1,0,5,1,-20.312500,81.046875,30.367188,915.500000,1122.250000,1,-18.468750,77.078125,29.304688,971.750000,1151.000000,1576.491234,34.620197,median_filtered_pair,,,,-4.000000,-4.000000,,0,0,3,0,0,1,618.750000,1010.000000,,,,,0,19.166964,21,600.227944,861.196368,17.206300,12,374.916664,2680.728640,18.413142,18.501692,0.354018,0,1,0,5,19.101501
48.577948,1785220711.867003918,parallel_forward,35,-112,-26,parallel_forward heading=+18.4 target<=10.0 steer=-4.00 ready=0/2,43,43,19,24,2,1,2,1,1,13,34,0,4,1,0,5,1,-22.843750,80.734375,28.945312,876.750000,1113.000000,1,-18.468750,77.078125,29.304688,971.750000,1151.000000,1576.491234,34.620197,median_filtered_pair,,,,-4.000000,-4.000000,,0,0,3,0,0,1,620.500000,1006.000000,,,,,0,18.771478,18,551.062810,1305.076372,17.338666,13,374.706810,3219.144606,18.191545,18.354068,0.398698,0,1,0,6,19.101501
48.669517,1785220711.978194952,parallel_forward,35,-112,-26,parallel_forward heading=+18.4 target<=10.0 steer=-4.00 ready=0/2,44,44,20,24,2,1,2,1,1,14,35,0,4,1,0,5,1,-22.843750,78.937500,28.046875,876.750000,1131.000000,1,-18.468750,77.078125,29.304688,971.750000,1151.000000,1576.491234,34.620197,median_filtered_pair,,,,-4.000000,-4.000000,,0,0,3,0,0,1,632.250000,1002.000000,,,,,0,18.754024,17,555.877023,680.861035,17.839801,14,412.591863,5792.082289,18.364542,18.388842,0.398698,0,1,0,7,19.101501
48.759324,1785220712.089690208,parallel_forward,35,-112,-26,parallel_forward heading=+18.3 target<=10.0 steer=-4.00 ready=0/2,45,45,21,24,2,1,2,1,1,12,36,0,4,1,0,5,1,-22.843750,78.812500,27.984375,876.750000,1117.500000,1,-18.468750,77.078125,29.304688,971.750000,1151.000000,1576.491234,34.620197,median_filtered_pair,,,,-4.000000,-4.000000,,0,0,3,0,0,1,,993.750000,,,,,0,18.665966,20,612.226868,1005.744514,17.262209,12,378.036196,2710.712379,18.130077,18.278044,0.283065,0,1,1,0,18.278044
48.849589,1785220712.201867104,parallel_forward,35,-112,-26,parallel_forward heading=+18.2 target<=10.0 steer=-4.00 ready=0/2,38,38,18,20,2,1,2,1,1,12,37,0,4,1,0,5,1,-22.843750,78.593750,27.875000,876.750000,1114.750000,1,-18.468750,77.078125,29.304688,971.750000,1151.000000,1576.491234,34.620197,median_filtered_pair,,,,-4.000000,-4.000000,,0,0,3,0,0,1,,987.500000,,,,,0,18.769129,15,546.344175,1219.512494,17.628760,12,379.051626,2163.915758,18.302022,18.246784,0.234466,0,1,2,1,18.278044
48.944902,1785220712.201867104,parallel_forward,35,-112,-26,parallel_forward heading=+18.2 target<=10.0 steer=-4.00 ready=0/2,38,38,18,20,2,1,2,1,1,12,37,0,4,1,0,5,1,-22.843750,78.593750,27.875000,876.750000,1114.750000,1,-18.468750,77.078125,29.304688,971.750000,1151.000000,1576.491234,34.620197,median_filtered_pair,,,,-4.000000,-4.000000,,0,0,3,0,0,1,,987.500000,,,,,0,18.769129,15,546.344175,1219.512494,17.628760,12,379.051626,2163.915758,18.302022,18.246784,0.234466,0,1,2,1,18.278044
49.035857,1785220712.317889929,reverse_align,-80,124,-26,gap_midpoint_reverse center=+34.4 entrySteer=+7.00 eq5=-7.00 pair=filtered,44,44,21,23,2,1,2,1,1,14,38,0,4,1,0,5,1,-25.031250,76.656250,25.812500,886.000000,1133.500000,1,-25.031250,76.656250,25.812500,886.000000,1133.500000,1573.753475,34.371386,median_filtered_pair,-247.500000,-7.000000,-0.297773,-7.000000,7.000000,34.371386,0,0,3,0,0,0,,982.250000,,,,,0,18.004569,19,532.775650,775.065469,17.621338,14,416.412820,4078.373086,17.836444,,,0,0,0,0,
49.126491,1785220712.427790165,reverse_align,-80,124,-26,gap_midpoint_reverse center=+34.1 entrySteer=+7.00 eq5=-7.00 pair=filtered,43,43,21,22,2,1,2,1,1,12,39,0,4,1,0,5,1,-25.031250,76.453125,25.710938,886.000000,1123.000000,1,-25.031250,76.554688,25.761719,886.000000,1128.250000,1568.269819,34.148213,median_filtered_pair,-242.250000,-7.000000,-0.285275,-7.000000,7.000000,34.148213,0,0,3,0,0,0,,984.250000,,,,,0,18.510491,18,601.608247,715.199330,16.889667,12,384.534982,2157.860446,17.878469,,,0,0,0,0,
49.216986,1785220712.539297104,reverse_align,-80,124,-26,gap_midpoint_reverse center=+33.9 entrySteer=+7.00 eq5=-7.00 pair=filtered,48,48,21,27,2,1,2,1,1,12,40,0,4,1,0,5,1,-25.031250,76.406250,25.687500,886.000000,1118.750000,1,-25.031250,76.453125,25.710938,886.000000,1123.000000,1562.794491,33.924669,median_filtered_pair,-237.000000,-7.000000,-0.273044,-7.000000,7.000000,33.924669,0,0,3,0,0,0,,976.500000,,,,,0,18.512020,19,606.044111,806.905975,17.494058,12,382.564448,1500.474797,18.118097,,,0,0,0,0,
49.305918,1785220712.650928020,reverse_align,-80,124,-26,gap_midpoint_reverse center=+33.8 entrySteer=+7.00 eq5=-7.00 pair=filtered,40,40,19,21,2,1,2,1,1,12,41,0,4,1,0,5,1,-25.531250,76.406250,25.437500,910.500000,1118.750000,1,-25.031250,76.406250,25.687500,886.000000,1118.750000,1558.752779,33.766117,median_filtered_pair,-232.750000,-7.000000,-0.263339,-7.000000,7.000000,33.766117,0,0,3,0,0,0,,985.250000,,,,,0,17.645350,16,534.009431,1058.828976,17.239522,12,382.362171,2360.503127,17.476015,,,0,0,0,0,
49.396514,1785220712.761389017,reverse_align,-80,124,-26,gap_midpoint_reverse center=+32.7 entrySteer=+7.00 eq5=-7.00 pair=filtered,39,39,20,19,2,1,2,1,1,13,42,0,4,1,0,5,1,-25.531250,76.406250,25.437500,910.500000,1118.750000,1,-25.531250,76.406250,25.437500,910.500000,1118.750000,1581.772622,32.652141,median_filtered_pair,-208.250000,-7.000000,-0.210817,-7.000000,7.000000,32.652141,0,0,3,0,0,0,629.750000,986.750000,,,,,0,17.402463,17,560.474650,741.110144,17.683496,13,376.248117,887.451014,17.515344,,,0,0,0,0,
49.490991,1785220712.761389017,reverse_align,-80,124,-26,gap_midpoint_reverse center=+32.7 entrySteer=+7.00 eq5=-7.00 pair=filtered,39,39,20,19,2,1,2,1,1,13,42,0,4,1,0,5,1,-25.531250,76.406250,25.437500,910.500000,1118.750000,1,-25.531250,76.406250,25.437500,910.500000,1118.750000,1581.772622,32.652141,median_filtered_pair,-208.250000,-7.000000,-0.210817,-7.000000,7.000000,32.652141,0,0,3,0,0,0,629.750000,986.750000,,,,,0,17.402463,17,560.474650,741.110144,17.683496,13,376.248117,887.451014,17.515344,,,0,0,0,0,
49.580450,1785220712.875705004,reverse_align,-80,124,-26,gap_midpoint_reverse center=+32.7 entrySteer=+7.00 eq5=-7.00 pair=filtered,39,39,20,19,2,1,2,1,1,14,43,0,4,1,0,5,1,-25.531250,76.406250,25.437500,910.500000,1118.750000,1,-25.531250,76.406250,25.437500,910.500000,1118.750000,1581.772622,32.652141,median_filtered_pair,-208.250000,-7.000000,-0.210817,-7.000000,7.000000,32.652141,0,0,3,0,0,0,608.500000,992.000000,,,,,0,17.112621,19,541.290743,1108.826469,16.705306,14,406.485848,2520.657525,16.937930,,,0,0,0,0,
49.669653,1785220712.987037897,parallel_forward,35,-112,-26,parallel_forward heading=+16.3 target<=10.0 steer=-4.00 ready=0/2,49,49,27,22,2,1,2,1,1,13,44,0,4,1,1,5,1,-24.125000,76.406250,26.140625,887.500000,1118.750000,1,-25.531250,76.406250,25.437500,910.500000,1118.750000,1581.772622,32.652141,median_filtered_pair,,,,-4.000000,-4.000000,,0,0,3,0,0,1,604.750000,1003.500000,,,,,0,16.518047,22,612.440794,1043.366745,15.956890,13,375.440165,3144.219831,16.304782,16.304782,inf,0,2,0,1,16.304782
49.760052,1785220713.098415136,parallel_forward,35,-112,-26,parallel_forward heading=+16.1 target<=10.0 steer=-4.00 ready=0/2,52,52,28,24,2,1,2,1,1,12,45,0,4,1,1,5,1,-24.125000,76.859375,26.367188,887.500000,1123.250000,1,-25.531250,76.406250,25.437500,910.500000,1118.750000,1581.772622,32.652141,median_filtered_pair,,,,-4.000000,-4.000000,,0,0,3,0,0,1,583.000000,1011.000000,,,,,0,16.478681,25,707.655758,896.713844,14.778198,12,371.672238,2289.917563,15.893110,16.098946,0.411671,0,2,0,2,16.304782
49.850692,1785220713.210448980,parallel_forward,35,-112,-26,parallel_forward heading=+15.9 target<=10.0 steer=-4.00 ready=0/2,45,45,25,20,2,1,2,1,1,12,46,0,4,1,1,5,1,-24.125000,78.515625,27.195312,887.500000,1118.750000,1,-25.531250,76.406250,25.437500,910.500000,1118.750000,1581.772622,32.652141,median_filtered_pair,,,,-4.000000,-4.000000,,0,0,3,0,0,1,582.500000,1013.750000,,,,,0,16.041237,24,587.393404,881.144867,14.794365,12,338.861884,7072.174431,15.585081,15.893110,0.719701,0,2,0,3,16.304782
49.941929,1785220713.210448980,parallel_forward,35,-112,-26,parallel_forward heading=+15.9 target<=10.0 steer=-4.00 ready=0/2,45,45,25,20,2,1,2,1,1,12,46,0,4,1,1,5,1,-24.125000,78.515625,27.195312,887.500000,1118.750000,1,-25.531250,76.406250,25.437500,910.500000,1118.750000,1581.772622,32.652141,median_filtered_pair,,,,-4.000000,-4.000000,,0,0,3,0,0,1,582.500000,1013.750000,,,,,0,16.041237,24,587.393404,881.144867,14.794365,12,338.861884,7072.174431,15.585081,15.893110,0.719701,0,2,0,3,16.304782
50.035959,1785220713.325082064,parallel_forward,35,-112,-26,parallel_forward heading=+15.8 target<=10.0 steer=-4.00 ready=0/2,48,48,27,21,2,1,2,1,1,13,47,0,4,1,1,5,1,-24.125000,78.515625,27.195312,887.500000,1118.750000,1,-25.531250,76.406250,25.437500,910.500000,1118.750000,1581.772622,32.652141,median_filtered_pair,,,,-4.000000,-4.000000,,0,0,3,0,0,1,586.250000,1014.250000,,,,,0,16.569962,24,665.701612,739.953888,14.169701,13,367.511915,3017.695700,15.716194,15.804652,0.719701,0,2,0,4,16.304782
50.126823,1785220713.435949087,parallel_forward,35,-112,-26,parallel_forward heading=+15.7 target<=10.0 steer=-4.00 ready=0/2,44,44,24,20,2,1,2,1,1,13,48,0,4,1,1,5,1,-24.125000,79.718750,27.796875,887.500000,1110.000000,1,-25.531250,76.406250,25.437500,910.500000,1118.750000,1581.772622,32.652141,median_filtered_pair,,,,-4.000000,-4.000000,,0,0,3,0,0,1,590.000000,1006.250000,,,,,0,15.942264,21,552.946004,897.466003,14.500952,13,370.528240,2826.187121,15.363962,15.650637,0.529148,0,2,0,5,16.304782
50.217380,1785220713.547578096,parallel_forward,35,-112,-26,parallel_forward heading=+15.5 target<=10.0 steer=-4.00 ready=0/2,42,42,22,20,2,1,2,1,1,13,49,0,4,1,1,5,1,-26.015625,73.796875,23.890625,871.000000,1171.250000,1,-25.531250,76.406250,25.437500,910.500000,1118.750000,1581.772622,32.652141,median_filtered_pair,,,,-4.000000,-4.000000,,0,0,3,0,0,1,602.250000,1002.500000,,,,,0,15.378137,19,545.542119,1021.449085,14.847295,13,517.796501,5233.187535,15.119642,15.474521,0.596553,0,2,0,0,15.474521
50.309329,1785220713.659085035,parallel_forward,35,-112,-26,parallel_forward heading=+15.2 target<=10.0 steer=-4.00 ready=0/2,48,48,24,24,2,1,2,1,1,14,50,0,4,1,0,5,1,-27.484375,73.796875,23.156250,840.000000,1171.250000,1,-25.531250,76.406250,25.437500,910.500000,1118.750000,1581.772622,32.652141,median_filtered_pair,,,,-4.000000,-4.000000,,0,0,3,0,0,1,606.500000,995.500000,,,,,0,15.197372,22,614.192730,739.248781,14.850342,14,400.674637,2356.031591,15.060363,15.241802,0.655831,0,2,0,1,15.474521
50.401580,1785220713.770639896,parallel_forward,35,-112,-26,parallel_forward heading=+15.2 target<=10.0 steer=-4.00 ready=0/2,49,49,24,25,2,1,2,1,1,14,51,0,4,1,0,5,1,-27.484375,73.796875,23.156250,840.000000,1171.250000,1,-25.531250,76.406250,25.437500,910.500000,1118.750000,1581.772622,32.652141,median_filtered_pair,,,,-4.000000,-4.000000,,0,0,3,0,0,1,617.000000,987.750000,,,,,0,15.534052,21,593.843941,1221.779036,14.800065,14,401.492911,2542.053132,15.237981,15.178811,0.303599,0,2,0,2,15.474521
50.492851,1785220713.770639896,parallel_forward,35,-112,-26,parallel_forward heading=+15.2 target<=10.0 steer=-4.00 ready=0/2,49,49,24,25,2,1,2,1,1,14,51,0,4,1,0,5,1,-27.484375,73.796875,23.156250,840.000000,1171.250000,1,-25.531250,76.406250,25.437500,910.500000,1118.750000,1581.772622,32.652141,median_filtered_pair,,,,-4.000000,-4.000000,,0,0,3,0,0,1,617.000000,987.750000,,,,,0,15.534052,21,593.843941,1221.779036,14.800065,14,401.492911,2542.053132,15.237981,15.178811,0.303599,0,2,0,2,15.474521
50.586574,1785220713.885267973,parallel_forward,35,-112,-26,parallel_forward heading=+15.1 target<=10.0 steer=-4.00 ready=0/2,44,44,21,23,2,1,2,1,1,13,52,0,4,1,0,5,1,-25.953125,73.796875,23.921875,928.500000,1171.250000,1,-25.531250,76.406250,25.437500,910.500000,1118.750000,1581.772622,32.652141,median_filtered_pair,,,,-4.000000,-4.000000,,0,0,3,0,0,1,620.000000,987.000000,,,,,0,15.264368,19,697.523251,1037.434097,14.702636,13,370.986857,1348.083169,15.069335,15.094488,0.177618,0,2,0,3,15.474521
50.677433,1785220713.995754957,parallel_forward,35,-112,-26,parallel_forward heading=+15.1 target<=10.0 steer=-4.00 ready=0/2,47,47,20,27,2,1,2,1,1,14,53,0,4,1,0,5,1,-25.953125,73.796875,23.921875,928.500000,1171.250000,1,-25.531250,76.406250,25.437500,910.500000,1118.750000,1581.772622,32.652141,median_filtered_pair,,,,-4.000000,-4.000000,,0,0,3,0,0,1,626.750000,984.750000,,,,,0,15.190532,19,623.032388,1103.784184,14.318332,14,407.431841,3029.455513,14.845676,15.064849,0.392306,0,2,0,4,15.474521
50.768880,1785220714.107931852,parallel_forward,35,-112,-26,parallel_forward heading=+15.0 target<=10.0 steer=-4.00 ready=0/2,44,44,22,22,2,1,2,1,1,13,54,0,4,1,0,5,1,-25.953125,75.703125,24.875000,928.500000,1106.750000,1,-25.531250,76.406250,25.437500,910.500000,1118.750000,1581.772622,32.652141,median_filtered_pair,,,,-4.000000,-4.000000,,0,0,3,0,0,1,629.500000,986.750000,,,,,0,15.620024,20,634.016521,761.879020,13.806741,13,376.133564,3161.165330,14.944841,15.007088,0.392306,0,2,0,5,15.474521
50.859392,1785220714.219091892,parallel_forward,35,-112,-26,parallel_forward heading=+14.9 target<=10.0 steer=-4.00 ready=0/2,45,45,22,23,2,1,2,1,1,12,55,0,4,1,0,5,1,-25.953125,75.640625,24.843750,928.500000,1101.000000,1,-25.531250,76.406250,25.437500,910.500000,1118.750000,1581.772622,32.652141,median_filtered_pair,,,,-4.000000,-4.000000,,0,0,3,0,0,1,631.500000,979.750000,,,,,0,15.219047,20,641.857269,840.238113,13.824450,12,374.196919,2168.278363,14.705439,14.895258,0.363896,0,2,0,6,15.474521
50.948891,1785220714.219091892,parallel_forward,35,-112,-26,parallel_forward heading=+14.9 target<=10.0 steer=-4.00 ready=0/2,45,45,22,23,2,1,2,1,1,12,55,0,4,1,0,5,1,-25.953125,75.640625,24.843750,928.500000,1101.000000,1,-25.531250,76.406250,25.437500,910.500000,1118.750000,1581.772622,32.652141,median_filtered_pair,,,,-4.000000,-4.000000,,0,0,3,0,0,1,631.500000,979.750000,,,,,0,15.219047,20,641.857269,840.238113,13.824450,12,374.196919,2168.278363,14.705439,14.895258,0.363896,0,2,0,6,15.474521
51.039752,1785220714.333797932,parallel_forward,35,-112,-26,parallel_forward heading=+14.8 target<=10.0 steer=-4.00 ready=0/2,41,41,18,23,2,1,2,1,1,14,56,0,4,1,0,5,1,-25.953125,73.906250,23.976562,928.500000,1115.750000,1,-25.531250,76.406250,25.437500,910.500000,1118.750000,1581.772622,32.652141,median_filtered_pair,,,,-4.000000,-4.000000,,0,0,3,0,0,1,641.250000,972.500000,,,,,0,15.247822,15,545.429452,980.868461,14.020128,14,407.351385,2119.991464,14.722935,14.784305,0.239402,0,2,0,7,15.474521
51.135845,1785220714.444870949,parallel_forward,35,-112,-26,parallel_forward heading=+14.7 target<=10.0 steer=-4.00 ready=0/2,45,45,23,22,2,1,2,1,1,13,57,0,4,1,0,5,1,-27.937500,73.875000,22.968750,890.250000,1107.750000,1,-25.531250,76.406250,25.437500,910.500000,1118.750000,1581.772622,32.652141,median_filtered_pair,,,,-4.000000,-4.000000,,0,0,3,0,0,1,645.750000,976.000000,,,,,0,14.282978,20,609.241111,1123.640929,13.635026,13,376.536793,1164.616861,14.035481,14.714187,0.909360,0,2,0,0,14.714187
51.225471,1785220714.555806875,parallel_forward,35,-112,-26,parallel_forward heading=+14.7 target<=10.0 steer=-4.00 ready=0/2,41,41,19,22,3,1,2,1,1,13,58,0,4,1,0,5,1,-27.937500,73.734375,22.898438,890.250000,1104.250000,1,-25.531250,76.406250,25.437500,910.500000,1118.750000,1581.772622,32.652141,median_filtered_pair,,,,-4.000000,-4.000000,,0,0,3,0,0,1,654.250000,968.750000,,,,,0,15.003509,16,603.358421,750.140158,14.132478,13,375.603359,1756.278990,14.669316,14.687377,0.687454,0,2,0,1,14.714187
51.315626,1785220714.667381048,parallel_forward,35,-112,-26,parallel_forward heading=+14.7 target<=10.0 steer=-4.00 ready=0/2,42,42,21,21,3,1,2,1,1,13,59,0,4,1,0,5,1,-27.984375,65.312500,18.664062,902.000000,1249.250000,1,-25.531250,76.406250,25.437500,910.500000,1118.750000,1581.772622,32.652141,median_filtered_pair,,,,-4.000000,-4.000000,,0,0,3,0,0,1,664.500000,977.000000,,,,,0,14.636564,17,553.827115,1107.868978,14.693930,14,566.201356,609.684281,14.665564,14.667440,0.687454,0,2,0,2,14.714187
51.405057,1785220714.667381048,parallel_forward,35,-112,-26,parallel_forward heading=+14.7 target<=10.0 steer=-4.00 ready=0/2,42,42,21,21,3,1,2,1,1,13,59,0,4,1,0,5,1,-27.984375,65.312500,18.664062,902.000000,1249.250000,1,-25.531250,76.406250,25.437500,910.500000,1118.750000,1581.772622,32.652141,median_filtered_pair,,,,-4.000000,-4.000000,,0,0,3,0,0,1,664.500000,977.000000,,,,,0,14.636564,17,553.827115,1107.868978,14.693930,14,566.201356,609.684281,14.665564,14.667440,0.687454,0,2,0,2,14.714187
51.496965,1785220714.779540062,parallel_forward,35,-112,-26,parallel_forward heading=+14.4 target<=10.0 steer=-4.00 ready=0/2,39,39,19,20,3,1,2,1,1,12,60,0,4,1,0,5,1,-30.000000,65.312500,17.656250,911.500000,1249.250000,1,-25.531250,76.406250,25.437500,910.500000,1118.750000,1581.772622,32.652141,median_filtered_pair,,,,-4.000000,-4.000000,,0,0,3,0,0,1,,953.500000,,,,,0,14.138614,16,535.262475,1700.078571,12.782100,12,383.568607,2003.629848,13.572333,14.350522,1.096983,0,2,1,3,14.714187
51.587879,1785220714.890810966,parallel_forward,35,-111,-26,parallel_forward heading=+14.2 target<=10.0 steer=-3.99 ready=0/2,37,37,20,17,3,1,2,1,1,12,61,0,4,1,0,5,1,-29.781250,65.312500,17.765625,937.500000,1249.250000,1,-25.531250,76.406250,25.437500,910.500000,1118.750000,1581.772622,32.652141,median_filtered_pair,,,,-3.988816,-3.988816,,0,0,3,0,0,1,,947.500000,,,,,0,14.458987,19,605.925764,736.324387,12.822912,12,382.383258,1271.909712,13.825979,14.245771,1.096983,0,2,2,4,14.714187
51.682970,1785220715.006103039,reverse_align,-80,107,-26,gap_midpoint_reverse center=+26.6 entrySteer=+6.21 eq5=-7.00 pair=filtered,38,38,22,16,3,1,2,1,1,14,62,0,4,1,0,5,1,-29.781250,65.312500,17.765625,937.500000,1249.250000,1,-29.781250,65.312500,17.765625,937.500000,1249.250000,1627.113491,26.623137,median_filtered_pair,-311.750000,-7.000000,-0.472442,-7.000000,6.212065,26.623137,0,0,3,0,0,0,,946.000000,,,,,0,14.195390,18,592.583692,1807.807613,13.190545,14,516.598947,2421.532214,13.727386,,,0,0,0,0,
51.773135,1785220715.115706921,reverse_align,-80,107,-26,gap_midpoint_reverse center=+26.6 entrySteer=+6.21 eq5=-7.00 pair=filtered,36,36,20,16,4,1,2,1,1,11,63,0,4,1,0,5,1,-29.781250,65.312500,17.765625,937.500000,1249.250000,1,-29.781250,65.312500,17.765625,937.500000,1249.250000,1627.113491,26.623137,median_filtered_pair,-311.750000,-7.000000,-0.472442,-7.000000,6.212065,26.623137,0,0,3,0,0,0,,942.750000,,,,,0,13.542912,16,556.823007,599.439153,12.612896,11,351.714537,2040.052686,13.182883,,,0,0,0,0,
51.862341,1785220715.228023052,reverse_align,-80,107,-26,gap_midpoint_reverse center=+26.6 entrySteer=+6.21 eq5=-7.00 pair=filtered,37,37,18,19,4,1,2,1,1,11,64,0,4,1,0,5,1,-29.781250,68.734375,19.476562,937.500000,1125.750000,1,-29.781250,65.312500,17.765625,937.500000,1249.250000,1627.113491,26.623137,median_filtered_pair,-311.750000,-7.000000,-0.472442,-7.000000,6.212065,26.623137,0,0,3,0,0,0,,941.500000,,,,,0,13.577786,16,551.872739,566.471496,12.252529,12,387.210049,1693.009069,13.031345,,,0,0,0,0,
51.952082,1785220715.228023052,reverse_align,-80,107,-26,gap_midpoint_reverse center=+26.6 entrySteer=+6.21 eq5=-7.00 pair=filtered,37,37,18,19,4,1,2,1,1,11,64,0,4,1,0,5,1,-29.781250,68.734375,19.476562,937.500000,1125.750000,1,-29.781250,65.312500,17.765625,937.500000,1249.250000,1627.113491,26.623137,median_filtered_pair,-311.750000,-7.000000,-0.472442,-7.000000,6.212065,26.623137,0,0,3,0,0,0,,941.500000,,,,,0,13.577786,16,551.872739,566.471496,12.252529,12,387.210049,1693.009069,13.031345,,,0,0,0,0,
52.043516,1785220715.339624882,reverse_align,-80,102,-26,gap_midpoint_reverse center=+25.5 entrySteer=+5.96 eq5=-7.00 pair=filtered,39,39,19,20,4,1,2,1,1,12,65,0,4,1,0,5,1,-29.781250,68.734375,19.476562,937.500000,1125.750000,1,-29.781250,68.734375,19.476562,937.500000,1125.750000,1568.050362,25.522669,median_filtered_pair,-188.250000,-7.000000,-0.172268,-7.000000,5.955290,25.522669,0,0,3,0,0,0,678.250000,946.000000,,,,,0,13.876126,16,564.265624,706.938623,12.784316,12,384.228329,1757.680089,13.433842,,,0,0,0,0,
52.133113,1785220715.450304985,reverse_align,-80,102,-26,gap_midpoint_reverse center=+25.5 entrySteer=+5.96 eq5=-7.00 pair=filtered,43,43,19,24,3,1,2,1,1,13,66,0,4,1,0,5,1,-30.015625,68.734375,19.359375,945.250000,1125.750000,1,-29.781250,68.734375,19.476562,937.500000,1125.750000,1568.050362,25.522669,median_filtered_pair,-188.250000,-7.000000,-0.172268,-7.000000,5.955290,25.522669,0,0,3,0,0,0,655.500000,951.000000,,,,,0,12.961634,17,542.792471,711.741017,12.632154,13,381.097456,2026.294158,12.825726,,,0,0,0,0,
52.227211,1785220715.564884901,center_check,-50,27,-26,cd_reverse_align ratio=-0.206 target=-0.160 error=-0.046 heading=+12.3 steer=+2.49 centered=0/5,43,43,22,21,4,1,2,1,1,13,67,0,4,1,0,5,1,-31.984375,68.734375,18.375000,927.000000,1125.750000,1,-29.781250,68.734375,19.476562,937.500000,1125.750000,1568.050362,25.522669,median_filtered_pair,,,,2.491751,2.491751,,0,0,3,0,0,1,639.250000,970.500000,-331.250000,-0.205777,-0.045777,inf,0,12.480770,19,556.220827,826.657646,12.112011,13,374.422255,3130.364172,12.332408,12.332408,inf,0,2,0,0,
52.317553,1785220715.676800966,center_check,-50,24,-26,cd_reverse_align ratio=-0.210 target=-0.160 error=-0.050 heading=+12.1 steer=+2.34 centered=0/5,46,46,23,23,3,1,2,1,1,13,68,0,4,1,0,5,1,-32.000000,68.734375,18.367188,921.250000,1125.750000,1,-29.781250,68.734375,19.476562,937.500000,1125.750000,1568.050362,25.522669,median_filtered_pair,,,,2.338728,2.338728,,0,0,3,0,0,2,629.000000,973.000000,-337.625000,-0.210244,-0.050244,0.008954,0,12.079857,20,624.188047,913.504989,11.621871,13,370.267831,3000.533190,11.909334,12.120871,0.423074,0,2,0,0,
52.408078,1785220715.676800966,center_check,-50,24,-26,cd_reverse_align ratio=-0.210 target=-0.160 error=-0.050 heading=+12.1 steer=+2.34 centered=0/5,46,46,23,23,3,1,2,1,1,13,68,0,4,1,0,5,1,-32.000000,68.734375,18.367188,921.250000,1125.750000,1,-29.781250,68.734375,19.476562,937.500000,1125.750000,1568.050362,25.522669,median_filtered_pair,,,,2.338728,2.338728,,0,0,3,0,0,2,629.000000,973.000000,-337.625000,-0.210244,-0.050244,0.008954,0,12.079857,20,624.188047,913.504989,11.621871,13,370.267831,3000.533190,11.909334,12.120871,0.423074,0,2,0,0,
52.497240,1785220715.787508965,center_check,-50,21,-26,cd_reverse_align ratio=-0.214 target=-0.160 error=-0.054 heading=+11.9 steer=+2.20 centered=0/5,52,52,27,25,3,1,2,1,1,14,69,0,4,1,0,5,1,-32.140625,70.250000,19.054688,906.250000,1118.000000,1,-29.781250,68.734375,19.476562,937.500000,1125.750000,1568.050362,25.522669,median_filtered_pair,,,,2.203284,2.203284,,0,0,3,0,0,3,623.000000,971.250000,-342.250000,-0.213873,-0.053873,0.012664,0,11.589903,22,612.303899,1454.178476,11.392619,14,397.242932,1640.049566,11.512275,11.909334,0.820134,0,2,0,0,
52.587836,1785220715.898799181,center_check,-50,19,-26,cd_reverse_align ratio=-0.216 target=-0.160 error=-0.056 heading=+11.7 steer=+2.10 centered=0/5,44,44,23,21,3,1,2,1,1,13,70,0,4,1,0,5,1,-33.468750,71.406250,18.968750,878.000000,1110.000000,1,-29.781250,68.734375,19.476562,937.500000,1125.750000,1568.050362,25.522669,median_filtered_pair,,,,2.097241,2.097241,,0,0,3,0,0,4,617.750000,971.750000,-345.500000,-0.216275,-0.056275,0.016934,0,11.513239,20,556.596822,1310.866748,11.127666,13,363.324403,1943.393024,11.360956,11.710805,0.971452,0,2,0,0,
52.678217,1785220716.011677027,center_check,-50,15,-26,cd_reverse_align ratio=-0.221 target=-0.160 error=-0.061 heading=+11.4 steer=+1.92 centered=0/5,45,45,25,20,3,1,2,1,1,14,71,0,4,1,0,5,1,-31.828125,72.671875,20.421875,890.000000,1101.000000,1,-29.781250,68.734375,19.476562,937.500000,1125.750000,1568.050362,25.522669,median_filtered_pair,,,,1.921223,1.921223,,0,0,3,0,0,5,612.250000,973.750000,-352.000000,-0.221001,-0.061001,0.013200,0,11.170239,22,686.074660,713.881008,10.846452,14,391.885520,2565.551094,11.052529,11.436615,0.856806,0,2,0,0,
52.774054,1785220716.124927044,center_check,-50,12,-26,cd_reverse_align ratio=-0.225 target=-0.160 error=-0.065 heading=+11.2 steer=+1.79 centered=0/5,43,43,25,18,3,1,2,1,1,13,72,0,4,1,0,5,1,-31.828125,73.640625,20.906250,890.000000,1096.000000,1,-29.781250,68.734375,19.476562,937.500000,1125.750000,1568.050362,25.522669,median_filtered_pair,,,,1.790164,1.790164,,0,0,3,0,0,6,614.000000,976.500000,-356.875000,-0.224644,-0.064644,0.009491,0,11.352748,20,603.346218,562.138803,10.739032,13,362.215911,1778.565925,11.122522,11.241739,0.459746,0,2,0,0,
52.865193,1785220716.124927044,center_check,-50,12,-26,cd_reverse_align ratio=-0.225 target=-0.160 error=-0.065 heading=+11.2 steer=+1.79 centered=0/5,43,43,25,18,3,1,2,1,1,13,72,0,4,1,0,5,1,-31.828125,73.640625,20.906250,890.000000,1096.000000,1,-29.781250,68.734375,19.476562,937.500000,1125.750000,1568.050362,25.522669,median_filtered_pair,,,,1.790164,1.790164,,0,0,3,0,0,6,614.000000,976.500000,-356.875000,-0.224644,-0.064644,0.009491,0,11.352748,20,603.346218,562.138803,10.739032,13,362.215911,1778.565925,11.122522,11.241739,0.459746,0,2,0,0,
52.953311,1785220716.238368034,center_check,-50,10,-26,cd_reverse_align ratio=-0.228 target=-0.160 error=-0.068 heading=+11.1 steer=+1.68 centered=0/5,47,47,26,21,3,1,2,1,1,14,73,0,4,1,0,5,1,-31.828125,73.640625,20.906250,890.000000,1096.000000,1,-29.781250,68.734375,19.476562,937.500000,1125.750000,1568.050362,25.522669,median_filtered_pair,,,,1.678107,1.678107,,0,0,3,0,0,7,609.250000,977.250000,-362.000000,-0.227924,-0.067924,0.009246,0,11.189665,22,620.805914,744.129776,10.479246,14,389.962745,1911.608358,10.915580,11.087525,0.445376,0,2,0,0,
53.043651,1785220716.347567081,center_check,-50,8,-26,cd_reverse_align ratio=-0.231 target=-0.160 error=-0.071 heading=+11.0 steer=+1.59 centered=0/5,46,46,27,19,3,1,2,1,1,12,74,0,4,1,0,5,1,-31.828125,75.218750,21.695312,890.000000,1078.500000,1,-29.781250,68.734375,19.476562,937.500000,1125.750000,1568.050362,25.522669,median_filtered_pair,,,,1.592688,1.592688,,0,0,3,0,0,8,603.500000,984.500000,-366.125000,-0.230612,-0.070612,0.012009,0,11.250145,22,703.568944,995.008415,10.127930,12,357.304479,3287.899436,10.872181,10.984054,0.250341,0,2,0,0,
53.133873,1785220716.461553812,center_check,-50,6,-26,cd_reverse_align ratio=-0.236 target=-0.160 error=-0.076 heading=+11.0 steer=+1.48 centered=0/5,51,51,28,23,2,1,2,1,1,15,75,0,4,1,0,5,1,-31.828125,71.328125,19.750000,890.000000,1134.750000,1,-29.781250,68.734375,19.476562,937.500000,1125.750000,1568.050362,25.522669,median_filtered_pair,,,,1.475192,1.475192,,0,0,3,0,0,9,601.000000,984.500000,-374.500000,-0.235943,-0.075943,0.013964,0,11.581931,24,644.656460,670.612643,10.318403,15,528.188111,1756.104132,11.012904,10.964242,0.250341,0,2,0,0,
53.225352,1785220716.570848942,center_check,-50,3,-26,cd_reverse_align ratio=-0.241 target=-0.160 error=-0.081 heading=+10.9 steer=+1.35 centered=0/5,47,47,27,20,2,1,2,1,1,12,76,0,4,1,0,5,1,-32.265625,71.328125,19.531250,875.250000,1134.750000,1,-29.781250,68.734375,19.476562,937.500000,1125.750000,1568.050362,25.522669,median_filtered_pair,,,,1.351361,1.351361,,0,0,3,0,0,10,601.000000,991.000000,-382.250000,-0.240901,-0.080901,0.013018,0,10.616863,22,588.663393,1209.865330,9.711226,12,355.143927,3957.308414,10.276082,10.893880,0.736822,0,2,0,0,
53.320262,1785220716.685405016,center_check,-50,0,-26,cd_reverse_align ratio=-0.243 target=-0.160 error=-0.083 heading=+10.7 steer=+1.23 centered=0/5,47,47,28,19,2,1,2,1,1,15,77,0,4,1,1,5,1,-32.609375,71.328125,19.359375,870.500000,1134.750000,1,-29.781250,68.734375,19.476562,937.500000,1125.750000,1568.050362,25.522669,median_filtered_pair,,,,1.233212,1.233212,,0,0,3,0,0,11,594.500000,996.000000,-386.750000,-0.243430,-0.083430,0.012512,0,11.198137,22,650.313188,675.364481,9.523849,15,524.010568,4319.722775,10.451031,10.661606,0.736822,0,2,0,0,
53.410729,1785220716.685405016,center_check,-50,0,-26,cd_reverse_align ratio=-0.243 target=-0.160 error=-0.083 heading=+10.7 steer=+1.23 centered=0/5,47,47,28,19,2,1,2,1,1,15,77,0,4,1,1,5,1,-32.609375,71.328125,19.359375,870.500000,1134.750000,1,-29.781250,68.734375,19.476562,937.500000,1125.750000,1568.050362,25.522669,median_filtered_pair,,,,1.233212,1.233212,,0,0,3,0,0,11,594.500000,996.000000,-386.750000,-0.243430,-0.083430,0.012512,0,11.198137,22,650.313188,675.364481,9.523849,15,524.010568,4319.722775,10.451031,10.661606,0.736822,0,2,0,0,
53.501174,1785220716.796303034,center_check,-50,-4,-26,cd_reverse_align ratio=-0.249 target=-0.160 error=-0.089 heading=+10.4 steer=+1.05 centered=0/5,46,46,29,17,2,1,2,1,1,11,78,0,4,1,1,5,1,-32.609375,71.328125,19.359375,870.500000,1134.750000,1,-29.781250,68.734375,19.476562,937.500000,1125.750000,1568.050362,25.522669,median_filtered_pair,,,,1.049220,1.049220,,0,0,3,0,0,12,591.500000,999.750000,-395.750000,-0.248704,-0.088704,0.014680,0,10.955545,22,603.966045,974.683112,9.222346,11,325.168312,3898.449301,10.348979,10.400005,0.736822,0,2,0,0,
53.592858,1785220716.908416033,center_check,-50,-6,-26,cd_reverse_align ratio=-0.254 target=-0.160 error=-0.094 heading=+10.4 steer=+0.93 centered=0/5,51,51,32,19,2,1,2,1,1,14,79,0,4,1,1,5,1,-36.031250,71.328125,17.648438,808.000000,1134.750000,1,-29.781250,68.734375,19.476562,937.500000,1125.750000,1568.050362,25.522669,median_filtered_pair,,,,0.927537,0.927537,,0,0,3,0,0,13,582.750000,1004.750000,-404.875000,-0.254498,-0.094498,0.020852,0,11.533183,27,705.187805,602.522371,9.257808,14,523.940277,2406.431560,10.563260,10.400005,0.287178,0,2,0,0,
53.684370,1785220717.018906116,center_check,-50,-9,-26,cd_reverse_align ratio=-0.261 target=-0.160 error=-0.101 heading=+10.4 steer=+0.79 centered=0/5,50,50,32,18,2,1,2,1,1,12,80,0,4,1,1,5,1,-36.218750,71.593750,17.687500,797.750000,1126.000000,1,-29.781250,68.734375,19.476562,937.500000,1125.750000,1568.050362,25.522669,median_filtered_pair,,,,0.787062,0.787062,,0,0,3,0,0,14,579.500000,1009.250000,-415.125000,-0.261188,-0.101188,0.018059,0,10.600051,28,614.674071,847.355909,8.318354,12,326.270904,1412.563524,9.808877,10.400005,0.754383,0,2,0,0,
53.776509,1785220717.134449959,center_check,-50,-13,-26,cd_reverse_align ratio=-0.268 target=-0.160 error=-0.108 heading=+10.2 steer=+0.59 centered=0/5,55,55,32,23,2,1,2,1,1,13,81,0,4,1,1,5,1,-36.218750,71.593750,17.687500,797.750000,1126.000000,1,-29.781250,68.734375,19.476562,937.500000,1125.750000,1568.050362,25.522669,median_filtered_pair,,,,0.591711,0.591711,,0,0,3,0,0,15,577.500000,1011.000000,-425.875000,-0.268162,-0.108162,0.016340,0,10.644695,26,599.328806,773.843785,9.444756,13,495.119047,1311.443436,10.101853,10.225416,0.754383,0,2,0,0,
53.871773,1785220717.134449959,center_check,-50,-13,-26,cd_reverse_align ratio=-0.268 target=-0.160 error=-0.108 heading=+10.2 steer=+0.59 centered=0/5,55,55,32,23,2,1,2,1,1,13,81,0,4,1,1,5,1,-36.218750,71.593750,17.687500,797.750000,1126.000000,1,-29.781250,68.734375,19.476562,937.500000,1125.750000,1568.050362,25.522669,median_filtered_pair,,,,0.591711,0.591711,,0,0,3,0,0,15,577.500000,1011.000000,-425.875000,-0.268162,-0.108162,0.016340,0,10.644695,26,599.328806,773.843785,9.444756,13,495.119047,1311.443436,10.101853,10.225416,0.754383,0,2,0,0,
53.963651,1785220717.246128798,center_check,-50,-16,-26,cd_reverse_align ratio=-0.272 target=-0.160 error=-0.112 heading=+10.0 steer=+0.44 centered=0/5,52,52,33,19,2,1,2,1,1,11,82,0,4,1,1,5,1,-36.218750,72.890625,18.335938,797.750000,1124.500000,1,-29.781250,68.734375,19.476562,937.500000,1125.750000,1568.050362,25.522669,median_filtered_pair,,,,0.443528,0.443528,,0,0,3,0,0,16,573.000000,1017.750000,-431.625000,-0.271697,-0.111697,0.013758,0,10.863861,27,643.121439,814.174842,7.569757,11,298.008171,2179.789200,9.820785,9.961319,0.754383,0,2,0,0,
54.056440,1785220717.357006073,center_check,-50,-19,-26,cd_reverse_align ratio=-0.276 target=-0.160 error=-0.116 heading=+10.0 steer=+0.35 centered=0/5,56,56,32,24,2,1,2,1,1,12,83,0,4,1,1,5,1,-36.218750,72.890625,18.335938,797.750000,1124.500000,1,-29.781250,68.734375,19.476562,937.500000,1125.750000,1568.050362,25.522669,median_filtered_pair,,,,0.348037,0.348037,,0,0,3,0,0,17,572.000000,1021.000000,-439.125000,-0.276244,-0.116244,0.011362,0,11.051293,27,618.672530,869.221959,10.189285,12,432.209976,763.778605,10.696764,9.961319,0.887887,0,2,0,0,
54.148667,1785220717.467630148,center_check,-50,-21,-26,cd_reverse_align ratio=-0.281 target=-0.160 error=-0.121 heading=+10.0 steer=+0.25 centered=0/5,50,50,31,19,2,1,2,1,1,11,84,0,4,1,1,5,1,-41.453125,74.140625,16.343750,736.750000,1122.000000,1,-29.781250,68.734375,19.476562,937.500000,1125.750000,1568.050362,25.522669,median_filtered_pair,,,,0.253998,0.253998,,0,0,3,0,0,18,567.750000,1024.250000,-446.875000,-0.280722,-0.120722,0.013847,0,9.596349,25,582.540542,825.294067,9.529750,11,431.000942,1619.204347,9.568028,9.961319,1.128736,0,2,0,0,
54.241048,1785220717.579255104,center_check,-50,-22,-26,cd_reverse_align ratio=-0.284 target=-0.160 error=-0.124 heading=+10.0 steer=+0.18 centered=0/5,57,57,36,21,2,1,2,1,1,11,85,0,4,1,1,5,1,-41.750000,74.140625,16.195312,728.000000,1122.000000,1,-29.781250,68.734375,19.476562,937.500000,1125.750000,1568.050362,25.522669,median_filtered_pair,,,,0.183519,0.183519,,0,0,3,0,0,19,566.500000,1025.750000,-452.750000,-0.284301,-0.124301,0.008843,0,10.991902,30,676.735292,589.310992,8.676957,11,397.519802,906.419318,10.135274,9.978030,1.128736,0,2,0,0,
54.332996,1785220717.691023827,center_check,-50,-22,-26,cd_reverse_align ratio=-0.288 target=-0.160 error=-0.128 heading=+10.2 steer=+0.17 centered=0/5,51,51,30,21,2,1,2,1,1,11,86,0,4,1,1,5,1,-41.750000,76.703125,17.476562,728.000000,1108.000000,1,-29.781250,68.734375,19.476562,937.500000,1125.750000,1568.050362,25.522669,median_filtered_pair,,,,0.172849,0.172849,,0,0,3,0,0,20,563.250000,1031.000000,-457.875000,-0.287587,-0.127587,0.011540,0,10.346845,26,601.883992,629.150789,10.073746,11,402.123174,1320.388417,10.237464,10.186369,1.128736,0,2,0,0,
54.428925,1785220717.691023827,center_check,-50,-22,-26,cd_reverse_align ratio=-0.288 target=-0.160 error=-0.128 heading=+10.2 steer=+0.17 centered=0/5,51,51,30,21,2,1,2,1,1,11,86,0,4,1,1,5,1,-41.750000,76.703125,17.476562,728.000000,1108.000000,1,-29.781250,68.734375,19.476562,937.500000,1125.750000,1568.050362,25.522669,median_filtered_pair,,,,0.172849,0.172849,,0,0,3,0,0,20,563.250000,1031.000000,-457.875000,-0.287587,-0.127587,0.011540,0,10.346845,26,601.883992,629.150789,10.073746,11,402.123174,1320.388417,10.237464,10.186369,1.128736,0,2,0,0,
54.519869,1785220717.805855036,center_check,-50,-25,-26,cd_reverse_align ratio=-0.291 target=-0.160 error=-0.131 heading=+10.0 steer=+0.04 centered=0/5,49,49,27,22,2,1,2,1,1,10,87,0,4,1,1,5,1,-42.546875,76.703125,17.078125,692.000000,1108.000000,1,-29.781250,68.734375,19.476562,937.500000,1125.750000,1568.050362,25.522669,median_filtered_pair,,,,0.041421,0.041421,,0,0,3,0,0,21,559.750000,1033.250000,-463.500000,-0.290915,-0.130915,0.010492,0,9.918945,23,531.192144,426.713950,9.623237,10,368.604425,966.975265,9.797807,9.966541,0.669436,0,2,0,0,
54.611533,1785220717.917042017,center_check,-50,-27,-26,cd_reverse_align ratio=-0.295 target=-0.160 error=-0.135 heading=+10.0 steer=-0.05 centered=0/5,43,43,27,16,2,1,2,1,1,9,88,0,4,1,1,5,1,-42.546875,76.703125,17.078125,692.000000,1108.000000,1,-29.781250,68.734375,19.476562,937.500000,1125.750000,1568.050362,25.522669,median_filtered_pair,,,,-0.051031,-0.051031,,0,0,3,0,0,22,559.500000,1040.000000,-470.625000,-0.295317,-0.135317,0.011978,0,9.386757,22,451.573123,493.184869,7.125623,9,335.098436,9446.839140,8.423582,9.966541,1.813882,0,2,0,0,
54.703201,1785220718.027738094,center_check,-50,-32,-26,cd_reverse_align ratio=-0.299 target=-0.160 error=-0.139 heading=+9.5 steer=-0.26 centered=0/5,46,46,27,19,2,1,2,1,1,9,89,0,4,1,1,5,1,-42.546875,78.109375,17.781250,692.000000,1110.250000,1,-29.781250,68.734375,19.476562,937.500000,1125.750000,1568.050362,25.522669,median_filtered_pair,,,,-0.258371,-0.258371,,0,0,3,0,0,23,559.750000,1042.750000,-476.875000,-0.298724,-0.138724,0.008006,0,9.442523,23,444.240629,660.163279,8.832404,9,370.094532,332.218684,9.165240,9.481523,1.813882,0,2,0,0,
54.794189,1785220718.139589071,center_check,-50,-33,-26,cd_reverse_align ratio=-0.301 target=-0.160 error=-0.141 heading=+9.5 steer=-0.30 centered=0/5,51,51,28,23,2,1,2,1,1,9,90,0,4,1,1,5,1,-49.593750,78.109375,14.257813,633.000000,1110.250000,1,-29.781250,68.734375,19.476562,937.500000,1125.750000,1568.050362,25.522669,median_filtered_pair,,,,-0.304193,-0.304193,,0,0,3,0,0,24,557.250000,1046.500000,-481.750000,-0.300906,-0.140906,0.007828,0,9.816781,24,447.144643,774.838197,10.783343,9,338.178303,46.689505,10.146098,9.481523,1.722516,0,2,0,0,
54.885575,1785220718.254081964,center_check,-50,-33,-26,cd_reverse_align ratio=-0.303 target=-0.160 error=-0.143 heading=+9.7 steer=-0.31 centered=0/5,52,52,30,22,2,1,2,1,1,10,91,0,4,1,1,5,1,-47.406250,79.640625,16.117188,635.500000,1095.750000,1,-29.781250,68.734375,19.476562,937.500000,1125.750000,1568.050362,25.522669,median_filtered_pair,,,,-0.306500,-0.306500,,0,0,3,0,0,25,553.750000,1046.500000,-486.250000,-0.303337,-0.143337,0.007514,0,10.530622,26,595.646586,604.823595,11.879368,10,341.159256,34.688346,10.870834,9.655669,2.447252,0,2,0,0,
54.980428,1785220718.254081964,center_check,-50,-33,-26,cd_reverse_align ratio=-0.303 target=-0.160 error=-0.143 heading=+9.7 steer=-0.31 centered=0/5,52,52,30,22,2,1,2,1,1,10,91,0,4,1,1,5,1,-47.406250,79.640625,16.117188,635.500000,1095.750000,1,-29.781250,68.734375,19.476562,937.500000,1125.750000,1568.050362,25.522669,median_filtered_pair,,,,-0.306500,-0.306500,,0,0,3,0,0,25,553.750000,1046.500000,-486.250000,-0.303337,-0.143337,0.007514,0,10.530622,26,595.646586,604.823595,11.879368,10,341.159256,34.688346,10.870834,9.655669,2.447252,0,2,0,0,
55.070118,1785220718.366062164,center_check,-50,-29,-26,cd_reverse_align ratio=-0.306 target=-0.160 error=-0.146 heading=+10.5 steer=-0.13 centered=0/5,48,48,28,20,2,1,2,1,1,8,92,0,4,1,1,5,1,-47.406250,80.812500,16.703125,635.500000,1098.250000,1,-29.781250,68.734375,19.476562,937.500000,1125.750000,1568.050362,25.522669,median_filtered_pair,,,,-0.133959,-0.133959,,0,0,3,0,0,26,550.500000,1049.500000,-491.000000,-0.306492,-0.146492,0.010471,0,10.788399,25,494.517999,659.410125,12.628965,8,307.254073,34.681135,11.281453,10.508466,2.116214,0,2,0,0,
55.161886,1785220718.476935863,center_check,-50,-29,-26,cd_reverse_align ratio=-0.310 target=-0.160 error=-0.150 heading=+10.8 steer=-0.13 centered=0/5,54,54,32,22,2,1,2,1,1,8,93,0,4,1,1,5,1,-47.406250,80.812500,16.703125,635.500000,1098.250000,1,-29.781250,68.734375,19.476562,937.500000,1125.750000,1568.050362,25.522669,median_filtered_pair,,,,-0.127432,-0.127432,,0,0,3,0,0,27,546.750000,1052.750000,-495.875000,-0.309898,-0.149898,0.011283,0,11.437173,27,507.651702,641.786743,9.517540,8,313.988237,470.793721,10.703589,10.787212,1.135356,0,2,0,0,
55.253205,1785220718.587614059,center_check,-50,-31,-26,cd_reverse_align ratio=-0.314 target=-0.160 error=-0.154 heading=+10.8 steer=-0.22 centered=0/5,44,44,28,16,2,1,2,1,1,8,94,0,4,1,1,5,1,-47.406250,81.937500,17.265625,635.500000,1103.000000,1,-29.781250,68.734375,19.476562,937.500000,1125.750000,1568.050362,25.522669,median_filtered_pair,,,,-0.215924,-0.215924,,0,0,3,0,0,28,543.250000,1057.000000,-502.500000,-0.314112,-0.154112,0.013123,0,10.217632,22,450.469050,456.212043,11.786992,8,279.047159,25.990731,10.594295,10.787212,0.687159,0,2,0,0,
55.344575,1785220718.699527979,center_check,-50,-31,-26,cd_reverse_align ratio=-0.319 target=-0.160 error=-0.159 heading=+11.0 steer=-0.25 centered=0/5,55,55,33,22,2,1,2,1,1,7,95,0,4,1,1,5,1,-47.406250,81.937500,17.265625,635.500000,1103.000000,1,-29.781250,68.734375,19.476562,937.500000,1125.750000,1568.050362,25.522669,median_filtered_pair,,,,-0.254726,-0.254726,,0,0,3,0,0,29,539.000000,1057.750000,-509.875000,-0.318697,-0.158697,0.013004,0,11.995681,28,495.547108,701.716335,11.976266,7,248.811278,22.641019,11.991937,10.992521,1.397642,0,2,0,0,
55.436526,1785220718.699527979,center_check,-50,-31,-26,cd_reverse_align ratio=-0.319 target=-0.160 error=-0.159 heading=+11.0 steer=-0.25 centered=0/5,55,55,33,22,2,1,2,1,1,7,95,0,4,1,1,5,1,-47.406250,81.937500,17.265625,635.500000,1103.000000,1,-29.781250,68.734375,19.476562,937.500000,1125.750000,1568.050362,25.522669,median_filtered_pair,,,,-0.254726,-0.254726,,0,0,3,0,0,29,539.000000,1057.750000,-509.875000,-0.318697,-0.158697,0.013004,0,11.995681,28,495.547108,701.716335,11.976266,7,248.811278,22.641019,11.991937,10.992521,1.397642,0,2,0,0,
55.531352,1785220718.810472965,center_check,-50,-35,-26,cd_reverse_align ratio=-0.323 target=-0.160 error=-0.163 heading=+10.6 steer=-0.44 centered=0/5,51,51,30,21,2,1,2,1,1,7,96,0,4,1,1,5,1,-46.968750,83.296875,18.164062,644.000000,1104.500000,1,-29.781250,68.734375,19.476562,937.500000,1125.750000,1568.050362,25.522669,median_filtered_pair,,,,-0.440436,-0.440436,,0,0,3,0,0,30,531.250000,1061.750000,-516.250000,-0.322959,-0.162959,0.016671,0,10.140317,26,606.737663,405.913291,12.842456,7,249.113497,22.638123,10.581917,10.648942,1.410020,0,2,0,0,
55.620803,1785220718.925670862,center_check,-50,-34,-26,cd_reverse_align ratio=-0.329 target=-0.160 error=-0.169 heading=+11.3 steer=-0.39 centered=0/5,53,53,31,22,2,1,2,1,1,7,97,0,4,1,1,5,1,-46.968750,83.296875,18.164062,644.000000,1104.500000,1,-29.781250,68.734375,19.476562,937.500000,1125.750000,1568.050362,25.522669,median_filtered_pair,,,,-0.385757,-0.385757,,0,0,3,0,0,31,525.000000,1064.000000,-524.625000,-0.328944,-0.168944,0.018163,0,12.010659,25,497.521396,787.783493,12.150270,7,249.626407,18.538326,12.035461,11.293116,1.453544,0,2,0,0,
55.710823,1785220719.036247015,center_check,-50,-33,-26,cd_reverse_align ratio=-0.336 target=-0.160 error=-0.176 heading=+12.0 steer=-0.33 centered=0/5,48,48,31,17,2,1,2,1,1,6,98,0,4,1,1,5,1,-46.968750,84.734375,18.882812,644.000000,1096.000000,1,-29.781250,68.734375,19.476562,937.500000,1125.750000,1568.050362,25.522669,median_filtered_pair,,,,-0.334461,-0.334461,,0,0,3,0,0,32,519.000000,1064.750000,-534.750000,-0.336109,-0.176109,0.019715,0,13.258353,26,454.483728,1077.581741,10.791394,6,219.102010,17.347787,12.845834,12.013699,2.263917,0,2,0,0,
55.802071,1785220719.148694038,center_check,-50,-34,-26,cd_reverse_align ratio=-0.342 target=-0.160 error=-0.182 heading=+12.3 steer=-0.39 centered=0/5,54,54,34,20,2,1,2,1,1,6,99,0,4,1,1,5,1,-46.968750,85.890625,19.460938,644.000000,1094.250000,1,-29.781250,68.734375,19.476562,937.500000,1125.750000,1568.050362,25.522669,median_filtered_pair,,,,-0.385546,-0.385546,,0,0,3,0,0,33,513.000000,1068.000000,-542.375000,-0.341896,-0.181896,0.018024,0,12.323317,27,523.784039,572.759272,13.609929,6,219.384413,13.518199,12.495011,12.265236,2.263917,0,2,0,0,
55.892612,1785220719.258999109,center_check,-50,-35,-26,cd_reverse_align ratio=-0.348 target=-0.160 error=-0.188 heading=+12.6 steer=-0.41 centered=0/5,53,53,30,23,2,1,2,1,1,6,100,0,4,1,1,5,1,-46.968750,86.921875,19.976562,644.000000,1101.750000,1,-29.781250,68.734375,19.476562,937.500000,1125.750000,1568.050362,25.522669,median_filtered_pair,,,,-0.410279,-0.410279,,0,0,3,0,0,34,506.750000,1069.000000,-550.375000,-0.347816,-0.187816,0.017607,0,12.823261,25,434.920349,709.880852,12.220642,6,186.214264,11.523263,12.746790,12.620901,0.810373,0,2,0,0,
55.982944,1785220719.258999109,center_check,-50,-35,-26,cd_reverse_align ratio=-0.348 target=-0.160 error=-0.188 heading=+12.6 steer=-0.41 centered=0/5,53,53,30,23,2,1,2,1,1,6,100,0,4,1,1,5,1,-46.968750,86.921875,19.976562,644.000000,1101.750000,1,-29.781250,68.734375,19.476562,937.500000,1125.750000,1568.050362,25.522669,median_filtered_pair,,,,-0.410279,-0.410279,,0,0,3,0,0,34,506.750000,1069.000000,-550.375000,-0.347816,-0.187816,0.017607,0,12.823261,25,434.920349,709.880852,12.220642,6,186.214264,11.523263,12.746790,12.620901,0.810373,0,2,0,0,
56.078194,1785220719.374679089,center_check,-50,-36,-26,cd_reverse_align ratio=-0.354 target=-0.160 error=-0.194 heading=+12.8 steer=-0.49 centered=0/5,50,50,31,19,2,1,2,1,1,5,101,0,4,1,1,5,1,-50.546875,86.921875,18.187500,603.250000,1101.750000,1,-29.781250,68.734375,19.476562,937.500000,1125.750000,1568.050362,25.522669,median_filtered_pair,,,,-0.489439,-0.489439,,0,0,3,0,0,35,500.750000,1074.250000,-558.625000,-0.353924,-0.193924,0.019533,0,13.274210,26,444.836515,715.020458,11.232130,5,188.157712,9.575085,13.037865,12.796312,0.542854,0,2,0,0,
56.170249,1785220719.485125780,center_check,-50,-40,-26,cd_reverse_align ratio=-0.360 target=-0.160 error=-0.200 heading=+12.8 steer=-0.64 centered=0/5,49,49,28,21,2,1,2,1,1,4,102,0,4,1,1,5,1,-50.546875,88.437500,18.945312,603.250000,1094.250000,1,-29.781250,68.734375,19.476562,937.500000,1125.750000,1568.050362,25.522669,median_filtered_pair,,,,-0.635648,-0.635648,,0,0,3,0,0,36,495.500000,1083.250000,-567.875000,-0.360470,-0.200470,0.021245,0,13.472899,25,426.368801,697.175574,6.206583,4,157.136767,8.093758,12.783329,12.765059,0.542854,0,2,0,0,
56.259406,1785220719.596491098,center_check,-50,-42,-26,cd_reverse_align ratio=-0.368 target=-0.160 error=-0.208 heading=+12.9 steer=-0.76 centered=0/5,51,51,32,19,2,1,2,1,1,4,103,0,4,1,1,5,1,-50.546875,88.593750,19.023438,603.250000,1107.500000,1,-29.781250,68.734375,19.476562,937.500000,1125.750000,1568.050362,25.522669,median_filtered_pair,,,,-0.757494,-0.757494,,0,0,3,0,0,37,490.750000,1084.750000,-580.625000,-0.368212,-0.208212,0.020209,0,12.835807,27,484.425617,535.049073,16.448457,4,160.181543,110.280762,13.733532,12.910597,0.986742,0,2,0,0,
56.349856,1785220719.708840847,center_check,-50,-43,-26,cd_reverse_align ratio=-0.375 target=-0.160 error=-0.215 heading=+13.3 steer=-0.78 centered=0/5,50,50,28,22,2,1,2,1,1,3,104,0,4,1,1,5,1,-56.203125,90.281250,17.039063,555.000000,1104.000000,1,-29.781250,68.734375,19.476562,937.500000,1125.750000,1568.050362,25.522669,median_filtered_pair,,,,-0.780474,-0.780474,,0,0,3,0,0,38,484.750000,1091.750000,-590.875000,-0.374653,-0.214653,0.020903,0,13.585310,21,384.737079,600.107979,,0,,,13.585310,13.311588,0.950204,0,2,0,0,
56.438384,1785220719.708840847,center_check,-50,-43,-26,cd_reverse_align ratio=-0.375 target=-0.160 error=-0.215 heading=+13.3 steer=-0.78 centered=0/5,50,50,28,22,2,1,2,1,1,3,104,0,4,1,1,5,1,-56.203125,90.281250,17.039063,555.000000,1104.000000,1,-29.781250,68.734375,19.476562,937.500000,1125.750000,1568.050362,25.522669,median_filtered_pair,,,,-0.780474,-0.780474,,0,0,3,0,0,38,484.750000,1091.750000,-590.875000,-0.374653,-0.214653,0.020903,0,13.585310,21,384.737079,600.107979,,0,,,13.585310,13.311588,0.950204,0,2,0,0,
56.528692,1785220719.819384098,center_check,-50,-46,-26,cd_reverse_align ratio=-0.381 target=-0.160 error=-0.221 heading=+13.2 steer=-0.95 centered=0/5,56,56,30,26,2,1,2,1,1,5,105,0,4,1,1,5,1,-56.203125,90.281250,17.039063,555.000000,1104.000000,1,-29.781250,68.734375,19.476562,937.500000,1125.750000,1568.050362,25.522669,median_filtered_pair,,,,-0.949977,-0.949977,,0,0,3,0,0,39,480.000000,1093.000000,-600.500000,-0.381028,-0.221028,0.017413,0,14.361814,24,367.709529,796.996162,0.113085,5,161.508817,13.085086,12.408303,13.184319,1.325229,0,2,0,0,
56.621596,1785220719.934327126,center_check,-50,-50,-26,cd_reverse_align ratio=-0.387 target=-0.160 error=-0.227 heading=+13.0 steer=-1.12 centered=0/5,54,54,31,23,2,1,2,1,1,4,106,0,4,1,1,5,1,-56.203125,91.656250,17.726563,555.000000,1119.250000,1,-29.781250,68.734375,19.476562,937.500000,1125.750000,1568.050362,25.522669,median_filtered_pair,,,,-1.122060,-1.122060,,0,0,3,0,0,40,475.000000,1102.250000,-610.000000,-0.387363,-0.227363,0.020663,0,14.594641,24,354.990868,756.850197,-2.588874,4,130.269118,14.241665,12.504434,13.044872,1.325229,0,2,0,0,
56.710676,1785220720.045464993,center_check,-50,-53,-26,cd_reverse_align ratio=-0.393 target=-0.160 error=-0.233 heading=+13.0 steer=-1.24 centered=0/5,54,54,29,25,2,1,2,1,0,0,0,1,4,1,1,5,1,-56.203125,91.656250,17.726563,555.000000,1119.250000,1,-29.781250,68.734375,19.476562,937.500000,1125.750000,1568.050362,25.522669,median_filtered_pair,,,,-1.240951,-1.240951,,0,0,3,0,0,41,473.500000,1098.750000,-618.375000,-0.393025,-0.233025,0.012656,0,14.380676,23,339.373300,676.394368,,0,,,14.380676,13.044872,1.972373,0,2,0,0,
56.800150,1785220720.157672882,center_check,-50,-52,-26,cd_reverse_align ratio=-0.398 target=-0.160 error=-0.238 heading=+13.4 steer=-1.23 centered=0/5,48,48,26,22,2,1,2,1,0,0,0,2,4,1,1,5,1,-63.468750,92.734375,14.632812,504.000000,1134.750000,1,-29.781250,68.734375,19.476562,937.500000,1125.750000,1568.050362,25.522669,median_filtered_pair,,,,-1.230348,-1.230348,,0,0,3,0,0,42,467.000000,1104.750000,-626.250000,-0.397682,-0.237682,0.016057,0,14.359689,20,310.751969,17.597866,,0,,,14.359689,13.432062,1.972373,0,2,0,0,
56.889354,1785220720.157672882,center_check,-50,-52,-26,cd_reverse_align ratio=-0.398 target=-0.160 error=-0.238 heading=+13.4 steer=-1.23 centered=0/5,48,48,26,22,2,1,2,1,0,0,0,2,4,1,1,5,1,-63.468750,92.734375,14.632812,504.000000,1134.750000,1,-29.781250,68.734375,19.476562,937.500000,1125.750000,1568.050362,25.522669,median_filtered_pair,,,,-1.230348,-1.230348,,0,0,3,0,0,42,467.000000,1104.750000,-626.250000,-0.397682,-0.237682,0.016057,0,14.359689,20,310.751969,17.597866,,0,,,14.359689,13.432062,1.972373,0,2,0,0,
56.979308,1785220720.267772913,parallel_forward,35,-112,-26,parallel_forward heading=+14.4 target<=10.0 steer=-4.00 ready=0/2,39,39,23,16,2,1,2,0,0,0,0,3,4,1,1,5,1,-65.500000,92.734375,13.617188,494.000000,1134.750000,1,-29.781250,68.734375,19.476562,937.500000,1125.750000,1568.050362,25.522669,median_filtered_pair,,,,-4.000000,-4.000000,,0,0,3,0,0,43,463.500000,1110.250000,,,,,0,15.307451,16,294.026705,801.020341,,0,,,15.307451,14.370182,2.803017,0,3,0,1,14.370182
57.067923,1785220720.382660151,parallel_forward,35,-112,-26,parallel_forward heading=+14.4 target<=10.0 steer=-4.00 ready=0/2,45,45,24,21,2,1,2,0,0,0,0,4,4,1,1,5,1,-67.078125,94.203125,13.562500,486.250000,1126.000000,1,-29.781250,68.734375,19.476562,937.500000,1125.750000,1568.050362,25.522669,median_filtered_pair,,,,-4.000000,-4.000000,,0,0,3,0,0,43,460.000000,1114.750000,,,,,0,14.437865,18,350.716908,498.495679,,0,,,14.437865,14.409270,0.947763,0,3,0,2,14.370182
57.162162,1785220720.494842768,parallel_forward,35,-112,-26,parallel_forward heading=+14.4 target<=10.0 steer=-4.00 ready=0/2,43,43,22,21,2,1,2,0,0,0,0,5,4,1,1,5,1,-67.859375,95.953125,14.046875,483.750000,1111.750000,1,-29.781250,68.734375,19.476562,937.500000,1125.750000,1568.050362,25.522669,median_filtered_pair,,,,-4.000000,-4.000000,,0,0,3,0,0,43,457.250000,1121.500000,,,,,0,14.134194,16,285.475259,1003.496659,,0,,,14.134194,14.398777,1.173257,0,3,0,3,14.370182
57.249008,1785220720.606384039,parallel_forward,35,-112,-26,parallel_forward heading=+14.3 target<=10.0 steer=-4.00 ready=0/2,40,40,22,18,2,1,2,0,0,0,0,6,4,1,1,5,1,-67.828125,96.343750,14.257812,484.000000,1124.750000,1,-29.781250,68.734375,19.476562,937.500000,1125.750000,1568.050362,25.522669,median_filtered_pair,,,,-4.000000,-4.000000,,0,0,3,0,0,43,461.500000,1133.500000,,,,,0,11.440754,17,328.911943,291.164403,,0,,,11.440754,14.286029,3.866698,0,3,0,4,14.370182
57.338691,1785220720.606384039,parallel_forward,35,-112,-26,parallel_forward heading=+14.3 target<=10.0 steer=-4.00 ready=0/2,40,40,22,18,2,1,2,0,0,0,0,6,4,1,1,5,1,-67.828125,96.343750,14.257812,484.000000,1124.750000,1,-29.781250,68.734375,19.476562,937.500000,1125.750000,1568.050362,25.522669,median_filtered_pair,,,,-4.000000,-4.000000,,0,0,3,0,0,43,461.500000,1133.500000,,,,,0,11.440754,17,328.911943,291.164403,,0,,,11.440754,14.286029,3.866698,0,3,0,4,14.370182
57.428045,1785220720.717628956,parallel_forward,35,-107,-26,parallel_forward heading=+13.5 target<=10.0 steer=-3.77 ready=0/2,41,41,22,19,2,1,2,0,0,0,0,7,4,1,1,5,1,-67.828125,96.625000,14.398438,484.000000,1132.750000,1,-29.781250,68.734375,19.476562,937.500000,1125.750000,1568.050362,25.522669,median_filtered_pair,,,,-3.770318,-3.770318,,0,0,3,0,0,43,467.000000,1116.000000,,,,,0,12.796647,17,304.228699,777.045968,,0,,,12.796647,13.465420,2.997111,0,3,0,0,13.465420
57.514941,1785220720.828814030,parallel_forward,35,-103,-26,parallel_forward heading=+12.9 target<=10.0 steer=-3.61 ready=0/2,40,40,23,17,2,1,2,0,0,0,0,8,4,1,1,5,1,-67.828125,96.859375,14.515625,484.000000,1124.500000,1,-29.781250,68.734375,19.476562,937.500000,1125.750000,1568.050362,25.522669,median_filtered_pair,,,,-3.606388,-3.606388,,0,0,3,0,0,43,465.750000,1108.250000,,,,,0,12.963267,18,316.762333,538.606634,,0,,,12.963267,12.879957,2.693440,0,3,0,1,13.465420
57.604605,1785220720.942927122,parallel_forward,35,-100,-26,parallel_forward heading=+12.3 target<=10.0 steer=-3.44 ready=0/2,43,43,25,18,2,1,2,0,0,0,0,9,4,1,1,5,1,-64.812500,96.500000,15.843750,503.500000,1114.000000,1,-29.781250,68.734375,19.476562,937.500000,1125.750000,1568.050362,25.522669,median_filtered_pair,,,,-3.443072,-3.443072,,0,0,3,0,0,43,468.750000,1103.000000,,,,,0,11.796723,19,363.156656,436.568540,,0,,,11.796723,12.296685,1.522514,0,3,0,0,12.296685
57.699525,1785220721.054444075,parallel_forward,35,-100,-26,parallel_forward heading=+12.3 target<=10.0 steer=-3.44 ready=0/2,47,47,27,20,2,1,2,0,0,0,0,10,4,1,1,5,1,-64.812500,96.484375,15.835938,503.500000,1107.500000,1,-29.781250,68.734375,19.476562,937.500000,1125.750000,1568.050362,25.522669,median_filtered_pair,,,,-3.443072,-3.443072,,0,0,3,0,0,43,472.750000,1098.000000,,,,,0,11.696229,21,320.635173,375.374596,,0,,,11.696229,12.296685,1.267038,0,3,0,1,12.296685
57.789974,1785220721.054444075,parallel_forward,35,-100,-26,parallel_forward heading=+12.3 target<=10.0 steer=-3.44 ready=0/2,47,47,27,20,2,1,2,0,0,0,0,10,4,1,1,5,1,-64.812500,96.484375,15.835938,503.500000,1107.500000,1,-29.781250,68.734375,19.476562,937.500000,1125.750000,1568.050362,25.522669,median_filtered_pair,,,,-3.443072,-3.443072,,0,0,3,0,0,43,472.750000,1098.000000,,,,,0,11.696229,21,320.635173,375.374596,,0,,,11.696229,12.296685,1.267038,0,3,0,1,12.296685
57.880411,1785220721.165354013,parallel_forward,35,-97,-26,parallel_forward heading=+11.8 target<=10.0 steer=-3.29 ready=0/2,44,44,23,21,2,1,2,0,1,3,1,0,4,1,1,5,1,-64.812500,94.750000,14.968750,503.500000,1118.000000,1,-29.781250,68.734375,19.476562,937.500000,1125.750000,1568.050362,25.522669,median_filtered_pair,,,,-3.291747,-3.291747,,0,0,3,0,0,43,476.500000,1099.500000,,,,,0,11.715752,17,319.650751,902.044445,,0,,,11.715752,11.756238,1.267038,0,3,0,2,12.296685
57.969675,1785220721.277207136,parallel_forward,35,-97,-26,parallel_forward heading=+11.8 target<=10.0 steer=-3.29 ready=0/2,47,47,25,22,2,1,2,1,1,3,2,0,5,1,1,5,1,-64.812500,94.562500,14.875000,503.500000,1104.750000,1,-29.781250,68.734375,19.476562,937.500000,1125.750000,1568.050362,25.522669,median_filtered_pair,,,,-3.291747,-3.291747,,0,0,3,0,0,43,480.000000,1092.750000,,,,,0,12.397489,19,338.286805,1067.057088,,0,,,12.397489,11.756238,0.701259,0,3,0,3,12.296685
58.057402,1785220721.389103174,parallel_forward,35,-96,-26,parallel_forward heading=+11.7 target<=10.0 steer=-3.28 ready=0/2,52,52,29,23,2,1,2,1,1,4,3,0,5,1,1,5,1,-64.812500,94.328125,14.757813,503.500000,1099.250000,1,-29.781250,68.734375,19.476562,937.500000,1125.750000,1568.050362,25.522669,median_filtered_pair,,,,-3.277677,-3.277677,,0,0,3,0,0,43,482.750000,1089.000000,,,,,0,11.462674,22,352.293534,633.484689,-9.841668,4,130.304130,32.253983,11.462674,11.705991,0.934815,0,3,0,4,12.296685
58.147900,1785220721.502475023,parallel_forward,35,-96,-26,parallel_forward heading=+11.6 target<=10.0 steer=-3.24 ready=0/2,42,42,24,18,2,1,2,1,1,4,4,0,5,1,1,5,1,-66.203125,93.843750,13.820312,503.750000,1096.250000,1,-29.781250,68.734375,19.476562,937.500000,1125.750000,1568.050362,25.522669,median_filtered_pair,,,,-3.244980,-3.244980,,0,0,3,0,0,43,486.750000,1096.250000,,,,,0,11.224925,21,366.375346,629.726483,4.162316,4,126.106520,13.921844,10.421120,11.589213,1.976369,0,3,0,5,12.296685
58.242119,1785220721.502475023,parallel_forward,35,-96,-26,parallel_forward heading=+11.6 target<=10.0 steer=-3.24 ready=0/2,42,42,24,18,2,1,2,1,1,4,4,0,5,1,1,5,1,-66.203125,93.843750,13.820312,503.750000,1096.250000,1,-29.781250,68.734375,19.476562,937.500000,1125.750000,1568.050362,25.522669,median_filtered_pair,,,,-3.244980,-3.244980,,0,0,3,0,0,43,486.750000,1096.250000,,,,,0,11.224925,21,366.375346,629.726483,4.162316,4,126.106520,13.921844,10.421120,11.589213,1.976369,0,3,0,5,12.296685
58.331756,1785220721.614700079,parallel_forward,35,-93,-26,parallel_forward heading=+11.2 target<=10.0 steer=-3.14 ready=0/2,45,45,25,20,2,1,2,1,1,3,5,0,5,1,1,5,1,-65.093750,92.906250,13.906250,510.250000,1094.500000,1,-29.781250,68.734375,19.476562,937.500000,1125.750000,1568.050362,25.522669,median_filtered_pair,,,,-3.141810,-3.141810,,0,0,3,0,0,43,491.250000,1089.500000,,,,,0,10.978827,21,368.901846,844.149867,,0,,,10.978827,11.220750,1.976369,0,3,0,0,11.220750
58.421814,1785220721.726135015,parallel_forward,35,-90,-26,parallel_forward heading=+10.7 target<=10.0 steer=-3.00 ready=0/2,50,50,30,20,2,1,2,1,1,5,6,0,5,1,1,5,1,-64.203125,92.031250,13.914063,517.000000,1093.000000,1,-29.781250,68.734375,19.476562,937.500000,1125.750000,1568.050362,25.522669,median_filtered_pair,,,,-2.995992,-2.995992,,0,0,3,0,0,43,494.000000,1082.250000,,,,,0,10.564743,24,386.433390,785.117061,2.817777,5,157.422625,25.627102,9.240263,10.699973,2.222411,0,3,0,1,11.220750
58.511493,1785220721.836852074,parallel_forward,35,-86,-26,parallel_forward heading=+10.0 target<=10.0 steer=-2.79 ready=1/2,43,43,28,15,2,1,2,1,1,6,7,0,5,1,1,5,1,-57.843750,91.359375,16.757813,566.500000,1090.250000,1,-29.781250,68.734375,19.476562,937.500000,1125.750000,1568.050362,25.522669,median_filtered_pair,,,,-2.794594,-2.794594,,0,0,3,0,0,43,499.000000,1081.250000,,,,,0,9.470802,22,470.109135,589.255472,10.158345,6,156.754315,11.359732,9.540264,9.980692,1.738564,1,3,0,0,9.980692
58.601570,1785220721.948759079,parallel_forward,35,-86,-26,parallel_forward heading=+10.1 target<=10.0 steer=-2.82 ready=0/2,41,41,26,15,2,1,2,1,1,5,8,0,5,1,1,5,1,-57.843750,89.546875,15.851563,566.500000,1100.250000,1,-29.781250,68.734375,19.476562,937.500000,1125.750000,1568.050362,25.522669,median_filtered_pair,,,,-2.816246,-2.816246,,0,0,3,0,0,43,503.500000,1075.000000,,,,,0,10.593604,23,393.957388,1466.996945,10.452381,5,186.377751,9.324768,10.575778,10.058021,1.738564,0,3,0,1,9.980692
58.692383,1785220722.060220003,parallel_forward,35,-84,-26,parallel_forward heading=+9.7 target<=10.0 steer=-2.72 ready=1/2,47,47,29,18,2,1,2,1,1,5,9,0,5,1,1,5,1,-57.843750,89.390625,15.773438,566.500000,1093.000000,1,-29.781250,68.734375,19.476562,937.500000,1125.750000,1568.050362,25.522669,median_filtered_pair,,,,-2.724086,-2.724086,,0,0,3,0,0,43,505.750000,1071.750000,,,,,0,10.167461,26,412.968245,1268.566394,8.281760,5,186.584954,11.440334,9.917490,9.728877,1.335515,1,3,0,2,9.980692
58.786494,1785220722.060220003,parallel_forward,35,-84,-26,parallel_forward heading=+9.7 target<=10.0 steer=-2.72 ready=1/2,47,47,29,18,2,1,2,1,1,5,9,0,5,1,1,5,1,-57.843750,89.390625,15.773438,566.500000,1093.000000,1,-29.781250,68.734375,19.476562,937.500000,1125.750000,1568.050362,25.522669,median_filtered_pair,,,,-2.724086,-2.724086,,0,0,3,0,0,43,505.750000,1071.750000,,,,,0,10.167461,26,412.968245,1268.566394,8.281760,5,186.584954,11.440334,9.917490,9.728877,1.335515,1,3,0,2,9.980692
58.877641,1785220722.174079895,prealign_left,50,-150,-26,figure7_t_entry_left entryCenter=+60.6 target<=20.0 confirm=0/3,41,41,29,12,2,1,2,1,1,6,10,0,5,1,1,5,1,-57.843750,87.375000,14.765625,566.500000,1106.250000,1,-57.843750,87.375000,14.765625,566.500000,1106.250000,1604.418389,60.618946,median_filtered_pair,,,,,,,1,1,0,0,0,0,512.000000,1070.500000,,,,,0,8.834419,23,401.891096,1075.368462,11.480503,6,220.725938,9.598082,9.219187,,,2,3,0,3,9.980692
58.966868,1785220722.286363840,prealign_left,50,-150,-26,figure7_t_entry_left entryCenter=+60.3 target<=20.0 confirm=0/3,46,46,29,17,2,1,2,1,1,7,11,0,5,1,1,5,1,-57.843750,87.031250,14.593750,566.500000,1099.500000,1,-57.843750,87.203125,14.679688,566.500000,1102.875000,1600.443380,60.260933,median_filtered_pair,,,,,,,1,1,0,0,0,0,516.000000,1067.750000,,,,,0,9.187212,23,452.481870,1820.711102,9.756575,7,249.217488,17.431129,9.293661,,,2,3,0,3,9.980692
59.057081,1785220722.397542000,prealign_left,50,-150,-26,figure7_t_entry_left entryCenter=+59.9 target<=20.0 confirm=0/3,51,51,34,17,2,1,2,1,1,7,12,0,5,1,1,5,1,-54.140625,86.750000,16.304688,609.000000,1090.750000,1,-57.843750,87.031250,14.765625,566.500000,1099.500000,1596.466839,59.902495,median_filtered_pair,,,,,,,1,1,0,0,0,0,520.750000,1063.500000,,,,,0,8.707342,28,527.241431,826.417902,8.522374,7,249.493241,20.837371,8.674485,,,2,3,0,3,9.980692
59.147414,1785220722.508582830,prealign_left,50,-150,-26,figure7_t_entry_left entryCenter=+55.3 target<=20.0 confirm=0/3,51,51,32,19,2,1,2,1,1,8,13,0,5,1,1,5,1,-54.140625,84.953125,15.406250,609.000000,1100.250000,1,-54.140625,86.750000,15.406250,609.000000,1099.500000,1618.306956,55.252453,median_filtered_pair,,,,,,,1,1,0,0,0,0,526.750000,1061.250000,,,,,0,8.352750,25,445.335863,1926.750227,10.938328,8,280.304503,18.854380,8.907725,,,2,3,0,3,9.980692
59.236920,1785220722.508582830,prealign_left,50,-150,-26,figure7_t_entry_left entryCenter=+55.3 target<=20.0 confirm=0/3,51,51,32,19,2,1,2,1,1,8,13,0,5,1,1,5,1,-54.140625,84.953125,15.406250,609.000000,1100.250000,1,-54.140625,86.750000,15.406250,609.000000,1099.500000,1618.306956,55.252453,median_filtered_pair,,,,,,,1,1,0,0,0,0,526.750000,1061.250000,,,,,0,8.352750,25,445.335863,1926.750227,10.938328,8,280.304503,18.854380,8.907725,,,2,3,0,3,9.980692
59.330890,1785220722.619544983,prealign_left,50,-150,-26,figure7_t_entry_left entryCenter=+52.6 target<=20.0 confirm=0/3,50,50,30,20,2,1,2,1,1,8,14,0,5,1,1,5,1,-54.140625,84.765625,15.312500,609.000000,1085.000000,1,-54.140625,84.953125,15.406250,609.000000,1090.750000,1601.467554,52.639151,median_filtered_pair,,,,,,,1,1,0,0,0,0,533.250000,1058.000000,,,,,0,7.551965,24,429.756152,1026.649131,7.389601,8,277.566461,26.885888,7.511232,,,2,3,0,3,9.980692
59.421804,1785220722.735130787,prealign_left,50,-150,-26,figure7_t_entry_left entryCenter=+52.7 target<=20.0 confirm=0/3,49,49,29,20,2,1,2,1,1,9,15,0,5,1,1,5,1,-54.140625,82.734375,14.296875,609.000000,1097.500000,1,-54.140625,84.765625,15.312500,609.000000,1097.500000,1607.113168,52.682470,median_filtered_pair,,,,,,,1,1,0,0,0,0,538.750000,1055.750000,,,,,0,6.953160,23,372.526629,710.790114,9.521619,9,308.695433,27.745343,7.733601,,,2,3,0,3,9.980692
59.511768,1785220722.846046925,prealign_left,50,-150,-26,figure7_t_entry_left entryCenter=+49.7 target<=20.0 confirm=0/3,49,49,30,19,2,1,2,1,1,9,16,0,5,1,1,5,1,-54.140625,82.203125,14.031250,609.000000,1080.000000,1,-54.140625,82.734375,14.296875,609.000000,1085.000000,1585.131940,49.712117,median_filtered_pair,,,,,,,1,1,0,0,0,0,544.000000,1052.000000,,,,,0,6.710609,25,456.223842,1016.216693,7.175958,9,338.477997,39.023866,6.857980,,,2,3,0,3,9.980692
59.602518,1785220722.957285881,prealign_left,50,-150,-26,figure7_t_entry_left entryCenter=+49.2 target<=20.0 confirm=0/3,51,51,29,22,2,1,2,1,1,11,17,0,5,1,1,5,1,-58.671875,80.390625,10.859375,595.250000,1089.000000,1,-54.140625,82.203125,14.031250,609.000000,1089.000000,1586.331153,49.244136,median_filtered_pair,,,,,,,1,1,0,0,0,0,549.250000,1049.750000,,,,,0,6.190040,24,425.128900,1139.631231,6.044899,11,368.476868,45.055231,6.136657,,,2,3,0,3,9.980692
59.693877,1785220722.957285881,prealign_left,50,-150,-26,figure7_t_entry_left entryCenter=+49.2 target<=20.0 confirm=0/3,51,51,29,22,2,1,2,1,1,11,17,0,5,1,1,5,1,-58.671875,80.390625,10.859375,595.250000,1089.000000,1,-54.140625,82.203125,14.031250,609.000000,1089.000000,1586.331153,49.244136,median_filtered_pair,,,,,,,1,1,0,0,0,0,549.250000,1049.750000,,,,,0,6.190040,24,425.128900,1139.631231,6.044899,11,368.476868,45.055231,6.136657,,,2,3,0,3,9.980692
59.785930,1785220723.069303036,prealign_left,50,-150,-26,figure7_t_entry_left entryCenter=+49.0 target<=20.0 confirm=0/3,58,58,31,27,2,1,2,1,1,11,18,0,5,1,1,5,1,-58.671875,78.656250,9.992187,595.250000,1096.000000,1,-58.671875,80.390625,10.859375,595.250000,1089.000000,1587.330280,49.005116,median_filtered_pair,,,,,,,1,1,0,0,0,0,553.250000,1046.500000,,,,,0,5.256463,23,391.301852,966.382050,5.058789,11,400.319847,86.799455,5.159997,,,2,3,0,3,9.980692
59.880746,1785220723.180045128,prealign_left,50,-150,-26,figure7_t_entry_left entryCenter=+46.9 target<=20.0 confirm=0/3,47,47,27,20,2,1,2,1,1,9,19,0,5,1,1,5,1,-58.671875,78.359375,9.843750,595.250000,1078.000000,1,-58.671875,78.656250,9.992187,595.250000,1089.000000,1579.068827,46.881077,median_filtered_pair,,,,,,,1,1,0,0,0,0,558.000000,1044.250000,,,,,0,4.411195,23,422.495325,425.207894,2.558018,9,396.317341,4086.105483,3.514230,,,2,3,0,3,9.980692
59.971165,1785220723.291254044,prealign_left,50,-150,-26,figure7_t_entry_left entryCenter=+46.5 target<=20.0 confirm=0/3,52,52,31,21,2,1,2,1,1,12,20,0,5,1,1,5,1,-57.750000,76.453125,9.351562,621.250000,1089.250000,1,-58.671875,78.359375,9.843750,595.250000,1089.250000,1577.864001,46.532993,median_filtered_pair,,,,,,,1,1,0,0,0,0,561.750000,1041.250000,,,,,0,3.803150,24,486.452345,411.528093,3.930937,12,427.055368,1320.626387,3.862889,,,2,3,0,3,9.980692
60.061570,1785220723.406284094,prealign_left,50,-150,-26,figure7_t_entry_left entryCenter=+42.3 target<=20.0 confirm=0/3,49,49,31,18,2,1,2,1,1,12,21,0,5,1,1,5,1,-52.984375,74.562500,10.789063,656.250000,1100.500000,1,-57.750000,76.453125,9.843750,621.250000,1089.250000,1586.193084,42.285161,median_filtered_pair,,,,,,,1,1,0,0,0,0,564.750000,1039.000000,,,,,0,3.092611,24,555.390002,412.621576,4.042834,12,460.313358,112.084518,3.523249,,,2,3,0,3,9.980692
60.152746,1785220723.517282963,prealign_left,50,-150,-26,figure7_t_entry_left entryCenter=+37.5 target<=20.0 confirm=0/3,49,49,32,17,2,1,2,1,1,13,22,0,5,1,1,5,1,-52.984375,74.156250,10.585938,656.250000,1084.250000,1,-52.984375,74.562500,10.585938,656.250000,1089.250000,1577.455967,37.516519,median_filtered_pair,,,,,,,1,1,0,0,0,0,568.750000,1031.500000,,,,,0,1.858672,24,421.243494,617.635969,1.089799,13,486.537294,2012.684660,1.446584,,,2,3,0,3,9.980692
60.245129,1785220723.517282963,prealign_left,50,-150,-26,figure7_t_entry_left entryCenter=+37.5 target<=20.0 confirm=0/3,49,49,32,17,2,1,2,1,1,13,22,0,5,1,1,5,1,-52.984375,74.156250,10.585938,656.250000,1084.250000,1,-52.984375,74.562500,10.585938,656.250000,1089.250000,1577.455967,37.516519,median_filtered_pair,,,,,,,1,1,0,0,0,0,568.750000,1031.500000,,,,,0,1.858672,24,421.243494,617.635969,1.089799,13,486.537294,2012.684660,1.446584,,,2,3,0,3,9.980692
60.336476,1785220723.629127026,prealign_left,50,-150,-26,figure7_t_entry_left entryCenter=+37.6 target<=20.0 confirm=0/3,50,50,30,20,2,1,2,1,1,15,23,0,5,1,1,5,1,-52.984375,72.140625,9.578125,656.250000,1101.000000,1,-52.984375,74.156250,10.585938,656.250000,1100.500000,1585.515159,37.551332,median_filtered_pair,,,,,,,1,1,0,0,0,0,570.500000,1029.000000,,,,,0,1.641815,23,427.005375,606.277840,3.488155,15,520.456159,176.774822,2.656040,,,2,3,0,3,9.980692
60.433113,1785220723.739673138,prealign_left,50,-150,-26,figure7_t_entry_left entryCenter=+34.9 target<=20.0 confirm=0/3,54,54,33,21,2,1,2,1,1,15,24,0,5,1,1,5,1,-52.984375,71.812500,9.414063,656.250000,1084.500000,1,-52.984375,72.140625,9.578125,656.250000,1084.500000,1557.491072,34.932108,median_filtered_pair,,,,,,,1,1,0,0,0,0,572.750000,1021.000000,,,,,0,2.273948,26,504.187456,445.501764,1.438616,15,514.339200,1731.836398,1.852119,,,2,3,0,3,9.980692
60.523980,1785220723.852947950,prealign_left,50,-150,-26,figure7_t_entry_left entryCenter=+35.1 target<=20.0 confirm=0/3,58,58,35,23,2,1,2,1,1,15,25,0,5,1,1,5,1,-52.984375,69.859375,8.437500,656.250000,1097.750000,1,-52.984375,71.812500,9.414063,656.250000,1097.750000,1567.780890,35.122346,median_filtered_pair,,,,,,,1,1,0,0,0,0,574.250000,1024.000000,,,,,0,1.592382,27,558.106807,656.767326,2.457005,16,547.382212,246.759049,2.020500,,,2,3,0,3,9.980692
60.614399,1785220723.966192961,prealign_left,50,-150,-26,figure7_t_entry_left entryCenter=+32.7 target<=20.0 confirm=0/3,54,54,35,19,2,1,2,1,1,14,26,0,5,1,1,5,1,-46.203125,69.312500,11.554688,804.000000,1084.250000,1,-52.984375,69.859375,9.414063,656.250000,1084.500000,1542.332176,32.743004,median_filtered_pair,,,,,,,1,1,0,0,0,0,575.250000,1021.250000,,,,,0,0.122005,25,718.891154,1443.739062,-0.153120,15,574.367814,3988.538921,-0.000185,,,2,3,0,3,9.980692
60.707308,1785220723.966192961,prealign_left,50,-150,-26,figure7_t_entry_left entryCenter=+32.7 target<=20.0 confirm=0/3,54,54,35,19,2,1,2,1,1,14,26,0,5,1,1,5,1,-46.203125,69.312500,11.554688,804.000000,1084.250000,1,-52.984375,69.859375,9.414063,656.250000,1084.500000,1542.332176,32.743004,median_filtered_pair,,,,,,,1,1,0,0,0,0,575.250000,1021.250000,,,,,0,0.122005,25,718.891154,1443.739062,-0.153120,15,574.367814,3988.538921,-0.000185,,,2,3,0,3,9.980692
60.801084,1785220724.081599951,prealign_left,50,-150,-26,figure7_t_entry_left entryCenter=+25.3 target<=20.0 confirm=0/3,60,60,36,24,2,1,2,1,1,15,27,0,5,1,1,5,1,-46.203125,67.500000,10.648438,804.000000,1099.000000,1,-46.203125,69.312500,10.648438,804.000000,1097.750000,1616.117557,25.314665,median_filtered_pair,,,,,,,1,1,0,0,0,0,575.250000,1017.000000,,,,,0,0.577439,28,610.242229,751.409612,1.728524,17,576.231822,316.559028,1.136483,,,2,3,0,3,9.980692
60.893685,1785220724.188282967,prealign_left,50,-150,-26,figure7_t_entry_left entryCenter=+24.0 target<=20.0 confirm=0/3,56,56,34,22,2,1,2,1,1,15,28,0,5,1,1,5,1,-46.203125,65.750000,9.773438,804.000000,1111.000000,1,-46.203125,67.500000,10.648438,804.000000,1099.000000,1601.444395,24.001001,median_filtered_pair,,,,,,,1,1,0,0,0,0,575.250000,1014.500000,,,,,0,-0.537386,26,548.290475,630.295481,1.466135,17,577.584409,257.745878,0.490439,,,2,3,0,3,9.980692
60.990634,1785220724.299589157,prealign_left,50,-150,-26,figure7_t_entry_left entryCenter=+23.1 target<=20.0 confirm=0/3,49,49,32,17,2,1,2,1,1,14,29,0,5,1,1,5,1,-46.203125,65.750000,9.773438,804.000000,1111.000000,1,-46.203125,65.750000,9.773438,804.000000,1111.000000,1596.437227,23.131740,median_filtered_pair,,,,,,,1,1,0,0,0,0,575.500000,1011.000000,,,,,0,-1.202561,24,504.021388,534.667451,-0.420716,14,379.805270,1922.558020,-0.866580,,,2,3,0,3,9.980692
61.081732,1785220724.412068129,prealign_left,50,-150,-26,figure7_t_entry_left entryCenter=+23.1 target<=20.0 confirm=0/3,52,52,36,16,2,1,2,1,1,14,30,0,5,1,1,5,1,-46.203125,65.750000,9.773438,804.000000,1111.000000,1,-46.203125,65.750000,9.773438,804.000000,1111.000000,1596.437227,23.131740,median_filtered_pair,,,,,,,1,1,0,0,0,0,580.500000,1008.750000,,,,,0,-0.661753,28,617.548906,548.408702,-1.210188,14,383.286931,6279.723944,-0.871786,,,2,3,0,3,9.980692
61.173642,1785220724.526453972,prealign_left,50,-150,-26,figure7_t_entry_left entryCenter=+23.1 target<=20.0 confirm=0/3,53,53,36,17,2,1,2,1,1,13,31,0,5,1,1,5,1,-50.078125,63.859375,6.890625,752.000000,1115.750000,1,-46.203125,65.750000,9.773438,804.000000,1111.000000,1596.437227,23.131740,median_filtered_pair,,,,,,,1,1,0,0,0,0,581.500000,1003.500000,,,,,0,-1.842089,26,529.907609,729.118993,0.721468,15,519.758044,196.092889,-0.572704,,,2,3,0,3,9.980692
61.267779,1785220724.637641907,prealign_left,50,-150,-26,figure7_t_entry_left entryCenter=+23.6 target<=20.0 confirm=0/3,48,48,33,15,3,1,2,1,1,15,32,0,5,1,1,5,1,-50.078125,63.859375,6.890625,752.000000,1115.750000,1,-50.078125,63.859375,6.890625,752.000000,1115.750000,1578.375520,23.565455,median_filtered_pair,,,,,,,1,1,0,0,0,0,590.250000,1000.750000,,,,,0,-1.508516,24,588.383241,652.371310,-1.825109,15,529.710257,4405.304272,-1.658506,,,2,3,0,3,9.980692
61.361218,1785220724.637641907,prealign_left,50,-150,-26,figure7_t_entry_left entryCenter=+23.6 target<=20.0 confirm=0/3,48,48,33,15,3,1,2,1,1,15,32,0,5,1,1,5,1,-50.078125,63.859375,6.890625,752.000000,1115.750000,1,-50.078125,63.859375,6.890625,752.000000,1115.750000,1578.375520,23.565455,median_filtered_pair,,,,,,,1,1,0,0,0,0,590.250000,1000.750000,,,,,0,-1.508516,24,588.383241,652.371310,-1.825109,15,529.710257,4405.304272,-1.658506,,,2,3,0,3,9.980692
61.454090,1785220724.748341084,prealign_left,50,-150,-26,figure7_t_entry_left entryCenter=+23.6 target<=20.0 confirm=0/3,54,54,37,17,3,1,2,1,1,12,33,0,5,1,1,5,1,-50.078125,61.562500,5.742188,752.000000,1118.000000,1,-50.078125,63.859375,6.890625,752.000000,1115.750000,1578.375520,23.565455,median_filtered_pair,,,,,,,1,1,0,0,0,0,586.750000,997.500000,,,,,0,-1.771256,26,621.785207,633.918345,-0.258798,15,521.435772,201.820307,-1.081407,,,2,3,0,3,9.980692
61.550914,1785220724.860157013,prealign_left,50,-150,-26,figure7_t_entry_left entryCenter=+21.8 target<=20.0 confirm=0/3,48,48,32,16,3,1,2,1,1,11,34,0,5,1,1,5,1,-50.078125,61.562500,5.742188,752.000000,1118.000000,1,-50.078125,61.562500,5.742188,752.000000,1118.000000,1560.617660,21.820005,median_filtered_pair,,,,,,,1,1,0,0,0,0,593.000000,997.250000,,,,,0,-2.866081,23,552.410374,1014.202663,-2.959365,13,353.890451,2569.384173,-2.902506,,,2,3,0,3,9.980692
61.641636,1785220724.971324921,prealign_left,50,-150,-26,figure7_t_entry_left entryCenter=+21.8 target<=20.0 confirm=0/3,47,47,31,16,3,1,2,1,1,11,35,0,5,1,1,5,1,-48.156250,61.562500,6.703125,821.000000,1118.000000,1,-50.078125,61.562500,5.742188,752.000000,1118.000000,1560.617660,21.820005,median_filtered_pair,,,,,,,1,1,0,0,0,0,593.250000,992.750000,,,,,0,-2.394257,22,612.989620,593.010969,-0.666425,14,438.361267,171.234604,-1.673837,,,2,3,0,3,9.980692
61.733444,1785220725.085980892,prealign_left,50,-150,-26,near_without_both_cd_not_inside_gap_left_forward C=True D=True,46,46,31,15,2,1,2,1,1,10,36,0,5,1,1,5,1,-48.156250,61.562500,6.703125,821.000000,1118.000000,1,-48.156250,61.562500,6.703125,821.000000,1118.000000,1594.790017,18.980038,figure7_right_gap_cluster_tangents,,,,,,,1,1,0,0,0,0,592.250000,992.750000,,,,,0,-3.272812,23,696.006170,690.469184,-3.717545,13,355.247499,1527.929105,-3.423099,,,2,3,0,3,9.980692
61.826112,1785220725.085980892,prealign_left,50,-150,-26,figure7_t_entry_left entryCenter=+19.0 target<=20.0 confirm=0/3,46,46,31,15,2,1,2,1,1,10,36,0,5,1,1,5,1,-48.156250,61.562500,6.703125,821.000000,1118.000000,1,-48.156250,61.562500,6.703125,821.000000,1118.000000,1594.790017,18.980038,median_filtered_pair,,,,,,,1,1,0,0,0,0,592.250000,992.750000,,,,,0,-3.272812,23,696.006170,690.469184,-3.717545,13,355.247499,1527.929105,-3.423099,,,2,3,0,3,9.980692
61.917760,1785220725.199638128,prealign_left,50,-150,-26,figure7_t_entry_left entryCenter=+19.0 target<=20.0 confirm=1/3,50,50,35,15,3,1,2,1,1,9,37,0,5,1,1,5,1,-48.156250,61.562500,6.703125,821.000000,1118.000000,1,-48.156250,61.562500,6.703125,821.000000,1118.000000,1594.790017,18.980038,median_filtered_pair,,,,,,,1,1,1,0,0,0,599.750000,990.250000,,,,,0,-4.394399,23,562.098734,680.466912,-4.045337,13,359.248207,1578.242283,-4.258294,,,2,3,0,3,9.980692
62.008954,1785220725.308948994,prealign_left,50,-150,-26,figure7_t_entry_left entryCenter=+19.0 target<=20.0 confirm=2/3,48,48,33,15,3,1,2,1,1,8,38,0,5,1,1,5,1,-48.156250,63.781250,7.812500,821.000000,1065.750000,1,-48.156250,61.562500,6.703125,821.000000,1118.000000,1594.790017,18.980038,median_filtered_pair,,,,,,,1,1,2,0,0,0,595.500000,992.750000,,,,,0,-3.555606,23,664.763294,615.266018,-4.477191,12,331.074280,1431.215744,-3.861994,,,2,3,0,3,9.980692
62.101854,1785220725.420160055,center_check,-50,-90,-26,cd_reverse_align ratio=-0.245 target=-0.160 error=-0.085 heading=-4.3 steer=-2.98 centered=0/5,46,46,32,14,3,1,2,1,1,8,39,0,5,1,1,5,1,-46.781250,62.062500,7.640625,875.500000,1076.500000,1,-48.156250,62.062500,7.640625,821.000000,1076.500000,1563.262510,17.881583,median_filtered_pair,,,,-2.980529,-2.980529,,0,1,3,0,0,1,598.750000,987.500000,-388.750000,-0.245075,-0.085075,inf,0,-4.121569,23,690.381003,891.109538,-4.536232,13,361.717816,1808.382793,-4.264132,-4.264132,inf,2,3,0,0,
62.191765,1785220725.534522057,center_check,-50,-90,-26,cd_reverse_align ratio=-0.243 target=-0.160 error=-0.083 heading=-4.5 steer=-3.01 centered=0/5,52,52,36,16,3,1,2,1,1,7,40,0,5,1,0,5,1,-46.781250,60.375000,6.796875,875.500000,1085.750000,1,-48.156250,62.062500,7.640625,821.000000,1076.500000,1563.262510,17.881583,median_filtered_pair,,,,-3.005919,-3.005919,,0,1,3,0,0,2,603.250000,988.000000,-386.750000,-0.243430,-0.083430,0.003284,0,-4.559464,24,701.452424,903.855058,-4.947389,13,364.698950,1544.697048,-4.692162,-4.478147,0.428029,2,3,0,0,
62.282572,1785220725.646527052,center_check,-50,-90,-26,cd_reverse_align ratio=-0.242 target=-0.160 error=-0.082 heading=-4.5 steer=-2.96 centered=0/5,46,46,26,20,4,1,2,1,1,6,41,0,5,1,0,5,1,-46.375000,59.031250,6.328125,888.000000,1100.750000,1,-48.156250,62.062500,7.640625,821.000000,1076.500000,1563.262510,17.881583,median_filtered_pair,,,,-2.963447,-2.963447,,0,1,3,0,0,3,605.750000,987.250000,-384.250000,-0.241553,-0.081553,0.005590,0,-4.273210,20,689.022605,707.106820,-4.828214,13,370.496029,5115.189010,-4.467286,-4.467286,0.428029,2,3,0,0,
62.374650,1785220725.646527052,center_check,-50,-90,-26,cd_reverse_align ratio=-0.242 target=-0.160 error=-0.082 heading=-4.5 steer=-2.96 centered=0/5,46,46,26,20,4,1,2,1,1,6,41,0,5,1,0,5,1,-46.375000,59.031250,6.328125,888.000000,1100.750000,1,-48.156250,62.062500,7.640625,821.000000,1076.500000,1563.262510,17.881583,median_filtered_pair,,,,-2.963447,-2.963447,,0,1,3,0,0,3,605.750000,987.250000,-384.250000,-0.241553,-0.081553,0.005590,0,-4.273210,20,689.022605,707.106820,-4.828214,13,370.496029,5115.189010,-4.467286,-4.467286,0.428029,2,3,0,0,
62.464916,1785220725.757885933,center_check,-50,-88,-26,cd_reverse_align ratio=-0.241 target=-0.160 error=-0.081 heading=-4.4 steer=-2.92 centered=0/5,49,49,30,19,3,1,2,1,1,7,42,0,5,1,0,5,1,-46.375000,59.031250,6.328125,888.000000,1100.750000,1,-48.156250,62.062500,7.640625,821.000000,1076.500000,1563.262510,17.881583,median_filtered_pair,,,,-2.915328,-2.915328,,0,1,3,0,0,4,605.500000,986.750000,-383.000000,-0.240616,-0.080616,0.005634,0,-3.441595,22,664.029375,685.553739,-4.476200,13,365.149666,1916.884259,-3.808670,-4.365709,0.883492,2,3,0,0,
62.555918,1785220725.868546009,center_check,-50,-88,-26,cd_reverse_align ratio=-0.240 target=-0.160 error=-0.080 heading=-4.4 steer=-2.90 centered=0/5,50,50,33,17,3,1,2,1,1,7,43,0,5,1,0,5,1,-46.375000,59.031250,6.328125,888.000000,1100.750000,1,-48.156250,62.062500,7.640625,821.000000,1076.500000,1563.262510,17.881583,median_filtered_pair,,,,-2.896756,-2.896756,,0,1,3,0,0,5,606.500000,991.750000,-382.000000,-0.239761,-0.079761,0.002350,0,-3.951005,23,676.991515,1248.133709,-4.833995,13,363.727134,2968.515335,-4.259607,-4.363446,0.883492,2,3,0,0,
62.651918,1785220725.983509064,center_check,-50,-86,-26,cd_reverse_align ratio=-0.240 target=-0.160 error=-0.080 heading=-4.0 steer=-2.80 centered=0/5,48,48,34,14,3,1,2,1,1,8,44,0,5,1,0,5,1,-46.375000,59.031250,6.328125,888.000000,1100.750000,1,-48.156250,62.062500,7.640625,821.000000,1076.500000,1563.262510,17.881583,median_filtered_pair,,,,-2.802508,-2.802508,,0,1,3,0,0,6,605.750000,988.000000,-381.875000,-0.239664,-0.079664,0.001604,0,-2.896887,24,643.079433,731.650138,-4.230659,13,358.037410,2593.915896,-3.373895,-4.034138,1.093391,2,3,0,0,
62.742134,1785220726.094810963,center_check,-50,-85,-26,cd_reverse_align ratio=-0.241 target=-0.160 error=-0.081 heading=-3.7 steer=-2.74 centered=0/5,45,45,30,15,3,1,2,1,1,9,45,0,5,1,0,5,1,-46.375000,59.031250,6.328125,888.000000,1100.750000,1,-48.156250,62.062500,7.640625,821.000000,1076.500000,1563.262510,17.881583,median_filtered_pair,,,,-2.739242,-2.739242,,0,1,3,0,0,7,603.000000,994.000000,-384.250000,-0.240834,-0.080834,0.005393,0,-3.316992,22,597.339648,1055.404279,-4.153154,13,361.624731,5255.423488,-3.632308,-3.720489,0.885712,2,3,0,0,
62.832039,1785220726.094810963,center_check,-50,-85,-26,cd_reverse_align ratio=-0.241 target=-0.160 error=-0.081 heading=-3.7 steer=-2.74 centered=0/5,45,45,30,15,3,1,2,1,1,9,45,0,5,1,0,5,1,-46.375000,59.031250,6.328125,888.000000,1100.750000,1,-48.156250,62.062500,7.640625,821.000000,1076.500000,1563.262510,17.881583,median_filtered_pair,,,,-2.739242,-2.739242,,0,1,3,0,0,7,603.000000,994.000000,-384.250000,-0.240834,-0.080834,0.005393,0,-3.316992,22,597.339648,1055.404279,-4.153154,13,361.624731,5255.423488,-3.632308,-3.720489,0.885712,2,3,0,0,
62.923276,1785220726.207005978,center_check,-50,-84,-26,cd_reverse_align ratio=-0.243 target=-0.160 error=-0.083 heading=-3.5 steer=-2.72 centered=0/5,47,47,32,15,3,1,2,1,1,10,46,0,5,1,0,5,1,-47.406250,60.906250,6.750000,872.250000,1084.000000,1,-48.156250,62.062500,7.640625,821.000000,1076.500000,1563.262510,17.881583,median_filtered_pair,,,,-2.718154,-2.718154,,0,1,3,0,0,8,600.500000,991.250000,-387.125000,-0.242579,-0.082579,0.005641,0,-3.133369,22,529.149229,929.552908,-3.785741,13,357.251741,2113.718600,-3.396299,-3.514303,0.885712,2,3,0,0,
63.014650,1785220726.317882776,center_check,-50,-84,-26,cd_reverse_align ratio=-0.245 target=-0.160 error=-0.085 heading=-3.4 steer=-2.72 centered=0/5,51,51,36,15,3,1,2,1,1,11,47,0,5,1,1,5,1,-46.625000,61.312500,7.343750,849.000000,1082.250000,1,-48.156250,62.062500,7.640625,821.000000,1076.500000,1563.262510,17.881583,median_filtered_pair,,,,-2.723724,-2.723724,,0,1,3,0,0,9,594.000000,991.500000,-389.625000,-0.244566,-0.084566,0.010866,0,-1.474880,26,727.651989,831.572223,-3.166345,13,354.797373,3162.219875,-2.029296,-3.385097,1.603013,2,3,0,0,
63.106770,1785220726.429551125,center_check,-50,-83,-26,cd_reverse_align ratio=-0.248 target=-0.160 error=-0.088 heading=-2.9 steer=-2.64 centered=0/5,47,47,32,15,3,1,2,1,1,13,48,0,5,1,1,5,1,-46.625000,63.312500,8.343750,849.000000,1070.000000,1,-48.156250,62.062500,7.640625,821.000000,1076.500000,1563.262510,17.881583,median_filtered_pair,,,,-2.639784,-2.639784,,0,1,3,0,0,10,595.250000,991.500000,-393.625000,-0.247660,-0.087660,0.005875,0,-2.024704,23,591.999163,1121.824000,-2.630735,15,527.509317,3244.263857,-2.310264,-2.853282,1.603013,2,3,0,0,
63.203804,1785220726.543091059,center_check,-50,-80,-26,cd_reverse_align ratio=-0.250 target=-0.160 error=-0.090 heading=-2.2 steer=-2.50 centered=0/5,51,51,35,16,3,1,2,1,1,12,49,0,5,1,1,5,1,-46.625000,63.546875,8.460938,849.000000,1075.250000,1,-48.156250,62.062500,7.640625,821.000000,1076.500000,1563.262510,17.881583,median_filtered_pair,,,,-2.502090,-2.502090,,0,1,3,0,0,11,592.500000,998.250000,-396.875000,-0.250217,-0.090217,0.009584,0,-1.227561,27,623.893472,868.526282,-2.838233,13,352.077365,3488.292457,-1.808604,-2.169780,1.587695,2,3,0,0,
63.294813,1785220726.655344009,center_check,-50,-79,-26,cd_reverse_align ratio=-0.253 target=-0.160 error=-0.093 heading=-1.9 steer=-2.49 centered=0/5,49,49,34,15,3,1,2,1,1,12,50,0,5,1,1,5,1,-46.625000,62.578125,7.976562,849.000000,1114.000000,1,-48.156250,62.062500,7.640625,821.000000,1076.500000,1563.262510,17.881583,median_filtered_pair,,,,-2.488050,-2.488050,,0,1,3,0,0,12,592.500000,999.250000,-401.625000,-0.252893,-0.092893,0.005812,0,-1.591750,24,577.162267,1136.036317,-0.037696,14,519.956594,202.614172,-0.855238,-1.918950,1.455026,2,3,0,0,
63.386480,1785220726.655344009,center_check,-50,-79,-26,cd_reverse_align ratio=-0.253 target=-0.160 error=-0.093 heading=-1.9 steer=-2.49 centered=0/5,49,49,34,15,3,1,2,1,1,12,50,0,5,1,1,5,1,-46.625000,62.578125,7.976562,849.000000,1114.000000,1,-48.156250,62.062500,7.640625,821.000000,1076.500000,1563.262510,17.881583,median_filtered_pair,,,,-2.488050,-2.488050,,0,1,3,0,0,12,592.500000,999.250000,-401.625000,-0.252893,-0.092893,0.005812,0,-1.591750,24,577.162267,1136.036317,-0.037696,14,519.956594,202.614172,-0.855238,-1.918950,1.455026,2,3,0,0,
63.478308,1785220726.765898943,center_check,-50,-79,-26,cd_reverse_align ratio=-0.255 target=-0.160 error=-0.095 heading=-1.7 steer=-2.48 centered=0/5,51,51,32,19,3,1,2,1,1,14,51,0,5,1,1,5,1,-46.625000,62.578125,7.976562,849.000000,1114.000000,1,-48.156250,62.062500,7.640625,821.000000,1076.500000,1563.262510,17.881583,median_filtered_pair,,,,-2.477230,-2.477230,,0,1,3,0,0,13,585.250000,999.750000,-406.250000,-0.255302,-0.095302,0.011790,0,-1.513556,25,512.355746,613.732833,-1.694332,14,379.944341,2334.733027,-1.590531,-1.699567,1.455026,2,3,0,0,
63.570758,1785220726.877444029,center_check,-50,-78,-26,cd_reverse_align ratio=-0.259 target=-0.160 error=-0.099 heading=-1.3 steer=-2.43 centered=0/5,50,50,33,17,2,1,2,1,1,14,52,0,5,1,1,5,1,-53.328125,62.578125,4.625000,746.500000,1114.000000,1,-48.156250,62.062500,7.640625,821.000000,1076.500000,1563.262510,17.881583,median_filtered_pair,,,,-2.429141,-2.429141,,0,1,3,0,0,14,583.750000,1002.250000,-410.625000,-0.258519,-0.098519,0.008803,0,-0.876570,25,554.157368,836.662829,-1.137857,14,378.655104,2235.128206,-0.982634,-1.286582,0.953365,2,3,0,0,
63.661201,1785220726.992456913,center_check,-50,-78,-26,cd_reverse_align ratio=-0.263 target=-0.160 error=-0.103 heading=-0.9 steer=-2.41 centered=0/5,50,50,31,19,4,1,2,1,1,14,53,0,5,1,1,5,1,-53.328125,62.578125,4.625000,746.500000,1114.000000,1,-48.156250,62.062500,7.640625,821.000000,1076.500000,1563.262510,17.881583,median_filtered_pair,,,,-2.413858,-2.413858,,0,1,3,0,0,15,582.250000,1006.500000,-416.500000,-0.262693,-0.102693,0.011497,0,2.225136,16,350.952436,670.238124,0.309913,16,544.811754,239.351930,1.060280,-0.918936,2.650811,2,3,0,0,
63.756459,1785220727.103767157,center_check,-50,-77,-26,cd_reverse_align ratio=-0.265 target=-0.160 error=-0.105 heading=-0.6 steer=-2.37 centered=0/5,56,56,35,21,3,1,2,1,1,14,54,0,5,1,1,5,1,-52.703125,62.578125,4.937500,720.500000,1114.000000,1,-48.156250,62.062500,7.640625,821.000000,1076.500000,1563.262510,17.881583,median_filtered_pair,,,,-2.372759,-2.372759,,0,1,3,0,0,16,582.250000,1010.250000,-421.375000,-0.265454,-0.105454,0.007246,0,0.427046,25,568.159625,633.232418,-1.004522,14,380.949408,3185.731028,-0.147551,-0.565092,2.650811,2,3,0,0,
63.847331,1785220727.214927912,center_check,-50,-74,-26,cd_reverse_align ratio=-0.268 target=-0.160 error=-0.108 heading=+0.0 steer=-2.26 centered=0/5,57,57,34,23,3,1,2,1,1,15,55,0,5,1,1,5,1,-47.453125,64.578125,8.562500,816.250000,1101.750000,1,-48.156250,62.062500,7.640625,821.000000,1076.500000,1563.262510,17.881583,median_filtered_pair,,,,-2.260921,-2.260921,,0,1,3,0,0,17,580.500000,1011.000000,-426.125000,-0.267898,-0.107898,0.006628,0,-0.793741,24,714.795655,1033.505833,1.399652,17,573.620692,272.805885,0.182787,0.017618,2.042914,2,3,0,0,
63.938336,1785220727.214927912,center_check,-50,-74,-26,cd_reverse_align ratio=-0.268 target=-0.160 error=-0.108 heading=+0.0 steer=-2.26 centered=0/5,57,57,34,23,3,1,2,1,1,15,55,0,5,1,1,5,1,-47.453125,64.578125,8.562500,816.250000,1101.750000,1,-48.156250,62.062500,7.640625,821.000000,1076.500000,1563.262510,17.881583,median_filtered_pair,,,,-2.260921,-2.260921,,0,1,3,0,0,17,580.500000,1011.000000,-426.125000,-0.267898,-0.107898,0.006628,0,-0.793741,24,714.795655,1033.505833,1.399652,17,573.620692,272.805885,0.182787,0.017618,2.042914,2,3,0,0,
64.029193,1785220727.326859951,center_check,-50,-71,-26,cd_reverse_align ratio=-0.269 target=-0.160 error=-0.109 heading=+0.6 steer=-2.11 centered=0/5,59,59,36,23,3,1,2,1,1,15,56,0,5,1,1,5,1,-47.453125,64.578125,8.562500,816.250000,1101.750000,1,-48.156250,62.062500,7.640625,821.000000,1076.500000,1563.262510,17.881583,median_filtered_pair,,,,-2.113542,-2.113542,,0,1,3,0,0,18,583.250000,1014.250000,-428.375000,-0.268932,-0.108932,0.003466,0,1.615043,27,539.108362,638.772699,1.223798,17,570.522280,282.708000,1.413883,0.621534,1.561433,2,3,0,0,
64.119140,1785220727.437616825,center_check,-50,-71,-26,cd_reverse_align ratio=-0.270 target=-0.160 error=-0.110 heading=+0.7 steer=-2.11 centered=0/5,53,53,32,21,3,1,2,1,1,16,57,0,5,1,1,5,1,-47.453125,64.578125,8.562500,816.250000,1101.750000,1,-48.156250,62.062500,7.640625,821.000000,1076.500000,1563.262510,17.881583,median_filtered_pair,,,,-2.109928,-2.109928,,0,1,3,0,0,19,582.000000,1017.250000,-430.500000,-0.269948,-0.109948,0.003399,0,1.220387,25,616.088081,793.020517,1.258059,17,572.906427,287.486890,1.238539,0.710663,1.561433,2,3,0,0,
64.210209,1785220727.552285910,center_check,-50,-68,-26,cd_reverse_align ratio=-0.271 target=-0.160 error=-0.111 heading=+1.3 steer=-1.96 centered=0/5,51,51,29,22,2,1,2,1,1,16,58,0,5,1,1,5,1,-47.453125,66.437500,9.492188,816.250000,1103.250000,1,-48.156250,62.062500,7.640625,821.000000,1076.500000,1563.262510,17.881583,median_filtered_pair,,,,-1.959206,-1.959206,,0,1,3,0,0,20,583.500000,1018.500000,-433.125000,-0.270978,-0.110978,0.002362,0,1.889001,23,531.488112,463.747052,1.550208,16,542.041661,255.138922,1.717939,1.326211,1.535152,2,3,0,0,
64.306948,1785220727.663556099,center_check,-50,-67,-26,cd_reverse_align ratio=-0.272 target=-0.160 error=-0.112 heading=+1.5 steer=-1.94 centered=0/5,49,49,28,21,2,1,2,1,1,15,59,0,5,1,1,5,1,-47.453125,66.437500,9.492188,816.250000,1103.250000,1,-48.156250,62.062500,7.640625,821.000000,1076.500000,1563.262510,17.881583,median_filtered_pair,,,,-1.935345,-1.935345,,0,1,3,0,0,21,582.250000,1019.250000,-435.125000,-0.271847,-0.111847,0.003073,0,2.459283,19,584.736083,637.789881,0.485525,15,510.528535,2388.481305,1.539268,1.476575,0.479400,2,3,0,0,
64.398431,1785220727.663556099,center_check,-50,-67,-26,cd_reverse_align ratio=-0.272 target=-0.160 error=-0.112 heading=+1.5 steer=-1.94 centered=0/5,49,49,28,21,2,1,2,1,1,15,59,0,5,1,1,5,1,-47.453125,66.437500,9.492188,816.250000,1103.250000,1,-48.156250,62.062500,7.640625,821.000000,1076.500000,1563.262510,17.881583,median_filtered_pair,,,,-1.935345,-1.935345,,0,1,3,0,0,21,582.250000,1019.250000,-435.125000,-0.271847,-0.111847,0.003073,0,2.459283,19,584.736083,637.789881,0.485525,15,510.528535,2388.481305,1.539268,1.476575,0.479400,2,3,0,0,
64.489632,1785220727.775247812,center_check,-50,-68,-26,cd_reverse_align ratio=-0.272 target=-0.160 error=-0.112 heading=+1.5 steer=-1.95 centered=0/5,49,49,29,20,2,1,2,1,1,14,60,0,5,1,1,5,1,-51.703125,67.750000,8.023438,721.750000,1092.500000,1,-48.156250,62.062500,7.640625,821.000000,1076.500000,1563.262510,17.881583,median_filtered_pair,,,,-1.949226,-1.949226,,0,1,3,0,0,22,581.750000,1017.500000,-435.875000,-0.272401,-0.112401,0.001334,0,1.943102,23,488.537118,434.255985,0.840789,14,478.308446,1462.784515,1.397776,1.468522,0.479400,2,3,0,0,
64.581252,1785220727.886785984,center_check,-50,-67,-26,cd_reverse_align ratio=-0.273 target=-0.160 error=-0.113 heading=+1.6 steer=-1.91 centered=0/5,50,50,26,24,2,1,2,1,1,14,61,0,5,1,1,5,1,-51.703125,69.000000,8.648438,721.750000,1086.500000,1,-48.156250,62.062500,7.640625,821.000000,1076.500000,1563.262510,17.881583,median_filtered_pair,,,,-1.914841,-1.914841,,0,1,3,0,0,23,580.000000,1026.500000,-436.875000,-0.272898,-0.112898,0.006398,0,1.600031,21,367.883450,305.484393,1.813624,14,484.791325,131.792075,1.721470,1.628603,0.323694,2,3,0,0,
64.670736,1785220727.999429226,center_check,-50,-68,-26,cd_reverse_align ratio=-0.276 target=-0.160 error=-0.116 heading=+1.6 steer=-1.97 centered=0/5,49,49,27,22,2,1,2,1,1,13,62,0,5,1,1,5,1,-52.609375,70.125000,8.757813,699.750000,1081.500000,1,-48.156250,62.062500,7.640625,821.000000,1076.500000,1563.262510,17.881583,median_filtered_pair,,,,-1.971182,-1.971182,,0,1,3,0,0,24,578.500000,1026.500000,-442.000000,-0.275604,-0.115604,0.006656,0,3.021049,22,419.966538,319.273780,2.608240,13,453.154024,123.730984,2.806799,1.630369,1.409023,2,3,0,0,
64.762439,1785220728.112673044,center_check,-50,-66,-26,cd_reverse_align ratio=-0.279 target=-0.160 error=-0.119 heading=+2.2 steer=-1.87 centered=0/5,51,51,25,26,2,1,2,1,1,11,63,0,5,1,1,5,1,-52.609375,71.578125,9.484375,699.750000,1076.750000,1,-48.156250,62.062500,7.640625,821.000000,1076.500000,1563.262510,17.881583,median_filtered_pair,,,,-1.868935,-1.868935,,0,1,3,0,0,25,575.750000,1030.250000,-447.250000,-0.278530,-0.118530,0.010530,0,4.741136,19,336.239047,403.732593,1.067055,11,416.355501,9593.516844,2.708535,2.215003,1.409023,2,3,0,0,
64.857635,1785220728.223891973,center_check,-50,-64,-26,cd_reverse_align ratio=-0.281 target=-0.160 error=-0.121 heading=+2.8 steer=-1.77 centered=0/5,52,52,31,21,2,1,2,1,1,11,64,0,5,1,1,5,1,-59.468750,72.968750,6.750000,646.500000,1085.500000,1,-48.156250,62.062500,7.640625,821.000000,1076.500000,1563.262510,17.881583,median_filtered_pair,,,,-1.770220,-1.770220,,0,1,3,0,0,26,571.250000,1031.750000,-451.250000,-0.281065,-0.121065,0.009340,0,4.972063,24,435.477028,393.436418,3.523120,11,424.474034,85.837906,4.284488,2.757667,2.563018,2,3,0,0,
64.948445,1785220728.223891973,center_check,-50,-64,-26,cd_reverse_align ratio=-0.281 target=-0.160 error=-0.121 heading=+2.8 steer=-1.77 centered=0/5,52,52,31,21,2,1,2,1,1,11,64,0,5,1,1,5,1,-59.468750,72.968750,6.750000,646.500000,1085.500000,1,-48.156250,62.062500,7.640625,821.000000,1076.500000,1563.262510,17.881583,median_filtered_pair,,,,-1.770220,-1.770220,,0,1,3,0,0,26,571.250000,1031.750000,-451.250000,-0.281065,-0.121065,0.009340,0,4.972063,24,435.477028,393.436418,3.523120,11,424.474034,85.837906,4.284488,2.757667,2.563018,2,3,0,0,
65.039214,1785220728.335283995,center_check,-50,-61,-26,cd_reverse_align ratio=-0.285 target=-0.160 error=-0.125 heading=+3.5 steer=-1.64 centered=0/5,45,45,27,18,2,1,2,1,1,10,65,0,5,1,1,5,1,-63.218750,72.968750,4.875000,605.250000,1085.500000,1,-48.156250,62.062500,7.640625,821.000000,1076.500000,1563.262510,17.881583,median_filtered_pair,,,,-1.635066,-1.635066,,0,1,3,0,0,27,566.250000,1033.000000,-457.500000,-0.285136,-0.125136,0.012728,0,5.782455,20,340.730939,372.273141,3.653223,10,392.403742,70.533468,4.735586,3.545644,2.027051,2,3,0,0,
65.128999,1785220728.446204901,center_check,-50,-57,-26,cd_reverse_align ratio=-0.290 target=-0.160 error=-0.130 heading=+4.5 steer=-1.46 centered=0/5,60,60,34,26,2,1,2,1,1,10,66,0,5,1,1,5,1,-62.093750,74.281250,6.093750,610.500000,1079.750000,1,-48.156250,62.062500,7.640625,821.000000,1076.500000,1563.262510,17.881583,median_filtered_pair,,,,-1.457992,-1.457992,,0,1,3,0,0,28,559.250000,1034.750000,-463.625000,-0.289562,-0.129562,0.015305,0,5.916342,25,434.656622,626.911639,3.214435,10,395.416166,70.342661,4.747008,4.510037,2.038473,2,3,0,0,
65.217593,1785220728.557765961,center_check,-50,-58,-26,cd_reverse_align ratio=-0.295 target=-0.160 error=-0.135 heading=+4.7 steer=-1.51 centered=0/5,52,52,30,22,2,1,2,1,1,11,67,0,5,1,1,5,1,-62.093750,76.078125,6.992187,610.500000,1066.500000,1,-48.156250,62.062500,7.640625,821.000000,1076.500000,1563.262510,17.881583,median_filtered_pair,,,,-1.509023,-1.509023,,0,1,3,0,0,29,554.500000,1037.500000,-471.125000,-0.295076,-0.135076,0.016118,0,5.660162,24,416.770031,519.496312,6.483519,11,363.827745,36.065392,5.943350,4.741297,1.658862,2,3,0,0,
65.308424,1785220728.669163942,center_check,-50,-57,-26,cd_reverse_align ratio=-0.301 target=-0.160 error=-0.141 heading=+5.3 steer=-1.46 centered=0/5,52,52,29,23,2,1,2,1,1,10,68,0,5,1,1,5,1,-62.093750,76.078125,6.992187,610.500000,1083.250000,1,-48.156250,62.062500,7.640625,821.000000,1076.500000,1563.262510,17.881583,median_filtered_pair,,,,-1.461147,-1.461147,,0,1,3,0,0,30,549.500000,1040.000000,-479.250000,-0.300847,-0.140847,0.016732,0,6.927691,23,428.251373,728.737209,4.924361,10,333.497693,40.090114,6.266109,5.345179,1.530523,2,3,0,0,
65.405676,1785220728.669163942,center_check,-50,-57,-26,cd_reverse_align ratio=-0.301 target=-0.160 error=-0.141 heading=+5.3 steer=-1.46 centered=0/5,52,52,29,23,2,1,2,1,1,10,68,0,5,1,1,5,1,-62.093750,76.078125,6.992187,610.500000,1083.250000,1,-48.156250,62.062500,7.640625,821.000000,1076.500000,1563.262510,17.881583,median_filtered_pair,,,,-1.461147,-1.461147,,0,1,3,0,0,30,549.500000,1040.000000,-479.250000,-0.300847,-0.140847,0.016732,0,6.927691,23,428.251373,728.737209,4.924361,10,333.497693,40.090114,6.266109,5.345179,1.530523,2,3,0,0,
65.495811,1785220728.784378767,center_check,-50,-55,-26,cd_reverse_align ratio=-0.306 target=-0.160 error=-0.146 heading=+6.1 steer=-1.36 centered=0/5,53,53,28,25,2,1,2,1,1,10,69,0,5,1,1,5,1,-62.093750,77.609375,7.757812,610.500000,1077.250000,1,-48.156250,62.062500,7.640625,821.000000,1076.500000,1563.262510,17.881583,median_filtered_pair,,,,-1.356418,-1.356418,,0,1,3,0,0,31,544.250000,1040.750000,-486.750000,-0.305988,-0.145988,0.014943,0,6.610415,22,390.309689,532.879901,6.509490,10,340.515021,44.506917,6.573285,6.104729,1.826277,2,3,0,0,
65.583856,1785220728.895621777,center_check,-50,-55,-26,cd_reverse_align ratio=-0.311 target=-0.160 error=-0.151 heading=+6.4 steer=-1.37 centered=0/5,48,48,27,21,2,1,2,1,1,8,70,0,5,1,1,5,1,-62.093750,78.750000,8.328125,610.500000,1075.750000,1,-48.156250,62.062500,7.640625,821.000000,1076.500000,1563.262510,17.881583,median_filtered_pair,,,,-1.371702,-1.371702,,0,1,3,0,0,32,538.500000,1043.000000,-493.500000,-0.310915,-0.150915,0.015609,0,7.179657,23,408.568126,635.874271,7.310436,8,307.330892,43.357797,7.222976,6.419697,1.279627,2,3,0,0,
65.673955,1785220729.007301092,center_check,-50,-55,-26,cd_reverse_align ratio=-0.316 target=-0.160 error=-0.156 heading=+6.9 steer=-1.35 centered=0/5,50,50,30,20,2,1,2,1,1,8,71,0,5,1,1,5,1,-62.703125,80.015625,8.656250,591.000000,1072.500000,1,-48.156250,62.062500,7.640625,821.000000,1076.500000,1563.262510,17.881583,median_filtered_pair,,,,-1.347083,-1.347083,,0,1,3,0,0,33,532.750000,1045.000000,-500.500000,-0.316122,-0.156122,0.016084,0,8.459105,23,402.345649,847.770184,9.979368,8,275.075985,15.209259,8.779124,6.898131,2.513015,2,3,0,0,
65.765190,1785220729.117630959,center_check,-50,-53,-26,cd_reverse_align ratio=-0.322 target=-0.160 error=-0.162 heading=+7.7 steer=-1.26 centered=0/5,53,53,29,24,2,1,2,1,1,8,72,0,5,1,1,5,1,-62.703125,81.109375,9.203125,591.000000,1095.000000,1,-48.156250,62.062500,7.640625,821.000000,1076.500000,1563.262510,17.881583,median_filtered_pair,,,,-1.256358,-1.256358,,0,1,3,0,0,34,528.250000,1048.750000,-508.375000,-0.321833,-0.161833,0.016808,0,8.158394,21,366.168685,819.650677,7.825568,8,277.828865,17.650713,8.077944,7.650460,2.205840,2,3,0,0,
65.854361,1785220729.117630959,center_check,-50,-53,-26,cd_reverse_align ratio=-0.322 target=-0.160 error=-0.162 heading=+7.7 steer=-1.26 centered=0/5,53,53,29,24,2,1,2,1,1,8,72,0,5,1,1,5,1,-62.703125,81.109375,9.203125,591.000000,1095.000000,1,-48.156250,62.062500,7.640625,821.000000,1076.500000,1563.262510,17.881583,median_filtered_pair,,,,-1.256358,-1.256358,,0,1,3,0,0,34,528.250000,1048.750000,-508.375000,-0.321833,-0.161833,0.016808,0,8.158394,21,366.168685,819.650677,7.825568,8,277.828865,17.650713,8.077944,7.650460,2.205840,2,3,0,0,
65.948609,1785220729.232639074,center_check,-50,-51,-26,cd_reverse_align ratio=-0.327 target=-0.160 error=-0.167 heading=+8.4 steer=-1.16 centered=0/5,52,52,31,21,2,1,2,1,1,7,73,0,5,1,1,5,1,-64.968750,81.109375,8.070312,574.750000,1095.000000,1,-48.156250,62.062500,7.640625,821.000000,1076.500000,1563.262510,17.881583,median_filtered_pair,,,,-1.164867,-1.164867,,0,1,3,0,0,35,520.750000,1052.500000,-516.375000,-0.327363,-0.167363,0.018994,0,9.098570,22,382.031515,839.152366,7.258058,7,245.894891,17.731641,8.706101,8.392023,1.556148,2,3,0,0,
66.038030,1785220729.343577147,center_check,-50,-53,-26,cd_reverse_align ratio=-0.334 target=-0.160 error=-0.174 heading=+8.6 steer=-1.26 centered=0/5,52,52,29,23,2,1,2,1,1,7,74,0,5,1,1,5,1,-63.250000,82.578125,9.664063,574.250000,1085.250000,1,-48.156250,62.062500,7.640625,821.000000,1076.500000,1563.262510,17.881583,median_filtered_pair,,,,-1.257922,-1.257922,,0,1,3,0,0,36,518.000000,1056.000000,-526.125000,-0.334021,-0.174021,0.017133,0,8.530083,24,414.557232,432.645110,7.720599,7,215.408243,10.822657,8.411910,8.559005,0.701180,2,3,0,0,
66.128056,1785220729.455899954,center_check,-50,-56,-26,cd_reverse_align ratio=-0.340 target=-0.160 error=-0.180 heading=+8.6 steer=-1.38 centered=0/5,50,50,26,24,2,1,2,1,1,7,75,0,5,1,1,5,1,-63.250000,84.156250,10.453125,574.250000,1079.500000,1,-48.156250,62.062500,7.640625,821.000000,1076.500000,1563.262510,17.881583,median_filtered_pair,,,,-1.381377,-1.381377,,0,1,3,0,0,37,513.500000,1059.250000,-534.875000,-0.339900,-0.179900,0.016947,0,9.881621,21,338.514908,782.867351,6.545772,7,214.941527,11.413003,9.292440,8.559005,1.214496,2,3,0,0,
66.217145,1785220729.567370892,center_check,-50,-55,-26,cd_reverse_align ratio=-0.344 target=-0.160 error=-0.184 heading=+9.0 steer=-1.34 centered=0/5,46,46,25,21,2,1,2,1,1,5,76,0,5,1,1,5,1,-63.250000,85.468750,11.109375,574.250000,1076.500000,1,-48.156250,62.062500,7.640625,821.000000,1076.500000,1563.262510,17.881583,median_filtered_pair,,,,-1.339942,-1.339942,,0,1,3,0,0,38,515.000000,1065.750000,-541.125000,-0.343762,-0.183762,0.010416,0,10.186450,20,337.819605,1101.196296,3.053349,5,184.083444,7.007074,9.287247,8.996674,0.880531,2,3,0,0,
66.306971,1785220729.567370892,center_check,-50,-55,-26,cd_reverse_align ratio=-0.344 target=-0.160 error=-0.184 heading=+9.0 steer=-1.34 centered=0/5,46,46,25,21,2,1,2,1,1,5,76,0,5,1,1,5,1,-63.250000,85.468750,11.109375,574.250000,1076.500000,1,-48.156250,62.062500,7.640625,821.000000,1076.500000,1563.262510,17.881583,median_filtered_pair,,,,-1.339942,-1.339942,,0,1,3,0,0,38,515.000000,1065.750000,-541.125000,-0.343762,-0.183762,0.010416,0,10.186450,20,337.819605,1101.196296,3.053349,5,184.083444,7.007074,9.287247,8.996674,0.880531,2,3,0,0,
66.396065,1785220729.680145979,center_check,-50,-55,-26,cd_reverse_align ratio=-0.348 target=-0.160 error=-0.188 heading=+9.3 steer=-1.34 centered=0/5,43,43,23,20,2,1,2,1,1,4,77,0,5,1,1,5,1,-63.250000,86.765625,11.757813,574.250000,1074.750000,1,-48.156250,62.062500,7.640625,821.000000,1076.500000,1563.262510,17.881583,median_filtered_pair,,,,-1.340731,-1.340731,,0,1,3,0,0,39,509.250000,1072.250000,-548.250000,-0.347709,-0.187709,0.014187,0,10.744127,17,303.765310,1336.825024,-16.091563,4,129.121156,19.973059,10.744127,9.289844,2.332218,2,3,0,0,
66.490564,1785220729.789545059,center_check,-50,-57,-26,cd_reverse_align ratio=-0.353 target=-0.160 error=-0.193 heading=+9.3 steer=-1.45 centered=0/5,44,44,21,23,2,1,2,1,1,5,78,0,5,1,1,5,1,-63.250000,87.828125,12.289063,574.250000,1077.000000,1,-48.156250,62.062500,7.640625,821.000000,1076.500000,1563.262510,17.881583,median_filtered_pair,,,,-1.448557,-1.448557,,0,1,3,0,0,40,506.500000,1073.000000,-557.625000,-0.352843,-0.192843,0.011654,0,9.696186,16,356.951236,558.653970,-6.168347,5,155.586807,12.297261,7.592784,9.289844,3.151343,2,3,0,0,
66.580133,1785220729.904101133,center_check,-50,-55,-26,cd_reverse_align ratio=-0.357 target=-0.160 error=-0.197 heading=+10.0 steer=-1.33 centered=0/5,43,43,23,20,2,1,2,1,1,4,79,0,5,1,1,5,1,-68.953125,88.890625,9.968750,535.250000,1080.250000,1,-48.156250,62.062500,7.640625,821.000000,1076.500000,1563.262510,17.881583,median_filtered_pair,,,,-1.331928,-1.331928,,0,1,3,0,0,41,503.750000,1071.250000,-563.875000,-0.356968,-0.196968,0.011907,0,10.764386,17,305.962448,1131.836215,-11.916807,4,127.494242,13.116236,10.764386,10.015687,3.171602,2,3,0,0,
66.668786,1785220730.015303850,center_check,-50,-55,-26,cd_reverse_align ratio=-0.360 target=-0.160 error=-0.200 heading=+10.1 steer=-1.37 centered=0/5,39,39,20,19,2,1,2,1,1,4,80,0,5,1,1,5,1,-68.953125,89.812500,10.429688,535.250000,1083.500000,1,-48.156250,62.062500,7.640625,821.000000,1076.500000,1563.262510,17.881583,median_filtered_pair,,,,-1.367071,-1.367071,,0,1,3,0,0,42,498.000000,1073.750000,-567.500000,-0.359689,-0.199689,0.010320,0,9.444496,14,315.345470,295.860473,-11.416063,4,131.015535,7.550424,9.444496,10.094312,3.171602,2,3,0,0,
66.758884,1785220730.126532078,center_check,-50,-60,-26,cd_reverse_align ratio=-0.364 target=-0.160 error=-0.204 heading=+9.7 steer=-1.57 centered=0/5,50,50,24,26,2,1,2,1,1,3,81,0,5,1,1,5,1,-68.953125,90.671875,10.859375,535.250000,1089.000000,1,-48.156250,62.062500,7.640625,821.000000,1076.500000,1563.262510,17.881583,median_filtered_pair,,,,-1.572076,-1.572076,,0,1,3,0,0,43,491.500000,1076.250000,-572.500000,-0.363665,-0.203665,0.014329,0,9.876176,16,298.124786,246.038845,,0,,,9.876176,9.660336,3.171602,2,3,0,0,
66.847062,1785220730.126532078,center_check,-50,-60,-26,cd_reverse_align ratio=-0.364 target=-0.160 error=-0.204 heading=+9.7 steer=-1.57 centered=0/5,50,50,24,26,2,1,2,1,1,3,81,0,5,1,1,5,1,-68.953125,90.671875,10.859375,535.250000,1089.000000,1,-48.156250,62.062500,7.640625,821.000000,1076.500000,1563.262510,17.881583,median_filtered_pair,,,,-1.572076,-1.572076,,0,1,3,0,0,43,491.500000,1076.250000,-572.500000,-0.363665,-0.203665,0.014329,0,9.876176,16,298.124786,246.038845,,0,,,9.876176,9.660336,3.171602,2,3,0,0,
66.937289,1785220730.237921953,center_check,-50,-58,-26,cd_reverse_align ratio=-0.370 target=-0.160 error=-0.210 heading=+10.3 steer=-1.51 centered=0/5,40,40,21,19,2,1,2,1,1,3,82,0,5,1,1,5,1,-68.953125,92.031250,11.539063,535.250000,1088.000000,1,-48.156250,62.062500,7.640625,821.000000,1076.500000,1563.262510,17.881583,median_filtered_pair,,,,-1.512863,-1.512863,,0,1,3,0,0,44,487.000000,1080.750000,-580.250000,-0.369645,-0.209645,0.018410,0,10.943987,14,253.527804,374.915922,,0,,,10.943987,10.320281,1.499491,2,3,0,0,
67.031885,1785220730.349608898,center_check,-50,-65,-26,cd_reverse_align ratio=-0.376 target=-0.160 error=-0.216 heading=+9.7 steer=-1.83 centered=0/5,42,42,18,24,2,1,2,1,1,3,83,0,5,1,1,5,1,-71.453125,93.265625,10.906250,520.750000,1105.250000,1,-48.156250,62.062500,7.640625,821.000000,1076.500000,1563.262510,17.881583,median_filtered_pair,,,,-1.828106,-1.828106,,0,1,3,0,0,45,486.750000,1089.750000,-589.250000,-0.375857,-0.215857,0.016181,0,9.203147,12,263.136056,363.516446,,0,,,9.203147,9.660336,1.740840,2,3,0,0,
67.120692,1785220730.461027145,center_check,-50,-68,-26,cd_reverse_align ratio=-0.381 target=-0.160 error=-0.221 heading=+9.5 steer=-1.96 centered=0/5,41,41,23,18,2,1,2,1,0,0,0,1,5,1,1,5,1,-71.453125,93.265625,10.906250,520.750000,1105.250000,1,-48.156250,62.062500,7.640625,821.000000,1076.500000,1563.262510,17.881583,median_filtered_pair,,,,-1.961818,-1.961818,,0,1,3,0,0,46,483.250000,1099.750000,-598.375000,-0.380615,-0.220615,0.016464,0,8.780172,13,248.047031,486.874502,,0,,,8.780172,9.539661,2.163815,2,3,0,0,
67.209234,1785220730.576065063,center_check,-50,-74,-26,cd_reverse_align ratio=-0.386 target=-0.160 error=-0.226 heading=+9.0 steer=-2.23 centered=0/5,39,39,16,23,2,1,2,1,0,0,0,2,5,1,1,5,1,-73.812500,94.375000,10.281250,512.250000,1109.750000,1,-48.156250,62.062500,7.640625,821.000000,1076.500000,1563.262510,17.881583,median_filtered_pair,,,,-2.227890,-2.227890,,0,1,3,0,0,47,480.000000,1123.250000,-609.750000,-0.385979,-0.225979,0.022489,0,4.320602,11,281.358330,64.650761,,0,,,4.320602,8.991660,6.623385,2,3,0,0,
67.298141,1785220730.576065063,center_check,-50,-74,-26,cd_reverse_align ratio=-0.386 target=-0.160 error=-0.226 heading=+9.0 steer=-2.23 centered=0/5,39,39,16,23,2,1,2,1,0,0,0,2,5,1,1,5,1,-73.812500,94.375000,10.281250,512.250000,1109.750000,1,-48.156250,62.062500,7.640625,821.000000,1076.500000,1563.262510,17.881583,median_filtered_pair,,,,-2.227890,-2.227890,,0,1,3,0,0,47,480.000000,1123.250000,-609.750000,-0.385979,-0.225979,0.022489,0,4.320602,11,281.358330,64.650761,,0,,,4.320602,8.991660,6.623385,2,3,0,0,
67.385561,1785220730.686464071,center_check,-50,-88,-26,cd_reverse_align ratio=-0.386 target=-0.160 error=-0.226 heading=+6.6 steer=-2.91 centered=0/5,37,37,17,20,2,1,2,0,0,0,0,3,5,1,1,5,1,-75.375000,95.390625,10.007812,525.000000,1112.000000,1,-48.156250,62.062500,7.640625,821.000000,1076.500000,1563.262510,17.881583,median_filtered_pair,,,,-2.911446,-2.911446,,0,1,3,0,0,48,478.500000,,-609.750000,-0.385979,-0.225979,0.022489,0,3.554875,11,266.527049,59.597646,,0,,,3.554875,6.550387,5.648272,2,3,0,0,
67.472901,1785220730.798738956,center_check,-50,-104,-26,cd_reverse_align ratio=-0.386 target=-0.160 error=-0.226 heading=+3.9 steer=-3.64 centered=0/5,39,39,22,17,2,1,2,0,0,0,0,4,5,1,1,5,1,-75.375000,96.515625,10.570312,525.000000,1110.500000,1,-48.156250,62.062500,7.640625,821.000000,1076.500000,1563.262510,17.881583,median_filtered_pair,,,,-3.642988,-3.642988,,0,1,3,0,0,49,477.000000,,-609.750000,-0.385979,-0.225979,0.022489,0,-1.156174,11,186.163373,77.603647,,0,,,-1.156174,3.937739,9.936346,2,3,0,0,
67.566936,1785220730.908954859,center_check,-50,-119,-26,cd_reverse_align ratio=-0.386 target=-0.160 error=-0.226 heading=+1.5 steer=-4.33 centered=0/5,46,46,22,24,2,1,2,0,0,0,0,5,5,1,1,5,1,-75.375000,98.984375,11.804687,525.000000,1123.250000,1,-48.156250,62.062500,7.640625,821.000000,1076.500000,1563.262510,17.881583,median_filtered_pair,,,,-4.327558,-4.327558,,0,1,3,0,0,50,472.500000,,-609.750000,-0.385979,-0.225979,0.022489,0,-0.569186,11,185.913331,72.035197,,0,,,-0.569186,1.492845,5.476776,2,3,0,0,
67.653818,1785220731.020349026,center_check,0,0,-26,cd_lost_before_centered missing=4,48,48,26,22,2,1,2,0,0,0,0,6,5,1,1,5,1,-75.375000,98.984375,11.804687,525.000000,1123.250000,1,-48.156250,62.062500,7.640625,821.000000,1076.500000,1563.262510,17.881583,median_filtered_pair,,,,,,,0,1,3,0,0,51,469.500000,,,,,,0,0.758088,11,182.360710,68.484665,,0,,,0.758088,,,2,3,0,3,9.980692
67.741699,1785220731.020349026,center_check,0,0,-26,cd_lost_before_centered missing=4,48,48,26,22,2,1,2,0,0,0,0,6,5,1,1,5,1,-75.375000,98.984375,11.804687,525.000000,1123.250000,1,-48.156250,62.062500,7.640625,821.000000,1076.500000,1563.262510,17.881583,median_filtered_pair,,,,,,,0,1,3,0,0,51,469.500000,,,,,,0,0.758088,11,182.360710,68.484665,,0,,,0.758088,,,2,3,0,3,9.980692
67.828098,1785220731.135208845,center_check,0,0,-26,cd_lost_before_centered missing=5,46,46,25,21,1,0,2,0,0,0,0,7,5,1,1,5,0,,,,,,1,-48.156250,62.062500,7.640625,821.000000,1076.500000,1563.262510,17.881583,median_filtered_pair,,,,,,,0,1,3,0,0,52,468.250000,,,,,,0,2.290429,11,183.369720,105.965437,,0,,,2.290429,,,2,3,0,3,9.980692
67.915099,1785220731.248581171,center_check,0,0,-26,cd_lost_before_centered missing=6,48,48,22,26,1,0,2,0,0,0,0,8,5,1,1,5,0,,,,,,1,-48.156250,62.062500,7.640625,821.000000,1076.500000,1563.262510,17.881583,median_filtered_pair,,,,,,,0,1,3,0,0,53,468.000000,,,,,,0,-0.182427,11,182.261950,53.885334,,0,,,-0.182427,,,2,3,0,3,9.980692
67.999133,1785220731.357946873,center_check,0,0,-26,cd_lost_before_centered missing=7,46,46,24,22,1,0,2,0,0,0,0,9,5,1,1,5,0,,,,,,1,-48.156250,62.062500,7.640625,821.000000,1076.500000,1563.262510,17.881583,median_filtered_pair,,,,,,,0,1,3,0,0,54,468.250000,,,,,,0,1.306955,13,183.427803,40.016594,,0,,,1.306955,,,2,3,0,3,9.980692
68.087180,1785220731.357946873,center_check,0,0,-26,cd_lost_before_centered missing=7,46,46,24,22,1,0,2,0,0,0,0,9,5,1,1,5,0,,,,,,1,-48.156250,62.062500,7.640625,821.000000,1076.500000,1563.262510,17.881583,median_filtered_pair,,,,,,,0,1,3,0,0,54,468.250000,,,,,,0,1.306955,13,183.427803,40.016594,,0,,,1.306955,,,2,3,0,3,9.980692
68.173318,1785220731.470117092,center_check,0,0,-26,cd_lost_before_centered missing=8,45,45,22,23,1,0,2,0,0,0,0,10,5,1,1,5,0,,,,,,1,-48.156250,62.062500,7.640625,821.000000,1076.500000,1563.262510,17.881583,median_filtered_pair,,,,,,,0,1,3,0,0,55,469.000000,,,,,,0,-0.143361,11,184.469381,55.829769,,0,,,-0.143361,,,2,3,0,3,9.980692
68.259981,1785220731.584765911,center_check,0,0,-26,cd_lost_before_centered missing=9,38,38,19,19,1,0,2,0,0,0,0,11,5,1,1,5,0,,,,,,1,-48.156250,62.062500,7.640625,821.000000,1076.500000,1563.262510,17.881583,median_filtered_pair,,,,,,,0,1,3,0,0,56,471.750000,,,,,,0,-2.365863,9,200.489508,95.351399,,0,,,-2.365863,,,2,3,0,3,9.980692
68.346456,1785220731.695966005,center_check,0,0,-26,cd_lost_before_centered missing=10,37,37,19,18,1,0,2,0,0,0,0,12,5,1,1,5,0,,,,,,1,-48.156250,62.062500,7.640625,821.000000,1076.500000,1563.262510,17.881583,median_filtered_pair,,,,,,,0,1,3,0,0,57,472.000000,,,,,,0,-0.117192,8,181.922299,94.107576,,0,,,-0.117192,,,2,3,0,3,9.980692
68.434325,1785220731.695966005,center_check,0,0,-26,cd_lost_before_centered missing=10,37,37,19,18,1,0,2,0,0,0,0,12,5,1,1,5,0,,,,,,1,-48.156250,62.062500,7.640625,821.000000,1076.500000,1563.262510,17.881583,median_filtered_pair,,,,,,,0,1,3,0,0,57,472.000000,,,,,,0,-0.117192,8,181.922299,94.107576,,0,,,-0.117192,,,2,3,0,3,9.980692
68.522021,1785220731.807050943,center_check,0,0,-26,cd_lost_before_centered missing=11,40,40,22,18,1,0,2,0,0,0,0,13,5,1,1,5,0,,,,,,1,-48.156250,62.062500,7.640625,821.000000,1076.500000,1563.262510,17.881583,median_filtered_pair,,,,,,,0,1,3,0,0,58,467.750000,,,,,,0,-1.479571,12,200.753301,48.521442,,0,,,-1.479571,,,2,3,0,3,9.980692
68.613368,1785220731.918442965,center_check,0,0,-26,cd_lost_before_centered missing=12,43,43,19,24,1,0,2,0,0,0,0,14,5,1,1,5,0,,,,,,1,-48.156250,62.062500,7.640625,821.000000,1076.500000,1563.262510,17.881583,median_filtered_pair,,,,,,,0,1,3,0,0,59,469.250000,,,,,,0,-2.225847,10,187.240757,45.812540,,0,,,-2.225847,,,2,3,0,3,9.980692
68.699564,1785220732.029973984,center_check,0,0,-26,cd_lost_before_centered missing=13,42,42,19,23,1,0,2,0,0,0,0,15,5,1,1,5,0,,,,,,1,-48.156250,62.062500,7.640625,821.000000,1076.500000,1563.262510,17.881583,median_filtered_pair,,,,,,,0,1,3,0,0,60,467.500000,,,,,,0,-3.086047,9,182.308002,44.939297,,0,,,-3.086047,,,2,3,0,3,9.980692
68.786427,1785220732.141265869,center_check,0,0,-26,cd_lost_before_centered missing=14,42,42,21,21,1,0,2,0,0,0,0,16,5,1,1,5,0,,,,,,1,-48.156250,62.062500,7.640625,821.000000,1076.500000,1563.262510,17.881583,median_filtered_pair,,,,,,,0,1,3,0,0,61,467.500000,,,,,,0,-1.283173,11,199.853175,58.974014,,0,,,-1.283173,,,2,3,0,3,9.980692
68.873924,1785220732.141265869,center_check,0,0,-26,cd_lost_before_centered missing=14,42,42,21,21,1,0,2,0,0,0,0,16,5,1,1,5,0,,,,,,1,-48.156250,62.062500,7.640625,821.000000,1076.500000,1563.262510,17.881583,median_filtered_pair,,,,,,,0,1,3,0,0,61,467.500000,,,,,,0,-1.283173,11,199.853175,58.974014,,0,,,-1.283173,,,2,3,0,3,9.980692
68.962757,1785220732.256168842,center_check,0,0,-26,cd_lost_before_centered missing=15,47,47,23,24,1,0,2,0,0,0,0,17,5,1,1,5,0,,,,,,1,-48.156250,62.062500,7.640625,821.000000,1076.500000,1563.262510,17.881583,median_filtered_pair,,,,,,,0,1,3,0,0,62,468.000000,,,,,,0,-1.081636,11,185.892121,58.727117,,0,,,-1.081636,,,2,3,0,3,9.980692
69.049671,1785220732.367455959,center_check,0,0,-26,cd_lost_before_centered missing=16,39,39,19,20,1,0,2,0,0,0,0,18,5,1,1,5,0,,,,,,1,-48.156250,62.062500,7.640625,821.000000,1076.500000,1563.262510,17.881583,median_filtered_pair,,,,,,,0,1,3,0,0,63,470.500000,,,,,,0,-0.015653,8,183.003678,123.236296,,0,,,-0.015653,,,2,3,0,3,9.980692
69.143673,1785220732.478837967,center_check,0,0,-26,cd_lost_before_centered missing=17,44,44,21,23,1,0,2,0,0,0,0,19,5,1,1,5,0,,,,,,1,-48.156250,62.062500,7.640625,821.000000,1076.500000,1563.262510,17.881583,median_filtered_pair,,,,,,,0,1,3,0,0,64,468.000000,,,,,,0,-2.636709,9,182.860275,39.870794,,0,,,-2.636709,,,2,3,0,3,9.980692
69.231376,1785220732.589251995,center_check,0,0,-26,cd_lost_before_centered missing=18,41,41,21,20,1,0,2,0,0,0,0,20,5,1,1,5,0,,,,,,1,-48.156250,62.062500,7.640625,821.000000,1076.500000,1563.262510,17.881583,median_filtered_pair,,,,,,,0,1,3,0,0,65,468.000000,,,,,,0,-0.410347,12,198.023168,59.744833,,0,,,-0.410347,,,2,3,0,3,9.980692
69.319750,1785220732.589251995,center_check,0,0,-26,cd_lost_before_centered missing=18,41,41,21,20,1,0,2,0,0,0,0,20,5,1,1,5,0,,,,,,1,-48.156250,62.062500,7.640625,821.000000,1076.500000,1563.262510,17.881583,median_filtered_pair,,,,,,,0,1,3,0,0,65,468.000000,,,,,,0,-0.410347,12,198.023168,59.744833,,0,,,-0.410347,,,2,3,0,3,9.980692
69.406366,1785220732.700459003,center_check,0,0,-26,cd_lost_before_centered missing=19,45,45,20,25,1,0,2,0,0,0,0,21,5,1,1,5,0,,,,,,1,-48.156250,62.062500,7.640625,821.000000,1076.500000,1563.262510,17.881583,median_filtered_pair,,,,,,,0,1,3,0,0,66,468.250000,,,,,,0,-0.772569,10,182.267837,55.060468,,0,,,-0.772569,,,2,3,0,3,9.980692
69.494748,1785220732.815642118,center_check,0,0,-26,cd_lost_before_centered missing=20,39,39,19,20,1,0,2,0,0,0,0,22,5,1,1,5,0,,,,,,1,-48.156250,62.062500,7.640625,821.000000,1076.500000,1563.262510,17.881583,median_filtered_pair,,,,,,,0,1,3,0,0,67,469.250000,,,,,,0,-0.135247,11,185.096753,59.445647,,0,,,-0.135247,,,2,3,0,3,9.980692
69.580804,1785220732.927033186,center_check,0,0,-26,cd_lost_before_centered missing=21,39,39,19,20,1,0,2,0,0,0,0,23,5,1,1,5,0,,,,,,1,-48.156250,62.062500,7.640625,821.000000,1076.500000,1563.262510,17.881583,median_filtered_pair,,,,,,,0,1,3,0,0,68,471.750000,,,,,,0,-2.531238,8,196.924040,118.079396,,0,,,-2.531238,,,2,3,0,3,9.980692
69.673837,1785220733.037937880,center_check,0,0,-26,cd_lost_before_centered missing=22,35,35,17,18,1,0,2,0,0,0,0,24,5,1,1,5,0,,,,,,1,-48.156250,62.062500,7.640625,821.000000,1076.500000,1563.262510,17.881583,median_filtered_pair,,,,,,,0,1,3,0,0,69,467.750000,,,,,,0,0.383408,9,182.081177,62.760601,,0,,,0.383408,,,2,3,0,3,9.980692
69.761416,1785220733.037937880,center_check,0,0,-26,cd_lost_before_centered missing=22,35,35,17,18,1,0,2,0,0,0,0,24,5,1,1,5,0,,,,,,1,-48.156250,62.062500,7.640625,821.000000,1076.500000,1563.262510,17.881583,median_filtered_pair,,,,,,,0,1,3,0,0,69,467.750000,,,,,,0,0.383408,9,182.081177,62.760601,,0,,,0.383408,,,2,3,0,3,9.980692
69.850535,1785220733.149802923,center_check,0,0,-26,cd_lost_before_centered missing=23,48,48,23,25,1,0,2,0,0,0,0,25,5,1,1,5,0,,,,,,1,-48.156250,62.062500,7.640625,821.000000,1076.500000,1563.262510,17.881583,median_filtered_pair,,,,,,,0,1,3,0,0,70,469.250000,,,,,,0,-2.337768,10,186.029077,46.628391,,0,,,-2.337768,,,2,3,0,3,9.980692
69.938538,1785220733.260801077,center_check,0,0,-26,cd_lost_before_centered missing=24,45,45,21,24,1,0,2,0,0,0,0,26,5,1,1,5,0,,,,,,1,-48.156250,62.062500,7.640625,821.000000,1076.500000,1563.262510,17.881583,median_filtered_pair,,,,,,,0,1,3,0,0,71,467.000000,,,,,,0,-2.234625,12,194.903845,34.432158,,0,,,-2.234625,,,2,3,0,3,9.980692
70.027379,1785220733.372520924,center_check,0,0,-26,cd_lost_before_centered missing=25,38,38,17,21,1,0,2,0,0,0,0,27,5,1,1,5,0,,,,,,1,-48.156250,62.062500,7.640625,821.000000,1076.500000,1563.262510,17.881583,median_filtered_pair,,,,,,,0,1,3,0,0,72,471.500000,,,,,,0,-0.362940,7,184.756669,179.831251,,0,,,-0.362940,,,2,3,0,3,9.980692
70.116179,1785220733.486836910,center_check,0,0,-26,cd_lost_before_centered missing=26,41,41,18,23,1,0,2,0,0,0,0,28,5,1,1,5,0,,,,,,1,-48.156250,62.062500,7.640625,821.000000,1076.500000,1563.262510,17.881583,median_filtered_pair,,,,,,,0,1,3,0,0,73,467.250000,,,,,,0,-2.855413,10,182.351970,52.388356,,0,,,-2.855413,,,2,3,0,3,9.980692
70.210169,1785220733.486836910,center_check,0,0,-26,cd_lost_before_centered missing=26,41,41,18,23,1,0,2,0,0,0,0,28,5,1,1,5,0,,,,,,1,-48.156250,62.062500,7.640625,821.000000,1076.500000,1563.262510,17.881583,median_filtered_pair,,,,,,,0,1,3,0,0,73,467.250000,,,,,,0,-2.855413,10,182.351970,52.388356,,0,,,-2.855413,,,2,3,0,3,9.980692
70.298682,1785220733.598161936,center_check,0,0,-26,cd_lost_before_centered missing=27,41,41,20,21,1,0,2,0,0,0,0,29,5,1,1,5,0,,,,,,1,-48.156250,62.062500,7.640625,821.000000,1076.500000,1563.262510,17.881583,median_filtered_pair,,,,,,,0,1,3,0,0,74,469.000000,,,,,,0,-0.181927,11,182.738178,60.664907,,0,,,-0.181927,,,2,3,0,3,9.980692
70.386469,1785220733.710298061,center_check,0,0,-26,cd_lost_before_centered missing=28,42,42,20,22,1,0,2,0,0,0,0,30,5,1,1,5,0,,,,,,1,-48.156250,62.062500,7.640625,821.000000,1076.500000,1563.262510,17.881583,median_filtered_pair,,,,,,,0,1,3,0,0,75,467.500000,,,,,,0,-1.523009,11,199.545634,46.541207,,0,,,-1.523009,,,2,3,0,3,9.980692
70.473842,1785220733.821477890,center_check,0,0,-26,cd_lost_before_centered missing=29,39,39,19,20,1,0,2,0,0,0,0,31,5,1,1,5,0,,,,,,1,-48.156250,62.062500,7.640625,821.000000,1076.500000,1563.262510,17.881583,median_filtered_pair,,,,,,,0,1,3,0,0,76,467.250000,,,,,,0,-2.732728,10,184.749260,50.801408,,0,,,-2.732728,,,2,3,0,3,9.980692
70.560597,1785220733.821477890,center_check,0,0,-26,cd_lost_before_centered missing=29,39,39,19,20,1,0,2,0,0,0,0,31,5,1,1,5,0,,,,,,1,-48.156250,62.062500,7.640625,821.000000,1076.500000,1563.262510,17.881583,median_filtered_pair,,,,,,,0,1,3,0,0,76,467.250000,,,,,,0,-2.732728,10,184.749260,50.801408,,0,,,-2.732728,,,2,3,0,3,9.980692
70.647358,1785220733.933304071,center_check,0,0,-26,cd_lost_before_centered missing=30,47,47,23,24,1,0,2,0,0,0,0,32,5,1,1,5,0,,,,,,1,-48.156250,62.062500,7.640625,821.000000,1076.500000,1563.262510,17.881583,median_filtered_pair,,,,,,,0,1,3,0,0,77,467.750000,,,,,,0,-0.908604,11,184.558280,56.087725,,0,,,-0.908604,,,2,3,0,3,9.980692
70.737356,1785220734.046900988,center_check,0,0,-26,cd_lost_before_centered missing=31,42,42,22,20,1,0,2,0,0,0,0,33,5,1,1,5,0,,,,,,1,-48.156250,62.062500,7.640625,821.000000,1076.500000,1563.262510,17.881583,median_filtered_pair,,,,,,,0,1,3,0,0,78,468.250000,,,,,,0,-2.668704,12,196.368262,47.904543,,0,,,-2.668704,,,2,3,0,3,9.980692
70.824145,1785220734.159189939,center_check,0,0,-26,cd_lost_before_centered missing=32,36,36,17,19,1,0,2,0,0,0,0,34,5,1,1,5,0,,,,,,1,-48.156250,62.062500,7.640625,821.000000,1076.500000,1563.262510,17.881583,median_filtered_pair,,,,,,,0,1,3,0,0,79,471.500000,,,,,,0,-0.179920,8,185.192101,96.552673,,0,,,-0.179920,,,2,3,0,3,9.980692
70.910980,1785220734.269573212,center_check,0,0,-26,cd_lost_before_centered missing=33,46,46,20,26,1,0,2,0,0,0,0,35,5,1,1,5,0,,,,,,1,-48.156250,62.062500,7.640625,821.000000,1076.500000,1563.262510,17.881583,median_filtered_pair,,,,,,,0,1,3,0,0,80,467.500000,,,,,,0,-2.299782,10,182.671696,44.402207,,0,,,-2.299782,,,2,3,0,3,9.980692
70.997248,1785220734.269573212,center_check,0,0,-26,cd_lost_before_centered missing=33,46,46,20,26,1,0,2,0,0,0,0,35,5,1,1,5,0,,,,,,1,-48.156250,62.062500,7.640625,821.000000,1076.500000,1563.262510,17.881583,median_filtered_pair,,,,,,,0,1,3,0,0,80,467.500000,,,,,,0,-2.299782,10,182.671696,44.402207,,0,,,-2.299782,,,2,3,0,3,9.980692
71.085624,1785220734.381953955,center_check,0,0,-26,cd_lost_before_centered missing=34,39,39,19,20,1,0,2,0,0,0,0,36,5,1,1,5,0,,,,,,1,-48.156250,62.062500,7.640625,821.000000,1076.500000,1563.262510,17.881583,median_filtered_pair,,,,,,,0,1,3,0,0,81,470.500000,,,,,,0,0.168879,8,184.297765,125.889918,,0,,,0.168879,,,2,3,0,3,9.980692
71.172899,1785220734.492172956,center_check,0,0,-26,cd_lost_before_centered missing=35,45,45,21,24,1,0,2,0,0,0,0,37,5,1,1,5,0,,,,,,1,-48.156250,62.062500,7.640625,821.000000,1076.500000,1563.262510,17.881583,median_filtered_pair,,,,,,,0,1,3,0,0,82,468.000000,,,,,,0,-2.139383,10,183.117781,45.468090,,0,,,-2.139383,,,2,3,0,3,9.980692
71.264693,1785220734.603973150,center_check,0,0,-26,cd_lost_before_centered missing=36,37,37,19,18,1,0,2,0,0,0,0,38,5,1,1,5,0,,,,,,1,-48.156250,62.062500,7.640625,821.000000,1076.500000,1563.262510,17.881583,median_filtered_pair,,,,,,,0,1,3,0,0,83,469.250000,,,,,,0,-2.566619,12,194.908325,55.777796,,0,,,-2.566619,,,2,3,0,3,9.980692
71.351999,1785220734.715015888,center_check,0,0,-26,cd_lost_before_centered missing=37,39,39,21,18,1,0,2,0,0,0,0,39,5,1,1,5,0,,,,,,1,-48.156250,62.062500,7.640625,821.000000,1076.500000,1563.262510,17.881583,median_filtered_pair,,,,,,,0,1,3,0,0,84,468.250000,,,,,,0,0.355631,9,182.977291,66.335426,,0,,,0.355631,,,2,3,0,3,9.980692
71.439317,1785220734.715015888,center_check,0,0,-26,cd_lost_before_centered missing=37,39,39,21,18,1,0,2,0,0,0,0,39,5,1,1,5,0,,,,,,1,-48.156250,62.062500,7.640625,821.000000,1076.500000,1563.262510,17.881583,median_filtered_pair,,,,,,,0,1,3,0,0,84,468.250000,,,,,,0,0.355631,9,182.977291,66.335426,,0,,,0.355631,,,2,3,0,3,9.980692
71.526949,1785220734.830399990,center_check,0,0,-26,cd_lost_before_centered missing=38,41,41,18,23,1,0,2,0,0,0,0,40,5,1,1,5,0,,,,,,1,-48.156250,62.062500,7.640625,821.000000,1076.500000,1563.262510,17.881583,median_filtered_pair,,,,,,,0,1,3,0,0,85,468.000000,,,,,,0,-1.790234,10,185.893542,43.761224,,0,,,-1.790234,,,2,3,0,3,9.980692
71.611394,1785220734.940711021,center_check,0,0,-26,cd_lost_before_centered missing=39,40,40,19,21,1,0,2,0,0,0,0,41,5,1,1,5,0,,,,,,1,-48.156250,62.062500,7.640625,821.000000,1076.500000,1563.262510,17.881583,median_filtered_pair,,,,,,,0,1,3,0,0,86,468.000000,,,,,,0,-0.708976,10,183.223910,41.658661,,0,,,-0.708976,,,2,3,0,3,9.980692
71.697318,1785220735.052676201,center_check,0,0,-26,cd_lost_before_centered missing=40,43,43,22,21,1,0,2,0,0,0,0,42,5,1,1,5,0,,,,,,1,-48.156250,62.062500,7.640625,821.000000,1076.500000,1563.262510,17.881583,median_filtered_pair,,,,,,,0,1,3,0,0,87,468.000000,,,,,,0,-2.748034,12,198.012524,47.350033,,0,,,-2.748034,,,2,3,0,3,9.980692
71.789117,1785220735.052676201,center_check,0,0,-26,cd_lost_before_centered missing=40,43,43,22,21,1,0,2,0,0,0,0,42,5,1,1,5,0,,,,,,1,-48.156250,62.062500,7.640625,821.000000,1076.500000,1563.262510,17.881583,median_filtered_pair,,,,,,,0,1,3,0,0,87,468.000000,,,,,,0,-2.748034,12,198.012524,47.350033,,0,,,-2.748034,,,2,3,0,3,9.980692
71.876672,1785220735.165673018,center_check,0,0,-26,cd_lost_before_centered missing=41,35,35,17,18,1,0,2,0,0,0,0,43,5,1,1,5,0,,,,,,1,-48.156250,62.062500,7.640625,821.000000,1076.500000,1563.262510,17.881583,median_filtered_pair,,,,,,,0,1,3,0,0,88,471.250000,,,,,,0,-0.147003,8,184.357797,94.652721,,0,,,-0.147003,,,2,3,0,3,9.980692
71.964090,1785220735.275153875,center_check,0,0,-26,cd_lost_before_centered missing=42,40,40,19,21,1,0,2,0,0,0,0,44,5,1,1,5,0,,,,,,1,-48.156250,62.062500,7.640625,821.000000,1076.500000,1563.262510,17.881583,median_filtered_pair,,,,,,,0,1,3,0,0,89,469.000000,,,,,,0,-2.166026,10,185.135538,46.746664,,0,,,-2.166026,,,2,3,0,3,9.980692
72.052937,1785220735.386674881,center_check,0,0,-26,cd_lost_before_centered missing=43,44,44,24,20,1,0,2,0,0,0,0,45,5,1,1,5,0,,,,,,1,-48.156250,62.062500,7.640625,821.000000,1076.500000,1563.262510,17.881583,median_filtered_pair,,,,,,,0,1,3,0,0,90,468.750000,,,,,,0,-0.491930,11,185.417645,66.113684,,0,,,-0.491930,,,2,3,0,3,9.980692
72.142154,1785220735.500927925,center_check,0,0,-26,cd_lost_before_centered missing=44,47,47,21,26,1,0,2,0,0,0,0,46,5,1,1,5,0,,,,,,1,-48.156250,62.062500,7.640625,821.000000,1076.500000,1563.262510,17.881583,median_filtered_pair,,,,,,,0,1,3,0,0,91,467.500000,,,,,,0,-1.601916,11,201.424097,47.604382,,0,,,-1.601916,,,2,3,0,3,9.980692
72.230393,1785220735.500927925,center_check,0,0,-26,cd_lost_before_centered missing=44,47,47,21,26,1,0,2,0,0,0,0,46,5,1,1,5,0,,,,,,1,-48.156250,62.062500,7.640625,821.000000,1076.500000,1563.262510,17.881583,median_filtered_pair,,,,,,,0,1,3,0,0,91,467.500000,,,,,,0,-1.601916,11,201.424097,47.604382,,0,,,-1.601916,,,2,3,0,3,9.980692
72.324002,1785220735.612648964,center_check,0,0,-26,cd_lost_before_centered missing=45,43,43,20,23,1,0,2,0,0,0,0,47,5,1,1,5,0,,,,,,1,-48.156250,62.062500,7.640625,821.000000,1076.500000,1563.262510,17.881583,median_filtered_pair,,,,,,,0,1,3,0,0,92,467.000000,,,,,,0,-0.444414,11,197.669736,52.768584,,0,,,-0.444414,,,2,3,0,3,9.980692
72.411209,1785220735.724122763,center_check,0,0,-26,cd_lost_before_centered missing=46,33,33,17,16,1,0,2,0,0,0,0,48,5,1,1,5,0,,,,,,1,-48.156250,62.062500,7.640625,821.000000,1076.500000,1563.262510,17.881583,median_filtered_pair,,,,,,,0,1,3,0,0,93,471.250000,,,,,,0,-0.005364,8,182.700955,130.223286,,0,,,-0.005364,,,2,3,0,3,9.980692
72.498506,1785220735.835349083,center_check,0,0,-26,cd_lost_before_centered missing=47,42,42,18,24,1,0,2,0,0,0,0,49,5,1,1,5,0,,,,,,1,-48.156250,62.062500,7.640625,821.000000,1076.500000,1563.262510,17.881583,median_filtered_pair,,,,,,,0,1,3,0,0,94,469.000000,,,,,,0,-2.211198,9,184.736220,51.718779,,0,,,-2.211198,,,2,3,0,3,9.980692
72.586417,1785220735.946853876,center_check,0,0,-26,cd_lost_before_centered missing=48,43,43,22,21,1,0,2,0,0,0,0,50,5,1,1,5,0,,,,,,1,-48.156250,62.062500,7.640625,821.000000,1076.500000,1563.262510,17.881583,median_filtered_pair,,,,,,,0,1,3,0,0,95,467.000000,,,,,,0,-1.179549,11,197.746815,56.229247,,0,,,-1.179549,,,2,3,0,3,9.980692
72.674330,1785220735.946853876,center_check,0,0,-26,cd_lost_before_centered missing=48,43,43,22,21,1,0,2,0,0,0,0,50,5,1,1,5,0,,,,,,1,-48.156250,62.062500,7.640625,821.000000,1076.500000,1563.262510,17.881583,median_filtered_pair,,,,,,,0,1,3,0,0,95,467.000000,,,,,,0,-1.179549,11,197.746815,56.229247,,0,,,-1.179549,,,2,3,0,3,9.980692
72.761387,1785220736.060976028,center_check,0,0,-26,cd_lost_before_centered missing=49,43,43,20,23,1,0,2,0,0,0,0,51,5,1,1,5,0,,,,,,1,-48.156250,62.062500,7.640625,821.000000,1076.500000,1563.262510,17.881583,median_filtered_pair,,,,,,,0,1,3,0,0,96,468.000000,,,,,,0,-3.287740,11,194.803831,51.221824,,0,,,-3.287740,,,2,3,0,3,9.980692
72.854298,1785220736.173100948,center_check,0,0,-26,cd_lost_before_centered missing=50,33,33,17,16,1,0,2,0,0,0,0,52,5,1,1,5,0,,,,,,1,-48.156250,62.062500,7.640625,821.000000,1076.500000,1563.262510,17.881583,median_filtered_pair,,,,,,,0,1,3,0,0,97,471.250000,,,,,,0,-0.311881,7,185.364875,181.123356,,0,,,-0.311881,,,2,3,0,3,9.980692
72.942354,1785220736.283878803,center_check,0,0,-26,cd_lost_before_centered missing=51,42,42,20,22,1,0,2,0,0,0,0,53,5,1,1,5,0,,,,,,1,-48.156250,62.062500,7.640625,821.000000,1076.500000,1563.262510,17.881583,median_filtered_pair,,,,,,,0,1,3,0,0,98,469.000000,,,,,,0,-2.121642,10,185.496034,45.469865,,0,,,-2.121642,,,2,3,0,3,9.980692
73.031387,1785220736.395298958,center_check,0,0,-26,cd_lost_before_centered missing=52,45,45,25,20,1,0,2,0,0,0,0,54,5,1,1,5,0,,,,,,1,-48.156250,62.062500,7.640625,821.000000,1076.500000,1563.262510,17.881583,median_filtered_pair,,,,,,,0,1,3,0,0,99,467.750000,,,,,,0,-3.271338,11,195.153193,51.170764,,0,,,-3.271338,,,2,3,0,3,9.980692
73.120586,1785220736.395298958,center_check,0,0,-26,cd_lost_before_centered missing=52,45,45,25,20,1,0,2,0,0,0,0,54,5,1,1,5,0,,,,,,1,-48.156250,62.062500,7.640625,821.000000,1076.500000,1563.262510,17.881583,median_filtered_pair,,,,,,,0,1,3,0,0,99,467.750000,,,,,,0,-3.271338,11,195.153193,51.170764,,0,,,-3.271338,,,2,3,0,3,9.980692
73.208673,1785220736.506859064,center_check,0,0,-26,cd_lost_before_centered missing=53,40,40,18,22,1,0,2,0,0,0,0,55,5,1,1,5,0,,,,,,1,-48.156250,62.062500,7.640625,821.000000,1076.500000,1563.262510,17.881583,median_filtered_pair,,,,,,,0,1,3,0,0,100,468.000000,,,,,,0,0.146995,9,183.985084,63.986423,,0,,,0.146995,,,2,3,0,3,9.980692
73.296035,1785220736.618785143,center_check,0,0,-26,cd_lost_before_centered missing=54,42,42,20,22,1,0,2,0,0,0,0,56,5,1,1,5,0,,,,,,1,-48.156250,62.062500,7.640625,821.000000,1076.500000,1563.262510,17.881583,median_filtered_pair,,,,,,,0,1,3,0,0,101,467.750000,,,,,,0,-0.970353,11,198.626729,59.175492,,0,,,-0.970353,,,2,3,0,3,9.980692
73.387344,1785220736.729376078,center_check,0,0,-26,cd_lost_before_centered missing=55,36,36,19,17,1,0,2,0,0,0,0,57,5,1,1,5,0,,,,,,1,-48.156250,62.062500,7.640625,821.000000,1076.500000,1563.262510,17.881583,median_filtered_pair,,,,,,,0,1,3,0,0,102,471.000000,,,,,,0,0.107095,8,183.976085,133.299906,,0,,,0.107095,,,2,3,0,3,9.980692
73.473564,1785220736.729376078,center_check,0,0,-26,cd_lost_before_centered missing=55,36,36,19,17,1,0,2,0,0,0,0,57,5,1,1,5,0,,,,,,1,-48.156250,62.062500,7.640625,821.000000,1076.500000,1563.262510,17.881583,median_filtered_pair,,,,,,,0,1,3,0,0,102,471.000000,,,,,,0,0.107095,8,183.976085,133.299906,,0,,,0.107095,,,2,3,0,3,9.980692
73.562289,1785220736.845033884,center_check,0,0,-26,cd_lost_before_centered missing=56,47,47,22,25,1,0,2,0,0,0,0,58,5,1,1,5,0,,,,,,1,-48.156250,62.062500,7.640625,821.000000,1076.500000,1563.262510,17.881583,median_filtered_pair,,,,,,,0,1,3,0,0,103,467.750000,,,,,,0,-1.439516,10,200.102483,50.437817,,0,,,-1.439516,,,2,3,0,3,9.980692
73.648978,1785220736.955785990,center_check,0,0,-26,cd_lost_before_centered missing=57,42,42,19,23,1,0,2,0,0,0,0,59,5,1,1,5,0,,,,,,1,-48.156250,62.062500,7.640625,821.000000,1076.500000,1563.262510,17.881583,median_filtered_pair,,,,,,,0,1,3,0,0,104,467.250000,,,,,,0,-2.176155,10,185.871202,47.747233,,0,,,-2.176155,,,2,3,0,3,9.980692
73.735760,1785220737.068042994,center_check,0,0,-26,cd_lost_before_centered missing=58,46,46,21,25,1,0,2,0,0,0,0,60,5,1,1,5,0,,,,,,1,-48.156250,62.062500,7.640625,821.000000,1076.500000,1563.262510,17.881583,median_filtered_pair,,,,,,,0,1,3,0,0,105,468.000000,,,,,,0,-3.206815,12,196.635822,49.352629,,0,,,-3.206815,,,2,3,0,3,9.980692
73.824411,1785220737.178597927,center_check,0,0,-26,cd_lost_before_centered missing=59,38,38,18,20,1,0,2,0,0,0,0,61,5,1,1,5,0,,,,,,1,-48.156250,62.062500,7.640625,821.000000,1076.500000,1563.262510,17.881583,median_filtered_pair,,,,,,,0,1,3,0,0,106,471.250000,,,,,,0,-0.252929,7,182.496005,173.955211,,0,,,-0.252929,,,2,3,0,3,9.980692
73.915537,1785220737.178597927,center_check,0,0,-26,cd_lost_before_centered missing=59,38,38,18,20,1,0,2,0,0,0,0,61,5,1,1,5,0,,,,,,1,-48.156250,62.062500,7.640625,821.000000,1076.500000,1563.262510,17.881583,median_filtered_pair,,,,,,,0,1,3,0,0,106,471.250000,,,,,,0,-0.252929,7,182.496005,173.955211,,0,,,-0.252929,,,2,3,0,3,9.980692
74.002449,1785220737.289636135,center_check,0,0,-26,cd_lost_before_centered missing=60,41,41,20,21,1,0,2,0,0,0,0,62,5,1,1,5,0,,,,,,1,-48.156250,62.062500,7.640625,821.000000,1076.500000,1563.262510,17.881583,median_filtered_pair,,,,,,,0,1,3,0,0,107,467.250000,,,,,,0,-2.307644,10,183.381709,45.860963,,0,,,-2.307644,,,2,3,0,3,9.980692
74.088298,1785220737.400506020,center_check,0,0,-26,cd_lost_before_centered missing=61,42,42,23,19,1,0,2,0,0,0,0,63,5,1,1,5,0,,,,,,1,-48.156250,62.062500,7.640625,821.000000,1076.500000,1563.262510,17.881583,median_filtered_pair,,,,,,,0,1,3,0,0,108,467.750000,,,,,,0,-0.492858,11,182.261827,55.876214,,0,,,-0.492858,,,2,3,0,3,9.980692
74.175663,1785220737.515063047,center_check,0,0,-26,cd_lost_before_centered missing=62,44,44,21,23,1,0,2,0,0,0,0,64,5,1,1,5,0,,,,,,1,-48.156250,62.062500,7.640625,821.000000,1076.500000,1563.262510,17.881583,median_filtered_pair,,,,,,,0,1,3,0,0,109,467.750000,,,,,,0,-2.166629,10,198.908507,54.039209,,0,,,-2.166629,,,2,3,0,3,9.980692
74.262343,1785220737.626566887,center_check,0,0,-26,cd_lost_before_centered missing=63,47,47,22,25,1,0,2,0,0,0,0,65,5,1,1,5,0,,,,,,1,-48.156250,62.062500,7.640625,821.000000,1076.500000,1563.262510,17.881583,median_filtered_pair,,,,,,,0,1,3,0,0,110,467.000000,,,,,,0,-2.773706,10,184.390388,50.679916,,0,,,-2.773706,,,2,3,0,3,9.980692
74.350270,1785220737.626566887,center_check,0,0,-26,cd_lost_before_centered missing=63,47,47,22,25,1,0,2,0,0,0,0,65,5,1,1,5,0,,,,,,1,-48.156250,62.062500,7.640625,821.000000,1076.500000,1563.262510,17.881583,median_filtered_pair,,,,,,,0,1,3,0,0,110,467.000000,,,,,,0,-2.773706,10,184.390388,50.679916,,0,,,-2.773706,,,2,3,0,3,9.980692
74.443361,1785220737.738424063,center_check,0,0,-26,cd_lost_before_centered missing=64,38,38,22,16,1,0,2,0,0,0,0,66,5,1,1,5,0,,,,,,1,-48.156250,62.062500,7.640625,821.000000,1076.500000,1563.262510,17.881583,median_filtered_pair,,,,,,,0,1,3,0,0,111,470.000000,,,,,,0,0.171576,10,185.233746,74.302156,,0,,,0.171576,,,2,3,0,3,9.980692
74.530212,1785220737.849611044,center_check,0,0,-26,cd_lost_before_centered missing=65,43,43,20,23,1,0,2,0,0,0,0,67,5,1,1,5,0,,,,,,1,-48.156250,62.062500,7.640625,821.000000,1076.500000,1563.262510,17.881583,median_filtered_pair,,,,,,,0,1,3,0,0,112,467.000000,,,,,,0,-1.882126,10,201.104968,43.615240,,0,,,-1.882126,,,2,3,0,3,9.980692
74.615539,1785220737.961669922,center_check,0,0,-26,cd_lost_before_centered missing=66,44,44,21,23,1,0,2,0,0,0,0,68,5,1,1,5,0,,,,,,1,-48.156250,62.062500,7.640625,821.000000,1076.500000,1563.262510,17.881583,median_filtered_pair,,,,,,,0,1,3,0,0,113,467.750000,,,,,,0,-2.392360,10,182.847323,44.633894,,0,,,-2.392360,,,2,3,0,3,9.980692
74.702568,1785220738.071902990,center_check,0,0,-26,cd_lost_before_centered missing=67,43,43,24,19,1,0,2,0,0,0,0,69,5,1,1,5,0,,,,,,1,-48.156250,62.062500,7.640625,821.000000,1076.500000,1563.262510,17.881583,median_filtered_pair,,,,,,,0,1,3,0,0,114,467.750000,,,,,,0,0.386398,12,199.375037,70.930684,,0,,,0.386398,,,2,3,0,3,9.980692
74.789281,1785220738.071902990,center_check,0,0,-26,cd_lost_before_centered missing=67,43,43,24,19,1,0,2,0,0,0,0,69,5,1,1,5,0,,,,,,1,-48.156250,62.062500,7.640625,821.000000,1076.500000,1563.262510,17.881583,median_filtered_pair,,,,,,,0,1,3,0,0,114,467.750000,,,,,,0,0.386398,12,199.375037,70.930684,,0,,,0.386398,,,2,3,0,3,9.980692
74.877620,1785220738.187247038,center_check,0,0,-26,cd_lost_before_centered missing=68,46,46,22,24,1,0,2,0,0,0,0,70,5,1,1,5,0,,,,,,1,-48.156250,62.062500,7.640625,821.000000,1076.500000,1563.262510,17.881583,median_filtered_pair,,,,,,,0,1,3,0,0,115,467.000000,,,,,,0,-1.547986,11,199.798147,46.713340,,0,,,-1.547986,,,2,3,0,3,9.980692
74.972514,1785220738.298181772,center_check,0,0,-26,cd_lost_before_centered missing=69,46,46,22,24,1,0,2,0,0,0,0,71,5,1,1,5,0,,,,,,1,-48.156250,62.062500,7.640625,821.000000,1076.500000,1563.262510,17.881583,median_filtered_pair,,,,,,,0,1,3,0,0,116,467.750000,,,,,,0,0.469590,11,198.902304,53.843837,,0,,,0.469590,,,2,3,0,3,9.980692
75.061560,1785220738.409424782,center_check,0,0,-26,cd_lost_before_centered missing=70,35,35,18,17,1,0,2,0,0,0,0,72,5,1,1,5,0,,,,,,1,-48.156250,62.062500,7.640625,821.000000,1076.500000,1563.262510,17.881583,median_filtered_pair,,,,,,,0,1,3,0,0,117,471.250000,,,,,,0,-0.191142,7,181.963949,174.264410,,0,,,-0.191142,,,2,3,0,3,9.980692
75.149246,1785220738.409424782,center_check,0,0,-26,cd_lost_before_centered missing=70,35,35,18,17,1,0,2,0,0,0,0,72,5,1,1,5,0,,,,,,1,-48.156250,62.062500,7.640625,821.000000,1076.500000,1563.262510,17.881583,median_filtered_pair,,,,,,,0,1,3,0,0,117,471.250000,,,,,,0,-0.191142,7,181.963949,174.264410,,0,,,-0.191142,,,2,3,0,3,9.980692
75.237286,1785220738.520714045,center_check,0,0,-26,cd_lost_before_centered missing=71,44,44,20,24,1,0,2,0,0,0,0,73,5,1,1,5,0,,,,,,1,-48.156250,62.062500,7.640625,821.000000,1076.500000,1563.262510,17.881583,median_filtered_pair,,,,,,,0,1,3,0,0,118,469.000000,,,,,,0,-2.166374,9,183.530332,51.493956,,0,,,-2.166374,,,2,3,0,3,9.980692
75.326392,1785220738.632065058,center_check,0,0,-26,cd_lost_before_centered missing=72,48,48,22,26,1,0,2,0,0,0,0,74,5,1,1,5,0,,,,,,1,-48.156250,62.062500,7.640625,821.000000,1076.500000,1563.262510,17.881583,median_filtered_pair,,,,,,,0,1,3,0,0,119,467.750000,,,,,,0,-0.995667,11,184.774604,55.822567,,0,,,-0.995667,,,2,3,0,3,9.980692
75.413942,1785220738.744101048,center_check,0,0,-26,cd_lost_before_centered missing=73,35,35,19,16,1,0,2,0,0,0,0,75,5,1,1,5,0,,,,,,1,-48.156250,62.062500,7.640625,821.000000,1076.500000,1563.262510,17.881583,median_filtered_pair,,,,,,,0,1,3,0,0,120,471.250000,,,,,,0,-0.413864,7,184.297765,173.165491,,0,,,-0.413864,,,2,3,0,3,9.980692
75.504334,1785220738.858547926,center_check,0,0,-26,cd_lost_before_centered missing=74,42,42,21,21,1,0,2,0,0,0,0,76,5,1,1,5,0,,,,,,1,-48.156250,62.062500,7.640625,821.000000,1076.500000,1563.262510,17.881583,median_filtered_pair,,,,,,,0,1,3,0,0,121,467.750000,,,,,,0,-1.671326,11,198.579951,47.698566,,0,,,-1.671326,,,2,3,0,3,9.980692
75.591560,1785220738.858547926,center_check,0,0,-26,cd_lost_before_centered missing=74,42,42,21,21,1,0,2,0,0,0,0,76,5,1,1,5,0,,,,,,1,-48.156250,62.062500,7.640625,821.000000,1076.500000,1563.262510,17.881583,median_filtered_pair,,,,,,,0,1,3,0,0,121,467.750000,,,,,,0,-1.671326,11,198.579951,47.698566,,0,,,-1.671326,,,2,3,0,3,9.980692
75.674892,1785220738.969652891,center_check,0,0,-26,cd_lost_before_centered missing=75,41,41,21,20,1,0,2,0,0,0,0,77,5,1,1,5,0,,,,,,1,-48.156250,62.062500,7.640625,821.000000,1076.500000,1563.262510,17.881583,median_filtered_pair,,,,,,,0,1,3,0,0,122,467.000000,,,,,,0,-2.441705,10,185.645163,46.305188,,0,,,-2.441705,,,2,3,0,3,9.980692
75.761138,1785220739.081820011,center_check,0,0,-26,cd_lost_before_centered missing=76,43,43,25,18,1,0,2,0,0,0,0,78,5,1,1,5,0,,,,,,1,-48.156250,62.062500,7.640625,821.000000,1076.500000,1563.262510,17.881583,median_filtered_pair,,,,,,,0,1,3,0,0,123,467.750000,,,,,,0,-3.048547,12,193.008312,48.017169,,0,,,-3.048547,,,2,3,0,3,9.980692
75.848258,1785220739.192464828,center_check,0,0,-26,cd_lost_before_centered missing=77,41,41,18,23,1,0,2,0,0,0,0,79,5,1,1,5,0,,,,,,1,-48.156250,62.062500,7.640625,821.000000,1076.500000,1563.262510,17.881583,median_filtered_pair,,,,,,,0,1,3,0,0,124,470.750000,,,,,,0,0.130368,9,181.616668,101.989536,,0,,,0.130368,,,2,3,0,3,9.980692
