elapsed_s,lidar_timestamp,state,speed,steering,steering_offset,reason,raw_points,valid_points,left_fov_points,right_fov_points,tangent_clusters,tangent_candidates,detected_vehicle_count,right_vehicle,right_vehicle_raw,right_cluster_points,right_seen_scans,right_missing_scans,right_track_id,is_prealign_near,is_near,pair_source_scans,pair_valid,angle_a_deg,angle_b_deg,angle_bisector_deg,dist_a_mm,dist_b_mm,control_pair_valid,control_angle_a_deg,control_angle_b_deg,control_angle_bisector_deg,control_dist_a_mm,control_dist_b_mm,control_gap_width_mm,control_gap_center_angle_deg,control_pair_reason,distance_bias_ab_mm,angle_term,distance_term,paper_steering,applied_paper_steering,entry_center_angle_deg,realigning_after_dropout,prealign_near_seen,prealign_ready_scans,pair_hold_scans,pair_reacquiring,center_observation_scans,dist_c_mm,dist_d_mm,distance_bias_cd_mm,cd_balance_ratio,cd_balance_error,cd_balance_span,cd_center_ready_scans,left_side_heading_deg,left_side_line_points,left_side_line_extent_mm,left_side_line_linearity,right_side_heading_deg,right_side_line_points,right_side_line_extent_mm,right_side_line_linearity,observed_slot_heading_deg,filtered_slot_heading_deg,slot_heading_span_deg,parallel_heading_ready_scans,parallel_correction_cycles,parallel_cd_missing_scans,parallel_no_improvement_scans,parallel_best_heading_deg
0.000005,1785223677.213505983,idle,0,0,-40,press_SPACE_to_start,64,64,35,29,1,0,0,0,0,0,0,1,0,1,1,1,0,,,,,,0,,,,,,,,two_tangents_not_visible,,,,,,,0,0,0,0,0,0,,,,,,,0,79.822289,20,237.549788,2691.444230,,0,,,79.822289,,,0,0,0,0,
0.185800,1785223677.439738035,idle,0,0,-40,press_SPACE_to_start,66,66,38,28,1,0,0,0,0,0,0,2,0,1,1,2,0,,,,,,0,,,,,,,,two_tangents_not_visible,,,,,,,0,0,0,0,0,0,,1259.500000,,,,,0,79.746127,22,252.855190,5121.756403,81.020739,7,105.713580,1170.983787,80.121909,,,0,0,0,0,
0.236611,1785223677.439738035,idle,0,0,-40,press_SPACE_to_start,66,66,38,28,1,0,0,0,0,0,0,2,0,1,1,2,0,,,,,,0,,,,,,,,two_tangents_not_visible,,,,,,,0,0,0,0,0,0,,1259.500000,,,,,0,79.746127,22,252.855190,5121.756403,81.020739,7,105.713580,1170.983787,80.121909,,,0,0,0,0,
0.329179,1785223677.550202131,idle,0,0,-40,press_SPACE_to_start,62,62,36,26,1,0,0,0,0,0,0,3,0,1,1,3,0,,,,,,0,,,,,,,,two_tangents_not_visible,,,,,,,0,0,0,0,0,0,,1233.750000,,,,,0,80.017772,21,246.983781,4650.335459,,0,,,80.017772,,,0,0,0,0,
0.424273,1785223677.660831928,idle,0,0,-40,press_SPACE_to_start,63,63,40,23,2,1,0,0,0,0,0,4,0,1,1,4,1,38.093750,79.250000,58.671875,407.500000,1228.250000,0,,,,,,,,two_tangents_not_visible,,,,,,,0,0,0,0,0,0,,1228.250000,,,,,0,79.506759,22,305.319330,3981.444207,,0,,,79.506759,,,0,0,0,0,
0.527661,1785223677.778618813,idle,0,0,-40,press_SPACE_to_start,62,62,37,25,2,1,0,0,1,3,1,0,0,1,1,5,1,38.093750,77.687500,57.890625,407.500000,1187.250000,0,,,,,,,,two_tangents_not_visible,,,,,,,0,0,0,0,0,0,,1187.250000,,,,,0,79.784026,21,235.273896,4887.453830,,0,,,79.784026,,,0,0,0,0,
0.578521,1785223677.778618813,idle,0,0,-40,press_SPACE_to_start,62,62,37,25,2,1,0,0,1,3,1,0,0,1,1,5,1,38.093750,77.687500,57.890625,407.500000,1187.250000,0,,,,,,,,two_tangents_not_visible,,,,,,,0,0,0,0,0,0,,1187.250000,,,,,0,79.784026,21,235.273896,4887.453830,,0,,,79.784026,,,0,0,0,0,
0.629173,1785223677.887032986,idle,0,0,-40,press_SPACE_to_start,65,65,40,25,2,1,0,1,1,3,2,0,1,1,1,5,1,38.906250,76.953125,57.929688,440.250000,1178.500000,0,,,,,,,,two_tangents_not_visible,,,,,,,0,0,0,0,0,0,,1178.500000,,,,,0,79.433449,22,271.474100,5235.322134,81.079894,8,128.176146,1607.355568,79.961498,,,0,0,0,0,
0.680180,1785223677.887032986,idle,0,0,-40,press_SPACE_to_start,65,65,40,25,2,1,0,1,1,3,2,0,1,1,1,5,1,38.906250,76.953125,57.929688,440.250000,1178.500000,0,,,,,,,,two_tangents_not_visible,,,,,,,0,0,0,0,0,0,,1178.500000,,,,,0,79.433449,22,271.474100,5235.322134,81.079894,8,128.176146,1607.355568,79.961498,,,0,0,0,0,
0.731186,1785223677.998650789,idle,0,0,-40,press_SPACE_to_start,64,64,38,26,2,1,0,1,0,0,0,1,1,1,1,5,1,38.906250,76.953125,57.929688,440.250000,1178.500000,0,,,,,,,,two_tangents_not_visible,,,,,,,0,0,0,0,0,0,,1170.000000,,,,,0,81.090836,21,259.943229,5470.272443,,0,,,81.090836,,,0,0,0,0,
0.782193,1785223677.998650789,idle,0,0,-40,press_SPACE_to_start,64,64,38,26,2,1,0,1,0,0,0,1,1,1,1,5,1,38.906250,76.953125,57.929688,440.250000,1178.500000,0,,,,,,,,two_tangents_not_visible,,,,,,,0,0,0,0,0,0,,1170.000000,,,,,0,81.090836,21,259.943229,5470.272443,,0,,,81.090836,,,0,0,0,0,
0.832945,1785223678.110125065,idle,0,0,-40,press_SPACE_to_start,65,65,39,26,3,1,0,1,1,5,1,0,1,1,1,5,1,38.906250,76.953125,57.929688,440.250000,1178.500000,0,,,,,,,,two_tangents_not_visible,,,,,,,0,0,0,0,0,0,,1202.750000,,,,,0,79.825753,22,280.449723,6431.031048,36.804243,5,368.272278,29.282314,79.825753,,,0,0,0,0,
0.883950,1785223678.110125065,idle,0,0,-40,press_SPACE_to_start,65,65,39,26,3,1,0,1,1,5,1,0,1,1,1,5,1,38.906250,76.953125,57.929688,440.250000,1178.500000,0,,,,,,,,two_tangents_not_visible,,,,,,,0,0,0,0,0,0,,1202.750000,,,,,0,79.825753,22,280.449723,6431.031048,36.804243,5,368.272278,29.282314,79.825753,,,0,0,0,0,
0.934245,1785223678.224964142,idle,0,0,-40,press_SPACE_to_start,63,63,41,22,3,1,0,1,0,0,0,1,1,1,1,5,1,38.906250,76.953125,57.929688,440.250000,1178.500000,0,,,,,,,,two_tangents_not_visible,,,,,,,0,0,0,0,0,0,,1297.500000,,,,,0,78.791379,25,385.220074,5086.387267,,0,,,78.791379,,,0,0,0,0,
0.984999,1785223678.224964142,idle,0,0,-40,press_SPACE_to_start,63,63,41,22,3,1,0,1,0,0,0,1,1,1,1,5,1,38.906250,76.953125,57.929688,440.250000,1178.500000,0,,,,,,,,two_tangents_not_visible,,,,,,,0,0,0,0,0,0,,1297.500000,,,,,0,78.791379,25,385.220074,5086.387267,,0,,,78.791379,,,0,0,0,0,
1.036008,1785223678.224964142,idle,0,0,-40,press_SPACE_to_start,63,63,41,22,3,1,0,1,0,0,0,1,1,1,1,5,1,38.906250,76.953125,57.929688,440.250000,1178.500000,0,,,,,,,,two_tangents_not_visible,,,,,,,0,0,0,0,0,0,,1297.500000,,,,,0,78.791379,25,385.220074,5086.387267,,0,,,78.791379,,,0,0,0,0,
1.087014,1785223678.341681004,idle,0,0,-40,press_SPACE_to_start,64,64,43,21,2,1,0,1,0,0,0,2,1,1,1,5,1,38.906250,81.812500,60.359375,440.250000,1170.000000,0,,,,,,,,two_tangents_not_visible,,,,,,,0,0,0,0,0,0,,,,,,,0,79.229048,23,314.992339,7291.085949,81.142032,7,112.915783,1294.939146,79.733844,,,0,0,0,0,
1.138020,1785223678.341681004,idle,0,0,-40,press_SPACE_to_start,64,64,43,21,2,1,0,1,0,0,0,2,1,1,1,5,1,38.906250,81.812500,60.359375,440.250000,1170.000000,0,,,,,,,,two_tangents_not_visible,,,,,,,0,0,0,0,0,0,,,,,,,0,79.229048,23,314.992339,7291.085949,81.142032,7,112.915783,1294.939146,79.733844,,,0,0,0,0,
1.189027,1785223678.447450161,idle,0,0,-40,press_SPACE_to_start,60,60,40,20,2,1,0,0,0,0,0,3,1,1,1,5,1,37.703125,81.812500,59.757812,428.500000,1170.000000,0,,,,,,,,two_tangents_not_visible,,,,,,,0,0,0,0,0,0,,,,,,,0,78.605977,25,282.288233,4070.605393,78.669136,5,110.432059,1220.528491,78.623737,,,0,0,0,0,
1.240034,1785223678.447450161,idle,0,0,-40,press_SPACE_to_start,60,60,40,20,2,1,0,0,0,0,0,3,1,1,1,5,1,37.703125,81.812500,59.757812,428.500000,1170.000000,0,,,,,,,,two_tangents_not_visible,,,,,,,0,0,0,0,0,0,,,,,,,0,78.605977,25,282.288233,4070.605393,78.669136,5,110.432059,1220.528491,78.623737,,,0,0,0,0,
1.291041,1785223678.558604956,idle,0,0,-40,press_SPACE_to_start,60,60,41,19,2,1,0,0,0,0,0,4,1,1,1,5,1,37.703125,80.718750,59.210938,428.500000,1435.250000,0,,,,,,,,two_tangents_not_visible,,,,,,,0,0,0,0,0,0,,,,,,,0,78.286753,23,250.533632,1535.389922,,0,,,78.286753,,,0,0,0,0,
1.342046,1785223678.558604956,idle,0,0,-40,press_SPACE_to_start,60,60,41,19,2,1,0,0,0,0,0,4,1,1,1,5,1,37.703125,80.718750,59.210938,428.500000,1435.250000,0,,,,,,,,two_tangents_not_visible,,,,,,,0,0,0,0,0,0,,,,,,,0,78.286753,23,250.533632,1535.389922,,0,,,78.286753,,,0,0,0,0,
1.392525,1785223678.670465946,idle,0,0,-40,press_SPACE_to_start,62,62,42,20,1,0,0,0,0,0,0,5,1,1,1,5,0,,,,,,0,,,,,,,,two_tangents_not_visible,,,,,,,0,0,0,0,0,0,,,,,,,0,78.712210,24,246.838840,1170.691835,,0,,,78.712210,,,0,0,0,0,
1.443531,1785223678.670465946,idle,0,0,-40,press_SPACE_to_start,62,62,42,20,1,0,0,0,0,0,0,5,1,1,1,5,0,,,,,,0,,,,,,,,two_tangents_not_visible,,,,,,,0,0,0,0,0,0,,,,,,,0,78.712210,24,246.838840,1170.691835,,0,,,78.712210,,,0,0,0,0,
1.494306,1785223678.781207085,idle,0,0,-40,press_SPACE_to_start,62,62,42,20,1,0,0,0,0,0,0,6,1,1,1,5,0,,,,,,0,,,,,,,,two_tangents_not_visible,,,,,,,0,0,0,0,0,0,,,,,,,0,78.501502,24,239.024922,1163.970195,79.852829,6,117.137545,1556.864725,78.945937,,,0,0,0,0,
1.545312,1785223678.781207085,idle,0,0,-40,press_SPACE_to_start,62,62,42,20,1,0,0,0,0,0,0,6,1,1,1,5,0,,,,,,0,,,,,,,,two_tangents_not_visible,,,,,,,0,0,0,0,0,0,,,,,,,0,78.501502,24,239.024922,1163.970195,79.852829,6,117.137545,1556.864725,78.945937,,,0,0,0,0,
1.596318,1785223678.892899036,idle,0,0,-40,press_SPACE_to_start,64,64,42,22,1,0,0,0,0,0,0,7,1,1,1,5,0,,,,,,0,,,,,,,,two_tangents_not_visible,,,,,,,0,0,0,0,0,0,,,,,,,0,78.861404,23,225.941052,1631.673988,82.501175,7,108.211527,1581.532829,80.040102,,,0,0,0,0,
1.647325,1785223678.892899036,idle,0,0,-40,press_SPACE_to_start,64,64,42,22,1,0,0,0,0,0,0,7,1,1,1,5,0,,,,,,0,,,,,,,,two_tangents_not_visible,,,,,,,0,0,0,0,0,0,,,,,,,0,78.861404,23,225.941052,1631.673988,82.501175,7,108.211527,1581.532829,80.040102,,,0,0,0,0,
1.698331,1785223678.892899036,idle,0,0,-40,press_SPACE_to_start,64,64,42,22,1,0,0,0,0,0,0,7,1,1,1,5,0,,,,,,0,,,,,,,,two_tangents_not_visible,,,,,,,0,0,0,0,0,0,,,,,,,0,78.861404,23,225.941052,1631.673988,82.501175,7,108.211527,1581.532829,80.040102,,,0,0,0,0,
1.748772,1785223679.007375956,idle,0,0,-40,press_SPACE_to_start,64,64,42,22,1,0,0,0,0,0,0,8,1,1,1,5,0,,,,,,0,,,,,,,,two_tangents_not_visible,,,,,,,0,0,0,0,0,0,,,,,,,0,78.971126,25,229.003368,1232.118819,,0,,,78.971126,,,0,0,0,0,
1.799778,1785223679.007375956,idle,0,0,-40,press_SPACE_to_start,64,64,42,22,1,0,0,0,0,0,0,8,1,1,1,5,0,,,,,,0,,,,,,,,two_tangents_not_visible,,,,,,,0,0,0,0,0,0,,,,,,,0,78.971126,25,229.003368,1232.118819,,0,,,78.971126,,,0,0,0,0,
1.850786,1785223679.118736982,idle,0,0,-40,press_SPACE_to_start,62,62,40,22,1,0,0,0,0,0,0,9,1,1,1,5,0,,,,,,0,,,,,,,,two_tangents_not_visible,,,,,,,0,0,0,0,0,0,,,,,,,0,78.742506,22,201.120558,2007.225956,,0,,,78.742506,,,0,0,0,0,
1.901794,1785223679.118736982,idle,0,0,-40,press_SPACE_to_start,62,62,40,22,1,0,0,0,0,0,0,9,1,1,1,5,0,,,,,,0,,,,,,,,two_tangents_not_visible,,,,,,,0,0,0,0,0,0,,,,,,,0,78.742506,22,201.120558,2007.225956,,0,,,78.742506,,,0,0,0,0,
1.952751,1785223679.230298042,idle,0,0,-40,press_SPACE_to_start,61,61,38,23,1,0,0,0,0,0,0,10,1,1,1,5,0,,,,,,0,,,,,,,,two_tangents_not_visible,,,,,,,0,0,0,0,0,0,,,,,,,0,79.163382,20,176.459549,1066.364485,,0,,,79.163382,,,0,0,0,0,
2.003266,1785223679.230298042,idle,0,0,-40,press_SPACE_to_start,61,61,38,23,1,0,0,0,0,0,0,10,1,1,1,5,0,,,,,,0,,,,,,,,two_tangents_not_visible,,,,,,,0,0,0,0,0,0,,,,,,,0,79.163382,20,176.459549,1066.364485,,0,,,79.163382,,,0,0,0,0,
2.054272,1785223679.341252089,idle,0,0,-40,press_SPACE_to_start,58,58,36,22,1,0,0,0,0,0,0,11,1,1,1,5,0,,,,,,0,,,,,,,,two_tangents_not_visible,,,,,,,0,0,0,0,0,0,,,,,,,0,79.864473,18,163.101146,1656.338685,,0,,,79.864473,,,0,0,0,0,
2.105287,1785223679.341252089,idle,0,0,-40,press_SPACE_to_start,58,58,36,22,1,0,0,0,0,0,0,11,1,1,1,5,0,,,,,,0,,,,,,,,two_tangents_not_visible,,,,,,,0,0,0,0,0,0,,,,,,,0,79.864473,18,163.101146,1656.338685,,0,,,79.864473,,,0,0,0,0,
2.156294,1785223679.452860832,idle,0,0,-40,press_SPACE_to_start,59,59,36,23,1,0,0,0,0,0,0,12,1,1,1,5,0,,,,,,0,,,,,,,,two_tangents_not_visible,,,,,,,0,0,0,0,0,0,,,,,,,0,79.662261,18,244.481305,1129.801473,,0,,,79.662261,,,0,0,0,0,
2.206915,1785223679.452860832,idle,0,0,-40,press_SPACE_to_start,59,59,36,23,1,0,0,0,0,0,0,12,1,1,1,5,0,,,,,,0,,,,,,,,two_tangents_not_visible,,,,,,,0,0,0,0,0,0,,,,,,,0,79.662261,18,244.481305,1129.801473,,0,,,79.662261,,,0,0,0,0,
2.257921,1785223679.452860832,idle,0,0,-40,press_SPACE_to_start,59,59,36,23,1,0,0,0,0,0,0,12,1,1,1,5,0,,,,,,0,,,,,,,,two_tangents_not_visible,,,,,,,0,0,0,0,0,0,,,,,,,0,79.662261,18,244.481305,1129.801473,,0,,,79.662261,,,0,0,0,0,
2.308112,1785223679.566300869,idle,0,0,-40,press_SPACE_to_start,59,59,38,21,1,0,0,0,0,0,0,13,1,1,1,5,0,,,,,,0,,,,,,,,two_tangents_not_visible,,,,,,,0,0,0,0,0,0,,1204.000000,,,,,0,79.111281,19,229.927203,1137.437422,,0,,,79.111281,,,0,0,0,0,
2.408315,1785223679.678727865,idle,0,0,-40,press_SPACE_to_start,61,61,37,24,2,1,0,0,1,3,1,0,1,1,1,5,1,37.312500,78.031250,57.671875,378.000000,1204.000000,0,,,,,,,,two_tangents_not_visible,,,,,,,0,0,0,0,0,0,,1136.000000,,,,,0,78.703901,21,275.993341,4608.487422,,0,,,78.703901,,,0,0,0,0,
2.459323,1785223679.678727865,idle,0,0,-40,press_SPACE_to_start,61,61,37,24,2,1,0,0,1,3,1,0,1,1,1,5,1,37.312500,78.031250,57.671875,378.000000,1204.000000,0,,,,,,,,two_tangents_not_visible,,,,,,,0,0,0,0,0,0,,1136.000000,,,,,0,78.703901,21,275.993341,4608.487422,,0,,,78.703901,,,0,0,0,0,
2.509953,1785223679.790462017,idle,0,0,-40,press_SPACE_to_start,68,68,39,29,2,1,0,1,1,8,2,0,2,1,1,5,1,37.312500,78.031250,57.671875,378.000000,1204.000000,0,,,,,,,,two_tangents_not_visible,,,,,,,0,0,0,0,0,0,,1104.000000,,,,,0,79.162998,22,230.924846,2314.156243,-9.136678,8,229.242739,78.017227,79.162998,,,0,0,0,0,
2.560959,1785223679.790462017,idle,0,0,-40,press_SPACE_to_start,68,68,39,29,2,1,0,1,1,8,2,0,2,1,1,5,1,37.312500,78.031250,57.671875,378.000000,1204.000000,0,,,,,,,,two_tangents_not_visible,,,,,,,0,0,0,0,0,0,,1104.000000,,,,,0,79.162998,22,230.924846,2314.156243,-9.136678,8,229.242739,78.017227,79.162998,,,0,0,0,0,
2.611966,1785223679.901566982,idle,0,0,-40,press_SPACE_to_start,62,62,35,27,2,1,0,1,1,7,3,0,2,1,1,5,1,37.312500,77.796875,57.554688,378.000000,1180.750000,0,,,,,,,,two_tangents_not_visible,,,,,,,0,0,0,0,0,0,,1106.500000,,,,,0,79.630424,17,248.599327,2968.229236,7.388168,7,272.338953,47.914053,79.630424,,,0,0,0,0,
2.662901,1785223679.901566982,idle,0,0,-40,press_SPACE_to_start,62,62,35,27,2,1,0,1,1,7,3,0,2,1,1,5,1,37.312500,77.796875,57.554688,378.000000,1180.750000,0,,,,,,,,two_tangents_not_visible,,,,,,,0,0,0,0,0,0,,1106.500000,,,,,0,79.630424,17,248.599327,2968.229236,7.388168,7,272.338953,47.914053,79.630424,,,0,0,0,0,
2.713760,1785223679.901566982,idle,0,0,-40,press_SPACE_to_start,62,62,35,27,2,1,0,1,1,7,3,0,2,1,1,5,1,37.312500,77.796875,57.554688,378.000000,1180.750000,0,,,,,,,,two_tangents_not_visible,,,,,,,0,0,0,0,0,0,,1106.500000,,,,,0,79.630424,17,248.599327,2968.229236,7.388168,7,272.338953,47.914053,79.630424,,,0,0,0,0,
2.764564,1785223680.021409988,idle,0,0,-40,press_SPACE_to_start,63,63,37,26,2,1,0,1,1,6,4,0,2,1,1,5,1,37.328125,77.796875,57.562500,397.750000,1180.750000,0,,,,,,,,two_tangents_not_visible,,,,,,,0,0,0,0,0,0,,1113.500000,,,,,0,81.507905,19,242.556237,1729.816289,13.016096,6,166.007379,295.784044,81.507905,,,0,0,0,0,
2.815048,1785223680.021409988,idle,0,0,-40,press_SPACE_to_start,63,63,37,26,2,1,0,1,1,6,4,0,2,1,1,5,1,37.328125,77.796875,57.562500,397.750000,1180.750000,0,,,,,,,,two_tangents_not_visible,,,,,,,0,0,0,0,0,0,,1113.500000,,,,,0,81.507905,19,242.556237,1729.816289,13.016096,6,166.007379,295.784044,81.507905,,,0,0,0,0,
2.865998,1785223680.124208927,idle,0,0,-40,press_SPACE_to_start,65,65,37,28,2,1,0,1,1,6,5,0,2,1,1,5,1,39.171875,77.796875,58.484375,407.750000,1180.750000,0,,,,,,,,two_tangents_not_visible,,,,,,,0,0,0,0,0,0,,1139.000000,,,,,0,81.469895,19,242.523826,2587.856882,25.634625,6,180.435900,104.565944,81.469895,,,0,0,0,0,
2.917007,1785223680.124208927,idle,0,0,-40,press_SPACE_to_start,65,65,37,28,2,1,0,1,1,6,5,0,2,1,1,5,1,39.171875,77.796875,58.484375,407.750000,1180.750000,0,,,,,,,,two_tangents_not_visible,,,,,,,0,0,0,0,0,0,,1139.000000,,,,,0,81.469895,19,242.523826,2587.856882,25.634625,6,180.435900,104.565944,81.469895,,,0,0,0,0,
2.968017,1785223680.238381147,idle,0,0,-40,press_SPACE_to_start,60,60,39,21,2,1,0,1,0,0,0,1,2,1,1,5,1,39.171875,77.796875,58.484375,407.750000,1180.750000,0,,,,,,,,two_tangents_not_visible,,,,,,,0,0,0,0,0,0,,,,,,,0,81.491030,22,282.482786,1905.664935,,0,,,81.491030,,,0,0,0,0,
3.019023,1785223680.238381147,idle,0,0,-40,press_SPACE_to_start,60,60,39,21,2,1,0,1,0,0,0,1,2,1,1,5,1,39.171875,77.796875,58.484375,407.750000,1180.750000,0,,,,,,,,two_tangents_not_visible,,,,,,,0,0,0,0,0,0,,,,,,,0,81.491030,22,282.482786,1905.664935,,0,,,81.491030,,,0,0,0,0,
3.070032,1785223680.350268841,idle,0,0,-40,press_SPACE_to_start,61,61,40,21,2,1,0,1,0,0,0,2,2,1,1,5,1,39.171875,77.796875,58.484375,407.750000,1180.750000,0,,,,,,,,two_tangents_not_visible,,,,,,,0,0,0,0,0,0,,,,,,,0,81.096809,22,237.254730,4984.566305,79.751416,6,106.632405,1206.966061,80.679630,,,0,0,0,0,
3.120425,1785223680.350268841,idle,0,0,-40,press_SPACE_to_start,61,61,40,21,2,1,0,1,0,0,0,2,2,1,1,5,1,39.171875,77.796875,58.484375,407.750000,1180.750000,0,,,,,,,,two_tangents_not_visible,,,,,,,0,0,0,0,0,0,,,,,,,0,81.096809,22,237.254730,4984.566305,79.751416,6,106.632405,1206.966061,80.679630,,,0,0,0,0,
3.221427,1785223680.461169004,idle,0,0,-40,press_SPACE_to_start,60,60,39,21,2,1,0,0,0,0,0,3,2,1,1,5,1,39.171875,85.781250,62.476562,407.750000,1147.500000,0,,,,,,,,two_tangents_not_visible,,,,,,,0,0,0,0,0,0,,,,,,,0,81.854389,22,232.494103,4886.455172,,0,,,81.854389,,,0,0,0,0,
3.272434,1785223680.461169004,idle,0,0,-40,press_SPACE_to_start,60,60,39,21,2,1,0,0,0,0,0,3,2,1,1,5,1,39.171875,85.781250,62.476562,407.750000,1147.500000,0,,,,,,,,two_tangents_not_visible,,,,,,,0,0,0,0,0,0,,,,,,,0,81.854389,22,232.494103,4886.455172,,0,,,81.854389,,,0,0,0,0,
3.323442,1785223680.577291012,idle,0,0,-40,press_SPACE_to_start,61,61,40,21,2,1,0,0,0,0,0,4,2,1,1,5,1,39.171875,87.468750,63.320312,407.750000,1211.000000,0,,,,,,,,two_tangents_not_visible,,,,,,,0,0,0,0,0,0,,,,,,,0,81.529437,23,253.721113,4936.496032,,0,,,81.529437,,,0,0,0,0,
3.373596,1785223680.577291012,idle,0,0,-40,press_SPACE_to_start,61,61,40,21,2,1,0,0,0,0,0,4,2,1,1,5,1,39.171875,87.468750,63.320312,407.750000,1211.000000,0,,,,,,,,two_tangents_not_visible,,,,,,,0,0,0,0,0,0,,,,,,,0,81.529437,23,253.721113,4936.496032,,0,,,81.529437,,,0,0,0,0,
3.424603,1785223680.687530041,idle,0,0,-40,press_SPACE_to_start,61,61,39,22,1,0,0,0,0,0,0,5,2,1,1,5,0,,,,,,0,,,,,,,,two_tangents_not_visible,,,,,,,0,0,0,0,0,0,,,,,,,0,79.992655,23,271.727274,5950.971291,82.784070,8,103.779694,1149.008689,80.764124,,,0,0,0,0,
3.475613,1785223680.687530041,idle,0,0,-40,press_SPACE_to_start,61,61,39,22,1,0,0,0,0,0,0,5,2,1,1,5,0,,,,,,0,,,,,,,,two_tangents_not_visible,,,,,,,0,0,0,0,0,0,,,,,,,0,79.992655,23,271.727274,5950.971291,82.784070,8,103.779694,1149.008689,80.764124,,,0,0,0,0,
3.526623,1785223680.798850060,idle,0,0,-40,press_SPACE_to_start,60,60,39,21,1,0,0,0,0,0,0,6,2,1,1,5,0,,,,,,0,,,,,,,,two_tangents_not_visible,,,,,,,0,0,0,0,0,0,,,,,,,0,79.905885,23,245.712175,5315.837957,,0,,,79.905885,,,0,0,0,0,
3.577361,1785223680.798850060,idle,0,0,-40,press_SPACE_to_start,60,60,39,21,1,0,0,0,0,0,0,6,2,1,1,5,0,,,,,,0,,,,,,,,two_tangents_not_visible,,,,,,,0,0,0,0,0,0,,,,,,,0,79.905885,23,245.712175,5315.837957,,0,,,79.905885,,,0,0,0,0,
3.627516,1785223680.910609961,idle,0,0,-40,press_SPACE_to_start,58,58,38,20,2,1,0,0,0,0,0,7,2,1,1,5,1,-98.265625,-61.390625,-79.828125,2938.750000,449.750000,0,,,,,,,,two_tangents_not_visible,,,,,,,0,0,0,0,0,0,,,,,,,0,80.216950,19,247.792366,3951.850443,80.313793,7,105.584851,1115.601410,80.245885,,,0,0,0,0,
3.677731,1785223680.910609961,idle,0,0,-40,press_SPACE_to_start,58,58,38,20,2,1,0,0,0,0,0,7,2,1,1,5,1,-98.265625,-61.390625,-79.828125,2938.750000,449.750000,0,,,,,,,,two_tangents_not_visible,,,,,,,0,0,0,0,0,0,,,,,,,0,80.216950,19,247.792366,3951.850443,80.313793,7,105.584851,1115.601410,80.245885,,,0,0,0,0,
3.728509,1785223681.021342993,idle,0,0,-40,press_SPACE_to_start,57,57,37,20,2,1,0,0,0,0,0,8,2,1,1,5,1,-98.531250,-61.390625,-79.960938,2779.500000,449.750000,0,,,,,,,,two_tangents_not_visible,,,,,,,0,0,0,0,0,0,,,,,,,0,80.594550,18,225.092038,4229.588220,,0,,,80.594550,,,0,0,0,0,
3.779518,1785223681.021342993,idle,0,0,-40,press_SPACE_to_start,57,57,37,20,2,1,0,0,0,0,0,8,2,1,1,5,1,-98.531250,-61.390625,-79.960938,2779.500000,449.750000,0,,,,,,,,two_tangents_not_visible,,,,,,,0,0,0,0,0,0,,,,,,,0,80.594550,18,225.092038,4229.588220,,0,,,80.594550,,,0,0,0,0,
3.830524,1785223681.021342993,idle,0,0,-40,press_SPACE_to_start,57,57,37,20,2,1,0,0,0,0,0,8,2,1,1,5,1,-98.531250,-61.390625,-79.960938,2779.500000,449.750000,0,,,,,,,,two_tangents_not_visible,,,,,,,0,0,0,0,0,0,,,,,,,0,80.594550,18,225.092038,4229.588220,,0,,,80.594550,,,0,0,0,0,
3.881541,1785223681.138880014,idle,0,0,-40,press_SPACE_to_start,54,54,34,20,2,1,0,0,0,0,0,9,2,1,1,5,1,-98.531250,-61.390625,-79.960938,2779.500000,449.750000,0,,,,,,,,two_tangents_not_visible,,,,,,,0,0,0,0,0,0,,,,,,,0,81.986084,17,229.325767,4454.913341,,0,,,81.986084,,,0,0,0,0,
3.932550,1785223681.138880014,idle,0,0,-40,press_SPACE_to_start,54,54,34,20,2,1,0,0,0,0,0,9,2,1,1,5,1,-98.531250,-61.390625,-79.960938,2779.500000,449.750000,0,,,,,,,,two_tangents_not_visible,,,,,,,0,0,0,0,0,0,,,,,,,0,81.986084,17,229.325767,4454.913341,,0,,,81.986084,,,0,0,0,0,
3.983557,1785223681.247674942,idle,0,0,-40,press_SPACE_to_start,57,57,35,22,2,1,0,0,0,0,0,10,2,1,1,5,1,-98.531250,-61.750000,-80.140625,2779.500000,453.000000,0,,,,,,,,two_tangents_not_visible,,,,,,,0,0,0,0,0,0,,,,,,,0,81.320412,18,279.494951,2685.814741,,0,,,81.320412,,,0,0,0,0,
4.034568,1785223681.247674942,idle,0,0,-40,press_SPACE_to_start,57,57,35,22,2,1,0,0,0,0,0,10,2,1,1,5,1,-98.531250,-61.750000,-80.140625,2779.500000,453.000000,0,,,,,,,,two_tangents_not_visible,,,,,,,0,0,0,0,0,0,,,,,,,0,81.320412,18,279.494951,2685.814741,,0,,,81.320412,,,0,0,0,0,
4.135002,1785223681.359150171,idle,0,0,-40,press_SPACE_to_start,53,53,34,19,2,1,0,0,0,0,0,11,2,1,1,5,1,-98.531250,-61.750000,-80.140625,2779.500000,453.000000,0,,,,,,,,two_tangents_not_visible,,,,,,,0,0,0,0,0,0,,,,,,,0,81.162622,16,219.356673,2845.382854,,0,,,81.162622,,,0,0,0,0,
4.185387,1785223681.470127106,idle,0,0,-40,press_SPACE_to_start,56,56,38,18,2,1,0,0,0,0,0,12,2,1,1,5,1,-98.531250,-61.750000,-80.140625,2779.500000,453.000000,0,,,,,,,,two_tangents_not_visible,,,,,,,0,0,0,0,0,0,,,,,,,0,81.298975,20,251.050498,3904.462351,,0,,,81.298975,,,0,0,0,0,
4.236072,1785223681.470127106,idle,0,0,-40,press_SPACE_to_start,56,56,38,18,2,1,0,0,0,0,0,12,2,1,1,5,1,-98.531250,-61.750000,-80.140625,2779.500000,453.000000,0,,,,,,,,two_tangents_not_visible,,,,,,,0,0,0,0,0,0,,,,,,,0,81.298975,20,251.050498,3904.462351,,0,,,81.298975,,,0,0,0,0,
4.286267,1785223681.470127106,idle,0,0,-40,press_SPACE_to_start,56,56,38,18,2,1,0,0,0,0,0,12,2,1,1,5,1,-98.531250,-61.750000,-80.140625,2779.500000,453.000000,0,,,,,,,,two_tangents_not_visible,,,,,,,0,0,0,0,0,0,,,,,,,0,81.298975,20,251.050498,3904.462351,,0,,,81.298975,,,0,0,0,0,
4.387068,1785223681.592898130,idle,0,0,-40,press_SPACE_to_start,54,54,35,19,1,0,0,0,0,0,0,13,2,1,1,5,0,,,,,,0,,,,,,,,two_tangents_not_visible,,,,,,,0,0,0,0,0,0,,,,,,,0,80.857708,18,227.057773,4731.262661,,0,,,80.857708,,,0,0,0,0,
4.438082,1785223681.696878195,idle,0,0,-40,press_SPACE_to_start,59,59,39,20,1,0,0,0,0,0,0,14,2,1,1,5,0,,,,,,0,,,,,,,,two_tangents_not_visible,,,,,,,0,0,0,0,0,0,,,,,,,0,82.182790,20,242.040847,3289.298761,83.056833,7,111.295782,1161.983798,82.458100,,,0,0,0,0,
4.488761,1785223681.696878195,idle,0,0,-40,press_SPACE_to_start,59,59,39,20,1,0,0,0,0,0,0,14,2,1,1,5,0,,,,,,0,,,,,,,,two_tangents_not_visible,,,,,,,0,0,0,0,0,0,,,,,,,0,82.182790,20,242.040847,3289.298761,83.056833,7,111.295782,1161.983798,82.458100,,,0,0,0,0,
4.587999,1785223681.808079004,idle,0,0,-40,press_SPACE_to_start,57,57,38,19,1,0,0,0,0,0,0,15,2,1,1,5,0,,,,,,0,,,,,,,,two_tangents_not_visible,,,,,,,0,0,0,0,0,0,,,,,,,0,80.402193,19,274.002463,3399.537847,78.950015,6,104.394801,104.699629,80.001556,,,0,0,0,0,
4.638324,1785223681.918637037,idle,0,0,-40,press_SPACE_to_start,60,60,41,19,1,0,0,0,0,0,0,16,2,1,1,5,0,,,,,,0,,,,,,,,two_tangents_not_visible,,,,,,,0,0,0,0,0,0,,,,,,,0,80.427062,22,408.193940,6916.971575,77.903879,5,145.424447,1121.894236,79.764273,,,0,0,0,0,
4.688899,1785223681.918637037,idle,0,0,-40,press_SPACE_to_start,60,60,41,19,1,0,0,0,0,0,0,16,2,1,1,5,0,,,,,,0,,,,,,,,two_tangents_not_visible,,,,,,,0,0,0,0,0,0,,,,,,,0,80.427062,22,408.193940,6916.971575,77.903879,5,145.424447,1121.894236,79.764273,,,0,0,0,0,
4.739503,1785223682.033840895,idle,0,0,-40,press_SPACE_to_start,63,63,43,20,1,0,0,0,0,0,0,17,2,1,1,5,0,,,,,,0,,,,,,,,two_tangents_not_visible,,,,,,,0,0,0,0,0,0,,,,,,,0,78.611601,24,472.108975,9031.578901,78.751502,6,124.424373,1681.755097,78.640781,,,0,0,0,0,
4.790514,1785223682.033840895,idle,0,0,-40,press_SPACE_to_start,63,63,43,20,1,0,0,0,0,0,0,17,2,1,1,5,0,,,,,,0,,,,,,,,two_tangents_not_visible,,,,,,,0,0,0,0,0,0,,,,,,,0,78.611601,24,472.108975,9031.578901,78.751502,6,124.424373,1681.755097,78.640781,,,0,0,0,0,
4.841519,1785223682.033840895,idle,0,0,-40,press_SPACE_to_start,63,63,43,20,1,0,0,0,0,0,0,17,2,1,1,5,0,,,,,,0,,,,,,,,two_tangents_not_visible,,,,,,,0,0,0,0,0,0,,,,,,,0,78.611601,24,472.108975,9031.578901,78.751502,6,124.424373,1681.755097,78.640781,,,0,0,0,0,
4.892064,1785223682.149180889,idle,0,0,-40,press_SPACE_to_start,63,63,42,21,6,0,0,0,0,0,0,18,2,1,1,5,0,,,,,,0,,,,,,,,two_tangents_not_visible,,,,,,,0,0,0,0,0,0,931.250000,,,,,,0,77.990554,25,725.182698,6323.297560,80.109711,6,110.523326,1447.609644,78.270815,,,0,0,0,0,
4.990178,1785223682.256625891,idle,0,0,-40,press_SPACE_to_start,63,63,43,20,22,0,0,0,0,0,0,19,2,1,1,5,0,,,,,,0,,,,,,,,two_tangents_not_visible,,,,,,,0,0,0,0,0,0,953.250000,,,,,,0,78.005409,24,709.381808,2660.817461,80.559818,6,170.453850,3088.913352,78.500284,,,0,0,0,0,
5.084472,1785223682.367531061,idle,0,0,-40,press_SPACE_to_start,56,56,38,18,49,0,0,0,0,0,0,20,2,1,1,5,0,,,,,,0,,,,,,,,two_tangents_not_visible,,,,,,,0,0,0,0,0,0,1061.500000,,,,,,0,76.503291,20,787.182485,5709.018842,82.852357,8,196.305936,4134.883752,77.770576,,,0,0,0,0,
5.171906,1785223682.367531061,idle,0,0,-40,press_SPACE_to_start,56,56,38,18,49,0,0,0,0,0,0,20,2,1,1,5,0,,,,,,0,,,,,,,,two_tangents_not_visible,,,,,,,0,0,0,0,0,0,1061.500000,,,,,,0,76.503291,20,787.182485,5709.018842,82.852357,8,196.305936,4134.883752,77.770576,,,0,0,0,0,
5.260222,1785223682.482663870,idle,0,0,-40,press_SPACE_to_start,62,62,42,20,43,0,0,0,0,0,0,21,2,1,0,5,0,,,,,,0,,,,,,,,two_tangents_not_visible,,,,,,,0,0,0,0,0,0,,,,,,,0,73.790720,24,739.821425,9787.149553,80.315702,5,262.686774,8371.775259,75.500458,,,0,0,0,0,
5.349462,1785223682.594413996,idle,0,0,-40,press_SPACE_to_start,51,51,35,16,10,2,0,0,0,0,0,22,2,1,0,5,1,-17.265625,15.890625,-0.687500,556.000000,618.250000,0,,,,,,,,two_tangents_not_visible,,,,,,,0,0,0,0,0,0,1239.000000,,,,,,0,65.684449,16,889.833682,54.931851,,0,,,65.684449,,,0,0,0,0,
5.438300,1785223682.704889059,idle,0,0,-40,press_SPACE_to_start,30,30,25,5,2,1,0,0,0,0,0,23,2,1,0,5,1,-66.078125,31.062500,-17.507812,1119.500000,727.250000,0,,,,,,,,two_tangents_not_visible,,,,,,,0,0,0,0,0,0,,,,,,,0,67.044522,7,824.358843,4515.798813,,0,,,67.044522,,,0,0,0,0,
5.528250,1785223682.816787004,idle,0,0,-40,press_SPACE_to_start,33,33,18,15,3,1,0,0,0,0,0,24,2,1,0,5,1,-66.078125,31.062500,-17.507812,1119.500000,727.250000,0,,,,,,,,two_tangents_not_visible,,,,,,,0,0,0,0,0,0,1843.750000,,,,,,0,,0,,,,0,,,,,,0,0,0,0,
5.621053,1785223682.816787004,idle,0,0,-40,press_SPACE_to_start,33,33,18,15,3,1,0,0,0,0,0,24,2,1,0,5,1,-66.078125,31.062500,-17.507812,1119.500000,727.250000,0,,,,,,,,two_tangents_not_visible,,,,,,,0,0,0,0,0,0,1843.750000,,,,,,0,,0,,,,0,,,,,,0,0,0,0,
5.710115,1785223682.931617975,idle,0,0,-40,press_SPACE_to_start,63,63,43,20,3,0,0,0,0,0,0,25,2,1,0,5,0,,,,,,0,,,,,,,,two_tangents_not_visible,,,,,,,0,0,0,0,0,0,1883.500000,,,,,,0,54.437811,5,519.500111,304.799934,,0,,,54.437811,,,0,0,0,0,
5.798944,1785223683.043015003,idle,0,0,-40,press_SPACE_to_start,64,64,43,21,7,3,0,0,0,0,0,26,2,1,0,5,1,-21.812500,-0.609375,-11.210938,871.000000,872.000000,0,,,,,,,,two_tangents_not_visible,,,,,,,0,0,0,0,0,0,1893.750000,,,,,,0,53.802063,5,509.551145,190.666341,,0,,,53.802063,,,0,0,0,0,
5.886071,1785223683.154232025,idle,0,0,-40,press_SPACE_to_start,63,63,42,21,9,0,0,0,0,0,0,27,2,1,0,5,0,,,,,,0,,,,,,,,two_tangents_not_visible,,,,,,,0,0,0,0,0,0,1898.000000,,,,,,0,51.253144,6,561.882316,92.053328,,0,,,51.253144,,,0,0,0,0,
5.973573,1785223683.265712023,idle,0,0,-40,press_SPACE_to_start,60,60,39,21,5,0,0,0,0,0,0,28,2,1,0,5,0,,,,,,0,,,,,,,,two_tangents_not_visible,,,,,,,0,0,0,0,0,0,1894.250000,,,,,,0,,0,,,,0,,,,,,0,0,0,0,
6.061192,1785223683.265712023,idle,0,0,-40,press_SPACE_to_start,60,60,39,21,5,0,0,0,0,0,0,28,2,1,0,5,0,,,,,,0,,,,,,,,two_tangents_not_visible,,,,,,,0,0,0,0,0,0,1894.250000,,,,,,0,,0,,,,0,,,,,,0,0,0,0,
6.154051,1785223683.376798868,idle,0,0,-40,press_SPACE_to_start,63,63,42,21,3,0,0,0,0,0,0,29,2,1,0,5,0,,,,,,0,,,,,,,,two_tangents_not_visible,,,,,,,0,0,0,0,0,0,1889.250000,,,,,,0,56.285058,5,460.186486,636.081654,,0,,,56.285058,,,0,0,0,0,
6.240553,1785223683.488415003,idle,0,0,-40,press_SPACE_to_start,62,62,42,20,3,0,0,0,0,0,0,30,2,1,0,5,0,,,,,,0,,,,,,,,two_tangents_not_visible,,,,,,,0,0,0,0,0,0,1889.000000,,,,,,0,52.687526,6,568.868666,97.259498,,0,,,52.687526,,,0,0,0,0,
6.328447,1785223683.598949194,idle,0,0,-40,press_SPACE_to_start,66,66,44,22,3,0,0,0,0,0,0,31,2,1,0,5,0,,,,,,0,,,,,,,,two_tangents_not_visible,,,,,,,0,0,0,0,0,0,1888.250000,,,,,,0,52.558605,7,563.950520,84.224078,,0,,,52.558605,,,0,0,0,0,
6.416060,1785223683.710700989,idle,0,0,-40,press_SPACE_to_start,59,59,39,20,3,0,0,0,0,0,0,32,2,1,0,5,0,,,,,,0,,,,,,,,two_tangents_not_visible,,,,,,,0,0,0,0,0,0,1898.000000,,,,,,0,,0,,,,0,,,,,,0,0,0,0,
6.504791,1785223683.710700989,idle,0,0,-40,press_SPACE_to_start,59,59,39,20,3,0,0,0,0,0,0,32,2,1,0,5,0,,,,,,0,,,,,,,,two_tangents_not_visible,,,,,,,0,0,0,0,0,0,1898.000000,,,,,,0,,0,,,,0,,,,,,0,0,0,0,
6.593616,1785223683.825573206,idle,0,0,-40,press_SPACE_to_start,63,63,41,22,3,0,0,0,0,0,0,33,2,1,0,5,0,,,,,,0,,,,,,,,two_tangents_not_visible,,,,,,,0,0,0,0,0,0,1893.750000,,,,,,0,53.298762,5,507.858873,166.080422,,0,,,53.298762,,,0,0,0,0,
6.687086,1785223683.936134815,idle,0,0,-40,press_SPACE_to_start,60,60,38,22,4,0,0,0,0,0,0,34,2,1,0,5,0,,,,,,0,,,,,,,,two_tangents_not_visible,,,,,,,0,0,0,0,0,0,,,,,,,0,,0,,,,0,,,,,,0,0,0,0,
6.774658,1785223684.047972202,idle,0,0,-40,press_SPACE_to_start,62,62,39,23,3,0,0,0,0,0,0,35,2,0,0,5,0,,,,,,0,,,,,,,,two_tangents_not_visible,,,,,,,0,0,0,0,0,0,1883.000000,,,,,,0,56.735015,5,529.831360,593.671482,,0,,,56.735015,,,0,0,0,0,
6.862770,1785223684.158873081,idle,0,0,-40,press_SPACE_to_start,59,59,38,21,4,0,0,0,0,0,0,36,2,1,0,5,0,,,,,,0,,,,,,,,two_tangents_not_visible,,,,,,,0,0,0,0,0,0,1886.500000,,,,,,0,,0,,,,0,,,,,,0,0,0,0,
6.951137,1785223684.158873081,idle,0,0,-40,press_SPACE_to_start,59,59,38,21,4,0,0,0,0,0,0,36,2,1,0,5,0,,,,,,0,,,,,,,,two_tangents_not_visible,,,,,,,0,0,0,0,0,0,1886.500000,,,,,,0,,0,,,,0,,,,,,0,0,0,0,
7.039596,1785223684.270479918,idle,0,0,-40,press_SPACE_to_start,63,63,40,23,3,0,0,0,0,0,0,37,2,1,0,5,0,,,,,,0,,,,,,,,two_tangents_not_visible,,,,,,,0,0,0,0,0,0,1894.250000,,,,,,0,55.237700,4,408.771133,1220.045686,,0,,,55.237700,,,0,0,0,0,
7.128020,1785223684.382799864,idle,0,0,-40,press_SPACE_to_start,63,63,41,22,4,0,0,0,0,0,0,38,2,1,0,5,0,,,,,,0,,,,,,,,two_tangents_not_visible,,,,,,,0,0,0,0,0,0,1879.750000,,,,,,0,,0,,,,0,,,,,,0,0,0,0,
7.220535,1785223684.493776798,idle,0,0,-40,press_SPACE_to_start,63,63,42,21,4,0,0,0,0,0,0,39,2,1,0,5,0,,,,,,0,,,,,,,,two_tangents_not_visible,,,,,,,0,0,0,0,0,0,1889.500000,,,,,,0,,0,,,,0,,,,,,0,0,0,0,
7.308121,1785223684.605383873,idle,0,0,-40,press_SPACE_to_start,64,64,41,23,4,0,0,0,0,0,0,40,2,1,0,5,0,,,,,,0,,,,,,,,two_tangents_not_visible,,,,,,,0,0,0,0,0,0,1886.000000,,,,,,0,54.335902,5,507.953963,212.763215,,0,,,54.335902,,,0,0,0,0,
7.396465,1785223684.605383873,idle,0,0,-40,press_SPACE_to_start,64,64,41,23,4,0,0,0,0,0,0,40,2,1,0,5,0,,,,,,0,,,,,,,,two_tangents_not_visible,,,,,,,0,0,0,0,0,0,1886.000000,,,,,,0,54.335902,5,507.953963,212.763215,,0,,,54.335902,,,0,0,0,0,
7.485447,1785223684.720010042,idle,0,0,-40,press_SPACE_to_start,64,64,42,22,4,0,0,0,0,0,0,41,2,1,0,5,0,,,,,,0,,,,,,,,two_tangents_not_visible,,,,,,,0,0,0,0,0,0,1884.000000,,,,,,0,,0,,,,0,,,,,,0,0,0,0,
7.572726,1785223684.830247879,idle,0,0,-40,press_SPACE_to_start,59,59,38,21,4,0,0,0,0,0,0,42,2,1,0,5,0,,,,,,0,,,,,,,,two_tangents_not_visible,,,,,,,0,0,0,0,0,0,1884.000000,,,,,,0,,0,,,,0,,,,,,0,0,0,0,
7.659899,1785223684.941660881,idle,0,0,-40,press_SPACE_to_start,63,63,42,21,4,0,0,0,0,0,0,43,2,1,0,5,0,,,,,,0,,,,,,,,two_tangents_not_visible,,,,,,,0,0,0,0,0,0,1881.750000,,,,,,0,,0,,,,0,,,,,,0,0,0,0,
7.752906,1785223684.941660881,idle,0,0,-40,press_SPACE_to_start,63,63,42,21,4,0,0,0,0,0,0,43,2,1,0,5,0,,,,,,0,,,,,,,,two_tangents_not_visible,,,,,,,0,0,0,0,0,0,1881.750000,,,,,,0,,0,,,,0,,,,,,0,0,0,0,
7.841061,1785223685.053014040,idle,0,0,-40,press_SPACE_to_start,62,62,40,22,5,0,0,0,0,0,0,44,2,1,0,5,0,,,,,,0,,,,,,,,two_tangents_not_visible,,,,,,,0,0,0,0,0,0,1878.750000,,,,,,0,,0,,,,0,,,,,,0,0,0,0,
7.929621,1785223685.164471149,idle,0,0,-40,press_SPACE_to_start,65,65,43,22,5,0,0,0,0,0,0,45,2,1,0,5,0,,,,,,0,,,,,,,,two_tangents_not_visible,,,,,,,0,0,0,0,0,0,1879.250000,,,,,,0,53.471405,7,564.776389,116.675582,,0,,,53.471405,,,0,0,0,0,
8.017768,1785223685.277860165,idle,0,0,-40,press_SPACE_to_start,62,62,43,19,4,0,0,0,0,0,0,46,2,1,0,5,0,,,,,,0,,,,,,,,two_tangents_not_visible,,,,,,,0,0,0,0,0,0,1882.500000,,,,,,0,52.196117,6,563.204830,103.095662,,0,,,52.196117,,,0,0,0,0,
8.106523,1785223685.387983084,idle,0,0,-40,press_SPACE_to_start,61,61,41,20,3,0,0,0,0,0,0,47,2,1,0,5,0,,,,,,0,,,,,,,,two_tangents_not_visible,,,,,,,0,0,0,0,0,0,1879.000000,,,,,,0,51.857914,6,561.728537,92.927947,,0,,,51.857914,,,0,0,0,0,
8.190973,1785223685.387983084,idle,0,0,-40,press_SPACE_to_start,61,61,41,20,3,0,0,0,0,0,0,47,2,1,0,5,0,,,,,,0,,,,,,,,two_tangents_not_visible,,,,,,,0,0,0,0,0,0,1879.000000,,,,,,0,51.857914,6,561.728537,92.927947,,0,,,51.857914,,,0,0,0,0,
8.283955,1785223685.499181032,idle,0,0,-40,press_SPACE_to_start,61,61,41,20,2,0,0,0,0,0,0,48,2,1,0,5,0,,,,,,0,,,,,,,,two_tangents_not_visible,,,,,,,0,0,0,0,0,0,1865.750000,,,,,,0,51.916143,6,560.174925,87.307767,,0,,,51.916143,,,0,0,0,0,
8.371237,1785223685.610023022,idle,0,0,-40,press_SPACE_to_start,60,60,37,23,1,0,0,0,0,0,0,49,2,1,0,5,0,,,,,,0,,,,,,,,two_tangents_not_visible,,,,,,,0,0,0,0,0,0,1873.750000,,,,,,0,56.483379,4,415.727272,2501.190565,,0,,,56.483379,,,0,0,0,0,
8.458676,1785223685.722407818,idle,0,0,-40,press_SPACE_to_start,57,57,35,22,4,0,0,0,0,0,0,50,2,1,0,5,0,,,,,,0,,,,,,,,two_tangents_not_visible,,,,,,,0,0,0,0,0,0,1860.750000,,,,,,0,,0,,,,0,,,,,,0,0,0,0,
8.547192,1785223685.832836151,idle,0,0,-40,press_SPACE_to_start,61,61,39,22,5,0,0,0,0,0,0,51,2,1,0,5,0,,,,,,0,,,,,,,,two_tangents_not_visible,,,,,,,0,0,0,0,0,0,1859.000000,,,,,,0,54.041989,4,445.423789,153.071784,,0,,,54.041989,,,0,0,0,0,
8.635106,1785223685.832836151,idle,0,0,-40,press_SPACE_to_start,61,61,39,22,5,0,0,0,0,0,0,51,2,1,0,5,0,,,,,,0,,,,,,,,two_tangents_not_visible,,,,,,,0,0,0,0,0,0,1859.000000,,,,,,0,54.041989,4,445.423789,153.071784,,0,,,54.041989,,,0,0,0,0,
8.723570,1785223685.943922997,idle,0,0,-40,press_SPACE_to_start,61,61,40,21,5,0,0,0,0,0,0,52,2,0,0,5,0,,,,,,0,,,,,,,,two_tangents_not_visible,,,,,,,0,0,0,0,0,0,1964.250000,,,,,,0,59.953138,5,486.982643,692.768742,,0,,,59.953138,,,0,0,0,0,
8.816413,1785223686.055813789,idle,0,0,-40,press_SPACE_to_start,60,60,39,21,5,0,0,0,0,0,0,53,2,1,0,5,0,,,,,,0,,,,,,,,two_tangents_not_visible,,,,,,,0,0,0,0,0,0,,,,,,,0,57.585639,5,522.398048,910.508040,,0,,,57.585639,,,0,0,0,0,
8.903667,1785223686.167268038,idle,0,0,-40,press_SPACE_to_start,64,64,43,21,4,0,0,0,0,0,0,54,2,1,0,5,0,,,,,,0,,,,,,,,two_tangents_not_visible,,,,,,,0,0,0,0,0,0,,,,,,,0,53.827017,7,563.058227,112.003950,,0,,,53.827017,,,0,0,0,0,
8.991945,1785223686.281554937,idle,0,0,-40,press_SPACE_to_start,62,62,41,21,3,0,0,0,0,0,0,55,2,1,0,5,0,,,,,,0,,,,,,,,two_tangents_not_visible,,,,,,,0,0,0,0,0,0,,,,,,,0,54.082275,7,565.594229,101.965664,,0,,,54.082275,,,0,0,0,0,
9.080052,1785223686.281554937,idle,0,0,-40,press_SPACE_to_start,62,62,41,21,3,0,0,0,0,0,0,55,2,1,0,5,0,,,,,,0,,,,,,,,two_tangents_not_visible,,,,,,,0,0,0,0,0,0,,,,,,,0,54.082275,7,565.594229,101.965664,,0,,,54.082275,,,0,0,0,0,
9.168000,1785223686.392659903,idle,0,0,-40,press_SPACE_to_start,57,57,37,20,2,0,0,0,0,0,0,56,2,0,0,5,0,,,,,,0,,,,,,,,two_tangents_not_visible,,,,,,,0,0,0,0,0,0,,,,,,,0,57.610008,5,526.973210,868.237113,,0,,,57.610008,,,0,0,0,0,
9.256044,1785223686.504284859,idle,0,0,-40,press_SPACE_to_start,57,57,37,20,2,0,0,0,0,0,0,57,2,0,0,5,0,,,,,,0,,,,,,,,two_tangents_not_visible,,,,,,,0,0,0,0,0,0,,,,,,,0,57.783636,6,526.357246,1245.267546,,0,,,57.783636,,,0,0,0,0,
9.347385,1785223686.615443945,idle,0,0,-40,press_SPACE_to_start,59,59,37,21,2,0,0,0,0,0,0,58,2,0,0,5,0,,,,,,0,,,,,,,,two_tangents_not_visible,,,,,,,0,0,0,0,0,0,,,,,,,0,57.898328,6,524.987228,1650.086642,,0,,,57.898328,,,0,0,0,0,
9.435017,1785223686.727245092,idle,0,0,-40,press_SPACE_to_start,59,59,39,20,2,0,0,0,0,0,0,59,2,1,0,5,0,,,,,,0,,,,,,,,two_tangents_not_visible,,,,,,,0,0,0,0,0,0,,,,,,,0,57.644995,5,521.780697,967.904528,,0,,,57.644995,,,0,0,0,0,
9.522526,1785223686.727245092,idle,0,0,-40,press_SPACE_to_start,59,59,39,20,2,0,0,0,0,0,0,59,2,1,0,5,0,,,,,,0,,,,,,,,two_tangents_not_visible,,,,,,,0,0,0,0,0,0,,,,,,,0,57.644995,5,521.780697,967.904528,,0,,,57.644995,,,0,0,0,0,
9.611067,1785223686.838199139,idle,0,0,-40,press_SPACE_to_start,62,62,41,21,2,0,0,0,0,0,0,60,2,1,0,5,0,,,,,,0,,,,,,,,two_tangents_not_visible,,,,,,,0,0,0,0,0,0,,,,,,,0,54.324229,7,561.543755,83.828649,,0,,,54.324229,,,0,0,0,0,
9.699467,1785223686.949956179,idle,0,0,-40,press_SPACE_to_start,67,67,44,23,4,0,0,0,0,0,0,61,2,1,0,5,0,,,,,,0,,,,,,,,two_tangents_not_visible,,,,,,,0,0,0,0,0,0,,,,,,,0,51.576901,6,557.132701,83.285229,,0,,,51.576901,,,0,0,0,0,
9.788617,1785223687.061392784,idle,0,0,-40,press_SPACE_to_start,62,62,38,24,3,0,0,0,0,0,0,62,2,1,0,5,0,,,,,,0,,,,,,,,two_tangents_not_visible,,,,,,,0,0,0,0,0,0,,,,,,,0,54.469418,5,512.342354,200.242216,,0,,,54.469418,,,0,0,0,0,
9.881529,1785223687.172530890,idle,0,0,-40,press_SPACE_to_start,61,61,37,24,3,0,0,0,0,0,0,63,2,0,0,5,0,,,,,,0,,,,,,,,two_tangents_not_visible,,,,,,,0,0,0,0,0,0,,,,,,,0,60.015146,6,492.139592,1898.513118,,0,,,60.015146,,,0,0,0,0,
9.969361,1785223687.172530890,idle,0,0,-40,press_SPACE_to_start,61,61,37,24,3,0,0,0,0,0,0,63,2,0,0,5,0,,,,,,0,,,,,,,,two_tangents_not_visible,,,,,,,0,0,0,0,0,0,,,,,,,0,60.015146,6,492.139592,1898.513118,,0,,,60.015146,,,0,0,0,0,
10.057313,1785223687.284220934,idle,0,0,-40,press_SPACE_to_start,63,63,39,24,2,0,0,0,0,0,0,64,2,1,0,5,0,,,,,,0,,,,,,,,two_tangents_not_visible,,,,,,,0,0,0,0,0,0,,,,,,,0,55.192279,6,574.173464,133.681139,,0,,,55.192279,,,0,0,0,0,
10.145883,1785223687.395332098,idle,0,0,-40,press_SPACE_to_start,60,60,39,21,2,0,0,0,0,0,0,65,2,1,0,5,0,,,,,,0,,,,,,,,two_tangents_not_visible,,,,,,,0,0,0,0,0,0,,,,,,,0,57.708036,6,526.192812,1500.212268,,0,,,57.708036,,,0,0,0,0,
10.234006,1785223687.506968021,idle,0,0,-40,press_SPACE_to_start,62,62,41,21,2,0,0,0,0,0,0,66,2,1,0,5,0,,,,,,0,,,,,,,,two_tangents_not_visible,,,,,,,0,0,0,0,0,0,,,,,,,0,54.324187,7,563.083889,76.733593,,0,,,54.324187,,,0,0,0,0,
10.322234,1785223687.618463039,idle,0,0,-40,press_SPACE_to_start,60,60,40,20,2,0,0,0,0,0,0,67,2,1,0,5,0,,,,,,0,,,,,,,,two_tangents_not_visible,,,,,,,0,0,0,0,0,0,,,,,,,0,,0,,,,0,,,,,,0,0,0,0,
10.414685,1785223687.618463039,idle,0,0,-40,press_SPACE_to_start,60,60,40,20,2,0,0,0,0,0,0,67,2,1,0,5,0,,,,,,0,,,,,,,,two_tangents_not_visible,,,,,,,0,0,0,0,0,0,,,,,,,0,,0,,,,0,,,,,,0,0,0,0,
10.502711,1785223687.732289076,idle,0,0,-40,press_SPACE_to_start,63,63,39,24,2,0,0,0,0,0,0,68,2,1,0,5,0,,,,,,0,,,,,,,,two_tangents_not_visible,,,,,,,0,0,0,0,0,0,,,,,,,0,55.766446,5,511.108795,151.170233,,0,,,55.766446,,,0,0,0,0,
10.589650,1785223687.843928099,idle,0,0,-40,press_SPACE_to_start,62,62,40,22,2,0,0,0,0,0,0,69,2,1,0,5,0,,,,,,0,,,,,,,,two_tangents_not_visible,,,,,,,0,0,0,0,0,0,,,,,,,0,55.937620,7,572.684722,119.781364,,0,,,55.937620,,,0,0,0,0,
10.677314,1785223687.955363035,idle,0,0,-40,press_SPACE_to_start,60,60,40,20,3,0,0,0,0,0,0,70,2,1,0,5,0,,,,,,0,,,,,,,,two_tangents_not_visible,,,,,,,0,0,0,0,0,0,,,,,,,0,,0,,,,0,,,,,,0,0,0,0,
10.765473,1785223687.955363035,idle,0,0,-40,press_SPACE_to_start,60,60,40,20,3,0,0,0,0,0,0,70,2,1,0,5,0,,,,,,0,,,,,,,,two_tangents_not_visible,,,,,,,0,0,0,0,0,0,,,,,,,0,,0,,,,0,,,,,,0,0,0,0,
10.846484,1785223688.066095114,search_first_car,50,-40,-40,paper_search_first_vehicle,61,61,35,26,1,0,0,0,0,0,0,1,0,1,0,1,0,,,,,,0,,,,,,,,two_tangents_not_visible,,,,,,,0,0,0,0,0,0,,,,,,,0,,0,,,,0,,,,,,0,0,0,0,
10.938548,1785223688.178205967,search_first_car,50,-40,-40,paper_search_first_vehicle,61,61,37,24,1,0,0,0,0,0,0,2,0,1,0,2,0,,,,,,0,,,,,,,,two_tangents_not_visible,,,,,,,0,0,0,0,0,0,,,,,,,0,59.756900,5,484.451903,2476.210513,,0,,,59.756900,,,0,0,0,0,
11.024813,1785223688.289734840,search_first_car,50,-40,-40,paper_search_first_vehicle,60,60,38,22,2,0,0,0,0,0,0,3,0,1,0,3,0,,,,,,0,,,,,,,,two_tangents_not_visible,,,,,,,0,0,0,0,0,0,,,,,,,0,57.197864,4,453.246784,605.253848,,0,,,57.197864,,,0,0,0,0,
11.111870,1785223688.400585890,search_first_car,50,-40,-40,paper_search_first_vehicle,67,67,42,25,3,0,0,0,0,0,0,4,0,1,0,4,0,,,,,,0,,,,,,,,two_tangents_not_visible,,,,,,,0,0,0,0,0,0,,,,,,,0,,0,,,,0,,,,,,0,0,0,0,
11.197450,1785223688.400585890,search_first_car,50,-40,-40,paper_search_first_vehicle,67,67,42,25,3,0,0,0,0,0,0,4,0,1,0,4,0,,,,,,0,,,,,,,,two_tangents_not_visible,,,,,,,0,0,0,0,0,0,,,,,,,0,,0,,,,0,,,,,,0,0,0,0,
11.286613,1785223688.512798071,search_first_car,50,-40,-40,paper_search_first_vehicle,57,57,36,21,3,0,0,0,0,0,0,5,0,1,0,5,0,,,,,,0,,,,,,,,two_tangents_not_visible,,,,,,,0,0,0,0,0,0,,,,,,,0,,0,,,,0,,,,,,0,0,0,0,
11.376577,1785223688.623814821,search_first_car,50,-40,-40,paper_search_first_vehicle,59,59,39,20,3,0,0,0,0,0,0,6,0,1,0,5,0,,,,,,0,,,,,,,,two_tangents_not_visible,,,,,,,0,0,0,0,0,0,,,,,,,0,,0,,,,0,,,,,,0,0,0,0,
11.469505,1785223688.738785982,search_first_car,50,-40,-40,paper_search_first_vehicle,58,58,35,23,3,0,0,0,0,0,0,7,0,1,0,5,0,,,,,,0,,,,,,,,two_tangents_not_visible,,,,,,,0,0,0,0,0,0,,,,,,,0,,0,,,,0,,,,,,0,0,0,0,
11.557548,1785223688.849581003,search_first_car,50,-40,-40,paper_search_first_vehicle,60,60,36,24,3,0,0,0,0,0,0,8,0,1,0,5,0,,,,,,0,,,,,,,,two_tangents_not_visible,,,,,,,0,0,0,0,0,0,,,,,,,0,,0,,,,0,,,,,,0,0,0,0,
11.645190,1785223688.849581003,search_first_car,50,-40,-40,paper_search_first_vehicle,60,60,36,24,3,0,0,0,0,0,0,8,0,1,0,5,0,,,,,,0,,,,,,,,two_tangents_not_visible,,,,,,,0,0,0,0,0,0,,,,,,,0,,0,,,,0,,,,,,0,0,0,0,
11.733751,1785223688.960778952,search_first_car,50,-40,-40,paper_search_first_vehicle,58,58,37,21,3,0,0,0,0,0,0,9,0,1,0,5,0,,,,,,0,,,,,,,,two_tangents_not_visible,,,,,,,0,0,0,0,0,0,,,,,,,0,,0,,,,0,,,,,,0,0,0,0,
11.821988,1785223689.072396994,search_first_car,50,-40,-40,paper_search_first_vehicle,62,62,39,23,3,0,0,0,0,0,0,10,0,0,0,5,0,,,,,,0,,,,,,,,two_tangents_not_visible,,,,,,,0,0,0,0,0,0,,,,,,,0,,0,,,,0,,,,,,0,0,0,0,
11.910107,1785223689.184193134,search_first_car,50,-40,-40,paper_search_first_vehicle,58,58,38,20,3,0,0,0,0,0,0,11,0,0,0,5,0,,,,,,0,,,,,,,,two_tangents_not_visible,,,,,,,0,0,0,0,0,0,,,,,,,0,,0,,,,0,,,,,,0,0,0,0,
12.001625,1785223689.294960976,search_first_car,50,-40,-40,paper_search_first_vehicle,59,59,39,20,3,0,0,0,0,0,0,12,0,0,0,5,0,,,,,,0,,,,,,,,two_tangents_not_visible,,,,,,,0,0,0,0,0,0,,,,,,,0,,0,,,,0,,,,,,0,0,0,0,
12.089633,1785223689.294960976,search_first_car,50,-40,-40,paper_search_first_vehicle,59,59,39,20,3,0,0,0,0,0,0,12,0,0,0,5,0,,,,,,0,,,,,,,,two_tangents_not_visible,,,,,,,0,0,0,0,0,0,,,,,,,0,,0,,,,0,,,,,,0,0,0,0,
12.177287,1785223689.406507015,search_first_car,50,-40,-40,paper_search_first_vehicle,58,58,34,24,3,0,0,0,0,0,0,13,0,0,0,5,0,,,,,,0,,,,,,,,two_tangents_not_visible,,,,,,,0,0,0,0,0,0,,,,,,,0,,0,,,,0,,,,,,0,0,0,0,
12.265869,1785223689.517357111,search_first_car,50,-40,-40,paper_search_first_vehicle,53,53,31,22,3,0,0,0,0,0,0,14,0,0,0,5,0,,,,,,0,,,,,,,,two_tangents_not_visible,,,,,,,0,0,0,0,0,0,,,,,,,0,,0,,,,0,,,,,,0,0,0,0,
12.353955,1785223689.632593870,search_first_car,50,-40,-40,paper_search_first_vehicle,55,55,34,21,4,0,0,0,0,0,0,15,0,0,0,5,0,,,,,,0,,,,,,,,two_tangents_not_visible,,,,,,,0,0,0,0,0,0,,,,,,,0,,0,,,,0,,,,,,0,0,0,0,
12.442629,1785223689.632593870,search_first_car,50,-40,-40,paper_search_first_vehicle,55,55,34,21,4,0,0,0,0,0,0,15,0,0,0,5,0,,,,,,0,,,,,,,,two_tangents_not_visible,,,,,,,0,0,0,0,0,0,,,,,,,0,,0,,,,0,,,,,,0,0,0,0,
12.534877,1785223689.743572950,search_first_car,50,-40,-40,paper_search_first_vehicle,56,56,34,22,3,0,0,0,0,0,0,16,0,0,0,5,0,,,,,,0,,,,,,,,two_tangents_not_visible,,,,,,,0,0,0,0,0,0,,,,,,,0,,0,,,,0,,,,,,0,0,0,0,
12.622670,1785223689.855614901,search_first_car,50,-40,-40,paper_search_first_vehicle,56,56,31,25,4,0,0,0,0,0,0,17,0,0,0,5,0,,,,,,0,,,,,,,,two_tangents_not_visible,,,,,,,0,0,0,0,0,0,,,,,,,0,,0,,,,0,,,,,,0,0,0,0,
12.708916,1785223689.965808153,search_first_car,50,-40,-40,paper_search_first_vehicle,50,50,29,21,3,0,0,0,0,0,0,18,0,0,0,5,0,,,,,,0,,,,,,,,two_tangents_not_visible,,,,,,,0,0,0,0,0,0,,,,,,,0,,0,,,,0,,,,,,0,0,0,0,
12.795551,1785223690.078190088,search_first_car,50,-40,-40,paper_search_first_vehicle,50,50,27,23,3,0,0,0,0,0,0,19,0,0,0,5,0,,,,,,0,,,,,,,,two_tangents_not_visible,,,,,,,0,0,0,0,0,0,,,,,,,0,,0,,,,0,,,,,,0,0,0,0,
12.883925,1785223690.078190088,search_first_car,50,-40,-40,paper_search_first_vehicle,50,50,27,23,3,0,0,0,0,0,0,19,0,0,0,5,0,,,,,,0,,,,,,,,two_tangents_not_visible,,,,,,,0,0,0,0,0,0,,,,,,,0,,0,,,,0,,,,,,0,0,0,0,
12.972374,1785223690.189393997,search_first_car,50,-40,-40,paper_search_first_vehicle,50,50,28,22,3,0,0,0,0,0,0,20,0,0,0,5,0,,,,,,0,,,,,,,,two_tangents_not_visible,,,,,,,0,0,0,0,0,0,,,,,,,0,,0,,,,0,,,,,,0,0,0,0,
13.064302,1785223690.300857067,search_first_car,50,-40,-40,paper_search_first_vehicle,46,46,27,19,4,0,0,0,0,0,0,21,0,0,0,5,0,,,,,,0,,,,,,,,two_tangents_not_visible,,,,,,,0,0,0,0,0,0,,,,,,,0,,0,,,,0,,,,,,0,0,0,0,
13.151652,1785223690.412446976,search_first_car,50,-40,-40,paper_search_first_vehicle,47,47,25,22,2,0,0,0,0,0,0,22,0,0,0,5,0,,,,,,0,,,,,,,,two_tangents_not_visible,,,,,,,0,0,0,0,0,0,,,,,,,0,,0,,,,0,,,,,,0,0,0,0,
13.238658,1785223690.523126125,search_first_car,50,-40,-40,paper_search_first_vehicle,49,49,26,23,2,0,0,0,0,0,0,23,0,0,0,5,0,,,,,,0,,,,,,,,two_tangents_not_visible,,,,,,,0,0,0,0,0,0,,,,,,,0,,0,,,,0,,,,,,0,0,0,0,
13.326869,1785223690.523126125,search_first_car,50,-40,-40,paper_search_first_vehicle,49,49,26,23,2,0,0,0,0,0,0,23,0,0,0,5,0,,,,,,0,,,,,,,,two_tangents_not_visible,,,,,,,0,0,0,0,0,0,,,,,,,0,,0,,,,0,,,,,,0,0,0,0,
13.415197,1785223690.635015011,search_first_car,50,-40,-40,paper_search_first_vehicle,50,50,29,21,2,0,0,0,0,0,0,24,0,0,0,5,0,,,,,,0,,,,,,,,two_tangents_not_visible,,,,,,,0,0,0,0,0,0,,,,,,,0,,0,,,,0,,,,,,0,0,0,0,
13.503609,1785223690.748872995,search_first_car,50,-40,-40,paper_search_first_vehicle,52,52,29,23,3,0,0,0,0,0,0,25,0,0,0,5,0,,,,,,0,,,,,,,,two_tangents_not_visible,,,,,,,0,0,0,0,0,0,,,,,,,0,,0,,,,0,,,,,,0,0,0,0,
13.595278,1785223690.860845089,search_first_car,50,-40,-40,paper_search_first_vehicle,45,45,23,22,3,0,0,0,0,0,0,26,0,0,0,5,0,,,,,,0,,,,,,,,two_tangents_not_visible,,,,,,,0,0,0,0,0,0,,,,,,,0,,0,,,,0,,,,,,0,0,0,0,
13.681381,1785223690.972119093,search_first_car,50,-40,-40,paper_search_first_vehicle,52,52,29,23,3,0,0,0,0,0,0,27,0,0,0,5,0,,,,,,0,,,,,,,,two_tangents_not_visible,,,,,,,0,0,0,0,0,0,,,,,,,0,,0,,,,0,,,,,,0,0,0,0,
13.769619,1785223690.972119093,search_first_car,50,-40,-40,paper_search_first_vehicle,52,52,29,23,3,0,0,0,0,0,0,27,0,0,0,5,0,,,,,,0,,,,,,,,two_tangents_not_visible,,,,,,,0,0,0,0,0,0,,,,,,,0,,0,,,,0,,,,,,0,0,0,0,
13.857466,1785223691.083811998,search_first_car,50,-40,-40,paper_search_first_vehicle,46,46,25,21,3,0,0,0,0,0,0,28,0,0,0,5,0,,,,,,0,,,,,,,,two_tangents_not_visible,,,,,,,0,0,0,0,0,0,,,,,,,0,,0,,,,0,,,,,,0,0,0,0,
13.945649,1785223691.195160151,search_first_car,50,-40,-40,paper_search_first_vehicle,47,47,25,22,2,0,0,0,0,0,0,29,0,0,0,5,0,,,,,,0,,,,,,,,two_tangents_not_visible,,,,,,,0,0,0,0,0,0,,,,,,,0,,0,,,,0,,,,,,0,0,0,0,
14.033597,1785223691.306346893,search_first_car,50,-40,-40,paper_search_first_vehicle,45,45,24,21,2,0,0,0,0,0,0,30,0,0,0,5,0,,,,,,0,,,,,,,,two_tangents_not_visible,,,,,,,0,0,0,0,0,0,,,,,,,0,,0,,,,0,,,,,,0,0,0,0,
14.126168,1785223691.417884827,search_first_car,50,-40,-40,paper_search_first_vehicle,47,47,27,20,2,0,0,0,0,0,0,31,0,0,0,5,0,,,,,,0,,,,,,,,two_tangents_not_visible,,,,,,,0,0,0,0,0,0,,,,,,,0,,0,,,,0,,,,,,0,0,0,0,
14.210982,1785223691.417884827,search_first_car,50,-40,-40,paper_search_first_vehicle,47,47,27,20,2,0,0,0,0,0,0,31,0,0,0,5,0,,,,,,0,,,,,,,,two_tangents_not_visible,,,,,,,0,0,0,0,0,0,,,,,,,0,,0,,,,0,,,,,,0,0,0,0,
14.300236,1785223691.528836012,search_first_car,50,-40,-40,paper_search_first_vehicle,54,54,33,21,3,0,0,0,0,0,0,32,0,0,0,5,0,,,,,,0,,,,,,,,two_tangents_not_visible,,,,,,,0,0,0,0,0,0,,,,,,,0,,0,,,,0,,,,,,0,0,0,0,
14.389049,1785223691.640155792,search_first_car,50,-40,-40,paper_search_first_vehicle,54,54,31,23,2,0,0,0,0,0,0,33,0,0,0,5,0,,,,,,0,,,,,,,,two_tangents_not_visible,,,,,,,0,0,0,0,0,0,,,,,,,0,,0,,,,0,,,,,,0,0,0,0,
14.477435,1785223691.751394987,search_first_car,50,-40,-40,paper_search_first_vehicle,48,48,26,22,2,0,0,0,0,0,0,34,0,0,0,5,0,,,,,,0,,,,,,,,two_tangents_not_visible,,,,,,,0,0,0,0,0,0,,,,,,,0,,0,,,,0,,,,,,0,0,0,0,
14.565085,1785223691.751394987,search_first_car,50,-40,-40,paper_search_first_vehicle,48,48,26,22,2,0,0,0,0,0,0,34,0,0,0,5,0,,,,,,0,,,,,,,,two_tangents_not_visible,,,,,,,0,0,0,0,0,0,,,,,,,0,,0,,,,0,,,,,,0,0,0,0,
14.658195,1785223691.866394043,search_first_car,50,-40,-40,paper_search_first_vehicle,44,44,25,19,3,0,0,0,0,0,0,35,0,0,0,5,0,,,,,,0,,,,,,,,two_tangents_not_visible,,,,,,,0,0,0,0,0,0,,,,,,,0,,0,,,,0,,,,,,0,0,0,0,
14.745577,1785223691.977451086,search_first_car,50,-40,-40,paper_search_first_vehicle,48,48,23,25,3,0,0,0,0,0,0,36,0,0,0,5,0,,,,,,0,,,,,,,,two_tangents_not_visible,,,,,,,0,0,0,0,0,0,,,,,,,0,,0,,,,0,,,,,,0,0,0,0,
14.833189,1785223692.088320971,search_first_car,50,-40,-40,paper_search_first_vehicle,47,47,23,24,2,0,0,0,0,0,0,37,0,0,0,5,0,,,,,,0,,,,,,,,two_tangents_not_visible,,,,,,,0,0,0,0,0,0,,,,,,,0,,0,,,,0,,,,,,0,0,0,0,
14.920855,1785223692.200199842,search_first_car,50,-40,-40,paper_search_first_vehicle,40,40,22,18,2,0,0,0,0,0,0,38,0,0,0,5,0,,,,,,0,,,,,,,,two_tangents_not_visible,,,,,,,0,0,0,0,0,0,,,,,,,0,,0,,,,0,,,,,,0,0,0,0,
15.009094,1785223692.200199842,search_first_car,50,-40,-40,paper_search_first_vehicle,40,40,22,18,2,0,0,0,0,0,0,38,0,0,0,5,0,,,,,,0,,,,,,,,two_tangents_not_visible,,,,,,,0,0,0,0,0,0,,,,,,,0,,0,,,,0,,,,,,0,0,0,0,
15.097510,1785223692.312419176,search_first_car,50,-40,-40,paper_search_first_vehicle,44,44,22,22,3,0,0,0,0,0,0,39,0,0,0,5,0,,,,,,0,,,,,,,,two_tangents_not_visible,,,,,,,0,0,0,0,0,0,,,,,,,0,,0,,,,0,,,,,,0,0,0,0,
15.190298,1785223692.422502995,search_first_car,50,-40,-40,paper_search_first_vehicle,44,44,23,21,4,0,0,0,0,0,0,40,0,0,0,5,0,,,,,,0,,,,,,,,two_tangents_not_visible,,,,,,,0,0,0,0,0,0,,,,,,,0,,0,,,,0,,,,,,0,0,0,0,
15.277202,1785223692.533701181,search_first_car,50,-40,-40,paper_search_first_vehicle,39,39,17,22,2,0,0,0,0,0,0,41,0,0,0,5,0,,,,,,0,,,,,,,,two_tangents_not_visible,,,,,,,0,0,0,0,0,0,,,,,,,0,,0,,,,0,,,,,,0,0,0,0,
15.364788,1785223692.645337105,search_first_car,50,-40,-40,paper_search_first_vehicle,45,45,22,23,2,1,0,0,0,0,0,42,0,0,0,5,1,-58.484375,-40.718750,-49.601562,2850.500000,2283.500000,0,,,,,,,,two_tangents_not_visible,,,,,,,0,0,0,0,0,0,,,,,,,0,,0,,,,0,,,,,,0,0,0,0,
15.453967,1785223692.645337105,search_first_car,50,-40,-40,paper_search_first_vehicle,45,45,22,23,2,1,0,0,0,0,0,42,0,0,0,5,1,-58.484375,-40.718750,-49.601562,2850.500000,2283.500000,0,,,,,,,,two_tangents_not_visible,,,,,,,0,0,0,0,0,0,,,,,,,0,,0,,,,0,,,,,,0,0,0,0,
15.504862,1785223692.757919073,search_first_car,50,-40,-40,paper_search_first_vehicle,41,41,17,24,3,0,0,0,0,0,0,43,0,0,0,5,0,,,,,,0,,,,,,,,two_tangents_not_visible,,,,,,,0,0,0,0,0,0,,,,,,,0,,0,,,,0,,,,,,0,0,0,0,
15.590298,1785223692.871340990,search_first_car,50,-40,-40,paper_search_first_vehicle,35,35,18,17,3,0,0,0,0,0,0,44,0,0,0,5,0,,,,,,0,,,,,,,,two_tangents_not_visible,,,,,,,0,0,0,0,0,0,,,,,,,0,,0,,,,0,,,,,,0,0,0,0,
15.680142,1785223692.871340990,search_first_car,50,-40,-40,paper_search_first_vehicle,35,35,18,17,3,0,0,0,0,0,0,44,0,0,0,5,0,,,,,,0,,,,,,,,two_tangents_not_visible,,,,,,,0,0,0,0,0,0,,,,,,,0,,0,,,,0,,,,,,0,0,0,0,
15.766613,1785223692.983382940,search_first_car,50,-40,-40,paper_search_first_vehicle,39,39,18,21,4,0,0,0,0,0,0,45,0,0,0,5,0,,,,,,0,,,,,,,,two_tangents_not_visible,,,,,,,0,0,0,0,0,0,,,,,,,0,,0,,,,0,,,,,,0,0,0,0,
15.853330,1785223693.094683886,search_first_car,50,-40,-40,paper_search_first_vehicle,38,38,16,22,5,0,0,0,0,0,0,46,0,0,0,5,0,,,,,,0,,,,,,,,two_tangents_not_visible,,,,,,,0,0,0,0,0,0,,,,,,,0,,0,,,,0,,,,,,0,0,0,0,
15.939359,1785223693.205733776,search_first_car,50,-40,-40,paper_search_first_vehicle,36,36,17,19,4,0,0,0,0,0,0,47,0,0,0,5,0,,,,,,0,,,,,,,,two_tangents_not_visible,,,,,,,0,0,0,0,0,0,,,,,,,0,,0,,,,0,,,,,,0,0,0,0,
16.026879,1785223693.317645073,search_first_car,50,-40,-40,paper_search_first_vehicle,39,39,21,18,4,0,0,0,0,0,0,48,0,0,0,5,0,,,,,,0,,,,,,,,two_tangents_not_visible,,,,,,,0,0,0,0,0,0,,,,,,,0,,0,,,,0,,,,,,0,0,0,0,
16.115118,1785223693.317645073,search_first_car,50,-40,-40,paper_search_first_vehicle,39,39,21,18,4,0,0,0,0,0,0,48,0,0,0,5,0,,,,,,0,,,,,,,,two_tangents_not_visible,,,,,,,0,0,0,0,0,0,,,,,,,0,,0,,,,0,,,,,,0,0,0,0,
16.208068,1785223693.428416967,search_first_car,50,-40,-40,paper_search_first_vehicle,37,37,18,19,4,0,0,0,0,0,0,49,0,0,0,5,0,,,,,,0,,,,,,,,two_tangents_not_visible,,,,,,,0,0,0,0,0,0,,,,,,,0,,0,,,,0,,,,,,0,0,0,0,
16.295977,1785223693.540406942,search_first_car,50,-40,-40,paper_search_first_vehicle,39,39,20,19,4,0,0,0,0,0,0,50,0,0,0,5,0,,,,,,0,,,,,,,,two_tangents_not_visible,,,,,,,0,0,0,0,0,0,,,,,,,0,,0,,,,0,,,,,,0,0,0,0,
16.383452,1785223693.651135921,search_first_car,50,-40,-40,paper_search_first_vehicle,42,42,21,21,3,0,0,0,0,0,0,51,0,0,0,5,0,,,,,,0,,,,,,,,two_tangents_not_visible,,,,,,,0,0,0,0,0,0,,,,,,,0,,0,,,,0,,,,,,0,0,0,0,
16.472048,1785223693.765329838,search_first_car,50,-40,-40,paper_search_first_vehicle,36,36,16,20,3,0,0,0,0,0,0,52,0,0,0,5,0,,,,,,0,,,,,,,,two_tangents_not_visible,,,,,,,0,0,0,0,0,0,,,,,,,0,,0,,,,0,,,,,,0,0,0,0,
16.559892,1785223693.765329838,search_first_car,50,-40,-40,paper_search_first_vehicle,36,36,16,20,3,0,0,0,0,0,0,52,0,0,0,5,0,,,,,,0,,,,,,,,two_tangents_not_visible,,,,,,,0,0,0,0,0,0,,,,,,,0,,0,,,,0,,,,,,0,0,0,0,
16.648343,1785223693.876966953,search_first_car,50,-40,-40,paper_search_first_vehicle,40,40,19,20,4,0,0,0,0,0,0,53,0,0,0,5,0,,,,,,0,,,,,,,,two_tangents_not_visible,,,,,,,0,0,0,0,0,0,,,,,,,0,,0,,,,0,,,,,,0,0,0,0,
16.741374,1785223693.988384962,search_first_car,50,-40,-40,paper_search_first_vehicle,37,37,16,21,4,0,0,0,0,0,0,54,0,0,0,5,0,,,,,,0,,,,,,,,two_tangents_not_visible,,,,,,,0,0,0,0,0,0,,,,,,,0,,0,,,,0,,,,,,0,0,0,0,
16.828804,1785223694.099283934,search_first_car,50,-40,-40,paper_search_first_vehicle,37,37,17,20,4,0,0,0,0,0,0,55,0,0,0,5,0,,,,,,0,,,,,,,,two_tangents_not_visible,,,,,,,0,0,0,0,0,0,,,,,,,0,,0,,,,0,,,,,,0,0,0,0,
16.916565,1785223694.211160183,search_first_car,50,-40,-40,paper_search_first_vehicle,31,31,10,21,4,0,0,0,0,0,0,56,0,0,0,5,0,,,,,,0,,,,,,,,two_tangents_not_visible,,,,,,,0,0,0,0,0,0,,,,,,,0,,0,,,,0,,,,,,0,0,0,0,
17.004246,1785223694.211160183,search_first_car,50,-40,-40,paper_search_first_vehicle,31,31,10,21,4,0,0,0,0,0,0,56,0,0,0,5,0,,,,,,0,,,,,,,,two_tangents_not_visible,,,,,,,0,0,0,0,0,0,,,,,,,0,,0,,,,0,,,,,,0,0,0,0,
17.092586,1785223694.322314024,search_first_car,50,-40,-40,paper_search_first_vehicle,30,30,9,21,4,0,0,0,0,0,0,57,0,0,0,5,0,,,,,,0,,,,,,,,two_tangents_not_visible,,,,,,,0,0,0,0,0,0,,,,,,,0,,0,,,,0,,,,,,0,0,0,0,
17.180490,1785223694.433702946,search_first_car,50,-40,-40,paper_search_first_vehicle,30,30,9,21,3,0,0,0,0,0,0,58,0,0,0,5,0,,,,,,0,,,,,,,,two_tangents_not_visible,,,,,,,0,0,0,0,0,0,,,,,,,0,,0,,,,0,,,,,,0,0,0,0,
17.271277,1785223694.548261881,search_first_car,50,-40,-40,paper_search_first_vehicle,26,26,10,16,3,0,0,0,0,0,0,59,0,0,0,5,0,,,,,,0,,,,,,,,two_tangents_not_visible,,,,,,,0,0,0,0,0,0,,,,,,,0,,0,,,,0,,,,,,0,0,0,0,
17.358907,1785223694.548261881,search_first_car,50,-40,-40,paper_search_first_vehicle,26,26,10,16,3,0,0,0,0,0,0,59,0,0,0,5,0,,,,,,0,,,,,,,,two_tangents_not_visible,,,,,,,0,0,0,0,0,0,,,,,,,0,,0,,,,0,,,,,,0,0,0,0,
17.446491,1785223694.659859896,search_first_car,50,-40,-40,paper_search_first_vehicle,29,29,8,21,2,0,0,0,0,0,0,60,0,0,0,5,0,,,,,,0,,,,,,,,two_tangents_not_visible,,,,,,,0,0,0,0,0,0,,,,,,,0,,0,,,,0,,,,,,0,0,0,0,
17.534494,1785223694.770787001,search_first_car,50,-40,-40,paper_search_first_vehicle,27,27,10,17,3,0,0,0,0,0,0,61,0,0,0,5,0,,,,,,0,,,,,,,,two_tangents_not_visible,,,,,,,0,0,0,0,0,0,,,,,,,0,,0,,,,0,,,,,,0,0,0,0,
17.622455,1785223694.882394075,search_first_car,50,-40,-40,paper_search_first_vehicle,23,23,8,15,3,0,0,0,0,0,0,62,0,0,0,5,0,,,,,,0,,,,,,,,two_tangents_not_visible,,,,,,,0,0,0,0,0,0,,,,,,,0,,0,,,,0,,,,,,0,0,0,0,
17.710310,1785223694.993783951,search_first_car,50,-40,-40,paper_search_first_vehicle,22,22,5,17,3,0,0,0,0,0,0,63,0,0,0,5,0,,,,,,0,,,,,,,,two_tangents_not_visible,,,,,,,0,0,0,0,0,0,,,,,,,0,,0,,,,0,,,,,,0,0,0,0,
17.802814,1785223694.993783951,search_first_car,50,-40,-40,paper_search_first_vehicle,22,22,5,17,3,0,0,0,0,0,0,63,0,0,0,5,0,,,,,,0,,,,,,,,two_tangents_not_visible,,,,,,,0,0,0,0,0,0,,,,,,,0,,0,,,,0,,,,,,0,0,0,0,
17.889650,1785223695.104722023,search_first_car,50,-40,-40,paper_search_first_vehicle,31,31,12,19,3,0,0,0,0,0,0,64,0,0,0,5,0,,,,,,0,,,,,,,,two_tangents_not_visible,,,,,,,0,0,0,0,0,0,,,,,,,0,,0,,,,0,,,,,,0,0,0,0,
17.975634,1785223695.217284203,search_first_car,50,-40,-40,paper_search_first_vehicle,27,27,11,16,3,0,0,0,0,0,0,65,0,0,0,5,0,,,,,,0,,,,,,,,two_tangents_not_visible,,,,,,,0,0,0,0,0,0,,,,,,,0,,0,,,,0,,,,,,0,0,0,0,
18.063315,1785223695.328428030,search_first_car,50,-40,-40,paper_search_first_vehicle,26,26,10,16,3,0,0,0,0,0,0,66,0,0,0,5,0,,,,,,0,,,,,,,,two_tangents_not_visible,,,,,,,0,0,0,0,0,0,,,,,,,0,,0,,,,0,,,,,,0,0,0,0,
18.150811,1785223695.439074039,search_first_car,50,-40,-40,paper_search_first_vehicle,25,25,10,15,3,0,0,0,0,0,0,67,0,0,0,5,0,,,,,,0,,,,,,,,two_tangents_not_visible,,,,,,,0,0,0,0,0,0,,,,,,,0,,0,,,,0,,,,,,0,0,0,0,
18.238876,1785223695.439074039,search_first_car,50,-40,-40,paper_search_first_vehicle,25,25,10,15,3,0,0,0,0,0,0,67,0,0,0,5,0,,,,,,0,,,,,,,,two_tangents_not_visible,,,,,,,0,0,0,0,0,0,,,,,,,0,,0,,,,0,,,,,,0,0,0,0,
18.331625,1785223695.550550938,search_first_car,50,-40,-40,paper_search_first_vehicle,27,27,11,16,3,0,0,0,0,0,0,68,0,0,0,5,0,,,,,,0,,,,,,,,two_tangents_not_visible,,,,,,,0,0,0,0,0,0,,,,,,,0,,0,,,,0,,,,,,0,0,0,0,
18.418827,1785223695.665330887,search_first_car,50,-40,-40,paper_search_first_vehicle,30,30,10,20,2,0,0,0,0,0,0,69,0,0,0,5,0,,,,,,0,,,,,,,,two_tangents_not_visible,,,,,,,0,0,0,0,0,0,,,,,,,0,,0,,,,0,,,,,,0,0,0,0,
18.504841,1785223695.776341915,search_first_car,50,-40,-40,paper_search_first_vehicle,30,30,12,18,2,0,0,0,0,0,0,70,0,0,0,5,0,,,,,,0,,,,,,,,two_tangents_not_visible,,,,,,,0,0,0,0,0,0,,,,,,,0,,0,,,,0,,,,,,0,0,0,0,
18.592059,1785223695.888388157,search_first_car,50,-40,-40,paper_search_first_vehicle,27,27,10,17,2,0,0,0,0,0,0,71,0,0,0,5,0,,,,,,0,,,,,,,,two_tangents_not_visible,,,,,,,0,0,0,0,0,0,,,,,,,0,,0,,,,0,,,,,,0,0,0,0,
18.679985,1785223695.888388157,search_first_car,50,-40,-40,paper_search_first_vehicle,27,27,10,17,2,0,0,0,0,0,0,71,0,0,0,5,0,,,,,,0,,,,,,,,two_tangents_not_visible,,,,,,,0,0,0,0,0,0,,,,,,,0,,0,,,,0,,,,,,0,0,0,0,
18.767855,1785223695.999115944,search_first_car,50,-40,-40,paper_search_first_vehicle,21,21,7,14,2,0,0,0,0,0,0,72,0,0,0,5,0,,,,,,0,,,,,,,,two_tangents_not_visible,,,,,,,0,0,0,0,0,0,,,,,,,0,,0,,,,0,,,,,,0,0,0,0,
18.859762,1785223696.110399008,search_first_car,50,-40,-40,paper_search_first_vehicle,23,23,9,14,2,0,0,0,0,0,0,73,0,0,0,5,0,,,,,,0,,,,,,,,two_tangents_not_visible,,,,,,,0,0,0,0,0,0,,,,,,,0,,0,,,,0,,,,,,0,0,0,0,
18.946258,1785223696.221874952,search_first_car,50,-40,-40,paper_search_first_vehicle,19,19,5,14,2,0,0,0,0,0,0,74,0,0,0,5,0,,,,,,0,,,,,,,,two_tangents_not_visible,,,,,,,0,0,0,0,0,0,,,,,,,0,,0,,,,0,,,,,,0,0,0,0,
19.033580,1785223696.221874952,search_first_car,50,-40,-40,paper_search_first_vehicle,19,19,5,14,2,0,0,0,0,0,0,74,0,0,0,5,0,,,,,,0,,,,,,,,two_tangents_not_visible,,,,,,,0,0,0,0,0,0,,,,,,,0,,0,,,,0,,,,,,0,0,0,0,
19.121253,1785223696.333632946,search_first_car,50,-40,-40,paper_search_first_vehicle,25,25,9,16,2,0,0,0,0,0,0,75,0,0,0,5,0,,,,,,0,,,,,,,,two_tangents_not_visible,,,,,,,0,0,0,0,0,0,,,,,,,0,,0,,,,0,,,,,,0,0,0,0,
19.208435,1785223696.444437027,search_first_car,50,-40,-40,paper_search_first_vehicle,26,26,7,19,2,0,0,0,0,0,0,76,0,0,0,5,0,,,,,,0,,,,,,,,two_tangents_not_visible,,,,,,,0,0,0,0,0,0,,,,,,,0,,0,,,,0,,,,,,0,0,0,0,
19.297184,1785223696.556722879,search_first_car,50,-40,-40,paper_search_first_vehicle,19,19,6,13,2,0,0,0,0,0,0,77,0,0,0,5,0,,,,,,0,,,,,,,,two_tangents_not_visible,,,,,,,0,0,0,0,0,0,,,,,,,0,,0,,,,0,,,,,,0,0,0,0,
19.389639,1785223696.667224169,search_first_car,50,-40,-40,paper_search_first_vehicle,25,25,7,18,2,0,0,0,0,0,0,78,0,0,0,5,0,,,,,,0,,,,,,,,two_tangents_not_visible,,,,,,,0,0,0,0,0,0,,,,,,,0,,0,,,,0,,,,,,0,0,0,0,
19.477199,1785223696.667224169,search_first_car,50,-40,-40,paper_search_first_vehicle,25,25,7,18,2,0,0,0,0,0,0,78,0,0,0,5,0,,,,,,0,,,,,,,,two_tangents_not_visible,,,,,,,0,0,0,0,0,0,,,,,,,0,,0,,,,0,,,,,,0,0,0,0,
19.564330,1785223696.781637192,search_first_car,50,-40,-40,paper_search_first_vehicle,23,23,6,17,2,0,0,0,0,0,0,79,0,0,0,5,0,,,,,,0,,,,,,,,two_tangents_not_visible,,,,,,,0,0,0,0,0,0,,,,,,,0,,0,,,,0,,,,,,0,0,0,0,
19.653185,1785223696.893922091,search_first_car,50,-40,-40,paper_search_first_vehicle,24,24,9,15,2,1,0,0,0,0,0,80,0,0,0,5,1,-57.812500,-42.437500,-50.125000,3052.750000,2362.500000,0,,,,,,,,two_tangents_not_visible,,,,,,,0,0,0,0,0,0,,,,,,,0,,0,,,,0,,,,,,0,0,0,0,
19.741904,1785223697.005074978,search_first_car,50,-40,-40,paper_search_first_vehicle,26,26,9,17,2,0,0,0,0,0,0,81,0,0,0,5,0,,,,,,0,,,,,,,,two_tangents_not_visible,,,,,,,0,0,0,0,0,0,,,,,,,0,,0,,,,0,,,,,,0,0,0,0,
19.830441,1785223697.116701841,search_first_car,50,-40,-40,paper_search_first_vehicle,26,26,8,18,2,0,0,0,0,0,0,82,0,0,0,5,0,,,,,,0,,,,,,,,two_tangents_not_visible,,,,,,,0,0,0,0,0,0,,,,,,,0,,0,,,,0,,,,,,0,0,0,0,
19.924109,1785223697.116701841,search_first_car,50,-40,-40,paper_search_first_vehicle,26,26,8,18,2,0,0,0,0,0,0,82,0,0,0,5,0,,,,,,0,,,,,,,,two_tangents_not_visible,,,,,,,0,0,0,0,0,0,,,,,,,0,,0,,,,0,,,,,,0,0,0,0,
20.010976,1785223697.227994204,search_first_car,50,-40,-40,paper_search_first_vehicle,21,21,5,16,2,0,0,0,0,0,0,83,0,0,0,5,0,,,,,,0,,,,,,,,two_tangents_not_visible,,,,,,,0,0,0,0,0,0,,,,,,,0,,0,,,,0,,,,,,0,0,0,0,
20.098115,1785223697.339102030,search_first_car,50,-40,-40,paper_search_first_vehicle,22,22,7,15,2,0,0,0,0,0,0,84,0,0,0,5,0,,,,,,0,,,,,,,,two_tangents_not_visible,,,,,,,0,0,0,0,0,0,,,,,,,0,,0,,,,0,,,,,,0,0,0,0,
20.184862,1785223697.450439930,search_first_car,50,-40,-40,paper_search_first_vehicle,23,23,6,17,2,0,0,0,0,0,0,85,0,0,0,5,0,,,,,,0,,,,,,,,two_tangents_not_visible,,,,,,,0,0,0,0,0,0,,,,,,,0,,0,,,,0,,,,,,0,0,0,0,
20.270633,1785223697.561452150,search_first_car,50,-40,-40,paper_search_first_vehicle,21,21,8,13,2,0,0,0,0,0,0,86,0,0,0,5,0,,,,,,0,,,,,,,,two_tangents_not_visible,,,,,,,0,0,0,0,0,0,,,,,,,0,,0,,,,0,,,,,,0,0,0,0,
20.359582,1785223697.561452150,search_first_car,50,-40,-40,paper_search_first_vehicle,21,21,8,13,2,0,0,0,0,0,0,86,0,0,0,5,0,,,,,,0,,,,,,,,two_tangents_not_visible,,,,,,,0,0,0,0,0,0,,,,,,,0,,0,,,,0,,,,,,0,0,0,0,
20.452545,1785223697.673053980,search_first_car,50,-40,-40,paper_search_first_vehicle,19,19,4,15,2,0,0,0,0,0,0,87,0,0,0,5,0,,,,,,0,,,,,,,,two_tangents_not_visible,,,,,,,0,0,0,0,0,0,,,,,,,0,,0,,,,0,,,,,,0,0,0,0,
20.540114,1785223697.787446022,search_first_car,50,-40,-40,paper_search_first_vehicle,25,25,9,16,2,0,0,0,0,0,0,88,0,0,0,5,0,,,,,,0,,,,,,,,two_tangents_not_visible,,,,,,,0,0,0,0,0,0,,,,,,,0,,0,,,,0,,,,,,0,0,0,0,
20.626634,1785223697.899386168,search_first_car,50,-40,-40,paper_search_first_vehicle,29,29,15,14,3,0,0,0,0,0,0,89,0,0,0,5,0,,,,,,0,,,,,,,,two_tangents_not_visible,,,,,,,0,0,0,0,0,0,,,,,,,0,,0,,,,0,,,,,,0,0,0,0,
20.714381,1785223698.011040926,search_first_car,50,-40,-40,paper_search_first_vehicle,25,25,12,13,2,0,0,0,0,0,0,90,0,0,0,5,0,,,,,,0,,,,,,,,two_tangents_not_visible,,,,,,,0,0,0,0,0,0,,,,,,,0,,0,,,,0,,,,,,0,0,0,0,
20.802388,1785223698.011040926,search_first_car,50,-40,-40,paper_search_first_vehicle,25,25,12,13,2,0,0,0,0,0,0,90,0,0,0,5,0,,,,,,0,,,,,,,,two_tangents_not_visible,,,,,,,0,0,0,0,0,0,,,,,,,0,,0,,,,0,,,,,,0,0,0,0,
20.890203,1785223698.121963978,search_first_car,50,-40,-40,paper_search_first_vehicle,21,21,10,11,2,0,0,0,0,0,0,91,0,0,0,5,0,,,,,,0,,,,,,,,two_tangents_not_visible,,,,,,,0,0,0,0,0,0,,,,,,,0,,0,,,,0,,,,,,0,0,0,0,
20.982959,1785223698.233094931,search_first_car,50,-40,-40,paper_search_first_vehicle,19,19,10,9,2,0,0,0,0,0,0,92,0,0,0,5,0,,,,,,0,,,,,,,,two_tangents_not_visible,,,,,,,0,0,0,0,0,0,,,,,,,0,,0,,,,0,,,,,,0,0,0,0,
21.069440,1785223698.344369888,search_first_car,50,-40,-40,paper_search_first_vehicle,21,21,7,14,3,0,0,0,0,0,0,93,0,0,0,5,0,,,,,,0,,,,,,,,two_tangents_not_visible,,,,,,,0,0,0,0,0,0,,,,,,,0,,0,,,,0,,,,,,0,0,0,0,
21.156799,1785223698.344369888,search_first_car,50,-40,-40,paper_search_first_vehicle,21,21,7,14,3,0,0,0,0,0,0,93,0,0,0,5,0,,,,,,0,,,,,,,,two_tangents_not_visible,,,,,,,0,0,0,0,0,0,,,,,,,0,,0,,,,0,,,,,,0,0,0,0,
21.244978,1785223698.455868006,search_first_car,50,-40,-40,paper_search_first_vehicle,22,22,12,10,3,0,0,0,0,0,0,94,0,0,0,5,0,,,,,,0,,,,,,,,two_tangents_not_visible,,,,,,,0,0,0,0,0,0,,,,,,,0,,0,,,,0,,,,,,0,0,0,0,
21.331797,1785223698.566779852,search_first_car,50,-40,-40,paper_search_first_vehicle,32,32,15,17,3,0,0,0,0,0,0,95,0,0,0,5,0,,,,,,0,,,,,,,,two_tangents_not_visible,,,,,,,0,0,0,0,0,0,,,,,,,0,,0,,,,0,,,,,,0,0,0,0,
21.420033,1785223698.679781914,search_first_car,50,-40,-40,paper_search_first_vehicle,18,18,9,9,3,0,0,0,0,0,0,96,0,0,0,5,0,,,,,,0,,,,,,,,two_tangents_not_visible,,,,,,,0,0,0,0,0,0,,,,,,,0,,0,,,,0,,,,,,0,0,0,0,
21.512682,1785223698.792779922,search_first_car,50,-40,-40,paper_search_first_vehicle,25,25,9,16,2,0,0,0,0,0,0,97,0,0,0,5,0,,,,,,0,,,,,,,,two_tangents_not_visible,,,,,,,0,0,0,0,0,0,,,,,,,0,,0,,,,0,,,,,,0,0,0,0,
21.600023,1785223698.792779922,search_first_car,50,-40,-40,paper_search_first_vehicle,25,25,9,16,2,0,0,0,0,0,0,97,0,0,0,5,0,,,,,,0,,,,,,,,two_tangents_not_visible,,,,,,,0,0,0,0,0,0,,,,,,,0,,0,,,,0,,,,,,0,0,0,0,
21.688325,1785223698.905115843,search_first_car,50,-40,-40,paper_search_first_vehicle,21,21,10,11,2,0,0,0,0,0,0,98,0,0,0,5,0,,,,,,0,,,,,,,,two_tangents_not_visible,,,,,,,0,0,0,0,0,0,,,,,,,0,,0,,,,0,,,,,,0,0,0,0,
21.776205,1785223699.016538858,search_first_car,50,-40,-40,paper_search_first_vehicle,31,31,13,18,3,0,0,0,0,0,0,99,0,0,0,5,0,,,,,,0,,,,,,,,two_tangents_not_visible,,,,,,,0,0,0,0,0,0,,,,,,,0,,0,,,,0,,,,,,0,0,0,0,
21.864426,1785223699.126871109,search_first_car,50,-40,-40,paper_search_first_vehicle,23,23,11,12,3,1,0,0,0,0,0,100,0,0,0,5,1,-71.578125,-51.796875,-61.687500,3147.250000,2719.000000,0,,,,,,,,two_tangents_not_visible,,,,,,,0,0,0,0,0,0,,,,,,,0,,0,,,,0,,,,,,0,0,0,0,
21.952625,1785223699.239171982,search_first_car,50,-40,-40,paper_search_first_vehicle,25,25,12,13,3,1,0,0,0,0,0,101,0,0,0,5,1,-69.265625,-51.796875,-60.531250,2995.500000,2719.000000,0,,,,,,,,two_tangents_not_visible,,,,,,,0,0,0,0,0,0,,,,,,,0,,0,,,,0,,,,,,0,0,0,0,
22.046898,1785223699.239171982,search_first_car,50,-40,-40,paper_search_first_vehicle,25,25,12,13,3,1,0,0,0,0,0,101,0,0,0,5,1,-69.265625,-51.796875,-60.531250,2995.500000,2719.000000,0,,,,,,,,two_tangents_not_visible,,,,,,,0,0,0,0,0,0,,,,,,,0,,0,,,,0,,,,,,0,0,0,0,
22.134207,1785223699.351093054,search_first_car,50,-40,-40,paper_search_first_vehicle,19,19,6,13,1,0,0,0,0,0,0,102,0,0,0,5,0,,,,,,0,,,,,,,,two_tangents_not_visible,,,,,,,0,0,0,0,0,0,,,,,,,0,,0,,,,0,,,,,,0,0,0,0,
22.221600,1785223699.462028980,search_first_car,50,-40,-40,paper_search_first_vehicle,19,19,7,12,1,0,0,0,0,0,0,103,0,0,0,5,0,,,,,,0,,,,,,,,two_tangents_not_visible,,,,,,,0,0,0,0,0,0,,,,,,,0,,0,,,,0,,,,,,0,0,0,0,
22.308711,1785223699.572862864,search_first_car,50,-40,-40,paper_search_first_vehicle,25,25,10,15,1,0,0,0,0,0,0,104,0,0,0,5,0,,,,,,0,,,,,,,,two_tangents_not_visible,,,,,,,0,0,0,0,0,0,,,,,,,0,,0,,,,0,,,,,,0,0,0,0,
22.396363,1785223699.687736034,search_first_car,50,-40,-40,paper_search_first_vehicle,19,19,5,14,1,0,0,0,0,0,0,105,0,0,0,5,0,,,,,,0,,,,,,,,two_tangents_not_visible,,,,,,,0,0,0,0,0,0,,,,,,,0,,0,,,,0,,,,,,0,0,0,0,
22.484495,1785223699.687736034,search_first_car,50,-40,-40,paper_search_first_vehicle,19,19,5,14,1,0,0,0,0,0,0,105,0,0,0,5,0,,,,,,0,,,,,,,,two_tangents_not_visible,,,,,,,0,0,0,0,0,0,,,,,,,0,,0,,,,0,,,,,,0,0,0,0,
22.577140,1785223699.798738956,search_first_car,50,-40,-40,paper_search_first_vehicle,20,20,7,13,3,1,0,0,0,0,0,106,0,0,0,5,1,-68.390625,-51.265625,-59.828125,3013.500000,2730.250000,0,,,,,,,,two_tangents_not_visible,,,,,,,0,0,0,0,0,0,,,,,,,0,,0,,,,0,,,,,,0,0,0,0,
22.665195,1785223699.909481049,search_first_car,50,-40,-40,paper_search_first_vehicle,20,20,9,11,1,0,0,0,0,0,0,107,0,0,0,5,0,,,,,,0,,,,,,,,two_tangents_not_visible,,,,,,,0,0,0,0,0,0,,,,,,,0,,0,,,,0,,,,,,0,0,0,0,
22.752560,1785223700.021610022,search_first_car,50,-40,-40,paper_search_first_vehicle,18,18,5,13,1,0,0,0,0,0,0,108,0,0,0,5,0,,,,,,0,,,,,,,,two_tangents_not_visible,,,,,,,0,0,0,0,0,0,,,,,,,0,,0,,,,0,,,,,,0,0,0,0,
22.840164,1785223700.133047104,search_first_car,50,-40,-40,paper_search_first_vehicle,16,16,4,12,1,0,0,0,0,0,0,109,0,0,0,5,0,,,,,,0,,,,,,,,two_tangents_not_visible,,,,,,,0,0,0,0,0,0,,,,,,,0,,0,,,,0,,,,,,0,0,0,0,
22.926688,1785223700.133047104,search_first_car,50,-40,-40,paper_search_first_vehicle,16,16,4,12,1,0,0,0,0,0,0,109,0,0,0,5,0,,,,,,0,,,,,,,,two_tangents_not_visible,,,,,,,0,0,0,0,0,0,,,,,,,0,,0,,,,0,,,,,,0,0,0,0,
23.014688,1785223700.243773937,search_first_car,50,-40,-40,paper_search_first_vehicle,18,18,11,7,1,0,0,0,0,0,0,110,0,0,0,5,0,,,,,,0,,,,,,,,two_tangents_not_visible,,,,,,,0,0,0,0,0,0,,,,,,,0,,0,,,,0,,,,,,0,0,0,0,
23.108270,1785223700.355088949,search_first_car,50,-40,-40,paper_search_first_vehicle,21,21,9,12,3,1,0,0,0,0,0,111,0,0,0,5,1,-66.640625,-50.703125,-58.671875,3101.500000,2752.500000,0,,,,,,,,two_tangents_not_visible,,,,,,,0,0,0,0,0,0,,,,,,,0,,0,,,,0,,,,,,0,0,0,0,
23.195426,1785223700.467420816,search_first_car,50,-40,-40,paper_search_first_vehicle,24,24,13,11,2,1,0,0,0,0,0,112,0,0,0,5,1,-102.171875,-75.859375,-89.015625,2614.000000,3188.750000,0,,,,,,,,two_tangents_not_visible,,,,,,,0,0,0,0,0,0,,,,,,,0,,0,,,,0,,,,,,0,0,0,0,
23.283159,1785223700.578068972,search_first_car,50,-40,-40,paper_search_first_vehicle,20,20,8,12,2,1,0,0,0,0,0,113,0,0,0,5,1,-102.171875,-71.562500,-86.867188,2614.000000,3161.750000,0,,,,,,,,two_tangents_not_visible,,,,,,,0,0,0,0,0,0,,,,,,,0,,0,,,,0,,,,,,0,0,0,0,
23.369387,1785223700.578068972,search_first_car,50,-40,-40,paper_search_first_vehicle,20,20,8,12,2,1,0,0,0,0,0,113,0,0,0,5,1,-102.171875,-71.562500,-86.867188,2614.000000,3161.750000,0,,,,,,,,two_tangents_not_visible,,,,,,,0,0,0,0,0,0,,,,,,,0,,0,,,,0,,,,,,0,0,0,0,
23.458251,1785223700.692700863,search_first_car,50,-40,-40,paper_search_first_vehicle,19,19,9,10,2,1,0,0,0,0,0,114,0,0,0,5,1,-102.171875,-71.562500,-86.867188,2614.000000,3161.750000,0,,,,,,,,two_tangents_not_visible,,,,,,,0,0,0,0,0,0,,,,,,,0,,0,,,,0,,,,,,0,0,0,0,
23.545370,1785223700.805310011,search_first_car,50,-40,-40,paper_search_first_vehicle,17,17,6,11,2,1,0,0,0,0,0,115,0,0,0,5,1,-102.171875,-46.609375,-74.390625,2614.000000,2958.500000,0,,,,,,,,two_tangents_not_visible,,,,,,,0,0,0,0,0,0,,,,,,,0,,0,,,,0,,,,,,0,0,0,0,
23.639471,1785223700.915258169,search_first_car,50,-40,-40,paper_search_first_vehicle,18,18,5,13,1,0,0,0,0,0,0,116,0,0,0,5,0,,,,,,0,,,,,,,,two_tangents_not_visible,,,,,,,0,0,0,0,0,0,,,,,,,0,,0,,,,0,,,,,,0,0,0,0,
23.726766,1785223700.915258169,search_first_car,50,-40,-40,paper_search_first_vehicle,18,18,5,13,1,0,0,0,0,0,0,116,0,0,0,5,0,,,,,,0,,,,,,,,two_tangents_not_visible,,,,,,,0,0,0,0,0,0,,,,,,,0,,0,,,,0,,,,,,0,0,0,0,
23.814545,1785223701.026886940,search_first_car,50,-40,-40,paper_search_first_vehicle,18,18,7,11,1,0,0,0,0,0,0,117,0,0,0,5,0,,,,,,0,,,,,,,,two_tangents_not_visible,,,,,,,0,0,0,0,0,0,,,,,,,0,,0,,,,0,,,,,,0,0,0,0,
23.901279,1785223701.137809992,search_first_car,50,-40,-40,paper_search_first_vehicle,21,21,9,12,1,0,0,0,0,0,0,118,0,0,0,5,0,,,,,,0,,,,,,,,two_tangents_not_visible,,,,,,,0,0,0,0,0,0,,,,,,,0,,0,,,,0,,,,,,0,0,0,0,
23.988251,1785223701.250195026,search_first_car,50,-40,-40,paper_search_first_vehicle,20,20,7,13,1,0,0,0,0,0,0,119,0,0,0,5,0,,,,,,0,,,,,,,,two_tangents_not_visible,,,,,,,0,0,0,0,0,0,,,,,,,0,,0,,,,0,,,,,,0,0,0,0,
24.076729,1785223701.360915899,search_first_car,50,-40,-40,paper_search_first_vehicle,17,17,9,8,1,0,0,0,0,0,0,120,0,0,0,5,0,,,,,,0,,,,,,,,two_tangents_not_visible,,,,,,,0,0,0,0,0,0,,,,,,,0,,0,,,,0,,,,,,0,0,0,0,
24.169571,1785223701.360915899,search_first_car,50,-40,-40,paper_search_first_vehicle,17,17,9,8,1,0,0,0,0,0,0,120,0,0,0,5,0,,,,,,0,,,,,,,,two_tangents_not_visible,,,,,,,0,0,0,0,0,0,,,,,,,0,,0,,,,0,,,,,,0,0,0,0,
24.256768,1785223701.473636150,search_first_car,50,-40,-40,paper_search_first_vehicle,22,22,5,17,2,1,0,0,0,0,0,121,0,0,0,5,1,-100.031250,-47.046875,-73.539062,2597.500000,2935.000000,0,,,,,,,,two_tangents_not_visible,,,,,,,0,0,0,0,0,0,,1634.500000,,,,,0,,0,,,,0,,,,,,0,0,0,0,
24.344905,1785223701.586376905,search_first_car,50,-40,-40,paper_search_first_vehicle,18,18,8,10,2,1,0,0,0,0,0,122,0,0,0,5,1,-99.906250,-44.859375,-72.382812,2563.500000,3005.750000,0,,,,,,,,two_tangents_not_visible,,,,,,,0,0,0,0,0,0,,,,,,,0,,0,,,,0,,,,,,0,0,0,0,
24.432189,1785223701.698097944,search_first_car,50,-40,-40,paper_search_first_vehicle,24,24,11,13,2,1,0,0,0,0,0,123,0,0,0,5,1,-99.421875,-44.859375,-72.140625,2555.000000,3005.750000,0,,,,,,,,two_tangents_not_visible,,,,,,,0,0,0,0,0,0,,,,,,,0,,0,,,,0,,,,,,0,0,0,0,
24.519586,1785223701.809111118,search_first_car,50,-40,-40,paper_search_first_vehicle,28,28,11,17,3,2,0,0,0,0,0,124,0,0,0,5,1,-32.125000,97.781250,32.828125,3178.750000,1612.500000,0,,,,,,,,two_tangents_not_visible,,,,,,,0,0,0,0,0,0,,1588.500000,,,,,0,,0,,,,0,,,,,,0,0,0,0,
24.608610,1785223701.809111118,search_first_car,50,-40,-40,paper_search_first_vehicle,28,28,11,17,3,2,0,0,0,0,0,124,0,0,0,5,1,-32.125000,97.781250,32.828125,3178.750000,1612.500000,0,,,,,,,,two_tangents_not_visible,,,,,,,0,0,0,0,0,0,,1588.500000,,,,,0,,0,,,,0,,,,,,0,0,0,0,
24.700790,1785223701.921692848,search_first_car,50,-40,-40,paper_search_first_vehicle,28,28,11,17,3,2,0,0,0,0,0,125,0,0,0,5,1,-32.125000,97.781250,32.828125,3178.750000,1612.500000,0,,,,,,,,two_tangents_not_visible,,,,,,,0,0,0,0,0,0,,1585.750000,,,,,0,,0,,,,0,,,,,,0,0,0,0,
24.788436,1785223702.031908035,search_first_car,50,-40,-40,paper_search_first_vehicle,23,23,9,14,3,2,0,0,0,0,0,126,0,0,0,5,1,-32.125000,97.781250,32.828125,3178.750000,1612.500000,0,,,,,,,,two_tangents_not_visible,,,,,,,0,0,0,0,0,0,,1559.000000,,,,,0,,0,,,,0,,,,,,0,0,0,0,
24.876172,1785223702.144084930,search_first_car,50,-40,-40,paper_search_first_vehicle,23,23,4,19,3,2,0,0,0,0,0,127,0,0,0,5,1,-32.125000,97.781250,32.828125,3178.750000,1612.500000,0,,,,,,,,two_tangents_not_visible,,,,,,,0,0,0,0,0,0,,1560.000000,,,,,0,,0,,,,0,,,,,,0,0,0,0,
24.964412,1785223702.255110979,search_first_car,50,-40,-40,paper_search_first_vehicle,23,23,8,15,3,2,0,0,0,0,0,128,0,0,0,5,1,-32.125000,97.781250,32.828125,3178.750000,1612.500000,0,,,,,,,,two_tangents_not_visible,,,,,,,0,0,0,0,0,0,,1557.000000,,,,,0,,0,,,,0,,,,,,0,0,0,0,
25.052651,1785223702.255110979,search_first_car,50,-40,-40,paper_search_first_vehicle,23,23,8,15,3,2,0,0,0,0,0,128,0,0,0,5,1,-32.125000,97.781250,32.828125,3178.750000,1612.500000,0,,,,,,,,two_tangents_not_visible,,,,,,,0,0,0,0,0,0,,1557.000000,,,,,0,,0,,,,0,,,,,,0,0,0,0,
25.141334,1785223702.366799116,search_first_car,50,-40,-40,paper_search_first_vehicle,20,20,4,16,3,2,0,0,0,0,0,129,0,0,0,5,1,-34.765625,97.734375,31.484375,3193.000000,1549.750000,0,,,,,,,,two_tangents_not_visible,,,,,,,0,0,0,0,0,0,,1538.750000,,,,,0,,0,,,,0,,,,,,0,0,0,0,
25.234637,1785223702.477424860,search_first_car,50,-40,-40,paper_search_first_vehicle,23,23,7,16,2,1,0,0,1,3,1,0,0,0,0,5,1,-96.328125,96.921875,0.296875,2551.000000,1534.000000,0,,,,,,,,two_tangents_not_visible,,,,,,,0,0,0,0,0,0,,1529.000000,,,,,0,,0,,,,0,,,,,,0,0,0,0,
25.322291,1785223702.592417955,search_open_space,50,-40,-40,paper_first_vehicle_counted,22,22,4,18,2,1,1,1,1,3,2,0,1,0,0,5,1,-96.328125,96.031250,-0.148438,2551.000000,1534.250000,0,,,,,,,,two_tangents_not_visible,,,,,,,0,0,0,0,0,0,,1529.000000,,,,,0,,0,,,,0,,,,,,0,0,0,0,
25.410459,1785223702.703902960,search_open_space,50,-40,-40,paper_passing_first_vehicle,25,25,6,19,2,1,1,1,1,4,3,0,1,0,0,5,1,-96.328125,95.328125,-0.500000,2551.000000,1534.250000,0,,,,,,,,two_tangents_not_visible,,,,,,,0,0,0,0,0,0,,1525.000000,,,,,0,,0,,,1.351601,4,133.862156,37.760474,1.351601,,,0,0,0,0,
25.499287,1785223702.703902960,search_open_space,50,-40,-40,paper_passing_first_vehicle,25,25,6,19,2,1,1,1,1,4,3,0,1,0,0,5,1,-96.328125,95.328125,-0.500000,2551.000000,1534.250000,0,,,,,,,,two_tangents_not_visible,,,,,,,0,0,0,0,0,0,,1525.000000,,,,,0,,0,,,1.351601,4,133.862156,37.760474,1.351601,,,0,0,0,0,
25.588141,1785223702.814895153,search_open_space,50,-40,-40,paper_passing_first_vehicle,28,28,6,22,2,1,1,1,1,4,4,0,1,0,0,5,1,-95.531250,94.359375,-0.585938,2551.750000,1541.250000,0,,,,,,,,two_tangents_not_visible,,,,,,,0,0,0,0,0,0,,1512.750000,,,,,0,,0,,,16.925623,4,134.217643,72.685419,16.925623,,,0,0,0,0,
25.677469,1785223702.926728964,search_open_space,50,-40,-40,paper_passing_first_vehicle,28,28,7,21,2,1,1,1,1,4,5,0,1,0,0,5,1,-95.531250,94.359375,-0.585938,2551.750000,1541.250000,0,,,,,,,,two_tangents_not_visible,,,,,,,0,0,0,0,0,0,,1509.750000,,,,,0,,0,,,2.985922,4,131.183998,38.375455,2.985922,,,0,0,0,0,
25.769657,1785223703.037410021,search_open_space,50,-40,-40,paper_passing_first_vehicle,28,28,8,20,2,1,1,1,1,4,6,0,1,0,0,5,1,-94.625000,93.656250,-0.484375,2549.000000,1522.000000,0,,,,,,,,two_tangents_not_visible,,,,,,,0,0,0,0,0,0,,1504.000000,,,,,0,,0,,,12.010286,4,130.821521,151.196796,12.010286,,,0,0,0,0,
25.857804,1785223703.148972034,search_open_space,50,-40,-40,paper_passing_first_vehicle,26,26,8,18,2,1,1,1,1,4,7,0,1,0,0,5,1,-94.171875,93.656250,-0.257812,2546.000000,1522.000000,0,,,,,,,,two_tangents_not_visible,,,,,,,0,0,0,0,0,0,,1499.250000,,,,,0,,0,,,3.261553,4,130.490732,97.886157,3.261553,,,0,0,0,0,
25.945952,1785223703.148972034,search_open_space,50,-40,-40,paper_passing_first_vehicle,26,26,8,18,2,1,1,1,1,4,7,0,1,0,0,5,1,-94.171875,93.656250,-0.257812,2546.000000,1522.000000,0,,,,,,,,two_tangents_not_visible,,,,,,,0,0,0,0,0,0,,1499.250000,,,,,0,,0,,,3.261553,4,130.490732,97.886157,3.261553,,,0,0,0,0,
26.034328,1785223703.261172056,search_open_space,50,-40,-40,paper_passing_first_vehicle,32,32,10,22,2,1,1,1,1,5,8,0,1,0,0,5,1,-93.531250,93.203125,-0.164063,2558.000000,1511.750000,0,,,,,,,,two_tangents_not_visible,,,,,,,0,0,0,0,0,0,,1496.000000,,,,,0,,0,,,0.702929,5,175.796414,40.003187,0.702929,,,0,0,0,0,
26.122808,1785223703.375422955,search_open_space,50,-40,-40,paper_passing_first_vehicle,29,29,9,20,2,1,1,1,1,5,9,0,1,0,0,5,1,-93.531250,92.218750,-0.656250,2558.000000,1503.000000,0,,,,,,,,two_tangents_not_visible,,,,,,,0,0,0,0,0,0,,1490.500000,,,,,0,,0,,,4.199409,5,171.881543,139.766043,4.199409,,,0,0,0,0,
26.210938,1785223703.486248016,search_open_space,50,-40,-40,paper_passing_first_vehicle,30,30,7,23,2,1,1,1,1,6,10,0,1,0,0,5,1,-93.531250,91.078125,-1.226563,2558.000000,1511.000000,0,,,,,,,,two_tangents_not_visible,,,,,,,0,0,0,0,0,0,,1484.000000,,,,,0,,0,,,3.327919,6,218.049789,60.934628,3.327919,,,0,0,0,0,
26.303967,1785223703.598262072,search_open_space,50,-40,-40,paper_passing_first_vehicle,25,25,7,18,2,1,1,1,1,5,11,0,1,0,0,5,1,-93.296875,91.078125,-1.109375,2560.750000,1511.000000,0,,,,,,,,two_tangents_not_visible,,,,,,,0,0,0,0,0,0,,1480.250000,,,,,0,,0,,,0.437920,5,172.212671,105.901376,0.437920,,,0,0,0,0,
26.391120,1785223703.598262072,search_open_space,50,-40,-40,paper_passing_first_vehicle,25,25,7,18,2,1,1,1,1,5,11,0,1,0,0,5,1,-93.296875,91.078125,-1.109375,2560.750000,1511.000000,0,,,,,,,,two_tangents_not_visible,,,,,,,0,0,0,0,0,0,,1480.250000,,,,,0,,0,,,0.437920,5,172.212671,105.901376,0.437920,,,0,0,0,0,
26.479907,1785223703.709494114,search_open_space,50,-40,-40,paper_passing_first_vehicle,28,28,9,19,2,1,1,1,1,6,12,0,1,0,0,5,1,-92.890625,90.343750,-1.273438,2563.500000,1495.500000,0,,,,,,,,two_tangents_not_visible,,,,,,,0,0,0,0,0,0,,1477.000000,,,,,0,,0,,,-0.716792,6,216.704337,67.101503,-0.716792,,,0,0,0,0,
26.568382,1785223703.820083857,search_open_space,50,-40,-40,paper_passing_first_vehicle,28,28,9,19,2,1,1,1,1,5,13,0,1,0,0,5,1,-92.406250,90.343750,-1.031250,2558.500000,1495.500000,0,,,,,,,,two_tangents_not_visible,,,,,,,0,0,0,0,0,0,,1474.250000,,,,,0,,0,,,-0.977132,5,173.202715,119.677605,-0.977132,,,0,0,0,0,
26.656318,1785223703.931941986,search_open_space,50,-40,-40,paper_passing_first_vehicle,28,28,10,18,2,1,1,1,1,6,14,0,1,0,0,5,1,-92.187500,89.218750,-1.484375,2556.750000,1489.250000,0,,,,,,,,two_tangents_not_visible,,,,,,,0,0,0,0,0,0,,1468.000000,,,,,0,,0,,,-0.607428,6,217.335371,60.794413,-0.607428,,,0,0,0,0,
26.745694,1785223704.043897152,search_open_space,50,-40,-40,paper_passing_first_vehicle,28,28,11,17,2,1,1,1,1,6,15,0,1,0,0,5,1,-90.375000,89.218750,-0.578125,2565.750000,1489.250000,0,,,,,,,,two_tangents_not_visible,,,,,,,0,0,0,0,0,0,,1462.250000,,,,,0,,0,,,-7.621940,6,220.946951,48.547309,-7.621940,,,0,0,0,0,
26.840472,1785223704.043897152,search_open_space,50,-40,-40,paper_passing_first_vehicle,28,28,11,17,2,1,1,1,1,6,15,0,1,0,0,5,1,-90.375000,89.218750,-0.578125,2565.750000,1489.250000,0,,,,,,,,two_tangents_not_visible,,,,,,,0,0,0,0,0,0,,1462.250000,,,,,0,,0,,,-7.621940,6,220.946951,48.547309,-7.621940,,,0,0,0,0,
26.929306,1785223704.155303001,search_open_space,50,-40,-40,paper_passing_first_vehicle,33,33,14,19,3,2,1,1,1,6,16,0,1,0,0,5,1,-31.578125,88.250000,28.335938,3183.500000,1477.000000,0,,,,,,,,two_tangents_not_visible,,,,,,,0,0,0,0,0,0,,1462.000000,,,,,0,,0,,,-3.385710,6,216.315098,79.167390,-3.385710,,,0,0,0,0,
27.018457,1785223704.265915871,search_open_space,50,-40,-40,paper_passing_first_vehicle,29,29,11,18,3,2,1,1,1,6,17,0,1,0,0,5,1,-31.578125,87.187500,27.804688,3183.500000,1484.500000,0,,,,,,,,two_tangents_not_visible,,,,,,,0,0,0,0,0,0,,1457.250000,,,,,0,,0,,,0.178122,6,211.317192,48.382219,0.178122,,,0,0,0,0,
27.106730,1785223704.377310991,search_open_space,50,-40,-40,paper_passing_first_vehicle,30,30,9,21,3,2,1,1,1,6,18,0,1,0,0,5,1,-31.578125,86.468750,27.445312,3183.500000,1487.500000,0,,,,,,,,two_tangents_not_visible,,,,,,,0,0,0,0,0,0,,1456.750000,,,,,0,,0,,,1.377875,6,211.240916,51.507437,1.377875,,,0,0,0,0,
27.195792,1785223704.492075920,search_open_space,50,-40,-40,paper_passing_first_vehicle,32,32,12,20,2,1,1,1,1,7,19,0,1,0,0,5,1,-87.953125,85.562500,-1.195312,2584.750000,1493.750000,0,,,,,,,,two_tangents_not_visible,,,,,,,0,0,0,0,0,0,,1456.500000,,,,,0,,0,,,-2.914224,7,259.457282,33.305243,-2.914224,,,0,0,0,0,
27.285737,1785223704.492075920,search_open_space,50,-40,-40,paper_passing_first_vehicle,32,32,12,20,2,1,1,1,1,7,19,0,1,0,0,5,1,-87.953125,85.562500,-1.195312,2584.750000,1493.750000,0,,,,,,,,two_tangents_not_visible,,,,,,,0,0,0,0,0,0,,1456.500000,,,,,0,,0,,,-2.914224,7,259.457282,33.305243,-2.914224,,,0,0,0,0,
27.379574,1785223704.603001118,search_open_space,50,-40,-40,paper_passing_first_vehicle,27,27,9,18,2,1,1,1,1,6,20,0,1,0,0,5,1,-87.953125,85.562500,-1.195312,2584.750000,1493.750000,0,,,,,,,,two_tangents_not_visible,,,,,,,0,0,0,0,0,0,,1453.500000,,,,,0,,0,,,-3.955029,6,213.590444,57.133413,-3.955029,,,0,0,0,0,
27.468134,1785223704.715330124,search_open_space,50,-40,-40,paper_passing_first_vehicle,29,29,10,19,2,1,1,1,1,7,21,0,1,0,0,5,1,-86.984375,84.703125,-1.140625,2606.000000,1485.250000,0,,,,,,,,two_tangents_not_visible,,,,,,,0,0,0,0,0,0,,1452.500000,,,,,0,,0,,,-6.058450,7,261.057679,29.240440,-6.058450,,,0,0,0,0,
27.556238,1785223704.825599909,search_open_space,50,-40,-40,paper_passing_first_vehicle,35,35,13,22,2,1,1,1,1,7,22,0,1,0,0,5,1,-86.984375,83.687500,-1.648438,2606.000000,1495.250000,0,,,,,,,,two_tangents_not_visible,,,,,,,0,0,0,0,0,0,,1454.250000,,,,,0,,0,,,-2.402309,7,256.258196,35.758246,-2.402309,,,0,0,0,0,
27.645761,1785223704.937869072,search_open_space,50,-40,-40,paper_passing_first_vehicle,27,27,12,15,2,1,1,1,1,6,23,0,1,0,0,5,1,-86.984375,83.687500,-1.648438,2606.000000,1495.250000,0,,,,,,,,two_tangents_not_visible,,,,,,,0,0,0,0,0,0,,1452.000000,,,,,0,,0,,,-4.605603,6,215.008525,60.675220,-4.605603,,,0,0,0,0,
27.734771,1785223704.937869072,search_open_space,50,-40,-40,paper_passing_first_vehicle,27,27,12,15,2,1,1,1,1,6,23,0,1,0,0,5,1,-86.984375,83.687500,-1.648438,2606.000000,1495.250000,0,,,,,,,,two_tangents_not_visible,,,,,,,0,0,0,0,0,0,,1452.000000,,,,,0,,0,,,-4.605603,6,215.008525,60.675220,-4.605603,,,0,0,0,0,
27.823398,1785223705.048626900,search_open_space,50,-40,-40,paper_passing_first_vehicle,30,30,10,20,2,1,1,1,1,6,24,0,1,0,0,5,1,-86.984375,82.875000,-2.054688,2606.000000,1486.000000,0,,,,,,,,two_tangents_not_visible,,,,,,,0,0,0,0,0,0,,1452.000000,,,,,0,,0,,,-0.014602,6,212.059168,52.857916,-0.014602,,,0,0,0,0,
27.916596,1785223705.160444975,search_open_space,50,-40,-40,paper_passing_first_vehicle,31,31,11,20,2,1,1,1,1,6,25,0,1,0,0,5,1,-86.515625,82.203125,-2.156250,2578.250000,1485.750000,0,,,,,,,,two_tangents_not_visible,,,,,,,0,0,0,0,0,0,,1451.250000,,,,,0,,0,,,0.586683,6,210.805551,63.310372,0.586683,,,0,0,0,0,
28.004704,1785223705.271077156,search_open_space,50,-40,-40,paper_passing_first_vehicle,29,29,8,21,2,1,1,1,1,7,26,0,1,0,0,5,1,-86.515625,81.359375,-2.578125,2578.250000,1492.750000,0,,,,,,,,two_tangents_not_visible,,,,,,,0,0,0,0,0,0,,1451.000000,,,,,0,,0,,,-4.895835,7,254.948575,31.185840,-4.895835,,,0,0,0,0,
28.093654,1785223705.386455059,search_open_space,50,-40,-40,paper_passing_first_vehicle,27,27,9,18,2,1,1,1,1,6,27,0,1,0,0,5,1,-86.375000,81.359375,-2.507812,2574.250000,1492.750000,0,,,,,,,,two_tangents_not_visible,,,,,,,0,0,0,0,0,0,,1451.750000,,,,,0,,0,,,-8.991542,6,213.505310,59.379281,-8.991542,,,0,0,0,0,
28.182650,1785223705.386455059,search_open_space,50,-40,-40,paper_passing_first_vehicle,27,27,9,18,2,1,1,1,1,6,27,0,1,0,0,5,1,-86.375000,81.359375,-2.507812,2574.250000,1492.750000,0,,,,,,,,two_tangents_not_visible,,,,,,,0,0,0,0,0,0,,1451.750000,,,,,0,,0,,,-8.991542,6,213.505310,59.379281,-8.991542,,,0,0,0,0,
28.271644,1785223705.498017073,search_open_space,50,-40,-40,paper_passing_first_vehicle,33,33,10,23,2,1,1,1,1,6,28,0,1,0,0,5,1,-85.734375,81.046875,-2.343750,2561.250000,1471.250000,0,,,,,,,,two_tangents_not_visible,,,,,,,0,0,0,0,0,0,,1454.500000,,,,,0,,0,,,-6.055488,6,211.157127,109.309079,-6.055488,,,0,0,0,0,
28.360606,1785223705.609007120,search_open_space,50,-40,-40,paper_passing_first_vehicle,31,31,12,19,2,1,1,1,1,6,29,0,1,0,0,5,1,-85.343750,79.546875,-2.898437,2571.000000,1486.000000,0,,,,,,,,two_tangents_not_visible,,,,,,,0,0,0,0,0,0,,1454.250000,,,,,0,,0,,,0.312948,6,214.221474,304.087181,0.312948,,,0,0,0,0,
28.454519,1785223705.719978094,search_open_space,50,-40,-40,paper_passing_first_vehicle,27,27,10,17,2,1,1,1,1,6,30,0,1,0,0,5,1,-85.234375,79.546875,-2.843750,2575.750000,1486.000000,0,,,,,,,,two_tangents_not_visible,,,,,,,0,0,0,0,0,0,,1458.250000,,,,,0,,0,,,-5.559551,6,211.363085,186.136427,-5.559551,,,0,0,0,0,
28.543175,1785223705.831791162,search_open_space,50,-40,-40,paper_passing_first_vehicle,27,27,9,18,2,1,1,1,1,6,31,0,1,0,0,5,1,-85.234375,78.218750,-3.507812,2575.750000,1491.750000,0,,,,,,,,two_tangents_not_visible,,,,,,,0,0,0,0,0,0,,1456.250000,,,,,0,,0,,,-0.839072,6,213.274119,102.539170,-0.839072,,,0,0,0,0,
28.632091,1785223705.831791162,search_open_space,50,-40,-40,paper_passing_first_vehicle,27,27,9,18,2,1,1,1,1,6,31,0,1,0,0,5,1,-85.234375,78.218750,-3.507812,2575.750000,1491.750000,0,,,,,,,,two_tangents_not_visible,,,,,,,0,0,0,0,0,0,,1456.250000,,,,,0,,0,,,-0.839072,6,213.274119,102.539170,-0.839072,,,0,0,0,0,
28.720126,1785223705.943130970,search_open_space,50,-40,-40,paper_passing_first_vehicle,25,25,9,16,2,1,1,1,1,5,32,0,1,0,0,5,1,-85.234375,78.218750,-3.507812,2575.750000,1491.750000,0,,,,,,,,two_tangents_not_visible,,,,,,,0,0,0,0,0,0,,1460.250000,,,,,0,,0,,,-7.267388,5,210.402365,157.877705,-7.267388,,,0,0,0,0,
28.808971,1785223706.054923058,search_open_space,50,-40,-40,paper_passing_first_vehicle,29,29,11,18,2,1,1,1,1,5,33,0,1,0,0,5,1,-85.234375,77.468750,-3.882812,2575.750000,1483.250000,0,,,,,,,,two_tangents_not_visible,,,,,,,0,0,0,0,0,0,,1456.000000,,,,,0,,0,,,-3.485095,5,211.645623,147.116801,-3.485095,,,0,0,0,0,
28.896418,1785223706.165455818,search_open_space,50,-40,-40,paper_passing_first_vehicle,27,27,11,16,2,1,1,1,1,5,34,0,1,0,0,5,1,-83.640625,76.562500,-3.539062,2589.750000,1493.250000,0,,,,,,,,two_tangents_not_visible,,,,,,,0,0,0,0,0,0,,1459.500000,,,,,0,,0,,,-1.881195,5,213.397342,154.506766,-1.881195,,,0,0,0,0,
28.989611,1785223706.277790070,search_open_space,50,-40,-40,paper_passing_first_vehicle,33,33,14,19,2,1,1,1,1,6,35,0,1,0,0,5,1,-82.921875,75.718750,-3.601562,2579.750000,1499.250000,0,,,,,,,,two_tangents_not_visible,,,,,,,0,0,0,0,0,0,,1463.500000,,,,,0,,0,,,-1.598995,6,216.997076,285.313938,-1.598995,,,0,0,0,0,
29.077360,1785223706.277790070,search_open_space,50,-40,-40,paper_passing_first_vehicle,33,33,14,19,2,1,1,1,1,6,35,0,1,0,0,5,1,-82.921875,75.718750,-3.601562,2579.750000,1499.250000,0,,,,,,,,two_tangents_not_visible,,,,,,,0,0,0,0,0,0,,1463.500000,,,,,0,,0,,,-1.598995,6,216.997076,285.313938,-1.598995,,,0,0,0,0,
29.166015,1785223706.391543150,search_open_space,50,-40,-40,paper_passing_first_vehicle,31,31,13,18,2,1,1,1,1,6,36,0,1,0,0,5,1,-82.093750,75.000000,-3.546875,2602.750000,1502.750000,0,,,,,,,,two_tangents_not_visible,,,,,,,0,0,0,0,0,0,,1465.500000,,,,,0,,0,,,-2.922510,6,215.160507,159.340984,-2.922510,,,0,0,0,0,
29.253452,1785223706.503684044,search_open_space,50,-40,-40,paper_passing_first_vehicle,32,32,12,20,2,1,1,1,1,4,37,0,1,0,0,5,1,-82.093750,75.000000,-3.546875,2602.750000,1502.750000,0,,,,,,,,two_tangents_not_visible,,,,,,,0,0,0,0,0,0,,1469.000000,,,,,0,,0,,,-9.775462,4,126.300566,693.580608,-9.775462,,,0,0,0,0,
29.341340,1785223706.614641905,search_open_space,50,-40,-40,paper_passing_first_vehicle,28,28,10,18,2,1,1,1,1,6,38,0,1,0,0,5,1,-80.375000,74.375000,-3.000000,2725.250000,1498.500000,0,,,,,,,,two_tangents_not_visible,,,,,,,0,0,0,0,0,0,,1467.000000,,,,,0,,0,,,-5.611118,6,213.861303,194.481999,-5.611118,,,0,0,0,0,
29.429514,1785223706.726155996,search_open_space,50,-40,-40,paper_passing_first_vehicle,30,30,10,20,2,1,1,1,1,7,39,0,1,0,0,5,1,-80.375000,73.250000,-3.562500,2725.250000,1512.250000,0,,,,,,,,two_tangents_not_visible,,,,,,,0,0,0,0,0,0,,1471.750000,,,,,0,,0,,,-7.048261,7,258.183015,74.948882,-7.048261,,,0,0,0,0,
29.524804,1785223706.726155996,search_open_space,50,-40,-40,paper_passing_first_vehicle,30,30,10,20,2,1,1,1,1,7,39,0,1,0,0,5,1,-80.375000,73.250000,-3.562500,2725.250000,1512.250000,0,,,,,,,,two_tangents_not_visible,,,,,,,0,0,0,0,0,0,,1471.750000,,,,,0,,0,,,-7.048261,7,258.183015,74.948882,-7.048261,,,0,0,0,0,
29.612879,1785223706.837530136,search_open_space,50,-40,-40,paper_passing_first_vehicle,27,27,9,18,2,1,1,1,1,3,40,0,1,0,0,5,1,-80.375000,73.250000,-3.562500,2725.250000,1512.250000,0,,,,,,,,two_tangents_not_visible,,,,,,,0,0,0,0,0,0,,1473.000000,,,,,0,,0,,,,0,,,,,,0,0,0,0,
29.700341,1785223706.948919058,search_open_space,50,-40,-40,paper_passing_first_vehicle,27,27,10,17,2,1,1,1,1,5,41,0,1,0,0,5,1,-80.375000,72.218750,-4.078125,2725.250000,1514.750000,0,,,,,,,,two_tangents_not_visible,,,,,,,0,0,0,0,0,0,,1475.750000,,,,,0,,0,,,-3.891275,5,217.300702,281.065919,-3.891275,,,0,0,0,0,
29.788748,1785223707.060435057,search_open_space,50,-40,-40,paper_passing_first_vehicle,30,30,12,18,2,1,1,1,1,5,42,0,1,0,0,5,1,-80.062500,72.218750,-3.921875,2607.750000,1514.750000,0,,,,,,,,two_tangents_not_visible,,,,,,,0,0,0,0,0,0,,1477.750000,,,,,0,,0,,,-13.443568,5,214.036808,165.328613,-13.443568,,,0,0,0,0,
29.878358,1785223707.171676874,search_open_space,50,-40,-40,paper_passing_first_vehicle,27,27,11,16,2,1,1,1,1,4,43,0,1,0,0,5,1,-79.234375,71.953125,-3.640625,2620.500000,1519.000000,0,,,,,,,,two_tangents_not_visible,,,,,,,0,0,0,0,0,0,,1479.750000,,,,,0,,0,,,-1.545514,4,175.852960,279.291603,-1.545514,,,0,0,0,0,
29.967238,1785223707.171676874,search_open_space,50,-40,-40,paper_passing_first_vehicle,27,27,11,16,2,1,1,1,1,4,43,0,1,0,0,5,1,-79.234375,71.953125,-3.640625,2620.500000,1519.000000,0,,,,,,,,two_tangents_not_visible,,,,,,,0,0,0,0,0,0,,1479.750000,,,,,0,,0,,,-1.545514,4,175.852960,279.291603,-1.545514,,,0,0,0,0,
30.061008,1785223707.285478830,search_open_space,50,-40,-40,paper_passing_first_vehicle,22,22,9,13,2,1,1,1,1,3,44,0,1,0,0,5,1,-79.234375,71.953125,-3.640625,2620.500000,1519.000000,0,,,,,,,,two_tangents_not_visible,,,,,,,0,0,0,0,0,0,,1479.500000,,,,,0,,0,,,,0,,,,,,0,0,0,0,
30.149260,1785223707.397338867,search_open_space,50,-40,-40,paper_passing_first_vehicle,26,26,11,15,2,1,1,1,1,3,45,0,1,0,0,5,1,-77.812500,71.953125,-2.929688,2749.750000,1519.000000,0,,,,,,,,two_tangents_not_visible,,,,,,,0,0,0,0,0,0,,1491.750000,,,,,0,,0,,,,0,,,,,,0,0,0,0,
30.237357,1785223707.509140968,search_open_space,50,-40,-40,paper_passing_first_vehicle,28,28,12,16,2,1,1,1,1,4,46,0,1,0,0,5,1,-77.812500,69.343750,-4.234375,2749.750000,1529.000000,0,,,,,,,,two_tangents_not_visible,,,,,,,0,0,0,0,0,0,,1491.000000,,,,,0,,0,,,-8.132045,5,219.664870,206.144448,-8.132045,,,0,0,0,0,
30.325112,1785223707.619376183,search_open_space,50,-40,-40,paper_passing_first_vehicle,27,27,10,17,2,1,1,1,1,3,47,0,1,0,0,5,1,-77.812500,69.343750,-4.234375,2749.750000,1529.000000,0,,,,,,,,two_tangents_not_visible,,,,,,,0,0,0,0,0,0,,1491.000000,,,,,0,,0,,,,0,,,,,,0,0,0,0,
30.413420,1785223707.619376183,search_open_space,50,-40,-40,paper_passing_first_vehicle,27,27,10,17,2,1,1,1,1,3,47,0,1,0,0,5,1,-77.812500,69.343750,-4.234375,2749.750000,1529.000000,0,,,,,,,,two_tangents_not_visible,,,,,,,0,0,0,0,0,0,,1491.000000,,,,,0,,0,,,,0,,,,,,0,0,0,0,
30.500000,1785223707.731825829,search_open_space,50,-40,-40,paper_passing_first_vehicle,27,27,8,19,2,1,1,1,1,3,48,0,1,0,0,5,1,-77.812500,68.968750,-4.421875,2749.750000,1520.500000,0,,,,,,,,two_tangents_not_visible,,,,,,,0,0,0,0,0,0,,1499.750000,,,,,0,,0,,,-11.014005,4,175.740746,639.366049,-11.014005,,,0,0,0,0,
30.593560,1785223707.843450069,search_open_space,50,-40,-40,paper_passing_first_vehicle,22,22,10,12,2,1,1,1,0,0,0,1,1,0,0,5,1,-77.812500,67.937500,-4.937500,2749.750000,1540.000000,0,,,,,,,,two_tangents_not_visible,,,,,,,0,0,0,0,0,0,,1499.750000,,,,,0,,0,,,,0,,,,,,0,0,0,0,
30.682101,1785223707.954490185,search_open_space,50,-40,-40,paper_passing_first_vehicle,27,27,11,16,2,1,1,1,0,0,0,2,1,0,0,5,1,-78.031250,66.937500,-5.546875,2638.000000,1555.000000,0,,,,,,,,two_tangents_not_visible,,,,,,,0,0,0,0,0,0,,1499.500000,,,,,0,,0,,,-1.665515,4,183.005462,577.495841,-1.665515,,,0,0,0,0,
30.770337,1785223708.065061808,search_open_space,50,-40,-40,paper_passing_first_vehicle,27,27,10,17,2,1,1,1,1,3,1,0,1,0,0,5,1,-78.031250,66.937500,-5.546875,2638.000000,1555.000000,0,,,,,,,,two_tangents_not_visible,,,,,,,0,0,0,0,0,0,,1515.250000,,,,,0,,0,,,-8.436377,5,177.672477,381.990693,-8.436377,,,0,0,0,0,
30.859102,1785223708.065061808,search_open_space,50,-40,-40,paper_passing_first_vehicle,27,27,10,17,2,1,1,1,1,3,1,0,1,0,0,5,1,-78.031250,66.937500,-5.546875,2638.000000,1555.000000,0,,,,,,,,two_tangents_not_visible,,,,,,,0,0,0,0,0,0,,1515.250000,,,,,0,,0,,,-8.436377,5,177.672477,381.990693,-8.436377,,,0,0,0,0,
30.947888,1785223708.177436829,search_open_space,50,-40,-40,paper_passing_first_vehicle,25,25,12,13,2,1,1,1,0,0,0,1,1,0,0,5,1,-78.343750,66.937500,-5.703125,2636.000000,1555.000000,0,,,,,,,,two_tangents_not_visible,,,,,,,0,0,0,0,0,0,,1513.500000,,,,,0,,0,,,,0,,,,,,0,0,0,0,
31.035111,1785223708.291015863,search_open_space,50,-40,-40,paper_passing_first_vehicle,23,23,11,12,2,1,1,1,0,0,0,2,1,0,0,5,1,-77.671875,66.937500,-5.367188,2647.500000,1555.000000,0,,,,,,,,two_tangents_not_visible,,,,,,,0,0,0,0,0,0,,1515.250000,,,,,0,,0,,,,0,,,,,,0,0,0,0,
31.127975,1785223708.402449846,search_second_car,50,-40,-40,paper_between_detected_vehicles,22,22,11,11,2,1,1,0,0,0,0,3,1,0,0,5,1,-77.000000,64.437500,-6.281250,2657.250000,1596.250000,0,,,,,,,,two_tangents_not_visible,,,,,,,0,0,0,0,0,0,,,,,,,0,,0,,,,0,,,,,,0,0,0,0,
31.215740,1785223708.402449846,search_second_car,50,-40,-40,paper_search_second_vehicle,22,22,11,11,2,1,1,0,0,0,0,3,1,0,0,5,1,-77.000000,64.437500,-6.281250,2657.250000,1596.250000,0,,,,,,,,two_tangents_not_visible,,,,,,,0,0,0,0,0,0,,,,,,,0,,0,,,,0,,,,,,0,0,0,0,
31.304350,1785223708.514883995,search_second_car,50,-40,-40,paper_search_second_vehicle,26,26,10,16,2,1,1,0,0,0,0,4,1,0,0,5,1,-77.000000,64.437500,-6.281250,2657.250000,1596.250000,0,,,,,,,,two_tangents_not_visible,,,,,,,0,0,0,0,0,0,,1535.750000,,,,,0,,0,,,-6.485953,4,185.508629,141.401421,-6.485953,,,0,0,0,0,
31.392562,1785223708.625360966,search_second_car,50,-40,-40,paper_search_second_vehicle,26,26,11,15,2,1,1,0,1,3,1,0,1,0,0,5,1,-77.000000,63.812500,-6.593750,2657.250000,1595.250000,0,,,,,,,,two_tangents_not_visible,,,,,,,0,0,0,0,0,0,,1540.750000,,,,,0,,0,,,-21.815299,6,321.085597,24.478579,-21.815299,,,0,0,0,0,
31.481016,1785223708.736741781,search_second_car,50,-40,-40,paper_search_second_vehicle,26,26,11,15,2,1,1,0,0,0,0,1,1,0,0,5,1,-77.000000,62.656250,-7.171875,2657.250000,1617.000000,0,,,,,,,,two_tangents_not_visible,,,,,,,0,0,0,0,0,0,,,,,,,0,,0,,,,0,,,,,,0,0,0,0,
31.569914,1785223708.847920179,search_second_car,50,-40,-40,paper_search_second_vehicle,27,27,13,14,2,1,1,0,0,0,0,2,1,0,0,5,1,-75.187500,62.656250,-6.265625,2679.500000,1617.000000,0,,,,,,,,two_tangents_not_visible,,,,,,,0,0,0,0,0,0,,,,,,,0,,0,,,,0,,,,,,0,0,0,0,
31.663779,1785223708.960171938,search_second_car,50,-40,-40,paper_search_second_vehicle,23,23,11,12,2,1,1,0,0,0,0,3,1,0,0,5,1,-75.187500,62.171875,-6.507812,2679.500000,1621.750000,0,,,,,,,,two_tangents_not_visible,,,,,,,0,0,0,0,0,0,,1559.000000,,,,,0,,0,,,-5.476472,4,235.120856,41.463276,-5.476472,,,0,0,0,0,
31.751479,1785223708.960171938,search_second_car,50,-40,-40,paper_search_second_vehicle,23,23,11,12,2,1,1,0,0,0,0,3,1,0,0,5,1,-75.187500,62.171875,-6.507812,2679.500000,1621.750000,0,,,,,,,,two_tangents_not_visible,,,,,,,0,0,0,0,0,0,,1559.000000,,,,,0,,0,,,-5.476472,4,235.120856,41.463276,-5.476472,,,0,0,0,0,
31.839508,1785223709.071215153,search_second_car,50,-40,-40,paper_search_second_vehicle,26,26,12,14,2,1,1,0,0,0,0,4,1,0,0,5,1,-75.187500,61.250000,-6.968750,2679.500000,1624.250000,0,,,,,,,,two_tangents_not_visible,,,,,,,0,0,0,0,0,0,,,,,,,0,,0,,,-10.396838,5,234.985937,104.699792,-10.396838,,,0,0,0,0,
31.926110,1785223709.186250925,search_second_car,50,-40,-40,paper_search_second_vehicle,24,24,12,12,2,1,1,0,0,0,0,5,1,0,0,5,1,-74.656250,61.250000,-6.703125,2678.500000,1624.250000,0,,,,,,,,two_tangents_not_visible,,,,,,,0,0,0,0,0,0,,,,,,,0,,0,,,,0,,,,,,0,0,0,0,
32.014251,1785223709.297141075,search_second_car,50,-40,-40,paper_search_second_vehicle,26,26,9,17,2,1,1,0,0,0,0,6,1,0,0,5,1,-74.656250,61.250000,-6.703125,2678.500000,1624.250000,0,,,,,,,,two_tangents_not_visible,,,,,,,0,0,0,0,0,0,,,,,,,0,,0,,,,0,,,,,,0,0,0,0,
32.102729,1785223709.297141075,search_second_car,50,-40,-40,paper_search_second_vehicle,26,26,9,17,2,1,1,0,0,0,0,6,1,0,0,5,1,-74.656250,61.250000,-6.703125,2678.500000,1624.250000,0,,,,,,,,two_tangents_not_visible,,,,,,,0,0,0,0,0,0,,,,,,,0,,0,,,,0,,,,,,0,0,0,0,
32.196424,1785223709.408324003,search_second_car,50,-40,-40,paper_search_second_vehicle,27,27,12,15,2,1,1,0,0,0,0,7,1,0,0,5,1,-74.656250,61.250000,-6.703125,2678.500000,1624.250000,0,,,,,,,,two_tangents_not_visible,,,,,,,0,0,0,0,0,0,,,,,,,0,,0,,,,0,,,,,,0,0,0,0,
32.284896,1785223709.519908190,search_second_car,50,-40,-40,paper_search_second_vehicle,31,31,11,20,2,1,1,0,0,0,0,8,1,0,0,5,1,-73.812500,59.500000,-7.156250,2717.750000,1639.500000,0,,,,,,,,two_tangents_not_visible,,,,,,,0,0,0,0,0,0,,1935.750000,,,,,0,,0,,,-12.910053,5,191.937282,67.404823,-12.910053,,,0,0,0,0,
32.371450,1785223709.631333113,search_second_car,50,-40,-40,paper_search_second_vehicle,24,24,9,15,2,1,1,0,0,0,0,9,1,0,0,5,1,-73.328125,58.390625,-7.468750,2712.500000,1665.500000,0,,,,,,,,two_tangents_not_visible,,,,,,,0,0,0,0,0,0,,,,,,,0,,0,,,-6.743306,5,203.047003,48.492338,-6.743306,,,0,0,0,0,
32.457599,1785223709.742377043,search_second_car,50,-40,-40,paper_search_second_vehicle,29,29,11,18,2,1,1,0,0,0,0,10,1,0,0,5,1,-72.750000,58.390625,-7.179687,2717.750000,1665.500000,0,,,,,,,,two_tangents_not_visible,,,,,,,0,0,0,0,0,0,,,,,,,0,,0,,,-29.404304,4,140.146387,57.234203,-29.404304,,,0,0,0,0,
32.545935,1785223709.742377043,search_second_car,50,-40,-40,paper_search_second_vehicle,29,29,11,18,2,1,1,0,0,0,0,10,1,0,0,5,1,-72.750000,58.390625,-7.179687,2717.750000,1665.500000,0,,,,,,,,two_tangents_not_visible,,,,,,,0,0,0,0,0,0,,,,,,,0,,0,,,-29.404304,4,140.146387,57.234203,-29.404304,,,0,0,0,0,
32.634999,1785223709.853623152,search_second_car,50,-40,-40,paper_search_second_vehicle,24,24,12,12,2,1,1,0,0,0,0,11,1,0,0,5,1,-71.890625,58.000000,-6.945312,2743.000000,1652.500000,0,,,,,,,,two_tangents_not_visible,,,,,,,0,0,0,0,0,0,,1928.500000,,,,,0,,0,,,-11.589687,4,193.675342,193.799872,-11.589687,,,0,0,0,0,
32.729194,1785223709.965464115,search_second_car,50,-40,-40,paper_search_second_vehicle,31,31,14,17,3,1,1,0,0,0,0,12,1,0,0,5,1,-71.890625,58.000000,-6.945312,2743.000000,1652.500000,0,,,,,,,,two_tangents_not_visible,,,,,,,0,0,0,0,0,0,,1913.500000,,,,,0,,0,,,,0,,,,,,0,0,0,0,
32.816784,1785223710.076189995,search_second_car,50,-40,-40,paper_search_second_vehicle,24,24,11,13,2,1,1,0,0,0,0,13,1,0,0,5,1,-71.890625,58.000000,-6.945312,2743.000000,1652.500000,0,,,,,,,,two_tangents_not_visible,,,,,,,0,0,0,0,0,0,,,,,,,0,,0,,,,0,,,,,,0,0,0,0,
32.905087,1785223710.190715790,search_second_car,50,-40,-40,paper_search_second_vehicle,27,27,11,16,2,1,1,0,0,0,0,14,1,0,0,5,1,-71.890625,57.203125,-7.343750,2743.000000,1682.000000,0,,,,,,,,two_tangents_not_visible,,,,,,,0,0,0,0,0,0,,,,,,,0,,0,,,-4.308817,4,155.872305,636.241967,-4.308817,,,0,0,0,0,
32.992581,1785223710.190715790,search_second_car,50,-40,-40,paper_search_second_vehicle,27,27,11,16,2,1,1,0,0,0,0,14,1,0,0,5,1,-71.890625,57.203125,-7.343750,2743.000000,1682.000000,0,,,,,,,,two_tangents_not_visible,,,,,,,0,0,0,0,0,0,,,,,,,0,,0,,,-4.308817,4,155.872305,636.241967,-4.308817,,,0,0,0,0,
33.081230,1785223710.302206993,search_second_car,50,-40,-40,paper_search_second_vehicle,29,29,14,15,2,1,1,0,0,0,0,15,1,0,0,5,1,-71.890625,57.203125,-7.343750,2743.000000,1682.000000,0,,,,,,,,two_tangents_not_visible,,,,,,,0,0,0,0,0,0,,,,,,,0,,0,,,-27.303636,5,189.609071,43.691959,-27.303636,,,0,0,0,0,
33.169368,1785223710.413626194,search_second_car,50,-40,-40,paper_search_second_vehicle,27,27,11,16,2,1,1,0,0,0,0,16,1,0,0,5,1,-71.937500,57.203125,-7.367187,2743.250000,1682.000000,0,,,,,,,,two_tangents_not_visible,,,,,,,0,0,0,0,0,0,,,,,,,0,,0,,,,0,,,,,,0,0,0,0,
33.260884,1785223710.525237083,search_second_car,50,-40,-40,paper_search_second_vehicle,25,25,13,12,2,1,1,0,0,0,0,17,1,0,0,5,1,-70.953125,57.203125,-6.875000,2740.250000,1682.000000,0,,,,,,,,two_tangents_not_visible,,,,,,,0,0,0,0,0,0,,,,,,,0,,0,,,,0,,,,,,0,0,0,0,
33.348654,1785223710.636912107,search_second_car,50,-40,-40,paper_search_second_vehicle,27,27,11,16,2,1,1,0,0,0,0,18,1,0,0,5,1,-70.953125,54.703125,-8.125000,2740.250000,1724.500000,0,,,,,,,,two_tangents_not_visible,,,,,,,0,0,0,0,0,0,,,,,,,0,,0,,,-17.228829,4,248.139907,18.170349,-17.228829,,,0,0,0,0,
33.436908,1785223710.636912107,search_second_car,50,-40,-40,paper_search_second_vehicle,27,27,11,16,2,1,1,0,0,0,0,18,1,0,0,5,1,-70.953125,54.703125,-8.125000,2740.250000,1724.500000,0,,,,,,,,two_tangents_not_visible,,,,,,,0,0,0,0,0,0,,,,,,,0,,0,,,-17.228829,4,248.139907,18.170349,-17.228829,,,0,0,0,0,
33.524705,1785223710.747457981,search_second_car,50,-40,-40,paper_search_second_vehicle,23,23,12,11,3,1,1,0,0,0,0,19,1,0,0,5,1,-70.953125,54.703125,-8.125000,2740.250000,1724.500000,0,,,,,,,,two_tangents_not_visible,,,,,,,0,0,0,0,0,0,,,,,,,0,,0,,,,0,,,,,,0,0,0,0,
33.612400,1785223710.859627008,search_second_car,50,-40,-40,paper_search_second_vehicle,30,30,12,18,3,1,1,0,0,0,0,20,1,0,0,5,1,-70.953125,53.015625,-8.968750,2740.250000,1785.250000,0,,,,,,,,two_tangents_not_visible,,,,,,,0,0,0,0,0,0,,,,,,,0,,0,,,-6.343792,5,272.316160,27.056203,-6.343792,,,0,0,0,0,
33.700110,1785223710.970364809,search_second_car,50,-40,-40,paper_search_second_vehicle,22,22,10,12,2,1,1,0,0,0,0,21,1,0,0,5,1,-69.453125,53.015625,-8.218750,2770.750000,1785.250000,0,,,,,,,,two_tangents_not_visible,,,,,,,0,0,0,0,0,0,,,,,,,0,,0,,,,0,,,,,,0,0,0,0,
33.794455,1785223711.084882975,search_second_car,50,-40,-40,paper_search_second_vehicle,23,23,13,10,2,1,1,0,0,0,0,22,1,0,0,5,1,-69.453125,53.015625,-8.218750,2770.750000,1785.250000,0,,,,,,,,two_tangents_not_visible,,,,,,,0,0,0,0,0,0,,,,,,,0,,0,,,,0,,,,,,0,0,0,0,
33.881231,1785223711.084882975,search_second_car,50,-40,-40,paper_search_second_vehicle,23,23,13,10,2,1,1,0,0,0,0,22,1,0,0,5,1,-69.453125,53.015625,-8.218750,2770.750000,1785.250000,0,,,,,,,,two_tangents_not_visible,,,,,,,0,0,0,0,0,0,,,,,,,0,,0,,,,0,,,,,,0,0,0,0,
33.969469,1785223711.196195126,search_second_car,50,-40,-40,paper_search_second_vehicle,28,28,12,16,2,1,1,0,0,0,0,23,1,0,0,5,1,-69.156250,52.640625,-8.257812,2775.750000,1752.500000,0,,,,,,,,two_tangents_not_visible,,,,,,,0,0,0,0,0,0,,,,,,,0,,0,,,,0,,,,,,0,0,0,0,
34.058359,1785223711.307601929,search_second_car,50,-40,-40,paper_search_second_vehicle,23,23,10,13,2,1,1,0,0,0,0,24,1,0,0,5,1,-69.156250,52.640625,-8.257812,2775.750000,1752.500000,0,,,,,,,,two_tangents_not_visible,,,,,,,0,0,0,0,0,0,,,,,,,0,,0,,,,0,,,,,,0,0,0,0,
34.147069,1785223711.419915915,search_second_car,50,-40,-40,paper_search_second_vehicle,25,25,8,17,2,1,1,0,0,0,0,25,1,0,0,5,1,-69.156250,52.640625,-8.257812,2775.750000,1752.500000,0,,,,,,,,two_tangents_not_visible,,,,,,,0,0,0,0,0,0,,,,,,,0,,0,,,,0,,,,,,0,0,0,0,
34.234756,1785223711.530303955,search_second_car,50,-40,-40,paper_search_second_vehicle,17,17,7,10,2,1,1,0,0,0,0,26,1,0,0,5,1,-69.156250,52.640625,-8.257812,2775.750000,1752.500000,0,,,,,,,,two_tangents_not_visible,,,,,,,0,0,0,0,0,0,,,,,,,0,,0,,,,0,,,,,,0,0,0,0,
34.327651,1785223711.530303955,search_second_car,50,-40,-40,paper_search_second_vehicle,17,17,7,10,2,1,1,0,0,0,0,26,1,0,0,5,1,-69.156250,52.640625,-8.257812,2775.750000,1752.500000,0,,,,,,,,two_tangents_not_visible,,,,,,,0,0,0,0,0,0,,,,,,,0,,0,,,,0,,,,,,0,0,0,0,
34.414823,1785223711.642117977,search_second_car,50,-40,-40,paper_search_second_vehicle,27,27,10,17,2,1,1,0,0,0,0,27,1,0,0,5,1,-69.156250,52.640625,-8.257812,2775.750000,1752.500000,0,,,,,,,,two_tangents_not_visible,,,,,,,0,0,0,0,0,0,,,,,,,0,,0,,,,0,,,,,,0,0,0,0,
34.503264,1785223711.753649950,search_second_car,50,-40,-40,paper_search_second_vehicle,25,25,10,15,2,1,1,0,0,0,0,28,1,0,0,5,1,-69.515625,52.296875,-8.609375,2830.500000,1749.250000,0,,,,,,,,two_tangents_not_visible,,,,,,,0,0,0,0,0,0,,,,,,,0,,0,,,,0,,,,,,0,0,0,0,
34.591320,1785223711.868111849,search_second_car,50,-40,-40,paper_search_second_vehicle,21,21,8,13,3,1,1,0,0,0,0,29,1,0,0,5,1,-67.203125,49.625000,-8.789062,2858.500000,1825.000000,0,,,,,,,,two_tangents_not_visible,,,,,,,0,0,0,0,0,0,,,,,,,0,,0,,,-19.869743,4,266.471857,25.443141,-19.869743,,,0,0,0,0,
34.680594,1785223711.979017973,search_second_car,50,-40,-40,paper_search_second_vehicle,30,30,13,17,3,1,1,0,0,0,0,30,1,0,0,5,1,-66.656250,49.625000,-8.515625,2891.000000,1825.000000,0,,,,,,,,two_tangents_not_visible,,,,,,,0,0,0,0,0,0,,,,,,,0,,0,,,-31.248921,4,152.126047,73.834393,-31.248921,,,0,0,0,0,
34.769616,1785223711.979017973,search_second_car,50,-40,-40,paper_search_second_vehicle,30,30,13,17,3,1,1,0,0,0,0,30,1,0,0,5,1,-66.656250,49.625000,-8.515625,2891.000000,1825.000000,0,,,,,,,,two_tangents_not_visible,,,,,,,0,0,0,0,0,0,,,,,,,0,,0,,,-31.248921,4,152.126047,73.834393,-31.248921,,,0,0,0,0,
34.862989,1785223712.090132952,search_second_car,50,-40,-40,paper_search_second_vehicle,18,18,9,9,3,1,1,0,0,0,0,31,1,0,0,5,1,-66.656250,49.140625,-8.757812,2891.000000,1831.250000,0,,,,,,,,two_tangents_not_visible,,,,,,,0,0,0,0,0,0,,,,,,,0,,0,,,,0,,,,,,0,0,0,0,
34.950509,1785223712.201778889,search_second_car,50,-40,-40,paper_search_second_vehicle,24,24,6,18,3,1,1,0,0,0,0,32,1,0,0,5,1,-66.656250,49.140625,-8.757812,2891.000000,1831.250000,0,,,,,,,,two_tangents_not_visible,,,,,,,0,0,0,0,0,0,,,,,,,0,,0,,,,0,,,,,,0,0,0,0,
35.036574,1785223712.313292980,search_second_car,50,-40,-40,paper_search_second_vehicle,24,24,8,16,3,1,1,0,0,0,0,33,1,0,0,5,1,-66.656250,48.562500,-9.046875,2891.000000,1841.000000,0,,,,,,,,two_tangents_not_visible,,,,,,,0,0,0,0,0,0,,,,,,,0,,0,,,-29.791169,4,263.788313,45.086095,-29.791169,,,0,0,0,0,
35.124406,1785223712.313292980,search_second_car,50,-40,-40,paper_search_second_vehicle,24,24,8,16,3,1,1,0,0,0,0,33,1,0,0,5,1,-66.656250,48.562500,-9.046875,2891.000000,1841.000000,0,,,,,,,,two_tangents_not_visible,,,,,,,0,0,0,0,0,0,,,,,,,0,,0,,,-29.791169,4,263.788313,45.086095,-29.791169,,,0,0,0,0,
35.210931,1785223712.424733877,search_second_car,50,-40,-40,paper_search_second_vehicle,27,27,9,18,3,1,1,0,0,0,0,34,1,0,0,5,1,-66.656250,48.562500,-9.046875,2891.000000,1841.000000,0,,,,,,,,two_tangents_not_visible,,,,,,,0,0,0,0,0,0,,,,,,,0,,0,,,-35.428912,4,155.199519,105.669770,-35.428912,,,0,0,0,0,
35.299526,1785223712.535841942,search_second_car,50,-40,-40,paper_search_second_vehicle,25,25,11,14,3,1,1,0,0,0,0,35,1,0,0,5,1,-67.343750,48.562500,-9.390625,2880.000000,1841.000000,0,,,,,,,,two_tangents_not_visible,,,,,,,0,0,0,0,0,0,,,,,,,0,,0,,,,0,,,,,,0,0,0,0,
35.389285,1785223712.647913933,search_second_car,50,-40,-40,paper_search_second_vehicle,23,23,12,11,3,1,1,0,0,0,0,36,1,0,0,5,1,-67.343750,48.562500,-9.390625,2880.000000,1841.000000,0,,,,,,,,two_tangents_not_visible,,,,,,,0,0,0,0,0,0,,,,,,,0,,0,,,,0,,,,,,0,0,0,0,
35.477043,1785223712.759150028,search_second_car,50,-40,-40,paper_search_second_vehicle,31,31,11,20,3,1,1,0,0,0,0,37,1,0,0,5,1,-67.343750,48.562500,-9.390625,2880.000000,1841.000000,0,,,,,,,,two_tangents_not_visible,,,,,,,0,0,0,0,0,0,,,,,,,0,,0,,,,0,,,,,,0,0,0,0,
35.564653,1785223712.759150028,search_second_car,50,-40,-40,paper_search_second_vehicle,31,31,11,20,3,1,1,0,0,0,0,37,1,0,0,5,1,-67.343750,48.562500,-9.390625,2880.000000,1841.000000,0,,,,,,,,two_tangents_not_visible,,,,,,,0,0,0,0,0,0,,,,,,,0,,0,,,,0,,,,,,0,0,0,0,
35.653628,1785223712.873954058,search_second_car,50,-40,-40,paper_search_second_vehicle,29,29,11,18,4,1,1,0,0,0,0,38,1,0,0,5,1,-67.343750,46.328125,-10.507812,2880.000000,1889.250000,0,,,,,,,,two_tangents_not_visible,,,,,,,0,0,0,0,0,0,,,,,,,0,,0,,,-24.527131,4,222.719729,51.449754,-24.527131,,,0,0,0,0,
35.742604,1785223712.984770060,search_second_car,50,-40,-40,paper_search_second_vehicle,28,28,12,16,4,1,1,0,0,0,0,39,1,0,0,5,1,-67.343750,46.328125,-10.507812,2880.000000,1889.250000,0,,,,,,,,two_tangents_not_visible,,,,,,,0,0,0,0,0,0,,,,,,,0,,0,,,,0,,,,,,0,0,0,0,
35.830939,1785223713.096023083,search_second_car,50,-40,-40,paper_search_second_vehicle,25,25,12,13,3,1,1,0,0,0,0,40,1,0,0,5,1,-67.921875,46.234375,-10.843750,2908.250000,1898.250000,0,,,,,,,,two_tangents_not_visible,,,,,,,0,0,0,0,0,0,,,,,,,0,,0,,,,0,,,,,,0,0,0,0,
35.923948,1785223713.207104921,search_second_car,50,-40,-40,paper_search_second_vehicle,22,22,8,14,4,1,1,0,0,0,0,41,1,0,0,5,1,-67.921875,45.406250,-11.257812,2908.250000,1918.500000,0,,,,,,,,two_tangents_not_visible,,,,,,,0,0,0,0,0,0,,,,,,,0,,0,,,-25.606763,4,224.928290,48.703727,-25.606763,,,0,0,0,0,
36.011669,1785223713.207104921,search_second_car,50,-40,-40,paper_search_second_vehicle,22,22,8,14,4,1,1,0,0,0,0,41,1,0,0,5,1,-67.921875,45.406250,-11.257812,2908.250000,1918.500000,0,,,,,,,,two_tangents_not_visible,,,,,,,0,0,0,0,0,0,,,,,,,0,,0,,,-25.606763,4,224.928290,48.703727,-25.606763,,,0,0,0,0,
36.099968,1785223713.319068909,search_second_car,50,-40,-40,paper_search_second_vehicle,27,27,11,16,3,1,1,0,0,0,0,42,1,0,0,5,1,-67.312500,45.406250,-10.953125,2991.500000,1918.500000,0,,,,,,,,two_tangents_not_visible,,,,,,,0,0,0,0,0,0,,,,,,,0,,0,,,,0,,,,,,0,0,0,0,
36.188306,1785223713.430586100,search_second_car,50,-40,-40,paper_search_second_vehicle,26,26,11,15,2,1,1,0,0,0,0,43,1,0,0,5,1,-67.312500,43.750000,-11.781250,2991.500000,1966.000000,0,,,,,,,,two_tangents_not_visible,,,,,,,0,0,0,0,0,0,,,,,,,0,,0,,,-18.915571,5,238.664064,80.461422,-18.915571,,,0,0,0,0,
36.276458,1785223713.541616917,search_second_car,50,-40,-40,paper_search_second_vehicle,23,23,10,13,2,1,1,0,0,0,0,44,1,0,0,5,1,-63.156250,43.750000,-9.703125,2999.000000,1966.000000,0,,,,,,,,two_tangents_not_visible,,,,,,,0,0,0,0,0,0,,,,,,,0,,0,,,-25.944904,4,229.281541,53.485768,-25.944904,,,0,0,0,0,
36.365311,1785223713.652387142,search_second_car,50,-40,-40,paper_search_second_vehicle,27,27,9,18,2,1,1,0,0,0,0,45,1,0,0,5,1,-63.156250,43.750000,-9.703125,2999.000000,1966.000000,0,,,,,,,,two_tangents_not_visible,,,,,,,0,0,0,0,0,0,,,,,,,0,,0,,,,0,,,,,,0,0,0,0,
36.457377,1785223713.652387142,search_second_car,50,-40,-40,paper_search_second_vehicle,27,27,9,18,2,1,1,0,0,0,0,45,1,0,0,5,1,-63.156250,43.750000,-9.703125,2999.000000,1966.000000,0,,,,,,,,two_tangents_not_visible,,,,,,,0,0,0,0,0,0,,,,,,,0,,0,,,,0,,,,,,0,0,0,0,
36.544873,1785223713.767910957,search_second_car,50,-40,-40,paper_search_second_vehicle,20,20,9,11,2,1,1,0,0,0,0,46,1,0,0,5,1,-63.156250,43.750000,-9.703125,2999.000000,1966.000000,0,,,,,,,,two_tangents_not_visible,,,,,,,0,0,0,0,0,0,,,,,,,0,,0,,,,0,,,,,,0,0,0,0,
36.632841,1785223713.879570007,search_second_car,50,-40,-40,paper_search_second_vehicle,22,22,9,13,2,1,1,0,0,0,0,47,1,0,0,5,1,-63.156250,43.750000,-9.703125,2999.000000,1966.000000,0,,,,,,,,two_tangents_not_visible,,,,,,,0,0,0,0,0,0,,,,,,,0,,0,,,,0,,,,,,0,0,0,0,
36.719680,1785223713.989856005,search_second_car,50,-40,-40,paper_search_second_vehicle,25,25,9,16,2,1,1,0,0,0,0,48,1,0,0,5,1,-63.156250,44.015625,-9.570313,2999.000000,1952.750000,0,,,,,,,,two_tangents_not_visible,,,,,,,0,0,0,0,0,0,,,,,,,0,,0,,,,0,,,,,,0,0,0,0,
36.808427,1785223714.101693869,search_second_car,50,-40,-40,paper_search_second_vehicle,23,23,9,14,1,0,1,0,0,0,0,49,1,0,0,5,0,,,,,,0,,,,,,,,two_tangents_not_visible,,,,,,,0,0,0,0,0,0,,,,,,,0,,0,,,-27.589754,4,174.367742,55.752599,-27.589754,,,0,0,0,0,
36.896351,1785223714.101693869,search_second_car,50,-40,-40,paper_search_second_vehicle,23,23,9,14,1,0,1,0,0,0,0,49,1,0,0,5,0,,,,,,0,,,,,,,,two_tangents_not_visible,,,,,,,0,0,0,0,0,0,,,,,,,0,,0,,,-27.589754,4,174.367742,55.752599,-27.589754,,,0,0,0,0,
36.988672,1785223714.213616133,search_second_car,50,-40,-40,paper_search_second_vehicle,24,24,11,13,1,0,1,0,0,0,0,50,1,0,0,5,0,,,,,,0,,,,,,,,two_tangents_not_visible,,,,,,,0,0,0,0,0,0,,,,,,,0,,0,,,,0,,,,,,0,0,0,0,
37.075673,1785223714.324765921,search_second_car,50,-40,-40,paper_search_second_vehicle,25,25,11,14,2,0,1,0,0,0,0,51,1,0,0,5,0,,,,,,0,,,,,,,,two_tangents_not_visible,,,,,,,0,0,0,0,0,0,,,,,,,0,,0,,,,0,,,,,,0,0,0,0,
37.162326,1785223714.436351061,search_second_car,50,-40,-40,paper_search_second_vehicle,15,15,7,8,1,0,1,0,0,0,0,52,1,0,0,5,0,,,,,,0,,,,,,,,two_tangents_not_visible,,,,,,,0,0,0,0,0,0,,,,,,,0,,0,,,,0,,,,,,0,0,0,0,
37.250467,1785223714.546715975,search_second_car,50,-40,-40,paper_search_second_vehicle,27,27,10,17,2,0,1,0,0,0,0,53,1,0,0,5,0,,,,,,0,,,,,,,,two_tangents_not_visible,,,,,,,0,0,0,0,0,0,,,,,,,0,,0,,,,0,,,,,,0,0,0,0,
37.337646,1785223714.546715975,search_second_car,50,-40,-40,paper_search_second_vehicle,27,27,10,17,2,0,1,0,0,0,0,53,1,0,0,5,0,,,,,,0,,,,,,,,two_tangents_not_visible,,,,,,,0,0,0,0,0,0,,,,,,,0,,0,,,,0,,,,,,0,0,0,0,
37.425499,1785223714.658563137,search_second_car,50,-40,-40,paper_search_second_vehicle,27,27,11,16,2,0,1,0,0,0,0,54,1,0,0,5,0,,,,,,0,,,,,,,,two_tangents_not_visible,,,,,,,0,0,0,0,0,0,,,,,,,0,,0,,,,0,,,,,,0,0,0,0,
37.518949,1785223714.769441128,search_second_car,50,-40,-40,paper_search_second_vehicle,14,14,10,4,2,0,1,0,0,0,0,55,1,0,0,5,0,,,,,,0,,,,,,,,two_tangents_not_visible,,,,,,,0,0,0,0,0,0,,,,,,,0,,0,,,,0,,,,,,0,0,0,0,
37.606158,1785223714.884495020,search_second_car,50,-40,-40,paper_search_second_vehicle,23,23,11,12,2,0,1,0,0,0,0,56,1,0,0,5,0,,,,,,0,,,,,,,,two_tangents_not_visible,,,,,,,0,0,0,0,0,0,,1543.000000,,,,,0,,0,,,,0,,,,,,0,0,0,0,
37.693750,1785223714.884495020,search_second_car,50,-40,-40,paper_search_second_vehicle,23,23,11,12,2,0,1,0,0,0,0,56,1,0,0,5,0,,,,,,0,,,,,,,,two_tangents_not_visible,,,,,,,0,0,0,0,0,0,,1543.000000,,,,,0,,0,,,,0,,,,,,0,0,0,0,
37.781214,1785223714.995431900,search_second_car,50,-40,-40,paper_search_second_vehicle,23,23,7,16,2,0,1,0,0,0,0,57,1,0,0,5,0,,,,,,0,,,,,,,,two_tangents_not_visible,,,,,,,0,0,0,0,0,0,,,,,,,0,,0,,,,0,,,,,,0,0,0,0,
37.869402,1785223715.107351065,search_second_car,50,-40,-40,paper_search_second_vehicle,15,15,11,4,1,0,1,0,0,0,0,58,1,0,0,5,0,,,,,,0,,,,,,,,two_tangents_not_visible,,,,,,,0,0,0,0,0,0,,,,,,,0,,0,,,,0,,,,,,0,0,0,0,
37.955964,1785223715.218521118,search_second_car,50,-40,-40,paper_search_second_vehicle,24,24,11,13,2,0,1,0,0,0,0,59,1,0,0,5,0,,,,,,0,,,,,,,,two_tangents_not_visible,,,,,,,0,0,0,0,0,0,,1473.250000,,,,,0,,0,,,,0,,,,,,0,0,0,0,
38.048362,1785223715.329747915,search_second_car,50,-40,-40,paper_search_second_vehicle,20,20,11,9,2,1,1,0,0,0,0,60,1,0,0,5,1,49.468750,98.187500,73.828125,2277.750000,1543.000000,0,,,,,,,,two_tangents_not_visible,,,,,,,0,0,0,0,0,0,,1468.000000,,,,,0,,0,,,,0,,,,,,0,0,0,0,
38.136497,1785223715.329747915,search_second_car,50,-40,-40,paper_search_second_vehicle,20,20,11,9,2,1,1,0,0,0,0,60,1,0,0,5,1,49.468750,98.187500,73.828125,2277.750000,1543.000000,0,,,,,,,,two_tangents_not_visible,,,,,,,0,0,0,0,0,0,,1468.000000,,,,,0,,0,,,,0,,,,,,0,0,0,0,
38.224146,1785223715.441328049,search_second_car,50,-40,-40,paper_search_second_vehicle,19,19,9,10,3,1,1,0,0,0,0,61,1,0,0,5,1,49.468750,98.625000,74.046875,2277.750000,1454.000000,0,,,,,,,,two_tangents_not_visible,,,,,,,0,0,0,0,0,0,,1454.000000,,,,,0,,0,,,,0,,,,,,0,0,0,0,
38.311607,1785223715.552480936,search_second_car,50,-40,-40,paper_search_second_vehicle,17,17,8,9,2,1,1,0,0,0,0,62,1,0,0,5,1,48.609375,97.375000,72.992188,2310.250000,1457.750000,0,,,,,,,,two_tangents_not_visible,,,,,,,0,0,0,0,0,0,,1447.250000,,,,,0,,0,,,,0,,,,,,0,0,0,0,
38.396570,1785223715.663867950,search_second_car,50,-40,-40,paper_search_second_vehicle,20,20,10,10,3,1,1,0,0,0,0,63,1,0,0,5,1,48.609375,97.375000,72.992188,2310.250000,1457.750000,0,,,,,,,,two_tangents_not_visible,,,,,,,0,0,0,0,0,0,,1445.750000,,,,,0,,0,,,,0,,,,,,0,0,0,0,
38.485717,1785223715.774921894,search_second_car,50,-40,-40,paper_search_second_vehicle,19,19,9,10,3,1,1,0,1,3,1,0,1,0,0,5,1,47.718750,96.265625,71.992188,2334.250000,1448.500000,0,,,,,,,,two_tangents_not_visible,,,,,,,0,0,0,0,0,0,,1444.000000,,,,,0,,0,,,,0,,,,,,0,0,0,0,
38.580401,1785223715.774921894,search_second_car,50,-40,-40,paper_search_second_vehicle,19,19,9,10,3,1,1,0,1,3,1,0,1,0,0,5,1,47.718750,96.265625,71.992188,2334.250000,1448.500000,0,,,,,,,,two_tangents_not_visible,,,,,,,0,0,0,0,0,0,,1444.000000,,,,,0,,0,,,,0,,,,,,0,0,0,0,
38.668660,1785223715.887258768,prealign_left,50,-150,-40,figure7_t_entry_left entryCenter=+65.6 target<=45.0 confirm=0/3,20,20,10,10,3,1,2,1,1,4,2,0,2,0,0,5,1,47.718750,94.828125,71.273438,2334.250000,1463.750000,1,47.718750,94.828125,71.273438,2334.250000,1463.750000,1714.756170,65.567437,median_filtered_pair,,,,,,,0,0,0,0,0,0,,1442.250000,,,,,0,,0,,,10.108818,4,125.984797,33.087270,10.108818,,,0,0,0,0,
38.757959,1785223715.998697996,prealign_left,50,-150,-40,figure7_t_entry_left entryCenter=+64.4 target<=45.0 confirm=0/3,23,23,12,11,2,1,2,1,1,4,3,0,2,0,0,5,1,42.046875,94.828125,68.437500,2097.750000,1463.750000,1,44.882812,94.828125,69.855469,2216.000000,1463.750000,1696.613342,64.416825,median_filtered_pair,,,,,,,0,0,0,0,0,0,,1435.000000,,,,,0,,0,,,-2.402121,4,126.144985,60.234020,-2.402121,,,0,0,0,0,
38.846213,1785223716.112785816,prealign_left,50,-150,-40,figure7_t_entry_left entryCenter=+63.4 target<=45.0 confirm=0/3,19,19,8,11,2,1,2,1,1,4,4,0,2,0,0,5,1,42.046875,93.609375,67.828125,2097.750000,1451.750000,1,42.046875,94.828125,68.437500,2097.750000,1463.750000,1681.837315,63.389605,median_filtered_pair,,,,,,,0,0,0,0,0,0,,1434.500000,,,,,0,,0,,,11.074269,4,125.076688,105.868086,11.074269,,,0,0,0,0,
38.935019,1785223716.223537922,prealign_left,50,-150,-40,figure7_t_entry_left entryCenter=+62.8 target<=45.0 confirm=0/3,22,22,9,13,2,1,2,1,1,4,5,0,2,0,0,5,1,43.921875,93.437500,68.679688,2263.500000,1436.750000,1,42.046875,93.609375,68.437500,2097.750000,1451.750000,1649.761273,62.804308,median_filtered_pair,,,,,,,0,0,0,0,0,0,,1432.000000,,,,,0,,0,,,4.096062,4,124.384455,444.698813,4.096062,,,0,0,0,0,
39.024149,1785223716.223537922,prealign_left,50,-150,-40,figure7_t_entry_left entryCenter=+62.8 target<=45.0 confirm=0/3,22,22,9,13,2,1,2,1,1,4,5,0,2,0,0,5,1,43.921875,93.437500,68.679688,2263.500000,1436.750000,1,42.046875,93.609375,68.437500,2097.750000,1451.750000,1649.761273,62.804308,median_filtered_pair,,,,,,,0,0,0,0,0,0,,1432.000000,,,,,0,,0,,,4.096062,4,124.384455,444.698813,4.096062,,,0,0,0,0,
39.117909,1785223716.334908962,prealign_left,50,-150,-40,figure7_t_entry_left entryCenter=+62.4 target<=45.0 confirm=0/3,20,20,9,11,2,1,2,1,1,5,6,0,2,0,0,5,1,40.968750,93.125000,67.046875,2137.250000,1433.250000,1,42.046875,93.437500,67.828125,2137.250000,1436.750000,1673.265146,62.354663,median_filtered_pair,,,,,,,0,0,0,0,0,0,,1423.000000,,,,,0,,0,,,-3.754477,5,168.355383,50.179252,-3.754477,,,0,0,0,0,
39.205300,1785223716.446267843,prealign_left,50,-150,-40,figure7_t_entry_left entryCenter=+61.5 target<=45.0 confirm=0/3,22,22,9,13,2,1,2,1,1,6,7,0,2,0,0,5,1,40.968750,91.328125,66.148438,2137.250000,1432.750000,1,40.968750,93.125000,67.046875,2137.250000,1433.250000,1692.163543,61.534907,median_filtered_pair,,,,,,,0,0,0,0,0,0,,1421.750000,,,,,0,,0,,,-5.412151,6,212.774191,59.047128,-5.412151,,,0,0,0,0,
39.291215,1785223716.557722807,prealign_left,50,-150,-40,figure7_t_entry_left entryCenter=+60.9 target<=45.0 confirm=0/3,18,18,8,10,2,1,2,1,1,6,8,0,2,0,0,5,1,47.187500,89.921875,68.554688,2552.250000,1437.500000,1,40.968750,91.328125,67.046875,2137.250000,1433.250000,1647.290341,60.852460,median_filtered_pair,,,,,,,0,0,0,0,0,0,,1414.250000,,,,,0,,0,,,-0.777891,6,205.537944,48.378858,-0.777891,,,0,0,0,0,
39.379756,1785223716.669510841,prealign_left,50,-150,-40,figure7_t_entry_left entryCenter=+62.3 target<=45.0 confirm=0/3,21,21,9,12,2,1,2,1,1,7,9,0,2,0,0,5,1,47.187500,88.640625,67.914062,2552.250000,1435.250000,1,47.187500,89.921875,67.914062,2552.250000,1435.250000,1786.826342,62.300322,median_filtered_pair,,,,,,,0,0,0,0,0,0,,1408.250000,,,,,0,,0,,,-6.440030,7,254.226471,34.671002,-6.440030,,,0,0,0,0,
39.468533,1785223716.669510841,prealign_left,50,-150,-40,figure7_t_entry_left entryCenter=+62.3 target<=45.0 confirm=0/3,21,21,9,12,2,1,2,1,1,7,9,0,2,0,0,5,1,47.187500,88.640625,67.914062,2552.250000,1435.250000,1,47.187500,89.921875,67.914062,2552.250000,1435.250000,1786.826342,62.300322,median_filtered_pair,,,,,,,0,0,0,0,0,0,,1408.250000,,,,,0,,0,,,-6.440030,7,254.226471,34.671002,-6.440030,,,0,0,0,0,
39.556680,1785223716.780628920,prealign_left,50,-150,-40,figure7_t_entry_left entryCenter=+61.9 target<=45.0 confirm=0/3,24,24,9,15,3,1,2,1,1,6,10,0,2,0,0,5,1,47.187500,87.750000,67.468750,2552.250000,1428.250000,1,47.187500,88.640625,67.914062,2552.250000,1435.250000,1755.826953,61.863361,median_filtered_pair,,,,,,,0,0,0,0,0,0,,1405.750000,,,,,0,,0,,,-2.649940,6,204.091239,52.669877,-2.649940,,,0,0,0,0,
39.649453,1785223716.892485857,prealign_left,50,-150,-40,figure7_t_entry_left entryCenter=+61.5 target<=45.0 confirm=0/3,18,18,5,13,3,1,2,1,1,6,11,0,2,0,0,5,1,47.187500,86.453125,66.820312,2552.250000,1432.000000,1,47.187500,87.750000,67.468750,2552.250000,1432.000000,1735.364196,61.536821,median_filtered_pair,,,,,,,0,0,0,0,0,0,,1401.000000,,,,,0,,0,,,-1.404681,6,207.833939,39.379226,-1.404681,,,0,0,0,0,
39.737266,1785223717.003962994,prealign_left,50,-150,-40,figure7_t_entry_left entryCenter=+61.1 target<=45.0 confirm=0/3,24,24,9,15,2,1,2,1,1,7,12,0,2,0,0,5,1,46.203125,86.453125,66.328125,2598.000000,1432.000000,1,47.187500,86.453125,66.820312,2552.250000,1432.000000,1704.503142,61.092618,median_filtered_pair,,,,,,,0,0,0,0,0,0,,1397.250000,,,,,0,,0,,,-17.376147,7,263.238595,42.729098,-17.376147,,,0,0,0,0,
39.826256,1785223717.114864826,prealign_left,50,-150,-40,figure7_t_entry_left entryCenter=+60.3 target<=45.0 confirm=0/3,22,22,10,12,3,1,2,1,1,6,13,0,2,0,0,5,1,46.203125,85.343750,65.773438,2598.000000,1413.000000,1,46.203125,86.453125,66.328125,2598.000000,1432.000000,1766.710370,60.276068,median_filtered_pair,,,,,,,0,0,0,0,0,0,,1399.250000,,,,,0,,0,,,-10.849345,6,213.402085,61.591391,-10.849345,,,0,0,0,0,
39.915441,1785223717.114864826,prealign_left,50,-150,-40,figure7_t_entry_left entryCenter=+60.3 target<=45.0 confirm=0/3,22,22,10,12,3,1,2,1,1,6,13,0,2,0,0,5,1,46.203125,85.343750,65.773438,2598.000000,1413.000000,1,46.203125,86.453125,66.328125,2598.000000,1432.000000,1766.710370,60.276068,median_filtered_pair,,,,,,,0,0,0,0,0,0,,1399.250000,,,,,0,,0,,,-10.849345,6,213.402085,61.591391,-10.849345,,,0,0,0,0,
40.004842,1785223717.226394892,prealign_left,50,-150,-40,figure7_t_entry_left entryCenter=+59.8 target<=45.0 confirm=0/3,15,15,5,10,3,1,2,1,1,6,14,0,2,0,0,5,1,42.656250,83.968750,63.312500,2566.750000,1408.750000,1,46.203125,85.343750,65.773438,2598.000000,1413.000000,1746.930221,59.777751,median_filtered_pair,,,,,,,0,0,0,0,0,0,,1391.250000,,,,,0,,0,,,-9.214060,6,204.594327,48.954119,-9.214060,,,0,0,0,0,
40.094508,1785223717.341428995,prealign_left,50,-150,-40,figure7_t_entry_left entryCenter=+57.1 target<=45.0 confirm=0/3,23,23,11,12,3,1,2,1,1,6,15,0,2,0,0,5,1,42.656250,82.515625,62.585938,2566.750000,1410.250000,1,42.656250,83.968750,63.312500,2566.750000,1410.250000,1771.796454,57.056183,median_filtered_pair,,,,,,,0,0,0,0,0,0,,1386.750000,,,,,0,,0,,,-6.259528,6,204.500168,50.681151,-6.259528,,,0,0,0,0,
40.188351,1785223717.452154160,prealign_left,50,-150,-40,figure7_t_entry_left entryCenter=+56.6 target<=45.0 confirm=0/3,25,25,14,11,3,2,2,1,1,7,16,0,2,0,0,5,1,42.656250,82.515625,62.585938,2566.750000,1410.250000,1,42.656250,82.515625,62.585938,2566.750000,1410.250000,1737.760967,56.567051,median_filtered_pair,,,,,,,0,0,0,0,0,0,,1383.500000,,,,,0,,0,,,-21.174992,7,259.742966,39.157717,-21.174992,,,0,0,0,0,
40.277274,1785223717.563969135,prealign_left,50,-150,-40,figure7_t_entry_left entryCenter=+56.6 target<=45.0 confirm=0/3,21,21,12,9,3,2,2,1,1,7,17,0,2,0,0,5,1,41.296875,81.250000,61.273438,2544.250000,1394.250000,1,42.656250,82.515625,62.585938,2566.750000,1410.250000,1737.760967,56.567051,median_filtered_pair,,,,,,,0,0,0,0,0,0,,1380.750000,,,,,0,,0,,,-19.792129,7,255.654999,42.526770,-19.792129,,,0,0,0,0,
40.365766,1785223717.563969135,prealign_left,50,-150,-40,figure7_t_entry_left entryCenter=+56.6 target<=45.0 confirm=0/3,21,21,12,9,3,2,2,1,1,7,17,0,2,0,0,5,1,41.296875,81.250000,61.273438,2544.250000,1394.250000,1,42.656250,82.515625,62.585938,2566.750000,1410.250000,1737.760967,56.567051,median_filtered_pair,,,,,,,0,0,0,0,0,0,,1380.750000,,,,,0,,0,,,-19.792129,7,255.654999,42.526770,-19.792129,,,0,0,0,0,
40.454541,1785223717.675464869,prealign_left,50,-150,-40,figure7_t_entry_left entryCenter=+55.2 target<=45.0 confirm=0/3,25,25,13,12,4,2,2,1,1,7,18,0,2,0,0,5,1,40.109375,79.875000,59.992188,2574.500000,1398.250000,1,41.296875,81.250000,61.273438,2566.750000,1398.250000,1743.827054,55.158840,median_filtered_pair,,,,,,,0,0,0,0,0,0,,1381.000000,,,,,0,,0,,,-18.680748,7,253.287640,39.017206,-18.680748,,,0,0,0,0,
40.543630,1785223717.785985947,prealign_left,50,-150,-40,figure7_t_entry_left entryCenter=+53.9 target<=45.0 confirm=0/3,27,27,17,10,3,2,2,1,1,7,19,0,2,0,0,5,1,40.109375,78.828125,59.468750,2574.500000,1394.250000,1,40.109375,79.875000,59.992188,2574.500000,1394.250000,1747.491078,53.853550,median_filtered_pair,,,,,,,0,0,0,0,0,0,,1378.000000,,,,,0,,0,,,-19.620893,7,251.484439,41.117079,-19.620893,,,0,0,0,0,
40.631817,1785223717.897814989,prealign_left,50,-150,-40,figure7_t_entry_left entryCenter=+53.5 target<=45.0 confirm=0/3,20,20,11,9,3,2,2,1,1,7,20,0,2,0,0,5,1,36.437500,77.609375,57.023438,2580.000000,1394.250000,1,40.109375,78.828125,59.468750,2574.500000,1394.250000,1723.585763,53.503610,median_filtered_pair,,,,,,,0,0,0,0,0,0,,1377.750000,,,,,0,,0,,,-20.067483,7,251.627794,41.489572,-20.067483,,,0,0,0,0,
40.725953,1785223718.009115934,prealign_left,50,-150,-40,figure7_t_entry_left entryCenter=+51.2 target<=45.0 confirm=0/3,23,23,9,14,3,2,2,1,1,7,21,0,2,0,0,5,1,37.265625,76.265625,56.765625,2708.000000,1400.750000,1,37.265625,77.609375,57.023438,2580.000000,1394.250000,1765.502798,51.182383,median_filtered_pair,,,,,,,0,0,0,0,0,0,,1378.500000,,,,,0,,0,,,-18.371000,7,248.356486,38.065312,-18.371000,,,0,0,0,0,
40.814459,1785223718.009115934,prealign_left,50,-150,-40,figure7_t_entry_left entryCenter=+51.2 target<=45.0 confirm=0/3,23,23,9,14,3,2,2,1,1,7,21,0,2,0,0,5,1,37.265625,76.265625,56.765625,2708.000000,1400.750000,1,37.265625,77.609375,57.023438,2580.000000,1394.250000,1765.502798,51.182383,median_filtered_pair,,,,,,,0,0,0,0,0,0,,1378.500000,,,,,0,,0,,,-18.371000,7,248.356486,38.065312,-18.371000,,,0,0,0,0,
40.902775,1785223718.121036053,prealign_left,50,-150,-40,figure7_t_entry_left entryCenter=+50.3 target<=45.0 confirm=0/3,11,11,2,9,3,2,2,1,1,7,22,0,2,0,0,5,1,37.265625,74.812500,56.039062,2708.000000,1406.500000,1,37.265625,76.265625,56.765625,2708.000000,1400.750000,1843.793985,50.337376,median_filtered_pair,,,,,,,0,0,0,0,0,0,,1376.500000,,,,,0,,0,,,-14.771991,7,246.180543,35.150007,-14.771991,,,0,0,0,0,
40.991668,1785223718.231495857,prealign_left,50,-150,-40,figure7_t_entry_left entryCenter=+49.9 target<=45.0 confirm=0/3,17,17,7,10,3,2,2,1,1,7,23,0,2,0,0,5,1,37.265625,73.578125,55.421875,2708.000000,1415.500000,1,37.265625,74.812500,56.039062,2708.000000,1406.500000,1808.825746,49.902162,median_filtered_pair,,,,,,,0,0,0,0,0,0,,1376.500000,,,,,0,,0,,,-13.336382,7,242.601775,30.263101,-13.336382,,,0,0,0,0,
41.079749,1785223718.342751980,prealign_left,50,-150,-40,figure7_t_entry_left entryCenter=+49.6 target<=45.0 confirm=0/3,13,13,2,11,2,1,2,1,1,7,24,0,2,0,0,5,1,37.265625,73.578125,55.421875,2708.000000,1415.500000,1,37.265625,73.578125,55.421875,2708.000000,1415.500000,1777.461079,49.552992,median_filtered_pair,,,,,,,0,0,0,0,0,0,,1375.750000,,,,,0,,0,,,-24.077145,7,253.185562,39.083470,-24.077145,,,0,0,0,0,
41.168243,1785223718.454802990,prealign_left,50,-150,-40,figure7_t_entry_left entryCenter=+49.6 target<=45.0 confirm=0/3,17,17,6,11,3,1,2,1,1,7,25,0,2,0,0,5,1,33.937500,72.015625,52.976562,2612.500000,1402.250000,1,37.265625,73.578125,55.421875,2708.000000,1415.500000,1777.461079,49.552992,median_filtered_pair,,,,,,,0,0,0,0,0,0,,1376.000000,,,,,0,,0,,,-18.736406,7,244.943995,38.674097,-18.736406,,,0,0,0,0,
41.262602,1785223718.454802990,prealign_left,50,-150,-40,figure7_t_entry_left entryCenter=+49.6 target<=45.0 confirm=0/3,17,17,6,11,3,1,2,1,1,7,25,0,2,0,0,5,1,33.937500,72.015625,52.976562,2612.500000,1402.250000,1,37.265625,73.578125,55.421875,2708.000000,1415.500000,1777.461079,49.552992,median_filtered_pair,,,,,,,0,0,0,0,0,0,,1376.000000,,,,,0,,0,,,-18.736406,7,244.943995,38.674097,-18.736406,,,0,0,0,0,
41.350509,1785223718.566950798,prealign_left,50,-150,-40,figure7_t_entry_left entryCenter=+47.2 target<=45.0 confirm=0/3,18,18,8,10,2,1,2,1,1,6,26,0,2,0,0,5,1,34.609375,70.671875,52.640625,2771.000000,1408.750000,1,34.609375,72.015625,52.976562,2708.000000,1408.750000,1804.751888,47.213915,median_filtered_pair,,,,,,,0,0,0,0,0,0,,1375.750000,,,,,0,,0,,,-11.618792,6,202.146929,57.826245,-11.618792,,,0,0,0,0,
41.437543,1785223718.680518866,prealign_left,50,-150,-40,figure7_t_entry_left entryCenter=+46.6 target<=45.0 confirm=0/3,15,15,5,10,2,1,2,1,1,5,27,0,2,0,0,5,1,34.609375,69.296875,51.953125,2771.000000,1413.000000,1,34.609375,70.671875,52.640625,2771.000000,1408.750000,1830.790770,46.584581,median_filtered_pair,,,,,,,0,0,0,0,0,0,,1378.500000,,,,,0,,0,,,-11.403279,6,203.573553,69.970141,-11.403279,,,0,0,0,0,
41.522956,1785223718.791858912,prealign_left,50,-150,-40,figure7_t_entry_left entryCenter=+46.2 target<=45.0 confirm=0/3,20,20,10,10,3,1,2,1,1,4,28,0,2,0,0,5,1,34.609375,68.406250,51.507812,2771.000000,1412.250000,1,34.609375,69.296875,51.953125,2771.000000,1412.250000,1799.236790,46.160949,median_filtered_pair,,,,,,,0,0,0,0,0,0,,1382.000000,,,,,0,,0,,,-12.267862,6,200.390267,116.000011,-12.267862,,,0,0,0,0,
41.612601,1785223718.902725935,prealign_left,50,-150,-40,figure7_t_entry_left entryCenter=+45.9 target<=45.0 confirm=0/3,15,15,4,11,3,1,2,1,1,4,29,0,2,0,0,5,1,34.609375,67.453125,51.031250,2771.000000,1415.750000,1,34.609375,68.406250,51.507812,2771.000000,1413.000000,1779.736218,45.876527,median_filtered_pair,,,,,,,0,0,0,0,0,0,,1385.750000,,,,,0,,0,,,-13.197654,6,202.038418,115.271494,-13.197654,,,0,0,0,0,
41.702314,1785223718.902725935,prealign_left,50,-150,-40,figure7_t_entry_left entryCenter=+45.9 target<=45.0 confirm=0/3,15,15,4,11,3,1,2,1,1,4,29,0,2,0,0,5,1,34.609375,67.453125,51.031250,2771.000000,1415.750000,1,34.609375,68.406250,51.507812,2771.000000,1413.000000,1779.736218,45.876527,median_filtered_pair,,,,,,,0,0,0,0,0,0,,1385.750000,,,,,0,,0,,,-13.197654,6,202.038418,115.271494,-13.197654,,,0,0,0,0,
41.796979,1785223719.014588833,prealign_left,50,-150,-40,figure7_t_entry_left entryCenter=+45.6 target<=45.0 confirm=0/3,18,18,8,10,2,1,2,1,1,3,30,0,2,0,0,5,1,33.234375,66.531250,49.882812,2758.250000,1414.250000,1,34.609375,67.453125,51.031250,2771.000000,1414.250000,1758.868198,45.573540,median_filtered_pair,,,,,,,0,0,0,0,0,0,,1388.250000,,,,,0,,0,,,-16.070624,6,203.727787,111.218773,-16.070624,,,0,0,0,0,
41.886478,1785223719.126407862,reverse_align,-80,110,-40,gap_midpoint_reverse center=+44.4 entrySteer=+7.00 eq5=+1.93 pair=filtered,13,13,4,9,2,1,2,1,1,4,31,0,2,0,0,5,1,32.640625,65.390625,49.015625,2825.500000,1425.000000,1,33.234375,66.531250,49.882812,2771.000000,1415.750000,1767.692640,44.353970,median_filtered_pair,1355.250000,-7.000000,8.928415,1.928415,7.000000,44.353970,0,0,3,0,0,0,,1391.750000,,,,,0,,0,,,-18.290152,7,245.524489,56.297531,-18.290152,,,0,0,0,0,
41.975023,1785223719.237241030,reverse_align,-80,110,-40,gap_midpoint_reverse center=+43.5 entrySteer=+7.00 eq5=+2.53 pair=filtered,15,15,3,12,3,1,2,1,0,0,0,1,2,0,0,5,1,32.640625,64.312500,48.476562,2825.500000,1427.500000,1,32.640625,65.390625,49.015625,2825.500000,1425.000000,1800.405903,43.485589,median_filtered_pair,1400.500000,-7.000000,9.534585,2.534585,7.000000,43.485589,0,0,3,0,0,0,,1394.250000,,,,,0,,0,,,-14.876558,6,204.649906,126.886199,-14.876558,,,0,0,0,0,
42.064488,1785223719.349029779,reverse_align,-80,110,-40,gap_midpoint_reverse center=+43.1 entrySteer=+7.00 eq5=+2.50 pair=filtered,13,13,4,9,3,1,2,1,0,0,0,2,2,0,0,5,1,31.640625,63.484375,47.562500,2816.000000,1436.000000,1,32.640625,64.312500,48.476562,2825.500000,1427.500000,1776.457539,43.149817,median_filtered_pair,1398.000000,-7.000000,9.500575,2.500575,7.000000,43.149817,0,0,3,0,0,0,,1401.750000,,,,,0,,0,,,-18.773161,7,243.870106,41.327306,-18.773161,,,0,0,0,0,
42.153379,1785223719.349029779,reverse_align,-80,110,-40,gap_midpoint_reverse center=+43.1 entrySteer=+7.00 eq5=+2.50 pair=filtered,13,13,4,9,3,1,2,1,0,0,0,2,2,0,0,5,1,31.640625,63.484375,47.562500,2816.000000,1436.000000,1,32.640625,64.312500,48.476562,2825.500000,1427.500000,1776.457539,43.149817,median_filtered_pair,1398.000000,-7.000000,9.500575,2.500575,7.000000,43.149817,0,0,3,0,0,0,,1401.750000,,,,,0,,0,,,-18.773161,7,243.870106,41.327306,-18.773161,,,0,0,0,0,
42.242892,1785223719.460381031,reverse_align,-80,110,-40,gap_midpoint_reverse center=+42.3 entrySteer=+7.00 eq5=+2.26 pair=filtered,18,18,9,9,3,1,2,0,0,0,0,3,2,0,0,5,1,30.703125,63.484375,47.093750,2812.500000,1436.000000,1,31.640625,63.484375,47.562500,2816.000000,1436.000000,1766.821121,42.272829,median_filtered_pair,1380.000000,-7.000000,9.257500,2.257500,7.000000,42.272829,0,0,3,0,0,0,,1394.250000,,,,,0,,0,,,-18.534985,6,200.605941,66.709969,-18.534985,,,0,0,0,0,
42.336318,1785223719.575195789,reverse_align,-80,110,-40,gap_midpoint_reverse center=+41.6 entrySteer=+7.00 eq5=+2.26 pair=filtered,17,17,7,10,2,1,2,0,1,3,1,0,2,0,0,5,1,30.203125,63.484375,46.843750,2871.000000,1436.000000,1,30.703125,63.484375,47.093750,2816.000000,1436.000000,1786.726767,41.640620,median_filtered_pair,1380.000000,-7.000000,9.257500,2.257500,7.000000,41.640620,0,0,3,0,0,0,,1383.250000,,,,,0,,0,,,-22.454766,7,242.326615,43.468310,-22.454766,,,0,0,0,0,
42.424319,1785223719.685582161,reverse_align,-80,110,-40,gap_midpoint_reverse center=+41.2 entrySteer=+7.00 eq5=+3.01 pair=filtered,18,18,4,14,2,1,2,1,1,4,2,0,3,0,0,5,1,30.203125,63.484375,46.843750,2871.000000,1436.000000,1,30.203125,63.484375,46.843750,2871.000000,1436.000000,1847.050701,41.156863,median_filtered_pair,1435.000000,-7.000000,10.010122,3.010122,7.000000,41.156863,0,0,3,0,0,0,,1373.000000,,,,,0,,0,,,-19.465577,7,242.271313,36.016645,-19.465577,,,0,0,0,0,
42.512190,1785223719.797608852,reverse_align,-80,110,-40,gap_midpoint_reverse center=+41.2 entrySteer=+7.00 eq5=+3.01 pair=filtered,20,20,8,12,2,1,2,1,1,4,3,0,3,0,0,5,1,30.000000,63.484375,46.742188,2801.750000,1436.000000,1,30.203125,63.484375,46.843750,2871.000000,1436.000000,1847.050701,41.156863,median_filtered_pair,1435.000000,-7.000000,10.010122,3.010122,7.000000,41.156863,0,0,3,0,0,0,,1366.500000,,,,,0,,0,,,-23.434434,6,199.942411,83.188610,-23.434434,,,0,0,0,0,
42.600123,1785223719.797608852,reverse_align,-80,110,-40,gap_midpoint_reverse center=+41.2 entrySteer=+7.00 eq5=+3.01 pair=filtered,20,20,8,12,2,1,2,1,1,4,3,0,3,0,0,5,1,30.000000,63.484375,46.742188,2801.750000,1436.000000,1,30.203125,63.484375,46.843750,2871.000000,1436.000000,1847.050701,41.156863,median_filtered_pair,1435.000000,-7.000000,10.010122,3.010122,7.000000,41.156863,0,0,3,0,0,0,,1366.500000,,,,,0,,0,,,-23.434434,6,199.942411,83.188610,-23.434434,,,0,0,0,0,
42.688518,1785223719.908958912,reverse_align,-80,110,-40,gap_midpoint_reverse center=+41.2 entrySteer=+7.00 eq5=+2.07 pair=filtered,16,16,7,9,2,1,2,1,1,4,4,0,3,0,0,5,1,30.000000,64.453125,47.226562,2801.750000,1419.250000,1,30.000000,63.484375,46.843750,2801.750000,1436.000000,1789.055845,41.204787,median_filtered_pair,1365.750000,-7.000000,9.067300,2.067300,7.000000,41.204787,0,0,3,0,0,0,,1356.750000,,,,,0,,0,,,-21.263253,6,199.874960,104.401691,-21.263253,,,0,0,0,0,
42.777667,1785223720.019896984,reverse_align,-80,110,-40,gap_midpoint_reverse center=+41.4 entrySteer=+7.00 eq5=+2.29 pair=filtered,23,23,13,10,3,1,2,1,1,4,5,0,3,0,0,5,1,30.000000,65.031250,47.515625,2801.750000,1411.000000,1,30.000000,64.453125,47.226562,2801.750000,1419.250000,1818.325251,41.427850,median_filtered_pair,1382.500000,-7.000000,9.291072,2.291072,7.000000,41.427850,0,0,3,0,0,0,,1342.000000,,,,,0,,0,,,-21.537839,6,196.397461,72.921185,-21.537839,,,0,0,0,0,
42.871447,1785223720.130981922,reverse_align,-80,110,-40,gap_midpoint_reverse center=+41.6 entrySteer=+7.00 eq5=+2.39 pair=filtered,18,18,8,10,2,1,2,1,1,5,6,0,3,0,0,5,1,30.000000,65.359375,47.679688,2801.750000,1412.250000,1,30.000000,65.031250,47.515625,2801.750000,1412.250000,1834.212343,41.574600,median_filtered_pair,1389.500000,-7.000000,9.385397,2.385397,7.000000,41.574600,0,0,3,0,0,0,,1331.750000,,,,,0,,0,,,-25.714018,7,240.486220,44.245843,-25.714018,,,0,0,0,0,
42.960560,1785223720.243366003,reverse_align,-80,110,-40,gap_midpoint_reverse center=+41.7 entrySteer=+7.00 eq5=+2.40 pair=filtered,16,16,4,12,2,1,2,1,1,6,7,0,3,0,0,5,1,30.000000,67.125000,48.562500,2801.750000,1373.250000,1,30.000000,65.359375,47.679688,2801.750000,1411.000000,1841.911752,41.672641,median_filtered_pair,1390.750000,-7.000000,9.402291,2.402291,7.000000,41.672641,0,0,3,0,0,0,,1321.250000,,,,,0,,0,,,-18.767572,8,276.458783,24.254455,-18.767572,,,0,0,0,0,
43.048309,1785223720.243366003,reverse_align,-80,110,-40,gap_midpoint_reverse center=+41.7 entrySteer=+7.00 eq5=+2.40 pair=filtered,16,16,4,12,2,1,2,1,1,6,7,0,3,0,0,5,1,30.000000,67.125000,48.562500,2801.750000,1373.250000,1,30.000000,65.359375,47.679688,2801.750000,1411.000000,1841.911752,41.672641,median_filtered_pair,1390.750000,-7.000000,9.402291,2.402291,7.000000,41.672641,0,0,3,0,0,0,,1321.250000,,,,,0,,0,,,-18.767572,8,276.458783,24.254455,-18.767572,,,0,0,0,0,
43.136697,1785223720.354203939,reverse_align,-80,110,-40,gap_midpoint_reverse center=+42.0 entrySteer=+7.00 eq5=+2.92 pair=filtered,18,18,4,14,3,1,2,1,1,6,8,0,3,0,0,5,1,29.359375,67.125000,48.242188,2711.000000,1373.250000,1,30.000000,67.125000,48.242188,2801.750000,1373.250000,1897.427498,42.008023,median_filtered_pair,1428.500000,-7.000000,9.919643,2.919643,7.000000,42.008023,0,0,3,0,0,0,,1318.000000,,,,,0,,0,,,-23.515052,7,234.424250,56.063805,-23.515052,,,0,0,0,0,
43.225813,1785223720.465654135,reverse_align,-80,110,-40,gap_midpoint_reverse center=+41.8 entrySteer=+7.00 eq5=+1.70 pair=filtered,17,17,6,11,2,1,2,1,1,6,9,0,3,0,0,5,1,29.359375,67.125000,48.242188,2711.000000,1373.250000,1,29.359375,67.125000,48.242188,2711.000000,1373.250000,1830.107623,41.849892,median_filtered_pair,1337.750000,-7.000000,8.699323,1.699323,7.000000,41.849892,0,0,3,0,0,0,,1312.250000,,,,,0,,0,,,-21.118059,7,231.771003,71.462266,-21.118059,,,0,0,0,0,
43.313088,1785223720.577291012,reverse_align,-80,110,-40,gap_midpoint_reverse center=+41.8 entrySteer=+7.00 eq5=+1.70 pair=filtered,18,18,5,13,4,1,2,1,1,7,10,0,3,0,0,5,1,29.359375,67.125000,48.242188,2711.000000,1373.250000,1,29.359375,67.125000,48.242188,2711.000000,1373.250000,1830.107623,41.849892,median_filtered_pair,1337.750000,-7.000000,8.699323,1.699323,7.000000,41.849892,0,0,3,0,0,0,,1305.000000,,,,,0,,0,,,-20.723955,7,229.424435,92.907620,-20.723955,,,0,0,0,0,
43.406461,1785223720.688287020,reverse_align,-80,110,-40,gap_midpoint_reverse center=+41.8 entrySteer=+7.00 eq5=+1.70 pair=filtered,20,20,8,12,2,1,2,1,1,6,11,0,3,0,0,5,1,28.609375,67.125000,47.867188,2649.000000,1373.250000,1,29.359375,67.125000,48.242188,2711.000000,1373.250000,1830.107623,41.849892,median_filtered_pair,1337.750000,-7.000000,8.699323,1.699323,7.000000,41.849892,0,0,3,0,0,0,,1294.250000,,,,,0,,0,,,-23.410952,6,191.672111,149.992041,-23.410952,,,0,0,0,0,
43.494131,1785223720.688287020,reverse_align,-80,110,-40,gap_midpoint_reverse center=+41.8 entrySteer=+7.00 eq5=+1.70 pair=filtered,20,20,8,12,2,1,2,1,1,6,11,0,3,0,0,5,1,28.609375,67.125000,47.867188,2649.000000,1373.250000,1,29.359375,67.125000,48.242188,2711.000000,1373.250000,1830.107623,41.849892,median_filtered_pair,1337.750000,-7.000000,8.699323,1.699323,7.000000,41.849892,0,0,3,0,0,0,,1294.250000,,,,,0,,0,,,-23.410952,6,191.672111,149.992041,-23.410952,,,0,0,0,0,
43.582688,1785223720.802451849,reverse_align,-80,110,-40,gap_midpoint_reverse center=+41.5 entrySteer=+7.00 eq5=+0.91 pair=filtered,19,19,5,14,2,1,2,1,1,6,12,0,3,0,0,5,1,28.609375,69.218750,48.914062,2649.000000,1332.000000,1,28.609375,67.125000,48.242188,2649.000000,1373.250000,1791.759770,41.544017,median_filtered_pair,1275.750000,-7.000000,7.911643,0.911643,7.000000,41.544017,0,0,3,0,0,0,,1286.000000,,,,,0,,0,,,-21.964059,6,189.690411,254.784725,-21.964059,,,0,0,0,0,
43.669830,1785223720.914322853,reverse_align,-80,110,-40,gap_midpoint_reverse center=+41.9 entrySteer=+7.00 eq5=+1.43 pair=filtered,14,14,3,11,2,1,2,1,1,6,13,0,3,0,0,5,1,28.156250,69.625000,48.890625,2585.750000,1324.750000,1,28.609375,69.218750,48.890625,2649.000000,1332.000000,1853.118315,41.935470,median_filtered_pair,1317.000000,-7.000000,8.431544,1.431544,7.000000,41.935470,0,0,3,0,0,0,,1279.750000,,,,,0,,0,,,-21.471304,6,189.367819,178.065309,-21.471304,,,0,0,0,0,
43.756610,1785223721.025688171,reverse_align,-80,110,-40,gap_midpoint_reverse center=+41.9 entrySteer=+7.00 eq5=+0.73 pair=filtered,19,19,6,13,4,1,2,1,1,7,14,0,3,0,0,5,1,28.156250,70.203125,49.179688,2585.750000,1315.500000,1,28.156250,69.625000,48.914062,2585.750000,1324.750000,1818.663318,41.930930,median_filtered_pair,1261.000000,-7.000000,7.729755,0.729755,7.000000,41.930930,0,0,3,0,0,0,,1269.250000,,,,,0,,0,,,-16.299583,7,222.656516,83.889949,-16.299583,,,0,0,0,0,
43.846092,1785223721.137004137,reverse_align,-80,110,-40,gap_midpoint_reverse center=+42.0 entrySteer=+7.00 eq5=+0.84 pair=filtered,19,19,7,12,3,1,2,1,1,5,15,0,3,0,0,5,1,26.671875,71.968750,49.320312,2441.250000,1290.500000,1,28.156250,70.203125,49.179688,2585.750000,1315.500000,1834.304921,42.046815,median_filtered_pair,1270.250000,-7.000000,7.843573,0.843573,7.000000,42.046815,0,0,3,0,0,0,,1263.000000,,,,,0,,0,,,-21.969004,5,187.313616,543.270033,-21.969004,,,0,0,0,0,
43.940636,1785223721.137004137,reverse_align,-80,110,-40,gap_midpoint_reverse center=+42.0 entrySteer=+7.00 eq5=+0.84 pair=filtered,19,19,7,12,3,1,2,1,1,5,15,0,3,0,0,5,1,26.671875,71.968750,49.320312,2441.250000,1290.500000,1,28.156250,70.203125,49.179688,2585.750000,1315.500000,1834.304921,42.046815,median_filtered_pair,1270.250000,-7.000000,7.843573,0.843573,7.000000,42.046815,0,0,3,0,0,0,,1263.000000,,,,,0,,0,,,-21.969004,5,187.313616,543.270033,-21.969004,,,0,0,0,0,
44.028740,1785223721.248794794,reverse_align,-80,110,-40,gap_midpoint_reverse center=+42.0 entrySteer=+7.00 eq5=-0.56 pair=filtered,19,19,5,14,3,1,2,1,1,5,16,0,3,0,0,5,1,26.671875,71.968750,49.320312,2441.250000,1290.500000,1,26.671875,71.968750,49.320312,2441.250000,1290.500000,1786.855227,41.988523,median_filtered_pair,1150.750000,-7.000000,6.437208,-0.562792,7.000000,41.988523,0,0,3,0,0,0,,1254.500000,,,,,0,,0,,,-22.083908,5,187.606439,298.109276,-22.083908,,,0,0,0,0,
44.116557,1785223721.359966040,reverse_align,-80,110,-40,gap_midpoint_reverse center=+42.0 entrySteer=+7.00 eq5=-0.56 pair=filtered,18,18,8,10,2,1,2,1,1,4,17,0,3,1,0,5,1,26.671875,71.968750,49.320312,2441.250000,1290.500000,1,26.671875,71.968750,49.320312,2441.250000,1290.500000,1786.855227,41.988523,median_filtered_pair,1150.750000,-7.000000,6.437208,-0.562792,7.000000,41.988523,0,0,3,0,0,0,,1247.500000,,,,,0,,0,,,-23.515771,4,111.817980,75.423921,-23.515771,,,0,0,0,0,
44.204202,1785223721.471332073,reverse_align,-80,110,-40,gap_midpoint_reverse center=+42.0 entrySteer=+7.00 eq5=-0.56 pair=filtered,16,16,5,11,3,1,2,1,1,4,18,0,3,1,0,5,1,28.562500,71.968750,50.265625,2474.750000,1290.500000,1,26.671875,71.968750,49.320312,2441.250000,1290.500000,1786.855227,41.988523,median_filtered_pair,1150.750000,-7.000000,6.437208,-0.562792,7.000000,41.988523,0,0,3,0,0,0,,1243.000000,,,,,0,,0,,,-19.609572,4,107.538386,57.631151,-19.609572,,,0,0,0,0,
44.292896,1785223721.582726955,reverse_align,-80,110,-40,gap_midpoint_reverse center=+43.1 entrySteer=+7.00 eq5=-0.18 pair=filtered,15,15,4,11,3,1,2,1,1,4,19,0,3,1,0,5,1,28.562500,73.906250,51.234375,2474.750000,1266.250000,1,28.562500,71.968750,50.265625,2474.750000,1290.500000,1774.650545,43.130287,median_filtered_pair,1184.250000,-7.000000,6.817456,-0.182544,7.000000,43.130287,0,0,3,0,0,0,,1233.750000,,,,,0,,0,,,-23.142873,4,110.652985,60.139448,-23.142873,,,0,0,0,0,
44.381062,1785223721.582726955,reverse_align,-80,110,-40,gap_midpoint_reverse center=+43.1 entrySteer=+7.00 eq5=-0.18 pair=filtered,15,15,4,11,3,1,2,1,1,4,19,0,3,1,0,5,1,28.562500,73.906250,51.234375,2474.750000,1266.250000,1,28.562500,71.968750,50.265625,2474.750000,1290.500000,1774.650545,43.130287,median_filtered_pair,1184.250000,-7.000000,6.817456,-0.182544,7.000000,43.130287,0,0,3,0,0,0,,1233.750000,,,,,0,,0,,,-23.142873,4,110.652985,60.139448,-23.142873,,,0,0,0,0,
44.473873,1785223721.697175980,reverse_align,-80,110,-40,gap_midpoint_reverse center=+43.5 entrySteer=+7.00 eq5=+0.10 pair=filtered,17,17,5,12,3,1,2,1,1,5,20,0,3,1,0,5,1,28.562500,74.515625,51.539062,2474.750000,1257.000000,1,28.562500,73.906250,51.234375,2474.750000,1266.250000,1822.852384,43.549016,median_filtered_pair,1208.500000,-7.000000,7.099518,0.099518,7.000000,43.549016,0,0,3,0,0,0,,1226.000000,,,,,0,,0,,,-20.010091,5,145.928840,65.591682,-20.010091,,,0,0,0,0,
44.561414,1785223721.808997154,reverse_align,-80,110,-40,gap_midpoint_reverse center=+43.7 entrySteer=+7.00 eq5=+0.21 pair=filtered,16,16,5,11,3,1,2,1,1,4,21,0,3,1,0,5,1,28.562500,75.234375,51.898438,2474.750000,1251.750000,1,28.562500,74.515625,51.539062,2474.750000,1257.000000,1838.190579,43.661760,median_filtered_pair,1217.750000,-7.000000,7.208615,0.208615,7.000000,43.661760,0,0,3,0,0,0,,1224.250000,,,,,0,,0,,,-23.034383,4,151.106527,357.581035,-23.034383,,,0,0,0,0,
44.649192,1785223721.919574022,reverse_align,-80,110,-40,gap_midpoint_reverse center=+43.8 entrySteer=+7.00 eq5=+0.27 pair=filtered,14,14,4,10,3,1,2,1,1,6,22,0,3,1,0,5,1,28.562500,75.765625,52.164062,2474.750000,1249.000000,1,28.562500,75.234375,51.898438,2474.750000,1251.750000,1854.734507,43.839776,median_filtered_pair,1223.000000,-7.000000,7.270905,0.270905,7.000000,43.839776,0,0,3,0,0,0,,1220.250000,,,,,0,,0,,,-24.074100,6,225.630833,124.371689,-24.074100,,,0,0,0,0,
44.737940,1785223722.031584024,reverse_align,-80,110,-40,gap_midpoint_reverse center=+44.0 entrySteer=+7.00 eq5=+0.30 pair=filtered,16,16,5,11,2,1,2,1,1,4,23,0,3,1,0,5,1,25.906250,76.421875,51.164062,2350.250000,1238.500000,1,28.562500,75.765625,51.898438,2474.750000,1249.000000,1866.649522,43.979796,median_filtered_pair,1225.750000,-7.000000,7.303640,0.303640,7.000000,43.979796,0,0,3,0,0,0,,1213.500000,,,,,0,,0,,,-28.342917,4,198.115861,352.888824,-28.342917,,,0,0,0,0,
44.827239,1785223722.031584024,reverse_align,-80,110,-40,gap_midpoint_reverse center=+44.0 entrySteer=+7.00 eq5=+0.30 pair=filtered,16,16,5,11,2,1,2,1,1,4,23,0,3,1,0,5,1,25.906250,76.421875,51.164062,2350.250000,1238.500000,1,28.562500,75.765625,51.898438,2474.750000,1249.000000,1866.649522,43.979796,median_filtered_pair,1225.750000,-7.000000,7.303640,0.303640,7.000000,43.979796,0,0,3,0,0,0,,1213.500000,,,,,0,,0,,,-28.342917,4,198.115861,352.888824,-28.342917,,,0,0,0,0,
44.915559,1785223722.141849041,reverse_align,-80,110,-40,gap_midpoint_reverse center=+42.8 entrySteer=+7.00 eq5=-0.99 pair=filtered,14,14,4,10,3,1,2,1,1,4,24,0,3,1,0,5,1,25.609375,77.125000,51.367188,2299.500000,1238.000000,1,25.906250,76.421875,51.367188,2350.250000,1238.500000,1831.886750,42.848764,median_filtered_pair,1111.750000,-7.000000,6.008275,-0.991725,7.000000,42.848764,0,0,3,0,0,0,,1207.500000,,,,,0,,0,,,-29.814979,4,200.845266,324.176489,-29.814979,,,0,0,0,0,
45.008377,1785223722.253421068,reverse_align,-80,110,-40,gap_midpoint_reverse center=+43.1 entrySteer=+7.00 eq5=-1.52 pair=filtered,16,16,5,11,2,1,2,1,1,4,25,0,3,1,0,5,1,15.656250,78.546875,47.101562,1824.500000,1230.750000,1,25.609375,77.125000,51.164062,2299.500000,1238.000000,1810.313189,43.128734,median_filtered_pair,1061.500000,-7.000000,5.477414,-1.522586,7.000000,43.128734,0,0,3,0,0,0,,1206.750000,,,,,0,,0,,,-21.634491,4,108.516836,154.481438,-21.634491,,,0,0,0,0,
45.095821,1785223722.369010925,reverse_align,-80,110,-40,gap_midpoint_reverse center=+42.1 entrySteer=+7.00 eq5=-2.93 pair=filtered,20,20,10,10,3,2,2,1,1,5,26,0,3,1,0,5,1,22.140625,78.546875,50.343750,2146.000000,1230.750000,1,22.140625,78.546875,50.343750,2146.000000,1230.750000,1788.104478,42.073617,median_filtered_pair,915.250000,-7.000000,4.072068,-2.927932,7.000000,42.073617,0,0,3,0,0,0,,1205.000000,,,,,0,,0,,,-25.095601,5,151.435954,198.731040,-25.095601,,,0,0,0,0,
45.184699,1785223722.479598045,reverse_align,-80,110,-40,gap_midpoint_reverse center=+42.3 entrySteer=+7.00 eq5=-3.25 pair=filtered,19,19,6,13,3,2,2,1,1,6,27,0,3,1,0,5,1,24.171875,79.546875,51.859375,2108.500000,1215.250000,1,22.140625,78.546875,50.343750,2108.500000,1230.750000,1757.511590,42.320093,median_filtered_pair,877.750000,-7.000000,3.745219,-3.254781,7.000000,42.320093,0,0,3,0,0,0,,1198.750000,,,,,0,,0,,,-17.141260,6,217.265295,41.223952,-17.141260,,,0,0,0,0,
45.273603,1785223722.479598045,reverse_align,-80,110,-40,gap_midpoint_reverse center=+42.3 entrySteer=+7.00 eq5=-3.25 pair=filtered,19,19,6,13,3,2,2,1,1,6,27,0,3,1,0,5,1,24.171875,79.546875,51.859375,2108.500000,1215.250000,1,22.140625,78.546875,50.343750,2108.500000,1230.750000,1757.511590,42.320093,median_filtered_pair,877.750000,-7.000000,3.745219,-3.254781,7.000000,42.320093,0,0,3,0,0,0,,1198.750000,,,,,0,,0,,,-17.141260,6,217.265295,41.223952,-17.141260,,,0,0,0,0,
45.362346,1785223722.590770006,reverse_align,-80,110,-40,gap_midpoint_reverse center=+43.8 entrySteer=+7.00 eq5=-3.01 pair=filtered,13,13,4,9,3,2,2,1,1,4,28,0,3,1,0,5,1,24.984375,79.546875,52.265625,2121.000000,1215.250000,1,24.171875,79.546875,51.859375,2121.000000,1215.250000,1745.375730,43.751655,median_filtered_pair,905.750000,-7.000000,3.987973,-3.012027,7.000000,43.751655,0,0,3,0,0,0,,1197.500000,,,,,0,,0,,,-15.816743,4,216.624426,51.963310,-15.816743,,,0,0,0,0,
45.450874,1785223722.701958895,reverse_align,-80,110,-40,gap_midpoint_reverse center=+44.3 entrySteer=+7.00 eq5=-3.01 pair=filtered,18,18,7,11,3,2,2,1,1,5,29,0,3,1,0,5,1,24.984375,79.546875,52.265625,2121.000000,1215.250000,1,24.984375,79.546875,52.265625,2121.000000,1215.250000,1728.142672,44.295305,median_filtered_pair,905.750000,-7.000000,3.987973,-3.012027,7.000000,44.295305,0,0,3,0,0,0,,1186.500000,,,,,0,,0,,,-27.842378,5,160.075106,1426.587869,-27.842378,,,0,0,0,0,
45.544857,1785223722.814232111,reverse_align,-80,110,-40,gap_midpoint_reverse center=+44.3 entrySteer=+7.00 eq5=-3.01 pair=filtered,17,17,5,12,4,2,2,1,1,5,30,0,3,1,0,5,1,24.984375,79.546875,52.265625,2121.000000,1215.250000,1,24.984375,79.546875,52.265625,2121.000000,1215.250000,1728.142672,44.295305,median_filtered_pair,905.750000,-7.000000,3.987973,-3.012027,7.000000,44.295305,0,0,3,0,0,0,,1184.250000,,,,,0,,0,,,-17.640130,5,142.651098,32.236751,-17.640130,,,0,0,0,0,
45.633436,1785223722.925823927,reverse_align,-80,110,-40,gap_midpoint_reverse center=+44.3 entrySteer=+7.00 eq5=-3.01 pair=filtered,19,19,7,12,3,2,2,1,1,4,31,0,3,1,0,5,1,24.984375,79.546875,52.265625,2121.000000,1215.250000,1,24.984375,79.546875,52.265625,2121.000000,1215.250000,1728.142672,44.295305,median_filtered_pair,905.750000,-7.000000,3.987973,-3.012027,7.000000,44.295305,0,0,3,0,0,0,,1182.750000,,,,,0,,0,,,-25.858478,4,116.073698,713.958054,-25.858478,,,0,0,0,0,
45.722147,1785223722.925823927,reverse_align,-80,110,-40,gap_midpoint_reverse center=+44.3 entrySteer=+7.00 eq5=-3.01 pair=filtered,19,19,7,12,3,2,2,1,1,4,31,0,3,1,0,5,1,24.984375,79.546875,52.265625,2121.000000,1215.250000,1,24.984375,79.546875,52.265625,2121.000000,1215.250000,1728.142672,44.295305,median_filtered_pair,905.750000,-7.000000,3.987973,-3.012027,7.000000,44.295305,0,0,3,0,0,0,,1182.750000,,,,,0,,0,,,-25.858478,4,116.073698,713.958054,-25.858478,,,0,0,0,0,
45.810353,1785223723.036462069,reverse_align,-80,110,-40,gap_midpoint_reverse center=+44.3 entrySteer=+7.00 eq5=-3.01 pair=filtered,19,19,4,15,3,2,2,1,1,5,32,0,3,1,0,5,1,24.984375,80.453125,52.718750,2121.000000,1220.000000,1,24.984375,79.546875,52.265625,2121.000000,1215.250000,1728.142672,44.295305,median_filtered_pair,905.750000,-7.000000,3.987973,-3.012027,7.000000,44.295305,0,0,3,0,0,0,,1180.500000,,,,,0,,0,,,-27.739271,5,164.560041,1896.352126,-27.739271,,,0,0,0,0,
45.899904,1785223723.148133039,reverse_align,-80,110,-40,gap_midpoint_reverse center=+44.6 entrySteer=+7.00 eq5=-3.01 pair=filtered,21,21,7,14,3,2,2,1,1,6,33,0,3,1,0,5,1,24.578125,85.171875,54.875000,2079.500000,1200.750000,1,24.984375,80.453125,52.718750,2121.000000,1215.250000,1747.364134,44.595116,median_filtered_pair,905.750000,-7.000000,3.987973,-3.012027,7.000000,44.595116,0,0,3,0,0,0,,1180.000000,,,,,0,,0,,,-20.659217,6,186.644332,59.974039,-20.659217,,,0,0,0,0,
45.989079,1785223723.259386063,reverse_align,-80,110,-40,gap_midpoint_reverse center=+45.6 entrySteer=+7.00 eq5=-3.28 pair=filtered,24,24,10,14,3,2,2,1,1,3,34,0,3,1,0,5,1,24.578125,83.750000,54.164062,2079.500000,1204.500000,1,24.578125,83.750000,54.164062,2079.500000,1204.500000,1791.072842,45.561899,median_filtered_pair,875.000000,-7.000000,3.721788,-3.278212,7.000000,45.561899,0,0,3,0,0,0,,1187.000000,,,,,0,,0,,,,0,,,,,,0,0,0,0,
46.083037,1785223723.374184847,reverse_align,-80,110,-40,gap_midpoint_reverse center=+45.6 entrySteer=+7.00 eq5=-3.28 pair=filtered,28,28,17,11,3,2,2,1,1,4,35,0,3,1,0,5,1,20.406250,83.750000,52.078125,1920.250000,1204.500000,1,24.578125,83.750000,54.164062,2079.500000,1204.500000,1791.072842,45.561899,median_filtered_pair,875.000000,-7.000000,3.721788,-3.278212,7.000000,45.561899,0,0,3,0,0,0,,1178.000000,,,,,0,,0,,,-28.899599,4,124.252122,1424.580110,-28.899599,,,0,0,0,0,
46.171402,1785223723.374184847,reverse_align,-80,110,-40,gap_midpoint_reverse center=+45.6 entrySteer=+7.00 eq5=-3.28 pair=filtered,28,28,17,11,3,2,2,1,1,4,35,0,3,1,0,5,1,20.406250,83.750000,52.078125,1920.250000,1204.500000,1,24.578125,83.750000,54.164062,2079.500000,1204.500000,1791.072842,45.561899,median_filtered_pair,875.000000,-7.000000,3.721788,-3.278212,7.000000,45.561899,0,0,3,0,0,0,,1178.000000,,,,,0,,0,,,-28.899599,4,124.252122,1424.580110,-28.899599,,,0,0,0,0,
46.260110,1785223723.484774828,reverse_align,-80,110,-40,gap_midpoint_reverse center=+44.0 entrySteer=+7.00 eq5=-4.51 pair=filtered,21,21,6,15,4,2,2,1,1,4,36,0,3,1,0,5,1,20.000000,79.046875,49.523438,1827.000000,1461.250000,1,20.406250,83.750000,52.078125,1920.250000,1204.500000,1750.097065,44.034687,median_filtered_pair,715.750000,-7.000000,2.490338,-4.509662,7.000000,44.034687,0,0,3,0,0,0,,1180.250000,,,,,0,,0,,,-26.282555,4,120.265712,157.699740,-26.282555,,,0,0,0,0,
46.347769,1785223723.597534895,reverse_align,-80,110,-40,gap_midpoint_reverse center=+45.9 entrySteer=+7.00 eq5=-6.35 pair=filtered,25,25,12,13,4,2,2,1,1,4,37,0,3,1,0,5,1,20.000000,79.046875,49.523438,1827.000000,1461.250000,1,20.000000,79.046875,49.523438,1827.000000,1461.250000,1651.341176,45.919102,median_filtered_pair,365.750000,-7.000000,0.650286,-6.349714,7.000000,45.919102,0,0,3,0,0,0,,1180.250000,,,,,0,,0,,,-25.942618,4,122.768928,131.887232,-25.942618,,,0,0,0,0,
46.435790,1785223723.707875013,reverse_align,-80,110,-40,gap_midpoint_reverse center=+45.9 entrySteer=+7.00 eq5=-6.35 pair=filtered,25,25,8,17,4,2,2,1,1,4,38,0,3,1,0,5,1,20.000000,79.046875,49.523438,1827.000000,1461.250000,1,20.000000,79.046875,49.523438,1827.000000,1461.250000,1651.341176,45.919102,median_filtered_pair,365.750000,-7.000000,0.650286,-6.349714,7.000000,45.919102,0,0,3,0,0,0,,1181.250000,,,,,0,,0,,,34.543032,4,393.412778,58.342662,34.543032,,,0,0,0,0,
46.524504,1785223723.819056988,reverse_align,-80,110,-40,gap_midpoint_reverse center=+45.9 entrySteer=+7.00 eq5=-6.35 pair=filtered,23,23,9,14,2,1,2,1,1,3,39,0,3,1,0,5,1,19.343750,79.562500,49.453125,1778.000000,1436.750000,1,20.000000,79.046875,49.523438,1827.000000,1461.250000,1651.341176,45.919102,median_filtered_pair,365.750000,-7.000000,0.650286,-6.349714,7.000000,45.919102,0,0,3,0,0,0,,1183.000000,,,,,0,,0,,,,0,,,,,,0,0,0,0,
46.618648,1785223723.819056988,reverse_align,-80,110,-40,gap_midpoint_reverse center=+45.9 entrySteer=+7.00 eq5=-6.35 pair=filtered,23,23,9,14,2,1,2,1,1,3,39,0,3,1,0,5,1,19.343750,79.562500,49.453125,1778.000000,1436.750000,1,20.000000,79.046875,49.523438,1827.000000,1461.250000,1651.341176,45.919102,median_filtered_pair,365.750000,-7.000000,0.650286,-6.349714,7.000000,45.919102,0,0,3,0,0,0,,1183.000000,,,,,0,,0,,,,0,,,,,,0,0,0,0,
46.706998,1785223723.930608988,reverse_align,-80,110,-40,gap_midpoint_reverse center=+46.1 entrySteer=+7.00 eq5=-6.47 pair=filtered,22,22,8,14,2,1,2,1,1,5,40,0,3,1,0,5,1,19.343750,80.140625,49.742188,1778.000000,1449.250000,1,19.343750,79.562500,49.523438,1778.000000,1449.250000,1643.746169,46.072451,median_filtered_pair,328.750000,-7.000000,0.525372,-6.474628,7.000000,46.072451,0,0,3,0,0,0,,1185.250000,,,,,0,,0,,,-15.319234,5,148.117651,47.226274,-15.319234,,,0,0,0,0,
46.795963,1785223724.042414188,reverse_align,-80,110,-40,gap_midpoint_reverse center=+46.2 entrySteer=+7.00 eq5=-6.45 pair=filtered,24,24,7,17,3,1,2,1,1,5,41,0,3,1,0,5,1,18.906250,80.968750,49.937500,1717.000000,1441.250000,1,19.343750,80.140625,49.742188,1778.000000,1441.250000,1654.665929,46.230486,median_filtered_pair,336.750000,-7.000000,0.551253,-6.448747,7.000000,46.230486,0,0,3,0,0,0,,1188.000000,,,,,0,,0,,,-2.400164,5,175.596170,120.604132,-2.400164,,,0,0,0,0,
46.884061,1785223724.153398991,reverse_align,-80,110,-40,gap_midpoint_reverse center=+46.9 entrySteer=+7.00 eq5=-6.63 pair=filtered,23,23,7,16,3,1,2,1,1,5,42,0,3,1,0,5,1,18.906250,81.406250,50.156250,1717.000000,1419.750000,1,18.906250,80.968750,49.937500,1717.000000,1441.250000,1645.152118,46.930712,median_filtered_pair,275.750000,-7.000000,0.369629,-6.630371,7.000000,46.930712,0,0,3,0,0,0,,1193.000000,,,,,0,,0,,,2.691184,5,173.853250,116.099991,2.691184,,,0,0,0,0,
46.972783,1785223724.267960072,reverse_align,-80,110,-40,gap_midpoint_reverse center=+46.9 entrySteer=+7.00 eq5=-6.57 pair=filtered,25,25,5,20,2,1,2,1,1,5,43,0,3,1,0,5,1,11.484375,89.328125,50.406250,1405.750000,1192.250000,1,18.906250,81.406250,50.156250,1717.000000,1419.750000,1646.985108,46.865137,median_filtered_pair,297.250000,-7.000000,0.429516,-6.570484,7.000000,46.865137,0,0,3,0,0,0,,1195.750000,,,,,0,,0,,,3.136600,5,174.063246,95.510533,3.136600,,,0,0,0,0,
47.061328,1785223724.267960072,reverse_align,-80,110,-40,gap_midpoint_reverse center=+46.9 entrySteer=+7.00 eq5=-6.57 pair=filtered,25,25,5,20,2,1,2,1,1,5,43,0,3,1,0,5,1,11.484375,89.328125,50.406250,1405.750000,1192.250000,1,18.906250,81.406250,50.156250,1717.000000,1419.750000,1646.985108,46.865137,median_filtered_pair,297.250000,-7.000000,0.429516,-6.570484,7.000000,46.865137,0,0,3,0,0,0,,1195.750000,,,,,0,,0,,,3.136600,5,174.063246,95.510533,3.136600,,,0,0,0,0,
47.154734,1785223724.379560947,reverse_align,-80,110,-40,gap_midpoint_reverse center=+46.6 entrySteer=+7.00 eq5=-6.78 pair=filtered,18,18,4,14,2,1,2,1,1,5,44,0,3,1,0,5,1,11.484375,89.328125,50.406250,1405.750000,1192.250000,1,11.484375,89.328125,50.406250,1405.750000,1192.250000,1640.649885,46.609578,median_filtered_pair,213.500000,-7.000000,0.221580,-6.778420,7.000000,46.609578,0,0,3,0,0,0,,1199.500000,,,,,0,,0,,,2.137166,5,174.393591,83.164025,2.137166,,,0,0,0,0,
47.242299,1785223724.490957022,reverse_align,-80,110,-40,gap_midpoint_reverse center=+46.6 entrySteer=+7.00 eq5=-6.78 pair=filtered,17,17,4,13,4,1,2,1,0,0,0,1,3,1,0,5,1,10.890625,89.328125,50.109375,1345.500000,1192.250000,1,11.484375,89.328125,50.406250,1405.750000,1192.250000,1640.649885,46.609578,median_filtered_pair,213.500000,-7.000000,0.221580,-6.778420,7.000000,46.609578,0,0,3,0,0,0,,1201.500000,,,,,0,,0,,,,0,,,,,,0,0,0,0,
47.330510,1785223724.602091074,reverse_align,-80,110,-40,gap_midpoint_reverse center=+47.3 entrySteer=+7.00 eq5=-6.89 pair=filtered,15,15,3,12,4,1,2,1,0,0,0,2,3,1,0,5,1,10.890625,89.859375,50.375000,1345.500000,1201.000000,1,10.890625,89.328125,50.375000,1345.500000,1192.250000,1608.962438,47.287877,median_filtered_pair,153.250000,-7.000000,0.114166,-6.885834,7.000000,47.287877,0,0,3,0,0,0,,1206.750000,,,,,0,,0,,,,0,,,,,,0,0,0,0,
47.418039,1785223724.713533878,reverse_align,-80,110,-40,gap_midpoint_reverse center=+47.7 entrySteer=+7.00 eq5=-6.90 pair=filtered,13,13,2,11,2,1,2,0,0,0,0,3,3,1,0,5,1,9.890625,90.375000,50.132812,1312.250000,1204.750000,1,10.890625,89.859375,50.132812,1345.500000,1201.000000,1623.073359,47.698336,median_filtered_pair,144.500000,-7.000000,0.101501,-6.898499,7.000000,47.698336,0,0,3,0,0,0,,1210.000000,,,,,0,,0,,,,0,,,,,,0,0,0,0,
47.504720,1785223724.713533878,reverse_align,-80,110,-40,gap_midpoint_reverse center=+47.7 entrySteer=+7.00 eq5=-6.90 pair=filtered,13,13,2,11,2,1,2,0,0,0,0,3,3,1,0,5,1,9.890625,90.375000,50.132812,1312.250000,1204.750000,1,10.890625,89.859375,50.132812,1345.500000,1201.000000,1623.073359,47.698336,median_filtered_pair,144.500000,-7.000000,0.101501,-6.898499,7.000000,47.698336,0,0,3,0,0,0,,1210.000000,,,,,0,,0,,,,0,,,,,,0,0,0,0,
47.594393,1785223724.825011015,reverse_align,-80,110,-40,gap_midpoint_reverse center=+48.5 entrySteer=+7.00 eq5=-6.94 pair=filtered,21,21,4,17,3,1,2,0,0,0,0,4,3,1,0,5,1,10.796875,91.062500,50.929688,1223.000000,1206.000000,1,10.796875,90.375000,50.375000,1312.250000,1204.750000,1612.903566,48.548759,median_filtered_pair,107.500000,-7.000000,0.056176,-6.943824,7.000000,48.548759,0,0,3,0,0,0,,1205.500000,,,,,0,,0,,,,0,,,,,,0,0,0,0,
47.687098,1785223724.936168909,reverse_align,-80,110,-40,gap_midpoint_reverse center=+50.6 entrySteer=+7.00 eq5=-7.00 pair=filtered,18,18,6,12,2,1,2,0,0,0,0,5,3,1,0,5,1,10.796875,96.515625,53.656250,1223.000000,1205.500000,1,10.796875,91.062500,50.929688,1223.000000,1205.500000,1565.374988,50.581611,median_filtered_pair,17.500000,-7.000000,0.001489,-6.998511,7.000000,50.581611,0,0,3,0,0,0,,,,,,,0,,0,,,,0,,,,,,0,0,0,0,
47.774922,1785223725.047327995,reverse_align,-80,110,-40,gap_midpoint_reverse center=+50.6 entrySteer=+7.00 eq5=-7.00 pair=filtered,22,22,10,12,2,1,2,0,1,3,1,0,3,1,0,5,1,10.796875,89.578125,50.187500,1223.000000,1333.500000,1,10.796875,91.062500,50.929688,1223.000000,1206.000000,1565.694037,50.591626,median_filtered_pair,17.000000,-7.000000,0.001405,-6.998595,7.000000,50.591626,0,0,3,0,0,0,,1207.000000,,,,,0,,0,,,,0,,,,,,0,0,0,0,
47.863619,1785223725.158476114,reverse_align,-80,110,-40,gap_midpoint_reverse center=+52.2 entrySteer=+7.00 eq5=-7.00 pair=filtered,19,19,4,15,2,1,2,0,0,0,0,1,3,1,0,5,1,10.796875,89.578125,50.187500,1223.000000,1333.500000,1,10.796875,89.578125,50.187500,1223.000000,1333.500000,1624.611358,52.220192,median_filtered_pair,-110.500000,-7.000000,-0.059355,-7.000000,7.000000,52.220192,0,0,3,0,0,0,,1226.250000,,,,,0,,0,,,,0,,,,,,0,0,0,0,
47.952717,1785223725.158476114,reverse_align,-80,110,-40,gap_midpoint_reverse center=+52.2 entrySteer=+7.00 eq5=-7.00 pair=filtered,19,19,4,15,2,1,2,0,0,0,0,1,3,1,0,5,1,10.796875,89.578125,50.187500,1223.000000,1333.500000,1,10.796875,89.578125,50.187500,1223.000000,1333.500000,1624.611358,52.220192,median_filtered_pair,-110.500000,-7.000000,-0.059355,-7.000000,7.000000,52.220192,0,0,3,0,0,0,,1226.250000,,,,,0,,0,,,,0,,,,,,0,0,0,0,
48.039155,1785223725.273742199,reverse_align,-80,110,-40,gap_midpoint_reverse center=+52.2 entrySteer=+7.00 eq5=-7.00 pair=filtered,23,23,8,15,2,1,2,0,0,0,0,2,3,1,0,5,1,14.906250,89.093750,52.000000,1317.500000,1375.000000,1,10.796875,89.578125,50.187500,1223.000000,1333.500000,1624.611358,52.220192,median_filtered_pair,-110.500000,-7.000000,-0.059355,-7.000000,7.000000,52.220192,0,0,3,0,0,0,,1220.000000,,,,,0,,0,,,,0,,,,,,0,0,0,0,
48.126421,1785223725.386704922,reverse_align,-80,110,-40,gap_midpoint_reverse center=+52.9 entrySteer=+7.00 eq5=-7.00 pair=filtered,27,27,8,19,3,1,2,0,1,4,1,0,3,1,0,5,1,14.906250,84.703125,49.804688,1317.500000,1526.750000,1,14.906250,89.093750,50.187500,1317.500000,1375.000000,1624.550807,52.925101,median_filtered_pair,-57.500000,-7.000000,-0.016072,-7.000000,7.000000,52.925101,0,0,3,0,0,0,,1224.250000,,,,,0,,0,,,45.768152,4,432.801673,1080.171702,45.768152,,,0,0,0,0,
48.220346,1785223725.496612072,reverse_align,-80,110,-40,gap_midpoint_reverse center=+52.7 entrySteer=+7.00 eq5=-7.00 pair=filtered,21,21,8,13,3,1,2,0,0,0,0,1,3,1,0,5,1,14.906250,84.703125,49.804688,1317.500000,1526.750000,1,14.906250,84.703125,49.804688,1317.500000,1526.750000,1636.287256,52.742518,median_filtered_pair,-209.250000,-7.000000,-0.212846,-7.000000,7.000000,52.742518,0,0,3,0,0,0,,1385.250000,,,,,0,,0,,,,0,,,,,,0,0,0,0,
48.305699,1785223725.496612072,reverse_align,-80,110,-40,gap_midpoint_reverse center=+52.7 entrySteer=+7.00 eq5=-7.00 pair=filtered,21,21,8,13,3,1,2,0,0,0,0,1,3,1,0,5,1,14.906250,84.703125,49.804688,1317.500000,1526.750000,1,14.906250,84.703125,49.804688,1317.500000,1526.750000,1636.287256,52.742518,median_filtered_pair,-209.250000,-7.000000,-0.212846,-7.000000,7.000000,52.742518,0,0,3,0,0,0,,1385.250000,,,,,0,,0,,,,0,,,,,,0,0,0,0,
48.392746,1785223725.607414007,reverse_align,-80,110,-40,gap_midpoint_reverse center=+52.7 entrySteer=+7.00 eq5=-7.00 pair=filtered,28,28,12,16,2,1,2,0,1,3,1,0,3,1,0,5,1,14.906250,84.703125,49.804688,1317.500000,1526.750000,1,14.906250,84.703125,49.804688,1317.500000,1526.750000,1636.287256,52.742518,median_filtered_pair,-209.250000,-7.000000,-0.212846,-7.000000,7.000000,52.742518,0,0,3,0,0,0,,1348.000000,,,,,0,,0,,,,0,,,,,,0,0,0,0,
48.480257,1785223725.719132900,reverse_align,-80,110,-40,gap_midpoint_reverse center=+52.7 entrySteer=+7.00 eq5=-7.00 pair=filtered,24,24,8,16,2,1,2,1,1,5,2,0,4,1,0,5,1,14.906250,84.703125,49.804688,1317.500000,1526.750000,1,14.906250,84.703125,49.804688,1317.500000,1526.750000,1636.287256,52.742518,median_filtered_pair,-209.250000,-7.000000,-0.212846,-7.000000,7.000000,52.742518,0,0,3,0,0,0,,1319.500000,,,,,0,,0,,,46.160107,5,291.775527,10078.848218,46.160107,,,0,0,0,0,
48.568696,1785223725.830156088,reverse_align,-80,110,-40,gap_midpoint_reverse center=+52.7 entrySteer=+7.00 eq5=-7.00 pair=filtered,31,31,13,18,2,1,2,1,1,9,3,0,4,1,0,5,1,14.421875,81.578125,48.000000,1230.000000,1667.000000,1,14.906250,84.703125,49.804688,1317.500000,1526.750000,1636.287256,52.742518,median_filtered_pair,-209.250000,-7.000000,-0.212846,-7.000000,7.000000,52.742518,0,0,3,0,0,0,,1323.250000,,,,,0,,0,,,43.435617,9,479.465159,1483.420823,43.435617,,,0,0,0,0,
48.656492,1785223725.942128181,reverse_align,-80,110,-40,gap_midpoint_reverse center=+53.7 entrySteer=+7.00 eq5=-7.00 pair=filtered,28,28,9,19,2,1,2,1,1,9,4,0,4,1,0,5,1,14.421875,81.578125,48.000000,1230.000000,1667.000000,1,14.421875,81.578125,48.000000,1230.000000,1667.000000,1643.098036,53.718459,median_filtered_pair,-437.000000,-7.000000,-0.928322,-7.000000,7.000000,53.718459,0,0,3,0,0,0,,1326.750000,,,,,0,,0,,,42.823925,9,470.716439,1559.341470,42.823925,,,0,0,0,0,
48.749420,1785223725.942128181,reverse_align,-80,110,-40,gap_midpoint_reverse center=+53.7 entrySteer=+7.00 eq5=-7.00 pair=filtered,28,28,9,19,2,1,2,1,1,9,4,0,4,1,0,5,1,14.421875,81.578125,48.000000,1230.000000,1667.000000,1,14.421875,81.578125,48.000000,1230.000000,1667.000000,1643.098036,53.718459,median_filtered_pair,-437.000000,-7.000000,-0.928322,-7.000000,7.000000,53.718459,0,0,3,0,0,0,,1326.750000,,,,,0,,0,,,42.823925,9,470.716439,1559.341470,42.823925,,,0,0,0,0,
48.838241,1785223726.054054976,reverse_align,-80,110,-40,gap_midpoint_reverse center=+53.7 entrySteer=+7.00 eq5=-7.00 pair=filtered,28,28,9,19,2,1,2,1,1,10,5,0,4,1,0,5,1,14.421875,81.578125,48.000000,1230.000000,1667.000000,1,14.421875,81.578125,48.000000,1230.000000,1667.000000,1643.098036,53.718459,median_filtered_pair,-437.000000,-7.000000,-0.928322,-7.000000,7.000000,53.718459,0,0,3,0,0,0,,1272.500000,,,,,0,,0,,,43.284011,10,554.712430,1497.308551,43.284011,,,0,0,0,0,
48.925731,1785223726.164118052,reverse_align,-80,110,-40,gap_midpoint_reverse center=+53.7 entrySteer=+7.00 eq5=-7.00 pair=filtered,43,43,20,23,2,1,2,1,1,10,6,0,4,1,0,5,1,10.203125,81.578125,45.890625,952.500000,1667.000000,1,14.421875,81.578125,48.000000,1230.000000,1667.000000,1643.098036,53.718459,median_filtered_pair,-437.000000,-7.000000,-0.928322,-7.000000,7.000000,53.718459,0,0,3,0,0,0,,1284.000000,,,,,0,,0,,,42.533944,10,544.816237,1718.595477,42.533944,,,0,0,0,0,
49.012392,1785223726.276443958,reverse_align,-80,110,-40,gap_midpoint_reverse center=+57.0 entrySteer=+7.00 eq5=-7.00 pair=filtered,46,46,24,22,2,1,2,1,1,11,7,0,4,1,0,5,1,10.203125,81.578125,45.890625,952.500000,1667.000000,1,10.203125,81.578125,45.890625,952.500000,1667.000000,1634.605072,56.975007,median_filtered_pair,-714.500000,-7.000000,-2.481647,-7.000000,7.000000,56.975007,0,0,3,0,0,0,,1313.000000,,,,,0,,0,,,41.842693,11,533.459193,2504.707024,41.842693,,,0,0,0,0,
49.102894,1785223726.390368938,reverse_align,-80,110,-40,gap_midpoint_reverse center=+57.0 entrySteer=+7.00 eq5=-7.00 pair=filtered,48,48,24,24,2,1,2,1,1,11,8,0,4,1,0,5,1,10.203125,82.171875,46.187500,952.500000,1656.750000,1,10.203125,81.578125,45.890625,952.500000,1667.000000,1634.605072,56.975007,median_filtered_pair,-714.500000,-7.000000,-2.481647,-7.000000,7.000000,56.975007,0,0,3,0,0,0,,1317.750000,,,,,0,,0,,,40.621571,11,518.758501,880.047376,40.621571,,,0,0,0,0,
49.191397,1785223726.390368938,reverse_align,-80,110,-40,gap_midpoint_reverse center=+57.0 entrySteer=+7.00 eq5=-7.00 pair=filtered,48,48,24,24,2,1,2,1,1,11,8,0,4,1,0,5,1,10.203125,82.171875,46.187500,952.500000,1656.750000,1,10.203125,81.578125,45.890625,952.500000,1667.000000,1634.605072,56.975007,median_filtered_pair,-714.500000,-7.000000,-2.481647,-7.000000,7.000000,56.975007,0,0,3,0,0,0,,1317.750000,,,,,0,,0,,,40.621571,11,518.758501,880.047376,40.621571,,,0,0,0,0,
49.284525,1785223726.501600027,reverse_align,-80,110,-40,gap_midpoint_reverse center=+57.3 entrySteer=+7.00 eq5=-7.00 pair=filtered,42,42,21,21,2,1,2,1,1,10,9,0,4,1,0,5,1,10.203125,82.828125,46.515625,952.500000,1647.000000,1,10.203125,82.171875,46.187500,952.500000,1656.750000,1635.588144,57.276075,median_filtered_pair,-704.250000,-7.000000,-2.410956,-7.000000,7.000000,57.276075,0,0,3,0,0,0,,1330.250000,,,,,0,,0,,,40.777024,10,474.306581,2672.581543,40.777024,,,0,0,0,0,
49.374002,1785223726.613543987,reverse_align,-80,110,-40,gap_midpoint_reverse center=+57.6 entrySteer=+7.00 eq5=-7.00 pair=filtered,44,44,19,25,2,1,2,1,1,10,10,0,4,1,0,5,1,12.453125,83.406250,47.929688,975.500000,1642.250000,1,10.203125,82.828125,46.515625,952.500000,1647.000000,1637.962377,57.623959,median_filtered_pair,-694.500000,-7.000000,-2.344661,-7.000000,7.000000,57.623959,0,0,3,0,0,0,,1362.000000,,,,,0,,0,,,39.390670,10,466.243137,2477.865403,39.390670,,,0,0,0,0,
49.461679,1785223726.724439144,reverse_align,-80,110,-40,gap_midpoint_reverse center=+58.2 entrySteer=+7.00 eq5=-7.00 pair=filtered,44,44,21,23,3,1,2,1,1,9,11,0,4,1,0,5,1,12.453125,83.968750,48.210938,975.500000,1638.250000,1,12.453125,83.406250,47.929688,975.500000,1642.250000,1613.374454,58.218054,median_filtered_pair,-666.750000,-7.000000,-2.161034,-7.000000,7.000000,58.218054,0,0,3,0,0,0,,1367.000000,,,,,0,,0,,,39.369046,9,420.162076,3137.003197,39.369046,,,0,0,0,0,
49.551433,1785223726.835988045,reverse_align,-80,110,-40,gap_midpoint_reverse center=+58.6 entrySteer=+7.00 eq5=-7.00 pair=filtered,50,50,29,21,3,2,2,1,1,9,12,0,4,1,0,5,1,12.453125,84.515625,48.484375,975.500000,1628.500000,1,12.453125,83.968750,48.210938,975.500000,1638.250000,1619.293867,58.558677,median_filtered_pair,-662.750000,-7.000000,-2.135183,-7.000000,7.000000,58.558677,0,0,3,0,0,0,,1376.000000,,,,,0,,0,,,38.510981,9,411.081622,3878.978681,38.510981,,,0,0,0,0,
49.639947,1785223726.835988045,reverse_align,-80,110,-40,gap_midpoint_reverse center=+58.6 entrySteer=+7.00 eq5=-7.00 pair=filtered,50,50,29,21,3,2,2,1,1,9,12,0,4,1,0,5,1,12.453125,84.515625,48.484375,975.500000,1628.500000,1,12.453125,83.968750,48.210938,975.500000,1638.250000,1619.293867,58.558677,median_filtered_pair,-662.750000,-7.000000,-2.135183,-7.000000,7.000000,58.558677,0,0,3,0,0,0,,1376.000000,,,,,0,,0,,,38.510981,9,411.081622,3878.978681,38.510981,,,0,0,0,0,
49.729713,1785223726.947576046,reverse_align,-80,110,-40,gap_midpoint_reverse center=+58.8 entrySteer=+7.00 eq5=-7.00 pair=filtered,35,35,17,18,3,2,2,1,1,9,13,0,4,1,0,5,1,12.453125,85.140625,48.796875,975.500000,1624.250000,1,12.453125,84.515625,48.484375,975.500000,1628.500000,1620.215841,58.821637,median_filtered_pair,-653.000000,-7.000000,-2.072822,-7.000000,7.000000,58.821637,0,0,3,0,0,0,,1403.000000,,,,,0,,0,,,37.402247,9,407.137622,1830.897444,37.402247,,,0,0,0,0,
49.824435,1785223727.058801889,reverse_align,-80,110,-40,gap_midpoint_reverse center=+59.2 entrySteer=+7.00 eq5=-7.00 pair=filtered,46,46,28,18,3,2,2,1,1,9,14,0,4,1,0,5,1,4.687500,85.500000,45.093750,718.750000,1621.250000,1,12.453125,85.140625,48.484375,975.500000,1624.250000,1626.890755,59.200584,median_filtered_pair,-648.750000,-7.000000,-2.045928,-7.000000,7.000000,59.200584,0,0,3,0,0,0,,1413.000000,,,,,0,,0,,,35.984098,9,399.644326,1112.393732,35.984098,,,0,0,0,0,
49.910997,1785223727.169968128,prealign_left,50,-150,-40,near_without_both_cd_not_inside_gap_left_forward C=False D=True,38,38,20,18,3,2,2,1,1,8,15,0,4,1,1,5,1,11.703125,86.109375,48.906250,917.250000,1618.750000,1,11.703125,86.109375,48.906250,917.250000,1618.750000,1632.001125,60.765332,figure7_right_gap_cluster_tangents,,,,,,,1,1,0,0,0,0,,1419.500000,,,,,0,,0,,,35.975099,8,357.875566,2327.695032,35.975099,,,0,0,0,0,
50.000493,1785223727.281151056,prealign_left,50,-150,-40,figure7_t_entry_left entryCenter=+60.9 target<=45.0 confirm=0/3,52,52,34,18,5,2,2,1,1,9,16,0,4,1,1,5,1,11.703125,86.703125,49.203125,917.250000,1612.250000,1,11.703125,86.406250,49.054688,917.250000,1615.500000,1633.805492,60.937002,median_filtered_pair,,,,,,,1,1,0,0,0,0,,1435.250000,,,,,0,,0,,,34.828550,9,409.120119,2342.272345,34.828550,,,0,0,0,0,
50.089238,1785223727.281151056,prealign_left,50,-150,-40,figure7_t_entry_left entryCenter=+60.9 target<=45.0 confirm=0/3,52,52,34,18,5,2,2,1,1,9,16,0,4,1,1,5,1,11.703125,86.703125,49.203125,917.250000,1612.250000,1,11.703125,86.406250,49.054688,917.250000,1615.500000,1633.805492,60.937002,median_filtered_pair,,,,,,,1,1,0,0,0,0,,1435.250000,,,,,0,,0,,,34.828550,9,409.120119,2342.272345,34.828550,,,0,0,0,0,
50.178149,1785223727.395572901,prealign_left,50,-150,-40,figure7_t_entry_left entryCenter=+61.2 target<=45.0 confirm=0/3,36,36,22,14,4,2,2,1,1,7,17,0,4,1,1,5,1,11.031250,86.781250,48.906250,829.500000,1648.000000,1,11.703125,86.703125,48.906250,917.250000,1618.750000,1641.070046,61.186619,median_filtered_pair,,,,,,,1,1,0,0,0,0,,1435.750000,,,,,0,,0,,,34.633203,7,351.179033,964.180160,34.633203,,,0,0,0,0,
50.267638,1785223727.507439137,prealign_left,50,-150,-40,figure7_t_entry_left entryCenter=+63.3 target<=45.0 confirm=0/3,33,33,18,15,7,2,2,1,1,9,18,0,4,1,1,5,1,11.031250,86.781250,48.906250,829.500000,1648.000000,1,11.031250,86.781250,48.906250,829.500000,1648.000000,1652.568688,63.317046,median_filtered_pair,,,,,,,1,1,0,0,0,0,,1437.750000,,,,,0,,0,,,34.277702,9,401.157359,1659.728928,34.277702,,,0,0,0,0,
50.360950,1785223727.618266106,prealign_left,50,-150,-40,figure7_t_entry_left entryCenter=+63.3 target<=45.0 confirm=0/3,37,37,18,19,6,2,2,1,1,9,19,0,4,1,1,5,1,-0.703125,86.781250,43.039062,559.250000,1648.000000,1,11.031250,86.781250,48.906250,829.500000,1648.000000,1652.568688,63.317046,median_filtered_pair,,,,,,,1,1,0,0,0,0,,1420.500000,,,,,0,,0,,,34.349900,9,397.487275,2373.933640,34.349900,,,0,0,0,0,
50.449023,1785223727.730204821,prealign_left,50,-150,-40,figure7_t_entry_left entryCenter=+68.3 target<=45.0 confirm=0/3,35,35,17,18,7,2,2,1,1,10,20,0,4,1,1,5,1,-0.703125,85.984375,42.640625,559.250000,1619.750000,1,-0.703125,86.781250,43.039062,559.250000,1648.000000,1716.903979,68.309449,median_filtered_pair,,,,,,,1,1,0,0,0,0,,1401.500000,,,,,0,,0,,,33.427894,10,440.146776,567.586365,33.427894,,,0,0,0,0,
50.537004,1785223727.730204821,prealign_left,50,-150,-40,figure7_t_entry_left entryCenter=+68.3 target<=45.0 confirm=0/3,35,35,17,18,7,2,2,1,1,10,20,0,4,1,1,5,1,-0.703125,85.984375,42.640625,559.250000,1619.750000,1,-0.703125,86.781250,43.039062,559.250000,1648.000000,1716.903979,68.309449,median_filtered_pair,,,,,,,1,1,0,0,0,0,,1401.500000,,,,,0,,0,,,33.427894,10,440.146776,567.586365,33.427894,,,0,0,0,0,
50.626281,1785223727.840991020,prealign_left,50,-150,-40,figure7_t_entry_left entryCenter=+67.4 target<=45.0 confirm=0/3,38,38,21,17,2,1,2,1,1,10,21,0,4,1,1,5,1,-1.953125,84.828125,41.437500,550.750000,1625.750000,1,-0.703125,85.984375,42.640625,559.250000,1625.750000,1688.417326,67.374589,median_filtered_pair,,,,,,,1,1,0,0,0,0,,1377.500000,,,,,0,,0,,,34.771044,10,457.413780,3001.267160,34.771044,,,0,0,0,0,
50.715577,1785223727.953183889,prealign_left,50,-150,-40,figure7_t_entry_left entryCenter=+66.5 target<=45.0 confirm=0/3,33,33,17,16,3,2,2,1,1,11,22,0,4,1,0,5,1,-1.953125,83.593750,40.820312,550.750000,1632.500000,1,-1.953125,84.828125,41.437500,550.750000,1625.750000,1686.961884,66.466148,median_filtered_pair,,,,,,,1,1,0,0,0,0,,1363.250000,,,,,0,,0,,,34.133390,11,502.692290,7061.713247,34.133390,,,0,0,0,0,
50.804954,1785223728.067834139,prealign_left,50,-150,-40,figure7_t_entry_left entryCenter=+65.4 target<=45.0 confirm=0/3,42,42,21,21,4,2,2,1,1,11,23,0,4,1,0,5,1,10.218750,83.593750,46.906250,812.750000,1632.500000,1,-1.953125,83.593750,41.437500,550.750000,1632.500000,1681.892810,65.446569,median_filtered_pair,,,,,,,1,1,0,0,0,0,,1342.500000,,,,,0,,0,,,34.502773,11,490.532994,1482.451077,34.502773,,,0,0,0,0,
50.900150,1785223728.178547859,prealign_left,50,-150,-40,figure7_t_entry_left entryCenter=+63.7 target<=45.0 confirm=0/3,36,36,23,13,3,2,2,1,1,12,24,0,4,1,0,5,1,-2.343750,80.859375,39.257812,608.500000,1663.250000,1,-1.953125,83.593750,40.820312,608.500000,1632.500000,1697.371540,63.735878,median_filtered_pair,,,,,,,1,1,0,0,0,0,,1324.000000,,,,,0,,0,,,34.549018,12,607.118236,1565.546171,34.549018,,,0,0,0,0,
50.988698,1785223728.178547859,prealign_left,50,-150,-40,figure7_t_entry_left entryCenter=+63.7 target<=45.0 confirm=0/3,36,36,23,13,3,2,2,1,1,12,24,0,4,1,0,5,1,-2.343750,80.859375,39.257812,608.500000,1663.250000,1,-1.953125,83.593750,40.820312,608.500000,1632.500000,1697.371540,63.735878,median_filtered_pair,,,,,,,1,1,0,0,0,0,,1324.000000,,,,,0,,0,,,34.549018,12,607.118236,1565.546171,34.549018,,,0,0,0,0,
51.077694,1785223728.289824009,prealign_left,50,-150,-40,figure7_t_entry_left entryCenter=+61.7 target<=45.0 confirm=0/3,36,36,19,17,3,2,2,1,1,12,25,0,4,1,0,5,1,-2.343750,80.859375,39.257812,608.500000,1663.250000,1,-2.343750,80.859375,39.257812,608.500000,1663.250000,1702.090496,61.661144,median_filtered_pair,,,,,,,1,1,0,0,0,0,,1302.750000,,,,,0,,0,,,34.210897,12,548.439603,2560.587607,34.210897,,,0,0,0,0,
51.167610,1785223728.401944160,prealign_left,50,-150,-40,figure7_t_entry_left entryCenter=+61.7 target<=45.0 confirm=0/3,39,39,20,19,3,2,2,1,1,13,26,0,4,1,0,5,1,6.218750,79.906250,43.062500,917.250000,1618.500000,1,-2.343750,80.859375,39.257812,608.500000,1663.250000,1702.090496,61.661144,median_filtered_pair,,,,,,,1,1,0,0,0,0,,1287.000000,,,,,0,,0,,,33.677803,13,591.597770,3372.556662,33.677803,,,0,0,0,0,
51.256484,1785223728.512944221,prealign_left,50,-150,-40,figure7_t_entry_left entryCenter=+54.9 target<=45.0 confirm=0/3,41,41,20,21,3,2,2,1,1,13,27,0,4,1,0,5,1,6.218750,78.656250,42.437500,917.250000,1625.750000,1,6.218750,79.906250,42.437500,917.250000,1625.750000,1626.872757,54.854071,median_filtered_pair,,,,,,,1,1,0,0,0,0,,1279.500000,,,,,0,,0,,,33.309449,13,600.345380,2329.724659,33.309449,,,0,0,0,0,
51.344775,1785223728.624137878,prealign_left,50,-150,-40,figure7_t_entry_left entryCenter=+54.0 target<=45.0 confirm=0/3,42,42,25,17,4,2,2,1,1,10,28,0,4,1,0,5,1,6.218750,78.656250,42.437500,917.250000,1625.750000,1,6.218750,78.656250,42.437500,917.250000,1625.750000,1607.629274,53.970394,median_filtered_pair,,,,,,,1,1,0,0,0,0,,1278.000000,,,,,0,,0,,,33.849412,10,432.203308,3570.375232,33.849412,,,0,0,0,0,
51.439191,1785223728.734997034,prealign_left,50,-150,-40,figure7_t_entry_left entryCenter=+54.0 target<=45.0 confirm=0/3,41,41,23,18,4,2,2,1,1,9,29,0,4,1,0,5,1,6.218750,78.656250,42.437500,917.250000,1625.750000,1,6.218750,78.656250,42.437500,917.250000,1625.750000,1607.629274,53.970394,median_filtered_pair,,,,,,,1,1,0,0,0,0,,1263.250000,,,,,0,,0,,,31.171432,9,509.417729,744.999454,31.171432,,,0,0,0,0,
51.526194,1785223728.734997034,prealign_left,50,-150,-40,figure7_t_entry_left entryCenter=+54.0 target<=45.0 confirm=0/3,41,41,23,18,4,2,2,1,1,9,29,0,4,1,0,5,1,6.218750,78.656250,42.437500,917.250000,1625.750000,1,6.218750,78.656250,42.437500,917.250000,1625.750000,1607.629274,53.970394,median_filtered_pair,,,,,,,1,1,0,0,0,0,,1263.250000,,,,,0,,0,,,31.171432,9,509.417729,744.999454,31.171432,,,0,0,0,0,
51.614684,1785223728.846746922,prealign_left,50,-150,-40,figure7_t_entry_left entryCenter=+54.0 target<=45.0 confirm=0/3,43,43,26,17,4,2,2,1,1,11,30,0,4,1,0,5,1,5.125000,77.375000,41.250000,935.250000,1579.250000,1,6.218750,78.656250,42.437500,917.250000,1625.750000,1607.629274,53.970394,median_filtered_pair,,,,,,,1,1,0,0,0,0,,1261.000000,,,,,0,,0,,,31.202360,11,573.383707,1265.844700,31.202360,,,0,0,0,0,
51.703336,1785223728.958585024,prealign_left,50,-150,-40,figure7_t_entry_left entryCenter=+52.2 target<=45.0 confirm=0/3,36,36,23,13,3,2,2,1,1,6,31,0,4,1,0,5,1,-3.218750,77.375000,37.078125,749.000000,1579.250000,1,5.125000,77.375000,41.250000,917.250000,1579.250000,1565.932745,52.203792,median_filtered_pair,,,,,,,1,1,0,0,0,0,,1264.250000,,,,,0,,0,,,30.135819,6,467.429602,983.324839,30.135819,,,0,0,0,0,
51.792488,1785223729.069306135,prealign_left,50,-150,-40,figure7_t_entry_left entryCenter=+53.0 target<=45.0 confirm=0/3,39,39,25,14,2,1,2,1,1,6,32,0,4,1,0,5,1,-4.359375,77.375000,36.507812,785.750000,1579.250000,1,-3.218750,77.375000,37.078125,785.750000,1579.250000,1644.939384,52.959627,median_filtered_pair,,,,,,,1,1,0,0,0,0,,1277.000000,,,,,0,,0,,,24.907403,6,538.324840,140.972785,24.907403,,,0,0,0,0,
51.880328,1785223729.069306135,prealign_left,50,-150,-40,figure7_t_entry_left entryCenter=+53.0 target<=45.0 confirm=0/3,39,39,25,14,2,1,2,1,1,6,32,0,4,1,0,5,1,-4.359375,77.375000,36.507812,785.750000,1579.250000,1,-3.218750,77.375000,37.078125,785.750000,1579.250000,1644.939384,52.959627,median_filtered_pair,,,,,,,1,1,0,0,0,0,,1277.000000,,,,,0,,0,,,24.907403,6,538.324840,140.972785,24.907403,,,0,0,0,0,
51.974239,1785223729.181396008,prealign_left,50,-150,-40,figure7_t_entry_left entryCenter=+52.7 target<=45.0 confirm=0/3,41,41,26,15,2,1,2,1,1,8,33,0,4,1,0,5,1,-4.359375,74.687500,35.164062,785.750000,1573.000000,1,-4.359375,77.375000,36.507812,785.750000,1579.250000,1659.712351,52.695753,median_filtered_pair,,,,,,,1,1,0,0,0,0,,1264.750000,,,,,0,,0,,,23.990864,8,632.246084,139.239259,23.990864,,,0,0,0,0,
52.062911,1785223729.295833111,prealign_left,50,-150,-40,figure7_t_entry_left entryCenter=+50.6 target<=45.0 confirm=0/3,33,33,21,12,2,1,2,1,1,9,34,0,4,1,0,5,1,-7.703125,73.437500,32.867188,758.250000,1576.750000,1,-4.359375,74.687500,35.164062,785.750000,1576.750000,1622.570570,50.605820,median_filtered_pair,,,,,,,1,1,0,0,0,0,,1270.250000,,,,,0,,0,,,25.206966,9,604.573653,178.384175,25.206966,,,0,0,0,0,
52.151577,1785223729.406789064,prealign_left,50,-150,-40,figure7_t_entry_left entryCenter=+49.7 target<=45.0 confirm=0/3,33,33,21,12,2,1,2,1,1,7,35,0,4,1,0,5,1,0.484375,73.437500,36.960938,1075.000000,1576.750000,1,-4.359375,73.437500,35.164062,785.750000,1576.750000,1606.168645,49.656457,median_filtered_pair,,,,,,,1,1,0,0,0,0,,1323.500000,,,,,0,,0,,,30.016186,7,321.614862,2585.805301,30.016186,,,0,0,0,0,
52.241314,1785223729.518620968,reverse_align,-80,110,-40,gap_midpoint_reverse center=+44.9 entrySteer=+7.00 eq5=-7.00 pair=filtered,39,39,26,13,2,1,2,1,1,9,36,0,4,1,0,5,1,0.484375,72.796875,36.640625,1075.000000,1539.500000,1,0.484375,73.437500,36.640625,1075.000000,1576.750000,1627.258400,44.924465,median_filtered_pair,-501.750000,-7.000000,-1.223800,-7.000000,7.000000,44.924465,0,1,3,0,0,0,,1255.250000,,,,,0,,0,,,20.052754,9,613.228366,94.349447,20.052754,,,0,0,0,0,
52.330800,1785223729.518620968,reverse_align,-80,110,-40,gap_midpoint_reverse center=+44.9 entrySteer=+7.00 eq5=-7.00 pair=filtered,39,39,26,13,2,1,2,1,1,9,36,0,4,1,0,5,1,0.484375,72.796875,36.640625,1075.000000,1539.500000,1,0.484375,73.437500,36.640625,1075.000000,1576.750000,1627.258400,44.924465,median_filtered_pair,-501.750000,-7.000000,-1.223800,-7.000000,7.000000,44.924465,0,1,3,0,0,0,,1255.250000,,,,,0,,0,,,20.052754,9,613.228366,94.349447,20.052754,,,0,0,0,0,
52.420394,1785223729.630558014,reverse_align,-80,110,-40,gap_midpoint_reverse center=+44.0 entrySteer=+7.00 eq5=-7.00 pair=filtered,26,26,10,16,3,2,2,1,1,7,37,0,4,1,0,5,1,-7.500000,72.796875,32.648438,883.000000,1539.500000,1,0.484375,72.796875,36.640625,1075.000000,1539.500000,1587.465456,44.037478,median_filtered_pair,-464.500000,-7.000000,-1.048835,-7.000000,7.000000,44.037478,0,1,3,0,0,0,,1272.500000,,,,,0,,0,,,18.092991,7,559.241537,74.052648,18.092991,,,0,0,0,0,
52.514060,1785223729.740709066,reverse_align,-80,110,-40,gap_midpoint_reverse center=+44.5 entrySteer=+7.00 eq5=-7.00 pair=filtered,22,22,12,10,3,2,2,1,1,8,38,0,4,1,0,5,1,-5.203125,72.578125,33.687500,958.750000,1523.250000,1,-5.203125,72.796875,33.687500,958.750000,1539.500000,1635.698114,44.457738,median_filtered_pair,-580.750000,-7.000000,-1.639510,-7.000000,7.000000,44.457738,0,1,3,0,0,0,,1242.750000,,,,,0,,0,,,21.147951,8,571.674493,90.734401,21.147951,,,0,0,0,0,
52.602168,1785223729.852403879,reverse_align,-80,110,-40,gap_midpoint_reverse center=+44.1 entrySteer=+7.00 eq5=-7.00 pair=filtered,35,35,20,15,3,2,2,1,1,9,39,0,4,1,0,5,1,-5.203125,72.578125,33.687500,958.750000,1523.250000,1,-5.203125,72.578125,33.687500,958.750000,1523.250000,1619.047159,44.083242,median_filtered_pair,-564.500000,-7.000000,-1.549043,-7.000000,7.000000,44.083242,0,1,3,0,0,0,,1238.500000,,,,,0,,0,,,21.761536,9,570.018845,116.694717,21.761536,,,0,0,0,0,
52.690832,1785223729.964111805,reverse_align,-80,110,-40,gap_midpoint_reverse center=+44.1 entrySteer=+7.00 eq5=-7.00 pair=filtered,33,33,20,13,3,2,2,1,1,9,40,0,4,1,0,5,1,-5.203125,72.234375,33.515625,958.750000,1569.250000,1,-5.203125,72.578125,33.687500,958.750000,1523.250000,1619.047159,44.083242,median_filtered_pair,-564.500000,-7.000000,-1.549043,-7.000000,7.000000,44.083242,0,1,3,0,0,0,,1243.250000,,,,,0,,0,,,22.828277,9,633.408584,100.746931,22.828277,,,0,0,0,0,
52.779773,1785223730.075865030,reverse_align,-80,110,-40,gap_midpoint_reverse center=+44.5 entrySteer=+7.00 eq5=-7.00 pair=filtered,42,42,28,14,3,2,2,1,1,9,41,0,4,1,0,5,1,-5.203125,72.234375,33.515625,958.750000,1569.250000,1,-5.203125,72.234375,33.515625,958.750000,1569.250000,1651.444273,44.472757,median_filtered_pair,-610.500000,-7.000000,-1.811786,-7.000000,7.000000,44.472757,0,1,3,0,0,0,,1243.000000,,,,,0,,0,,,25.058749,9,490.531126,310.209246,25.058749,,,0,0,0,0,
52.868912,1785223730.075865030,reverse_align,-80,110,-40,gap_midpoint_reverse center=+44.5 entrySteer=+7.00 eq5=-7.00 pair=filtered,42,42,28,14,3,2,2,1,1,9,41,0,4,1,0,5,1,-5.203125,72.234375,33.515625,958.750000,1569.250000,1,-5.203125,72.234375,33.515625,958.750000,1569.250000,1651.444273,44.472757,median_filtered_pair,-610.500000,-7.000000,-1.811786,-7.000000,7.000000,44.472757,0,1,3,0,0,0,,1243.000000,,,,,0,,0,,,25.058749,9,490.531126,310.209246,25.058749,,,0,0,0,0,
52.958595,1785223730.186576843,reverse_align,-80,110,-40,gap_midpoint_reverse center=+44.5 entrySteer=+7.00 eq5=-7.00 pair=filtered,45,45,31,14,6,1,2,1,1,10,42,0,4,1,0,5,1,-1.140625,72.234375,35.546875,1099.500000,1569.250000,1,-5.203125,72.234375,33.515625,958.750000,1569.250000,1651.444273,44.472757,median_filtered_pair,-610.500000,-7.000000,-1.811786,-7.000000,7.000000,44.472757,0,1,3,0,0,0,,1250.750000,,,,,0,,0,,,21.992404,10,610.341701,87.431328,21.992404,,,0,0,0,0,
53.052719,1785223730.301675081,reverse_align,-80,110,-40,gap_midpoint_reverse center=+43.0 entrySteer=+7.00 eq5=-7.00 pair=filtered,37,37,25,12,8,1,2,1,1,10,43,0,4,1,0,5,1,-1.140625,72.234375,35.546875,1099.500000,1569.250000,1,-1.140625,72.234375,35.546875,1099.500000,1569.250000,1638.339114,43.018043,median_filtered_pair,-469.750000,-7.000000,-1.072677,-7.000000,7.000000,43.018043,0,1,3,0,0,0,,1252.250000,,,,,0,,0,,,21.802435,10,602.708782,89.807820,21.802435,,,0,0,0,0,
53.139910,1785223730.412218094,reverse_align,-80,110,-40,gap_midpoint_reverse center=+43.0 entrySteer=+7.00 eq5=-7.00 pair=filtered,39,39,27,12,6,1,2,1,1,11,44,0,4,1,0,5,1,-2.968750,72.234375,34.632812,976.000000,1569.250000,1,-1.140625,72.234375,35.546875,1099.500000,1569.250000,1638.339114,43.018043,median_filtered_pair,-469.750000,-7.000000,-1.072677,-7.000000,7.000000,43.018043,0,1,3,0,0,0,,1254.750000,,,,,0,,0,,,22.015281,11,650.643853,116.659943,22.015281,,,0,0,0,0,
53.229791,1785223730.523494959,reverse_align,-80,110,-40,gap_midpoint_reverse center=+44.8 entrySteer=+7.00 eq5=-7.00 pair=filtered,42,42,24,18,6,1,2,1,1,11,45,0,4,1,0,5,1,-2.968750,74.062500,35.546875,976.000000,1544.750000,1,-2.968750,72.234375,35.546875,976.000000,1569.250000,1622.592918,44.809414,median_filtered_pair,-593.250000,-7.000000,-1.710846,-7.000000,7.000000,44.809414,0,1,3,0,0,0,,1244.500000,,,,,0,,0,,,21.039817,11,590.489877,107.257816,21.039817,,,0,0,0,0,
53.320353,1785223730.523494959,reverse_align,-80,110,-40,gap_midpoint_reverse center=+44.8 entrySteer=+7.00 eq5=-7.00 pair=filtered,42,42,24,18,6,1,2,1,1,11,45,0,4,1,0,5,1,-2.968750,74.062500,35.546875,976.000000,1544.750000,1,-2.968750,72.234375,35.546875,976.000000,1569.250000,1622.592918,44.809414,median_filtered_pair,-593.250000,-7.000000,-1.710846,-7.000000,7.000000,44.809414,0,1,3,0,0,0,,1244.500000,,,,,0,,0,,,21.039817,11,590.489877,107.257816,21.039817,,,0,0,0,0,
53.410405,1785223730.635766983,reverse_align,-80,110,-40,gap_midpoint_reverse center=+45.7 entrySteer=+7.00 eq5=-7.00 pair=filtered,30,30,20,10,7,1,2,1,1,9,46,0,4,1,0,5,1,-2.968750,74.062500,35.546875,976.000000,1544.750000,1,-2.968750,74.062500,35.546875,976.000000,1544.750000,1631.601826,45.727124,median_filtered_pair,-568.750000,-7.000000,-1.572456,-7.000000,7.000000,45.727124,0,1,3,0,0,0,,1250.000000,,,,,0,,0,,,25.100550,9,527.924656,845.903779,25.100550,,,0,0,0,0,
53.497570,1785223730.746651888,reverse_align,-80,110,-40,gap_midpoint_reverse center=+45.7 entrySteer=+7.00 eq5=-7.00 pair=filtered,37,37,20,17,3,1,2,1,1,8,47,0,4,1,0,5,1,-2.968750,74.062500,35.546875,976.000000,1544.750000,1,-2.968750,74.062500,35.546875,976.000000,1544.750000,1631.601826,45.727124,median_filtered_pair,-568.750000,-7.000000,-1.572456,-7.000000,7.000000,45.727124,0,1,3,0,0,0,,1253.250000,,,,,0,,0,,,23.991720,8,523.498121,1357.726106,23.991720,,,0,0,0,0,
53.592215,1785223730.858377934,prealign_left,50,-150,-40,near_without_both_cd_not_inside_gap_left_forward C=False D=True,33,33,21,12,2,1,2,1,1,8,48,0,4,1,1,5,1,-4.812500,74.062500,34.625000,888.000000,1544.750000,1,-4.812500,74.062500,34.625000,888.000000,1544.750000,1626.481646,47.144149,figure7_right_gap_cluster_tangents,,,,,,,1,1,0,0,0,0,,1267.000000,,,,,0,,0,,,26.512361,8,419.086292,860.385041,26.512361,,,0,0,0,0,
53.682204,1785223730.969583035,prealign_left,50,-150,-40,figure7_t_entry_left entryCenter=+47.6 target<=45.0 confirm=0/3,38,38,26,12,9,1,2,1,1,9,49,0,4,1,1,5,1,-4.812500,76.250000,35.718750,888.000000,1502.250000,1,-4.812500,75.156250,35.171875,888.000000,1523.500000,1624.283493,47.634183,median_filtered_pair,,,,,,,1,1,0,0,0,0,,1256.250000,,,,,0,,0,,,24.192245,9,439.411874,422.227597,24.192245,,,0,0,0,0,
53.769071,1785223730.969583035,prealign_left,50,-150,-40,figure7_t_entry_left entryCenter=+47.6 target<=45.0 confirm=0/3,38,38,26,12,9,1,2,1,1,9,49,0,4,1,1,5,1,-4.812500,76.250000,35.718750,888.000000,1502.250000,1,-4.812500,75.156250,35.171875,888.000000,1523.500000,1624.283493,47.634183,median_filtered_pair,,,,,,,1,1,0,0,0,0,,1256.250000,,,,,0,,0,,,24.192245,9,439.411874,422.227597,24.192245,,,0,0,0,0,
53.857738,1785223731.080435038,prealign_left,50,-150,-40,figure7_t_entry_left entryCenter=+48.1 target<=45.0 confirm=0/3,42,42,25,17,15,1,2,1,1,10,50,0,4,1,1,5,1,-4.812500,76.656250,35.921875,888.000000,1498.000000,1,-4.812500,76.250000,35.718750,888.000000,1502.250000,1621.976351,48.111163,median_filtered_pair,,,,,,,1,1,0,0,0,0,,1269.500000,,,,,0,,0,,,25.530648,10,405.854881,898.970488,25.530648,,,0,0,0,0,
53.946915,1785223731.194879055,prealign_left,50,-150,-40,figure7_t_entry_left entryCenter=+48.3 target<=45.0 confirm=0/3,36,36,20,16,15,1,2,1,1,10,51,0,4,1,1,5,1,-7.000000,77.156250,35.078125,799.500000,1492.250000,1,-4.812500,76.656250,35.718750,888.000000,1498.000000,1624.153224,48.338451,median_filtered_pair,,,,,,,1,1,0,0,0,0,,1268.250000,,,,,0,,0,,,26.238007,10,403.811586,971.966808,26.238007,,,0,0,0,0,
54.035268,1785223731.307171106,prealign_left,50,-150,-40,figure7_t_entry_left entryCenter=+50.4 target<=45.0 confirm=0/3,36,36,22,14,10,1,2,1,1,11,52,0,4,1,1,5,1,-7.000000,77.406250,35.203125,799.500000,1494.250000,1,-7.000000,77.156250,35.203125,799.500000,1494.250000,1621.330904,50.372876,median_filtered_pair,,,,,,,1,1,0,0,0,0,,1257.500000,,,,,0,,0,,,23.973436,11,510.884620,469.487341,23.973436,,,0,0,0,0,
54.131017,1785223731.418323994,prealign_left,50,-150,-40,figure7_t_entry_left entryCenter=+50.3 target<=45.0 confirm=0/3,39,39,23,16,15,1,2,1,1,9,53,0,4,1,0,5,1,-7.000000,76.781250,34.890625,799.500000,1475.500000,1,-7.000000,77.156250,35.078125,799.500000,1492.250000,1619.588376,50.343591,median_filtered_pair,,,,,,,1,1,0,0,0,0,,1254.500000,,,,,0,86.825025,4,123.259542,816.276491,22.291200,9,513.700507,970.369205,22.291200,,,0,0,0,0,
54.219547,1785223731.418323994,prealign_left,50,-150,-40,figure7_t_entry_left entryCenter=+50.3 target<=45.0 confirm=0/3,39,39,23,16,15,1,2,1,1,9,53,0,4,1,0,5,1,-7.000000,76.781250,34.890625,799.500000,1475.500000,1,-7.000000,77.156250,35.078125,799.500000,1492.250000,1619.588376,50.343591,median_filtered_pair,,,,,,,1,1,0,0,0,0,,1254.500000,,,,,0,86.825025,4,123.259542,816.276491,22.291200,9,513.700507,970.369205,22.291200,,,0,0,0,0,
54.307268,1785223731.529743910,prealign_left,50,-150,-40,figure7_t_entry_left entryCenter=+49.9 target<=45.0 confirm=0/3,30,30,17,13,10,1,2,1,1,9,54,0,4,1,0,5,1,-10.421875,75.734375,32.656250,723.750000,1478.500000,1,-7.000000,76.781250,34.890625,799.500000,1478.500000,1602.831801,49.858778,median_filtered_pair,,,,,,,1,1,0,0,0,0,,1249.750000,,,,,0,,0,,,22.117841,9,515.405913,1015.166287,22.117841,,,0,0,0,0,
54.396312,1785223731.640396118,prealign_left,50,-150,-40,figure7_t_entry_left entryCenter=+50.4 target<=45.0 confirm=0/3,38,38,23,15,3,1,2,1,1,9,55,0,4,1,0,5,1,-10.421875,74.562500,32.070312,723.750000,1480.500000,1,-10.421875,75.734375,32.656250,723.750000,1478.500000,1601.971006,50.425044,median_filtered_pair,,,,,,,1,1,0,0,0,0,,1247.000000,,,,,0,,0,,,21.286125,9,518.986029,1165.136419,21.286125,,,0,0,0,0,
54.485037,1785223731.752354145,prealign_left,50,-150,-40,figure7_t_entry_left entryCenter=+49.5 target<=45.0 confirm=0/3,37,37,21,16,3,1,2,1,1,10,56,0,4,1,0,5,1,-10.421875,73.203125,31.390625,723.750000,1483.750000,1,-10.421875,74.562500,32.070312,723.750000,1480.500000,1590.073991,49.528844,median_filtered_pair,,,,,,,1,1,0,0,0,0,,1244.500000,,,,,0,,0,,,18.465291,10,553.304987,246.426496,18.465291,,,0,0,0,0,
54.575082,1785223731.863972187,prealign_left,50,-150,-40,figure7_t_entry_left entryCenter=+48.5 target<=45.0 confirm=0/3,42,42,30,12,2,1,2,1,1,8,57,0,4,1,0,5,1,-14.687500,71.921875,28.617188,755.750000,1491.750000,1,-10.421875,73.203125,31.390625,723.750000,1483.750000,1576.976369,48.507249,median_filtered_pair,,,,,,,1,1,0,0,0,0,,1236.500000,,,,,0,,0,,,18.598509,8,557.707512,263.098835,18.598509,,,0,0,0,0,
54.669075,1785223731.863972187,prealign_left,50,-150,-40,figure7_t_entry_left entryCenter=+48.5 target<=45.0 confirm=0/3,42,42,30,12,2,1,2,1,1,8,57,0,4,1,0,5,1,-14.687500,71.921875,28.617188,755.750000,1491.750000,1,-10.421875,73.203125,31.390625,723.750000,1483.750000,1576.976369,48.507249,median_filtered_pair,,,,,,,1,1,0,0,0,0,,1236.500000,,,,,0,,0,,,18.598509,8,557.707512,263.098835,18.598509,,,0,0,0,0,
54.757217,1785223731.975206852,prealign_left,50,-150,-40,figure7_t_entry_left entryCenter=+45.8 target<=45.0 confirm=0/3,40,40,28,12,2,1,2,1,1,7,58,0,4,1,0,5,1,-14.687500,71.921875,28.617188,755.750000,1491.750000,1,-14.687500,71.921875,28.617188,755.750000,1491.750000,1631.907345,45.769892,median_filtered_pair,,,,,,,1,1,0,0,0,0,,1234.750000,,,,,0,-84.752157,5,108.083544,231.960786,17.053249,7,504.592787,204.925455,17.053249,,,0,0,0,0,
54.847203,1785223732.086832047,prealign_left,50,-150,-40,figure7_t_entry_left entryCenter=+45.8 target<=45.0 confirm=0/3,40,40,27,13,2,1,2,1,1,7,59,0,4,1,0,5,1,-14.687500,71.390625,28.351562,755.750000,1461.000000,1,-14.687500,71.921875,28.617188,755.750000,1491.750000,1631.907345,45.769892,median_filtered_pair,,,,,,,1,1,0,0,0,0,,1290.500000,,,,,0,89.757353,5,175.158177,394.196421,22.315275,7,288.724859,1694.044483,22.315275,,,0,0,0,0,
54.936940,1785223732.201199055,prealign_left,50,-150,-40,figure7_t_entry_left entryCenter=+45.4 target<=45.0 confirm=0/3,43,43,27,16,2,1,2,1,1,7,60,0,4,1,0,5,1,-14.687500,68.859375,27.085938,755.750000,1493.000000,1,-14.687500,71.390625,28.351562,755.750000,1491.750000,1625.502307,45.354829,median_filtered_pair,,,,,,,1,1,0,0,0,0,,1287.000000,,,,,0,,0,,,21.182000,8,341.895383,6069.089233,21.182000,,,0,0,0,0,
55.026096,1785223732.312227011,reverse_align,-80,110,-40,gap_midpoint_reverse center=+43.4 entrySteer=+7.00 eq5=-7.00 pair=filtered,34,34,24,10,2,1,2,1,1,6,61,0,4,1,0,5,1,-9.375000,68.859375,29.742188,914.000000,1493.000000,1,-14.687500,68.859375,28.351562,755.750000,1493.000000,1595.800512,43.408991,median_filtered_pair,-737.250000,-7.000000,-2.642196,-7.000000,7.000000,43.408991,0,1,3,0,0,0,,1287.250000,,,,,0,,0,,,21.074590,7,293.510867,2954.395137,21.074590,,,0,0,0,0,
55.116491,1785223732.312227011,reverse_align,-80,110,-40,gap_midpoint_reverse center=+43.4 entrySteer=+7.00 eq5=-7.00 pair=filtered,34,34,24,10,2,1,2,1,1,6,61,0,4,1,0,5,1,-9.375000,68.859375,29.742188,914.000000,1493.000000,1,-14.687500,68.859375,28.351562,755.750000,1493.000000,1595.800512,43.408991,median_filtered_pair,-737.250000,-7.000000,-2.642196,-7.000000,7.000000,43.408991,0,1,3,0,0,0,,1287.250000,,,,,0,,0,,,21.074590,7,293.510867,2954.395137,21.074590,,,0,0,0,0,
55.210172,1785223732.423077822,reverse_align,-80,110,-40,gap_midpoint_reverse center=+40.4 entrySteer=+7.00 eq5=-7.00 pair=filtered,19,19,6,13,2,1,2,1,1,7,62,0,4,1,0,5,1,-10.750000,67.703125,28.476562,970.500000,1473.250000,1,-10.750000,68.859375,28.476562,914.000000,1493.000000,1603.811292,40.389449,median_filtered_pair,-579.000000,-7.000000,-1.629644,-7.000000,7.000000,40.389449,0,1,3,0,0,0,,1226.000000,,,,,0,87.420638,4,150.628292,709.604317,10.139931,8,580.035833,75.011661,10.139931,,,0,0,0,0,
55.297156,1785223732.535356998,reverse_align,-80,110,-40,gap_midpoint_reverse center=+38.3 entrySteer=+7.00 eq5=-7.00 pair=filtered,41,41,20,21,2,1,2,1,1,8,63,0,4,1,0,5,1,-10.750000,67.281250,28.265625,970.500000,1490.500000,1,-10.750000,67.703125,28.476562,970.500000,1490.500000,1607.593802,38.263331,median_filtered_pair,-520.000000,-7.000000,-1.314444,-7.000000,7.000000,38.263331,0,1,3,0,0,0,,1228.750000,,,,,0,,0,,,12.512075,10,590.668169,114.585612,12.512075,,,0,0,0,0,
55.385630,1785223732.646840096,reverse_align,-80,110,-40,gap_midpoint_reverse center=+38.0 entrySteer=+7.00 eq5=-7.00 pair=filtered,39,39,27,12,3,1,2,1,1,8,64,0,4,1,0,5,1,-10.750000,67.281250,28.265625,970.500000,1490.500000,1,-10.750000,67.281250,28.265625,970.500000,1490.500000,1601.094291,37.980466,median_filtered_pair,-520.000000,-7.000000,-1.314444,-7.000000,7.000000,37.980466,0,1,3,0,0,0,,1234.250000,,,,,0,,0,,,12.854610,10,587.101318,120.337680,12.854610,,,0,0,0,0,
55.474226,1785223732.757483006,reverse_align,-80,110,-40,gap_midpoint_reverse center=+38.0 entrySteer=+7.00 eq5=-7.00 pair=filtered,36,36,24,12,2,1,2,1,1,8,65,0,4,1,0,5,1,-11.156250,67.281250,28.062500,973.500000,1490.500000,1,-10.750000,67.281250,28.265625,970.500000,1490.500000,1601.094291,37.980466,median_filtered_pair,-520.000000,-7.000000,-1.314444,-7.000000,7.000000,37.980466,0,1,3,0,0,0,,1259.750000,,,,,0,86.538004,4,139.752303,2753.105732,14.747933,9,553.052762,110.970991,14.747933,,,0,0,0,0,
55.563603,1785223732.757483006,reverse_align,-80,110,-40,gap_midpoint_reverse center=+38.0 entrySteer=+7.00 eq5=-7.00 pair=filtered,36,36,24,12,2,1,2,1,1,8,65,0,4,1,0,5,1,-11.156250,67.281250,28.062500,973.500000,1490.500000,1,-10.750000,67.281250,28.265625,970.500000,1490.500000,1601.094291,37.980466,median_filtered_pair,-520.000000,-7.000000,-1.314444,-7.000000,7.000000,37.980466,0,1,3,0,0,0,,1259.750000,,,,,0,86.538004,4,139.752303,2753.105732,14.747933,9,553.052762,110.970991,14.747933,,,0,0,0,0,
55.652933,1785223732.869925976,reverse_align,-80,110,-40,gap_midpoint_reverse center=+37.8 entrySteer=+7.00 eq5=-7.00 pair=filtered,32,32,17,15,3,1,2,1,1,8,66,0,4,1,0,5,1,-11.156250,67.281250,28.062500,973.500000,1490.500000,1,-11.156250,67.281250,28.062500,973.500000,1490.500000,1608.609448,37.779613,median_filtered_pair,-517.000000,-7.000000,-1.299322,-7.000000,7.000000,37.779613,0,1,3,0,0,0,,1225.750000,,,,,0,85.409528,6,181.740193,238.023093,16.749326,9,553.504737,301.742432,16.749326,,,0,0,0,0,
55.747257,1785223732.979743004,reverse_align,-80,110,-40,gap_midpoint_reverse center=+37.8 entrySteer=+7.00 eq5=-7.00 pair=filtered,36,36,24,12,3,1,2,1,1,7,67,0,4,1,0,5,1,-11.156250,67.281250,28.062500,973.500000,1490.500000,1,-11.156250,67.281250,28.062500,973.500000,1490.500000,1608.609448,37.779613,median_filtered_pair,-517.000000,-7.000000,-1.299322,-7.000000,7.000000,37.779613,0,1,3,0,0,0,,1230.750000,,,,,0,80.680389,5,147.114438,638.416560,14.304334,7,535.213165,173.656111,14.304334,,,0,0,0,0,
55.836290,1785223733.096751213,reverse_align,-80,110,-40,gap_midpoint_reverse center=+37.8 entrySteer=+7.00 eq5=-7.00 pair=filtered,29,29,17,12,3,1,2,1,1,9,68,0,4,1,0,5,1,-11.156250,68.343750,28.593750,973.500000,1488.250000,1,-11.156250,67.281250,28.062500,973.500000,1490.500000,1608.609448,37.779613,median_filtered_pair,-517.000000,-7.000000,-1.299322,-7.000000,7.000000,37.779613,0,1,3,0,0,0,,1225.750000,,,,,0,79.623948,6,162.952514,317.412709,17.347147,9,504.400828,644.613411,17.347147,,,0,0,0,0,
55.924904,1785223733.206234217,prealign_left,50,-150,-40,near_without_both_cd_not_inside_gap_left_forward C=False D=True,20,20,7,13,3,1,2,1,1,9,69,0,4,1,1,5,1,-12.015625,68.937500,28.460938,913.000000,1485.000000,1,-12.015625,68.937500,28.460938,913.000000,1485.000000,1616.296311,39.966697,figure7_right_gap_cluster_tangents,,,,,,,1,1,0,0,0,0,,1226.750000,,,,,0,76.278158,5,131.524923,77.466823,16.897531,9,499.774411,926.217567,16.897531,,,0,0,0,0,
56.014703,1785223733.206234217,prealign_left,50,-150,-40,figure7_t_entry_left entryCenter=+40.0 target<=45.0 confirm=0/3,20,20,7,13,3,1,2,1,1,9,69,0,4,1,1,5,1,-12.015625,68.937500,28.460938,913.000000,1485.000000,1,-12.015625,68.937500,28.460938,913.000000,1485.000000,1616.296311,39.966697,median_filtered_pair,,,,,,,1,1,0,0,0,0,,1226.750000,,,,,0,76.278158,5,131.524923,77.466823,16.897531,9,499.774411,926.217567,16.897531,,,0,0,0,0,
56.103085,1785223733.317018986,prealign_left,50,-150,-40,figure7_t_entry_left entryCenter=+40.1 target<=45.0 confirm=1/3,29,29,15,14,3,1,2,1,1,8,70,0,4,1,1,5,1,-12.015625,69.406250,28.695312,913.000000,1482.250000,1,-12.015625,69.171875,28.578125,913.000000,1483.625000,1618.540781,40.109754,median_filtered_pair,,,,,,,1,1,1,0,0,0,,1270.250000,,,,,0,76.226882,6,145.267537,128.202102,18.472425,8,310.040619,2377.991893,18.472425,,,0,0,0,0,
56.192879,1785223733.428634167,prealign_left,50,-150,-40,figure7_t_entry_left entryCenter=+40.3 target<=45.0 confirm=2/3,37,37,20,17,3,1,2,1,1,12,71,0,4,1,1,5,1,-13.328125,71.281250,28.976562,882.750000,1449.250000,1,-12.015625,69.406250,28.695312,913.000000,1482.250000,1620.779190,40.252776,median_filtered_pair,,,,,,,1,1,2,0,0,0,,1231.250000,,,,,0,64.202659,7,195.522223,14.079549,11.079621,12,596.773203,95.343885,11.079621,,,0,0,0,0,
56.286371,1785223733.539813995,prealign_left,50,-150,-40,near_without_both_cd_not_inside_gap_left_forward C=False D=True,35,35,18,17,3,1,2,1,1,12,72,0,4,1,1,5,1,-16.343750,71.593750,27.625000,806.250000,1443.750000,1,-16.343750,71.593750,27.625000,806.250000,1443.750000,1628.087083,42.911368,figure7_right_gap_cluster_tangents,,,,,,,1,1,0,0,0,0,,1228.250000,,,,,0,61.172863,6,183.842100,8.957904,11.122722,12,598.829420,91.743486,11.122722,,,0,0,0,0,
56.376395,1785223733.651962042,prealign_left,50,-150,-40,figure7_t_entry_left entryCenter=+42.5 target<=45.0 confirm=1/3,39,39,21,18,3,1,2,1,1,8,73,0,4,1,1,5,1,-16.343750,70.531250,27.093750,806.250000,1445.750000,1,-16.343750,71.062500,27.359375,806.250000,1444.750000,1622.317842,42.527307,median_filtered_pair,,,,,,,1,1,1,0,0,0,,1223.250000,,,,,0,78.902548,6,155.737524,160.637045,15.904857,8,535.917285,851.003806,15.904857,,,0,0,0,0,
56.464822,1785223733.763022184,prealign_left,50,-150,-40,figure7_t_entry_left entryCenter=+42.1 target<=45.0 confirm=2/3,34,34,21,13,3,1,2,1,1,8,74,0,4,1,0,5,1,-16.343750,69.546875,26.601562,806.250000,1447.750000,1,-16.343750,70.531250,27.093750,806.250000,1445.750000,1616.522193,42.143988,median_filtered_pair,,,,,,,1,1,2,0,0,0,,1221.000000,,,,,0,77.670379,6,158.744091,108.810085,15.806973,9,506.099412,2798.486927,15.806973,,,0,0,0,0,
56.552100,1785223733.763022184,prealign_left,50,-150,-40,figure7_t_entry_left entryCenter=+42.1 target<=45.0 confirm=2/3,34,34,21,13,3,1,2,1,1,8,74,0,4,1,0,5,1,-16.343750,69.546875,26.601562,806.250000,1447.750000,1,-16.343750,70.531250,27.093750,806.250000,1445.750000,1616.522193,42.143988,median_filtered_pair,,,,,,,1,1,2,0,0,0,,1221.000000,,,,,0,77.670379,6,158.744091,108.810085,15.806973,9,506.099412,2798.486927,15.806973,,,0,0,0,0,
56.642815,1785223733.873944044,reverse_align,-80,110,-40,gap_midpoint_reverse center=+41.4 entrySteer=+7.00 eq5=-7.00 pair=filtered,33,33,18,15,3,1,2,1,1,8,75,0,4,1,0,5,1,-16.343750,68.593750,26.125000,806.250000,1450.500000,1,-16.343750,69.546875,26.601562,806.250000,1447.750000,1605.841699,41.437963,median_filtered_pair,-641.500000,-7.000000,-2.000455,-7.000000,7.000000,41.437963,0,1,3,0,0,0,,1220.250000,,,,,0,80.619365,5,145.849765,447.670972,9.473182,9,605.414877,95.979456,9.473182,,,0,0,0,0,
56.732602,1785223733.985146046,reverse_align,-80,110,-40,gap_midpoint_reverse center=+40.8 entrySteer=+7.00 eq5=-7.00 pair=filtered,34,34,16,18,4,1,2,1,1,7,76,0,4,1,0,5,1,-16.343750,67.500000,25.578125,806.250000,1453.500000,1,-16.343750,68.593750,26.125000,806.250000,1450.500000,1596.119192,40.769235,median_filtered_pair,-644.250000,-7.000000,-2.017643,-7.000000,7.000000,40.769235,0,1,3,0,0,0,,1218.750000,,,,,0,68.742713,6,225.774396,20.768155,8.835205,9,605.761568,98.562685,8.835205,,,0,0,0,0,
56.827139,1785223734.100450993,reverse_align,-80,110,-40,gap_midpoint_reverse center=+40.0 entrySteer=+7.00 eq5=-7.00 pair=filtered,20,20,12,8,3,1,2,1,1,4,77,0,4,1,0,5,1,-21.468750,67.500000,23.015625,735.250000,1453.500000,1,-16.343750,67.500000,25.578125,806.250000,1453.500000,1584.725548,40.001558,median_filtered_pair,-647.250000,-7.000000,-2.036478,-7.000000,7.000000,40.001558,0,1,3,0,0,0,,1280.500000,,,,,0,74.948275,5,141.532478,109.581306,16.918810,5,279.587956,8749.620365,16.918810,,,0,0,0,0,
56.914335,1785223734.211603880,reverse_align,-80,110,-40,gap_midpoint_reverse center=+39.9 entrySteer=+7.00 eq5=-7.00 pair=filtered,38,38,20,18,4,1,2,1,1,9,78,0,4,1,0,5,1,-16.781250,67.500000,25.359375,841.750000,1453.500000,1,-16.781250,67.500000,25.359375,806.250000,1453.500000,1590.331914,39.889275,median_filtered_pair,-647.250000,-7.000000,-2.036478,-7.000000,7.000000,39.889275,0,1,3,0,0,0,,1223.750000,,,,,0,77.965675,6,164.885915,168.670431,9.514172,11,606.343081,106.273896,9.514172,,,0,0,0,0,
57.003704,1785223734.211603880,reverse_align,-80,110,-40,gap_midpoint_reverse center=+39.9 entrySteer=+7.00 eq5=-7.00 pair=filtered,38,38,20,18,4,1,2,1,1,9,78,0,4,1,0,5,1,-16.781250,67.500000,25.359375,841.750000,1453.500000,1,-16.781250,67.500000,25.359375,806.250000,1453.500000,1590.331914,39.889275,median_filtered_pair,-647.250000,-7.000000,-2.036478,-7.000000,7.000000,39.889275,0,1,3,0,0,0,,1223.750000,,,,,0,77.965675,6,164.885915,168.670431,9.514172,11,606.343081,106.273896,9.514172,,,0,0,0,0,
57.092731,1785223734.323016882,reverse_align,-80,110,-40,gap_midpoint_reverse center=+40.9 entrySteer=+7.00 eq5=-7.00 pair=filtered,34,34,18,16,3,1,2,1,1,11,79,0,4,1,0,5,1,-21.468750,67.500000,23.015625,735.250000,1453.500000,1,-21.468750,67.500000,23.015625,735.250000,1453.500000,1617.030290,40.879834,median_filtered_pair,-718.250000,-7.000000,-2.507765,-7.000000,7.000000,40.879834,0,1,3,0,0,0,,1222.000000,,,,,0,76.941651,6,157.927153,150.914466,10.190567,12,602.794108,102.090312,10.190567,,,0,0,0,0,
57.180018,1785223734.435358047,prealign_left,50,-150,-40,near_without_both_cd_not_inside_gap_left_forward C=False D=True,33,33,18,15,3,1,2,1,1,10,80,0,4,1,1,5,1,-16.781250,67.500000,25.359375,866.750000,1453.500000,1,-16.781250,67.500000,25.359375,866.750000,1453.500000,1616.430362,38.248049,figure7_right_gap_cluster_tangents,,,,,,,1,1,0,0,0,0,,1225.750000,,,,,0,74.202940,6,150.898400,149.424999,11.612501,11,569.322818,177.193082,11.612501,,,0,0,0,0,
57.270031,1785223734.546016932,prealign_left,50,-150,-40,figure7_t_entry_left entryCenter=+38.3 target<=45.0 confirm=1/3,39,39,20,19,3,1,2,1,1,10,81,0,4,1,1,5,1,-16.781250,67.750000,25.484375,866.750000,1453.750000,1,-16.781250,67.625000,25.421875,866.750000,1453.625000,1618.227309,38.339875,median_filtered_pair,,,,,,,1,1,1,0,0,0,,1227.000000,,,,,0,73.428370,6,145.613690,97.210047,11.206038,10,556.165677,201.135275,11.206038,,,0,0,0,0,
57.364057,1785223734.656714916,prealign_left,50,-150,-40,figure7_t_entry_left entryCenter=+38.4 target<=45.0 confirm=2/3,34,34,17,17,3,1,2,1,1,9,82,0,4,1,1,5,1,-16.781250,67.750000,25.484375,866.750000,1453.750000,1,-16.781250,67.750000,25.484375,866.750000,1453.750000,1620.022925,38.431757,median_filtered_pair,,,,,,,1,1,2,0,0,0,,1252.250000,,,,,0,62.273493,6,170.483319,11.893819,10.307134,10,593.724130,204.488339,10.307134,,,0,0,0,0,
57.452424,1785223734.656714916,prealign_left,50,-150,-40,figure7_t_entry_left entryCenter=+38.4 target<=45.0 confirm=2/3,34,34,17,17,3,1,2,1,1,9,82,0,4,1,1,5,1,-16.781250,67.750000,25.484375,866.750000,1453.750000,1,-16.781250,67.750000,25.484375,866.750000,1453.750000,1620.022925,38.431757,median_filtered_pair,,,,,,,1,1,2,0,0,0,,1252.250000,,,,,0,62.273493,6,170.483319,11.893819,10.307134,10,593.724130,204.488339,10.307134,,,0,0,0,0,
57.542503,1785223734.771569967,prealign_left,50,-150,-40,figure7_t_entry_left entryCenter=+41.2 target<=45.0 confirm=0/3,34,34,18,16,3,1,2,1,1,10,83,0,4,1,1,5,1,-19.140625,68.718750,24.789062,770.250000,1450.250000,1,-19.140625,68.718750,24.789062,770.250000,1450.250000,1616.496537,41.225361,median_filtered_pair,,,,,,,1,1,0,0,0,0,,1224.250000,,,,,0,73.115971,6,143.650930,86.753386,11.001949,11,598.315683,251.851021,11.001949,,,0,0,0,0,
57.632462,1785223734.883713961,prealign_left,50,-150,-40,figure7_t_entry_left entryCenter=+41.2 target<=45.0 confirm=1/3,30,30,16,14,3,1,2,1,1,10,84,0,4,1,1,5,1,-19.140625,68.953125,24.906250,770.250000,1434.500000,1,-19.140625,68.835938,24.847656,770.250000,1442.375000,1610.986157,41.190136,median_filtered_pair,,,,,,,1,1,1,0,0,0,,1224.250000,,,,,0,75.099697,5,129.381406,114.832929,10.423869,11,599.370567,203.964544,10.423869,,,0,0,0,0,
57.721431,1785223734.994946003,prealign_left,50,-150,-40,figure7_t_entry_left entryCenter=+41.0 target<=45.0 confirm=2/3,30,30,17,13,3,1,2,1,1,5,85,0,4,1,1,5,1,-19.140625,68.281250,24.570312,770.250000,1429.750000,1,-19.140625,68.718750,24.789062,770.250000,1434.500000,1602.664193,40.973393,median_filtered_pair,,,,,,,1,1,2,0,0,0,,1251.750000,,,,,0,75.648366,6,153.818071,139.695490,14.858216,7,352.567228,2792.972414,14.858216,,,0,0,0,0,
57.809844,1785223735.105904818,reverse_align,-80,110,-40,gap_midpoint_reverse center=+40.6 entrySteer=+7.00 eq5=-7.00 pair=filtered,31,31,17,14,3,1,2,1,1,5,86,0,4,1,0,5,1,-20.031250,67.281250,23.625000,774.000000,1435.500000,1,-19.140625,68.281250,24.570312,770.250000,1434.500000,1597.395654,40.637810,median_filtered_pair,-664.250000,-7.000000,-2.144859,-7.000000,7.000000,40.637810,0,1,3,0,0,0,,1255.500000,,,,,0,75.100558,6,157.700332,123.338225,14.472737,7,354.187360,5817.785767,14.472737,,,0,0,0,0,
57.903969,1785223735.105904818,reverse_align,-80,110,-40,gap_midpoint_reverse center=+40.6 entrySteer=+7.00 eq5=-7.00 pair=filtered,31,31,17,14,3,1,2,1,1,5,86,0,4,1,0,5,1,-20.031250,67.281250,23.625000,774.000000,1435.500000,1,-19.140625,68.281250,24.570312,770.250000,1434.500000,1597.395654,40.637810,median_filtered_pair,-664.250000,-7.000000,-2.144859,-7.000000,7.000000,40.637810,0,1,3,0,0,0,,1255.500000,,,,,0,75.100558,6,157.700332,123.338225,14.472737,7,354.187360,5817.785767,14.472737,,,0,0,0,0,
57.991856,1785223735.217511892,reverse_align,-80,110,-40,gap_midpoint_reverse center=+39.6 entrySteer=+7.00 eq5=-7.00 pair=filtered,24,24,9,15,3,1,2,1,1,6,87,0,4,1,0,5,1,-20.031250,65.953125,22.960938,774.000000,1446.000000,1,-20.031250,67.281250,23.625000,774.000000,1435.500000,1598.606495,39.567800,median_filtered_pair,-661.500000,-7.000000,-2.127136,-7.000000,7.000000,39.567800,0,1,3,0,0,0,,1253.250000,,,,,0,34.175800,6,263.614149,6.066381,14.269923,9,359.386154,1867.053207,17.315904,,,0,0,0,0,
58.078914,1785223735.328644037,reverse_align,-80,110,-40,gap_midpoint_reverse center=+38.7 entrySteer=+7.00 eq5=-7.00 pair=filtered,19,19,7,12,3,1,2,1,1,5,88,0,4,1,0,5,1,-19.671875,65.953125,23.140625,823.000000,1446.000000,1,-20.031250,65.953125,23.140625,774.000000,1446.000000,1591.615410,38.719881,median_filtered_pair,-672.000000,-7.000000,-2.195200,-7.000000,7.000000,38.719881,0,1,3,0,0,0,,1271.000000,,,,,0,73.642646,5,138.338603,516.416900,13.610295,7,352.178211,730.430617,13.610295,,,0,0,0,0,
58.165394,1785223735.439539909,prealign_left,50,-150,-40,near_without_both_cd_not_inside_gap_left_forward C=False D=True,27,27,11,16,3,1,2,1,1,7,89,0,4,1,1,5,1,-19.671875,65.953125,23.140625,823.000000,1446.000000,1,-19.671875,65.953125,23.140625,823.000000,1446.000000,1608.315980,37.412073,figure7_right_gap_cluster_tangents,,,,,,,1,1,0,0,0,0,,1260.500000,,,,,0,70.836525,6,147.422351,121.972889,15.010581,8,308.720067,3860.667462,15.010581,,,0,0,0,0,
58.254070,1785223735.551429033,prealign_left,50,-150,-40,figure7_t_entry_left entryCenter=+37.4 target<=45.0 confirm=1/3,31,31,13,18,3,1,2,1,1,10,90,0,4,1,1,5,1,-19.671875,65.953125,23.140625,823.000000,1446.000000,1,-19.671875,65.953125,23.140625,823.000000,1446.000000,1608.315980,37.412073,median_filtered_pair,,,,,,,1,1,1,0,0,0,,1217.250000,,,,,0,62.702276,6,173.685747,11.868902,7.602134,11,592.088238,97.756052,7.602134,,,0,0,0,0,
58.342621,1785223735.551429033,prealign_left,50,-150,-40,figure7_t_entry_left entryCenter=+37.4 target<=45.0 confirm=1/3,31,31,13,18,3,1,2,1,1,10,90,0,4,1,1,5,1,-19.671875,65.953125,23.140625,823.000000,1446.000000,1,-19.671875,65.953125,23.140625,823.000000,1446.000000,1608.315980,37.412073,median_filtered_pair,,,,,,,1,1,1,0,0,0,,1217.250000,,,,,0,62.702276,6,173.685747,11.868902,7.602134,11,592.088238,97.756052,7.602134,,,0,0,0,0,
58.435217,1785223735.666537046,prealign_left,50,-150,-40,figure7_t_entry_left entryCenter=+37.4 target<=45.0 confirm=2/3,36,36,21,15,4,1,2,1,1,6,91,0,4,1,1,5,1,-19.671875,65.953125,23.140625,823.000000,1446.000000,1,-19.671875,65.953125,23.140625,823.000000,1446.000000,1608.315980,37.412073,median_filtered_pair,,,,,,,1,1,2,0,0,0,,1260.000000,,,,,0,60.096606,6,189.574268,11.527065,13.159308,7,337.322381,1609.562689,13.159308,,,0,0,0,0,
58.522334,1785223735.778779984,prealign_left,50,-150,-40,near_without_both_cd_not_inside_gap_left_forward C=False D=True,27,27,16,11,4,1,2,1,1,6,92,0,4,1,1,5,1,-19.671875,66.687500,23.507812,823.000000,1444.000000,1,-19.671875,66.687500,23.507812,823.000000,1444.000000,1616.026326,37.923863,figure7_right_gap_cluster_tangents,,,,,,,1,1,0,0,0,0,,1245.750000,,,,,0,73.757863,6,148.827196,156.186799,13.944598,7,343.623656,2006.494136,13.944598,,,0,0,0,0,
58.611202,1785223735.888235092,prealign_left,50,-150,-40,figure7_t_entry_left entryCenter=+38.7 target<=45.0 confirm=1/3,28,28,14,14,5,1,2,1,1,7,93,0,4,1,1,5,1,-21.812500,67.875000,23.031250,768.500000,1419.500000,1,-20.742188,67.281250,23.269531,795.750000,1431.750000,1613.857063,38.690420,median_filtered_pair,,,,,,,1,1,1,0,0,0,,1248.000000,,,,,0,73.211607,5,129.698890,82.837430,13.542378,9,347.355977,3891.102766,13.542378,,,0,0,0,0,
58.699822,1785223735.888235092,prealign_left,50,-150,-40,figure7_t_entry_left entryCenter=+38.7 target<=45.0 confirm=1/3,28,28,14,14,5,1,2,1,1,7,93,0,4,1,1,5,1,-21.812500,67.875000,23.031250,768.500000,1419.500000,1,-20.742188,67.281250,23.269531,795.750000,1431.750000,1613.857063,38.690420,median_filtered_pair,,,,,,,1,1,1,0,0,0,,1248.000000,,,,,0,73.211607,5,129.698890,82.837430,13.542378,9,347.355977,3891.102766,13.542378,,,0,0,0,0,
58.789291,1785223736.000519991,prealign_left,50,-150,-40,figure7_t_entry_left entryCenter=+38.7 target<=45.0 confirm=2/3,32,32,18,14,6,1,2,1,1,6,94,0,4,1,1,5,1,-21.812500,66.562500,22.375000,768.500000,1427.500000,1,-21.812500,66.687500,23.031250,768.500000,1427.500000,1603.407156,38.733030,median_filtered_pair,,,,,,,1,1,2,0,0,0,,1207.500000,,,,,0,44.551903,7,302.816712,7.606247,11.806549,8,530.505296,1475.894616,11.806549,,,0,0,0,0,
58.879161,1785223736.112092972,reverse_align,-80,110,-40,gap_midpoint_reverse center=+38.6 entrySteer=+7.00 eq5=-7.00 pair=filtered,34,34,17,17,6,1,2,1,1,8,95,0,4,1,0,5,1,-21.812500,65.218750,21.703125,768.500000,1437.500000,1,-21.812500,66.562500,22.375000,768.500000,1427.500000,1601.914347,38.636884,median_filtered_pair,-659.000000,-7.000000,-2.111088,-7.000000,7.000000,38.636884,0,1,3,0,0,0,,1210.500000,,,,,0,73.918253,5,134.801363,107.927969,8.314564,11,603.550856,203.026218,8.314564,,,0,0,0,0,
58.972312,1785223736.222470999,reverse_align,-80,110,-40,gap_midpoint_reverse center=+37.8 entrySteer=+7.00 eq5=-7.00 pair=filtered,35,35,19,16,3,1,2,1,1,7,96,0,4,1,0,5,1,-21.812500,65.218750,21.703125,795.750000,1437.500000,1,-21.812500,65.218750,21.703125,768.500000,1437.500000,1594.543478,37.766554,median_filtered_pair,-669.000000,-7.000000,-2.175644,-7.000000,7.000000,37.766554,0,1,3,0,0,0,,1214.750000,,,,,0,73.090592,5,137.902918,97.848416,6.702110,10,555.879936,156.811460,6.702110,,,0,0,0,0,
59.060716,1785223736.334828138,reverse_align,-80,110,-40,gap_midpoint_reverse center=+37.0 entrySteer=+7.00 eq5=-7.00 pair=filtered,35,35,17,18,3,1,2,1,1,7,97,0,4,1,0,5,1,-21.812500,64.359375,21.273438,795.750000,1429.500000,1,-21.812500,65.218750,21.703125,795.750000,1437.500000,1606.591794,36.964513,median_filtered_pair,-641.750000,-7.000000,-2.002015,-7.000000,7.000000,36.964513,0,1,3,0,0,0,,1213.500000,,,,,0,42.962529,7,299.687663,7.778801,4.464553,11,594.464355,116.423140,4.464553,,,0,0,0,0,
59.148594,1785223736.445960999,reverse_align,-80,110,-40,gap_midpoint_reverse center=+36.2 entrySteer=+7.00 eq5=-7.00 pair=filtered,34,34,12,22,3,1,2,1,1,7,98,0,4,1,0,5,1,-21.984375,64.359375,21.187500,853.000000,1429.500000,1,-21.812500,64.359375,21.273438,795.750000,1429.500000,1588.961182,36.189495,median_filtered_pair,-633.750000,-7.000000,-1.952412,-7.000000,7.000000,36.189495,0,1,3,0,0,0,,1215.500000,,,,,0,71.964746,5,140.872919,482.799547,5.153435,11,596.554571,114.381604,5.153435,,,0,0,0,0,
59.238099,1785223736.445960999,reverse_align,-80,110,-40,gap_midpoint_reverse center=+36.2 entrySteer=+7.00 eq5=-7.00 pair=filtered,34,34,12,22,3,1,2,1,1,7,98,0,4,1,0,5,1,-21.984375,64.359375,21.187500,853.000000,1429.500000,1,-21.812500,64.359375,21.273438,795.750000,1429.500000,1588.961182,36.189495,median_filtered_pair,-633.750000,-7.000000,-1.952412,-7.000000,7.000000,36.189495,0,1,3,0,0,0,,1215.500000,,,,,0,71.964746,5,140.872919,482.799547,5.153435,11,596.554571,114.381604,5.153435,,,0,0,0,0,
59.326001,1785223736.557166100,prealign_left,50,-150,-40,figure7_t_entry_left entryCenter=+34.5 target<=45.0 confirm=0/3,33,33,18,15,3,1,2,1,1,5,99,0,4,1,1,5,1,-21.984375,64.359375,21.187500,853.000000,1429.500000,1,-21.984375,64.359375,21.187500,853.000000,1429.500000,1617.269581,34.517858,median_filtered_pair,,,,,,,1,1,0,0,0,0,,1250.250000,,,,,0,36.688845,7,285.720658,10.235353,12.648723,9,354.786240,3768.086338,12.648723,,,0,0,0,0,
59.415419,1785223736.668359995,prealign_left,50,-150,-40,figure7_t_entry_left entryCenter=+34.5 target<=45.0 confirm=1/3,33,33,11,22,3,1,2,1,1,9,100,0,4,1,1,5,1,-21.984375,64.359375,21.187500,853.000000,1429.500000,1,-21.984375,64.359375,21.187500,853.000000,1429.500000,1617.269581,34.517858,median_filtered_pair,,,,,,,1,1,1,0,0,0,,1211.250000,,,,,0,72.070210,6,153.465509,125.345265,4.724932,11,586.212552,98.474930,4.724932,,,0,0,0,0,
59.505247,1785223736.779492140,prealign_left,50,-150,-40,figure7_t_entry_left entryCenter=+34.5 target<=45.0 confirm=2/3,31,31,17,14,3,1,2,1,1,5,101,0,4,1,1,5,1,-21.984375,64.359375,21.187500,853.000000,1429.500000,1,-21.984375,64.359375,21.187500,853.000000,1429.500000,1617.269581,34.517858,median_filtered_pair,,,,,,,1,1,2,0,0,0,,1238.750000,,,,,0,50.707791,7,232.679714,9.393678,12.344170,7,341.050390,3744.694253,12.344170,,,0,0,0,0,
59.593119,1785223736.779492140,prealign_left,50,-150,-40,figure7_t_entry_left entryCenter=+34.5 target<=45.0 confirm=2/3,31,31,17,14,3,1,2,1,1,5,101,0,4,1,1,5,1,-21.984375,64.359375,21.187500,853.000000,1429.500000,1,-21.984375,64.359375,21.187500,853.000000,1429.500000,1617.269581,34.517858,median_filtered_pair,,,,,,,1,1,2,0,0,0,,1238.750000,,,,,0,50.707791,7,232.679714,9.393678,12.344170,7,341.050390,3744.694253,12.344170,,,0,0,0,0,
59.681568,1785223736.893915892,prealign_left,50,-150,-40,figure7_t_entry_left entryCenter=+38.0 target<=45.0 confirm=0/3,34,34,17,17,3,1,2,1,1,7,102,0,4,1,1,5,1,-26.500000,64.953125,19.226562,719.250000,1432.250000,1,-26.500000,64.953125,19.226562,719.250000,1432.250000,1618.921789,37.999970,median_filtered_pair,,,,,,,1,1,0,0,0,0,,1242.250000,,,,,0,58.257223,6,174.146198,11.560152,5.926030,10,582.327488,155.031264,5.926030,,,0,0,0,0,
59.769920,1785223737.006227970,prealign_left,50,-150,-40,figure7_t_entry_left entryCenter=+38.1 target<=45.0 confirm=1/3,27,27,13,14,3,1,2,1,1,6,103,0,4,1,1,5,1,-26.500000,65.156250,19.328125,719.250000,1436.000000,1,-26.500000,65.054688,19.277344,719.250000,1434.125000,1621.729387,38.112437,median_filtered_pair,,,,,,,1,1,1,0,0,0,,1239.750000,,,,,0,70.399531,6,149.717098,143.619911,12.175861,9,342.741447,1505.936113,12.175861,,,0,0,0,0,
59.857603,1785223737.117775202,prealign_left,50,-150,-40,figure7_t_entry_left entryCenter=+38.2 target<=45.0 confirm=2/3,32,32,15,17,3,1,2,1,1,8,104,0,4,1,1,5,1,-24.671875,65.203125,20.265625,791.750000,1413.750000,1,-26.500000,65.156250,19.328125,719.250000,1432.250000,1621.175257,38.163535,median_filtered_pair,,,,,,,1,1,2,0,0,0,,1213.250000,,,,,0,69.224724,5,130.236244,109.848312,5.525976,11,588.293535,203.380109,5.525976,,,0,0,0,0,
59.947558,1785223737.227828979,prealign_left,50,-150,-40,near_without_both_cd_not_inside_gap_left_forward C=False D=True,29,29,12,17,3,1,2,1,1,7,105,0,4,1,1,5,1,-24.671875,63.921875,19.625000,791.750000,1420.000000,1,-24.671875,63.921875,19.625000,791.750000,1420.000000,1608.752744,35.116437,figure7_right_gap_cluster_tangents,,,,,,,1,1,0,0,0,0,,1207.750000,,,,,0,61.243588,7,207.083092,16.747800,5.369905,9,594.532286,204.493784,5.369905,,,0,0,0,0,
60.041320,1785223737.227828979,prealign_left,50,-150,-40,figure7_t_entry_left entryCenter=+35.1 target<=45.0 confirm=0/3,29,29,12,17,3,1,2,1,1,7,105,0,4,1,1,5,1,-24.671875,63.921875,19.625000,791.750000,1420.000000,1,-24.671875,63.921875,19.625000,791.750000,1420.000000,1608.752744,35.116437,median_filtered_pair,,,,,,,1,1,0,0,0,0,,1207.750000,,,,,0,61.243588,7,207.083092,16.747800,5.369905,9,594.532286,204.493784,5.369905,,,0,0,0,0,
60.129009,1785223737.340811014,prealign_left,50,-150,-40,figure7_t_entry_left entryCenter=+34.7 target<=45.0 confirm=1/3,31,31,14,17,2,1,2,1,1,6,106,0,4,1,0,5,1,-24.671875,62.718750,19.023438,791.750000,1428.250000,1,-24.671875,63.320312,19.324219,791.750000,1424.125000,1604.989362,34.729998,median_filtered_pair,,,,,,,1,1,1,0,0,0,,1207.000000,,,,,0,64.842380,6,151.603329,25.947045,4.854419,11,596.057940,212.397523,4.854419,,,0,0,0,0,
60.217117,1785223737.451706171,prealign_left,50,-150,-40,figure7_t_entry_left entryCenter=+34.3 target<=45.0 confirm=2/3,35,35,18,17,3,1,2,1,1,4,107,0,4,1,0,5,1,-24.671875,61.531250,18.429688,791.750000,1436.500000,1,-24.671875,62.718750,19.023438,791.750000,1428.250000,1601.187677,34.343359,median_filtered_pair,,,,,,,1,1,2,0,0,0,,1207.250000,,,,,0,70.942525,6,165.782233,109.514583,4.464272,10,600.091459,188.259504,4.464272,,,0,0,0,0,
60.304800,1785223737.562422037,reverse_align,-80,110,-40,gap_midpoint_reverse center=+33.6 entrySteer=+7.00 eq5=-7.00 pair=filtered,38,38,19,19,3,1,2,1,1,3,108,0,4,1,0,5,1,-24.671875,61.531250,18.429688,791.750000,1436.500000,1,-24.671875,61.531250,18.429688,791.750000,1436.500000,1593.665904,33.581240,median_filtered_pair,-644.750000,-7.000000,-2.020776,-7.000000,7.000000,33.581240,0,1,3,0,0,0,,1207.000000,,,,,0,49.588278,6,298.759550,7.598669,3.466502,9,557.608386,184.305906,3.466502,,,0,0,0,0,
60.394349,1785223737.674159050,reverse_align,-80,110,-40,gap_midpoint_reverse center=+33.6 entrySteer=+7.00 eq5=-7.00 pair=filtered,24,24,7,17,3,1,2,1,1,3,109,0,4,1,0,5,1,-24.984375,60.531250,17.773438,855.500000,1423.500000,1,-24.671875,61.531250,18.429688,791.750000,1436.500000,1593.665904,33.581240,median_filtered_pair,-644.750000,-7.000000,-2.020776,-7.000000,7.000000,33.581240,0,1,3,0,0,0,,1207.250000,,,,,0,71.845801,5,154.422108,479.178025,3.146685,9,559.699613,186.896665,3.146685,,,0,0,0,0,
60.482644,1785223737.674159050,reverse_align,-80,110,-40,gap_midpoint_reverse center=+33.6 entrySteer=+7.00 eq5=-7.00 pair=filtered,24,24,7,17,3,1,2,1,1,3,109,0,4,1,0,5,1,-24.984375,60.531250,17.773438,855.500000,1423.500000,1,-24.671875,61.531250,18.429688,791.750000,1436.500000,1593.665904,33.581240,median_filtered_pair,-644.750000,-7.000000,-2.020776,-7.000000,7.000000,33.581240,0,1,3,0,0,0,,1207.250000,,,,,0,71.845801,5,154.422108,479.178025,3.146685,9,559.699613,186.896665,3.146685,,,0,0,0,0,
60.576310,1785223737.788736105,reverse_align,-80,110,-40,gap_midpoint_reverse center=+31.0 entrySteer=+7.00 eq5=-7.00 pair=filtered,25,25,8,17,3,1,2,1,1,3,110,0,4,1,0,5,1,-24.984375,59.828125,17.421875,855.500000,1439.750000,1,-24.984375,60.531250,17.773438,855.500000,1436.500000,1613.455890,30.964766,median_filtered_pair,-581.000000,-7.000000,-1.640922,-7.000000,7.000000,30.964766,0,1,3,0,0,0,,1196.750000,,,,,0,68.759067,5,144.574423,127.296799,2.262161,10,601.312368,69.096622,2.262161,,,0,0,0,0,
60.665475,1785223737.900193930,reverse_align,-80,110,-40,gap_midpoint_reverse center=+30.5 entrySteer=+7.00 eq5=-7.00 pair=filtered,39,39,16,23,3,1,2,1,1,6,111,0,4,1,0,5,1,-24.984375,59.828125,17.421875,855.500000,1439.750000,1,-24.984375,59.828125,17.421875,855.500000,1439.750000,1606.869668,30.509775,median_filtered_pair,-584.250000,-7.000000,-1.659331,-7.000000,7.000000,30.509775,0,1,3,0,0,0,,1197.000000,,,,,0,26.422738,7,395.599631,7.467909,2.251400,12,592.994037,92.151556,2.251400,,,0,0,0,0,
60.754650,1785223738.011019945,reverse_align,-80,110,-40,gap_midpoint_reverse center=+30.5 entrySteer=+7.00 eq5=-7.00 pair=filtered,30,30,16,14,3,1,2,1,0,0,0,1,4,1,0,5,1,-25.312500,59.828125,17.257813,868.000000,1439.750000,1,-24.984375,59.828125,17.421875,855.500000,1439.750000,1606.869668,30.509775,median_filtered_pair,-584.250000,-7.000000,-1.659331,-7.000000,7.000000,30.509775,0,1,3,0,0,0,,1253.000000,,,,,0,24.331831,7,384.802963,8.213042,9.491242,8,313.169731,2244.404505,13.356169,,,0,0,0,0,
60.844259,1785223738.122308016,prealign_left,50,-150,-40,near_without_both_cd_not_inside_gap_left_forward C=False D=True,31,31,16,15,2,1,2,1,1,3,1,0,4,1,1,5,1,-25.312500,59.828125,17.257813,868.000000,1439.750000,1,-25.312500,59.828125,17.257813,868.000000,1439.750000,1616.965753,30.078980,figure7_right_gap_cluster_tangents,,,,,,,1,1,0,0,0,0,,1248.000000,,,,,0,20.150239,6,377.154644,10.470214,9.186283,6,307.002005,3898.001123,12.304929,,,0,0,0,0,
60.934171,1785223738.122308016,prealign_left,50,-150,-40,figure7_t_entry_left entryCenter=+30.1 target<=45.0 confirm=0/3,31,31,16,15,2,1,2,1,1,3,1,0,4,1,1,5,1,-25.312500,59.828125,17.257813,868.000000,1439.750000,1,-25.312500,59.828125,17.257813,868.000000,1439.750000,1616.965753,30.078980,median_filtered_pair,,,,,,,1,1,0,0,0,0,,1248.000000,,,,,0,20.150239,6,377.154644,10.470214,9.186283,6,307.002005,3898.001123,12.304929,,,0,0,0,0,
61.023703,1785223738.233952045,prealign_left,50,-150,-40,figure7_t_entry_left entryCenter=+30.1 target<=45.0 confirm=1/3,32,32,13,19,3,1,2,1,1,5,2,0,4,1,1,5,1,-25.312500,59.828125,17.257813,868.000000,1439.750000,1,-25.312500,59.828125,17.257813,868.000000,1439.750000,1616.965753,30.078980,median_filtered_pair,,,,,,,1,1,1,0,0,0,,1230.500000,,,,,0,20.870808,6,380.348530,9.994561,2.997951,10,581.164849,104.239323,6.061934,,,0,0,0,0,
61.117771,1785223738.345046043,prealign_left,50,-150,-40,figure7_t_entry_left entryCenter=+30.1 target<=45.0 confirm=2/3,30,30,12,18,3,1,2,1,1,3,3,0,4,1,1,5,1,-25.312500,60.968750,17.828125,868.000000,1428.250000,1,-25.312500,59.828125,17.257813,868.000000,1439.750000,1616.965753,30.078980,median_filtered_pair,,,,,,,1,1,2,0,0,0,,1235.250000,,,,,0,68.902035,5,137.790077,252.180118,8.723089,8,298.253722,2159.709986,8.723089,,,0,0,0,0,
61.205978,1785223738.456142187,prealign_left,50,-150,-40,figure7_t_entry_left entryCenter=+31.6 target<=45.0 confirm=0/3,24,24,9,15,3,1,2,1,1,3,4,0,4,1,1,5,1,-26.265625,61.687500,17.710938,841.250000,1420.250000,1,-26.265625,61.687500,17.710938,841.250000,1420.250000,1624.642443,31.587339,median_filtered_pair,,,,,,,1,1,0,0,0,0,,1236.000000,,,,,0,30.931178,6,301.995910,8.841093,8.395294,8,301.551306,3586.148094,8.395294,,,0,0,0,0,
61.294689,1785223738.570608854,prealign_left,50,-150,-40,figure7_t_entry_left entryCenter=+31.4 target<=45.0 confirm=1/3,30,30,12,18,3,1,2,1,1,3,5,0,4,1,1,5,1,-27.312500,60.656250,16.671875,814.000000,1410.750000,1,-26.789062,61.171875,17.191406,827.625000,1415.500000,1614.074735,31.384666,median_filtered_pair,,,,,,,1,1,1,0,0,0,,1236.250000,,,,,0,19.165477,6,374.755454,9.923691,7.138336,9,346.811134,1886.102023,10.192688,,,0,0,0,0,
61.384687,1785223738.683025837,prealign_left,50,-150,-40,figure7_t_entry_left entryCenter=+31.2 target<=45.0 confirm=2/3,30,30,15,15,3,1,2,1,0,0,0,1,4,1,0,5,1,-28.796875,60.656250,15.929688,789.750000,1410.750000,1,-27.312500,60.656250,16.671875,814.000000,1410.750000,1603.560405,31.186379,median_filtered_pair,,,,,,,1,1,2,0,0,0,,1235.750000,,,,,0,67.956927,5,139.743948,110.047404,7.889246,8,303.762447,2689.375146,7.889246,,,0,0,0,0,
61.471884,1785223738.683025837,prealign_left,50,-150,-40,figure7_t_entry_left entryCenter=+31.2 target<=45.0 confirm=2/3,30,30,15,15,3,1,2,1,0,0,0,1,4,1,0,5,1,-28.796875,60.656250,15.929688,789.750000,1410.750000,1,-27.312500,60.656250,16.671875,814.000000,1410.750000,1603.560405,31.186379,median_filtered_pair,,,,,,,1,1,2,0,0,0,,1235.750000,,,,,0,67.956927,5,139.743948,110.047404,7.889246,8,303.762447,2689.375146,7.889246,,,0,0,0,0,
61.559341,1785223738.793355942,reverse_align,-80,110,-40,gap_midpoint_reverse center=+30.8 entrySteer=+7.00 eq5=-7.00 pair=filtered,27,27,10,17,2,1,2,1,0,0,0,2,4,1,0,5,1,-29.015625,59.984375,15.484375,814.250000,1403.500000,1,-28.796875,60.656250,15.929688,814.000000,1410.750000,1622.001977,30.808544,median_filtered_pair,-596.750000,-7.000000,-1.731093,-7.000000,7.000000,30.808544,0,1,3,0,0,0,,1240.250000,,,,,0,69.576877,6,172.801158,159.443356,7.326369,8,307.972544,4399.683447,7.326369,,,0,0,0,0,
61.652447,1785223738.904582977,reverse_align,-80,110,-40,gap_midpoint_reverse center=+30.2 entrySteer=+7.00 eq5=-7.00 pair=filtered,25,25,7,18,2,1,2,0,0,0,0,3,4,1,0,5,1,-29.015625,58.406250,14.695312,814.250000,1416.750000,1,-29.015625,59.984375,15.484375,814.250000,1410.750000,1616.515807,30.243653,median_filtered_pair,-596.500000,-7.000000,-1.729643,-7.000000,7.000000,30.243653,0,1,3,0,0,0,,,,,,,0,67.669650,5,149.283581,295.217471,6.627907,8,313.930338,3886.899133,6.627907,,,0,0,0,0,
61.740385,1785223739.016723871,reverse_align,-80,106,-40,gap_midpoint_reverse center=+29.2 entrySteer=+6.81 eq5=-7.00 pair=filtered,26,26,7,19,2,1,2,0,1,3,1,0,4,1,0,5,1,-29.015625,57.250000,14.117188,814.250000,1435.750000,1,-29.015625,58.406250,14.695312,814.250000,1416.750000,1601.999727,29.171377,median_filtered_pair,-602.500000,-7.000000,-1.764614,-7.000000,6.806655,29.171377,0,1,3,0,0,0,,1198.500000,,,,,0,67.290009,5,147.190889,217.360495,-1.349852,11,630.223565,113.531101,-1.349852,,,0,0,0,0,
61.825509,1785223739.016723871,reverse_align,-80,106,-40,gap_midpoint_reverse center=+29.2 entrySteer=+6.81 eq5=-7.00 pair=filtered,26,26,7,19,2,1,2,0,1,3,1,0,4,1,0,5,1,-29.015625,57.250000,14.117188,814.250000,1435.750000,1,-29.015625,58.406250,14.695312,814.250000,1416.750000,1601.999727,29.171377,median_filtered_pair,-602.500000,-7.000000,-1.764614,-7.000000,6.806655,29.171377,0,1,3,0,0,0,,1198.500000,,,,,0,67.290009,5,147.190889,217.360495,-1.349852,11,630.223565,113.531101,-1.349852,,,0,0,0,0,
61.913044,1785223739.127636909,reverse_align,-80,103,-40,gap_midpoint_reverse center=+28.6 entrySteer=+6.68 eq5=-7.00 pair=filtered,31,31,12,19,2,1,2,1,1,5,2,0,5,1,0,5,1,-28.750000,57.250000,14.250000,853.750000,1435.750000,1,-29.015625,57.250000,14.250000,814.250000,1435.750000,1603.775888,28.625966,median_filtered_pair,-621.500000,-7.000000,-1.877664,-7.000000,6.679392,28.625966,0,1,3,0,0,0,,1189.750000,,,,,0,22.249749,6,392.164660,10.349914,-0.751608,12,584.800754,97.743641,-0.751608,,,0,0,0,0,
62.002329,1785223739.239510059,reverse_align,-80,98,-40,gap_midpoint_reverse center=+27.6 entrySteer=+6.44 eq5=-7.00 pair=filtered,26,26,10,16,2,1,2,1,0,0,0,1,5,1,0,5,1,-28.750000,57.250000,14.250000,853.750000,1435.750000,1,-28.750000,57.250000,14.250000,853.750000,1435.750000,1618.411604,27.585758,median_filtered_pair,-582.000000,-7.000000,-1.646575,-7.000000,6.436677,27.585758,0,1,3,0,0,0,,1228.250000,,,,,0,65.233110,6,158.649062,142.696424,-0.067740,9,590.072024,135.615242,-0.067740,,,0,0,0,0,
62.089944,1785223739.350246906,prealign_left,50,-150,-40,near_without_both_cd_not_inside_gap_left_forward C=False D=True,29,29,13,16,2,1,2,1,0,0,0,2,5,1,1,5,1,-28.750000,57.250000,14.250000,853.750000,1435.750000,1,-28.750000,57.250000,14.250000,853.750000,1435.750000,1618.411604,27.585758,figure7_right_gap_cluster_tangents,,,,,,,1,1,0,0,0,0,,1233.250000,,,,,0,66.070894,5,138.536969,178.436485,6.931038,8,301.440539,4604.297407,6.931038,,,0,0,0,0,
62.183203,1785223739.461690187,prealign_left,50,-150,-40,figure7_t_entry_left entryCenter=+27.6 target<=45.0 confirm=1/3,27,27,11,16,2,1,2,1,1,4,1,0,5,1,1,5,1,-28.750000,57.250000,14.250000,853.750000,1435.750000,1,-28.750000,57.250000,14.250000,853.750000,1435.750000,1618.411604,27.585758,median_filtered_pair,,,,,,,1,1,1,0,0,0,,1219.250000,,,,,0,17.300623,6,370.581636,10.322233,0.404060,8,578.110146,127.001510,3.289616,,,0,0,0,0,
62.270361,1785223739.461690187,prealign_left,50,-150,-40,figure7_t_entry_left entryCenter=+27.6 target<=45.0 confirm=1/3,27,27,11,16,2,1,2,1,1,4,1,0,5,1,1,5,1,-28.750000,57.250000,14.250000,853.750000,1435.750000,1,-28.750000,57.250000,14.250000,853.750000,1435.750000,1618.411604,27.585758,median_filtered_pair,,,,,,,1,1,1,0,0,0,,1219.250000,,,,,0,17.300623,6,370.581636,10.322233,0.404060,8,578.110146,127.001510,3.289616,,,0,0,0,0,
62.357153,1785223739.574952841,prealign_left,50,-150,-40,figure7_t_entry_left entryCenter=+27.6 target<=45.0 confirm=2/3,30,30,11,19,3,1,2,1,1,5,2,0,5,1,1,5,1,-28.750000,59.281250,15.265625,853.750000,1406.750000,1,-28.750000,57.250000,14.250000,853.750000,1435.750000,1618.411604,27.585758,median_filtered_pair,,,,,,,1,1,2,0,0,0,,1214.500000,,,,,0,64.720610,5,131.366793,107.950726,-2.949584,11,606.509500,102.666582,-2.949584,,,0,0,0,0,
62.445709,1785223739.688272953,prealign_left,50,-150,-40,figure7_t_entry_left entryCenter=+30.1 target<=45.0 confirm=0/3,27,27,9,18,3,1,2,1,1,5,3,0,5,1,1,5,1,-32.531250,59.281250,13.375000,773.250000,1410.250000,1,-32.531250,59.281250,13.375000,773.250000,1410.250000,1629.632334,30.132641,median_filtered_pair,,,,,,,1,1,0,0,0,0,,1214.250000,,,,,0,66.211309,5,136.809389,158.843790,-3.145394,10,606.505574,104.339767,-3.145394,,,0,0,0,0,
62.532019,1785223739.799728870,prealign_left,50,-150,-40,figure7_t_entry_left entryCenter=+29.9 target<=45.0 confirm=1/3,27,27,11,16,3,1,2,1,1,3,4,0,5,1,1,5,1,-32.531250,59.171875,13.320312,773.250000,1392.500000,1,-32.531250,59.226563,13.347656,773.250000,1401.375000,1621.186818,29.933465,median_filtered_pair,,,,,,,1,1,1,0,0,0,,1223.500000,,,,,0,64.828353,5,138.092219,117.290863,-0.761427,10,613.743485,133.972208,-0.761427,,,0,0,0,0,
62.621379,1785223739.910194874,prealign_left,50,-150,-40,figure7_t_entry_left entryCenter=+29.8 target<=45.0 confirm=2/3,26,26,11,15,3,1,2,1,0,0,0,1,5,1,1,5,1,-32.531250,58.265625,12.867188,773.250000,1396.500000,1,-32.531250,59.171875,13.320312,773.250000,1396.500000,1616.265870,29.804480,median_filtered_pair,,,,,,,1,1,2,0,0,0,,1225.000000,,,,,0,66.297242,5,141.457717,113.283678,4.328963,9,344.352228,1760.885958,4.328963,,,0,0,0,0,
