elapsed_s,lidar_timestamp,state,speed,steering,steering_offset,reason,raw_points,valid_points,left_fov_points,right_fov_points,tangent_clusters,tangent_candidates,detected_vehicle_count,right_vehicle,right_vehicle_raw,right_cluster_points,right_vehicle_min_y_back_mm,right_seen_scans,right_missing_scans,right_track_id,is_prealign_near,is_near,pair_source_scans,pair_valid,angle_a_deg,angle_b_deg,angle_bisector_deg,dist_a_mm,dist_b_mm,control_pair_valid,control_angle_a_deg,control_angle_b_deg,control_angle_bisector_deg,control_dist_a_mm,control_dist_b_mm,control_gap_width_mm,control_gap_center_angle_deg,control_pair_reason,distance_bias_ab_mm,angle_term,distance_term,paper_steering,applied_paper_steering,entry_center_angle_deg,realigning_after_dropout,prealign_near_seen,prealign_ready_scans,pair_hold_scans,pair_reacquiring,center_observation_scans,dist_c_mm,dist_d_mm,c_y_back_mm,d_y_back_mm,distance_bias_cd_mm,cd_balance_ratio,cd_balance_error,cd_balance_span,cd_center_ready_scans,left_side_heading_deg,left_side_line_points,left_side_line_extent_mm,left_side_line_linearity,right_side_heading_deg,right_side_line_points,right_side_line_extent_mm,right_side_line_linearity,observed_slot_heading_deg,filtered_slot_heading_deg,slot_heading_span_deg,parallel_heading_ready_scans,parallel_correction_cycles,parallel_cd_missing_scans,parallel_no_improvement_scans,parallel_best_heading_deg
0.000005,1785250043.468967915,idle,0,0,-28,press_SPACE_to_start,37,37,8,29,5,1,0,0,1,7,-219.262017,1,0,0,1,0,1,1,-15.562500,31.312500,7.875000,1559.250000,2371.500000,0,,,,,,,,two_tangents_not_visible,,,,,,,0,0,0,0,0,0,,1163.250000,,380.516313,,,,,0,,0,,,-53.741671,12,371.012482,940.721086,-53.741671,,,0,0,0,0,
0.185322,1785250043.554053068,idle,0,0,-28,press_SPACE_to_start,37,37,12,25,7,2,0,1,1,8,-197.033469,2,0,1,1,0,2,1,-1.031250,31.312500,15.140625,1890.250000,2371.500000,0,,,,,,,,two_tangents_not_visible,,,,,,,0,0,0,0,0,0,,1148.750000,,392.012367,,,,,0,,0,,,-43.786445,18,1019.395625,37.227583,-43.786445,,,0,0,0,0,
0.235412,1785250043.668080091,idle,0,0,-28,press_SPACE_to_start,33,33,8,25,7,2,0,1,1,9,-182.349646,3,0,1,1,0,3,1,-1.031250,31.312500,15.140625,1890.250000,2371.500000,0,,,,,,,,two_tangents_not_visible,,,,,,,0,0,0,0,0,0,,1158.750000,,382.923904,,,,,0,,0,,,-54.329849,11,342.091980,645.188310,-54.329849,,,0,0,0,0,
0.324493,1785250043.783405066,idle,0,0,-28,press_SPACE_to_start,38,38,13,25,7,2,0,1,1,3,179.322094,4,0,1,1,0,4,1,-0.734375,31.312500,15.289062,1896.250000,2371.500000,0,,,,,,,,two_tangents_not_visible,,,,,,,0,0,0,0,0,0,,1166.750000,,375.943258,,,,,0,,0,,,-56.463879,14,736.710595,487.033786,-56.463879,,,0,0,0,0,
0.413447,1785250043.783405066,idle,0,0,-28,press_SPACE_to_start,38,38,13,25,7,2,0,1,1,3,179.322094,4,0,1,1,0,4,1,-0.734375,31.312500,15.289062,1896.250000,2371.500000,0,,,,,,,,two_tangents_not_visible,,,,,,,0,0,0,0,0,0,,1166.750000,,375.943258,,,,,0,,0,,,-56.463879,14,736.710595,487.033786,-56.463879,,,0,0,0,0,
0.507421,1785250043.897999048,idle,0,0,-28,press_SPACE_to_start,34,34,8,26,7,2,0,1,1,3,161.842049,5,0,1,1,0,5,1,1.796875,31.312500,16.554688,1996.750000,2371.500000,0,,,,,,,,two_tangents_not_visible,,,,,,,0,0,0,0,0,0,,1155.000000,,386.140687,,,,,0,,0,,,-54.330467,11,339.920892,611.475391,-54.330467,,,0,0,0,0,
0.595472,1785250044.011931896,idle,0,0,-28,press_SPACE_to_start,36,36,11,25,7,2,0,1,1,3,178.952902,6,0,1,1,0,5,1,1.796875,31.734375,16.765625,1996.750000,2380.750000,0,,,,,,,,two_tangents_not_visible,,,,,,,0,0,0,0,0,0,,1167.250000,,373.692743,,,,,0,,0,,,-56.643359,14,745.951428,540.217146,-56.643359,,,0,0,0,0,
0.683978,1785250044.126764059,idle,0,0,-28,press_SPACE_to_start,33,33,8,25,7,2,0,1,0,0,,0,1,1,1,0,5,1,1.796875,31.734375,16.765625,1996.750000,2380.750000,0,,,,,,,,two_tangents_not_visible,,,,,,,0,0,0,0,0,0,,1156.250000,,385.369659,,,,,0,,0,,,-54.516289,11,339.493006,643.041351,-54.516289,,,0,0,0,0,
0.775041,1785250044.242202044,idle,0,0,-28,press_SPACE_to_start,37,37,12,25,7,2,0,1,1,3,227.427524,1,0,1,1,0,5,1,1.796875,31.625000,16.710938,1996.750000,2381.250000,0,,,,,,,,two_tangents_not_visible,,,,,,,0,0,0,0,0,0,,1167.250000,,374.898777,,,,,0,,0,,,-61.055483,14,758.832601,170.112647,-61.055483,,,0,0,0,0,
0.867545,1785250044.242202044,idle,0,0,-28,press_SPACE_to_start,37,37,12,25,7,2,0,1,1,3,227.427524,1,0,1,1,0,5,1,1.796875,31.625000,16.710938,1996.750000,2381.250000,0,,,,,,,,two_tangents_not_visible,,,,,,,0,0,0,0,0,0,,1167.250000,,374.898777,,,,,0,,0,,,-61.055483,14,758.832601,170.112647,-61.055483,,,0,0,0,0,
0.954295,1785250044.356775999,idle,0,0,-28,press_SPACE_to_start,29,29,7,22,6,2,0,1,0,0,,0,1,1,1,0,5,1,1.796875,31.625000,16.710938,1996.750000,2381.250000,0,,,,,,,,two_tangents_not_visible,,,,,,,0,0,0,0,0,0,,1155.000000,,387.624594,,,,,0,,0,,,-54.394301,11,340.594301,690.577432,-54.394301,,,0,0,0,0,
1.040623,1785250044.470346928,idle,0,0,-28,press_SPACE_to_start,35,35,11,24,6,2,0,1,0,0,,0,2,1,1,0,5,1,1.734375,31.625000,16.679688,1995.500000,2381.250000,0,,,,,,,,two_tangents_not_visible,,,,,,,0,0,0,0,0,0,,1167.250000,,376.104365,,,,,0,,0,,,-53.661009,12,372.055532,641.666396,-53.661009,,,0,0,0,0,
1.129115,1785250044.585129023,idle,0,0,-28,press_SPACE_to_start,32,32,7,25,6,2,0,0,0,0,,0,3,1,1,0,5,1,1.734375,31.625000,16.679688,1995.500000,2381.250000,0,,,,,,,,two_tangents_not_visible,,,,,,,0,0,0,0,0,0,,1154.750000,,389.320045,,,,,0,,0,,,-54.533415,11,336.901352,805.073356,-54.533415,,,0,0,0,0,
1.217297,1785250044.585129023,idle,0,0,-28,press_SPACE_to_start,32,32,7,25,6,2,0,0,0,0,,0,3,1,1,0,5,1,1.734375,31.625000,16.679688,1995.500000,2381.250000,0,,,,,,,,two_tangents_not_visible,,,,,,,0,0,0,0,0,0,,1154.750000,,389.320045,,,,,0,,0,,,-54.533415,11,336.901352,805.073356,-54.533415,,,0,0,0,0,
1.309399,1785250044.700933218,idle,0,0,-28,press_SPACE_to_start,36,36,9,27,7,2,0,0,0,0,,0,4,1,1,0,5,1,1.734375,31.484375,16.609375,1995.500000,2380.000000,0,,,,,,,,two_tangents_not_visible,,,,,,,0,0,0,0,0,0,,1166.500000,,379.173631,,,,,0,,0,,,-53.873914,12,372.689979,866.555466,-53.873914,,,0,0,0,0,
1.395832,1785250044.811053038,idle,0,0,-28,press_SPACE_to_start,37,37,11,26,5,2,0,0,0,0,,0,5,1,1,0,5,1,1.734375,31.484375,16.609375,1995.500000,2380.000000,0,,,,,,,,two_tangents_not_visible,,,,,,,0,0,0,0,0,0,,1151.250000,,391.684827,,,,,0,,0,,,-54.185813,12,379.628722,749.021805,-54.185813,,,0,0,0,0,
1.482799,1785250044.926406860,idle,0,0,-28,press_SPACE_to_start,34,34,9,25,5,2,0,0,0,0,,0,6,1,1,0,5,1,-0.703125,31.484375,15.390625,1896.000000,2380.000000,0,,,,,,,,two_tangents_not_visible,,,,,,,0,0,0,0,0,0,,1166.250000,,378.490763,,,,,0,,0,,,-53.807910,12,372.745037,854.360986,-53.807910,,,0,0,0,0,
1.571324,1785250045.041178942,idle,0,0,-28,press_SPACE_to_start,34,34,8,26,5,2,0,0,0,0,,0,7,1,1,0,5,1,-0.890625,31.484375,15.296875,1891.750000,2380.000000,0,,,,,,,,two_tangents_not_visible,,,,,,,0,0,0,0,0,0,,1154.750000,,386.353881,,,,,0,,0,,,-54.211043,11,340.643117,736.948480,-54.211043,,,0,0,0,0,
1.659398,1785250045.041178942,idle,0,0,-28,press_SPACE_to_start,34,34,8,26,5,2,0,0,0,0,,0,7,1,1,0,5,1,-0.890625,31.484375,15.296875,1891.750000,2380.000000,0,,,,,,,,two_tangents_not_visible,,,,,,,0,0,0,0,0,0,,1154.750000,,386.353881,,,,,0,,0,,,-54.211043,11,340.643117,736.948480,-54.211043,,,0,0,0,0,
1.749242,1785250045.155853987,idle,0,0,-28,press_SPACE_to_start,37,37,8,29,5,2,0,0,0,0,,0,8,1,1,0,5,1,-0.421875,30.265625,14.921875,1906.500000,2391.250000,0,,,,,,,,two_tangents_not_visible,,,,,,,0,0,0,0,0,0,,1170.750000,,373.603164,,,,,0,,0,,,-53.851447,12,374.556447,732.358466,-53.851447,,,0,0,0,0,
1.841367,1785250045.271090984,idle,0,0,-28,press_SPACE_to_start,36,36,9,27,5,2,0,0,0,0,,0,9,1,1,0,5,1,-0.421875,30.265625,14.921875,1906.500000,2391.250000,0,,,,,,,,two_tangents_not_visible,,,,,,,0,0,0,0,0,0,,1159.000000,,382.708194,,,,,0,,0,,,-54.059787,12,367.093577,791.999066,-54.059787,,,0,0,0,0,
1.925051,1785250045.384642124,idle,0,0,-28,press_SPACE_to_start,34,34,8,26,5,2,0,0,0,0,,0,10,1,1,0,5,1,-0.421875,30.265625,14.921875,1906.500000,2391.250000,0,,,,,,,,two_tangents_not_visible,,,,,,,0,0,0,0,0,0,,1151.250000,,391.094318,,,,,0,,0,,,-54.056727,12,378.617841,797.241091,-54.056727,,,0,0,0,0,
2.013036,1785250045.384642124,idle,0,0,-28,press_SPACE_to_start,34,34,8,26,5,2,0,0,0,0,,0,10,1,1,0,5,1,-0.421875,30.265625,14.921875,1906.500000,2391.250000,0,,,,,,,,two_tangents_not_visible,,,,,,,0,0,0,0,0,0,,1151.250000,,391.094318,,,,,0,,0,,,-54.056727,12,378.617841,797.241091,-54.056727,,,0,0,0,0,
2.101693,1785250045.499557018,idle,0,0,-28,press_SPACE_to_start,38,38,11,27,5,2,0,0,0,0,,0,11,1,1,0,5,1,-0.421875,30.265625,14.921875,1906.500000,2391.250000,0,,,,,,,,two_tangents_not_visible,,,,,,,0,0,0,0,0,0,,1166.250000,,376.083220,,,,,0,,0,,,-53.662570,12,373.869749,675.458321,-53.662570,,,0,0,0,0,
2.190241,1785250045.613555908,idle,0,0,-28,press_SPACE_to_start,35,35,8,27,5,2,0,0,0,0,,0,12,1,1,0,5,1,-0.421875,30.265625,14.921875,1906.500000,2391.250000,0,,,,,,,,two_tangents_not_visible,,,,,,,0,0,0,0,0,0,,1156.250000,,386.261399,,,,,0,,0,,,-54.550936,11,339.045555,672.024799,-54.550936,,,0,0,0,0,
2.278420,1785250045.729328156,idle,0,0,-28,press_SPACE_to_start,39,39,12,27,6,2,0,0,0,0,,0,13,1,1,0,5,1,-0.718750,31.265625,15.273438,1895.750000,2373.000000,0,,,,,,,,two_tangents_not_visible,,,,,,,0,0,0,0,0,0,,1167.250000,,375.501627,,,,,0,,0,,,-53.632140,12,373.900842,630.447946,-53.632140,,,0,0,0,0,
2.370348,1785250045.729328156,idle,0,0,-28,press_SPACE_to_start,39,39,12,27,6,2,0,0,0,0,,0,13,1,1,0,5,1,-0.718750,31.265625,15.273438,1895.750000,2373.000000,0,,,,,,,,two_tangents_not_visible,,,,,,,0,0,0,0,0,0,,1167.250000,,375.501627,,,,,0,,0,,,-53.632140,12,373.900842,630.447946,-53.632140,,,0,0,0,0,
2.458213,1785250045.844008923,idle,0,0,-28,press_SPACE_to_start,35,35,9,26,6,2,0,0,0,0,,0,14,1,1,0,5,1,-0.718750,31.625000,15.453125,1895.750000,2379.250000,0,,,,,,,,two_tangents_not_visible,,,,,,,0,0,0,0,0,0,,1151.250000,,390.208337,,,,,0,,0,,,-53.941106,12,381.879682,707.942185,-53.941106,,,0,0,0,0,
2.547088,1785250045.957901001,idle,0,0,-28,press_SPACE_to_start,36,36,8,28,6,2,0,0,0,0,,0,15,1,1,0,5,1,-0.718750,31.296875,15.289062,1895.750000,2372.750000,0,,,,,,,,two_tangents_not_visible,,,,,,,0,0,0,0,0,0,,1162.750000,,381.850632,,,,,0,,0,,,-54.156991,12,369.678506,897.457414,-54.156991,,,0,0,0,0,
2.635395,1785250046.072330952,idle,0,0,-28,press_SPACE_to_start,36,36,10,26,6,2,0,0,0,0,,0,16,1,1,0,5,1,-0.718750,31.296875,15.289062,1895.750000,2372.750000,0,,,,,,,,two_tangents_not_visible,,,,,,,0,0,0,0,0,0,,1149.250000,,391.593743,,,,,0,,0,,,-53.874458,12,377.913514,646.509709,-53.874458,,,0,0,0,0,
2.723759,1785250046.187110901,idle,0,0,-28,press_SPACE_to_start,35,35,11,24,5,2,0,0,0,0,,0,17,1,1,0,5,1,-0.718750,31.296875,15.289062,1895.750000,2372.750000,0,,,,,,,,two_tangents_not_visible,,,,,,,0,0,0,0,0,0,,1166.250000,,378.189919,,,,,0,,0,,,-53.823405,12,371.495353,688.174861,-53.823405,,,0,0,0,0,
2.813209,1785250046.187110901,idle,0,0,-28,press_SPACE_to_start,35,35,11,24,5,2,0,0,0,0,,0,17,1,1,0,5,1,-0.718750,31.296875,15.289062,1895.750000,2372.750000,0,,,,,,,,two_tangents_not_visible,,,,,,,0,0,0,0,0,0,,1166.250000,,378.189919,,,,,0,,0,,,-53.823405,12,371.495353,688.174861,-53.823405,,,0,0,0,0,
2.906119,1785250046.301753044,idle,0,0,-28,press_SPACE_to_start,34,34,7,27,5,2,0,0,0,0,,0,18,1,1,0,5,1,-0.812500,31.296875,15.242188,1895.750000,2372.750000,0,,,,,,,,two_tangents_not_visible,,,,,,,0,0,0,0,0,0,,1156.500000,,386.939392,,,,,0,,0,,,-54.513770,11,339.894182,703.309500,-54.513770,,,0,0,0,0,
2.995107,1785250046.413619041,idle,0,0,-28,press_SPACE_to_start,39,39,11,28,5,2,0,0,0,0,,0,19,1,1,0,5,1,-0.531250,30.203125,14.835938,1900.500000,2392.500000,0,,,,,,,,two_tangents_not_visible,,,,,,,0,0,0,0,0,0,,1170.000000,,374.573150,,,,,0,,0,,,-53.792686,12,374.657847,702.048184,-53.792686,,,0,0,0,0,
3.083992,1785250046.527609110,idle,0,0,-28,press_SPACE_to_start,36,36,9,27,5,2,0,0,0,0,,0,20,1,1,0,5,1,-0.531250,30.203125,14.835938,1900.500000,2392.500000,0,,,,,,,,two_tangents_not_visible,,,,,,,0,0,0,0,0,0,,1156.750000,,383.156046,,,,,0,,0,,,-54.216976,11,341.941923,556.325379,-54.216976,,,0,0,0,0,
3.172693,1785250046.642597198,idle,0,0,-28,press_SPACE_to_start,40,40,12,28,5,2,0,0,0,0,,0,21,1,1,0,5,1,-0.531250,30.203125,14.835938,1900.500000,2392.500000,0,,,,,,,,two_tangents_not_visible,,,,,,,0,0,0,0,0,0,,1174.750000,,369.105958,,,,,0,,0,,,-53.965168,12,379.683070,774.913157,-53.965168,,,0,0,0,0,
3.262193,1785250046.642597198,idle,0,0,-28,press_SPACE_to_start,40,40,12,28,5,2,0,0,0,0,,0,21,1,1,0,5,1,-0.531250,30.203125,14.835938,1900.500000,2392.500000,0,,,,,,,,two_tangents_not_visible,,,,,,,0,0,0,0,0,0,,1174.750000,,369.105958,,,,,0,,0,,,-53.965168,12,379.683070,774.913157,-53.965168,,,0,0,0,0,
3.351060,1785250046.757642984,idle,0,0,-28,press_SPACE_to_start,31,31,7,24,5,2,0,0,0,0,,0,22,1,1,0,5,1,-0.531250,30.203125,14.835938,1900.500000,2392.500000,0,,,,,,,,two_tangents_not_visible,,,,,,,0,0,0,0,0,0,,1162.750000,,378.554372,,,,,0,,0,,,-53.493550,12,371.530958,994.258518,-53.493550,,,0,0,0,0,
3.445210,1785250046.871770144,idle,0,0,-28,press_SPACE_to_start,37,37,10,27,5,2,0,0,0,0,,0,23,1,1,0,5,1,-0.531250,30.203125,14.835938,1900.500000,2392.500000,0,,,,,,,,two_tangents_not_visible,,,,,,,0,0,0,0,0,0,,1149.250000,,392.772127,,,,,0,,0,,,-53.963952,12,376.720884,733.398016,-53.963952,,,0,0,0,0,
3.533638,1785250046.985957146,idle,0,0,-28,press_SPACE_to_start,29,29,7,22,5,2,0,0,0,0,,0,24,1,1,0,5,1,-0.968750,31.062500,15.046875,1888.000000,2383.750000,0,,,,,,,,two_tangents_not_visible,,,,,,,0,0,0,0,0,0,,1163.250000,,379.616862,,,,,0,,0,,,-53.574912,12,371.210047,738.873926,-53.574912,,,0,0,0,0,
3.622961,1785250046.985957146,idle,0,0,-28,press_SPACE_to_start,29,29,7,22,5,2,0,0,0,0,,0,24,1,1,0,5,1,-0.968750,31.062500,15.046875,1888.000000,2383.750000,0,,,,,,,,two_tangents_not_visible,,,,,,,0,0,0,0,0,0,,1163.250000,,379.616862,,,,,0,,0,,,-53.574912,12,371.210047,738.873926,-53.574912,,,0,0,0,0,
3.711255,1785250047.101903200,idle,0,0,-28,press_SPACE_to_start,35,35,11,24,7,2,0,0,1,4,183.559824,1,0,1,1,0,5,1,-0.968750,32.015625,15.523438,1888.000000,2367.000000,0,,,,,,,,two_tangents_not_visible,,,,,,,0,0,0,0,0,0,,1151.000000,,390.123601,,,,,0,,0,,,-47.732290,14,590.797446,114.674728,-47.732290,,,0,0,0,0,
3.799308,1785250047.215595961,idle,0,0,-28,press_SPACE_to_start,33,33,10,23,7,2,0,1,1,3,59.160372,2,0,2,1,0,5,1,-0.937500,32.187500,15.625000,1888.500000,2379.500000,0,,,,,,,,two_tangents_not_visible,,,,,,,0,0,0,0,0,0,,1165.750000,,378.929842,,,,,0,,0,,,-53.753679,12,373.650988,845.718398,-53.753679,,,0,0,0,0,
3.887202,1785250047.330087900,idle,0,0,-28,press_SPACE_to_start,34,34,9,25,7,2,0,1,0,0,,0,1,2,1,0,5,1,-0.937500,32.187500,15.625000,1888.500000,2379.500000,0,,,,,,,,two_tangents_not_visible,,,,,,,0,0,0,0,0,0,,1143.250000,,40.522010,,,,,0,,0,,,-53.958729,12,379.258655,698.079532,-53.958729,,,0,0,0,0,
3.980845,1785250047.445028067,idle,0,0,-28,press_SPACE_to_start,33,33,9,24,6,2,0,1,1,7,-119.324267,1,0,2,1,0,5,1,-0.875000,33.781250,16.453125,1889.000000,2362.250000,0,,,,,,,,two_tangents_not_visible,,,,,,,0,0,0,0,0,0,,1127.500000,,25.825887,,,,,0,,0,,,-29.627408,18,865.567077,41.055521,-29.627408,,,0,0,0,0,
4.067806,1785250047.445028067,idle,0,0,-28,press_SPACE_to_start,33,33,9,24,6,2,0,1,1,7,-119.324267,1,0,2,1,0,5,1,-0.875000,33.781250,16.453125,1889.000000,2362.250000,0,,,,,,,,two_tangents_not_visible,,,,,,,0,0,0,0,0,0,,1127.500000,,25.825887,,,,,0,,0,,,-29.627408,18,865.567077,41.055521,-29.627408,,,0,0,0,0,
4.155888,1785250047.559904099,idle,0,0,-28,press_SPACE_to_start,38,38,10,28,8,2,0,1,1,5,10.899679,2,0,2,1,0,5,1,-0.875000,32.156250,15.640625,1889.000000,2377.250000,0,,,,,,,,two_tangents_not_visible,,,,,,,0,0,0,0,0,0,,1110.250000,,10.899679,,,,,0,,0,,,-27.175156,15,654.508506,15.181108,-27.175156,,,0,0,0,0,
4.243562,1785250047.674210072,idle,0,0,-28,press_SPACE_to_start,34,34,8,26,8,2,0,1,1,3,-32.370320,3,0,2,1,0,5,1,-0.875000,31.296875,15.210938,1889.000000,2371.500000,0,,,,,,,,two_tangents_not_visible,,,,,,,0,0,0,0,0,0,,1079.250000,,-32.370320,,,,,0,,0,,,-54.021691,12,368.226856,797.774455,-54.021691,,,0,0,0,0,
4.333746,1785250047.785624027,idle,0,0,-28,press_SPACE_to_start,39,39,11,28,8,2,0,1,1,4,-124.772714,4,0,2,1,0,5,1,-0.875000,31.296875,15.210938,1889.000000,2371.500000,0,,,,,,,,two_tangents_not_visible,,,,,,,0,0,0,0,0,0,,997.250000,,-124.772714,,,,,0,,0,,,-54.200436,12,376.132421,797.558219,-54.200436,,,0,0,0,0,
4.423708,1785250047.785624027,idle,0,0,-28,press_SPACE_to_start,39,39,11,28,8,2,0,1,1,4,-124.772714,4,0,2,1,0,5,1,-0.875000,31.296875,15.210938,1889.000000,2371.500000,0,,,,,,,,two_tangents_not_visible,,,,,,,0,0,0,0,0,0,,997.250000,,-124.772714,,,,,0,,0,,,-54.200436,12,376.132421,797.558219,-54.200436,,,0,0,0,0,
4.517414,1785250047.899971008,idle,0,0,-28,press_SPACE_to_start,34,34,9,25,6,2,0,1,0,0,,0,1,2,1,0,5,1,-0.875000,31.296875,15.210938,1889.000000,2371.500000,0,,,,,,,,two_tangents_not_visible,,,,,,,0,0,0,0,0,0,,1159.750000,,383.254367,,,,,0,,0,,,-54.436992,11,340.885189,715.729071,-54.436992,,,0,0,0,0,
4.606671,1785250048.015182018,idle,0,0,-28,press_SPACE_to_start,40,40,12,28,6,2,0,1,0,0,,0,2,2,1,0,5,1,-1.046875,31.296875,15.125000,1883.500000,2371.500000,0,,,,,,,,two_tangents_not_visible,,,,,,,0,0,0,0,0,0,,1149.500000,,392.268306,,,,,0,,0,,,-53.852714,12,377.934740,763.389034,-53.852714,,,0,0,0,0,
4.693539,1785250048.129946947,idle,0,0,-28,press_SPACE_to_start,34,34,7,27,6,2,0,0,0,0,,0,3,2,1,0,5,1,-1.015625,31.296875,15.140625,1888.250000,2371.500000,0,,,,,,,,two_tangents_not_visible,,,,,,,0,0,0,0,0,0,,1163.000000,,380.134810,,,,,0,,0,,,-53.685466,12,370.345449,919.905231,-53.685466,,,0,0,0,0,
4.781652,1785250048.244284868,idle,0,0,-28,press_SPACE_to_start,37,37,10,27,6,2,0,0,0,0,,0,4,2,1,0,5,1,-1.015625,31.343750,15.164062,1888.250000,2369.000000,0,,,,,,,,two_tangents_not_visible,,,,,,,0,0,0,0,0,0,,1151.250000,,390.799020,,,,,0,,0,,,-54.033845,12,380.756760,724.205655,-54.033845,,,0,0,0,0,
4.870586,1785250048.244284868,idle,0,0,-28,press_SPACE_to_start,37,37,10,27,6,2,0,0,0,0,,0,4,2,1,0,5,1,-1.015625,31.343750,15.164062,1888.250000,2369.000000,0,,,,,,,,two_tangents_not_visible,,,,,,,0,0,0,0,0,0,,1151.250000,,390.799020,,,,,0,,0,,,-54.033845,12,380.756760,724.205655,-54.033845,,,0,0,0,0,
4.959448,1785250048.358595133,idle,0,0,-28,press_SPACE_to_start,32,32,9,23,5,2,0,0,0,0,,0,5,2,1,0,5,1,-0.890625,31.343750,15.226562,1888.750000,2369.000000,0,,,,,,,,two_tangents_not_visible,,,,,,,0,0,0,0,0,0,,1163.750000,,378.879940,,,,,0,,0,,,-53.652135,12,370.889235,836.178214,-53.652135,,,0,0,0,0,
5.052509,1785250048.473191023,idle,0,0,-28,press_SPACE_to_start,37,37,11,26,5,2,0,0,0,0,,0,6,2,1,0,5,1,-0.890625,31.343750,15.226562,1888.750000,2369.000000,0,,,,,,,,two_tangents_not_visible,,,,,,,0,0,0,0,0,0,,1151.500000,,389.406637,,,,,0,,0,,,-53.930131,12,378.983221,698.433194,-53.930131,,,0,0,0,0,
5.141107,1785250048.588068008,idle,0,0,-28,press_SPACE_to_start,37,37,11,26,5,2,0,0,0,0,,0,7,2,1,0,5,1,-0.843750,31.343750,15.250000,1890.250000,2369.000000,0,,,,,,,,two_tangents_not_visible,,,,,,,0,0,0,0,0,0,,1166.000000,,377.808041,,,,,0,,0,,,-53.629534,12,372.146863,795.877910,-53.629534,,,0,0,0,0,
5.230230,1785250048.588068008,idle,0,0,-28,press_SPACE_to_start,37,37,11,26,5,2,0,0,0,0,,0,7,2,1,0,5,1,-0.843750,31.343750,15.250000,1890.250000,2369.000000,0,,,,,,,,two_tangents_not_visible,,,,,,,0,0,0,0,0,0,,1166.000000,,377.808041,,,,,0,,0,,,-53.629534,12,372.146863,795.877910,-53.629534,,,0,0,0,0,
5.318540,1785250048.704124928,idle,0,0,-28,press_SPACE_to_start,36,36,9,26,5,2,0,0,0,0,,0,8,2,1,0,5,1,0.000000,31.546875,15.773438,1922.500000,2376.750000,0,,,,,,,,two_tangents_not_visible,,,,,,,0,0,0,0,0,0,,1154.250000,,388.855113,,,,,0,,0,,,-54.594422,11,337.972488,665.986470,-54.594422,,,0,0,0,0,
5.408808,1785250048.816939116,idle,0,0,-28,press_SPACE_to_start,29,29,7,22,5,2,0,0,0,0,,0,9,2,1,0,5,1,0.000000,31.546875,15.773438,1922.500000,2376.750000,0,,,,,,,,two_tangents_not_visible,,,,,,,0,0,0,0,0,0,,1164.000000,,379.261455,,,,,0,,0,,,-53.586152,12,370.762615,977.153163,-53.586152,,,0,0,0,0,
5.497845,1785250048.931460142,idle,0,0,-28,press_SPACE_to_start,39,39,11,28,5,2,0,0,0,0,,0,10,2,1,0,5,1,0.000000,31.546875,15.773438,1922.500000,2376.750000,0,,,,,,,,two_tangents_not_visible,,,,,,,0,0,0,0,0,0,,1174.250000,,369.556823,,,,,0,,0,,,-53.947701,12,379.396226,788.338648,-53.947701,,,0,0,0,0,
5.591314,1785250049.045904875,idle,0,0,-28,press_SPACE_to_start,35,35,8,27,5,2,0,0,0,0,,0,11,2,1,0,5,1,0.000000,31.203125,15.601563,1922.500000,2381.250000,0,,,,,,,,two_tangents_not_visible,,,,,,,0,0,0,0,0,0,,1160.000000,,382.739788,,,,,0,,0,,,-54.432057,11,342.380770,749.246827,-54.432057,,,0,0,0,0,
5.680790,1785250049.045904875,idle,0,0,-28,press_SPACE_to_start,35,35,8,27,5,2,0,0,0,0,,0,11,2,1,0,5,1,0.000000,31.203125,15.601563,1922.500000,2381.250000,0,,,,,,,,two_tangents_not_visible,,,,,,,0,0,0,0,0,0,,1160.000000,,382.739788,,,,,0,,0,,,-54.432057,11,342.380770,749.246827,-54.432057,,,0,0,0,0,
5.768666,1785250049.161070108,idle,0,0,-28,press_SPACE_to_start,38,38,11,27,5,2,0,0,0,0,,0,12,2,1,0,5,1,0.000000,31.203125,15.601563,1922.500000,2381.250000,0,,,,,,,,two_tangents_not_visible,,,,,,,0,0,0,0,0,0,,1149.500000,,392.562951,,,,,0,,0,,,-53.868574,12,376.216429,769.799757,-53.868574,,,0,0,0,0,
5.857452,1785250049.275736094,idle,0,0,-28,press_SPACE_to_start,35,35,10,25,5,2,0,0,0,0,,0,13,2,1,0,5,1,-0.890625,31.203125,15.156250,1890.750000,2381.250000,0,,,,,,,,two_tangents_not_visible,,,,,,,0,0,0,0,0,0,,1166.000000,,379.311801,,,,,0,,0,,,-53.898350,12,370.814380,889.672262,-53.898350,,,0,0,0,0,
5.946516,1785250049.390245914,idle,0,0,-28,press_SPACE_to_start,34,34,9,25,5,2,0,0,0,0,,0,14,2,1,0,5,1,-0.890625,31.203125,15.156250,1890.750000,2381.250000,0,,,,,,,,two_tangents_not_visible,,,,,,,0,0,0,0,0,0,,1154.250000,,387.965866,,,,,0,,0,,,-54.364580,11,337.932809,712.895698,-54.364580,,,0,0,0,0,
6.035471,1785250049.502187967,idle,0,0,-28,press_SPACE_to_start,39,39,10,29,5,2,0,0,0,0,,0,15,2,1,0,5,1,-0.562500,30.171875,14.804688,1901.500000,2394.250000,0,,,,,,,,two_tangents_not_visible,,,,,,,0,0,0,0,0,0,,1170.750000,,373.603164,,,,,0,,0,,,-53.816509,12,375.871711,716.351626,-53.816509,,,0,0,0,0,
6.127201,1785250049.502187967,idle,0,0,-28,press_SPACE_to_start,39,39,10,29,5,2,0,0,0,0,,0,15,2,1,0,5,1,-0.562500,30.171875,14.804688,1901.500000,2394.250000,0,,,,,,,,two_tangents_not_visible,,,,,,,0,0,0,0,0,0,,1170.750000,,373.603164,,,,,0,,0,,,-53.816509,12,375.871711,716.351626,-53.816509,,,0,0,0,0,
6.216848,1785250049.616624832,idle,0,0,-28,press_SPACE_to_start,32,32,9,23,5,2,0,0,0,0,,0,16,2,1,0,5,1,-0.562500,30.171875,14.804688,1901.500000,2394.250000,0,,,,,,,,two_tangents_not_visible,,,,,,,0,0,0,0,0,0,,1159.500000,,382.574814,,,,,0,,0,,,-54.348890,11,342.544558,615.955801,-54.348890,,,0,0,0,0,
6.305656,1785250049.731554985,idle,0,0,-28,press_SPACE_to_start,39,39,11,28,5,2,0,0,0,0,,0,17,2,1,0,5,1,-0.562500,30.171875,14.804688,1901.500000,2394.250000,0,,,,,,,,two_tangents_not_visible,,,,,,,0,0,0,0,0,0,,1149.500000,,391.973631,,,,,0,,0,,,-53.863246,12,378.582288,745.534423,-53.863246,,,0,0,0,0,
6.394278,1785250049.845677137,idle,0,0,-28,press_SPACE_to_start,33,33,8,25,5,2,0,0,0,0,,0,18,2,1,0,5,1,-0.562500,30.171875,14.804688,1901.500000,2394.250000,0,,,,,,,,two_tangents_not_visible,,,,,,,0,0,0,0,0,0,,1164.250000,,379.042724,,,,,0,,0,,,-53.598348,12,371.165354,830.676921,-53.598348,,,0,0,0,0,
6.484424,1785250049.845677137,idle,0,0,-28,press_SPACE_to_start,33,33,8,25,5,2,0,0,0,0,,0,18,2,1,0,5,1,-0.562500,30.171875,14.804688,1901.500000,2394.250000,0,,,,,,,,two_tangents_not_visible,,,,,,,0,0,0,0,0,0,,1164.250000,,379.042724,,,,,0,,0,,,-53.598348,12,371.165354,830.676921,-53.598348,,,0,0,0,0,
6.574650,1785250049.960770130,idle,0,0,-28,press_SPACE_to_start,38,38,12,26,5,2,0,0,0,0,,0,19,2,1,0,5,1,-0.046875,30.171875,15.062500,1922.500000,2394.250000,0,,,,,,,,two_tangents_not_visible,,,,,,,0,0,0,0,0,0,,1151.500000,,389.997623,,,,,0,,0,,,-54.116861,12,379.250951,750.356570,-54.116861,,,0,0,0,0,
6.669279,1785250050.075246096,idle,0,0,-28,press_SPACE_to_start,35,35,10,25,5,2,0,0,0,0,,0,20,2,1,0,5,1,-0.046875,32.093750,16.023438,1922.500000,2378.000000,0,,,,,,,,two_tangents_not_visible,,,,,,,0,0,0,0,0,0,,1166.250000,,376.986259,,,,,0,,0,,,-53.718531,12,372.022742,705.940274,-53.718531,,,0,0,0,0,
6.757383,1785250050.188848019,idle,0,0,-28,press_SPACE_to_start,33,33,7,26,5,2,0,0,0,0,,0,21,2,1,0,5,1,-0.046875,32.093750,16.023438,1922.500000,2378.000000,0,,,,,,,,two_tangents_not_visible,,,,,,,0,0,0,0,0,0,,1154.750000,,385.463471,,,,,0,,0,,,-54.247913,11,340.568894,596.057731,-54.247913,,,0,0,0,0,
6.846337,1785250050.304538012,idle,0,0,-28,press_SPACE_to_start,38,38,11,27,5,2,0,0,0,0,,0,22,2,1,0,5,1,-0.046875,30.171875,15.062500,1922.500000,2383.000000,0,,,,,,,,two_tangents_not_visible,,,,,,,0,0,0,0,0,0,,1170.750000,,373.603164,,,,,0,,0,,,-53.864057,12,374.556447,704.693183,-53.864057,,,0,0,0,0,
6.936180,1785250050.304538012,idle,0,0,-28,press_SPACE_to_start,38,38,11,27,5,2,0,0,0,0,,0,22,2,1,0,5,1,-0.046875,30.171875,15.062500,1922.500000,2383.000000,0,,,,,,,,two_tangents_not_visible,,,,,,,0,0,0,0,0,0,,1170.750000,,373.603164,,,,,0,,0,,,-53.864057,12,374.556447,704.693183,-53.864057,,,0,0,0,0,
7.025761,1785250050.419349909,idle,0,0,-28,press_SPACE_to_start,35,35,9,26,5,2,0,0,0,0,,0,23,2,1,0,5,1,-0.046875,30.171875,15.062500,1922.500000,2383.000000,0,,,,,,,,two_tangents_not_visible,,,,,,,0,0,0,0,0,0,,1159.750000,,382.358726,,,,,0,,0,,,-54.211982,11,341.901164,668.981472,-54.211982,,,0,0,0,0,
7.114975,1785250050.532845020,idle,0,0,-28,press_SPACE_to_start,39,39,10,29,5,2,0,0,0,0,,0,24,2,1,0,5,1,-0.531250,28.937500,14.203125,1901.750000,2392.250000,0,,,,,,,,two_tangents_not_visible,,,,,,,0,0,0,0,0,0,,1149.500000,,391.384194,,,,,0,,0,,,-53.750467,12,376.741354,774.322967,-53.750467,,,0,0,0,0,
7.208362,1785250050.648097992,idle,0,0,-28,press_SPACE_to_start,30,30,7,23,5,2,0,0,0,0,,0,25,2,1,0,5,1,-0.531250,28.937500,14.203125,1901.750000,2392.250000,0,,,,,,,,two_tangents_not_visible,,,,,,,0,0,0,0,0,0,,1164.000000,,379.561551,,,,,0,,0,,,-53.624317,12,371.224661,1068.939266,-53.624317,,,0,0,0,0,
7.296854,1785250050.762804985,idle,0,0,-28,press_SPACE_to_start,38,38,12,26,5,2,0,0,0,0,,0,26,2,1,0,5,1,-0.062500,28.937500,14.437500,1922.500000,2392.250000,0,,,,,,,,two_tangents_not_visible,,,,,,,0,0,0,0,0,0,,1151.750000,,389.195580,,,,,0,,0,,,-54.020873,12,381.110106,683.776133,-54.020873,,,0,0,0,0,
7.384715,1785250050.762804985,idle,0,0,-28,press_SPACE_to_start,38,38,12,26,5,2,0,0,0,0,,0,26,2,1,0,5,1,-0.062500,28.937500,14.437500,1922.500000,2392.250000,0,,,,,,,,two_tangents_not_visible,,,,,,,0,0,0,0,0,0,,1151.750000,,389.195580,,,,,0,,0,,,-54.020873,12,381.110106,683.776133,-54.020873,,,0,0,0,0,
7.474296,1785250050.877737999,idle,0,0,-28,press_SPACE_to_start,34,34,9,25,5,2,0,0,0,0,,0,27,2,1,0,5,1,-0.062500,28.937500,14.437500,1922.500000,2392.250000,0,,,,,,,,two_tangents_not_visible,,,,,,,0,0,0,0,0,0,,1166.250000,,376.986259,,,,,0,,0,,,-53.673165,12,373.341852,975.947578,-53.673165,,,0,0,0,0,
7.562035,1785250050.988175154,idle,0,0,-28,press_SPACE_to_start,35,35,9,26,5,2,0,0,0,0,,0,28,2,1,0,5,1,-0.062500,28.937500,14.437500,1922.500000,2392.250000,0,,,,,,,,two_tangents_not_visible,,,,,,,0,0,0,0,0,0,,1151.500000,,389.702145,,,,,0,,0,,,-54.078277,12,380.590984,710.415170,-54.078277,,,0,0,0,0,
7.650568,1785250051.103082895,idle,0,0,-28,press_SPACE_to_start,36,36,10,26,5,2,0,0,0,0,,0,29,2,1,0,5,1,-0.062500,33.125000,16.531250,1922.500000,2364.750000,0,,,,,,,,two_tangents_not_visible,,,,,,,0,0,0,0,0,0,,1164.000000,,378.961332,,,,,0,,0,,,-53.508915,12,371.224661,1033.108306,-53.508915,,,0,0,0,0,
7.743890,1785250051.103082895,idle,0,0,-28,press_SPACE_to_start,36,36,10,26,5,2,0,0,0,0,,0,29,2,1,0,5,1,-0.062500,33.125000,16.531250,1922.500000,2364.750000,0,,,,,,,,two_tangents_not_visible,,,,,,,0,0,0,0,0,0,,1164.000000,,378.961332,,,,,0,,0,,,-53.508915,12,371.224661,1033.108306,-53.508915,,,0,0,0,0,
7.832621,1785250051.217730045,idle,0,0,-28,press_SPACE_to_start,37,37,11,26,5,2,0,0,0,0,,0,30,2,1,0,5,1,-0.062500,33.125000,16.531250,1922.500000,2364.750000,0,,,,,,,,two_tangents_not_visible,,,,,,,0,0,0,0,0,0,,1151.250000,,391.389587,,,,,0,,0,,,-54.079925,12,379.922277,733.223789,-54.079925,,,0,0,0,0,
7.922167,1785250051.332455873,idle,0,0,-28,press_SPACE_to_start,33,33,8,25,5,2,0,0,0,0,,0,31,2,1,0,5,1,-0.859375,33.125000,16.132812,1891.250000,2364.750000,0,,,,,,,,two_tangents_not_visible,,,,,,,0,0,0,0,0,0,,1164.250000,,379.042724,,,,,0,,0,,,-53.627898,12,370.765745,806.716273,-53.627898,,,0,0,0,0,
8.010391,1785250051.446982861,idle,0,0,-28,press_SPACE_to_start,34,34,8,26,5,2,0,0,0,0,,0,32,2,1,0,5,1,-0.859375,33.765625,16.453125,1891.250000,2361.750000,0,,,,,,,,two_tangents_not_visible,,,,,,,0,0,0,0,0,0,,1154.750000,,387.837323,,,,,0,,0,,,-54.286936,11,339.258103,751.431939,-54.286936,,,0,0,0,0,
8.099847,1785250051.562402010,idle,0,0,-28,press_SPACE_to_start,39,39,11,28,5,2,0,0,0,0,,0,33,2,1,0,5,1,-0.640625,30.203125,14.781250,1901.000000,2396.000000,0,,,,,,,,two_tangents_not_visible,,,,,,,0,0,0,0,0,0,,1170.000000,,374.270861,,,,,0,,0,,,-53.762907,12,374.921029,689.227575,-53.762907,,,0,0,0,0,
8.188505,1785250051.562402010,idle,0,0,-28,press_SPACE_to_start,39,39,11,28,5,2,0,0,0,0,,0,33,2,1,0,5,1,-0.640625,30.203125,14.781250,1901.000000,2396.000000,0,,,,,,,,two_tangents_not_visible,,,,,,,0,0,0,0,0,0,,1170.000000,,374.270861,,,,,0,,0,,,-53.762907,12,374.921029,689.227575,-53.762907,,,0,0,0,0,
8.281858,1785250051.676483154,idle,0,0,-28,press_SPACE_to_start,36,36,9,27,5,2,0,0,0,0,,0,34,2,1,0,5,1,-0.640625,30.203125,14.781250,1901.000000,2396.000000,0,,,,,,,,two_tangents_not_visible,,,,,,,0,0,0,0,0,0,,1156.750000,,386.725748,,,,,0,,0,,,-54.650519,11,340.033676,684.497980,-54.650519,,,0,0,0,0,
8.369750,1785250051.790689945,idle,0,0,-28,press_SPACE_to_start,38,38,12,26,5,2,0,0,0,0,,0,35,2,1,0,5,1,-0.640625,30.203125,14.781250,1901.000000,2396.000000,0,,,,,,,,two_tangents_not_visible,,,,,,,0,0,0,0,0,0,,1169.500000,,374.110916,,,,,0,,0,,,-53.673291,12,375.955521,771.676637,-53.673291,,,0,0,0,0,
8.458089,1785250051.906315088,idle,0,0,-28,press_SPACE_to_start,34,34,8,26,5,2,0,0,0,0,,0,36,2,1,0,5,1,-0.640625,30.203125,14.781250,1901.000000,2396.000000,0,,,,,,,,two_tangents_not_visible,,,,,,,0,0,0,0,0,0,,1156.500000,,386.047633,,,,,0,,0,,,-54.391150,11,341.989785,745.326966,-54.391150,,,0,0,0,0,
8.546604,1785250051.906315088,idle,0,0,-28,press_SPACE_to_start,34,34,8,26,5,2,0,0,0,0,,0,36,2,1,0,5,1,-0.640625,30.203125,14.781250,1901.000000,2396.000000,0,,,,,,,,two_tangents_not_visible,,,,,,,0,0,0,0,0,0,,1156.500000,,386.047633,,,,,0,,0,,,-54.391150,11,341.989785,745.326966,-54.391150,,,0,0,0,0,
8.635449,1785250052.020145893,idle,0,0,-28,press_SPACE_to_start,35,35,9,26,5,2,0,0,0,0,,0,37,2,1,0,5,1,-0.640625,30.203125,14.781250,1901.000000,2396.000000,0,,,,,,,,two_tangents_not_visible,,,,,,,0,0,0,0,0,0,,1166.250000,,376.986259,,,,,0,,0,,,-53.607848,12,374.389731,819.908915,-53.607848,,,0,0,0,0,
8.725234,1785250052.135535002,idle,0,0,-28,press_SPACE_to_start,37,37,11,26,5,2,0,0,0,0,,0,38,2,1,0,5,1,-0.078125,31.515625,15.718750,1921.750000,2380.000000,0,,,,,,,,two_tangents_not_visible,,,,,,,0,0,0,0,0,0,,1151.250000,,390.208337,,,,,0,,0,,,-54.062961,12,379.367234,798.070434,-54.062961,,,0,0,0,0,
8.816790,1785250052.249377012,idle,0,0,-28,press_SPACE_to_start,34,34,9,25,5,2,0,0,0,0,,0,39,2,1,0,5,1,-0.078125,31.515625,15.718750,1921.750000,2380.000000,0,,,,,,,,two_tangents_not_visible,,,,,,,0,0,0,0,0,0,,1166.250000,,377.588145,,,,,0,,0,,,-53.677953,12,372.550278,745.896072,-53.677953,,,0,0,0,0,
8.901883,1785250052.364122868,idle,0,0,-28,press_SPACE_to_start,37,37,9,28,5,2,0,0,0,0,,0,40,2,1,0,5,1,-0.078125,31.000000,15.460938,1921.750000,2397.250000,0,,,,,,,,two_tangents_not_visible,,,,,,,0,0,0,0,0,0,,1156.250000,,386.855748,,,,,0,,0,,,-54.613223,11,338.707839,698.228933,-54.613223,,,0,0,0,0,
8.987277,1785250052.364122868,idle,0,0,-28,press_SPACE_to_start,37,37,9,28,5,2,0,0,0,0,,0,40,2,1,0,5,1,-0.078125,31.000000,15.460938,1921.750000,2397.250000,0,,,,,,,,two_tangents_not_visible,,,,,,,0,0,0,0,0,0,,1156.250000,,386.855748,,,,,0,,0,,,-54.613223,11,338.707839,698.228933,-54.613223,,,0,0,0,0,
9.076179,1785250052.478852034,idle,0,0,-28,press_SPACE_to_start,41,41,12,29,5,2,0,0,0,0,,0,41,2,1,0,5,1,-0.078125,30.250000,15.085938,1921.750000,2396.750000,0,,,,,,,,two_tangents_not_visible,,,,,,,0,0,0,0,0,0,,1171.000000,,372.169374,,,,,0,,0,,,-53.906517,12,375.893643,706.049282,-53.906517,,,0,0,0,0,
9.162560,1785250052.593294144,idle,0,0,-28,press_SPACE_to_start,35,35,8,27,5,2,0,0,0,0,,0,42,2,1,0,5,1,-0.078125,30.250000,15.085938,1921.750000,2396.750000,0,,,,,,,,two_tangents_not_visible,,,,,,,0,0,0,0,0,0,,1159.500000,,383.768574,,,,,0,,0,,,-54.422590,11,341.499045,641.656376,-54.422590,,,0,0,0,0,
9.252336,1785250052.705423832,idle,0,0,-28,press_SPACE_to_start,37,37,10,27,5,2,0,0,0,0,,0,43,2,1,0,5,1,-0.453125,30.250000,14.898438,1907.250000,2396.750000,0,,,,,,,,two_tangents_not_visible,,,,,,,0,0,0,0,0,0,,1168.750000,,376.889401,,,,,0,,0,,,-53.874449,12,374.215862,795.896813,-53.874449,,,0,0,0,0,
9.344960,1785250052.705423832,idle,0,0,-28,press_SPACE_to_start,37,37,10,27,5,2,0,0,0,0,,0,43,2,1,0,5,1,-0.453125,30.250000,14.898438,1907.250000,2396.750000,0,,,,,,,,two_tangents_not_visible,,,,,,,0,0,0,0,0,0,,1168.750000,,376.889401,,,,,0,,0,,,-53.874449,12,374.215862,795.896813,-53.874449,,,0,0,0,0,
9.433516,1785250052.819749117,idle,0,0,-28,press_SPACE_to_start,37,37,9,28,5,2,0,0,0,0,,0,44,2,1,0,5,1,-0.421875,30.250000,14.914062,1907.500000,2396.750000,0,,,,,,,,two_tangents_not_visible,,,,,,,0,0,0,0,0,0,,1174.000000,,371.604699,,,,,0,,0,,,-53.970580,12,376.818824,785.032353,-53.970580,,,0,0,0,0,
9.522685,1785250052.934314013,idle,0,0,-28,press_SPACE_to_start,35,35,10,25,5,2,0,0,0,0,,0,45,2,1,0,5,1,-0.093750,30.250000,15.078125,1921.750000,2396.750000,0,,,,,,,,two_tangents_not_visible,,,,,,,0,0,0,0,0,0,,1154.500000,,388.049896,,,,,0,,0,,,-54.548212,11,340.279314,649.663897,-54.548212,,,0,0,0,0,
9.612456,1785250053.049114227,idle,0,0,-28,press_SPACE_to_start,33,33,8,25,5,2,0,0,0,0,,0,46,2,1,0,5,1,-0.093750,31.046875,15.476562,1921.750000,2381.750000,0,,,,,,,,two_tangents_not_visible,,,,,,,0,0,0,0,0,0,,1159.500000,,384.365282,,,,,0,,0,,,-54.298691,11,340.454241,740.838910,-54.298691,,,0,0,0,0,
9.702061,1785250053.163225174,idle,0,0,-28,press_SPACE_to_start,35,35,8,27,5,2,0,0,0,0,,0,47,2,1,0,5,1,-0.093750,31.546875,15.726563,1921.750000,2377.500000,0,,,,,,,,two_tangents_not_visible,,,,,,,0,0,0,0,0,0,,1166.250000,,377.287216,,,,,0,,0,,,-53.754243,12,371.495353,764.102310,-53.754243,,,0,0,0,0,
9.791399,1785250053.163225174,idle,0,0,-28,press_SPACE_to_start,35,35,8,27,5,2,0,0,0,0,,0,47,2,1,0,5,1,-0.093750,31.546875,15.726563,1921.750000,2377.500000,0,,,,,,,,two_tangents_not_visible,,,,,,,0,0,0,0,0,0,,1166.250000,,377.287216,,,,,0,,0,,,-53.754243,12,371.495353,764.102310,-53.754243,,,0,0,0,0,
9.841414,1785250053.278028011,idle,0,0,-28,press_SPACE_to_start,38,38,11,27,5,2,0,0,0,0,,0,48,2,1,0,5,1,-0.093750,31.546875,15.726563,1921.750000,2377.500000,0,,,,,,,,two_tangents_not_visible,,,,,,,0,0,0,0,0,0,,1149.500000,,391.678927,,,,,0,,0,,,-53.799381,12,377.791674,677.087922,-53.799381,,,0,0,0,0,
9.928958,1785250053.393069029,idle,0,0,-28,press_SPACE_to_start,34,34,8,26,5,2,0,0,0,0,,0,49,2,1,0,5,1,-0.093750,31.187500,15.546875,1921.750000,2379.500000,0,,,,,,,,two_tangents_not_visible,,,,,,,0,0,0,0,0,0,,1159.750000,,381.164140,,,,,0,,0,,,-54.139925,11,341.931630,665.676410,-54.139925,,,0,0,0,0,
10.016847,1785250053.393069029,idle,0,0,-28,press_SPACE_to_start,34,34,8,26,5,2,0,0,0,0,,0,49,2,1,0,5,1,-0.093750,31.187500,15.546875,1921.750000,2379.500000,0,,,,,,,,two_tangents_not_visible,,,,,,,0,0,0,0,0,0,,1159.750000,,381.164140,,,,,0,,0,,,-54.139925,11,341.931630,665.676410,-54.139925,,,0,0,0,0,
10.106083,1785250053.507141829,idle,0,0,-28,press_SPACE_to_start,39,39,10,29,5,2,0,0,0,0,,0,50,2,1,0,5,1,-0.859375,30.437500,14.789062,1894.000000,2385.750000,0,,,,,,,,two_tangents_not_visible,,,,,,,0,0,0,0,0,0,,1174.000000,,370.693484,,,,,0,,0,,,-53.974518,12,377.081040,767.246458,-53.974518,,,0,0,0,0,
10.193888,1785250053.623469114,idle,0,0,-28,press_SPACE_to_start,30,30,6,24,5,2,0,0,0,0,,0,51,2,1,0,5,1,-0.859375,30.437500,14.789062,1894.000000,2385.750000,0,,,,,,,,two_tangents_not_visible,,,,,,,0,0,0,0,0,0,,1163.500000,,380.598092,,,,,0,,0,,,-53.839898,12,371.347866,938.228232,-53.839898,,,0,0,0,0,
10.282766,1785250053.732658863,idle,0,0,-28,press_SPACE_to_start,41,41,13,28,6,3,0,0,0,0,,0,52,2,1,0,5,1,-0.968750,30.437500,14.734375,1891.500000,2385.750000,0,,,,,,,,two_tangents_not_visible,,,,,,,0,0,0,0,0,0,1621.500000,1173.750000,426.078474,370.614545,,,,,0,,0,,,-53.968716,12,377.987108,821.107416,-53.968716,,,0,0,0,0,
10.376898,1785250053.847934961,idle,0,0,-28,press_SPACE_to_start,34,34,9,25,7,2,0,0,0,0,,0,53,2,1,0,5,1,-0.968750,30.437500,14.734375,1891.500000,2385.750000,0,,,,,,,,two_tangents_not_visible,,,,,,,0,0,0,0,0,0,1599.750000,1159.750000,396.742896,383.851318,,,,,0,,0,,,-54.357586,11,341.039908,747.347620,-54.357586,,,0,0,0,0,
10.465879,1785250053.847934961,idle,0,0,-28,press_SPACE_to_start,34,34,9,25,7,2,0,0,0,0,,0,53,2,1,0,5,1,-0.968750,30.437500,14.734375,1891.500000,2385.750000,0,,,,,,,,two_tangents_not_visible,,,,,,,0,0,0,0,0,0,1599.750000,1159.750000,396.742896,383.851318,,,,,0,,0,,,-54.357586,11,341.039908,747.347620,-54.357586,,,0,0,0,0,
10.555175,1785250053.962364912,idle,0,0,-28,press_SPACE_to_start,38,38,11,27,7,2,0,0,0,0,,0,54,2,1,0,5,1,-0.531250,30.265625,14.867188,1905.500000,2390.500000,0,,,,,,,,two_tangents_not_visible,,,,,,,0,0,0,0,0,0,1597.250000,1171.500000,415.081435,371.722405,,,,,0,,0,,,-53.733909,12,375.915117,773.313444,-53.733909,,,0,0,0,0,
10.643868,1785250054.077894926,idle,0,0,-28,press_SPACE_to_start,33,33,8,25,7,2,0,0,0,0,,0,55,2,1,0,5,1,-0.531250,30.265625,14.867188,1905.500000,2390.500000,0,,,,,,,,two_tangents_not_visible,,,,,,,0,0,0,0,0,0,1597.500000,1156.750000,431.948684,384.643923,,,,,0,,0,,,-54.215628,11,340.219758,694.339207,-54.215628,,,0,0,0,0,
10.731774,1785250054.191297054,idle,0,0,-28,press_SPACE_to_start,38,38,14,24,7,3,0,0,0,0,,0,56,2,1,0,5,1,-0.531250,30.265625,14.867188,1905.500000,2390.500000,0,,,,,,,,two_tangents_not_visible,,,,,,,0,0,0,0,0,0,1380.500000,1168.750000,240.092054,375.078695,,,,,0,,0,,,-53.632447,12,374.742767,735.676193,-53.632447,,,0,0,0,0,
10.820485,1785250054.191297054,idle,0,0,-28,press_SPACE_to_start,38,38,14,24,7,3,0,0,0,0,,0,56,2,1,0,5,1,-0.531250,30.265625,14.867188,1905.500000,2390.500000,0,,,,,,,,two_tangents_not_visible,,,,,,,0,0,0,0,0,0,1380.500000,1168.750000,240.092054,375.078695,,,,,0,,0,,,-53.632447,12,374.742767,735.676193,-53.632447,,,0,0,0,0,
10.914800,1785250054.306105137,idle,0,0,-28,press_SPACE_to_start,38,38,13,25,9,2,0,0,1,3,-42.268217,1,0,2,1,0,5,1,-0.531250,30.265625,14.867188,1905.500000,2390.500000,0,,,,,,,,two_tangents_not_visible,,,,,,,0,0,0,0,0,0,1369.000000,1156.750000,261.583983,383.751282,,,,,0,,0,,,-54.408018,11,340.743634,586.435238,-54.408018,,,0,0,0,0,
11.002876,1785250054.421286821,idle,0,0,-28,press_SPACE_to_start,39,39,14,25,10,2,0,1,1,4,-78.980858,2,0,3,1,0,5,1,-0.531250,30.265625,14.867188,1905.500000,2390.500000,0,,,,,,,,two_tangents_not_visible,,,,,,,0,0,0,0,0,0,1363.500000,1173.500000,243.723651,371.446435,,,,,0,,0,,,-53.960274,12,377.056767,737.460911,-53.960274,,,0,0,0,0,
11.091562,1785250054.536108017,idle,0,0,-28,press_SPACE_to_start,40,40,13,27,11,2,0,1,1,6,-61.208123,3,0,3,1,0,5,1,-0.640625,30.453125,14.906250,1900.250000,2387.000000,0,,,,,,,,two_tangents_not_visible,,,,,,,0,0,0,0,0,0,1304.250000,1164.000000,397.280500,380.461667,,,,,0,30.495435,5,197.005984,156.630847,0.797831,6,494.136296,249.515473,0.797831,,,0,0,0,0,
11.181832,1785250054.650763035,idle,0,0,-28,press_SPACE_to_start,43,43,16,27,9,2,0,1,1,4,3.523926,4,0,3,1,0,5,1,-0.078125,30.453125,15.187500,1921.750000,2387.000000,0,,,,,,,,two_tangents_not_visible,,,,,,,0,0,0,0,0,0,1348.000000,1151.500000,245.653488,389.997623,,,,,0,,0,,,-0.978581,4,413.705226,715.638271,-0.978581,,,0,0,0,0,
11.270713,1785250054.650763035,idle,0,0,-28,press_SPACE_to_start,43,43,16,27,9,2,0,1,1,4,3.523926,4,0,3,1,0,5,1,-0.078125,30.453125,15.187500,1921.750000,2387.000000,0,,,,,,,,two_tangents_not_visible,,,,,,,0,0,0,0,0,0,1348.000000,1151.500000,245.653488,389.997623,,,,,0,,0,,,-0.978581,4,413.705226,715.638271,-0.978581,,,0,0,0,0,
11.360489,1785250054.765282154,idle,0,0,-28,press_SPACE_to_start,35,35,13,22,11,3,0,1,1,3,170.620269,5,0,3,1,0,5,1,-0.078125,30.453125,15.187500,1921.750000,2387.000000,0,,,,,,,,two_tangents_not_visible,,,,,,,0,0,0,0,0,0,1312.000000,1164.000000,254.554680,379.861618,,,,,0,53.446882,5,107.611222,68.815532,-53.573046,12,371.754305,966.198242,-53.573046,,,0,0,0,0,
11.454670,1785250054.880172014,idle,0,0,-28,press_SPACE_to_start,43,43,16,27,11,3,0,1,0,0,,0,1,3,1,0,5,1,-0.078125,30.453125,15.187500,1921.750000,2387.000000,0,,,,,,,,two_tangents_not_visible,,,,,,,0,0,0,0,0,0,1299.250000,1149.500000,233.981886,391.678927,,,,,0,12.434579,5,128.295722,10.751662,-53.782256,12,379.033130,651.277372,-53.782256,,,0,0,0,0,
11.543347,1785250054.993915796,idle,0,0,-28,press_SPACE_to_start,39,39,14,25,11,3,0,1,0,0,,0,2,3,1,0,5,1,-0.078125,31.265625,15.593750,1921.750000,2381.000000,0,,,,,,,,two_tangents_not_visible,,,,,,,0,0,0,0,0,0,1143.000000,1163.500000,247.390479,380.298239,,,,,0,2.979990,5,113.726168,118.432050,-53.748931,12,371.347866,900.181679,-53.748931,,,0,0,0,0,
11.633112,1785250054.993915796,idle,0,0,-28,press_SPACE_to_start,39,39,14,25,11,3,0,1,0,0,,0,2,3,1,0,5,1,-0.078125,31.265625,15.593750,1921.750000,2381.000000,0,,,,,,,,two_tangents_not_visible,,,,,,,0,0,0,0,0,0,1143.000000,1163.500000,247.390479,380.298239,,,,,0,2.979990,5,113.726168,118.432050,-53.748931,12,371.347866,900.181679,-53.748931,,,0,0,0,0,
11.723249,1785250055.106952906,idle,0,0,-28,press_SPACE_to_start,45,45,19,26,9,3,0,0,0,0,,0,3,3,1,0,5,1,-0.078125,31.265625,15.593750,1921.750000,2381.000000,0,,,,,,,,two_tangents_not_visible,,,,,,,0,0,0,0,0,0,791.000000,1171.750000,237.446796,370.286224,,,,,0,2.940096,8,316.022641,182.502509,-53.726175,12,376.845606,687.437549,-53.726175,,,0,0,0,0,
11.813868,1785250055.220767975,idle,0,0,-28,press_SPACE_to_start,40,40,11,29,10,3,0,0,0,0,,0,4,3,1,1,5,1,-0.421875,30.953125,15.265625,1907.500000,2392.750000,0,,,,,,,,two_tangents_not_visible,,,,,,,0,0,0,0,0,0,,1156.750000,,386.725748,,,,,0,-15.497039,5,128.615927,152.622618,-54.593078,11,339.248685,705.680147,-54.593078,,,0,0,0,0,
11.903434,1785250055.334974051,idle,0,0,-28,press_SPACE_to_start,41,41,15,26,10,3,0,0,0,0,,0,5,3,1,1,5,1,-0.421875,30.953125,15.265625,1907.500000,2392.750000,0,,,,,,,,two_tangents_not_visible,,,,,,,0,0,0,0,0,0,,1168.500000,,375.903749,,,,,0,,0,,,-53.789912,12,373.548329,808.150798,-53.789912,,,0,0,0,0,
11.997558,1785250055.449338913,idle,0,0,-28,press_SPACE_to_start,46,46,17,29,10,2,0,0,0,0,,0,6,3,1,1,5,1,-0.421875,30.953125,15.265625,1907.500000,2392.750000,0,,,,,,,,two_tangents_not_visible,,,,,,,0,0,0,0,0,0,,1156.750000,,384.643923,,,,,0,,0,,,-54.434838,11,339.771969,672.557366,-54.434838,,,0,0,0,0,
12.086391,1785250055.449338913,idle,0,0,-28,press_SPACE_to_start,46,46,17,29,10,2,0,0,0,0,,0,6,3,1,1,5,1,-0.421875,30.953125,15.265625,1907.500000,2392.750000,0,,,,,,,,two_tangents_not_visible,,,,,,,0,0,0,0,0,0,,1156.750000,,384.643923,,,,,0,,0,,,-54.434838,11,339.771969,672.557366,-54.434838,,,0,0,0,0,
12.173666,1785250055.565037966,idle,0,0,-28,press_SPACE_to_start,51,51,25,26,9,2,0,0,0,0,,0,7,3,1,1,5,1,-0.421875,30.187500,14.882812,1907.500000,2384.250000,0,,,,,,,,two_tangents_not_visible,,,,,,,0,0,0,0,0,0,,1171.750000,,373.013639,,,,,0,,0,,,-53.956227,12,375.913024,700.138290,-53.956227,,,0,0,0,0,
12.264148,1785250055.678966999,idle,0,0,-28,press_SPACE_to_start,49,49,20,29,8,2,0,0,0,0,,0,8,3,1,1,5,1,-0.562500,30.187500,14.812500,1901.000000,2384.250000,0,,,,,,,,two_tangents_not_visible,,,,,,,0,0,0,0,0,0,,1156.750000,,383.751282,,,,,0,,0,,,-54.234999,11,341.604820,592.238436,-54.234999,,,0,0,0,0,
12.353551,1785250055.793743849,idle,0,0,-28,press_SPACE_to_start,47,47,21,26,8,2,0,0,0,0,,0,9,3,1,1,5,1,-1.359375,30.187500,14.414062,1877.750000,2384.250000,0,,,,,,,,two_tangents_not_visible,,,,,,,0,0,0,0,0,0,,1168.000000,,376.346026,,,,,0,,0,,,-53.756665,12,374.391210,671.929148,-53.756665,,,0,0,0,0,
12.444268,1785250055.907937050,idle,0,0,-28,press_SPACE_to_start,40,40,12,28,9,1,0,0,0,0,,0,10,3,1,1,5,1,-96.359375,-59.171875,-77.765625,3192.000000,735.500000,0,,,,,,,,two_tangents_not_visible,,,,,,,0,0,0,0,0,0,,1150.250000,,391.344602,,,,,0,,0,,,-53.973077,12,379.227323,752.172961,-53.973077,,,0,0,0,0,
12.538547,1785250055.907937050,idle,0,0,-28,press_SPACE_to_start,40,40,12,28,9,1,0,0,0,0,,0,10,3,1,1,5,1,-96.359375,-59.171875,-77.765625,3192.000000,735.500000,0,,,,,,,,two_tangents_not_visible,,,,,,,0,0,0,0,0,0,,1150.250000,,391.344602,,,,,0,,0,,,-53.973077,12,379.227323,752.172961,-53.973077,,,0,0,0,0,
12.626565,1785250056.022238016,idle,0,0,-28,press_SPACE_to_start,47,47,14,33,10,2,0,0,0,0,,0,11,3,1,1,5,1,-6.093750,22.500000,8.203125,170.000000,394.750000,0,,,,,,,,two_tangents_not_visible,,,,,,,0,0,0,0,0,0,,1160.000000,,384.531028,,,,,0,,0,,,-54.464039,11,340.214570,728.070954,-54.464039,,,0,0,0,0,
12.715702,1785250056.136783123,idle,0,0,-28,press_SPACE_to_start,48,48,8,40,7,1,0,0,0,0,,0,12,3,1,1,5,1,-96.359375,-37.406250,-66.882812,3192.000000,190.000000,0,,,,,,,,two_tangents_not_visible,,,,,,,0,0,0,0,0,0,,1171.750000,,373.922279,,,,,0,,0,,,-53.963045,12,374.599009,789.837348,-53.963045,,,0,0,0,0,
12.803866,1785250056.251789093,idle,0,0,-28,press_SPACE_to_start,45,45,8,37,7,3,0,0,0,0,,0,13,3,1,1,5,1,32.890625,53.281250,43.085938,517.000000,1006.500000,0,,,,,,,,two_tangents_not_visible,,,,,,,0,0,0,0,0,0,,1160.250000,,382.224839,,,,,0,,0,,,-53.982969,10,311.764895,597.276465,-53.982969,,,0,0,0,0,
12.893843,1785250056.251789093,idle,0,0,-28,press_SPACE_to_start,45,45,8,37,7,3,0,0,0,0,,0,13,3,1,1,5,1,32.890625,53.281250,43.085938,517.000000,1006.500000,0,,,,,,,,two_tangents_not_visible,,,,,,,0,0,0,0,0,0,,1160.250000,,382.224839,,,,,0,,0,,,-53.982969,10,311.764895,597.276465,-53.982969,,,0,0,0,0,
12.983661,1785250056.367375851,idle,0,0,-28,press_SPACE_to_start,33,33,10,23,13,1,0,0,0,0,,0,14,3,1,1,5,1,-96.843750,-33.953125,-65.398438,3187.000000,217.750000,0,,,,,,,,two_tangents_not_visible,,,,,,,0,0,0,0,0,0,,468.750000,,148.372830,,,,,0,,0,,,-17.631515,16,325.676895,14.960759,-17.631515,,,0,0,0,0,
13.076670,1785250056.481456041,idle,0,0,-28,press_SPACE_to_start,37,37,8,29,18,1,0,0,1,9,42.728824,1,0,3,1,1,5,1,-96.703125,-33.953125,-65.328125,3186.500000,217.750000,0,,,,,,,,two_tangents_not_visible,,,,,,,0,0,0,0,0,0,,602.750000,,74.598658,,,,,0,,0,,,-54.208981,11,333.026008,617.812777,-54.208981,,,0,0,0,0,
13.164700,1785250056.596422911,idle,0,0,-28,press_SPACE_to_start,34,34,8,26,14,2,0,0,0,0,,0,1,3,1,1,5,1,30.390625,53.281250,41.835938,236.250000,1006.500000,0,,,,,,,,two_tangents_not_visible,,,,,,,0,0,0,0,0,0,,677.750000,,31.594073,,,,,0,,0,,,-54.437537,11,339.510305,690.246735,-54.437537,,,0,0,0,0,
13.252041,1785250056.707717896,idle,0,0,-28,press_SPACE_to_start,39,39,12,27,13,3,0,0,0,0,,0,2,3,1,1,5,1,28.765625,53.281250,41.023438,236.750000,1006.500000,0,,,,,,,,two_tangents_not_visible,,,,,,,0,0,0,0,0,0,,761.750000,,-45.674307,,,,,0,,0,,,-53.949230,12,376.320118,779.017078,-53.949230,,,0,0,0,0,
13.340708,1785250056.707717896,idle,0,0,-28,press_SPACE_to_start,39,39,12,27,13,3,0,0,0,0,,0,2,3,1,1,5,1,28.765625,53.281250,41.023438,236.750000,1006.500000,0,,,,,,,,two_tangents_not_visible,,,,,,,0,0,0,0,0,0,,761.750000,,-45.674307,,,,,0,,0,,,-53.949230,12,376.320118,779.017078,-53.949230,,,0,0,0,0,
13.429801,1785250056.821904898,idle,0,0,-28,press_SPACE_to_start,35,35,9,26,12,2,0,0,1,3,-79.204824,1,0,3,1,1,5,1,-0.437500,30.312500,14.937500,1907.250000,2387.500000,0,,,,,,,,two_tangents_not_visible,,,,,,,0,0,0,0,0,0,,773.750000,,-58.183119,,,,,0,,0,,,-51.641208,7,213.490494,914.208312,-51.641208,,,0,0,0,0,
13.518338,1785250056.936615944,idle,0,0,-28,press_SPACE_to_start,43,43,14,29,13,2,0,1,1,3,-92.679575,2,0,4,1,1,5,1,-0.437500,30.312500,14.937500,1907.250000,2387.500000,0,,,,,,,,two_tangents_not_visible,,,,,,,0,0,0,0,0,0,,794.000000,,-92.679575,,,,,0,,0,,,-40.586783,13,159.940706,94.516609,-40.586783,,,0,0,0,0,
13.612070,1785250057.050760984,idle,0,0,-28,press_SPACE_to_start,35,35,9,26,7,2,0,1,1,4,-102.001927,3,0,4,1,1,5,1,-0.437500,30.312500,14.937500,1907.250000,2387.500000,0,,,,,,,,two_tangents_not_visible,,,,,,,0,0,0,0,0,0,,798.000000,,-102.001927,,,,,0,,0,,,-30.947463,13,148.523123,322.420944,-30.947463,,,0,0,0,0,
13.700924,1785250057.166038990,idle,0,0,-28,press_SPACE_to_start,38,38,11,27,9,2,0,1,1,4,-89.858634,4,0,4,1,1,5,1,-0.437500,30.312500,14.937500,1907.250000,2387.500000,0,,,,,,,,two_tangents_not_visible,,,,,,,0,0,0,0,0,0,,790.000000,,-89.858634,,,,,0,,0,,,-23.719907,14,161.537757,359.135860,-23.719907,,,0,0,0,0,
13.790138,1785250057.166038990,idle,0,0,-28,press_SPACE_to_start,38,38,11,27,9,2,0,1,1,4,-89.858634,4,0,4,1,1,5,1,-0.437500,30.312500,14.937500,1907.250000,2387.500000,0,,,,,,,,two_tangents_not_visible,,,,,,,0,0,0,0,0,0,,790.000000,,-89.858634,,,,,0,,0,,,-23.719907,14,161.537757,359.135860,-23.719907,,,0,0,0,0,
13.880089,1785250057.280354023,idle,0,0,-28,press_SPACE_to_start,35,35,8,26,11,2,0,1,1,4,-98.597299,5,0,4,1,1,5,1,0.000000,30.359375,15.179688,1922.500000,2385.500000,0,,,,,,,,two_tangents_not_visible,,,,,,,0,0,0,0,0,0,,789.750000,,-98.597299,,,,,0,,0,,,-25.623461,13,148.872759,381.135713,-25.623461,,,0,0,0,0,
13.969831,1785250057.394485950,idle,0,0,-28,press_SPACE_to_start,35,35,9,26,6,2,0,1,1,4,-87.839257,6,0,4,1,1,5,1,0.000000,30.359375,15.179688,1922.500000,2385.500000,0,,,,,,,,two_tangents_not_visible,,,,,,,0,0,0,0,0,0,,787.250000,,-87.839257,,,,,0,,0,,,-24.954118,13,151.098619,226.069204,-24.954118,,,0,0,0,0,
14.057218,1785250057.509793043,idle,0,0,-28,press_SPACE_to_start,33,33,8,25,6,2,0,1,1,4,-100.679274,7,0,4,1,1,5,1,0.000000,32.640625,16.320312,1922.500000,2362.250000,0,,,,,,,,two_tangents_not_visible,,,,,,,0,0,0,0,0,0,,788.500000,,-78.570379,,,,,0,,0,,,-25.381122,13,146.495696,218.266476,-25.381122,,,0,0,0,0,
14.152170,1785250057.509793043,idle,0,0,-28,press_SPACE_to_start,33,33,8,25,6,2,0,1,1,4,-100.679274,7,0,4,1,1,5,1,0.000000,32.640625,16.320312,1922.500000,2362.250000,0,,,,,,,,two_tangents_not_visible,,,,,,,0,0,0,0,0,0,,788.500000,,-78.570379,,,,,0,,0,,,-25.381122,13,146.495696,218.266476,-25.381122,,,0,0,0,0,
14.241444,1785250057.625605106,idle,0,0,-28,press_SPACE_to_start,36,36,10,26,6,2,0,1,1,4,-86.689766,8,0,4,1,1,5,1,0.000000,31.640625,15.820312,1922.500000,2379.250000,0,,,,,,,,two_tangents_not_visible,,,,,,,0,0,0,0,0,0,,786.500000,,-86.689766,,,,,0,,0,,,-26.396384,12,135.602397,166.573135,-26.396384,,,0,0,0,0,
14.330753,1785250057.738486052,idle,0,0,-28,press_SPACE_to_start,36,36,9,27,6,2,0,1,1,4,-98.321321,9,0,4,1,1,5,1,0.015625,24.343750,12.179688,1922.750000,2396.500000,0,,,,,,,,two_tangents_not_visible,,,,,,,0,0,0,0,0,0,,788.250000,,-75.122459,,,,,0,,0,,,-25.966949,13,149.034095,217.827508,-25.966949,,,0,0,0,0,
14.419221,1785250057.854264021,idle,0,0,-28,press_SPACE_to_start,34,34,8,26,6,2,0,1,1,4,-86.717322,10,0,4,1,1,5,1,0.015625,24.343750,12.179688,1922.750000,2396.500000,0,,,,,,,,two_tangents_not_visible,,,,,,,0,0,0,0,0,0,,786.750000,,-86.717322,,,,,0,,0,,,-27.048175,13,147.118335,181.920453,-27.048175,,,0,0,0,0,
14.507247,1785250057.967952967,idle,0,0,-28,press_SPACE_to_start,36,36,12,24,6,2,0,1,1,3,-97.765921,11,0,4,1,1,5,1,0.015625,24.343750,12.179688,1922.750000,2396.500000,0,,,,,,,,two_tangents_not_visible,,,,,,,0,0,0,0,0,0,,786.500000,,-97.765921,,,,,0,,0,,,-25.818683,13,147.817361,219.891331,-25.818683,,,0,0,0,0,
14.596268,1785250057.967952967,idle,0,0,-28,press_SPACE_to_start,36,36,12,24,6,2,0,1,1,3,-97.765921,11,0,4,1,1,5,1,0.015625,24.343750,12.179688,1922.750000,2396.500000,0,,,,,,,,two_tangents_not_visible,,,,,,,0,0,0,0,0,0,,786.500000,,-97.765921,,,,,0,,0,,,-25.818683,13,147.817361,219.891331,-25.818683,,,0,0,0,0,
14.689582,1785250058.078940868,idle,0,0,-28,press_SPACE_to_start,36,36,9,27,6,2,0,1,1,4,-87.088418,12,0,4,1,1,5,1,0.015625,24.343750,12.179688,1922.750000,2396.500000,0,,,,,,,,two_tangents_not_visible,,,,,,,0,0,0,0,0,0,,786.250000,,-87.088418,,,,,0,,0,,,-24.996379,13,150.301986,333.926554,-24.996379,,,0,0,0,0,
14.778682,1785250058.193837166,idle,0,0,-28,press_SPACE_to_start,40,40,12,28,6,2,0,1,1,4,-92.090551,13,0,4,1,1,5,1,0.015625,24.343750,12.179688,1922.750000,2396.500000,0,,,,,,,,two_tangents_not_visible,,,,,,,0,0,0,0,0,0,,783.500000,,-92.090551,,,,,0,,0,,,-24.500576,13,149.077546,278.683454,-24.500576,,,0,0,0,0,
14.867633,1785250058.308151960,idle,0,0,-28,press_SPACE_to_start,35,35,8,27,6,2,0,1,1,4,-101.419857,14,0,4,1,1,5,1,-0.062500,31.234375,15.585938,1923.000000,2383.500000,0,,,,,,,,two_tangents_not_visible,,,,,,,0,0,0,0,0,0,,782.500000,,-80.944575,,,,,0,,0,,,-24.350248,13,148.684633,342.859438,-24.350248,,,0,0,0,0,
14.956613,1785250058.423313856,idle,0,0,-28,press_SPACE_to_start,43,43,13,30,6,2,0,1,1,4,-91.649786,15,0,4,1,1,5,1,-0.062500,31.234375,15.585938,1923.000000,2383.500000,0,,,,,,,,two_tangents_not_visible,,,,,,,0,0,0,0,0,0,,779.750000,,-91.649786,,,,,0,,0,,,-24.629576,14,162.434301,296.778824,-24.629576,,,0,0,0,0,
15.046864,1785250058.423313856,idle,0,0,-28,press_SPACE_to_start,43,43,13,30,6,2,0,1,1,4,-91.649786,15,0,4,1,1,5,1,-0.062500,31.234375,15.585938,1923.000000,2383.500000,0,,,,,,,,two_tangents_not_visible,,,,,,,0,0,0,0,0,0,,779.750000,,-91.649786,,,,,0,,0,,,-24.629576,14,162.434301,296.778824,-24.629576,,,0,0,0,0,
15.135218,1785250058.538353920,idle,0,0,-28,press_SPACE_to_start,33,33,8,25,6,2,0,1,1,4,-103.029643,16,0,4,1,1,5,1,-0.343750,31.187500,15.421875,1909.000000,2381.500000,0,,,,,,,,two_tangents_not_visible,,,,,,,0,0,0,0,0,0,,781.250000,,-103.029643,,,,,0,,0,,,-24.214502,13,148.608388,310.667646,-24.214502,,,0,0,0,0,
15.225336,1785250058.652825117,idle,0,0,-28,press_SPACE_to_start,40,40,12,28,6,2,0,1,1,4,-91.620401,17,0,4,1,1,5,1,-0.343750,31.187500,15.421875,1909.000000,2381.500000,0,,,,,,,,two_tangents_not_visible,,,,,,,0,0,0,0,0,0,,779.500000,,-91.620401,,,,,0,,0,,,-25.058346,14,161.023245,345.716726,-25.058346,,,0,0,0,0,
15.315004,1785250058.767661095,idle,0,0,-28,press_SPACE_to_start,33,33,9,24,7,2,0,1,1,4,-104.661439,18,0,4,1,1,5,1,-0.343750,31.187500,15.421875,1909.000000,2381.500000,0,,,,,,,,two_tangents_not_visible,,,,,,,0,0,0,0,0,0,,779.000000,,-84.384930,,,,,0,,0,,,-25.773612,13,145.642607,298.889705,-25.773612,,,0,0,0,0,
15.403862,1785250058.767661095,idle,0,0,-28,press_SPACE_to_start,33,33,9,24,7,2,0,1,1,4,-104.661439,18,0,4,1,1,5,1,-0.343750,31.187500,15.421875,1909.000000,2381.500000,0,,,,,,,,two_tangents_not_visible,,,,,,,0,0,0,0,0,0,,779.000000,,-84.384930,,,,,0,,0,,,-25.773612,13,145.642607,298.889705,-25.773612,,,0,0,0,0,
15.498673,1785250058.882670164,idle,0,0,-28,press_SPACE_to_start,37,37,10,27,7,2,0,1,1,4,-94.357339,19,0,4,1,1,5,1,-0.031250,31.187500,15.578125,1922.750000,2381.500000,0,,,,,,,,two_tangents_not_visible,,,,,,,0,0,0,0,0,0,,774.250000,,-94.357339,,,,,0,,0,,,-26.774670,13,147.189778,253.111641,-26.774670,,,0,0,0,0,
15.586527,1785250058.996618032,idle,0,0,-28,press_SPACE_to_start,37,37,11,26,7,2,0,1,1,4,-108.836573,20,0,4,1,1,5,1,-0.031250,31.187500,15.578125,1922.750000,2381.500000,0,,,,,,,,two_tangents_not_visible,,,,,,,0,0,0,0,0,0,,775.500000,,-87.578964,,,,,0,,0,,,-27.098248,14,162.830112,300.950813,-27.098248,,,0,0,0,0,
15.672978,1785250059.111252069,idle,0,0,-28,press_SPACE_to_start,34,34,8,26,7,2,0,1,1,4,-98.515497,21,0,4,1,1,5,1,-0.031250,32.062500,16.015625,1922.750000,2377.500000,0,,,,,,,,two_tangents_not_visible,,,,,,,0,0,0,0,0,0,,774.000000,,-98.515497,,,,,0,,0,,,-27.265017,13,144.221083,259.366171,-27.265017,,,0,0,0,0,
15.766411,1785250059.225624084,idle,0,0,-28,press_SPACE_to_start,37,37,10,27,7,2,0,1,1,4,-109.187142,22,0,4,1,1,5,1,-0.031250,33.281250,16.625000,1922.750000,2360.500000,0,,,,,,,,two_tangents_not_visible,,,,,,,0,0,0,0,0,0,,775.250000,,-85.870010,,,,,0,,0,,,-27.156627,14,159.308371,306.155995,-27.156627,,,0,0,0,0,
15.854530,1785250059.225624084,idle,0,0,-28,press_SPACE_to_start,37,37,10,27,7,2,0,1,1,4,-109.187142,22,0,4,1,1,5,1,-0.031250,33.281250,16.625000,1922.750000,2360.500000,0,,,,,,,,two_tangents_not_visible,,,,,,,0,0,0,0,0,0,,775.250000,,-85.870010,,,,,0,,0,,,-27.156627,14,159.308371,306.155995,-27.156627,,,0,0,0,0,
15.942857,1785250059.339877844,idle,0,0,-28,press_SPACE_to_start,37,37,9,28,7,2,0,1,1,6,-96.599759,23,0,4,1,1,5,1,1.781250,33.281250,17.531250,2002.250000,2360.500000,0,,,,,,,,two_tangents_not_visible,,,,,,,0,0,0,0,0,0,,773.750000,,-96.599759,,,,,0,,0,,,33.171574,6,463.405229,139.454089,33.171574,,,0,0,0,0,
16.031372,1785250059.454936028,idle,0,0,-28,press_SPACE_to_start,39,39,10,29,7,2,0,1,1,4,-107.856453,24,0,4,1,1,5,1,1.781250,31.687500,16.734375,2002.250000,2379.500000,0,,,,,,,,two_tangents_not_visible,,,,,,,0,0,0,0,0,0,,774.750000,,-86.234576,,,,,0,,0,,,-27.065725,14,160.651963,314.991572,-27.065725,,,0,0,0,0,
16.120690,1785250059.569344044,idle,0,0,-28,press_SPACE_to_start,35,35,9,26,7,2,0,1,1,4,-97.164968,25,0,4,1,1,5,1,1.781250,31.687500,16.734375,2002.250000,2379.500000,0,,,,,,,,two_tangents_not_visible,,,,,,,0,0,0,0,0,0,,773.250000,,-97.164968,,,,,0,,0,,,-27.658595,13,146.701425,271.270431,-27.658595,,,0,0,0,0,
16.210051,1785250059.681048155,idle,0,0,-28,press_SPACE_to_start,38,38,11,27,7,2,0,1,0,0,,0,1,4,1,1,5,1,1.781250,30.187500,15.984375,2002.250000,2385.750000,0,,,,,,,,two_tangents_not_visible,,,,,,,0,0,0,0,0,0,,771.250000,,-88.770635,,,,,0,,0,,,-28.540707,14,160.734442,424.601501,-28.540707,,,0,0,0,0,
16.304730,1785250059.681048155,idle,0,0,-28,press_SPACE_to_start,38,38,11,27,7,2,0,1,0,0,,0,1,4,1,1,5,1,1.781250,30.187500,15.984375,2002.250000,2385.750000,0,,,,,,,,two_tangents_not_visible,,,,,,,0,0,0,0,0,0,,771.250000,,-88.770635,,,,,0,,0,,,-28.540707,14,160.734442,424.601501,-28.540707,,,0,0,0,0,
16.393925,1785250059.795136929,idle,0,0,-28,press_SPACE_to_start,36,36,8,28,7,2,0,1,1,4,-99.642614,1,0,4,1,1,5,1,1.781250,30.187500,15.984375,2002.250000,2385.750000,0,,,,,,,,two_tangents_not_visible,,,,,,,0,0,0,0,0,0,,773.000000,,-99.642614,,,,,0,,0,,,-26.962820,14,159.327178,348.779098,-26.962820,,,0,0,0,0,
16.483081,1785250059.909961939,idle,0,0,-28,press_SPACE_to_start,31,31,8,23,7,2,0,1,1,4,-106.116059,2,0,4,1,1,5,1,-0.546875,30.187500,14.820312,1898.000000,2385.750000,0,,,,,,,,two_tangents_not_visible,,,,,,,0,0,0,0,0,0,,774.500000,,-106.116059,,,,,0,,0,,,-26.258494,14,160.740201,266.785519,-26.258494,,,0,0,0,0,
16.571519,1785250060.024592876,idle,0,0,-28,press_SPACE_to_start,39,39,10,29,7,2,0,1,1,4,-115.131514,3,0,4,1,1,5,1,-0.546875,30.187500,14.820312,1898.000000,2385.750000,0,,,,,,,,two_tangents_not_visible,,,,,,,0,0,0,0,0,0,,776.750000,,-93.610691,,,,,0,,0,,,-25.782204,13,145.013347,204.823745,-25.782204,,,0,0,0,0,
16.660135,1785250060.024592876,idle,0,0,-28,press_SPACE_to_start,39,39,10,29,7,2,0,1,1,4,-115.131514,3,0,4,1,1,5,1,-0.546875,30.187500,14.820312,1898.000000,2385.750000,0,,,,,,,,two_tangents_not_visible,,,,,,,0,0,0,0,0,0,,776.750000,,-93.610691,,,,,0,,0,,,-25.782204,13,145.013347,204.823745,-25.782204,,,0,0,0,0,
16.748679,1785250060.140193939,idle,0,0,-28,press_SPACE_to_start,35,35,8,27,7,2,0,1,1,4,-99.157888,4,0,4,1,1,5,1,-0.546875,30.187500,14.820312,1898.000000,2385.750000,0,,,,,,,,two_tangents_not_visible,,,,,,,0,0,0,0,0,0,,775.750000,,-99.157888,,,,,0,,0,,,-26.023050,13,142.824016,142.983427,-26.023050,,,0,0,0,0,
16.842747,1785250060.254511118,idle,0,0,-28,press_SPACE_to_start,34,34,9,25,7,2,0,1,1,4,-108.309647,5,0,4,1,1,5,1,-0.828125,30.953125,15.062500,1894.250000,2394.750000,0,,,,,,,,two_tangents_not_visible,,,,,,,0,0,0,0,0,0,,779.750000,,-108.309647,,,,,0,,0,,,-26.598946,13,143.312890,147.311851,-26.598946,,,0,0,0,0,
16.930019,1785250060.369336128,idle,0,0,-28,press_SPACE_to_start,43,43,12,31,7,2,0,1,1,7,-117.222841,6,0,4,1,1,5,1,-0.828125,31.500000,15.335938,1894.250000,2379.750000,0,,,,,,,,two_tangents_not_visible,,,,,,,0,0,0,0,0,0,,782.000000,,-93.184796,,,,,0,,0,,,31.241017,7,476.642085,200.200637,31.241017,,,0,0,0,0,
17.019049,1785250060.484058857,idle,0,0,-28,press_SPACE_to_start,35,35,8,27,7,2,0,1,1,4,-100.981929,7,0,4,1,1,5,1,-0.828125,31.500000,15.335938,1894.250000,2379.750000,0,,,,,,,,two_tangents_not_visible,,,,,,,0,0,0,0,0,0,,781.750000,,-100.981929,,,,,0,,0,,,-28.750797,13,146.617652,195.627303,-28.750797,,,0,0,0,0,
17.106961,1785250060.484058857,idle,0,0,-28,press_SPACE_to_start,35,35,8,27,7,2,0,1,1,4,-100.981929,7,0,4,1,1,5,1,-0.828125,31.500000,15.335938,1894.250000,2379.750000,0,,,,,,,,two_tangents_not_visible,,,,,,,0,0,0,0,0,0,,781.750000,,-100.981929,,,,,0,,0,,,-28.750797,13,146.617652,195.627303,-28.750797,,,0,0,0,0,
17.196795,1785250060.598520041,idle,0,0,-28,press_SPACE_to_start,38,38,11,27,7,2,0,1,1,7,-110.233705,8,0,4,1,1,5,1,-0.640625,31.500000,15.429688,1898.000000,2379.750000,0,,,,,,,,two_tangents_not_visible,,,,,,,0,0,0,0,0,0,,782.500000,,-86.885129,,,,,0,,0,,,30.818221,7,476.755727,196.795390,30.818221,,,0,0,0,0,
17.285072,1785250060.714272022,idle,0,0,-28,press_SPACE_to_start,36,36,9,26,7,2,0,1,1,4,-96.335512,9,0,4,1,1,5,1,0.000000,19.250000,9.625000,1923.000000,2462.250000,0,,,,,,,,two_tangents_not_visible,,,,,,,0,0,0,0,0,0,,780.250000,,-74.360036,,,,,0,,0,,,-29.108784,13,146.503895,278.531575,-29.108784,,,0,0,0,0,
17.381088,1785250060.824379921,idle,0,0,-28,press_SPACE_to_start,33,33,8,25,7,2,0,1,1,6,-86.476585,10,0,4,1,1,5,1,0.000000,19.250000,9.625000,1923.000000,2462.250000,0,,,,,,,,two_tangents_not_visible,,,,,,,0,0,0,0,0,0,,777.750000,,-63.981334,,,,,0,,0,,,32.576728,6,461.091092,214.632391,32.576728,,,0,0,0,0,
17.469762,1785250060.939007998,idle,0,0,-28,press_SPACE_to_start,40,40,12,28,7,2,0,1,1,6,-50.586362,11,0,4,1,1,5,1,0.000000,24.328125,12.164062,1923.000000,2401.750000,0,,,,,,,,two_tangents_not_visible,,,,,,,0,0,0,0,0,0,,770.250000,,-50.586362,,,,,0,,0,,,34.842751,6,435.791426,82.204799,34.842751,,,0,0,0,0,
17.558353,1785250060.939007998,idle,0,0,-28,press_SPACE_to_start,40,40,12,28,7,2,0,1,1,6,-50.586362,11,0,4,1,1,5,1,0.000000,24.328125,12.164062,1923.000000,2401.750000,0,,,,,,,,two_tangents_not_visible,,,,,,,0,0,0,0,0,0,,770.250000,,-50.586362,,,,,0,,0,,,34.842751,6,435.791426,82.204799,34.842751,,,0,0,0,0,
17.648020,1785250061.052733898,idle,0,0,-28,press_SPACE_to_start,39,39,11,28,7,2,0,1,1,6,-40.258493,12,0,4,1,1,5,1,0.000000,24.328125,12.164062,1923.000000,2401.750000,0,,,,,,,,two_tangents_not_visible,,,,,,,0,0,0,0,0,0,,765.250000,,-40.258493,,,,,0,,0,,,32.708201,6,438.223134,89.613431,32.708201,,,0,0,0,0,
17.736942,1785250061.168590069,idle,0,0,-28,press_SPACE_to_start,38,38,11,27,7,2,0,1,1,4,280.521524,13,0,4,1,1,5,1,0.000000,24.328125,12.164062,1923.000000,2401.750000,0,,,,,,,,two_tangents_not_visible,,,,,,,0,0,0,0,0,0,,921.250000,,-67.270242,,,,,0,,0,,,-43.421845,15,186.232222,64.695679,-43.421845,,,0,0,0,0,
17.826065,1785250061.282090902,idle,0,0,-28,press_SPACE_to_start,33,33,7,26,8,2,0,1,1,5,51.170162,14,0,4,1,1,5,1,-0.062500,31.515625,15.726562,1923.000000,2379.750000,0,,,,,,,,two_tangents_not_visible,,,,,,,0,0,0,0,0,0,,870.000000,,75.352779,,,,,0,,0,,,-44.728789,14,174.884259,84.062646,-44.728789,,,0,0,0,0,
17.920414,1785250061.282090902,idle,0,0,-28,press_SPACE_to_start,33,33,7,26,8,2,0,1,1,5,51.170162,14,0,4,1,1,5,1,-0.062500,31.515625,15.726562,1923.000000,2379.750000,0,,,,,,,,two_tangents_not_visible,,,,,,,0,0,0,0,0,0,,870.000000,,75.352779,,,,,0,,0,,,-44.728789,14,174.884259,84.062646,-44.728789,,,0,0,0,0,
18.009164,1785250061.396676064,idle,0,0,-28,press_SPACE_to_start,42,42,11,31,8,2,0,1,1,8,65.358481,15,0,4,1,1,5,1,-0.046875,31.546875,15.750000,1923.250000,2379.500000,0,,,,,,,,two_tangents_not_visible,,,,,,,0,0,0,0,0,0,,903.750000,,139.186397,,,,,0,,0,,,-40.619073,14,183.417179,133.088636,-40.619073,,,0,0,0,0,
18.096798,1785250061.512359858,idle,0,0,-28,press_SPACE_to_start,38,38,11,27,7,2,0,1,1,6,78.153610,16,0,4,1,1,5,1,-0.046875,31.546875,15.750000,1923.250000,2379.500000,0,,,,,,,,two_tangents_not_visible,,,,,,,0,0,0,0,0,0,,945.750000,,130.090365,,,,,0,,0,,,-32.706987,11,153.934857,219.378265,-32.706987,,,0,0,0,0,
18.184299,1785250061.626746178,idle,0,0,-28,press_SPACE_to_start,34,34,8,26,14,2,0,1,1,7,61.956437,17,0,4,1,0,5,1,-0.046875,31.609375,15.781250,1923.250000,2379.000000,0,,,,,,,,two_tangents_not_visible,,,,,,,0,0,0,0,0,0,,901.000000,,134.877111,,,,,0,,0,,,-29.735578,9,149.696955,116.509858,-29.735578,,,0,0,0,0,
18.270243,1785250061.741193056,idle,0,0,-28,press_SPACE_to_start,31,31,11,20,13,2,0,1,1,7,50.514209,18,0,4,1,0,5,1,-0.046875,31.515625,15.734375,1923.250000,2380.250000,0,,,,,,,,two_tangents_not_visible,,,,,,,0,0,0,0,0,0,,898.500000,,126.017530,,,,,0,,0,,,18.943004,7,289.785976,17.182328,18.943004,,,0,0,0,0,
18.359515,1785250061.741193056,idle,0,0,-28,press_SPACE_to_start,31,31,11,20,13,2,0,1,1,7,50.514209,18,0,4,1,0,5,1,-0.046875,31.515625,15.734375,1923.250000,2380.250000,0,,,,,,,,two_tangents_not_visible,,,,,,,0,0,0,0,0,0,,898.500000,,126.017530,,,,,0,,0,,,18.943004,7,289.785976,17.182328,18.943004,,,0,0,0,0,
18.453164,1785250061.856023073,idle,0,0,-28,press_SPACE_to_start,35,35,12,23,14,2,0,1,1,6,92.542057,19,0,4,1,0,5,1,-0.046875,31.515625,15.734375,1923.250000,2380.250000,0,,,,,,,,two_tangents_not_visible,,,,,,,0,0,0,0,0,0,,903.250000,,142.272509,,,,,0,,0,,,-63.469060,5,128.521662,349.256417,-63.469060,,,0,0,0,0,
18.539751,1785250061.970127106,idle,0,0,-28,press_SPACE_to_start,29,29,7,22,13,2,0,1,1,7,116.465147,20,0,4,1,0,5,1,-0.828125,31.515625,15.343750,1895.500000,2380.250000,0,,,,,,,,two_tangents_not_visible,,,,,,,0,0,0,0,0,0,,921.000000,,188.783382,,,,,0,,0,,,-62.340290,5,130.838075,570.084567,-62.340290,,,0,0,0,0,
18.628140,1785250062.081557035,idle,0,0,-28,press_SPACE_to_start,28,28,8,20,7,2,0,1,1,6,109.734939,21,0,4,1,0,5,1,-0.828125,31.515625,15.343750,1895.000000,2380.250000,0,,,,,,,,two_tangents_not_visible,,,,,,,0,0,0,0,0,0,,925.500000,,179.813409,,,,,0,,0,,,-60.540144,5,124.841599,366.146597,-60.540144,,,0,0,0,0,
18.716047,1785250062.081557035,idle,0,0,-28,press_SPACE_to_start,28,28,8,20,7,2,0,1,1,6,109.734939,21,0,4,1,0,5,1,-0.828125,31.515625,15.343750,1895.000000,2380.250000,0,,,,,,,,two_tangents_not_visible,,,,,,,0,0,0,0,0,0,,925.500000,,179.813409,,,,,0,,0,,,-60.540144,5,124.841599,366.146597,-60.540144,,,0,0,0,0,
18.804248,1785250062.195806026,idle,0,0,-28,press_SPACE_to_start,31,31,11,20,6,3,0,1,1,4,126.216553,22,0,4,1,0,5,1,-0.828125,31.515625,15.343750,1895.000000,2380.250000,0,,,,,,,,two_tangents_not_visible,,,,,,,0,0,0,0,0,0,,928.750000,,195.327082,,,,,0,,0,,,-59.759329,5,123.749923,171.700753,-59.759329,,,0,0,0,0,
18.892865,1785250062.311062098,idle,0,0,-28,press_SPACE_to_start,31,31,8,23,6,3,0,1,1,6,118.683387,23,0,4,1,0,5,1,-0.953125,30.968750,15.007812,1892.000000,2395.500000,0,,,,,,,,two_tangents_not_visible,,,,,,,0,0,0,0,0,0,,934.500000,,215.427872,,,,,0,,0,,,-57.349106,5,147.787182,273.617979,-57.349106,,,0,0,0,0,
18.986426,1785250062.426187038,idle,0,0,-28,press_SPACE_to_start,30,30,11,19,6,3,0,1,1,5,133.599846,24,0,4,1,0,5,1,-0.796875,30.968750,15.085938,1895.500000,2395.500000,0,,,,,,,,two_tangents_not_visible,,,,,,,0,0,0,0,0,0,,944.500000,,207.946254,,,,,0,,0,,,-64.036933,5,131.097304,191.865207,-64.036933,,,0,0,0,0,
19.075212,1785250062.540540934,idle,0,0,-28,press_SPACE_to_start,30,30,11,19,5,3,0,1,1,6,122.510654,25,0,4,1,0,5,1,-0.062500,30.968750,15.453125,1922.750000,2395.500000,0,,,,,,,,two_tangents_not_visible,,,,,,,0,0,0,0,0,0,,941.000000,,219.921607,,,,,0,,0,,,-61.524271,4,106.127006,179.514412,-61.524271,,,0,0,0,0,
19.164728,1785250062.540540934,idle,0,0,-28,press_SPACE_to_start,30,30,11,19,5,3,0,1,1,6,122.510654,25,0,4,1,0,5,1,-0.062500,30.968750,15.453125,1922.750000,2395.500000,0,,,,,,,,two_tangents_not_visible,,,,,,,0,0,0,0,0,0,,941.000000,,219.921607,,,,,0,,0,,,-61.524271,4,106.127006,179.514412,-61.524271,,,0,0,0,0,
19.253133,1785250062.654808044,idle,0,0,-28,press_SPACE_to_start,30,30,8,22,5,3,0,1,1,6,135.691131,26,0,4,1,0,5,1,-0.062500,30.968750,15.453125,1922.750000,2395.500000,0,,,,,,,,two_tangents_not_visible,,,,,,,0,0,0,0,0,0,,943.250000,,208.172856,,,,,0,,0,,,-63.052529,5,129.935443,164.582409,-63.052529,,,0,0,0,0,
19.343439,1785250062.769418955,idle,0,0,-28,press_SPACE_to_start,30,30,9,21,5,3,0,1,1,6,122.541054,27,0,4,1,0,5,1,0.031250,24.312500,12.171875,1923.250000,2369.000000,0,,,,,,,,two_tangents_not_visible,,,,,,,0,0,0,0,0,0,,940.500000,,219.804752,,,,,0,,0,,,-61.258018,4,106.862334,206.584828,-61.258018,,,0,0,0,0,
19.432242,1785250062.884206057,idle,0,0,-28,press_SPACE_to_start,32,32,10,22,5,3,0,1,1,7,135.121142,28,0,4,1,0,5,1,0.031250,24.312500,12.171875,1923.250000,2369.000000,0,,,,,,,,two_tangents_not_visible,,,,,,,0,0,0,0,0,0,,944.250000,,207.891212,,,,,0,,0,,,-64.645467,5,130.660448,237.206092,-64.645467,,,0,0,0,0,
19.527834,1785250062.999177933,idle,0,0,-28,press_SPACE_to_start,32,32,9,23,5,3,0,1,1,7,121.477644,29,0,4,1,0,5,1,0.031250,24.312500,12.171875,1923.250000,2369.000000,0,,,,,,,,two_tangents_not_visible,,,,,,,0,0,0,0,0,0,,942.500000,,217.522187,,,,,0,,0,,,-61.601899,5,151.666893,146.882201,-61.601899,,,0,0,0,0,
19.617055,1785250062.999177933,idle,0,0,-28,press_SPACE_to_start,32,32,9,23,5,3,0,1,1,7,121.477644,29,0,4,1,0,5,1,0.031250,24.312500,12.171875,1923.250000,2369.000000,0,,,,,,,,two_tangents_not_visible,,,,,,,0,0,0,0,0,0,,942.500000,,217.522187,,,,,0,,0,,,-61.601899,5,151.666893,146.882201,-61.601899,,,0,0,0,0,
19.705256,1785250063.113609076,idle,0,0,-28,press_SPACE_to_start,33,33,10,23,5,3,0,1,1,5,131.099689,30,0,4,1,0,5,1,0.031250,24.312500,12.171875,1923.250000,2369.000000,0,,,,,,,,two_tangents_not_visible,,,,,,,0,0,0,0,0,0,,949.500000,,204.498099,,,,,0,,0,,,-64.210516,5,131.969489,294.313229,-64.210516,,,0,0,0,0,
19.794083,1785250063.228716135,idle,0,0,-28,press_SPACE_to_start,30,30,9,21,5,3,0,1,1,6,142.470812,31,0,4,1,0,5,1,0.031250,24.312500,12.171875,1923.250000,2369.000000,0,,,,,,,,two_tangents_not_visible,,,,,,,0,0,0,0,0,0,,944.750000,,214.028447,,,,,0,,0,,,-63.139381,6,155.260153,174.227778,-63.139381,,,0,0,0,0,
19.882976,1785250063.342456102,idle,0,0,-28,press_SPACE_to_start,33,33,12,21,5,3,0,1,1,5,131.640515,32,0,4,1,0,5,1,-0.515625,30.171875,14.828125,1903.000000,2398.000000,0,,,,,,,,two_tangents_not_visible,,,,,,,0,0,0,0,0,0,,945.750000,,204.194135,,,,,0,,0,,,-63.785293,4,107.090331,97.659956,-63.785293,,,0,0,0,0,
19.972371,1785250063.342456102,idle,0,0,-28,press_SPACE_to_start,33,33,12,21,5,3,0,1,1,5,131.640515,32,0,4,1,0,5,1,-0.515625,30.171875,14.828125,1903.000000,2398.000000,0,,,,,,,,two_tangents_not_visible,,,,,,,0,0,0,0,0,0,,945.750000,,204.194135,,,,,0,,0,,,-63.785293,4,107.090331,97.659956,-63.785293,,,0,0,0,0,
20.066567,1785250063.457406044,idle,0,0,-28,press_SPACE_to_start,30,30,9,21,5,3,0,1,1,7,121.690885,33,0,4,1,0,5,1,-0.515625,30.171875,14.828125,1903.000000,2398.000000,0,,,,,,,,two_tangents_not_visible,,,,,,,0,0,0,0,0,0,,942.000000,,218.656365,,,,,0,,0,,,-60.771073,5,149.063087,318.975173,-60.771073,,,0,0,0,0,
20.154418,1785250063.568571806,idle,0,0,-28,press_SPACE_to_start,26,26,8,18,5,3,0,1,1,5,133.533096,34,0,4,1,0,5,1,-0.515625,30.171875,14.828125,1903.000000,2398.000000,0,,,,,,,,two_tangents_not_visible,,,,,,,0,0,0,0,0,0,,945.250000,,206.853926,,,,,0,,0,,,-61.745423,4,102.580073,108.178917,-61.745423,,,0,0,0,0,
20.241749,1785250063.682751894,idle,0,0,-28,press_SPACE_to_start,32,32,10,22,5,3,0,1,1,7,116.534005,35,0,4,1,0,5,1,-0.593750,30.171875,14.789062,1902.750000,2398.000000,0,,,,,,,,two_tangents_not_visible,,,,,,,0,0,0,0,0,0,,941.750000,,214.849397,,,,,0,,0,,,-65.058157,5,130.785883,198.264689,-65.058157,,,0,0,0,0,
20.328960,1785250063.797402143,idle,0,0,-28,press_SPACE_to_start,36,36,12,24,5,3,0,1,1,7,126.798414,36,0,4,1,0,5,1,-0.593750,30.171875,14.789062,1902.750000,2398.000000,0,,,,,,,,two_tangents_not_visible,,,,,,,0,0,0,0,0,0,,948.000000,,227.083641,,,,,0,,0,,,-61.962382,6,154.994545,621.244993,-61.962382,,,0,0,0,0,
20.418165,1785250063.797402143,idle,0,0,-28,press_SPACE_to_start,36,36,12,24,5,3,0,1,1,7,126.798414,36,0,4,1,0,5,1,-0.593750,30.171875,14.789062,1902.750000,2398.000000,0,,,,,,,,two_tangents_not_visible,,,,,,,0,0,0,0,0,0,,948.000000,,227.083641,,,,,0,,0,,,-61.962382,6,154.994545,621.244993,-61.962382,,,0,0,0,0,
20.508272,1785250063.912142038,idle,0,0,-28,press_SPACE_to_start,30,30,7,23,5,2,0,1,1,6,138.182416,37,0,4,1,0,5,1,-0.687500,32.031250,15.671875,1896.750000,2369.000000,0,,,,,,,,two_tangents_not_visible,,,,,,,0,0,0,0,0,0,,949.250000,,212.021105,,,,,0,,0,,,-61.510425,7,177.233243,258.900905,-61.510425,,,0,0,0,0,
20.601608,1785250064.026844978,idle,0,0,-28,press_SPACE_to_start,37,37,11,26,5,2,0,1,1,6,126.609116,38,0,4,1,0,5,1,-0.687500,32.031250,15.671875,1896.750000,2369.000000,0,,,,,,,,two_tangents_not_visible,,,,,,,0,0,0,0,0,0,,951.250000,,199.551845,,,,,0,,0,,,-62.184525,7,152.669359,175.159182,-62.184525,,,0,0,0,0,
20.690672,1785250064.141263962,idle,0,0,-28,press_SPACE_to_start,32,32,8,24,5,2,0,1,1,6,140.054072,39,0,4,1,0,5,1,-1.031250,31.265625,15.117188,1888.000000,2382.000000,0,,,,,,,,two_tangents_not_visible,,,,,,,0,0,0,0,0,0,,947.750000,,213.700999,,,,,0,,0,,,2.264541,7,226.156052,12.165407,2.264541,,,0,0,0,0,
20.780333,1785250064.141263962,idle,0,0,-28,press_SPACE_to_start,32,32,8,24,5,2,0,1,1,6,140.054072,39,0,4,1,0,5,1,-1.031250,31.265625,15.117188,1888.000000,2382.000000,0,,,,,,,,two_tangents_not_visible,,,,,,,0,0,0,0,0,0,,947.750000,,213.700999,,,,,0,,0,,,2.264541,7,226.156052,12.165407,2.264541,,,0,0,0,0,
20.871613,1785250064.256438017,idle,0,0,-28,press_SPACE_to_start,35,35,11,24,5,2,0,1,1,6,128.991560,40,0,4,1,0,5,1,-0.437500,30.359375,14.960938,1908.750000,2385.500000,0,,,,,,,,two_tangents_not_visible,,,,,,,0,0,0,0,0,0,,949.000000,,202.620958,,,,,0,,0,,,-3.806881,8,252.880102,21.082620,-3.806881,,,0,0,0,0,
20.962123,1785250064.370889902,idle,0,0,-28,press_SPACE_to_start,34,34,8,26,5,2,0,1,1,7,117.808210,41,0,4,1,0,5,1,-0.437500,30.359375,14.960938,1908.750000,2385.500000,0,,,,,,,,two_tangents_not_visible,,,,,,,0,0,0,0,0,0,,945.000000,,216.092640,,,,,0,,0,,,-51.871461,6,115.296943,272.939235,-51.871461,,,0,0,0,0,
21.051091,1785250064.485193014,idle,0,0,-28,press_SPACE_to_start,34,34,11,23,5,2,0,1,1,6,131.034155,42,0,4,1,0,5,1,-0.437500,30.218750,14.890625,1908.750000,2398.250000,0,,,,,,,,two_tangents_not_visible,,,,,,,0,0,0,0,0,0,,949.750000,,204.551942,,,,,0,,0,,,-5.132396,8,253.648242,20.893719,-5.132396,,,0,0,0,0,
21.143945,1785250064.600445032,idle,0,0,-28,press_SPACE_to_start,32,32,8,24,5,2,0,1,1,6,146.737793,43,0,4,1,0,5,1,-0.437500,30.218750,14.890625,1908.750000,2398.250000,0,,,,,,,,two_tangents_not_visible,,,,,,,0,0,0,0,0,0,,947.000000,,219.816961,,,,,0,,0,,,-48.862672,6,113.554310,201.722108,-48.862672,,,0,0,0,0,
21.232316,1785250064.600445032,idle,0,0,-28,press_SPACE_to_start,32,32,8,24,5,2,0,1,1,6,146.737793,43,0,4,1,0,5,1,-0.437500,30.218750,14.890625,1908.750000,2398.250000,0,,,,,,,,two_tangents_not_visible,,,,,,,0,0,0,0,0,0,,947.000000,,219.816961,,,,,0,,0,,,-48.862672,6,113.554310,201.722108,-48.862672,,,0,0,0,0,
21.319556,1785250064.714720964,idle,0,0,-28,press_SPACE_to_start,31,31,10,21,6,2,0,1,1,6,135.121142,44,0,4,1,0,5,1,-0.437500,30.218750,14.890625,1908.750000,2398.250000,0,,,,,,,,two_tangents_not_visible,,,,,,,0,0,0,0,0,0,,949.500000,,207.025926,,,,,0,,0,,,-3.707367,8,250.902039,13.061676,-3.707367,,,0,0,0,0,
21.408553,1785250064.830267906,idle,0,0,-28,press_SPACE_to_start,31,31,8,23,6,2,0,1,1,5,118.946804,45,0,4,1,0,5,1,-0.656250,30.218750,14.781250,1898.500000,2398.250000,0,,,,,,,,two_tangents_not_visible,,,,,,,0,0,0,0,0,0,,923.250000,,187.765738,,,,,0,,0,,,-39.470861,7,127.911483,92.489663,-39.470861,,,0,0,0,0,
21.497373,1785250064.940938950,idle,0,0,-28,press_SPACE_to_start,34,34,11,23,5,2,0,1,1,5,99.187070,46,0,4,1,0,5,1,-0.562500,30.218750,14.828125,1899.250000,2398.250000,0,,,,,,,,two_tangents_not_visible,,,,,,,0,0,0,0,0,0,,921.500000,,122.272800,,,,,0,,0,,,5.891683,8,297.370152,13.536978,5.891683,,,0,0,0,0,
21.586393,1785250065.055660963,idle,0,0,-28,press_SPACE_to_start,36,36,9,27,6,2,0,1,1,6,111.197089,47,0,4,1,0,5,1,-0.562500,30.921875,15.179688,1899.250000,2396.250000,0,,,,,,,,two_tangents_not_visible,,,,,,,0,0,0,0,0,0,,916.500000,,111.197089,,,,,0,,0,,,4.442423,9,294.913669,7.299119,4.442423,,,0,0,0,0,
21.680486,1785250065.055660963,idle,0,0,-28,press_SPACE_to_start,36,36,9,27,6,2,0,1,1,6,111.197089,47,0,4,1,0,5,1,-0.562500,30.921875,15.179688,1899.250000,2396.250000,0,,,,,,,,two_tangents_not_visible,,,,,,,0,0,0,0,0,0,,916.500000,,111.197089,,,,,0,,0,,,4.442423,9,294.913669,7.299119,4.442423,,,0,0,0,0,
21.769578,1785250065.170516014,idle,0,0,-28,press_SPACE_to_start,38,38,12,26,5,2,0,1,1,6,97.006686,48,0,4,1,0,5,1,-0.531250,30.265625,14.867188,1901.000000,2395.000000,0,,,,,,,,two_tangents_not_visible,,,,,,,0,0,0,0,0,0,,917.000000,,121.675700,,,,,0,,0,,,-26.224925,6,102.256096,1218.577618,-26.224925,,,0,0,0,0,
21.857880,1785250065.284626961,idle,0,0,-28,press_SPACE_to_start,34,34,9,25,6,2,0,1,1,5,108.834398,49,0,4,1,0,5,1,-0.531250,30.265625,14.867188,1901.000000,2395.000000,0,,,,,,,,two_tangents_not_visible,,,,,,,0,0,0,0,0,0,,917.500000,,108.834398,,,,,0,,0,,,4.358840,8,295.955282,5.987147,4.358840,,,0,0,0,0,
21.946702,1785250065.399089813,idle,0,0,-28,press_SPACE_to_start,37,37,12,25,6,2,0,1,1,6,99.968234,50,0,4,1,0,5,1,-0.531250,30.265625,14.867188,1901.000000,2395.000000,0,,,,,,,,two_tangents_not_visible,,,,,,,0,0,0,0,0,0,,920.250000,,124.593884,,,,,0,,0,,,-25.032277,7,120.603367,109.904126,-25.032277,,,0,0,0,0,
22.035419,1785250065.399089813,idle,0,0,-28,press_SPACE_to_start,37,37,12,25,6,2,0,1,1,6,99.968234,50,0,4,1,0,5,1,-0.531250,30.265625,14.867188,1901.000000,2395.000000,0,,,,,,,,two_tangents_not_visible,,,,,,,0,0,0,0,0,0,,920.250000,,124.593884,,,,,0,,0,,,-25.032277,7,120.603367,109.904126,-25.032277,,,0,0,0,0,
22.124603,1785250065.513720989,idle,0,0,-28,press_SPACE_to_start,31,31,9,22,6,2,0,1,1,5,112.770835,51,0,4,1,0,5,1,-0.531250,30.265625,14.867188,1901.000000,2395.000000,0,,,,,,,,two_tangents_not_visible,,,,,,,0,0,0,0,0,0,,921.250000,,112.770835,,,,,0,,0,,,-27.797367,6,102.318062,1218.567829,-27.797367,,,0,0,0,0,
22.218686,1785250065.629181862,idle,0,0,-28,press_SPACE_to_start,33,33,11,22,5,2,0,1,1,6,100.318527,52,0,4,1,0,5,1,-0.531250,30.265625,14.867188,1901.000000,2395.000000,0,,,,,,,,two_tangents_not_visible,,,,,,,0,0,0,0,0,0,,921.500000,,125.510040,,,,,0,,0,,,-27.830771,6,101.646824,574.280326,-27.830771,,,0,0,0,0,
22.306653,1785250065.743326902,idle,0,0,-28,press_SPACE_to_start,35,35,9,26,6,2,0,1,1,5,110.326145,53,0,4,1,0,5,1,-0.687500,30.937500,15.125000,1896.500000,2395.500000,0,,,,,,,,two_tangents_not_visible,,,,,,,0,0,0,0,0,0,,923.750000,,110.326145,,,,,0,,0,,,-24.049624,6,102.953274,664.204335,-24.049624,,,0,0,0,0,
22.396174,1785250065.858575106,idle,0,0,-28,press_SPACE_to_start,36,36,11,25,6,2,0,1,1,6,101.273410,54,0,4,1,0,5,1,-0.687500,30.937500,15.125000,1896.500000,2395.500000,0,,,,,,,,two_tangents_not_visible,,,,,,,0,0,0,0,0,0,,920.750000,,126.402837,,,,,0,,0,,,-25.538827,6,103.761269,366.561435,-25.538827,,,0,0,0,0,
22.484512,1785250065.858575106,idle,0,0,-28,press_SPACE_to_start,36,36,11,25,6,2,0,1,1,6,101.273410,54,0,4,1,0,5,1,-0.687500,30.937500,15.125000,1896.500000,2395.500000,0,,,,,,,,two_tangents_not_visible,,,,,,,0,0,0,0,0,0,,920.750000,,126.402837,,,,,0,,0,,,-25.538827,6,103.761269,366.561435,-25.538827,,,0,0,0,0,
22.573761,1785250065.973201990,idle,0,0,-28,press_SPACE_to_start,34,34,10,24,5,2,0,1,1,5,116.576298,55,0,4,1,0,5,1,-0.687500,30.937500,15.125000,1896.500000,2395.500000,0,,,,,,,,two_tangents_not_visible,,,,,,,0,0,0,0,0,0,,923.750000,,116.576298,,,,,0,,0,,,-26.242862,7,122.382564,270.410169,-26.242862,,,0,0,0,0,
22.662432,1785250066.086930990,idle,0,0,-28,press_SPACE_to_start,33,33,8,25,5,2,0,1,1,6,107.168898,56,0,4,1,0,5,1,-0.687500,30.937500,15.125000,1896.500000,2395.500000,0,,,,,,,,two_tangents_not_visible,,,,,,,0,0,0,0,0,0,,923.750000,,132.301998,,,,,0,,0,,,-28.114462,6,103.703321,810.430463,-28.114462,,,0,0,0,0,
22.755436,1785250066.201475143,idle,0,0,-28,press_SPACE_to_start,37,37,13,24,5,2,0,1,1,5,120.396122,57,0,4,1,0,5,1,-0.375000,30.937500,15.281250,1909.500000,2395.500000,0,,,,,,,,two_tangents_not_visible,,,,,,,0,0,0,0,0,0,,922.750000,,145.343988,,,,,0,,0,,,-37.466478,6,103.637781,287.672443,-37.466478,,,0,0,0,0,
22.842905,1785250066.201475143,idle,0,0,-28,press_SPACE_to_start,37,37,13,24,5,2,0,1,1,5,120.396122,57,0,4,1,0,5,1,-0.375000,30.937500,15.281250,1909.500000,2395.500000,0,,,,,,,,two_tangents_not_visible,,,,,,,0,0,0,0,0,0,,922.750000,,145.343988,,,,,0,,0,,,-37.466478,6,103.637781,287.672443,-37.466478,,,0,0,0,0,
22.932285,1785250066.316124916,idle,0,0,-28,press_SPACE_to_start,32,32,8,24,6,2,0,1,1,5,132.350490,58,0,4,1,0,5,1,-0.375000,31.250000,15.437500,1909.500000,2382.000000,0,,,,,,,,two_tangents_not_visible,,,,,,,0,0,0,0,0,0,,900.750000,,156.655500,,,,,0,,0,,,-42.152724,6,106.261822,1097.816382,-42.152724,,,0,0,0,0,
23.021465,1785250066.427889824,idle,0,0,-28,press_SPACE_to_start,33,33,12,21,6,2,0,1,1,4,120.758033,59,0,4,1,0,5,1,-0.375000,31.250000,15.437500,1909.500000,2382.000000,0,,,,,,,,two_tangents_not_visible,,,,,,,0,0,0,0,0,0,,855.000000,,142.495318,,,,,0,,0,,,20.353374,8,303.875834,5.994483,20.353374,,,0,0,0,0,
23.109077,1785250066.544084072,idle,0,0,-28,press_SPACE_to_start,33,33,10,23,7,2,0,1,0,0,,0,1,4,1,0,5,1,-0.375000,31.250000,15.437500,1909.500000,2382.000000,0,,,,,,,,two_tangents_not_visible,,,,,,,0,0,0,0,0,0,,758.750000,,123.188616,,,,,0,,0,,,-53.056876,6,166.144160,1042.907283,-53.056876,,,0,0,0,0,
23.196752,1785250066.657514095,idle,0,0,-28,press_SPACE_to_start,36,36,8,28,8,2,0,1,1,6,66.921203,1,0,4,1,0,5,1,-0.375000,31.171875,15.398438,1909.500000,2381.250000,0,,,,,,,,two_tangents_not_visible,,,,,,,0,0,0,0,0,0,,669.500000,,159.662688,,,,,0,,0,,,-52.998980,5,133.573436,773.296359,-52.998980,,,0,0,0,0,
23.290848,1785250066.657514095,idle,0,0,-28,press_SPACE_to_start,36,36,8,28,8,2,0,1,1,6,66.921203,1,0,4,1,0,5,1,-0.375000,31.171875,15.398438,1909.500000,2381.250000,0,,,,,,,,two_tangents_not_visible,,,,,,,0,0,0,0,0,0,,669.500000,,159.662688,,,,,0,,0,,,-52.998980,5,133.573436,773.296359,-52.998980,,,0,0,0,0,
23.379703,1785250066.771858931,idle,0,0,-28,press_SPACE_to_start,39,39,11,28,8,2,0,1,1,8,51.822597,2,0,4,1,1,5,1,-0.796875,31.171875,15.187500,1896.000000,2381.250000,0,,,,,,,,two_tangents_not_visible,,,,,,,0,0,0,0,0,0,,588.250000,,101.832559,,,,,0,,0,,,-54.028682,5,134.722855,2266.970207,-54.028682,,,0,0,0,0,
23.467581,1785250066.886178970,idle,0,0,-28,press_SPACE_to_start,30,30,7,23,8,2,0,1,1,8,55.320563,3,0,4,1,1,5,1,-0.796875,31.171875,15.187500,1896.000000,2381.250000,0,,,,,,,,two_tangents_not_visible,,,,,,,0,0,0,0,0,0,,532.000000,,71.596937,,,,,0,,0,,,13.857640,8,117.560344,72.769218,13.857640,,,0,0,0,0,
23.554938,1785250067.001405001,idle,0,0,-28,press_SPACE_to_start,35,35,10,25,7,2,0,1,1,7,47.174188,4,0,4,1,1,5,1,-0.078125,31.171875,15.546875,1923.500000,2381.250000,0,,,,,,,,two_tangents_not_visible,,,,,,,0,0,0,0,0,0,,519.000000,,76.573101,,,,,0,,0,,,16.841149,7,114.760317,48.933593,16.841149,,,0,0,0,0,
23.644333,1785250067.115482807,idle,0,0,-28,press_SPACE_to_start,29,29,9,20,13,2,0,1,1,5,38.922729,5,0,4,1,1,5,1,-0.078125,31.171875,15.546875,1923.500000,2381.250000,0,,,,,,,,two_tangents_not_visible,,,,,,,0,0,0,0,0,0,,515.750000,,38.922729,,,,,0,,0,,,,0,,,,,,0,0,0,0,
23.732808,1785250067.115482807,idle,0,0,-28,press_SPACE_to_start,29,29,9,20,13,2,0,1,1,5,38.922729,5,0,4,1,1,5,1,-0.078125,31.171875,15.546875,1923.500000,2381.250000,0,,,,,,,,two_tangents_not_visible,,,,,,,0,0,0,0,0,0,,515.750000,,38.922729,,,,,0,,0,,,,0,,,,,,0,0,0,0,
23.825913,1785250067.230498075,idle,0,0,-28,press_SPACE_to_start,31,31,8,23,8,2,0,1,1,8,31.644007,6,0,4,1,1,5,1,-0.078125,32.093750,16.007812,1923.500000,2378.250000,0,,,,,,,,two_tangents_not_visible,,,,,,,0,0,0,0,0,0,,511.500000,,31.644007,,,,,0,,0,,,9.240193,11,205.753049,91.267346,9.240193,,,0,0,0,0,
23.913411,1785250067.344455957,idle,0,0,-28,press_SPACE_to_start,37,37,10,27,5,3,0,1,1,7,10.657472,7,0,4,1,1,5,1,-0.078125,31.640625,15.781250,1923.500000,2378.250000,0,,,,,,,,two_tangents_not_visible,,,,,,,0,0,0,0,0,0,,511.250000,,23.136116,,,,,0,,0,,,-54.707249,12,344.511466,585.932074,-54.707249,,,0,0,0,0,
24.001897,1785250067.459049940,idle,0,0,-28,press_SPACE_to_start,34,34,9,25,5,3,0,1,1,6,-12.631807,8,0,4,1,1,5,1,1.609375,24.328125,12.968750,1979.750000,2385.000000,0,,,,,,,,two_tangents_not_visible,,,,,,,0,0,0,0,0,0,,515.250000,,1.826660,,,,,0,,0,,,-55.104662,12,351.454307,819.544628,-55.104662,,,0,0,0,0,
24.090497,1785250067.459049940,idle,0,0,-28,press_SPACE_to_start,34,34,9,25,5,3,0,1,1,6,-12.631807,8,0,4,1,1,5,1,1.609375,24.328125,12.968750,1979.750000,2385.000000,0,,,,,,,,two_tangents_not_visible,,,,,,,0,0,0,0,0,0,,515.250000,,1.826660,,,,,0,,0,,,-55.104662,12,351.454307,819.544628,-55.104662,,,0,0,0,0,
24.177684,1785250067.574054003,idle,0,0,-28,press_SPACE_to_start,34,34,7,27,7,3,0,1,1,8,-65.897105,9,0,4,1,1,5,1,1.609375,24.328125,12.968750,1979.750000,2385.000000,0,,,,,,,,two_tangents_not_visible,,,,,,,0,0,0,0,0,0,,524.500000,,11.584908,,,,,0,,0,,,-54.516478,13,380.357926,667.994316,-54.516478,,,0,0,0,0,
24.264780,1785250067.688950062,idle,0,0,-28,press_SPACE_to_start,38,38,13,25,8,2,0,1,0,0,,0,1,4,1,1,5,1,1.609375,24.328125,12.968750,1979.750000,2385.000000,0,,,,,,,,two_tangents_not_visible,,,,,,,0,0,0,0,0,0,,599.500000,,-100.396955,,,,,0,,0,,,-54.473496,13,389.897363,888.139807,-54.473496,,,0,0,0,0,
24.358015,1785250067.800055981,idle,0,0,-28,press_SPACE_to_start,34,34,11,23,8,2,0,1,0,0,,0,2,4,1,0,5,1,1.609375,24.328125,12.968750,1979.750000,2385.000000,0,,,,,,,,two_tangents_not_visible,,,,,,,0,0,0,0,0,0,,1050.750000,,342.903432,,,,,0,,0,,,-54.461732,13,383.675569,661.904303,-54.461732,,,0,0,0,0,
24.446330,1785250067.914841175,idle,0,0,-28,press_SPACE_to_start,36,36,11,25,6,2,0,0,0,0,,0,3,4,1,0,5,1,1.625000,24.328125,12.976562,1979.750000,2385.000000,0,,,,,,,,two_tangents_not_visible,,,,,,,0,0,0,0,0,0,,1047.250000,,354.152063,,,,,0,,0,,,-54.893622,12,353.732458,824.632660,-54.893622,,,0,0,0,0,
24.534599,1785250067.914841175,idle,0,0,-28,press_SPACE_to_start,36,36,11,25,6,2,0,0,1,3,306.239545,0,3,4,1,0,5,1,1.625000,24.328125,12.976562,1979.750000,2385.000000,0,,,,,,,,two_tangents_not_visible,,,,,,,0,0,0,0,0,0,,1047.250000,,354.152063,,,,,0,,0,,,-54.893622,12,353.732458,824.632660,-54.893622,,,0,0,0,0,
24.624523,1785250068.030000210,idle,0,0,-28,press_SPACE_to_start,34,34,9,25,7,2,0,0,1,3,295.350034,1,0,4,1,0,5,1,1.625000,31.500000,16.562500,1979.750000,2380.250000,0,,,,,,,,two_tangents_not_visible,,,,,,,0,0,0,0,0,0,,1050.500000,,342.280205,,,,,0,,0,,,-54.314226,13,384.462267,685.276859,-54.314226,,,0,0,0,0,
24.711787,1785250068.144701004,idle,0,0,-28,press_SPACE_to_start,37,37,12,25,6,2,0,1,1,3,288.156766,2,0,5,1,0,5,1,1.625000,31.500000,16.562500,1979.750000,2380.250000,0,,,,,,,,two_tangents_not_visible,,,,,,,0,0,0,0,0,0,,1059.250000,,334.186779,,,,,0,,0,,,-54.504265,13,391.621732,954.016354,-54.504265,,,0,0,0,0,
24.800816,1785250068.259048939,idle,0,0,-28,press_SPACE_to_start,31,31,8,23,5,2,0,1,1,3,301.119196,3,0,5,1,0,5,1,1.625000,31.296875,16.460938,1979.750000,2379.000000,0,,,,,,,,two_tangents_not_visible,,,,,,,0,0,0,0,0,0,,1049.000000,,346.385587,,,,,0,,0,,,-54.198981,13,378.013261,596.331595,-54.198981,,,0,0,0,0,
24.895284,1785250068.259048939,idle,0,0,-28,press_SPACE_to_start,31,31,8,23,5,2,0,1,1,3,301.119196,3,0,5,1,0,5,1,1.625000,31.296875,16.460938,1979.750000,2379.000000,0,,,,,,,,two_tangents_not_visible,,,,,,,0,0,0,0,0,0,,1049.000000,,346.385587,,,,,0,,0,,,-54.198981,13,378.013261,596.331595,-54.198981,,,0,0,0,0,
24.984040,1785250068.374017954,idle,0,0,-28,press_SPACE_to_start,38,38,11,27,5,2,0,1,1,3,288.765954,4,0,5,1,0,5,1,1.625000,31.296875,16.460938,1979.750000,2379.000000,0,,,,,,,,two_tangents_not_visible,,,,,,,0,0,0,0,0,0,,1057.500000,,332.539828,,,,,0,,0,,,-54.335708,13,390.292003,901.223829,-54.335708,,,0,0,0,0,
25.073657,1785250068.488511086,idle,0,0,-28,press_SPACE_to_start,30,30,7,23,5,2,0,1,1,3,297.244972,5,0,5,1,0,5,1,-0.812500,31.296875,15.242188,1895.250000,2379.000000,0,,,,,,,,two_tangents_not_visible,,,,,,,0,0,0,0,0,0,,1050.250000,,344.364186,,,,,0,,0,,,-54.468605,13,381.070301,612.916674,-54.468605,,,0,0,0,0,
25.161930,1785250068.602352858,idle,0,0,-28,press_SPACE_to_start,38,38,12,26,5,2,0,1,1,3,308.197897,6,0,5,1,0,5,1,-0.031250,31.296875,15.632812,1923.750000,2379.000000,0,,,,,,,,two_tangents_not_visible,,,,,,,0,0,0,0,0,0,,1044.750000,,354.110888,,,,,0,,0,,,-54.591680,12,348.643762,816.204276,-54.591680,,,0,0,0,0,
25.250930,1785250068.716769934,idle,0,0,-28,press_SPACE_to_start,37,37,12,25,5,2,0,1,1,3,295.922961,7,0,5,1,0,5,1,-0.031250,31.296875,15.632812,1923.750000,2379.000000,0,,,,,,,,two_tangents_not_visible,,,,,,,0,0,0,0,0,0,,1050.250000,,341.657134,,,,,0,,0,,,-54.460836,13,384.462267,629.488074,-54.460836,,,0,0,0,0,
25.340381,1785250068.716769934,idle,0,0,-28,press_SPACE_to_start,37,37,12,25,5,2,0,1,1,3,295.922961,7,0,5,1,0,5,1,-0.031250,31.296875,15.632812,1923.750000,2379.000000,0,,,,,,,,two_tangents_not_visible,,,,,,,0,0,0,0,0,0,,1050.250000,,341.657134,,,,,0,,0,,,-54.460836,13,384.462267,629.488074,-54.460836,,,0,0,0,0,
25.434262,1785250068.831450939,idle,0,0,-28,press_SPACE_to_start,36,36,10,26,5,2,0,1,1,3,307.988552,8,0,5,1,0,5,1,-0.015625,19.281250,9.632812,1924.250000,2504.500000,0,,,,,,,,two_tangents_not_visible,,,,,,,0,0,0,0,0,0,,1045.000000,,355.267856,,,,,0,,0,,,-54.690148,12,350.518308,786.513458,-54.690148,,,0,0,0,0,
25.523389,1785250068.946074963,idle,0,0,-28,press_SPACE_to_start,35,35,12,23,5,2,0,1,1,3,297.095706,9,0,5,1,0,5,1,-0.015625,19.390625,9.687500,1924.250000,2500.750000,0,,,,,,,,two_tangents_not_visible,,,,,,,0,0,0,0,0,0,,1050.250000,,344.093596,,,,,0,,0,,,-54.496704,13,381.133135,568.911093,-54.496704,,,0,0,0,0,
25.611183,1785250069.061738014,idle,0,0,-28,press_SPACE_to_start,35,35,10,25,5,2,0,1,1,3,307.156457,10,0,5,1,0,5,1,0.015625,19.390625,9.703125,1925.000000,2500.750000,0,,,,,,,,two_tangents_not_visible,,,,,,,0,0,0,0,0,0,,1047.000000,,354.873510,,,,,0,,0,,,-55.075672,12,351.068855,812.336288,-55.075672,,,0,0,0,0,
25.699140,1785250069.061738014,idle,0,0,-28,press_SPACE_to_start,35,35,10,25,5,2,0,1,1,3,307.156457,10,0,5,1,0,5,1,0.015625,19.390625,9.703125,1925.000000,2500.750000,0,,,,,,,,two_tangents_not_visible,,,,,,,0,0,0,0,0,0,,1047.000000,,354.873510,,,,,0,,0,,,-55.075672,12,351.068855,812.336288,-55.075672,,,0,0,0,0,
25.789428,1785250069.172826052,idle,0,0,-28,press_SPACE_to_start,36,36,11,25,5,2,0,1,1,3,295.131136,11,0,5,1,0,5,1,0.015625,24.328125,12.171875,1925.000000,2393.000000,0,,,,,,,,two_tangents_not_visible,,,,,,,0,0,0,0,0,0,,1050.500000,,340.383659,,,,,0,,0,,,-54.358475,13,383.268533,611.381110,-54.358475,,,0,0,0,0,
25.878520,1785250069.287610769,idle,0,0,-28,press_SPACE_to_start,33,33,9,24,5,2,0,1,1,3,306.381553,12,0,5,1,0,5,1,0.015625,24.328125,12.171875,1925.000000,2393.000000,0,,,,,,,,two_tangents_not_visible,,,,,,,0,0,0,0,0,0,,1047.000000,,352.992498,,,,,0,,0,,,-54.903540,12,350.434510,886.408802,-54.903540,,,0,0,0,0,
25.972881,1785250069.402112961,idle,0,0,-28,press_SPACE_to_start,33,33,9,24,5,2,0,1,1,3,295.990755,13,0,5,1,0,5,1,0.015625,31.515625,15.765625,1925.000000,2380.750000,0,,,,,,,,two_tangents_not_visible,,,,,,,0,0,0,0,0,0,,1050.500000,,342.280205,,,,,0,,0,,,-54.439381,13,383.978696,762.087829,-54.439381,,,0,0,0,0,
26.062679,1785250069.516586065,idle,0,0,-28,press_SPACE_to_start,38,38,12,26,5,2,0,1,1,3,289.214846,14,0,5,1,0,5,1,0.015625,31.609375,15.812500,1925.000000,2378.250000,0,,,,,,,,two_tangents_not_visible,,,,,,,0,0,0,0,0,0,,1057.750000,,333.713539,,,,,0,,0,,,-54.340805,13,389.510294,896.309108,-54.340805,,,0,0,0,0,
26.152426,1785250069.516586065,idle,0,0,-28,press_SPACE_to_start,38,38,12,26,5,2,0,1,1,3,289.214846,14,0,5,1,0,5,1,0.015625,31.609375,15.812500,1925.000000,2378.250000,0,,,,,,,,two_tangents_not_visible,,,,,,,0,0,0,0,0,0,,1057.750000,,333.713539,,,,,0,,0,,,-54.340805,13,389.510294,896.309108,-54.340805,,,0,0,0,0,
26.242200,1785250069.631263971,idle,0,0,-28,press_SPACE_to_start,35,35,8,27,5,2,0,1,1,3,302.187930,15,0,5,1,0,5,1,-0.843750,31.250000,15.203125,1895.500000,2379.750000,0,,,,,,,,two_tangents_not_visible,,,,,,,0,0,0,0,0,0,,1049.000000,,347.735387,,,,,0,,0,,,-54.224501,13,376.597295,665.140812,-54.224501,,,0,0,0,0,
26.330561,1785250069.745436907,idle,0,0,-28,press_SPACE_to_start,36,36,11,25,5,2,0,1,1,3,289.149220,16,0,5,1,0,5,1,-0.859375,31.250000,15.195312,1895.000000,2379.750000,0,,,,,,,,two_tangents_not_visible,,,,,,,0,0,0,0,0,0,,1057.750000,,334.534600,,,,,0,,0,,,-54.387866,13,388.650841,871.596149,-54.387866,,,0,0,0,0,
26.418718,1785250069.860121012,idle,0,0,-28,press_SPACE_to_start,35,35,12,23,5,2,0,1,1,3,295.704237,17,0,5,1,0,5,1,-0.828125,31.250000,15.210938,1893.500000,2379.750000,0,,,,,,,,two_tangents_not_visible,,,,,,,0,0,0,0,0,0,,1050.250000,,342.740261,,,,,0,,0,,,-54.578571,13,383.978696,671.649507,-54.578571,,,0,0,0,0,
26.513751,1785250069.974785089,idle,0,0,-28,press_SPACE_to_start,37,37,10,27,5,2,0,1,1,3,307.006975,18,0,5,1,0,5,1,0.046875,24.328125,12.187500,1925.750000,2346.750000,0,,,,,,,,two_tangents_not_visible,,,,,,,0,0,0,0,0,0,,1046.250000,,355.424478,,,,,0,,0,,,-54.881409,12,350.032501,674.742223,-54.881409,,,0,0,0,0,
26.602790,1785250069.974785089,idle,0,0,-28,press_SPACE_to_start,37,37,10,27,5,2,0,1,1,3,307.006975,18,0,5,1,0,5,1,0.046875,24.328125,12.187500,1925.750000,2346.750000,0,,,,,,,,two_tangents_not_visible,,,,,,,0,0,0,0,0,0,,1046.250000,,355.424478,,,,,0,,0,,,-54.881409,12,350.032501,674.742223,-54.881409,,,0,0,0,0,
26.691830,1785250070.089518070,idle,0,0,-28,press_SPACE_to_start,35,35,11,24,5,2,0,1,1,3,296.277251,19,0,5,1,0,5,1,0.046875,24.328125,12.187500,1925.750000,2346.750000,0,,,,,,,,two_tangents_not_visible,,,,,,,0,0,0,0,0,0,,1050.000000,,341.846562,,,,,0,,0,,,-54.441701,13,384.215488,754.866932,-54.441701,,,0,0,0,0,
26.780566,1785250070.203690052,idle,0,0,-28,press_SPACE_to_start,34,34,10,24,5,2,0,1,1,3,307.006975,20,0,5,1,0,5,1,0.046875,24.328125,12.187500,1925.750000,2346.750000,0,,,,,,,,two_tangents_not_visible,,,,,,,0,0,0,0,0,0,,1045.250000,,354.816656,,,,,0,,0,,,-54.753767,12,353.088422,777.062888,-54.753767,,,0,0,0,0,
26.869649,1785250070.318993807,idle,0,0,-28,press_SPACE_to_start,31,31,8,23,5,2,0,1,1,3,296.427873,21,0,5,1,0,5,1,0.046875,24.328125,12.187500,1925.750000,2346.750000,0,,,,,,,,two_tangents_not_visible,,,,,,,0,0,0,0,0,0,,1050.000000,,343.741137,,,,,0,,0,,,-54.498717,13,384.085689,642.310289,-54.498717,,,0,0,0,0,
26.958868,1785250070.318993807,idle,0,0,-28,press_SPACE_to_start,31,31,8,23,5,2,0,1,1,3,296.427873,21,0,5,1,0,5,1,0.046875,24.328125,12.187500,1925.750000,2346.750000,0,,,,,,,,two_tangents_not_visible,,,,,,,0,0,0,0,0,0,,1050.000000,,343.741137,,,,,0,,0,,,-54.498717,13,384.085689,642.310289,-54.498717,,,0,0,0,0,
27.053273,1785250070.433560133,idle,0,0,-28,press_SPACE_to_start,40,40,13,27,5,2,0,1,1,3,288.279563,22,0,5,1,0,5,1,0.046875,19.265625,9.656250,1925.750000,2483.000000,0,,,,,,,,two_tangents_not_visible,,,,,,,0,0,0,0,0,0,,1058.000000,,334.887370,,,,,0,,0,,,-54.394588,13,390.057356,920.398122,-54.394588,,,0,0,0,0,
27.141798,1785250070.548032045,idle,0,0,-28,press_SPACE_to_start,34,34,9,25,5,2,0,1,1,3,303.330402,23,0,5,1,0,5,1,-0.156250,31.562500,15.703125,1923.000000,2378.250000,0,,,,,,,,two_tangents_not_visible,,,,,,,0,0,0,0,0,0,,1048.500000,,348.648501,,,,,0,,0,,,-54.979183,12,353.931985,759.450544,-54.979183,,,0,0,0,0,
27.229823,1785250070.660057068,idle,0,0,-28,press_SPACE_to_start,40,40,12,28,5,2,0,1,1,3,292.228948,24,0,5,1,0,5,1,-0.156250,30.234375,15.039062,1923.000000,2399.250000,0,,,,,,,,two_tangents_not_visible,,,,,,,0,0,0,0,0,0,,1054.250000,,338.333017,,,,,0,,0,,,-54.575383,13,386.869084,751.510224,-54.575383,,,0,0,0,0,
27.319357,1785250070.774206877,idle,0,0,-28,press_SPACE_to_start,36,36,9,27,5,2,0,1,1,3,304.115812,25,0,5,1,0,5,1,-0.531250,30.234375,14.851562,1902.000000,2399.250000,0,,,,,,,,two_tangents_not_visible,,,,,,,0,0,0,0,0,0,,1052.250000,,351.789210,,,,,0,,0,,,-55.539917,12,355.138357,782.661887,-55.539917,,,0,0,0,0,
27.407310,1785250070.774206877,idle,0,0,-28,press_SPACE_to_start,36,36,9,27,5,2,0,1,1,3,304.115812,25,0,5,1,0,5,1,-0.531250,30.234375,14.851562,1902.000000,2399.250000,0,,,,,,,,two_tangents_not_visible,,,,,,,0,0,0,0,0,0,,1052.250000,,351.789210,,,,,0,,0,,,-55.539917,12,355.138357,782.661887,-55.539917,,,0,0,0,0,
27.496086,1785250070.888993979,idle,0,0,-28,press_SPACE_to_start,38,38,12,26,5,2,0,1,1,3,292.538488,26,0,5,1,0,5,1,-0.531250,30.234375,14.851562,1902.000000,2399.250000,0,,,,,,,,two_tangents_not_visible,,,,,,,0,0,0,0,0,0,,1052.500000,,337.771402,,,,,0,,0,,,-54.413891,13,387.669530,734.621248,-54.413891,,,0,0,0,0,
27.589540,1785250071.003031969,idle,0,0,-28,press_SPACE_to_start,33,33,8,25,5,2,0,1,1,3,305.535244,27,0,5,1,0,5,1,0.062500,30.234375,15.148438,1928.250000,2399.250000,0,,,,,,,,two_tangents_not_visible,,,,,,,0,0,0,0,0,0,,1047.000000,,354.336210,,,,,0,,0,,,-54.908166,12,353.095144,828.912103,-54.908166,,,0,0,0,0,
27.678405,1785250071.118674994,idle,0,0,-28,press_SPACE_to_start,31,31,9,22,5,2,0,1,1,3,297.095706,28,0,5,1,0,5,1,0.062500,30.234375,15.148438,1928.250000,2399.250000,0,,,,,,,,two_tangents_not_visible,,,,,,,0,0,0,0,0,0,,1050.000000,,343.199957,,,,,0,,0,,,-54.457092,13,381.682807,625.560925,-54.457092,,,0,0,0,0,
27.767360,1785250071.233281136,idle,0,0,-28,press_SPACE_to_start,35,35,10,25,5,2,0,1,1,3,309.746206,29,0,5,1,0,5,1,0.062500,30.953125,15.507812,1928.250000,2392.750000,0,,,,,,,,two_tangents_not_visible,,,,,,,0,0,0,0,0,0,,1045.250000,,357.228684,,,,,0,,0,,,-54.947841,12,348.474222,821.574154,-54.947841,,,0,0,0,0,
27.856819,1785250071.233281136,idle,0,0,-28,press_SPACE_to_start,35,35,10,25,5,2,0,1,1,3,309.746206,29,0,5,1,0,5,1,0.062500,30.953125,15.507812,1928.250000,2392.750000,0,,,,,,,,two_tangents_not_visible,,,,,,,0,0,0,0,0,0,,1045.250000,,357.228684,,,,,0,,0,,,-54.947841,12,348.474222,821.574154,-54.947841,,,0,0,0,0,
27.945770,1785250071.347141981,idle,0,0,-28,press_SPACE_to_start,30,30,8,22,5,2,0,1,1,3,296.932436,30,0,5,1,0,5,1,0.062500,31.531250,15.796875,1928.250000,2381.500000,0,,,,,,,,two_tangents_not_visible,,,,,,,0,0,0,0,0,0,,1049.750000,,343.388781,,,,,0,,0,,,-54.574179,13,382.112407,631.775582,-54.574179,,,0,0,0,0,
28.035030,1785250071.461913109,idle,0,0,-28,press_SPACE_to_start,36,36,10,26,5,2,0,1,1,3,307.850580,31,0,5,1,0,5,1,0.062500,31.531250,15.796875,1928.250000,2381.500000,0,,,,,,,,two_tangents_not_visible,,,,,,,0,0,0,0,0,0,,1045.500000,,354.901520,,,,,0,,0,,,-54.770593,12,349.409781,773.088478,-54.770593,,,0,0,0,0,
28.129675,1785250071.576958895,idle,0,0,-28,press_SPACE_to_start,33,33,6,27,5,2,0,1,1,3,298.672849,32,0,5,1,0,5,1,-0.875000,31.312500,15.218750,1893.500000,2377.000000,0,,,,,,,,two_tangents_not_visible,,,,,,,0,0,0,0,0,0,,1050.500000,,344.446158,,,,,0,,0,,,-54.513054,13,380.357926,675.472318,-54.513054,,,0,0,0,0,
28.218748,1785250071.576958895,idle,0,0,-28,press_SPACE_to_start,33,33,6,27,5,2,0,1,1,3,298.672849,32,0,5,1,0,5,1,-0.875000,31.312500,15.218750,1893.500000,2377.000000,0,,,,,,,,two_tangents_not_visible,,,,,,,0,0,0,0,0,0,,1050.500000,,344.446158,,,,,0,,0,,,-54.513054,13,380.357926,675.472318,-54.513054,,,0,0,0,0,
28.307521,1785250071.692072868,idle,0,0,-28,press_SPACE_to_start,37,37,10,27,5,2,0,1,1,3,287.119722,33,0,5,1,0,5,1,-0.937500,31.312500,15.187500,1891.250000,2377.000000,0,,,,,,,,two_tangents_not_visible,,,,,,,0,0,0,0,0,0,,1058.000000,,333.518611,,,,,0,,0,,,-54.268387,13,391.700069,733.558395,-54.268387,,,0,0,0,0,
28.395906,1785250071.805337191,idle,0,0,-28,press_SPACE_to_start,31,31,8,23,5,2,0,1,1,3,298.318802,34,0,5,1,0,5,1,-0.937500,31.312500,15.187500,1891.250000,2377.000000,0,,,,,,,,two_tangents_not_visible,,,,,,,0,0,0,0,0,0,,1050.500000,,344.987391,,,,,0,,0,,,-54.406770,13,381.723060,652.280866,-54.406770,,,0,0,0,0,
28.484963,1785250071.920074940,idle,0,0,-28,press_SPACE_to_start,35,35,10,25,5,2,0,1,1,3,309.184277,35,0,5,1,0,5,1,-0.109375,31.312500,15.601562,1924.250000,2377.000000,0,,,,,,,,two_tangents_not_visible,,,,,,,0,0,0,0,0,0,,1045.250000,,357.496555,,,,,0,,0,,,-54.951797,12,350.198425,747.839785,-54.951797,,,0,0,0,0,
28.572949,1785250072.032348871,idle,0,0,-28,press_SPACE_to_start,29,29,7,22,5,2,0,1,1,3,296.170263,36,0,5,1,0,5,1,-0.109375,31.312500,15.601562,1924.250000,2377.000000,0,,,,,,,,two_tangents_not_visible,,,,,,,0,0,0,0,0,0,,1050.500000,,343.363386,,,,,0,,0,,,-54.479035,13,382.170537,562.737973,-54.479035,,,0,0,0,0,
28.665733,1785250072.032348871,idle,0,0,-28,press_SPACE_to_start,29,29,7,22,5,2,0,1,1,3,296.170263,36,0,5,1,0,5,1,-0.109375,31.312500,15.601562,1924.250000,2377.000000,0,,,,,,,,two_tangents_not_visible,,,,,,,0,0,0,0,0,0,,1050.500000,,343.363386,,,,,0,,0,,,-54.479035,13,382.170537,562.737973,-54.479035,,,0,0,0,0,
28.754593,1785250072.146926165,idle,0,0,-28,press_SPACE_to_start,35,35,10,25,5,2,0,1,1,3,307.569402,37,0,5,1,0,5,1,-0.078125,32.125000,16.023438,1924.500000,2379.500000,0,,,,,,,,two_tangents_not_visible,,,,,,,0,0,0,0,0,0,,1047.000000,,354.604873,,,,,0,,0,,,-54.934902,12,349.879001,716.784177,-54.934902,,,0,0,0,0,
28.844240,1785250072.261557102,idle,0,0,-28,press_SPACE_to_start,28,28,7,21,5,2,0,1,1,3,298.101765,38,0,5,1,0,5,1,-0.078125,33.078125,16.500000,1924.500000,2362.750000,0,,,,,,,,two_tangents_not_visible,,,,,,,0,0,0,0,0,0,,1050.500000,,343.634117,,,,,0,,0,,,-54.425753,13,380.283072,692.407616,-54.425753,,,0,0,0,0,
28.932195,1785250072.376199007,idle,0,0,-28,press_SPACE_to_start,38,38,11,27,5,2,0,1,1,3,288.793795,39,0,5,1,0,5,1,-0.078125,32.109375,16.015625,1924.500000,2379.500000,0,,,,,,,,two_tangents_not_visible,,,,,,,0,0,0,0,0,0,,1058.000000,,334.613668,,,,,0,,0,,,-54.415102,13,389.197647,923.107556,-54.415102,,,0,0,0,0,
29.021546,1785250072.490633011,idle,0,0,-28,press_SPACE_to_start,33,33,9,24,5,2,0,1,1,3,302.048801,40,0,5,1,0,5,1,-0.078125,32.109375,16.015625,1924.500000,2379.500000,0,,,,,,,,two_tangents_not_visible,,,,,,,0,0,0,0,0,0,,1048.000000,,347.134244,,,,,0,,0,,,-54.847521,12,355.319911,851.745373,-54.847521,,,0,0,0,0,
29.111269,1785250072.490633011,idle,0,0,-28,press_SPACE_to_start,33,33,9,24,5,2,0,1,1,3,302.048801,40,0,5,1,0,5,1,-0.078125,32.109375,16.015625,1924.500000,2379.500000,0,,,,,,,,two_tangents_not_visible,,,,,,,0,0,0,0,0,0,,1048.000000,,347.134244,,,,,0,,0,,,-54.847521,12,355.319911,851.745373,-54.847521,,,0,0,0,0,
29.205743,1785250072.605196953,idle,0,0,-28,press_SPACE_to_start,37,37,12,25,5,2,0,1,1,3,293.335369,41,0,5,1,0,5,1,-0.078125,31.718750,15.820312,1924.500000,2378.750000,0,,,,,,,,two_tangents_not_visible,,,,,,,0,0,0,0,0,0,,1052.250000,,339.049748,,,,,0,,0,,,-54.516292,13,387.752342,792.087156,-54.516292,,,0,0,0,0,
29.293887,1785250072.719984055,idle,0,0,-28,press_SPACE_to_start,32,32,8,24,5,2,0,1,1,3,304.759342,42,0,5,1,0,5,1,-0.640625,31.718750,15.539062,1898.000000,2378.750000,0,,,,,,,,two_tangents_not_visible,,,,,,,0,0,0,0,0,0,,1047.000000,,353.798804,,,,,0,,0,,,-54.874289,12,352.074098,766.964197,-54.874289,,,0,0,0,0,
29.382073,1785250072.834380150,idle,0,0,-28,press_SPACE_to_start,34,34,12,22,5,2,0,1,1,3,294.995940,43,0,5,1,0,5,1,-0.640625,31.656250,15.507812,1898.000000,2378.750000,0,,,,,,,,two_tangents_not_visible,,,,,,,0,0,0,0,0,0,,1050.000000,,340.763388,,,,,0,,0,,,-54.378428,13,382.805150,607.382154,-54.378428,,,0,0,0,0,
29.469589,1785250072.834380150,idle,0,0,-28,press_SPACE_to_start,34,34,12,22,5,2,0,1,1,3,294.995940,43,0,5,1,0,5,1,-0.640625,31.656250,15.507812,1898.000000,2378.750000,0,,,,,,,,two_tangents_not_visible,,,,,,,0,0,0,0,0,0,,1050.000000,,340.763388,,,,,0,,0,,,-54.378428,13,382.805150,607.382154,-54.378428,,,0,0,0,0,
29.558784,1785250072.948693037,idle,0,0,-28,press_SPACE_to_start,32,32,8,24,5,2,0,1,1,3,305.888243,44,0,5,1,0,5,1,0.093750,31.656250,15.875000,1927.500000,2378.750000,0,,,,,,,,two_tangents_not_visible,,,,,,,0,0,0,0,0,0,,1047.000000,,353.261293,,,,,0,,0,,,-54.883549,12,351.839821,780.920249,-54.883549,,,0,0,0,0,
29.648969,1785250073.063072920,idle,0,0,-28,press_SPACE_to_start,36,36,10,26,6,2,0,1,1,3,292.759641,45,0,5,1,0,5,1,0.093750,30.203125,15.148438,1927.500000,2399.000000,0,,,,,,,,two_tangents_not_visible,,,,,,,0,0,0,0,0,0,,1053.500000,,338.092325,,,,,0,,0,,,-54.540826,13,385.157451,709.476142,-54.540826,,,0,0,0,0,
29.742111,1785250073.178431034,idle,0,0,-28,press_SPACE_to_start,36,36,9,27,5,2,0,1,1,6,109.632862,46,0,5,1,0,5,1,0.093750,30.203125,15.148438,1927.500000,2399.000000,0,,,,,,,,two_tangents_not_visible,,,,,,,0,0,0,0,0,0,,1048.250000,,346.677544,,,,,0,,0,,,-59.770548,15,749.198810,254.874510,-59.770548,,,0,0,0,0,
29.830596,1785250073.292965889,idle,0,0,-28,press_SPACE_to_start,39,39,11,28,7,2,0,1,1,6,88.226209,47,0,5,1,0,5,1,0.093750,30.203125,15.148438,1927.500000,2399.000000,0,,,,,,,,two_tangents_not_visible,,,,,,,0,0,0,0,0,0,,1058.000000,,335.161047,,,,,0,,0,,,-56.997669,16,766.327883,566.151460,-56.997669,,,0,0,0,0,
29.919994,1785250073.292965889,idle,0,0,-28,press_SPACE_to_start,39,39,11,28,7,2,0,1,1,6,88.226209,47,0,5,1,0,5,1,0.093750,30.203125,15.148438,1927.500000,2399.000000,0,,,,,,,,two_tangents_not_visible,,,,,,,0,0,0,0,0,0,,1058.000000,,335.161047,,,,,0,,0,,,-56.997669,16,766.327883,566.151460,-56.997669,,,0,0,0,0,
30.008841,1785250073.407763958,idle,0,0,-28,press_SPACE_to_start,30,30,9,21,5,2,0,1,1,5,101.321368,48,0,5,1,0,5,1,0.093750,30.203125,15.148438,1927.500000,2399.000000,0,,,,,,,,two_tangents_not_visible,,,,,,,0,0,0,0,0,0,,1050.500000,,344.716787,,,,,0,,0,,,-55.693479,15,728.172057,780.832879,-55.693479,,,0,0,0,0,
30.097522,1785250073.518224955,idle,0,0,-28,press_SPACE_to_start,35,35,11,24,5,2,0,1,1,5,83.272166,49,0,5,1,0,5,1,-0.578125,30.203125,14.812500,1902.250000,2399.000000,0,,,,,,,,two_tangents_not_visible,,,,,,,0,0,0,0,0,0,,1058.250000,,334.692735,,,,,0,,0,,,-54.287792,15,718.192113,685.872489,-54.287792,,,0,0,0,0,
30.186290,1785250073.633669853,idle,0,0,-28,press_SPACE_to_start,38,38,10,28,5,2,0,1,1,5,68.437629,50,0,5,1,0,5,1,-0.890625,31.187500,15.148438,1889.750000,2376.750000,0,,,,,,,,two_tangents_not_visible,,,,,,,0,0,0,0,0,0,,1048.000000,,347.943119,,,,,0,,0,,,-54.835355,12,355.866541,660.686496,-54.835355,,,0,0,0,0,
30.280008,1785250073.748314857,idle,0,0,-28,press_SPACE_to_start,38,38,12,26,6,2,0,1,1,5,45.883906,51,0,5,1,0,5,1,-0.890625,31.187500,15.148438,1889.750000,2378.750000,0,,,,,,,,two_tangents_not_visible,,,,,,,0,0,0,0,0,0,,1058.000000,,335.981929,,,,,0,,0,,,-41.497828,15,603.415613,29.086243,-41.497828,,,0,0,0,0,
30.367753,1785250073.748314857,idle,0,0,-28,press_SPACE_to_start,38,38,12,26,6,2,0,1,1,5,45.883906,51,0,5,1,0,5,1,-0.890625,31.187500,15.148438,1889.750000,2378.750000,0,,,,,,,,two_tangents_not_visible,,,,,,,0,0,0,0,0,0,,1058.000000,,335.981929,,,,,0,,0,,,-41.497828,15,603.415613,29.086243,-41.497828,,,0,0,0,0,
30.457457,1785250073.862226963,idle,0,0,-28,press_SPACE_to_start,30,30,9,21,6,2,0,1,1,7,-116.135586,52,0,5,1,0,5,1,-0.890625,31.187500,15.148438,1889.750000,2378.750000,0,,,,,,,,two_tangents_not_visible,,,,,,,0,0,0,0,0,0,,1009.000000,,-116.135586,,,,,0,,0,,,-27.463493,17,700.922970,8.522911,-27.463493,,,0,0,0,0,
30.546711,1785250073.976986170,idle,0,0,-28,press_SPACE_to_start,36,36,10,26,7,2,0,1,1,6,-29.677903,53,0,5,1,0,5,1,-0.031250,24.328125,12.148438,1925.000000,2405.000000,0,,,,,,,,two_tangents_not_visible,,,,,,,0,0,0,0,0,0,,981.000000,,-154.254856,,,,,0,,0,,,-42.951687,15,741.599209,98.972124,-42.951687,,,0,0,0,0,
30.635799,1785250074.091482878,idle,0,0,-28,press_SPACE_to_start,29,29,8,21,7,2,0,1,1,7,-166.997394,54,0,5,1,0,5,1,-0.031250,24.328125,12.148438,1925.000000,2405.000000,0,,,,,,,,two_tangents_not_visible,,,,,,,0,0,0,0,0,0,,973.750000,,-166.997394,,,,,0,,0,,,-33.086157,17,742.506627,10.893110,-33.086157,,,0,0,0,0,
30.724585,1785250074.091482878,idle,0,0,-28,press_SPACE_to_start,29,29,8,21,7,2,0,1,1,7,-166.997394,54,0,5,1,0,5,1,-0.031250,24.328125,12.148438,1925.000000,2405.000000,0,,,,,,,,two_tangents_not_visible,,,,,,,0,0,0,0,0,0,,973.750000,,-166.997394,,,,,0,,0,,,-33.086157,17,742.506627,10.893110,-33.086157,,,0,0,0,0,
30.817849,1785250074.207026005,idle,0,0,-28,press_SPACE_to_start,36,36,11,25,6,2,0,1,1,5,-57.188084,55,0,5,1,0,5,1,-0.031250,19.281250,9.625000,1925.000000,2482.000000,0,,,,,,,,two_tangents_not_visible,,,,,,,0,0,0,0,0,0,,1058.000000,,335.161047,,,,,0,,0,,,-37.401637,15,713.488332,28.494138,-37.401637,,,0,0,0,0,
30.906763,1785250074.321846008,idle,0,0,-28,press_SPACE_to_start,32,32,8,24,6,2,0,1,1,3,301.126332,56,0,5,1,0,5,1,-0.031250,19.281250,9.625000,1925.000000,2482.000000,0,,,,,,,,two_tangents_not_visible,,,,,,,0,0,0,0,0,0,,1048.500000,,346.490367,,,,,0,,0,,,-54.147533,13,378.074314,573.173733,-54.147533,,,0,0,0,0,
30.995170,1785250074.435939074,idle,0,0,-28,press_SPACE_to_start,40,40,14,26,6,2,0,1,1,3,290.120277,57,0,5,1,0,5,1,-0.031250,19.281250,9.625000,1925.000000,2482.000000,0,,,,,,,,two_tangents_not_visible,,,,,,,0,0,0,0,0,0,,1057.750000,,335.902538,,,,,0,,0,,,-54.638921,13,386.549924,684.948077,-54.638921,,,0,0,0,0,
31.084203,1785250074.550018072,idle,0,0,-28,press_SPACE_to_start,35,35,9,26,6,2,0,1,1,3,303.194737,58,0,5,1,0,5,1,-0.453125,31.234375,15.390625,1913.250000,2377.250000,0,,,,,,,,two_tangents_not_visible,,,,,,,0,0,0,0,0,0,,1052.000000,,351.705630,,,,,0,,0,,,-55.178155,12,355.346228,734.048188,-55.178155,,,0,0,0,0,
31.173783,1785250074.550018072,idle,0,0,-28,press_SPACE_to_start,35,35,9,26,6,2,0,1,1,3,303.194737,58,0,5,1,0,5,1,-0.453125,31.234375,15.390625,1913.250000,2377.250000,0,,,,,,,,two_tangents_not_visible,,,,,,,0,0,0,0,0,0,,1052.000000,,351.705630,,,,,0,,0,,,-55.178155,12,355.346228,734.048188,-55.178155,,,0,0,0,0,
31.263383,1785250074.665632963,idle,0,0,-28,press_SPACE_to_start,36,36,12,24,6,2,0,1,1,3,295.636508,59,0,5,1,0,5,1,-0.453125,31.234375,15.390625,1913.250000,2377.250000,0,,,,,,,,two_tangents_not_visible,,,,,,,0,0,0,0,0,0,,1050.250000,,341.115418,,,,,0,,0,,,-54.357468,13,382.880274,661.378280,-54.357468,,,0,0,0,0,
31.358042,1785250074.777000904,idle,0,0,-28,press_SPACE_to_start,34,34,10,24,6,2,0,1,1,3,309.184277,60,0,5,1,0,5,1,-0.109375,31.234375,15.562500,1923.750000,2377.250000,0,,,,,,,,two_tangents_not_visible,,,,,,,0,0,0,0,0,0,,1045.250000,,356.960787,,,,,0,,0,,,-54.922052,12,350.822379,726.369365,-54.922052,,,0,0,0,0,
31.445729,1785250074.891297102,idle,0,0,-28,press_SPACE_to_start,32,32,8,24,5,2,0,1,1,3,301.625459,61,0,5,1,0,5,1,-0.109375,31.640625,15.765625,1923.750000,2377.750000,0,,,,,,,,two_tangents_not_visible,,,,,,,0,0,0,0,0,0,,1048.000000,,347.673520,,,,,0,,0,,,-54.833412,12,357.050885,720.203920,-54.833412,,,0,0,0,0,
31.533783,1785250075.005928040,idle,0,0,-28,press_SPACE_to_start,41,41,13,28,5,2,0,1,1,3,292.826451,62,0,5,1,0,5,1,-0.109375,30.218750,15.054688,1923.750000,2399.250000,0,,,,,,,,two_tangents_not_visible,,,,,,,0,0,0,0,0,0,,1053.000000,,339.291408,,,,,0,,0,,,-54.563593,13,386.961618,697.987628,-54.563593,,,0,0,0,0,
31.623740,1785250075.005928040,idle,0,0,-28,press_SPACE_to_start,41,41,13,28,5,2,0,1,1,3,292.826451,62,0,5,1,0,5,1,-0.109375,30.218750,15.054688,1923.750000,2399.250000,0,,,,,,,,two_tangents_not_visible,,,,,,,0,0,0,0,0,0,,1053.000000,,339.291408,,,,,0,,0,,,-54.563593,13,386.961618,697.987628,-54.563593,,,0,0,0,0,
31.712848,1785250075.120272875,idle,0,0,-28,press_SPACE_to_start,36,36,9,27,5,2,0,1,1,3,304.826026,63,0,5,1,0,5,1,-0.109375,30.218750,15.054688,1923.750000,2399.250000,0,,,,,,,,two_tangents_not_visible,,,,,,,0,0,0,0,0,0,,1052.000000,,352.516654,,,,,0,,0,,,-55.482408,12,352.942302,903.742657,-55.482408,,,0,0,0,0,
31.801730,1785250075.235502005,idle,0,0,-28,press_SPACE_to_start,41,41,13,28,5,2,0,1,1,3,292.362173,64,0,5,1,0,5,1,-0.109375,30.218750,15.054688,1923.750000,2399.250000,0,,,,,,,,two_tangents_not_visible,,,,,,,0,0,0,0,0,0,,1054.250000,,337.788377,,,,,0,,0,,,-54.663013,13,386.395309,796.167009,-54.663013,,,0,0,0,0,
31.896256,1785250075.350277901,idle,0,0,-28,press_SPACE_to_start,36,36,10,26,5,2,0,1,1,3,304.045658,65,0,5,1,0,5,1,-0.500000,30.218750,14.859375,1903.000000,2399.250000,0,,,,,,,,two_tangents_not_visible,,,,,,,0,0,0,0,0,0,,1051.500000,,351.268204,,,,,0,,0,,,-55.244736,12,353.414594,843.298270,-55.244736,,,0,0,0,0,
31.985137,1785250075.350277901,idle,0,0,-28,press_SPACE_to_start,36,36,10,26,5,2,0,1,1,3,304.045658,65,0,5,1,0,5,1,-0.500000,30.218750,14.859375,1903.000000,2399.250000,0,,,,,,,,two_tangents_not_visible,,,,,,,0,0,0,0,0,0,,1051.500000,,351.268204,,,,,0,,0,,,-55.244736,12,353.414594,843.298270,-55.244736,,,0,0,0,0,
32.073690,1785250075.463850021,idle,0,0,-28,press_SPACE_to_start,41,41,12,29,5,2,0,1,1,3,292.295560,66,0,5,1,0,5,1,-0.500000,30.171875,14.835938,1903.000000,2398.750000,0,,,,,,,,two_tangents_not_visible,,,,,,,0,0,0,0,0,0,,1054.000000,,338.252786,,,,,0,,0,,,-54.578280,13,387.730077,780.723110,-54.578280,,,0,0,0,0,
32.163901,1785250075.579142809,idle,0,0,-28,press_SPACE_to_start,34,34,8,26,5,2,0,1,1,3,306.099473,67,0,5,1,0,5,1,0.046875,30.171875,15.109375,1926.500000,2398.750000,0,,,,,,,,two_tangents_not_visible,,,,,,,0,0,0,0,0,0,,1046.750000,,352.370671,,,,,0,,0,,,-54.882906,12,350.985869,927.627713,-54.882906,,,0,0,0,0,
32.251702,1785250075.693249941,idle,0,0,-28,press_SPACE_to_start,27,27,6,21,5,2,0,1,1,3,296.891142,68,0,5,1,0,5,1,0.046875,30.171875,15.109375,1926.500000,2398.750000,0,,,,,,,,two_tangents_not_visible,,,,,,,0,0,0,0,0,0,,1050.750000,,343.715896,,,,,0,,0,,,-54.415574,13,383.059671,613.126372,-54.415574,,,0,0,0,0,
32.340326,1785250075.807678938,idle,0,0,-28,press_SPACE_to_start,40,40,12,28,5,2,0,1,1,3,290.054191,69,0,5,1,0,5,1,0.046875,30.171875,15.109375,1926.500000,2398.750000,0,,,,,,,,two_tangents_not_visible,,,,,,,0,0,0,0,0,0,,1056.750000,,336.677841,,,,,0,,0,,,-54.510717,13,387.180944,784.849111,-54.510717,,,0,0,0,0,
32.434856,1785250075.807678938,idle,0,0,-28,press_SPACE_to_start,40,40,12,28,5,2,0,1,1,3,290.054191,69,0,5,1,0,5,1,0.046875,30.171875,15.109375,1926.500000,2398.750000,0,,,,,,,,two_tangents_not_visible,,,,,,,0,0,0,0,0,0,,1056.750000,,336.677841,,,,,0,,0,,,-54.510717,13,387.180944,784.849111,-54.510717,,,0,0,0,0,
32.523237,1785250075.922924042,idle,0,0,-28,press_SPACE_to_start,35,35,8,27,5,2,0,1,1,3,299.635338,70,0,5,1,0,5,1,0.046875,30.171875,15.109375,1926.500000,2398.750000,0,,,,,,,,two_tangents_not_visible,,,,,,,0,0,0,0,0,0,,1048.250000,,347.756457,,,,,0,,0,,,-54.076221,13,377.998153,563.790563,-54.076221,,,0,0,0,0,
32.611095,1785250076.038021088,idle,0,0,-28,press_SPACE_to_start,36,36,12,24,5,2,0,1,1,3,308.550534,71,0,5,1,0,5,1,0.046875,30.421875,15.234375,1926.500000,2384.000000,0,,,,,,,,two_tangents_not_visible,,,,,,,0,0,0,0,0,0,,1045.250000,,356.960787,,,,,0,,0,,,-54.923684,12,350.907889,748.105645,-54.923684,,,0,0,0,0,
32.700339,1785250076.148524046,idle,0,0,-28,press_SPACE_to_start,34,34,11,23,5,2,0,1,1,3,295.350034,72,0,5,1,0,5,1,-0.093750,30.421875,15.164062,1922.500000,2384.000000,0,,,,,,,,two_tangents_not_visible,,,,,,,0,0,0,0,0,0,,1050.250000,,340.844522,,,,,0,,0,,,-54.346770,13,384.376776,810.197031,-54.346770,,,0,0,0,0,
32.790045,1785250076.148524046,idle,0,0,-28,press_SPACE_to_start,34,34,11,23,5,2,0,1,1,3,295.350034,72,0,5,1,0,5,1,-0.093750,30.421875,15.164062,1922.500000,2384.000000,0,,,,,,,,two_tangents_not_visible,,,,,,,0,0,0,0,0,0,,1050.250000,,340.844522,,,,,0,,0,,,-54.346770,13,384.376776,810.197031,-54.346770,,,0,0,0,0,
32.879004,1785250076.263693094,idle,0,0,-28,press_SPACE_to_start,33,33,9,24,5,2,0,1,1,3,304.547606,73,0,5,1,0,5,1,-0.093750,30.421875,15.164062,1922.500000,2384.000000,0,,,,,,,,two_tangents_not_visible,,,,,,,0,0,0,0,0,0,,1047.000000,,352.992498,,,,,0,,0,,,-54.938233,12,352.225397,750.939067,-54.938233,,,0,0,0,0,
32.971915,1785250076.378298044,idle,0,0,-28,press_SPACE_to_start,39,39,12,27,5,2,0,1,1,3,292.183826,74,0,5,1,0,5,1,-0.093750,30.156250,15.031250,1922.500000,2399.250000,0,,,,,,,,two_tangents_not_visible,,,,,,,0,0,0,0,0,0,,1052.250000,,339.049748,,,,,0,,0,,,-54.377274,13,387.752342,817.212684,-54.377274,,,0,0,0,0,
33.059856,1785250076.493914127,idle,0,0,-28,press_SPACE_to_start,36,36,9,27,5,2,0,1,1,3,303.691952,75,0,5,1,0,5,1,-0.093750,30.156250,15.031250,1922.500000,2399.250000,0,,,,,,,,two_tangents_not_visible,,,,,,,0,0,0,0,0,0,,1051.500000,,351.808708,,,,,0,,0,,,-55.449539,12,354.194446,764.667865,-55.449539,,,0,0,0,0,
33.148005,1785250076.607306957,idle,0,0,-28,press_SPACE_to_start,36,36,13,23,5,2,0,1,1,3,295.502474,76,0,5,1,0,5,1,-0.578125,30.156250,14.789062,1902.750000,2399.250000,0,,,,,,,,two_tangents_not_visible,,,,,,,0,0,0,0,0,0,,1052.000000,,339.512320,,,,,0,,0,,,-54.637222,13,385.479528,776.417739,-54.637222,,,0,0,0,0,
33.237580,1785250076.607306957,idle,0,0,-28,press_SPACE_to_start,36,36,13,23,5,2,0,1,1,3,295.502474,76,0,5,1,0,5,1,-0.578125,30.156250,14.789062,1902.750000,2399.250000,0,,,,,,,,two_tangents_not_visible,,,,,,,0,0,0,0,0,0,,1052.000000,,339.512320,,,,,0,,0,,,-54.637222,13,385.479528,776.417739,-54.637222,,,0,0,0,0,
33.326668,1785250076.721534014,idle,0,0,-28,press_SPACE_to_start,34,34,10,24,5,2,0,1,1,3,309.112424,77,0,5,1,0,5,1,-0.578125,30.156250,14.789062,1902.750000,2399.250000,0,,,,,,,,two_tangents_not_visible,,,,,,,0,0,0,0,0,0,,1045.250000,,356.424913,,,,,0,,0,,,-54.919858,12,348.640364,811.484299,-54.919858,,,0,0,0,0,
33.413991,1785250076.836214066,idle,0,0,-28,press_SPACE_to_start,33,33,6,27,5,2,0,1,1,3,298.467104,78,0,5,1,0,5,1,-0.578125,30.156250,14.789062,1902.750000,2399.250000,0,,,,,,,,two_tangents_not_visible,,,,,,,0,0,0,0,0,0,,1050.500000,,346.340023,,,,,0,,0,,,-54.406330,13,380.416419,604.822458,-54.406330,,,0,0,0,0,
33.509848,1785250076.950784922,idle,0,0,-28,press_SPACE_to_start,38,38,11,27,5,2,0,1,1,3,288.859356,79,0,5,1,0,5,1,-0.781250,31.312500,15.265625,1895.500000,2374.500000,0,,,,,,,,two_tangents_not_visible,,,,,,,0,0,0,0,0,0,,1057.750000,,335.081850,,,,,0,,0,,,-54.434498,13,389.822839,1008.483601,-54.434498,,,0,0,0,0,
33.598591,1785250077.065633059,idle,0,0,-28,press_SPACE_to_start,36,36,9,27,5,2,0,1,1,3,301.341223,80,0,5,1,0,5,1,-0.781250,31.171875,15.195312,1895.500000,2376.500000,0,,,,,,,,two_tangents_not_visible,,,,,,,0,0,0,0,0,0,,1047.750000,,347.051435,,,,,0,,0,,,-54.950419,12,355.969200,688.020799,-54.950419,,,0,0,0,0,
33.687454,1785250077.065633059,idle,0,0,-28,press_SPACE_to_start,36,36,9,27,5,2,0,1,1,3,301.341223,80,0,5,1,0,5,1,-0.781250,31.171875,15.195312,1895.500000,2376.500000,0,,,,,,,,two_tangents_not_visible,,,,,,,0,0,0,0,0,0,,1047.750000,,347.051435,,,,,0,,0,,,-54.950419,12,355.969200,688.020799,-54.950419,,,0,0,0,0,
33.776298,1785250077.180326939,idle,0,0,-28,press_SPACE_to_start,40,40,13,27,5,2,0,1,1,3,289.254230,81,0,5,1,0,5,1,-0.312500,31.171875,15.429688,1914.750000,2376.500000,0,,,,,,,,two_tangents_not_visible,,,,,,,0,0,0,0,0,0,,1056.750000,,337.497228,,,,,0,,0,,,-54.563637,13,388.356165,791.178383,-54.563637,,,0,0,0,0,
33.865460,1785250077.295749903,idle,0,0,-28,press_SPACE_to_start,30,30,7,23,5,2,0,1,1,3,299.470532,82,0,5,1,0,5,1,-0.312500,31.171875,15.429688,1914.750000,2376.500000,0,,,,,,,,two_tangents_not_visible,,,,,,,0,0,0,0,0,0,,1050.750000,,345.610750,,,,,0,,0,,,-54.447991,13,379.568965,595.222436,-54.447991,,,0,0,0,0,
33.955124,1785250077.409526110,idle,0,0,-28,press_SPACE_to_start,33,33,9,24,5,2,0,1,1,3,310.163813,83,0,5,1,0,5,1,-0.312500,31.171875,15.429688,1914.750000,2376.500000,0,,,,,,,,two_tangents_not_visible,,,,,,,0,0,0,0,0,0,,1045.250000,,357.496555,,,,,0,,0,,,-55.009086,12,349.275584,720.207118,-55.009086,,,0,0,0,0,
34.048997,1785250077.409526110,idle,0,0,-28,press_SPACE_to_start,33,33,9,24,5,2,0,1,1,3,310.163813,83,0,5,1,0,5,1,-0.312500,31.171875,15.429688,1914.750000,2376.500000,0,,,,,,,,two_tangents_not_visible,,,,,,,0,0,0,0,0,0,,1045.250000,,357.496555,,,,,0,,0,,,-55.009086,12,349.275584,720.207118,-55.009086,,,0,0,0,0,
34.137795,1785250077.524811983,idle,0,0,-28,press_SPACE_to_start,26,26,6,20,5,2,0,1,1,3,297.759512,84,0,5,1,0,5,1,-0.312500,31.171875,15.429688,1914.750000,2376.500000,0,,,,,,,,two_tangents_not_visible,,,,,,,0,0,0,0,0,0,,1050.750000,,345.610750,,,,,0,,0,,,-54.336093,13,381.529135,641.170401,-54.336093,,,0,0,0,0,
34.226901,1785250077.635634899,idle,0,0,-28,press_SPACE_to_start,39,39,12,27,5,2,0,1,1,3,288.503976,85,0,5,1,0,5,1,-0.312500,30.453125,15.070312,1914.750000,2384.500000,0,,,,,,,,two_tangents_not_visible,,,,,,,0,0,0,0,0,0,,1057.750000,,335.081850,,,,,0,,0,,,-54.359001,13,388.881051,848.136677,-54.359001,,,0,0,0,0,
34.315242,1785250077.750640154,idle,0,0,-28,press_SPACE_to_start,34,34,8,26,5,2,0,1,1,3,303.054822,86,0,5,1,0,5,1,-0.328125,30.453125,15.062500,1915.250000,2384.500000,0,,,,,,,,two_tangents_not_visible,,,,,,,0,0,0,0,0,0,,1051.500000,,351.268204,,,,,0,,0,,,-55.337241,12,354.508288,807.457735,-55.337241,,,0,0,0,0,
34.404525,1785250077.865139961,idle,0,0,-28,press_SPACE_to_start,35,35,11,24,5,2,0,1,1,3,293.134546,87,0,5,1,1,5,1,-0.328125,30.453125,15.062500,1915.250000,2384.500000,0,,,,,,,,two_tangents_not_visible,,,,,,,0,0,0,0,0,0,572.500000,1051.750000,85.547236,340.245942,,,,,0,,0,,,-54.476718,13,387.138678,714.664596,-54.476718,,,0,0,0,0,
34.493966,1785250077.865139961,idle,0,0,-28,press_SPACE_to_start,35,35,11,24,5,2,0,1,1,3,293.134546,87,0,5,1,1,5,1,-0.328125,30.453125,15.062500,1915.250000,2384.500000,0,,,,,,,,two_tangents_not_visible,,,,,,,0,0,0,0,0,0,572.500000,1051.750000,85.547236,340.245942,,,,,0,,0,,,-54.476718,13,387.138678,714.664596,-54.476718,,,0,0,0,0,
34.588458,1785250077.980118990,idle,0,0,-28,press_SPACE_to_start,45,45,18,27,6,2,0,1,1,3,304.053259,88,0,5,1,1,5,1,1.796875,30.453125,16.125000,2000.500000,2384.500000,0,,,,,,,,two_tangents_not_visible,,,,,,,0,0,0,0,0,0,508.000000,1047.250000,147.862277,352.001085,,,,,0,12.991885,14,266.840128,8.562738,-54.900842,12,353.162180,764.566603,-54.900842,,,0,0,0,0,
34.678014,1785250078.095089912,idle,0,0,-28,press_SPACE_to_start,41,41,14,27,6,2,0,1,1,3,292.338256,89,0,5,1,1,5,1,1.796875,30.187500,15.992188,2000.500000,2399.500000,0,,,,,,,,two_tangents_not_visible,,,,,,,0,0,0,0,0,0,549.000000,1052.000000,171.500315,338.697594,,,,,0,,0,,,-54.445939,13,385.479528,730.655120,-54.445939,,,0,0,0,0,
34.766988,1785250078.208399057,idle,0,0,-28,press_SPACE_to_start,38,38,13,25,6,2,0,1,1,3,305.818475,90,0,5,1,1,5,1,1.796875,30.187500,15.992188,2000.500000,2399.500000,0,,,,,,,,two_tangents_not_visible,,,,,,,0,0,0,0,0,0,549.000000,1047.250000,176.470266,352.538987,,,,,0,9.121631,6,153.281657,10.978710,-54.984104,12,352.845454,897.523753,-54.984104,,,0,0,0,0,
34.856843,1785250078.323105097,idle,0,0,-28,press_SPACE_to_start,45,45,21,24,7,2,0,1,1,3,296.850177,91,0,5,1,1,5,1,1.796875,30.187500,15.992188,2000.500000,2399.500000,0,,,,,,,,two_tangents_not_visible,,,,,,,0,0,0,0,0,0,548.000000,1050.250000,181.375747,342.740261,,,,,0,77.983353,12,297.672031,42.397307,-54.519225,13,383.345051,763.563758,-54.519225,,,0,0,0,0,
34.946826,1785250078.323105097,idle,0,0,-28,press_SPACE_to_start,45,45,21,24,7,2,0,1,1,3,296.850177,91,0,5,1,1,5,1,1.796875,30.187500,15.992188,2000.500000,2399.500000,0,,,,,,,,two_tangents_not_visible,,,,,,,0,0,0,0,0,0,548.000000,1050.250000,181.375747,342.740261,,,,,0,77.983353,12,297.672031,42.397307,-54.519225,13,383.345051,763.563758,-54.519225,,,0,0,0,0,
35.036082,1785250078.438310862,idle,0,0,-28,press_SPACE_to_start,54,54,27,27,9,1,0,1,1,3,288.214135,92,0,5,1,1,5,1,1.796875,30.187500,15.992188,2000.500000,2399.500000,0,,,,,,,,two_tangents_not_visible,,,,,,,0,0,0,0,0,0,546.250000,1058.000000,186.408492,333.792412,,,,,0,50.612696,16,431.211215,88.112225,-54.317913,13,390.839826,719.581009,50.612696,,,0,0,0,0,
35.130792,1785250078.552379847,idle,0,0,-28,press_SPACE_to_start,53,53,26,27,8,3,0,1,1,3,300.488381,93,0,5,1,1,5,1,0.078125,30.187500,15.132812,1926.250000,2399.500000,0,,,,,,,,two_tangents_not_visible,,,,,,,0,0,0,0,0,0,541.500000,1048.250000,178.109180,346.137933,,,,,0,33.496225,12,165.673134,125.887832,-54.660447,12,355.946622,737.117796,-54.660447,,,0,0,0,0,
35.219715,1785250078.667813063,idle,0,0,-28,press_SPACE_to_start,49,49,19,30,9,2,0,1,1,3,291.208355,94,0,5,1,1,5,1,-6.562500,30.281250,11.859375,530.250000,2399.000000,0,,,,,,,,two_tangents_not_visible,,,,,,,0,0,0,0,0,0,,1054.500000,,337.596057,,,,,0,,0,,,-54.635355,13,387.648411,776.631534,-54.635355,,,0,0,0,0,
35.310549,1785250078.781734943,idle,0,0,-28,press_SPACE_to_start,41,41,15,26,11,2,0,1,1,3,306.876818,95,0,5,1,1,5,1,3.062500,30.281250,16.671875,588.250000,2399.000000,0,,,,,,,,two_tangents_not_visible,,,,,,,0,0,0,0,0,0,,1047.000000,,355.142121,,,,,0,,0,,,-55.063585,12,353.548349,825.205817,-55.063585,,,0,0,0,0,
35.400708,1785250078.781734943,idle,0,0,-28,press_SPACE_to_start,41,41,15,26,11,2,0,1,1,3,306.876818,95,0,5,1,1,5,1,3.062500,30.281250,16.671875,588.250000,2399.000000,0,,,,,,,,two_tangents_not_visible,,,,,,,0,0,0,0,0,0,,1047.000000,,355.142121,,,,,0,,0,,,-55.063585,12,353.548349,825.205817,-55.063585,,,0,0,0,0,
35.490952,1785250078.893682003,idle,0,0,-28,press_SPACE_to_start,36,36,10,26,7,2,0,1,1,3,297.896413,96,0,5,1,1,5,1,3.734375,30.281250,17.007812,595.750000,2399.000000,0,,,,,,,,two_tangents_not_visible,,,,,,,0,0,0,0,0,0,,1050.500000,,344.446158,,,,,0,,0,,,-54.414737,13,380.234745,623.012321,-54.414737,,,0,0,0,0,
35.581185,1785250079.009914160,idle,0,0,-28,press_SPACE_to_start,41,41,13,28,8,2,0,1,1,3,308.269555,97,0,5,1,1,5,1,4.718750,30.281250,17.500000,617.000000,2399.000000,0,,,,,,,,two_tangents_not_visible,,,,,,,0,0,0,0,0,0,,1045.000000,,356.071752,,,,,0,,0,,,-54.778878,12,348.874965,825.988675,-54.778878,,,0,0,0,0,
35.676626,1785250079.122328043,idle,0,0,-28,press_SPACE_to_start,40,40,9,31,7,2,0,1,1,3,293.765267,98,0,5,1,1,5,1,9.046875,30.281250,19.664062,677.000000,2399.000000,0,,,,,,,,two_tangents_not_visible,,,,,,,0,0,0,0,0,0,,1050.500000,,341.467552,,,,,0,,0,,,-54.356228,13,383.183597,588.522481,-54.356228,,,0,0,0,0,
35.765645,1785250079.237510920,idle,0,0,-28,press_SPACE_to_start,41,41,8,33,6,2,0,1,1,3,305.112278,99,0,5,1,0,5,1,11.640625,31.593750,21.617188,693.000000,2378.500000,0,,,,,,,,two_tangents_not_visible,,,,,,,0,0,0,0,0,0,,1047.000000,,352.454829,,,,,0,,0,,,-54.901657,12,353.479369,876.679543,-54.901657,,,0,0,0,0,
35.855262,1785250079.237510920,idle,0,0,-28,press_SPACE_to_start,41,41,8,33,6,2,0,1,1,3,305.112278,99,0,5,1,0,5,1,11.640625,31.593750,21.617188,693.000000,2378.500000,0,,,,,,,,two_tangents_not_visible,,,,,,,0,0,0,0,0,0,,1047.000000,,352.454829,,,,,0,,0,,,-54.901657,12,353.479369,876.679543,-54.901657,,,0,0,0,0,
35.943847,1785250079.351754904,idle,0,0,-28,press_SPACE_to_start,36,36,8,28,7,2,0,1,1,3,298.213785,100,0,5,1,0,5,1,9.046875,31.593750,20.320312,677.000000,2378.500000,0,,,,,,,,two_tangents_not_visible,,,,,,,0,0,0,0,0,0,,1050.250000,,343.281672,,,,,0,,0,,,-54.570761,13,381.712475,623.835125,-54.570761,,,0,0,0,0,
36.032898,1785250079.466815948,idle,0,0,-28,press_SPACE_to_start,46,46,12,34,8,1,0,1,1,3,289.755388,101,0,5,1,0,5,1,-96.578125,-18.703125,-57.640625,3189.250000,1635.750000,0,,,,,,,,two_tangents_not_visible,,,,,,,0,0,0,0,0,0,,1057.750000,,335.902538,,,,,0,,0,,,-54.617409,13,388.729411,854.874056,-54.617409,,,0,0,0,0,
36.121230,1785250079.581835985,idle,0,0,-28,press_SPACE_to_start,37,37,9,28,9,1,0,1,1,3,301.990164,102,0,5,1,0,5,1,-96.578125,-19.078125,-57.828125,3189.250000,1644.000000,0,,,,,,,,two_tangents_not_visible,,,,,,,0,0,0,0,0,0,,1051.250000,,350.103623,,,,,0,,0,,,-55.150814,12,356.063163,713.553221,-55.150814,,,0,0,0,0,
36.215351,1785250079.581835985,idle,0,0,-28,press_SPACE_to_start,37,37,9,28,9,1,0,1,1,3,301.990164,102,0,5,1,0,5,1,-96.578125,-19.078125,-57.828125,3189.250000,1644.000000,0,,,,,,,,two_tangents_not_visible,,,,,,,0,0,0,0,0,0,,1051.250000,,350.103623,,,,,0,,0,,,-55.150814,12,356.063163,713.553221,-55.150814,,,0,0,0,0,
36.304220,1785250079.695372105,idle,0,0,-28,press_SPACE_to_start,37,37,11,26,9,1,0,1,1,3,292.405000,103,0,5,1,0,5,1,-96.312500,-19.078125,-57.695313,3196.000000,1644.000000,0,,,,,,,,two_tangents_not_visible,,,,,,,0,0,0,0,0,0,,1052.500000,,337.771402,,,,,0,,0,,,-54.380706,13,386.418963,752.948402,-54.380706,,,0,0,0,0,
36.392545,1785250079.810952902,idle,0,0,-28,press_SPACE_to_start,39,39,12,27,7,1,0,1,1,4,278.549730,104,0,5,1,0,5,1,-96.312500,-19.078125,-57.695313,3196.000000,1644.000000,0,,,,,,,,two_tangents_not_visible,,,,,,,0,0,0,0,0,0,,1050.250000,,350.580654,,,,,0,,0,,,-54.444880,13,394.325267,758.408486,-54.444880,,,0,0,0,0,
36.478300,1785250079.925075054,idle,0,0,-28,press_SPACE_to_start,31,31,7,24,8,1,0,1,1,6,226.449627,105,0,5,1,0,5,1,-95.296875,-19.078125,-57.187500,3165.750000,1644.000000,0,,,,,,,,two_tangents_not_visible,,,,,,,0,0,0,0,0,0,,1018.750000,,347.388549,,,,,0,,0,,,-50.859312,12,365.884534,589.280926,-50.859312,,,0,0,0,0,
36.567101,1785250079.925075054,idle,0,0,-28,press_SPACE_to_start,31,31,7,24,8,1,0,1,1,6,226.449627,105,0,5,1,0,5,1,-95.296875,-19.078125,-57.187500,3165.750000,1644.000000,0,,,,,,,,two_tangents_not_visible,,,,,,,0,0,0,0,0,0,,1018.750000,,347.388549,,,,,0,,0,,,-50.859312,12,365.884534,589.280926,-50.859312,,,0,0,0,0,
36.657187,1785250080.040573835,idle,0,0,-28,press_SPACE_to_start,25,25,5,20,7,2,0,1,1,8,146.602917,106,0,5,1,0,5,1,35.640625,54.937500,45.289062,1420.250000,911.000000,0,,,,,,,,two_tangents_not_visible,,,,,,,0,0,0,0,0,0,,1005.250000,,325.462365,,,,,0,,0,,,-44.944285,12,365.944833,826.801372,-44.944285,,,0,0,0,0,
36.750781,1785250080.154345036,idle,0,0,-28,press_SPACE_to_start,36,36,16,20,9,1,0,1,1,11,55.246846,107,0,5,1,0,5,1,-90.812500,-42.906250,-66.859375,3143.250000,1229.750000,0,,,,,,,,two_tangents_not_visible,,,,,,,0,0,0,0,0,0,,978.750000,,319.154526,,,,,0,61.128531,10,375.753238,2534.265651,-39.680039,12,365.611756,648.874614,61.128531,,,0,0,0,0,
36.838816,1785250080.269339800,idle,0,0,-28,press_SPACE_to_start,65,65,40,25,13,1,0,1,1,12,-73.799207,108,0,5,1,0,5,1,-90.812500,-70.500000,-80.656250,3143.250000,1207.500000,0,,,,,,,,two_tangents_not_visible,,,,,,,0,0,0,0,0,0,1207.500000,1005.500000,403.071783,249.632709,,,,,0,68.535075,24,849.396422,2732.039276,-33.128450,12,383.557733,773.906423,68.535075,,,0,0,0,0,
36.927879,1785250080.383667946,idle,0,0,-28,press_SPACE_to_start,74,74,41,33,11,3,0,1,1,11,-172.392750,109,0,5,1,0,5,1,27.187500,45.812500,36.500000,877.750000,1462.000000,0,,,,,,,,two_tangents_not_visible,,,,,,,0,0,0,0,0,0,,1024.750000,,141.510600,,,,,0,73.185072,26,725.879089,17414.782339,-27.726894,11,352.552651,1076.970409,73.185072,,,0,0,0,0,
37.016662,1785250080.383667946,idle,0,0,-28,press_SPACE_to_start,74,74,41,33,11,3,0,1,1,11,-172.392750,109,0,5,1,0,5,1,27.187500,45.812500,36.500000,877.750000,1462.000000,0,,,,,,,,two_tangents_not_visible,,,,,,,0,0,0,0,0,0,,1024.750000,,141.510600,,,,,0,73.185072,26,725.879089,17414.782339,-27.726894,11,352.552651,1076.970409,73.185072,,,0,0,0,0,
37.105985,1785250080.498021126,idle,0,0,-28,press_SPACE_to_start,69,69,39,30,22,1,0,1,1,7,-153.258112,110,0,5,1,0,5,1,-17.828125,13.500000,-2.164062,799.000000,712.500000,0,,,,,,,,two_tangents_not_visible,,,,,,,0,0,0,0,0,0,,1035.250000,,34.154599,,,,,0,74.589170,24,538.231995,4630.704430,-23.553570,7,202.922163,1064.193598,74.589170,,,0,0,0,0,
37.195596,1785250080.612517834,idle,0,0,-28,press_SPACE_to_start,69,69,40,29,29,3,0,1,1,4,-167.087494,111,0,5,1,0,5,1,33.296875,48.921875,41.109375,930.000000,1496.500000,0,,,,,,,,two_tangents_not_visible,,,,,,,0,0,0,0,0,0,,1045.250000,,-102.736087,,,,,0,73.416022,24,537.956046,2393.672131,78.228794,4,100.981146,1309.451125,74.176659,,,0,0,0,0,
37.289200,1785250080.727236032,idle,0,0,-28,press_SPACE_to_start,64,64,41,23,44,1,0,1,0,0,,0,1,5,1,1,5,1,33.296875,55.250000,44.273438,930.000000,1532.000000,0,,,,,,,,two_tangents_not_visible,,,,,,,0,0,0,0,0,0,,1644.500000,,280.263054,,,,,0,72.743483,25,553.424939,4547.162452,,0,,,72.743483,,,0,0,0,0,
37.378672,1785250080.842244148,idle,0,0,-28,press_SPACE_to_start,66,66,42,24,4,0,0,1,0,0,,0,2,5,1,1,5,0,,,,,,0,,,,,,,,two_tangents_not_visible,,,,,,,0,0,0,0,0,0,,1661.250000,,158.772800,,,,,0,73.382327,27,589.753139,12878.518974,77.569309,5,161.593517,3117.484467,74.282829,,,0,0,0,0,
37.429681,1785250080.842244148,idle,0,0,-28,press_SPACE_to_start,66,66,42,24,4,0,0,1,0,0,,0,2,5,1,1,5,0,,,,,,0,,,,,,,,two_tangents_not_visible,,,,,,,0,0,0,0,0,0,,1661.250000,,158.772800,,,,,0,73.382327,27,589.753139,12878.518974,77.569309,5,161.593517,3117.484467,74.282829,,,0,0,0,0,
37.480687,1785250080.842244148,idle,0,0,-28,press_SPACE_to_start,66,66,42,24,4,0,0,1,0,0,,0,2,5,1,1,5,0,,,,,,0,,,,,,,,two_tangents_not_visible,,,,,,,0,0,0,0,0,0,,1661.250000,,158.772800,,,,,0,73.382327,27,589.753139,12878.518974,77.569309,5,161.593517,3117.484467,74.282829,,,0,0,0,0,
37.531695,1785250080.963566065,idle,0,0,-28,press_SPACE_to_start,65,65,41,24,4,0,0,0,0,0,,0,3,5,1,1,5,0,,,,,,0,,,,,,,,two_tangents_not_visible,,,,,,,0,0,0,0,0,0,,1645.500000,,39.485375,,,,,0,73.029179,25,499.343096,6395.294568,76.663092,5,121.041800,1852.106748,73.738183,,,0,0,0,0,
37.582701,1785250080.963566065,idle,0,0,-28,press_SPACE_to_start,65,65,41,24,4,0,0,0,0,0,,0,3,5,1,1,5,0,,,,,,0,,,,,,,,two_tangents_not_visible,,,,,,,0,0,0,0,0,0,,1645.500000,,39.485375,,,,,0,73.029179,25,499.343096,6395.294568,76.663092,5,121.041800,1852.106748,73.738183,,,0,0,0,0,
37.633706,1785250081.068609953,idle,0,0,-28,press_SPACE_to_start,65,65,41,24,3,0,0,0,0,0,,0,4,5,1,1,5,0,,,,,,0,,,,,,,,two_tangents_not_visible,,,,,,,0,0,0,0,0,0,,1643.000000,,-34.497988,,,,,0,73.170488,26,621.159009,1029.324115,76.193577,5,116.872108,1693.968823,73.649214,,,0,0,0,0,
37.684715,1785250081.068609953,idle,0,0,-28,press_SPACE_to_start,65,65,41,24,3,0,0,0,0,0,,0,4,5,1,1,5,0,,,,,,0,,,,,,,,two_tangents_not_visible,,,,,,,0,0,0,0,0,0,,1643.000000,,-34.497988,,,,,0,73.170488,26,621.159009,1029.324115,76.193577,5,116.872108,1693.968823,73.649214,,,0,0,0,0,
37.735723,1785250081.182392120,idle,0,0,-28,press_SPACE_to_start,68,68,41,27,4,0,0,0,0,0,,0,5,5,1,1,5,0,,,,,,0,,,,,,,,two_tangents_not_visible,,,,,,,0,0,0,0,0,0,,1652.250000,,-116.603546,,,,,0,75.787299,26,615.328996,10253.426029,78.961317,6,151.658865,2664.928624,76.414907,,,0,0,0,0,
37.786205,1785250081.182392120,idle,0,0,-28,press_SPACE_to_start,68,68,41,27,4,0,0,0,0,0,,0,5,5,1,1,5,0,,,,,,0,,,,,,,,two_tangents_not_visible,,,,,,,0,0,0,0,0,0,,1652.250000,,-116.603546,,,,,0,75.787299,26,615.328996,10253.426029,78.961317,6,151.658865,2664.928624,76.414907,,,0,0,0,0,
37.836228,1785250081.296818018,idle,0,0,-28,press_SPACE_to_start,71,71,39,32,4,0,0,0,1,3,-211.509207,1,0,5,1,1,5,0,,,,,,0,,,,,,,,two_tangents_not_visible,,,,,,,0,0,0,0,0,0,,1659.000000,,-164.411313,,,,,0,77.064059,24,486.005066,20618.274618,79.006925,7,165.858865,3054.172579,77.558398,,,0,0,0,0,
37.887237,1785250081.296818018,idle,0,0,-28,press_SPACE_to_start,71,71,39,32,4,0,0,0,1,3,-211.509207,1,0,5,1,1,5,0,,,,,,0,,,,,,,,two_tangents_not_visible,,,,,,,0,0,0,0,0,0,,1659.000000,,-164.411313,,,,,0,77.064059,24,486.005066,20618.274618,79.006925,7,165.858865,3054.172579,77.558398,,,0,0,0,0,
37.938245,1785250081.296818018,idle,0,0,-28,press_SPACE_to_start,71,71,39,32,4,0,0,0,1,3,-211.509207,1,0,5,1,1,5,0,,,,,,0,,,,,,,,two_tangents_not_visible,,,,,,,0,0,0,0,0,0,,1659.000000,,-164.411313,,,,,0,77.064059,24,486.005066,20618.274618,79.006925,7,165.858865,3054.172579,77.558398,,,0,0,0,0,
37.988333,1785250081.421231031,idle,0,0,-28,press_SPACE_to_start,72,72,39,33,2,0,0,0,0,0,,0,1,5,1,1,5,0,,,,,,0,,,,,,,,two_tangents_not_visible,,,,,,,0,0,0,0,0,0,,1693.750000,,-247.610906,,,,,0,77.942749,24,550.216839,6189.374406,81.510210,9,308.984927,8201.059495,79.225674,,,0,0,0,0,
38.039343,1785250081.421231031,idle,0,0,-28,press_SPACE_to_start,72,72,39,33,2,0,0,0,0,0,,0,1,5,1,1,5,0,,,,,,0,,,,,,,,two_tangents_not_visible,,,,,,,0,0,0,0,0,0,,1693.750000,,-247.610906,,,,,0,77.942749,24,550.216839,6189.374406,81.510210,9,308.984927,8201.059495,79.225674,,,0,0,0,0,
38.090352,1785250081.527199984,idle,0,0,-28,press_SPACE_to_start,70,70,40,30,2,0,0,0,0,0,,0,2,5,1,1,5,0,,,,,,0,,,,,,,,two_tangents_not_visible,,,,,,,0,0,0,0,0,0,,,,,,,,,0,78.279802,25,549.386177,2578.827593,80.226214,8,202.043276,4372.012138,78.803150,,,0,0,0,0,
38.141360,1785250081.527199984,idle,0,0,-28,press_SPACE_to_start,70,70,40,30,2,0,0,0,0,0,,0,2,5,1,1,5,0,,,,,,0,,,,,,,,two_tangents_not_visible,,,,,,,0,0,0,0,0,0,,,,,,,,,0,78.279802,25,549.386177,2578.827593,80.226214,8,202.043276,4372.012138,78.803150,,,0,0,0,0,
38.192368,1785250081.640963078,idle,0,0,-28,press_SPACE_to_start,70,70,40,30,2,0,0,0,0,0,,0,3,5,1,1,5,0,,,,,,0,,,,,,,,two_tangents_not_visible,,,,,,,0,0,0,0,0,0,,,,,,,,,0,75.861891,25,574.120011,15051.712934,80.417490,9,272.042777,6880.312752,77.326524,,,0,0,0,0,
38.243027,1785250081.640963078,idle,0,0,-28,press_SPACE_to_start,70,70,40,30,2,0,0,0,0,0,,0,3,5,1,1,5,0,,,,,,0,,,,,,,,two_tangents_not_visible,,,,,,,0,0,0,0,0,0,,,,,,,,,0,75.861891,25,574.120011,15051.712934,80.417490,9,272.042777,6880.312752,77.326524,,,0,0,0,0,
38.293522,1785250081.755388975,idle,0,0,-28,press_SPACE_to_start,68,68,39,29,2,0,0,0,0,0,,0,4,5,1,1,5,0,,,,,,0,,,,,,,,two_tangents_not_visible,,,,,,,0,0,0,0,0,0,,1192.000000,,370.202709,,,,,0,77.113487,23,466.880781,19071.146671,78.796524,8,237.844634,2734.992662,77.681511,,,0,0,0,0,
38.344528,1785250081.755388975,idle,0,0,-28,press_SPACE_to_start,68,68,39,29,2,0,0,0,0,0,,0,4,5,1,1,5,0,,,,,,0,,,,,,,,two_tangents_not_visible,,,,,,,0,0,0,0,0,0,,1192.000000,,370.202709,,,,,0,77.113487,23,466.880781,19071.146671,78.796524,8,237.844634,2734.992662,77.681511,,,0,0,0,0,
38.395533,1785250081.755388975,idle,0,0,-28,press_SPACE_to_start,68,68,39,29,2,0,0,0,0,0,,0,4,5,1,1,5,0,,,,,,0,,,,,,,,two_tangents_not_visible,,,,,,,0,0,0,0,0,0,,1192.000000,,370.202709,,,,,0,77.113487,23,466.880781,19071.146671,78.796524,8,237.844634,2734.992662,77.681511,,,0,0,0,0,
38.446540,1785250081.874624014,idle,0,0,-28,press_SPACE_to_start,70,70,38,32,1,0,0,0,1,3,286.542263,1,0,5,1,1,5,0,,,,,,0,,,,,,,,two_tangents_not_visible,,,,,,,0,0,0,0,0,0,,1148.000000,,341.625472,,,,,0,75.937789,23,448.269427,4620.057641,78.676570,6,286.402030,2488.345172,77.005467,,,0,0,0,0,
38.497548,1785250081.874624014,idle,0,0,-28,press_SPACE_to_start,70,70,38,32,1,0,0,0,1,3,286.542263,1,0,5,1,1,5,0,,,,,,0,,,,,,,,two_tangents_not_visible,,,,,,,0,0,0,0,0,0,,1148.000000,,341.625472,,,,,0,75.937789,23,448.269427,4620.057641,78.676570,6,286.402030,2488.345172,77.005467,,,0,0,0,0,
38.548554,1785250081.985158920,idle,0,0,-28,press_SPACE_to_start,74,74,40,34,3,0,0,1,1,5,173.933594,2,0,6,1,1,5,0,,,,,,0,,,,,,,,two_tangents_not_visible,,,,,,,0,0,0,0,0,0,,1126.000000,,293.802395,,,,,0,77.150737,24,578.406155,3260.650428,83.620130,10,321.283552,9872.701157,79.460988,,,0,0,0,0,
38.599560,1785250081.985158920,idle,0,0,-28,press_SPACE_to_start,74,74,40,34,3,0,0,1,1,5,173.933594,2,0,6,1,1,5,0,,,,,,0,,,,,,,,two_tangents_not_visible,,,,,,,0,0,0,0,0,0,,1126.000000,,293.802395,,,,,0,77.150737,24,578.406155,3260.650428,83.620130,10,321.283552,9872.701157,79.460988,,,0,0,0,0,
38.650566,1785250082.096688032,idle,0,0,-28,press_SPACE_to_start,68,68,38,30,3,0,0,1,1,8,19.692512,3,0,6,1,1,5,0,,,,,,0,,,,,,,,two_tangents_not_visible,,,,,,,0,0,0,0,0,0,,1110.000000,,206.446863,,,,,0,79.554590,22,522.056578,8513.466244,-13.878193,8,259.232927,65.464354,79.554590,,,0,0,0,0,
38.701572,1785250082.096688032,idle,0,0,-28,press_SPACE_to_start,68,68,38,30,3,0,0,1,1,8,19.692512,3,0,6,1,1,5,0,,,,,,0,,,,,,,,two_tangents_not_visible,,,,,,,0,0,0,0,0,0,,1110.000000,,206.446863,,,,,0,79.554590,22,522.056578,8513.466244,-13.878193,8,259.232927,65.464354,79.554590,,,0,0,0,0,
38.752578,1785250082.211056948,idle,0,0,-28,press_SPACE_to_start,67,67,38,29,3,0,0,1,1,6,-5.215516,4,0,6,1,1,5,0,,,,,,0,,,,,,,,two_tangents_not_visible,,,,,,,0,0,0,0,0,0,,1107.750000,,118.795341,,,,,0,75.710259,23,455.803480,6821.659992,79.269444,6,248.530566,6521.050725,76.966149,,,0,0,0,0,
38.803585,1785250082.211056948,idle,0,0,-28,press_SPACE_to_start,67,67,38,29,3,0,0,1,1,6,-5.215516,4,0,6,1,1,5,0,,,,,,0,,,,,,,,two_tangents_not_visible,,,,,,,0,0,0,0,0,0,,1107.750000,,118.795341,,,,,0,75.710259,23,455.803480,6821.659992,79.269444,6,248.530566,6521.050725,76.966149,,,0,0,0,0,
38.854591,1785250082.325536966,idle,0,0,-28,press_SPACE_to_start,72,72,38,34,4,0,0,1,1,8,-128.319275,5,0,6,1,1,5,0,,,,,,0,,,,,,,,two_tangents_not_visible,,,,,,,0,0,0,0,0,0,,1112.250000,,-31.237763,,,,,0,74.891262,23,457.268714,14171.561936,2.167849,8,223.506537,83.298079,74.891262,,,0,0,0,0,
38.905598,1785250082.325536966,idle,0,0,-28,press_SPACE_to_start,72,72,38,34,4,0,0,1,1,8,-128.319275,5,0,6,1,1,5,0,,,,,,0,,,,,,,,two_tangents_not_visible,,,,,,,0,0,0,0,0,0,,1112.250000,,-31.237763,,,,,0,74.891262,23,457.268714,14171.561936,2.167849,8,223.506537,83.298079,74.891262,,,0,0,0,0,
38.956489,1785250082.325536966,idle,0,0,-28,press_SPACE_to_start,72,72,38,34,4,0,0,1,1,8,-128.319275,5,0,6,1,1,5,0,,,,,,0,,,,,,,,two_tangents_not_visible,,,,,,,0,0,0,0,0,0,,1112.250000,,-31.237763,,,,,0,74.891262,23,457.268714,14171.561936,2.167849,8,223.506537,83.298079,74.891262,,,0,0,0,0,
39.007498,1785250082.440024137,idle,0,0,-28,press_SPACE_to_start,70,70,38,32,4,0,0,1,1,6,-172.411871,6,0,6,1,1,5,0,,,,,,0,,,,,,,,two_tangents_not_visible,,,,,,,0,0,0,0,0,0,,1136.750000,,-139.150335,,,,,0,73.744103,23,442.068183,4782.913194,79.658383,7,246.225315,5887.345552,75.859836,,,0,0,0,0,
39.058506,1785250082.440024137,idle,0,0,-28,press_SPACE_to_start,70,70,38,32,4,0,0,1,1,6,-172.411871,6,0,6,1,1,5,0,,,,,,0,,,,,,,,two_tangents_not_visible,,,,,,,0,0,0,0,0,0,,1136.750000,,-139.150335,,,,,0,73.744103,23,442.068183,4782.913194,79.658383,7,246.225315,5887.345552,75.859836,,,0,0,0,0,
39.109512,1785250082.554702044,idle,0,0,-28,press_SPACE_to_start,70,70,39,31,3,0,0,1,1,3,-195.625328,7,0,6,1,1,5,0,,,,,,0,,,,,,,,two_tangents_not_visible,,,,,,,0,0,0,0,0,0,,1167.250000,,-162.765016,,,,,0,78.252883,23,557.041389,14304.358040,82.222760,8,200.441182,4248.708846,79.303371,,,0,0,0,0,
39.160518,1785250082.554702044,idle,0,0,-28,press_SPACE_to_start,70,70,39,31,3,0,0,1,1,3,-195.625328,7,0,6,1,1,5,0,,,,,,0,,,,,,,,two_tangents_not_visible,,,,,,,0,0,0,0,0,0,,1167.250000,,-162.765016,,,,,0,78.252883,23,557.041389,14304.358040,82.222760,8,200.441182,4248.708846,79.303371,,,0,0,0,0,
39.211528,1785250082.669625044,idle,0,0,-28,press_SPACE_to_start,67,67,39,28,2,0,0,1,0,0,,0,1,6,1,1,5,0,,,,,,0,,,,,,,,two_tangents_not_visible,,,,,,,0,0,0,0,0,0,,,,,,,,,0,78.912522,23,506.526257,22533.613231,82.102543,9,272.274459,6877.100809,80.027777,,,0,0,0,0,
39.262534,1785250082.669625044,idle,0,0,-28,press_SPACE_to_start,67,67,39,28,2,0,0,1,0,0,,0,1,6,1,1,5,0,,,,,,0,,,,,,,,two_tangents_not_visible,,,,,,,0,0,0,0,0,0,,,,,,,,,0,78.912522,23,506.526257,22533.613231,82.102543,9,272.274459,6877.100809,80.027777,,,0,0,0,0,
39.313543,1785250082.784586906,idle,0,0,-28,press_SPACE_to_start,69,69,40,29,2,0,0,1,0,0,,0,2,6,1,1,5,0,,,,,,0,,,,,,,,two_tangents_not_visible,,,,,,,0,0,0,0,0,0,,,,,,,,,0,77.875608,24,592.918440,5633.436027,82.732210,10,325.882830,9592.128369,79.598160,,,0,0,0,0,
39.363794,1785250082.784586906,idle,0,0,-28,press_SPACE_to_start,69,69,40,29,2,0,0,1,0,0,,0,2,6,1,1,5,0,,,,,,0,,,,,,,,two_tangents_not_visible,,,,,,,0,0,0,0,0,0,,,,,,,,,0,77.875608,24,592.918440,5633.436027,82.732210,10,325.882830,9592.128369,79.598160,,,0,0,0,0,
39.414808,1785250082.784586906,idle,0,0,-28,press_SPACE_to_start,69,69,40,29,2,0,0,1,0,0,,0,2,6,1,1,5,0,,,,,,0,,,,,,,,two_tangents_not_visible,,,,,,,0,0,0,0,0,0,,,,,,,,,0,77.875608,24,592.918440,5633.436027,82.732210,10,325.882830,9592.128369,79.598160,,,0,0,0,0,
39.465819,1785250082.898903131,idle,0,0,-28,press_SPACE_to_start,71,71,40,31,2,0,0,0,0,0,,0,3,6,1,0,5,0,,,,,,0,,,,,,,,two_tangents_not_visible,,,,,,,0,0,0,0,0,0,,,,,,,,,0,75.322594,24,609.123977,5550.903978,83.945727,5,121.184608,1824.796677,76.753484,,,0,0,0,0,
39.516828,1785250082.898903131,idle,0,0,-28,press_SPACE_to_start,71,71,40,31,2,0,0,0,0,0,,0,3,6,1,0,5,0,,,,,,0,,,,,,,,two_tangents_not_visible,,,,,,,0,0,0,0,0,0,,,,,,,,,0,75.322594,24,609.123977,5550.903978,83.945727,5,121.184608,1824.796677,76.753484,,,0,0,0,0,
39.567835,1785250083.013761044,idle,0,0,-28,press_SPACE_to_start,70,70,38,32,3,1,0,0,0,0,,0,4,6,1,0,5,1,42.421875,70.046875,56.234375,958.000000,2697.250000,0,,,,,,,,two_tangents_not_visible,,,,,,,0,0,0,0,0,0,,,,,,,,,0,75.827008,22,551.377073,8023.573669,80.393718,6,196.255661,4134.453258,77.025782,,,0,0,0,0,
39.618039,1785250083.013761044,idle,0,0,-28,press_SPACE_to_start,70,70,38,32,3,1,0,0,0,0,,0,4,6,1,0,5,1,42.421875,70.046875,56.234375,958.000000,2697.250000,0,,,,,,,,two_tangents_not_visible,,,,,,,0,0,0,0,0,0,,,,,,,,,0,75.827008,22,551.377073,8023.573669,80.393718,6,196.255661,4134.453258,77.025782,,,0,0,0,0,
39.669044,1785250083.128282785,idle,0,0,-28,press_SPACE_to_start,74,74,40,34,4,2,0,0,0,0,,0,5,6,1,0,5,1,42.421875,69.375000,55.898438,958.000000,2640.500000,0,,,,,,,,two_tangents_not_visible,,,,,,,0,0,0,0,0,0,1909.250000,,62.989295,,,,,,0,76.953591,21,697.143435,6547.607730,79.206800,6,168.214501,3275.036892,77.391586,,,0,0,0,0,
39.720050,1785250083.128282785,idle,0,0,-28,press_SPACE_to_start,74,74,40,34,4,2,0,0,0,0,,0,5,6,1,0,5,1,42.421875,69.375000,55.898438,958.000000,2640.500000,0,,,,,,,,two_tangents_not_visible,,,,,,,0,0,0,0,0,0,1909.250000,,62.989295,,,,,,0,76.953591,21,697.143435,6547.607730,79.206800,6,168.214501,3275.036892,77.391586,,,0,0,0,0,
39.771056,1785250083.242489100,idle,0,0,-28,press_SPACE_to_start,70,70,37,33,2,1,0,0,0,0,,0,6,6,1,0,5,1,-86.468750,69.375000,-8.546875,1919.250000,2640.500000,0,,,,,,,,two_tangents_not_visible,,,,,,,0,0,0,0,0,0,1916.250000,,-114.897789,,,,,,0,74.752403,18,555.010351,10553.535781,83.017310,6,287.200866,10216.732644,77.570804,,,0,0,0,0,
39.822065,1785250083.242489100,idle,0,0,-28,press_SPACE_to_start,70,70,37,33,2,1,0,0,0,0,,0,6,6,1,0,5,1,-86.468750,69.375000,-8.546875,1919.250000,2640.500000,0,,,,,,,,two_tangents_not_visible,,,,,,,0,0,0,0,0,0,1916.250000,,-114.897789,,,,,,0,74.752403,18,555.010351,10553.535781,83.017310,6,287.200866,10216.732644,77.570804,,,0,0,0,0,
39.873074,1785250083.242489100,idle,0,0,-28,press_SPACE_to_start,70,70,37,33,2,1,0,0,0,0,,0,6,6,1,0,5,1,-86.468750,69.375000,-8.546875,1919.250000,2640.500000,0,,,,,,,,two_tangents_not_visible,,,,,,,0,0,0,0,0,0,1916.250000,,-114.897789,,,,,,0,74.752403,18,555.010351,10553.535781,83.017310,6,287.200866,10216.732644,77.570804,,,0,0,0,0,
39.924083,1785250083.357378960,idle,0,0,-28,press_SPACE_to_start,66,66,36,30,30,2,0,0,0,0,,0,7,6,1,0,5,1,39.421875,69.375000,54.398438,1057.250000,2640.500000,0,,,,,,,,two_tangents_not_visible,,,,,,,0,0,0,0,0,0,1670.250000,,224.332074,,,,,,0,74.430127,15,539.042713,7345.370677,,0,,,74.430127,,,0,0,0,0,
40.014516,1785250083.472237110,idle,0,0,-28,press_SPACE_to_start,50,50,24,26,39,2,0,0,0,0,,0,8,6,1,0,5,1,34.515625,65.421875,49.968750,938.500000,2727.250000,0,,,,,,,,two_tangents_not_visible,,,,,,,0,0,0,0,0,0,1643.000000,,185.992880,,,,,,0,76.529228,13,573.446780,1056.673750,,0,,,76.529228,,,0,0,0,0,
40.102735,1785250083.472237110,idle,0,0,-28,press_SPACE_to_start,50,50,24,26,39,2,0,0,0,0,,0,8,6,1,0,5,1,34.515625,65.421875,49.968750,938.500000,2727.250000,0,,,,,,,,two_tangents_not_visible,,,,,,,0,0,0,0,0,0,1643.000000,,185.992880,,,,,,0,76.529228,13,573.446780,1056.673750,,0,,,76.529228,,,0,0,0,0,
40.192231,1785250083.586410046,idle,0,0,-28,press_SPACE_to_start,30,30,15,15,30,1,0,0,0,0,,0,9,6,0,0,5,1,-80.218750,-64.984375,-72.601562,1758.250000,1068.250000,0,,,,,,,,two_tangents_not_visible,,,,,,,0,0,0,0,0,0,1754.000000,,221.827489,,,,,,0,,0,,,,0,,,,,,0,0,0,0,
40.285312,1785250083.701612949,idle,0,0,-28,press_SPACE_to_start,14,14,5,9,15,1,0,0,0,0,,0,10,6,0,0,5,1,-80.218750,-47.218750,-63.718750,1758.250000,937.750000,0,,,,,,,,two_tangents_not_visible,,,,,,,0,0,0,0,0,0,1761.750000,,14.893549,,,,,,0,,0,,,,0,,,,,,0,0,0,0,
40.373050,1785250083.816210032,idle,0,0,-28,press_SPACE_to_start,11,11,2,9,6,2,0,0,0,0,,0,11,6,0,0,5,1,-80.218750,-34.453125,-57.335937,1758.250000,839.750000,0,,,,,,,,two_tangents_not_visible,,,,,,,0,0,0,0,0,0,1839.500000,,23.576707,,,,,,0,,0,,,,0,,,,,,0,0,0,0,
40.460657,1785250083.930537939,idle,0,0,-28,press_SPACE_to_start,10,10,1,9,5,1,0,0,0,0,,0,12,6,0,0,5,1,-82.734375,-52.359375,-67.546875,1754.000000,1232.750000,0,,,,,,,,two_tangents_not_visible,,,,,,,0,0,0,0,0,0,1866.000000,,-101.724060,,,,,,0,,0,,,,0,,,,,,0,0,0,0,
40.548344,1785250083.930537939,idle,0,0,-28,press_SPACE_to_start,10,10,1,9,5,1,0,0,0,0,,0,12,6,0,0,5,1,-82.734375,-52.359375,-67.546875,1754.000000,1232.750000,0,,,,,,,,two_tangents_not_visible,,,,,,,0,0,0,0,0,0,1866.000000,,-101.724060,,,,,,0,,0,,,,0,,,,,,0,0,0,0,
40.635837,1785250084.045429945,idle,0,0,-28,press_SPACE_to_start,31,31,15,16,4,2,0,0,0,0,,0,13,6,0,0,5,1,-5.656250,55.968750,25.156250,1465.500000,2894.750000,0,,,,,,,,two_tangents_not_visible,,,,,,,0,0,0,0,0,0,1814.250000,,-195.052449,,,,,,0,,0,,,,0,,,,,,0,0,0,0,
40.723872,1785250084.160437107,idle,0,0,-28,press_SPACE_to_start,40,40,13,27,2,1,0,0,0,0,,0,14,6,0,0,5,1,-86.234375,79.375000,-3.429687,1814.250000,2551.750000,0,,,,,,,,two_tangents_not_visible,,,,,,,0,0,0,0,0,0,,,,,,,,,0,,0,,,,0,,,,,,0,0,0,0,
40.817042,1785250084.274122000,idle,0,0,-28,press_SPACE_to_start,41,41,15,26,2,1,0,0,0,0,,0,15,6,1,0,5,1,-89.265625,79.375000,-4.945313,1839.500000,2551.750000,0,,,,,,,,two_tangents_not_visible,,,,,,,0,0,0,0,0,0,1137.250000,,328.048172,,,,,,0,,0,,,,0,,,,,,0,0,0,0,
40.904460,1785250084.274122000,idle,0,0,-28,press_SPACE_to_start,41,41,15,26,2,1,0,0,0,0,,0,15,6,1,0,5,1,-89.265625,79.375000,-4.945313,1839.500000,2551.750000,0,,,,,,,,two_tangents_not_visible,,,,,,,0,0,0,0,0,0,1137.250000,,328.048172,,,,,,0,,0,,,,0,,,,,,0,0,0,0,
40.993278,1785250084.388795853,idle,0,0,-28,press_SPACE_to_start,50,50,16,34,3,2,0,0,0,0,,0,16,6,0,0,5,1,62.468750,79.640625,71.054688,2696.500000,2531.500000,0,,,,,,,,two_tangents_not_visible,,,,,,,0,0,0,0,0,0,,,,,,,,,0,,0,,,,0,,,,,,0,0,0,0,
41.081779,1785250084.504449129,idle,0,0,-28,press_SPACE_to_start,41,41,13,27,3,2,0,0,0,0,,0,17,6,0,0,5,1,62.468750,79.640625,71.054688,2696.500000,2531.500000,0,,,,,,,,two_tangents_not_visible,,,,,,,0,0,0,0,0,0,1798.250000,,-196.257332,,,,,,0,,0,,,,0,,,,,,0,0,0,0,
41.170368,1785250084.618158102,idle,0,0,-28,press_SPACE_to_start,40,40,11,29,2,1,0,0,0,0,,0,18,6,0,0,5,1,63.171875,80.656250,71.914062,2701.000000,2520.500000,0,,,,,,,,two_tangents_not_visible,,,,,,,0,0,0,0,0,0,,,,,,,,,0,,0,,,,0,,,,,,0,0,0,0,
41.259372,1785250084.730138779,idle,0,0,-28,press_SPACE_to_start,48,48,16,32,2,1,0,0,0,0,,0,19,6,0,0,5,1,63.171875,80.656250,71.914062,2701.000000,2520.500000,0,,,,,,,,two_tangents_not_visible,,,,,,,0,0,0,0,0,0,,,,,,,,,0,,0,,,,0,,,,,,0,0,0,0,
41.352805,1785250084.730138779,idle,0,0,-28,press_SPACE_to_start,48,48,16,32,2,1,0,0,0,0,,0,19,6,0,0,5,1,63.171875,80.656250,71.914062,2701.000000,2520.500000,0,,,,,,,,two_tangents_not_visible,,,,,,,0,0,0,0,0,0,,,,,,,,,0,,0,,,,0,,,,,,0,0,0,0,
41.440804,1785250084.844202042,idle,0,0,-28,press_SPACE_to_start,41,41,14,27,2,1,0,0,0,0,,0,20,6,0,0,5,1,63.171875,80.265625,71.718750,2701.000000,2551.750000,0,,,,,,,,two_tangents_not_visible,,,,,,,0,0,0,0,0,0,1795.500000,,-200.823686,,,,,,0,,0,,,,0,,,,,,0,0,0,0,
41.528449,1785250084.958662987,idle,0,0,-28,press_SPACE_to_start,41,41,12,29,3,1,0,0,0,0,,0,21,6,0,0,5,1,63.171875,80.265625,71.718750,2701.000000,2551.750000,0,,,,,,,,two_tangents_not_visible,,,,,,,0,0,0,0,0,0,,,,,,,,,0,,0,,,,0,,,,,,0,0,0,0,
41.616502,1785250085.073405981,idle,0,0,-28,press_SPACE_to_start,48,48,15,33,2,1,0,0,0,0,,0,22,6,0,0,5,1,63.171875,80.265625,71.718750,2701.000000,2551.750000,0,,,,,,,,two_tangents_not_visible,,,,,,,0,0,0,0,0,0,,,,,,,,,0,,0,,,,0,,,,,,0,0,0,0,
41.704721,1785250085.073405981,idle,0,0,-28,press_SPACE_to_start,48,48,15,33,2,1,0,0,0,0,,0,22,6,0,0,5,1,63.171875,80.265625,71.718750,2701.000000,2551.750000,0,,,,,,,,two_tangents_not_visible,,,,,,,0,0,0,0,0,0,,,,,,,,,0,,0,,,,0,,,,,,0,0,0,0,
41.793097,1785250085.188993931,idle,0,0,-28,press_SPACE_to_start,39,39,13,26,2,1,0,0,0,0,,0,23,6,0,0,5,1,63.062500,80.265625,71.664062,2715.250000,2551.750000,0,,,,,,,,two_tangents_not_visible,,,,,,,0,0,0,0,0,0,1795.250000,,-199.822681,,,,,,0,,0,,,,0,,,,,,0,0,0,0,
41.886220,1785250085.303207874,idle,0,0,-28,press_SPACE_to_start,41,41,11,30,2,1,0,0,0,0,,0,24,6,0,0,5,1,63.125000,80.265625,71.695312,2700.750000,2551.750000,0,,,,,,,,two_tangents_not_visible,,,,,,,0,0,0,0,0,0,,,,,,,,,0,,0,,,,0,,,,,,0,0,0,0,
41.973123,1785250085.418271065,idle,0,0,-28,press_SPACE_to_start,50,50,16,34,2,1,0,0,0,0,,0,25,6,0,0,5,1,63.125000,80.265625,71.695312,2700.750000,2551.500000,0,,,,,,,,two_tangents_not_visible,,,,,,,0,0,0,0,0,0,,,,,,,,,0,,0,,,,0,,,,,,0,0,0,0,
42.060445,1785250085.418271065,idle,0,0,-28,press_SPACE_to_start,50,50,16,34,2,1,0,0,0,0,,0,25,6,0,0,5,1,63.125000,80.265625,71.695312,2700.750000,2551.500000,0,,,,,,,,two_tangents_not_visible,,,,,,,0,0,0,0,0,0,,,,,,,,,0,,0,,,,0,,,,,,0,0,0,0,
42.149285,1785250085.533350945,idle,0,0,-28,press_SPACE_to_start,42,42,14,28,2,1,0,0,0,0,,0,26,6,0,0,5,1,63.125000,80.218750,71.671875,2700.750000,2553.000000,0,,,,,,,,two_tangents_not_visible,,,,,,,0,0,0,0,0,0,1795.750000,,-197.444790,,,,,,0,,0,,,,0,,,,,,0,0,0,0,
42.237566,1785250085.647289038,idle,0,0,-28,press_SPACE_to_start,38,38,12,26,2,1,0,0,0,0,,0,27,6,0,0,5,1,63.125000,80.218750,71.671875,2700.750000,2553.000000,0,,,,,,,,two_tangents_not_visible,,,,,,,0,0,0,0,0,0,,,,,,,,,0,,0,,,,0,,,,,,0,0,0,0,
42.325857,1785250085.761487961,idle,0,0,-28,press_SPACE_to_start,47,47,14,33,2,1,0,0,0,0,,0,28,6,0,0,5,1,63.125000,80.218750,71.671875,2700.750000,2553.000000,0,,,,,,,,two_tangents_not_visible,,,,,,,0,0,0,0,0,0,,,,,,,,,0,,0,,,,0,,,,,,0,0,0,0,
42.419878,1785250085.872319937,idle,0,0,-28,press_SPACE_to_start,40,40,14,26,2,1,0,0,0,0,,0,29,6,0,0,5,1,62.500000,80.218750,71.359375,2696.500000,2553.000000,0,,,,,,,,two_tangents_not_visible,,,,,,,0,0,0,0,0,0,1795.000000,,-202.713397,,,,,,0,,0,,,,0,,,,,,0,0,0,0,
42.506117,1785250085.872319937,idle,0,0,-28,press_SPACE_to_start,40,40,14,26,2,1,0,0,0,0,,0,29,6,0,0,5,1,62.500000,80.218750,71.359375,2696.500000,2553.000000,0,,,,,,,,two_tangents_not_visible,,,,,,,0,0,0,0,0,0,1795.000000,,-202.713397,,,,,,0,,0,,,,0,,,,,,0,0,0,0,
42.593194,1785250085.987742901,idle,0,0,-28,press_SPACE_to_start,40,40,12,28,3,1,0,0,0,0,,0,30,6,0,0,5,1,63.265625,80.218750,71.742188,2703.000000,2553.000000,0,,,,,,,,two_tangents_not_visible,,,,,,,0,0,0,0,0,0,,,,,,,,,0,,0,,,,0,,,,,,0,0,0,0,
42.680541,1785250086.102072001,idle,0,0,-28,press_SPACE_to_start,42,42,15,27,3,1,0,0,0,0,,0,31,6,0,0,5,1,63.265625,80.281250,71.773438,2703.000000,2552.250000,0,,,,,,,,two_tangents_not_visible,,,,,,,0,0,0,0,0,0,1804.750000,,-210.170461,,,,,,0,,0,,,,0,,,,,,0,0,0,0,
42.768657,1785250086.216390848,idle,0,0,-28,press_SPACE_to_start,42,42,12,30,3,1,0,0,0,0,,0,32,6,0,0,5,1,63.265625,80.281250,71.773438,2703.000000,2552.250000,0,,,,,,,,two_tangents_not_visible,,,,,,,0,0,0,0,0,0,,,,,,,,,0,,0,,,,0,,,,,,0,0,0,0,
42.855628,1785250086.216390848,idle,0,0,-28,press_SPACE_to_start,42,42,12,30,3,1,0,0,0,0,,0,32,6,0,0,5,1,63.265625,80.281250,71.773438,2703.000000,2552.250000,0,,,,,,,,two_tangents_not_visible,,,,,,,0,0,0,0,0,0,,,,,,,,,0,,0,,,,0,,,,,,0,0,0,0,
42.949127,1785250086.331542969,idle,0,0,-28,press_SPACE_to_start,45,45,14,31,2,1,0,0,0,0,,0,33,6,0,0,5,1,63.265625,80.281250,71.773438,2703.000000,2552.250000,0,,,,,,,,two_tangents_not_visible,,,,,,,0,0,0,0,0,0,,,,,,,,,0,,0,,,,0,,,,,,0,0,0,0,
43.036378,1785250086.446234226,idle,0,0,-28,press_SPACE_to_start,40,40,13,27,2,1,0,0,0,0,,0,34,6,0,0,5,1,63.265625,80.609375,71.937500,2703.000000,2533.500000,0,,,,,,,,two_tangents_not_visible,,,,,,,0,0,0,0,0,0,1867.000000,,-93.134913,,,,,,0,,0,,,,0,,,,,,0,0,0,0,
43.123455,1785250086.561016083,idle,0,0,-28,press_SPACE_to_start,48,48,15,33,2,1,0,0,0,0,,0,35,6,0,0,5,1,63.109375,80.609375,71.859375,2714.250000,2533.500000,0,,,,,,,,two_tangents_not_visible,,,,,,,0,0,0,0,0,0,,,,,,,,,0,,0,,,,0,,,,,,0,0,0,0,
43.211246,1785250086.674716949,idle,0,0,-28,press_SPACE_to_start,46,46,15,31,2,1,0,0,0,0,,0,36,6,1,0,5,1,63.109375,80.406250,71.757812,2714.250000,2539.500000,0,,,,,,,,two_tangents_not_visible,,,,,,,0,0,0,0,0,0,1796.250000,,-197.499766,,,,,,0,,0,,,,0,,,,,,0,0,0,0,
43.299926,1785250086.674716949,idle,0,0,-28,press_SPACE_to_start,46,46,15,31,2,1,0,0,0,0,,0,36,6,1,0,5,1,63.109375,80.406250,71.757812,2714.250000,2539.500000,0,,,,,,,,two_tangents_not_visible,,,,,,,0,0,0,0,0,0,1796.250000,,-197.499766,,,,,,0,,0,,,,0,,,,,,0,0,0,0,
43.387615,1785250086.789931059,idle,0,0,-28,press_SPACE_to_start,43,43,12,31,2,1,0,0,0,0,,0,37,6,0,0,5,1,62.968750,80.406250,71.687500,2713.000000,2539.500000,0,,,,,,,,two_tangents_not_visible,,,,,,,0,0,0,0,0,0,,,,,,,,,0,,0,,,,0,,,,,,0,0,0,0,
43.479581,1785250086.905235052,idle,0,0,-28,press_SPACE_to_start,44,44,15,29,4,2,0,0,0,0,,0,38,6,0,0,5,1,62.968750,80.375000,71.671875,2713.000000,2537.750000,0,,,,,,,,two_tangents_not_visible,,,,,,,0,0,0,0,0,0,1795.750000,,-199.391655,,,,,,0,,0,,,,0,,,,,,0,0,0,0,
43.567988,1785250087.020035028,idle,0,0,-28,press_SPACE_to_start,38,38,12,26,2,1,0,0,0,0,,0,39,6,0,0,5,1,55.609375,80.375000,67.992188,2891.750000,2537.750000,0,,,,,,,,two_tangents_not_visible,,,,,,,0,0,0,0,0,0,,,,,,,,,0,,0,,,,0,,,,,,0,0,0,0,
43.656184,1785250087.020035028,idle,0,0,-28,press_SPACE_to_start,38,38,12,26,2,1,0,0,0,0,,0,39,6,0,0,5,1,55.609375,80.375000,67.992188,2891.750000,2537.750000,0,,,,,,,,two_tangents_not_visible,,,,,,,0,0,0,0,0,0,,,,,,,,,0,,0,,,,0,,,,,,0,0,0,0,
43.744966,1785250087.130812883,idle,0,0,-28,press_SPACE_to_start,43,43,14,29,2,1,0,0,0,0,,0,40,6,0,0,5,1,55.531250,80.375000,67.953125,2895.250000,2537.750000,0,,,,,,,,two_tangents_not_visible,,,,,,,0,0,0,0,0,0,1804.750000,,-210.170461,,,,,,0,,0,,,,0,,,,,,0,0,0,0,
43.826207,1785250087.245579958,search_first_car,50,-28,-28,paper_search_first_vehicle,41,41,13,28,1,0,0,0,0,0,,0,1,0,0,0,1,0,,,,,,0,,,,,,,,two_tangents_not_visible,,,,,,,0,0,0,0,0,0,1866.750000,,-89.563171,,,,,,0,,0,,,,0,,,,,,0,0,0,0,
43.912878,1785250087.361435890,search_first_car,50,-28,-28,paper_search_first_vehicle,45,45,13,32,2,1,0,0,0,0,,0,2,0,0,0,2,1,62.234375,80.687500,71.460938,2696.500000,2533.500000,0,,,,,,,,two_tangents_not_visible,,,,,,,0,0,0,0,0,0,,,,,,,,,0,,0,,,,0,,,,,,0,0,0,0,
44.006031,1785250087.474574089,search_first_car,50,-28,-28,paper_search_first_vehicle,38,38,12,26,2,1,0,0,0,0,,0,3,0,0,0,3,1,62.234375,80.687500,71.460938,2696.500000,2533.500000,0,,,,,,,,two_tangents_not_visible,,,,,,,0,0,0,0,0,0,1866.750000,,-93.630882,,,,,,0,,0,,,,0,,,,,,0,0,0,0,
44.092522,1785250087.474574089,search_first_car,50,-28,-28,paper_search_first_vehicle,38,38,12,26,2,1,0,0,0,0,,0,3,0,0,0,3,1,62.234375,80.687500,71.460938,2696.500000,2533.500000,0,,,,,,,,two_tangents_not_visible,,,,,,,0,0,0,0,0,0,1866.750000,,-93.630882,,,,,,0,,0,,,,0,,,,,,0,0,0,0,
44.180764,1785250087.589282990,search_first_car,50,-28,-28,paper_search_first_vehicle,42,42,14,28,2,1,0,0,0,0,,0,4,0,0,0,4,1,62.234375,79.875000,71.054688,2696.500000,2550.750000,0,,,,,,,,two_tangents_not_visible,,,,,,,0,0,0,0,0,0,,,,,,,,,0,,0,,,,0,,,,,,0,0,0,0,
44.268914,1785250087.703489065,search_first_car,50,-28,-28,paper_search_first_vehicle,41,41,13,28,2,1,0,0,0,0,,0,5,0,0,0,5,1,62.453125,79.875000,71.164062,2735.500000,2550.750000,0,,,,,,,,two_tangents_not_visible,,,,,,,0,0,0,0,0,0,,,,,,,,,0,,0,,,,0,,,,,,0,0,0,0,
44.356364,1785250087.818200111,search_first_car,50,-28,-28,paper_search_first_vehicle,36,36,8,28,2,1,0,0,0,0,,0,6,0,1,0,5,1,62.453125,79.875000,71.164062,2735.500000,2550.750000,0,,,,,,,,two_tangents_not_visible,,,,,,,0,0,0,0,0,0,1091.000000,,218.093486,,,,,,0,,0,,,,0,,,,,,0,0,0,0,
44.445352,1785250087.818200111,search_first_car,50,-28,-28,paper_search_first_vehicle,36,36,8,28,2,1,0,0,0,0,,0,6,0,1,0,5,1,62.453125,79.875000,71.164062,2735.500000,2550.750000,0,,,,,,,,two_tangents_not_visible,,,,,,,0,0,0,0,0,0,1091.000000,,218.093486,,,,,,0,,0,,,,0,,,,,,0,0,0,0,
44.539607,1785250087.932431221,search_first_car,50,-28,-28,paper_search_first_vehicle,44,44,14,30,2,1,0,0,0,0,,0,7,0,1,0,5,1,62.453125,79.468750,70.960938,2735.500000,2506.000000,0,,,,,,,,two_tangents_not_visible,,,,,,,0,0,0,0,0,0,1098.250000,,235.365027,,,,,,0,,0,,,,0,,,,,,0,0,0,0,
44.628090,1785250088.047665834,search_first_car,50,-28,-28,paper_search_first_vehicle,41,41,13,28,2,1,0,0,0,0,,0,8,0,0,0,5,1,62.453125,78.578125,70.515625,2735.500000,2507.750000,0,,,,,,,,two_tangents_not_visible,,,,,,,0,0,0,0,0,0,,,,,,,,,0,,0,,,,0,,,,,,0,0,0,0,
44.715126,1785250088.162355900,search_first_car,50,-28,-28,paper_search_first_vehicle,42,42,14,28,2,1,0,0,0,0,,0,9,0,0,0,5,1,62.453125,78.578125,70.515625,2735.500000,2507.750000,0,,,,,,,,two_tangents_not_visible,,,,,,,0,0,0,0,0,0,,,,,,,,,0,,0,,,,0,,,,,,0,0,0,0,
44.802413,1785250088.162355900,search_first_car,50,-28,-28,paper_search_first_vehicle,42,42,14,28,2,1,0,0,0,0,,0,9,0,0,0,5,1,62.453125,78.578125,70.515625,2735.500000,2507.750000,0,,,,,,,,two_tangents_not_visible,,,,,,,0,0,0,0,0,0,,,,,,,,,0,,0,,,,0,,,,,,0,0,0,0,
44.891204,1785250088.276305914,search_first_car,50,-28,-28,paper_search_first_vehicle,41,41,14,27,2,1,0,0,0,0,,0,10,0,0,0,5,1,61.046875,78.468750,69.757812,2711.000000,2516.000000,0,,,,,,,,two_tangents_not_visible,,,,,,,0,0,0,0,0,0,,,,,,,,,0,,0,,,,0,,,,,,0,0,0,0,
44.980637,1785250088.391933918,search_first_car,50,-28,-28,paper_search_first_vehicle,42,42,13,29,3,2,0,0,0,0,,0,11,0,0,0,5,1,55.234375,77.687500,66.460938,2902.500000,2521.000000,0,,,,,,,,two_tangents_not_visible,,,,,,,0,0,0,0,0,0,,,,,,,,,0,,0,,,,0,,,,,,0,0,0,0,
45.072759,1785250088.502373219,search_first_car,50,-28,-28,paper_search_first_vehicle,46,46,16,30,3,2,0,0,0,0,,0,12,0,0,0,5,1,55.234375,77.687500,66.460938,2902.500000,2521.000000,0,,,,,,,,two_tangents_not_visible,,,,,,,0,0,0,0,0,0,1798.500000,,-58.845270,,,,,,0,,0,,,,0,,,,,,0,0,0,0,
45.160336,1785250088.617911100,search_first_car,50,-28,-28,paper_search_first_vehicle,38,38,14,24,4,2,0,0,0,0,,0,13,0,0,0,5,1,58.140625,77.468750,67.804688,2768.750000,2518.000000,0,,,,,,,,two_tangents_not_visible,,,,,,,0,0,0,0,0,0,1802.000000,,-35.379914,,,,,,0,,0,,,,0,,,,,,0,0,0,0,
45.249121,1785250088.617911100,search_first_car,50,-28,-28,paper_search_first_vehicle,38,38,14,24,4,2,0,0,0,0,,0,13,0,0,0,5,1,58.140625,77.468750,67.804688,2768.750000,2518.000000,0,,,,,,,,two_tangents_not_visible,,,,,,,0,0,0,0,0,0,1802.000000,,-35.379914,,,,,,0,,0,,,,0,,,,,,0,0,0,0,
45.337901,1785250088.732424974,search_first_car,50,-28,-28,paper_search_first_vehicle,39,39,16,23,4,2,0,0,0,0,,0,14,0,0,0,5,1,58.140625,77.468750,67.804688,2768.750000,2518.000000,0,,,,,,,,two_tangents_not_visible,,,,,,,0,0,0,0,0,0,1802.750000,,-18.681370,,,,,,0,,0,,,,0,,,,,,0,0,0,0,
45.425814,1785250088.846889973,search_first_car,50,-28,-28,paper_search_first_vehicle,43,43,18,25,4,2,0,0,0,0,,0,15,0,0,0,5,1,58.140625,76.640625,67.390625,2768.750000,2524.000000,0,,,,,,,,two_tangents_not_visible,,,,,,,0,0,0,0,0,0,1803.750000,,-6.394641,,,,,,0,,0,,,,0,,,,,,0,0,0,0,
45.513477,1785250088.961392879,search_first_car,50,-28,-28,paper_search_first_vehicle,43,43,14,29,4,2,0,0,0,0,,0,16,0,0,0,5,1,58.140625,75.734375,66.937500,2768.750000,2532.000000,0,,,,,,,,two_tangents_not_visible,,,,,,,0,0,0,0,0,0,1805.250000,,9.353764,,,,,,0,,0,,,,0,,,,,,0,0,0,0,
45.606836,1785250089.076354980,search_first_car,50,-28,-28,paper_search_first_vehicle,44,44,15,29,4,2,0,0,0,0,,0,17,0,0,0,5,1,58.140625,75.734375,66.937500,2768.750000,2532.000000,0,,,,,,,,two_tangents_not_visible,,,,,,,0,0,0,0,0,0,1845.750000,,91.069400,,,,,,0,,0,,,,0,,,,,,0,0,0,0,
45.693926,1785250089.076354980,search_first_car,50,-28,-28,paper_search_first_vehicle,44,44,15,29,4,2,0,0,0,0,,0,17,0,0,0,5,1,58.140625,75.734375,66.937500,2768.750000,2532.000000,0,,,,,,,,two_tangents_not_visible,,,,,,,0,0,0,0,0,0,1845.750000,,91.069400,,,,,,0,,0,,,,0,,,,,,0,0,0,0,
45.782518,1785250089.191076040,search_first_car,50,-28,-28,paper_search_first_vehicle,42,42,14,28,4,2,0,0,0,0,,0,18,0,0,0,5,1,56.828125,74.500000,65.664062,2808.750000,2533.750000,0,,,,,,,,two_tangents_not_visible,,,,,,,0,0,0,0,0,0,,,,,,,,,0,,0,,,,0,,,,,,0,0,0,0,
45.870930,1785250089.304773092,search_first_car,50,-28,-28,paper_search_first_vehicle,43,43,14,29,4,2,0,0,0,0,,0,19,0,0,0,5,1,56.828125,74.500000,65.664062,2808.750000,2533.750000,0,,,,,,,,two_tangents_not_visible,,,,,,,0,0,0,0,0,0,1984.000000,,-339.188387,,,,,,0,,0,,,,0,,,,,,0,0,0,0,
45.959017,1785250089.419632196,search_first_car,50,-28,-28,paper_search_first_vehicle,41,41,13,28,4,2,0,0,0,0,,0,20,0,0,0,5,1,56.828125,74.296875,65.562500,2808.750000,2548.000000,0,,,,,,,,two_tangents_not_visible,,,,,,,0,0,0,0,0,0,1981.750000,,-315.350690,,,,,,0,,0,,,,0,,,,,,0,0,0,0,
46.046961,1785250089.419632196,search_first_car,50,-28,-28,paper_search_first_vehicle,41,41,13,28,4,2,0,0,0,0,,0,20,0,0,0,5,1,56.828125,74.296875,65.562500,2808.750000,2548.000000,0,,,,,,,,two_tangents_not_visible,,,,,,,0,0,0,0,0,0,1981.750000,,-315.350690,,,,,,0,,0,,,,0,,,,,,0,0,0,0,
46.140545,1785250089.535218954,search_first_car,50,-28,-28,paper_search_first_vehicle,46,46,16,30,4,2,0,0,0,0,,0,21,0,0,0,5,1,56.828125,73.531250,65.179688,2808.750000,2537.500000,0,,,,,,,,two_tangents_not_visible,,,,,,,0,0,0,0,0,0,1820.750000,,91.323652,,,,,,0,-13.656946,4,165.100153,10.930323,,0,,,-13.656946,,,0,0,0,0,
46.229412,1785250089.649562120,search_first_car,50,-28,-28,paper_search_first_vehicle,41,41,14,27,4,2,0,0,0,0,,0,22,0,0,0,5,1,56.828125,72.968750,64.898438,2808.750000,2555.750000,0,,,,,,,,two_tangents_not_visible,,,,,,,0,0,0,0,0,0,1824.500000,,118.831515,,,,,,0,,0,,,,0,,,,,,0,0,0,0,
46.317032,1785250089.760688782,search_first_car,50,-28,-28,paper_search_first_vehicle,47,47,18,29,4,2,0,0,0,0,,0,23,0,0,0,5,1,55.921875,72.968750,64.445312,2845.250000,2555.750000,0,,,,,,,,two_tangents_not_visible,,,,,,,0,0,0,0,0,0,1937.750000,,-330.240032,,,,,,0,,0,,,,0,,,,,,0,0,0,0,
46.405046,1785250089.874577999,search_first_car,50,-28,-28,paper_search_first_vehicle,42,42,13,29,4,2,0,0,0,0,,0,24,0,0,0,5,1,55.921875,72.546875,64.234375,2845.250000,2564.250000,0,,,,,,,,two_tangents_not_visible,,,,,,,0,0,0,0,0,0,1936.500000,,-311.277978,,,,,,0,,0,,,,0,,,,,,0,0,0,0,
46.493480,1785250089.874577999,search_first_car,50,-28,-28,paper_search_first_vehicle,42,42,13,29,4,2,0,0,0,0,,0,24,0,0,0,5,1,55.921875,72.546875,64.234375,2845.250000,2564.250000,0,,,,,,,,two_tangents_not_visible,,,,,,,0,0,0,0,0,0,1936.500000,,-311.277978,,,,,,0,,0,,,,0,,,,,,0,0,0,0,
46.581167,1785250089.989471912,search_first_car,50,-28,-28,paper_search_first_vehicle,42,42,14,28,4,2,0,0,0,0,,0,25,0,0,0,5,1,55.921875,72.546875,64.234375,2845.250000,2564.250000,0,,,,,,,,two_tangents_not_visible,,,,,,,0,0,0,0,0,0,1941.750000,,-293.291941,,,,,,0,,0,,,,0,,,,,,0,0,0,0,
46.674947,1785250090.104684114,search_first_car,50,-28,-28,paper_search_first_vehicle,43,43,17,26,3,2,0,0,0,0,,0,26,0,0,0,5,1,54.890625,71.890625,63.390625,2874.500000,2575.250000,0,,,,,,,,two_tangents_not_visible,,,,,,,0,0,0,0,0,0,1941.500000,,-275.970753,,,,,,0,,0,,,,0,,,,,,0,0,0,0,
46.763304,1785250090.219226837,search_first_car,50,-28,-28,paper_search_first_vehicle,41,41,13,28,3,2,0,0,0,0,,0,27,0,0,0,5,1,54.890625,70.984375,62.937500,2874.500000,2565.750000,0,,,,,,,,two_tangents_not_visible,,,,,,,0,0,0,0,0,0,1935.250000,,-255.739929,,,,,,0,,0,,,,0,,,,,,0,0,0,0,
46.850801,1785250090.219226837,search_first_car,50,-28,-28,paper_search_first_vehicle,41,41,13,28,3,2,0,0,0,0,,0,27,0,0,0,5,1,54.890625,70.984375,62.937500,2874.500000,2565.750000,0,,,,,,,,two_tangents_not_visible,,,,,,,0,0,0,0,0,0,1935.250000,,-255.739929,,,,,,0,,0,,,,0,,,,,,0,0,0,0,
46.939496,1785250090.334197044,search_first_car,50,-28,-28,paper_search_first_vehicle,40,40,13,27,3,2,0,0,0,0,,0,28,0,0,0,5,1,54.890625,70.984375,62.937500,2874.500000,2565.750000,0,,,,,,,,two_tangents_not_visible,,,,,,,0,0,0,0,0,0,1933.250000,,-236.650438,,,,,,0,,0,,,,0,,,,,,0,0,0,0,
47.028762,1785250090.448418140,search_first_car,50,-28,-28,paper_search_first_vehicle,44,44,16,28,3,2,0,0,0,0,,0,29,0,0,0,5,1,54.546875,70.531250,62.539062,2938.250000,2588.000000,0,,,,,,,,two_tangents_not_visible,,,,,,,0,0,0,0,0,0,1931.750000,,-212.921749,,,,,,0,-23.521210,4,174.714353,70.396910,,0,,,-23.521210,,,0,0,0,0,
47.115803,1785250090.563442945,search_first_car,50,-28,-28,paper_search_first_vehicle,42,42,12,30,3,2,0,0,0,0,,0,30,0,0,0,5,1,54.546875,70.531250,62.539062,2938.250000,2588.000000,0,,,,,,,,two_tangents_not_visible,,,,,,,0,0,0,0,0,0,1929.000000,,-194.832925,,,,,,0,-24.737923,4,175.063861,64.791176,,0,,,-24.737923,,,0,0,0,0,
47.209131,1785250090.677873850,search_first_car,50,-28,-28,paper_search_first_vehicle,40,40,13,27,3,2,0,0,0,0,,0,31,0,0,0,5,1,54.546875,70.281250,62.414062,2938.250000,2597.250000,0,,,,,,,,two_tangents_not_visible,,,,,,,0,0,0,0,0,0,1930.250000,,-172.427096,,,,,,0,,0,,,,0,,,,,,0,0,0,0,
47.296507,1785250090.677873850,search_first_car,50,-28,-28,paper_search_first_vehicle,40,40,13,27,3,2,0,0,0,0,,0,31,0,0,0,5,1,54.546875,70.281250,62.414062,2938.250000,2597.250000,0,,,,,,,,two_tangents_not_visible,,,,,,,0,0,0,0,0,0,1930.250000,,-172.427096,,,,,,0,,0,,,,0,,,,,,0,0,0,0,
47.384364,1785250090.789278984,search_first_car,50,-28,-28,paper_search_first_vehicle,40,40,16,24,3,2,0,0,0,0,,0,32,0,0,0,5,1,54.546875,70.281250,62.414062,2938.250000,2597.250000,0,,,,,,,,two_tangents_not_visible,,,,,,,0,0,0,0,0,0,1931.000000,,-205.510089,,,,,,0,,0,,,,0,,,,,,0,0,0,0,
47.471847,1785250090.903668880,search_first_car,50,-28,-28,paper_search_first_vehicle,39,39,12,27,3,2,0,0,0,0,,0,33,0,0,0,5,1,54.546875,69.906250,62.226562,2938.250000,2605.750000,0,,,,,,,,two_tangents_not_visible,,,,,,,0,0,0,0,0,0,1929.500000,,-184.410606,,,,,,0,,0,,,,0,,,,,,0,0,0,0,
47.559585,1785250091.018847942,search_first_car,50,-28,-28,paper_search_first_vehicle,41,41,14,27,3,1,0,0,0,0,,0,34,0,0,0,5,1,-76.281250,69.906250,-3.187500,1944.500000,2605.750000,0,,,,,,,,two_tangents_not_visible,,,,,,,0,0,0,0,0,0,1871.750000,,337.585473,,,,,,0,,0,,,,0,,,,,,0,0,0,0,
47.648807,1785250091.018847942,search_first_car,50,-28,-28,paper_search_first_vehicle,41,41,14,27,3,1,0,0,0,0,,0,34,0,0,0,5,1,-76.281250,69.906250,-3.187500,1944.500000,2605.750000,0,,,,,,,,two_tangents_not_visible,,,,,,,0,0,0,0,0,0,1871.750000,,337.585473,,,,,,0,,0,,,,0,,,,,,0,0,0,0,
47.741928,1785250091.133100033,search_first_car,50,-28,-28,paper_search_first_vehicle,48,48,18,30,3,1,0,0,0,0,,0,35,0,0,0,5,1,-75.859375,69.515625,-3.171875,1950.750000,2605.750000,0,,,,,,,,two_tangents_not_visible,,,,,,,0,0,0,0,0,0,1929.250000,,-141.399733,,,,,,0,,0,,,,0,,,,,,0,0,0,0,
47.829765,1785250091.247838020,search_first_car,50,-28,-28,paper_search_first_vehicle,39,39,14,25,2,1,0,0,0,0,,0,36,0,0,0,5,1,-75.250000,69.515625,-2.867187,1956.750000,2605.750000,0,,,,,,,,two_tangents_not_visible,,,,,,,0,0,0,0,0,0,1925.750000,,-121.233320,,,,,,0,,0,,,,0,,,,,,0,0,0,0,
47.917432,1785250091.362039089,search_first_car,50,-28,-28,paper_search_first_vehicle,43,43,13,30,2,1,0,0,0,0,,0,37,0,0,0,5,1,-74.078125,69.406250,-2.335938,1961.500000,2606.500000,0,,,,,,,,two_tangents_not_visible,,,,,,,0,0,0,0,0,0,1923.750000,,-99.633476,,,,,,0,,0,,,,0,,,,,,0,0,0,0,
48.005617,1785250091.477251053,search_first_car,50,-28,-28,paper_search_first_vehicle,47,47,15,32,2,1,0,0,0,0,,0,38,0,0,0,5,1,-73.250000,69.406250,-1.921875,1968.250000,2606.500000,0,,,,,,,,two_tangents_not_visible,,,,,,,0,0,0,0,0,0,1924.500000,,-61.918776,,,,,,0,,0,,,,0,,,,,,0,0,0,0,
48.094213,1785250091.477251053,search_first_car,50,-28,-28,paper_search_first_vehicle,47,47,15,32,2,1,0,0,0,0,,0,38,0,0,0,5,1,-73.250000,69.406250,-1.921875,1968.250000,2606.500000,0,,,,,,,,two_tangents_not_visible,,,,,,,0,0,0,0,0,0,1924.500000,,-61.918776,,,,,,0,,0,,,,0,,,,,,0,0,0,0,
48.181935,1785250091.591434956,search_first_car,50,-28,-28,paper_search_first_vehicle,46,46,19,27,3,1,0,0,0,0,,0,39,0,0,0,5,1,-72.968750,69.406250,-1.781250,1977.750000,2606.500000,0,,,,,,,,two_tangents_not_visible,,,,,,,0,0,0,0,0,0,1920.750000,,-36.664005,,,,,,0,,0,,,,0,,,,,,0,0,0,0,
48.275127,1785250091.706406832,search_first_car,50,-28,-28,paper_search_first_vehicle,43,43,15,28,3,1,0,0,0,0,,0,40,0,0,0,5,1,-72.453125,68.031250,-2.210937,1977.500000,2655.250000,0,,,,,,,,two_tangents_not_visible,,,,,,,0,0,0,0,0,0,1929.250000,,-26.305251,,,,,,0,,0,,,,0,,,,,,0,0,0,0,
48.362855,1785250091.820790052,search_first_car,50,-28,-28,paper_search_first_vehicle,38,38,13,25,3,1,0,0,0,0,,0,41,0,0,0,5,1,-63.359375,68.031250,2.335937,1769.750000,2655.250000,0,,,,,,,,two_tangents_not_visible,,,,,,,0,0,0,0,0,0,1927.250000,,-9.985898,,,,,,0,,0,,,,0,,,,,,0,0,0,0,
48.451537,1785250091.820790052,search_first_car,50,-28,-28,paper_search_first_vehicle,38,38,13,25,3,1,0,0,0,0,,0,41,0,0,0,5,1,-63.359375,68.031250,2.335937,1769.750000,2655.250000,0,,,,,,,,two_tangents_not_visible,,,,,,,0,0,0,0,0,0,1927.250000,,-9.985898,,,,,,0,,0,,,,0,,,,,,0,0,0,0,
48.537796,1785250091.935797930,search_first_car,50,-28,-28,paper_search_first_vehicle,46,46,15,31,3,1,0,0,0,0,,0,42,0,0,0,5,1,-63.359375,68.031250,2.335937,1769.750000,2655.250000,0,,,,,,,,two_tangents_not_visible,,,,,,,0,0,0,0,0,0,1881.500000,,527.975917,,,,,,0,,0,,,,0,,,,,,0,0,0,0,
48.627580,1785250092.049438953,search_first_car,50,-28,-28,paper_search_first_vehicle,41,41,17,24,3,1,0,0,0,0,,0,43,0,0,0,5,1,-63.359375,67.843750,2.242187,1769.750000,2648.000000,0,,,,,,,,two_tangents_not_visible,,,,,,,0,0,0,0,0,0,1925.750000,,60.384288,,,,,,0,5.331752,4,387.893995,127.579277,,0,,,5.331752,,,0,0,0,0,
48.715914,1785250092.164916992,search_first_car,50,-28,-28,paper_search_first_vehicle,40,40,11,29,3,1,0,0,0,0,,0,44,0,0,0,5,1,-69.968750,67.843750,-1.062500,2004.750000,2648.000000,0,,,,,,,,two_tangents_not_visible,,,,,,,0,0,0,0,0,0,1927.250000,,43.093633,,,,,,0,,0,,,,0,,,,,,0,0,0,0,
48.809192,1785250092.279927969,search_first_car,50,-28,-28,paper_search_first_vehicle,49,49,16,33,3,1,0,0,0,0,,0,45,0,0,0,5,1,-69.968750,67.843750,-1.062500,2004.750000,2648.000000,0,,,,,,,,two_tangents_not_visible,,,,,,,0,0,0,0,0,0,1913.250000,,573.832350,,,,,,0,,0,,,,0,,,,,,0,0,0,0,
48.897092,1785250092.279927969,search_first_car,50,-28,-28,paper_search_first_vehicle,49,49,16,33,3,1,0,0,0,0,,0,45,0,0,0,5,1,-69.968750,67.843750,-1.062500,2004.750000,2648.000000,0,,,,,,,,two_tangents_not_visible,,,,,,,0,0,0,0,0,0,1913.250000,,573.832350,,,,,,0,,0,,,,0,,,,,,0,0,0,0,
48.985159,1785250092.390341997,search_first_car,50,-28,-28,paper_search_first_vehicle,45,45,15,30,3,1,0,0,0,0,,0,46,0,0,0,5,1,-69.968750,67.843750,-1.062500,2004.750000,2648.000000,0,,,,,,,,two_tangents_not_visible,,,,,,,0,0,0,0,0,0,1911.250000,,595.068271,,,,,,0,,0,,,,0,,,,,,0,0,0,0,
49.072958,1785250092.506078959,search_first_car,50,-28,-28,paper_search_first_vehicle,42,42,14,28,3,1,0,0,0,0,,0,47,0,0,0,5,1,-69.968750,67.843750,-1.062500,2004.750000,2648.000000,0,,,,,,,,two_tangents_not_visible,,,,,,,0,0,0,0,0,0,1931.250000,,121.579566,,,,,,0,,0,,,,0,,,,,,0,0,0,0,
49.161138,1785250092.619818926,search_first_car,50,-28,-28,paper_search_first_vehicle,48,48,18,30,2,1,0,0,0,0,,0,48,0,0,0,5,1,-68.484375,66.968750,-0.757812,2007.750000,2634.750000,0,,,,,,,,two_tangents_not_visible,,,,,,,0,0,0,0,0,0,1935.500000,,147.647633,,,,,,0,,0,,,,0,,,,,,0,0,0,0,
49.248719,1785250092.619818926,search_first_car,50,-28,-28,paper_search_first_vehicle,48,48,18,30,2,1,0,0,0,0,,0,48,0,0,0,5,1,-68.484375,66.968750,-0.757812,2007.750000,2634.750000,0,,,,,,,,two_tangents_not_visible,,,,,,,0,0,0,0,0,0,1935.500000,,147.647633,,,,,,0,,0,,,,0,,,,,,0,0,0,0,
49.342338,1785250092.734810829,search_first_car,50,-28,-28,paper_search_first_vehicle,47,47,17,30,2,1,0,0,0,0,,0,49,0,0,0,5,1,-68.484375,66.390625,-1.046875,2007.750000,2666.250000,0,,,,,,,,two_tangents_not_visible,,,,,,,0,0,0,0,0,0,1941.750000,,124.882865,,,,,,0,4.071218,5,391.548740,75.301625,,0,,,4.071218,,,0,0,0,0,
49.429679,1785250092.849781990,search_first_car,50,-28,-28,paper_search_first_vehicle,36,36,11,25,2,1,0,0,0,0,,0,50,0,0,0,5,1,-68.484375,65.812500,-1.335937,2007.750000,2682.000000,0,,,,,,,,two_tangents_not_visible,,,,,,,0,0,0,0,0,0,1937.750000,,159.408331,,,,,,0,,0,,,,0,,,,,,0,0,0,0,
49.515510,1785250092.964401007,search_first_car,50,-28,-28,paper_search_first_vehicle,43,43,14,29,2,1,0,0,0,0,,0,51,0,0,0,5,1,-68.484375,65.140625,-1.671875,2007.750000,2702.250000,0,,,,,,,,two_tangents_not_visible,,,,,,,0,0,0,0,0,0,1948.750000,,191.010902,,,,,,0,,0,,,,0,,,,,,0,0,0,0,
49.603518,1785250092.964401007,search_first_car,50,-28,-28,paper_search_first_vehicle,43,43,14,29,2,1,0,0,0,0,,0,51,0,0,0,5,1,-68.484375,65.140625,-1.671875,2007.750000,2702.250000,0,,,,,,,,two_tangents_not_visible,,,,,,,0,0,0,0,0,0,1948.750000,,191.010902,,,,,,0,,0,,,,0,,,,,,0,0,0,0,
49.692931,1785250093.077906847,search_first_car,50,-28,-28,paper_search_first_vehicle,41,41,13,28,2,1,0,0,0,0,,0,52,0,0,0,5,1,-68.484375,65.140625,-1.671875,2007.750000,2702.250000,0,,,,,,,,two_tangents_not_visible,,,,,,,0,0,0,0,0,0,1949.750000,,228.640506,,,,,,0,7.829516,5,393.275221,85.988476,,0,,,7.829516,,,0,0,0,0,
49.782808,1785250093.193146944,search_first_car,50,-28,-28,paper_search_first_vehicle,36,36,15,21,2,1,0,0,0,0,,0,53,0,0,0,5,1,-78.968750,65.140625,-6.914062,2063.250000,2702.250000,0,,,,,,,,two_tangents_not_visible,,,,,,,0,0,0,0,0,0,1956.750000,,209.842279,,,,,,0,7.187557,4,334.128671,231.944309,,0,,,7.187557,,,0,0,0,0,
49.876767,1785250093.307738781,search_first_car,50,-28,-28,paper_search_first_vehicle,38,38,12,26,2,1,0,0,0,0,,0,54,0,0,0,5,1,-78.968750,64.671875,-7.148438,2063.250000,2694.500000,0,,,,,,,,two_tangents_not_visible,,,,,,,0,0,0,0,0,0,1965.750000,,238.500468,,,,,,0,6.271638,4,136.143664,80.526858,,0,,,6.271638,,,0,0,0,0,
49.965198,1785250093.422224998,search_first_car,50,-28,-28,paper_search_first_vehicle,38,38,16,22,2,1,0,0,0,0,,0,55,0,0,0,5,1,-78.250000,64.671875,-6.789062,2002.000000,2694.500000,0,,,,,,,,two_tangents_not_visible,,,,,,,0,0,0,0,0,0,1963.000000,,263.120981,,,,,,0,,0,,,,0,,,,,,0,0,0,0,
50.053344,1785250093.422224998,search_first_car,50,-28,-28,paper_search_first_vehicle,38,38,16,22,2,1,0,0,0,0,,0,55,0,0,0,5,1,-78.250000,64.671875,-6.789062,2002.000000,2694.500000,0,,,,,,,,two_tangents_not_visible,,,,,,,0,0,0,0,0,0,1963.000000,,263.120981,,,,,,0,,0,,,,0,,,,,,0,0,0,0,
50.141736,1785250093.536636829,search_first_car,50,-28,-28,paper_search_first_vehicle,35,35,10,25,2,1,0,0,0,0,,0,56,0,0,0,5,1,-78.250000,64.500000,-6.875000,2002.000000,2692.250000,0,,,,,,,,two_tangents_not_visible,,,,,,,0,0,0,0,0,0,1972.000000,,291.480159,,,,,,0,,0,,,,0,,,,,,0,0,0,0,
50.229708,1785250093.651811123,search_first_car,50,-28,-28,paper_search_first_vehicle,37,37,15,22,3,1,0,0,0,0,,0,57,0,0,0,5,1,-63.890625,64.500000,0.304688,2104.750000,2692.250000,0,,,,,,,,two_tangents_not_visible,,,,,,,0,0,0,0,0,0,1978.750000,,340.948901,,,,,,0,,0,,,,0,,,,,,0,0,0,0,
50.316823,1785250093.765758991,search_first_car,50,-28,-28,paper_search_first_vehicle,37,37,11,26,2,1,0,0,0,0,,0,58,0,0,0,5,1,-63.890625,64.421875,0.265625,2104.750000,2695.000000,0,,,,,,,,two_tangents_not_visible,,,,,,,0,0,0,0,0,0,1980.000000,,285.718416,,,,,,0,5.515508,4,367.536293,5466.258109,,0,,,5.515508,,,0,0,0,0,
50.411360,1785250093.877213955,search_first_car,50,-28,-28,paper_search_first_vehicle,39,39,13,26,3,1,0,0,0,0,,0,59,0,0,0,5,1,-63.890625,63.656250,-0.117187,2104.750000,2713.250000,0,,,,,,,,two_tangents_not_visible,,,,,,,0,0,0,0,0,0,1983.500000,,346.029139,,,,,,0,,0,,,,0,,,,,,0,0,0,0,
50.499999,1785250093.877213955,search_first_car,50,-28,-28,paper_search_first_vehicle,39,39,13,26,3,1,0,0,0,0,,0,59,0,0,0,5,1,-63.890625,63.656250,-0.117187,2104.750000,2713.250000,0,,,,,,,,two_tangents_not_visible,,,,,,,0,0,0,0,0,0,1983.500000,,346.029139,,,,,,0,,0,,,,0,,,,,,0,0,0,0,
50.587373,1785250093.992122889,search_first_car,50,-28,-28,paper_search_first_vehicle,34,34,11,23,4,1,0,0,0,0,,0,60,0,0,0,5,1,-63.890625,63.656250,-0.117187,2104.750000,2713.250000,0,,,,,,,,two_tangents_not_visible,,,,,,,0,0,0,0,0,0,1988.750000,,383.197377,,,,,,0,,0,,,,0,,,,,,0,0,0,0,
50.674499,1785250094.106956005,search_first_car,50,-28,-28,paper_search_first_vehicle,39,39,11,28,2,1,0,0,0,0,,0,61,0,1,0,5,1,-63.890625,62.578125,-0.656250,2104.750000,2750.500000,0,,,,,,,,two_tangents_not_visible,,,,,,,0,0,0,0,0,0,1998.000000,1240.500000,364.642312,-192.051921,,,,,0,,0,,,,0,,,,,,0,0,0,0,
50.761372,1785250094.221885920,search_first_car,50,-28,-28,paper_search_first_vehicle,34,34,9,25,2,1,0,0,0,0,,0,62,0,1,0,5,1,-64.375000,62.578125,-0.898437,2026.250000,2750.500000,0,,,,,,,,two_tangents_not_visible,,,,,,,0,0,0,0,0,0,,1226.750000,,-175.036269,,,,,0,,0,,,,0,,,,,,0,0,0,0,
50.850316,1785250094.221885920,search_first_car,50,-28,-28,paper_search_first_vehicle,34,34,9,25,2,1,0,0,0,0,,0,62,0,1,0,5,1,-64.375000,62.578125,-0.898437,2026.250000,2750.500000,0,,,,,,,,two_tangents_not_visible,,,,,,,0,0,0,0,0,0,,1226.750000,,-175.036269,,,,,0,,0,,,,0,,,,,,0,0,0,0,
50.943017,1785250094.336137056,search_first_car,50,-28,-28,paper_search_first_vehicle,32,32,11,21,3,2,0,0,0,0,,0,63,0,1,0,5,1,75.843750,97.015625,86.429688,2608.000000,1223.000000,0,,,,,,,,two_tangents_not_visible,,,,,,,0,0,0,0,0,0,,1216.000000,,-179.736244,,,,,0,,0,,,,0,,,,,,0,0,0,0,
51.030692,1785250094.450201035,search_first_car,50,-28,-28,paper_search_first_vehicle,38,38,10,28,3,2,0,0,1,3,-198.577065,1,0,0,1,0,5,1,75.843750,92.859375,84.351562,2608.000000,1273.000000,0,,,,,,,,two_tangents_not_visible,,,,,,,0,0,0,0,0,0,,1213.250000,,-160.984780,,,,,0,,0,,,,0,,,,,,0,0,0,0,
51.118310,1785250094.565327883,search_first_car,50,-28,-28,paper_search_first_vehicle,31,31,7,24,3,2,0,0,0,0,,0,1,0,1,0,5,1,75.343750,92.859375,84.101562,2596.000000,1273.000000,0,,,,,,,,two_tangents_not_visible,,,,,,,0,0,0,0,0,0,,1213.750000,,-142.003586,,,,,0,,0,,,,0,,,,,,0,0,0,0,
51.205097,1785250094.565327883,search_first_car,50,-28,-28,paper_search_first_vehicle,31,31,7,24,3,2,0,0,0,0,,0,1,0,1,0,5,1,75.343750,92.859375,84.101562,2596.000000,1273.000000,0,,,,,,,,two_tangents_not_visible,,,,,,,0,0,0,0,0,0,,1213.750000,,-142.003586,,,,,0,,0,,,,0,,,,,,0,0,0,0,
51.293707,1785250094.680505037,search_first_car,50,-28,-28,paper_search_first_vehicle,37,37,10,27,3,2,0,0,1,3,-188.914077,1,0,0,1,0,5,1,73.812500,92.859375,83.335938,2614.500000,1273.000000,0,,,,,,,,two_tangents_not_visible,,,,,,,0,0,0,0,0,0,,1216.000000,,-188.914077,,,,,0,,0,,,,0,,,,,,0,0,0,0,
51.382197,1785250094.795004845,search_open_space,50,-28,-28,paper_passing_first_vehicle,37,37,9,28,3,2,1,1,1,3,-169.435896,2,0,1,1,0,5,1,73.812500,92.859375,83.335938,2614.500000,1273.000000,0,,,,,,,,two_tangents_not_visible,,,,,,,0,0,0,0,0,0,,1205.750000,,-169.435896,,,,,0,,0,,,,0,,,,,,0,0,0,0,
51.470269,1785250094.908606052,search_open_space,50,-28,-28,paper_passing_first_vehicle,32,32,9,23,3,2,1,1,1,4,-183.650958,3,0,1,1,0,5,1,73.812500,92.859375,83.335938,2614.500000,1273.000000,0,,,,,,,,two_tangents_not_visible,,,,,,,0,0,0,0,0,0,,1199.750000,,-115.642274,,,,,0,,0,,,5.311078,4,101.655871,233.788047,5.311078,,,0,0,0,0,
51.555510,1785250095.023985863,search_open_space,50,-28,-28,paper_passing_first_vehicle,38,38,10,28,3,2,1,1,1,4,-166.903341,4,0,1,1,0,5,1,73.812500,93.109375,83.460938,2614.500000,1204.750000,0,,,,,,,,two_tangents_not_visible,,,,,,,0,0,0,0,0,0,,1198.000000,,-98.553054,,,,,0,,0,,,7.912348,4,102.715670,501.465786,7.912348,,,0,0,0,0,
51.646545,1785250095.023985863,search_open_space,50,-28,-28,paper_passing_first_vehicle,38,38,10,28,3,2,1,1,1,4,-166.903341,4,0,1,1,0,5,1,73.812500,93.109375,83.460938,2614.500000,1204.750000,0,,,,,,,,two_tangents_not_visible,,,,,,,0,0,0,0,0,0,,1198.000000,,-98.553054,,,,,0,,0,,,7.912348,4,102.715670,501.465786,7.912348,,,0,0,0,0,
51.735660,1785250095.138685942,search_open_space,50,-28,-28,paper_passing_first_vehicle,34,34,9,25,3,2,1,1,1,4,-156.046464,5,0,1,1,0,5,1,-59.953125,60.093750,0.070313,2117.000000,2835.250000,0,,,,,,,,two_tangents_not_visible,,,,,,,0,0,0,0,0,0,,1198.000000,,-156.046464,,,,,0,,0,,,7.812497,4,100.906291,554.516518,7.812497,,,0,0,0,0,
51.822700,1785250095.252965212,search_open_space,50,-28,-28,paper_passing_first_vehicle,37,37,9,28,3,2,1,1,1,5,-173.198752,6,0,1,1,0,5,1,-59.953125,60.093750,0.070313,2117.000000,2835.250000,0,,,,,,,,two_tangents_not_visible,,,,,,,0,0,0,0,0,0,,1197.000000,,-139.719712,,,,,0,,0,,,6.368647,5,134.566415,2102.077900,6.368647,,,0,0,0,0,
51.911426,1785250095.364226103,search_open_space,50,-28,-28,paper_passing_first_vehicle,38,38,9,29,3,2,1,1,1,6,-195.710384,7,0,1,1,0,5,1,71.265625,91.156250,81.210938,2629.250000,1201.000000,0,,,,,,,,two_tangents_not_visible,,,,,,,0,0,0,0,0,0,,1192.000000,,-124.274637,,,,,0,,0,,,-0.102091,6,171.725767,48.459205,-0.102091,,,0,0,0,0,
52.006393,1785250095.364226103,search_open_space,50,-28,-28,paper_passing_first_vehicle,38,38,9,29,3,2,1,1,1,6,-195.710384,7,0,1,1,0,5,1,71.265625,91.156250,81.210938,2629.250000,1201.000000,0,,,,,,,,two_tangents_not_visible,,,,,,,0,0,0,0,0,0,,1192.000000,,-124.274637,,,,,0,,0,,,-0.102091,6,171.725767,48.459205,-0.102091,,,0,0,0,0,
52.095552,1785250095.479153872,search_open_space,50,-28,-28,paper_passing_first_vehicle,30,30,8,22,4,2,1,1,1,6,-178.338604,8,0,1,1,0,5,1,-59.000000,60.328125,0.664062,2140.500000,2777.000000,0,,,,,,,,two_tangents_not_visible,,,,,,,0,0,0,0,0,0,,1190.500000,,-141.217821,,,,,0,,0,,,3.081843,6,169.857466,119.117337,3.081843,,,0,0,0,0,
52.183701,1785250095.593382835,search_open_space,50,-28,-28,paper_passing_first_vehicle,41,41,8,33,4,2,1,1,1,7,-195.103985,9,0,1,1,0,5,1,-58.437500,59.500000,0.531250,2148.000000,2822.750000,0,,,,,,,,two_tangents_not_visible,,,,,,,0,0,0,0,0,0,,1185.250000,,-88.804072,,,,,0,,0,,,-3.675001,7,208.032719,52.775479,-3.675001,,,0,0,0,0,
52.271171,1785250095.708072901,search_open_space,50,-28,-28,paper_passing_first_vehicle,33,33,7,26,4,2,1,1,1,6,-167.620897,10,0,1,1,0,5,1,-57.984375,59.500000,0.757812,2171.750000,2822.750000,0,,,,,,,,two_tangents_not_visible,,,,,,,0,0,0,0,0,0,,1185.750000,,-97.545312,,,,,0,,0,,,3.395958,6,203.631768,324.376070,3.395958,,,0,0,0,0,
52.359940,1785250095.823293924,search_open_space,50,-28,-28,paper_passing_first_vehicle,33,33,8,25,4,1,1,1,1,7,-142.137614,11,0,1,1,0,5,1,-57.984375,58.812500,0.414062,2171.750000,2842.500000,0,,,,,,,,two_tangents_not_visible,,,,,,,0,0,0,0,0,0,,1181.750000,,-71.500758,,,,,0,,0,,,17.638512,7,292.315643,19.192475,17.638512,,,0,0,0,0,
52.449437,1785250095.823293924,search_open_space,50,-28,-28,paper_passing_first_vehicle,33,33,8,25,4,1,1,1,1,7,-142.137614,11,0,1,1,0,5,1,-57.984375,58.812500,0.414062,2171.750000,2842.500000,0,,,,,,,,two_tangents_not_visible,,,,,,,0,0,0,0,0,0,,1181.750000,,-71.500758,,,,,0,,0,,,17.638512,7,292.315643,19.192475,17.638512,,,0,0,0,0,
52.543774,1785250095.937786818,search_open_space,50,-28,-28,paper_passing_first_vehicle,40,40,10,30,4,1,1,1,1,6,-118.247258,12,0,1,1,0,5,1,-57.984375,58.812500,0.414062,2171.750000,2842.500000,0,,,,,,,,two_tangents_not_visible,,,,,,,0,0,0,0,0,0,,1179.750000,,-48.567034,,,,,0,,0,,,-1.520458,6,167.635768,181.227010,-1.520458,,,0,0,0,0,
52.631610,1785250096.051812172,search_open_space,50,-28,-28,paper_passing_first_vehicle,35,35,9,26,3,1,1,1,1,6,-102.549238,13,0,1,1,0,5,1,-68.796875,58.625000,-5.085938,2109.750000,2830.500000,0,,,,,,,,two_tangents_not_visible,,,,,,,0,0,0,0,0,0,,1176.500000,,-34.325073,,,,,0,,0,,,-1.948058,6,166.997070,197.122006,-1.948058,,,0,0,0,0,
52.718730,1785250096.166371107,search_open_space,50,-28,-28,paper_passing_first_vehicle,40,40,9,31,3,2,1,1,1,6,-90.187568,14,0,1,1,0,5,1,68.375000,83.921875,76.148438,2695.000000,1290.500000,0,,,,,,,,two_tangents_not_visible,,,,,,,0,0,0,0,0,0,,1177.500000,,-22.797621,,,,,0,,0,,,-0.346927,6,167.833746,267.241610,-0.346927,,,0,0,0,0,
52.808088,1785250096.166371107,search_open_space,50,-28,-28,paper_passing_first_vehicle,40,40,9,31,3,2,1,1,1,6,-90.187568,14,0,1,1,0,5,1,68.375000,83.921875,76.148438,2695.000000,1290.500000,0,,,,,,,,two_tangents_not_visible,,,,,,,0,0,0,0,0,0,,1177.500000,,-22.797621,,,,,0,,0,,,-0.346927,6,167.833746,267.241610,-0.346927,,,0,0,0,0,
52.896232,1785250096.282088041,search_open_space,50,-28,-28,paper_passing_first_vehicle,37,37,7,30,3,2,1,1,1,7,-106.467969,15,0,1,1,0,5,1,68.375000,83.921875,76.148438,2695.000000,1290.500000,0,,,,,,,,two_tangents_not_visible,,,,,,,0,0,0,0,0,0,,1178.750000,,-4.500348,,,,,0,,0,,,-1.769328,7,203.108616,224.540073,-1.769328,,,0,0,0,0,
52.986108,1785250096.396394968,search_open_space,50,-28,-28,paper_passing_first_vehicle,35,35,11,24,4,2,1,1,1,8,-119.232857,16,0,1,1,0,5,1,-55.484375,57.968750,1.242188,2237.500000,2880.250000,0,,,,,,,,two_tangents_not_visible,,,,,,,0,0,0,0,0,0,,1170.250000,,-13.722541,,,,,0,,0,,,-2.616783,8,238.646036,71.230646,-2.616783,,,0,0,0,0,
53.079535,1785250096.507873058,search_open_space,50,-28,-28,paper_passing_first_vehicle,32,32,8,24,4,1,1,1,1,8,-93.059323,17,0,1,1,0,5,1,-55.484375,56.546875,0.531250,2237.500000,2958.250000,0,,,,,,,,two_tangents_not_visible,,,,,,,0,0,0,0,0,0,,1173.500000,,8.320515,,,,,0,,0,,,-2.254706,8,235.979817,80.062433,-2.254706,,,0,0,0,0,
53.167440,1785250096.622351885,search_open_space,50,-28,-28,paper_passing_first_vehicle,36,36,7,29,4,1,1,1,1,7,-38.082281,18,0,1,1,0,5,1,-55.484375,56.546875,0.531250,2237.500000,2958.250000,0,,,,,,,,two_tangents_not_visible,,,,,,,0,0,0,0,0,0,,1174.250000,,60.176308,,,,,0,,0,,,-0.202899,7,201.580159,92.747775,-0.202899,,,0,0,0,0,
53.254938,1785250096.622351885,search_open_space,50,-28,-28,paper_passing_first_vehicle,36,36,7,29,4,1,1,1,1,7,-38.082281,18,0,1,1,0,5,1,-55.484375,56.546875,0.531250,2237.500000,2958.250000,0,,,,,,,,two_tangents_not_visible,,,,,,,0,0,0,0,0,0,,1174.250000,,60.176308,,,,,0,,0,,,-0.202899,7,201.580159,92.747775,-0.202899,,,0,0,0,0,
53.344358,1785250096.736625910,search_open_space,50,-28,-28,paper_passing_first_vehicle,31,31,7,24,3,2,1,1,1,6,-47.561730,19,0,1,1,0,5,1,66.781250,82.187500,74.484375,2737.250000,1202.750000,0,,,,,,,,two_tangents_not_visible,,,,,,,0,0,0,0,0,0,,1169.500000,,53.243176,,,,,0,,0,,,-3.300533,6,200.502222,157.571094,-3.300533,,,0,0,0,0,
53.433383,1785250096.851696014,search_open_space,50,-28,-28,paper_passing_first_vehicle,37,37,8,29,3,1,1,1,1,8,-52.201502,20,0,1,1,0,5,1,-66.781250,55.937500,-5.421875,2140.500000,2981.000000,0,,,,,,,,two_tangents_not_visible,,,,,,,0,0,0,0,0,0,,1172.750000,,49.557022,,,,,0,,0,,,-1.802889,8,236.535768,135.251730,-1.802889,,,0,0,0,0,
53.522056,1785250096.966169119,search_open_space,50,-28,-28,paper_passing_first_vehicle,31,31,8,23,3,1,1,1,1,7,6.484957,21,0,1,1,0,5,1,-53.765625,55.937500,1.085938,2284.250000,2981.000000,0,,,,,,,,two_tangents_not_visible,,,,,,,0,0,0,0,0,0,,1172.750000,,72.233107,,,,,0,,0,,,-0.422929,7,202.706946,107.147505,-0.422929,,,0,0,0,0,
53.616185,1785250097.080915928,search_open_space,50,-28,-28,paper_passing_first_vehicle,33,33,8,25,4,2,1,1,1,7,25.597568,22,0,1,1,0,5,1,-53.765625,55.937500,1.085938,2284.250000,2981.000000,0,,,,,,,,two_tangents_not_visible,,,,,,,0,0,0,0,0,0,,1174.000000,,125.900005,,,,,0,,0,,,-1.916301,7,202.779770,75.276415,-1.916301,,,0,0,0,0,
53.704405,1785250097.080915928,search_open_space,50,-28,-28,paper_passing_first_vehicle,33,33,8,25,4,2,1,1,1,7,25.597568,22,0,1,1,0,5,1,-53.765625,55.937500,1.085938,2284.250000,2981.000000,0,,,,,,,,two_tangents_not_visible,,,,,,,0,0,0,0,0,0,,1174.000000,,125.900005,,,,,0,,0,,,-1.916301,7,202.779770,75.276415,-1.916301,,,0,0,0,0,
53.793273,1785250097.195280790,search_open_space,50,-28,-28,paper_passing_first_vehicle,37,37,10,27,4,2,1,1,1,8,10.026252,23,0,1,1,0,5,1,-53.078125,55.937500,1.429688,2322.500000,2981.000000,0,,,,,,,,two_tangents_not_visible,,,,,,,0,0,0,0,0,0,,1170.750000,,141.410878,,,,,0,,0,,,-0.104635,8,235.171389,95.377845,-0.104635,,,0,0,0,0,
53.881953,1785250097.310414076,search_open_space,50,-28,-28,paper_passing_first_vehicle,30,30,5,25,4,2,1,1,1,7,19.150003,24,0,1,1,0,5,1,-52.031250,56.046875,2.007812,2365.500000,2962.000000,0,,,,,,,,two_tangents_not_visible,,,,,,,0,0,0,0,0,0,,1171.500000,,118.641723,,,,,0,,0,,,-3.505043,7,235.134439,139.967550,-3.505043,,,0,0,0,0,
53.971412,1785250097.424232006,search_open_space,50,-28,-28,paper_passing_first_vehicle,28,28,7,21,3,1,1,1,1,6,35.352846,25,0,1,1,0,5,1,-52.031250,55.265625,1.617187,2365.500000,2960.750000,0,,,,,,,,two_tangents_not_visible,,,,,,,0,0,0,0,0,0,,1166.000000,,132.942702,,,,,0,,0,,,-4.230475,6,232.860909,86.646082,-4.230475,,,0,0,0,0,
54.059933,1785250097.424232006,search_open_space,50,-28,-28,paper_passing_first_vehicle,28,28,7,21,3,1,1,1,1,6,35.352846,25,0,1,1,0,5,1,-52.031250,55.265625,1.617187,2365.500000,2960.750000,0,,,,,,,,two_tangents_not_visible,,,,,,,0,0,0,0,0,0,,1166.000000,,132.942702,,,,,0,,0,,,-4.230475,6,232.860909,86.646082,-4.230475,,,0,0,0,0,
54.153712,1785250097.539211988,search_open_space,50,-28,-28,paper_passing_first_vehicle,26,26,5,21,3,1,1,1,1,6,54.130942,26,0,1,1,0,5,1,-52.031250,55.265625,1.617187,2365.500000,2960.750000,0,,,,,,,,two_tangents_not_visible,,,,,,,0,0,0,0,0,0,,1175.750000,,152.830362,,,,,0,,0,,,-7.448039,6,167.046021,280.358746,-7.448039,,,0,0,0,0,
54.241561,1785250097.650968075,prealign_left,35,-150,-28,first_vehicle_end_left_acquiring_ab,31,31,6,24,3,1,1,1,1,6,81.887398,27,0,1,1,0,5,1,-52.031250,55.265625,1.617187,2365.500000,2960.750000,0,,,,,,,,filtered_pair_unavailable,,,,,,,0,1,0,0,0,0,,1172.500000,,114.925097,,,,,0,,0,,,0.648733,6,203.233932,355.753968,0.648733,,,0,0,0,0,
54.329828,1785250097.764642000,prealign_left,35,-150,-28,first_vehicle_end_left_acquiring_ab,23,23,4,19,3,1,1,1,1,8,75.009477,28,0,1,1,0,5,1,-52.031250,54.875000,1.421875,2365.500000,2974.750000,1,-52.031250,54.875000,1.421875,2365.500000,2974.750000,4305.508829,10.171915,median_filtered_pair,,,,,,,0,1,0,0,0,0,,1179.750000,,206.762197,,,,,0,,0,,,-5.155779,8,236.006401,223.779445,-5.155779,,,0,0,0,0,
54.419418,1785250097.879828930,prealign_left,35,-150,-28,first_vehicle_end_left_acquiring_ab,27,27,4,23,3,1,1,1,1,6,101.065054,29,0,1,1,0,5,1,-56.062500,54.875000,-0.593750,2389.000000,2974.750000,1,-54.046875,54.875000,0.414062,2377.250000,2974.750000,4368.852589,9.296888,median_filtered_pair,,,,,,,0,1,0,0,0,0,,1178.000000,,132.714997,,,,,0,,0,,,-4.486256,6,236.165384,293.736283,-4.486256,,,0,0,0,0,
54.507216,1785250097.879828930,prealign_left,35,-150,-28,first_vehicle_end_left_acquiring_ab,27,27,4,23,3,1,1,1,1,6,101.065054,29,0,1,1,0,5,1,-56.062500,54.875000,-0.593750,2389.000000,2974.750000,1,-54.046875,54.875000,0.414062,2377.250000,2974.750000,4368.852589,9.296888,median_filtered_pair,,,,,,,0,1,0,0,0,0,,1178.000000,,132.714997,,,,,0,,0,,,-4.486256,6,236.165384,293.736283,-4.486256,,,0,0,0,0,
54.597129,1785250097.994852066,prealign_left,50,-150,-28,figure7_t_entry_left entryCenter=+9.8 target<=30.0 confirm=1/3,27,27,5,22,3,1,2,1,1,6,118.230242,30,0,1,1,0,5,1,-50.390625,54.875000,2.242188,2408.750000,2974.750000,1,-52.031250,54.875000,1.421875,2389.000000,2974.750000,4323.169629,9.802984,median_filtered_pair,,,,,,,0,1,1,0,0,0,,1177.500000,,150.191877,,,,,0,,0,,,-4.168811,6,238.289564,298.912934,-4.168811,,,0,0,0,0,
54.690950,1785250098.108886003,prealign_left,50,-150,-28,figure7_t_entry_left entryCenter=+10.1 target<=30.0 confirm=2/3,29,29,4,25,4,1,2,1,1,6,135.972917,31,0,1,1,0,5,1,-50.390625,54.875000,2.242188,2408.750000,2974.750000,1,-50.390625,54.875000,2.242188,2408.750000,2974.750000,4292.370851,10.081138,median_filtered_pair,,,,,,,0,1,2,0,0,0,,1180.750000,,168.154143,,,,,0,,0,,,-3.746045,6,238.885852,175.957449,-3.746045,,,0,0,0,0,
54.778990,1785250098.223274946,reverse_align,-80,50,-28,gap_midpoint_reverse center=+10.1 entrySteer=+2.35 eq5=-2.34 pair=filtered,32,32,5,27,4,1,2,1,1,8,152.816400,32,0,1,1,0,5,1,-50.390625,52.781250,1.195312,2408.750000,3039.750000,1,-50.390625,54.875000,2.242188,2408.750000,2974.750000,4292.370851,10.081138,median_filtered_pair,-566.000000,-0.784766,-1.557286,-2.342052,2.352266,10.081138,0,1,3,0,0,0,,1177.250000,,250.727287,,,,,0,,0,,,-2.880060,8,242.903499,49.073369,-2.880060,,,0,0,0,0,
54.866994,1785250098.338605165,reverse_align,-80,48,-28,gap_midpoint_reverse center=+9.5 entrySteer=+2.22 eq5=-2.35 pair=filtered,26,26,6,20,4,1,2,1,1,5,173.345908,33,0,1,1,0,5,1,-50.390625,52.781250,1.195312,2408.750000,3039.750000,1,-50.390625,52.781250,1.195312,2408.750000,3039.750000,4287.088398,9.504295,median_filtered_pair,-631.000000,-0.418359,-1.935505,-2.353864,2.217669,9.504295,0,1,3,0,0,0,,1185.750000,,173.345908,,,,,0,,0,,,-4.432570,5,238.481995,328.581902,-4.432570,,,0,0,0,0,
54.955776,1785250098.338605165,reverse_align,-80,48,-28,gap_midpoint_reverse center=+9.5 entrySteer=+2.22 eq5=-2.35 pair=filtered,26,26,6,20,4,1,2,1,1,5,173.345908,33,0,1,1,0,5,1,-50.390625,52.781250,1.195312,2408.750000,3039.750000,1,-50.390625,52.781250,1.195312,2408.750000,3039.750000,4287.088398,9.504295,median_filtered_pair,-631.000000,-0.418359,-1.935505,-2.353864,2.217669,9.504295,0,1,3,0,0,0,,1185.750000,,173.345908,,,,,0,,0,,,-4.432570,5,238.481995,328.581902,-4.432570,,,0,0,0,0,
55.045092,1785250098.453037977,reverse_align,-80,48,-28,gap_midpoint_reverse center=+9.5 entrySteer=+2.22 eq5=-2.35 pair=filtered,34,34,5,29,4,1,2,1,1,6,184.748067,34,0,1,1,0,5,1,-50.390625,51.234375,0.421875,2408.750000,3119.750000,1,-50.390625,52.781250,1.195312,2408.750000,3039.750000,4287.088398,9.504295,median_filtered_pair,-631.000000,-0.418359,-1.935505,-2.353864,2.217669,9.504295,0,1,3,0,0,0,,1179.750000,,249.058854,,,,,0,,0,,,-2.624796,7,245.111061,28.950098,-2.624796,,,0,0,0,0,
55.133033,1785250098.567831039,reverse_align,-80,47,-28,gap_midpoint_reverse center=+9.4 entrySteer=+2.19 eq5=-2.61 pair=filtered,27,27,9,18,4,1,2,1,1,5,163.378092,35,0,1,1,0,5,1,-50.546875,51.234375,0.343750,2405.500000,3119.750000,1,-50.390625,51.234375,0.421875,2408.750000,3119.750000,4308.528732,9.386812,median_filtered_pair,-711.000000,-0.147656,-2.457394,-2.605050,2.190256,9.386812,0,1,3,0,0,0,,1187.750000,,163.378092,,,,,0,,0,,,-1.619710,5,242.323216,266.299017,-1.619710,,,0,0,0,0,
55.226762,1785250098.681818008,reverse_align,-80,47,-28,gap_midpoint_reverse center=+9.4 entrySteer=+2.19 eq5=-2.60 pair=filtered,25,25,4,21,4,1,2,1,1,5,122.727849,36,0,1,1,0,5,1,-50.546875,51.234375,0.343750,2405.500000,3119.750000,1,-50.546875,51.234375,0.343750,2405.500000,3119.750000,4310.889403,9.378920,median_filtered_pair,-714.250000,-0.120313,-2.479911,-2.600223,2.188415,9.378920,0,1,3,0,0,0,,1178.500000,,186.897010,,,,,0,,0,,,-10.345849,5,134.434361,47.797917,-10.345849,,,0,0,0,0,
55.314448,1785250098.681818008,reverse_align,-80,47,-28,gap_midpoint_reverse center=+9.4 entrySteer=+2.19 eq5=-2.60 pair=filtered,25,25,4,21,4,1,2,1,1,5,122.727849,36,0,1,1,0,5,1,-50.546875,51.234375,0.343750,2405.500000,3119.750000,1,-50.546875,51.234375,0.343750,2405.500000,3119.750000,4310.889403,9.378920,median_filtered_pair,-714.250000,-0.120313,-2.479911,-2.600223,2.188415,9.378920,0,1,3,0,0,0,,1178.500000,,186.897010,,,,,0,,0,,,-10.345849,5,134.434361,47.797917,-10.345849,,,0,0,0,0,
55.402065,1785250098.796293974,reverse_align,-80,47,-28,gap_midpoint_reverse center=+9.4 entrySteer=+2.19 eq5=-2.60 pair=filtered,25,25,3,22,4,1,2,1,1,8,118.106025,37,0,1,1,0,5,1,-51.046875,51.234375,0.093750,2408.250000,3119.750000,1,-50.546875,51.234375,0.343750,2405.500000,3119.750000,4310.889403,9.378920,median_filtered_pair,-714.250000,-0.120313,-2.479911,-2.600223,2.188415,9.378920,0,1,3,0,0,0,,1176.750000,,213.814552,,,,,0,,0,,,0.680776,8,239.647709,89.820601,0.680776,,,0,0,0,0,
55.490885,1785250098.908123970,reverse_align,-80,46,-28,gap_midpoint_reverse center=+9.2 entrySteer=+2.14 eq5=-2.49 pair=filtered,26,26,5,21,4,1,2,1,1,8,78.892266,38,0,1,1,0,5,1,-51.046875,51.234375,0.093750,2408.250000,3119.750000,1,-51.046875,51.234375,0.093750,2408.250000,3119.750000,4327.673375,9.169596,median_filtered_pair,-711.500000,-0.032813,-2.460851,-2.493664,2.139572,9.169596,0,1,3,0,0,0,,1179.500000,,177.203803,,,,,0,,0,,,-4.777679,8,235.541748,374.049576,-4.777679,,,0,0,0,0,
55.577941,1785250099.022985935,reverse_align,-80,46,-28,gap_midpoint_reverse center=+9.2 entrySteer=+2.14 eq5=-2.49 pair=filtered,36,36,6,30,3,1,2,1,1,8,64.735971,39,0,1,1,0,5,1,-51.046875,54.437500,1.695312,2408.250000,2978.750000,1,-51.046875,51.234375,0.093750,2408.250000,3119.750000,4327.673375,9.169596,median_filtered_pair,-711.500000,-0.032813,-2.460851,-2.493664,2.139572,9.169596,0,1,3,0,0,0,,1174.500000,,161.872765,,,,,0,,0,,,-3.499891,8,235.830053,100.839943,-3.499891,,,0,0,0,0,
55.667411,1785250099.137689114,reverse_align,-80,48,-28,gap_midpoint_reverse center=+9.6 entrySteer=+2.25 eq5=-1.61 pair=filtered,31,31,6,25,3,1,2,1,1,8,42.629731,40,0,1,1,0,5,1,-57.265625,54.437500,-1.414063,2410.750000,2978.750000,1,-51.046875,54.437500,0.093750,2408.250000,2978.750000,4301.506492,9.621662,median_filtered_pair,-570.500000,-0.032813,-1.582147,-1.614960,2.245055,9.621662,0,1,3,0,0,0,,1171.750000,,172.879636,,,,,0,,0,,,-3.037239,8,236.055637,85.772667,-3.037239,,,0,0,0,0,
55.761821,1785250099.137689114,reverse_align,-80,48,-28,gap_midpoint_reverse center=+9.6 entrySteer=+2.25 eq5=-1.61 pair=filtered,31,31,6,25,3,1,2,1,1,8,42.629731,40,0,1,1,0,5,1,-57.265625,54.437500,-1.414063,2410.750000,2978.750000,1,-51.046875,54.437500,0.093750,2408.250000,2978.750000,4301.506492,9.621662,median_filtered_pair,-570.500000,-0.032813,-1.582147,-1.614960,2.245055,9.621662,0,1,3,0,0,0,,1171.750000,,172.879636,,,,,0,,0,,,-3.037239,8,236.055637,85.772667,-3.037239,,,0,0,0,0,
55.849627,1785250099.252404928,reverse_align,-80,37,-28,gap_midpoint_reverse center=+7.5 entrySteer=+1.74 eq5=-1.09 pair=filtered,32,32,7,25,3,1,2,1,1,7,24.112497,41,0,1,1,0,5,1,-58.234375,54.437500,-1.898438,2367.000000,2978.750000,1,-57.265625,54.437500,-1.414063,2408.250000,2978.750000,4469.693349,7.460094,median_filtered_pair,-570.500000,0.494922,-1.582147,-1.087225,1.740689,7.460094,0,1,3,0,0,0,,1171.000000,,90.283735,,,,,0,,0,,,0.235068,7,200.012169,203.107757,0.235068,,,0,0,0,0,
55.938138,1785250099.366607904,reverse_align,-80,39,-28,gap_midpoint_reverse center=+7.9 entrySteer=+1.83 eq5=-1.22 pair=filtered,33,33,8,25,3,1,2,1,1,8,2.575449,42,0,1,1,0,5,1,-58.234375,54.828125,-1.703125,2367.000000,2966.750000,1,-58.234375,54.437500,-1.703125,2367.000000,2978.750000,4462.182260,7.851148,median_filtered_pair,-611.750000,0.596094,-1.819213,-1.223119,1.831934,7.851148,0,1,3,0,0,0,,1171.750000,,102.124742,,,,,0,,0,,,1.451464,8,235.834503,162.792638,1.451464,,,0,0,0,0,
56.026851,1785250099.480926037,reverse_align,-80,39,-28,gap_midpoint_reverse center=+7.9 entrySteer=+1.84 eq5=-1.15 pair=filtered,36,36,10,26,3,1,2,1,1,7,-14.209639,43,0,1,1,0,5,1,-59.125000,54.468750,-2.328125,2364.000000,3009.500000,1,-58.234375,54.468750,-1.898438,2367.000000,2978.750000,4462.977316,7.872427,median_filtered_pair,-611.750000,0.664453,-1.819213,-1.154760,1.836900,7.872427,0,1,3,0,0,0,,1169.250000,,84.425289,,,,,0,,0,,,-5.287868,7,200.232818,214.540564,-5.287868,,,0,0,0,0,
56.115938,1785250099.480926037,reverse_align,-80,39,-28,gap_midpoint_reverse center=+7.9 entrySteer=+1.84 eq5=-1.15 pair=filtered,36,36,10,26,3,1,2,1,1,7,-14.209639,43,0,1,1,0,5,1,-59.125000,54.468750,-2.328125,2364.000000,3009.500000,1,-58.234375,54.468750,-1.898438,2367.000000,2978.750000,4462.977316,7.872427,median_filtered_pair,-611.750000,0.664453,-1.819213,-1.154760,1.836900,7.872427,0,1,3,0,0,0,,1169.250000,,84.425289,,,,,0,,0,,,-5.287868,7,200.232818,214.540564,-5.287868,,,0,0,0,0,
56.205574,1785250099.595478058,reverse_align,-80,40,-28,gap_midpoint_reverse center=+8.1 entrySteer=+1.88 eq5=-1.21 pair=filtered,33,33,8,25,3,1,2,1,1,7,-65.988329,44,0,1,1,0,5,1,-59.703125,54.468750,-2.617188,2338.750000,3009.500000,1,-59.125000,54.468750,-2.328125,2364.000000,3009.500000,4510.066147,8.072785,median_filtered_pair,-645.500000,0.814844,-2.025480,-1.210637,1.883650,8.072785,0,1,3,0,0,0,,1167.750000,,35.661349,,,,,0,,0,,,-4.268732,7,236.518204,92.577394,-4.268732,,,0,0,0,0,
56.298854,1785250099.710275173,reverse_align,-80,43,-28,gap_midpoint_reverse center=+8.5 entrySteer=+1.99 eq5=-1.37 pair=filtered,35,35,9,26,3,1,2,1,1,6,-40.021771,45,0,1,1,0,5,1,-57.375000,54.468750,-1.453125,2240.250000,3009.500000,1,-59.125000,54.468750,-2.328125,2338.750000,3009.500000,4490.113858,8.520018,median_filtered_pair,-670.750000,0.814844,-2.187041,-1.372197,1.988004,8.520018,0,1,3,0,0,0,,1162.500000,,24.725906,,,,,0,,0,,,1.899250,6,164.257426,57.605743,1.899250,,,0,0,0,0,
56.385546,1785250099.824816942,reverse_align,-80,54,-28,gap_midpoint_reverse center=+10.8 entrySteer=+2.51 eq5=-2.37 pair=filtered,36,36,9,27,3,1,2,1,1,7,-120.927995,46,0,1,1,0,5,1,-57.375000,54.468750,-1.453125,2240.250000,3009.500000,1,-57.375000,54.468750,-1.453125,2240.250000,3009.500000,4369.544216,10.768522,median_filtered_pair,-769.250000,0.508594,-2.876541,-2.367947,2.512655,10.768522,0,1,3,0,0,0,,1170.500000,,-17.555581,,,,,0,,0,,,-4.923080,7,235.487229,145.786507,-4.923080,,,0,0,0,0,
56.474282,1785250099.940310001,reverse_align,-80,54,-28,gap_midpoint_reverse center=+10.8 entrySteer=+2.51 eq5=-2.37 pair=filtered,39,39,13,26,3,1,2,1,1,6,-131.345543,47,0,1,1,0,5,1,-68.265625,54.468750,-6.898438,2134.500000,3009.500000,1,-57.375000,54.468750,-1.453125,2240.250000,3009.500000,4369.544216,10.768522,median_filtered_pair,-769.250000,0.508594,-2.876541,-2.367947,2.512655,10.768522,0,1,3,0,0,0,,1172.250000,,3.836172,,,,,0,,0,,,-0.552077,6,236.221494,107.741264,-0.552077,,,0,0,0,0,
56.563856,1785250099.940310001,reverse_align,-80,54,-28,gap_midpoint_reverse center=+10.8 entrySteer=+2.51 eq5=-2.37 pair=filtered,39,39,13,26,3,1,2,1,1,6,-131.345543,47,0,1,1,0,5,1,-68.265625,54.468750,-6.898438,2134.500000,3009.500000,1,-57.375000,54.468750,-1.453125,2240.250000,3009.500000,4369.544216,10.768522,median_filtered_pair,-769.250000,0.508594,-2.876541,-2.367947,2.512655,10.768522,0,1,3,0,0,0,,1172.250000,,3.836172,,,,,0,,0,,,-0.552077,6,236.221494,107.741264,-0.552077,,,0,0,0,0,
56.652185,1785250100.054483891,reverse_align,-80,52,-28,gap_midpoint_reverse center=+10.4 entrySteer=+2.43 eq5=-1.79 pair=filtered,34,34,9,25,3,1,2,1,1,5,-73.248298,48,0,1,1,0,5,1,-69.312500,58.265625,-5.523438,2118.000000,2818.250000,1,-68.265625,54.468750,-5.523438,2134.500000,3009.500000,4534.361377,10.406653,median_filtered_pair,-875.000000,1.933203,-3.721788,-1.788585,2.428219,10.406653,0,1,3,0,0,0,,1174.750000,,-40.678014,,,,,0,,0,,,-1.063526,5,131.472445,321.357197,-1.063526,,,0,0,0,0,
56.740605,1785250100.166193962,reverse_align,-80,52,-28,gap_midpoint_reverse center=+10.4 entrySteer=+2.43 eq5=-1.79 pair=held,44,44,11,33,3,2,2,1,1,8,-197.079937,49,0,1,1,0,5,1,67.531250,84.000000,75.765625,2688.250000,1188.500000,1,-68.265625,54.468750,-5.523438,2134.500000,3009.500000,4534.361377,10.406653,rejected_outlier_held_pair,-875.000000,1.933203,-3.721788,-1.788585,2.428219,10.406653,0,1,3,1,0,0,,1174.500000,,-55.070573,,,,,0,,0,,,-6.217203,8,243.115175,71.981793,-6.217203,,,0,0,0,0,
56.833256,1785250100.281331062,reverse_align,-80,52,-28,gap_midpoint_reverse center=+10.4 entrySteer=+2.43 eq5=-1.79 pair=held,36,36,9,27,3,2,2,1,1,6,-166.371119,50,0,1,1,0,5,1,68.078125,84.484375,76.281250,2684.000000,1181.750000,1,-68.265625,54.468750,-5.523438,2134.500000,3009.500000,4534.361377,10.406653,rejected_outlier_held_pair,-875.000000,1.933203,-3.721788,-1.788585,2.428219,10.406653,0,1,3,2,0,0,,1179.750000,,-98.654816,,,,,0,,0,,,0.946556,6,167.061212,168.639834,0.946556,,,0,0,0,0,
56.921385,1785250100.281331062,reverse_align,-80,52,-28,gap_midpoint_reverse center=+10.4 entrySteer=+2.43 eq5=-1.79 pair=held,36,36,9,27,3,2,2,1,1,6,-166.371119,50,0,1,1,0,5,1,68.078125,84.484375,76.281250,2684.000000,1181.750000,1,-68.265625,54.468750,-5.523438,2134.500000,3009.500000,4534.361377,10.406653,rejected_outlier_held_pair,-875.000000,1.933203,-3.721788,-1.788585,2.428219,10.406653,0,1,3,2,0,0,,1179.750000,,-98.654816,,,,,0,,0,,,0.946556,6,167.061212,168.639834,0.946556,,,0,0,0,0,
57.010230,1785250100.395293951,reverse_align,-80,52,-28,gap_midpoint_reverse center=+10.4 entrySteer=+2.43 eq5=-1.79 pair=held,34,34,12,22,3,2,2,1,1,6,-179.931356,51,0,1,1,0,5,1,68.703125,84.968750,76.835938,2677.250000,1195.750000,1,-68.265625,54.468750,-5.523438,2134.500000,3009.500000,4534.361377,10.406653,rejected_outlier_held_pair,-875.000000,1.933203,-3.721788,-1.788585,2.428219,10.406653,0,1,3,3,0,0,,1189.000000,,-110.409769,,,,,0,,0,,,0.770440,6,169.298451,127.104671,0.770440,,,0,0,0,0,
57.098289,1785250100.509949923,reverse_align,-80,52,-28,gap_midpoint_reverse_reacquire scan=1/6,33,33,7,26,3,2,2,1,1,3,-123.909736,52,0,1,1,0,5,1,71.046875,87.171875,79.109375,2626.250000,1178.000000,0,,,,,,,,reacquiring_pair_1/3,-875.000000,1.933203,-3.721788,-1.788585,2.428219,10.406653,0,1,3,3,0,0,,1188.500000,,-123.909736,,,,,0,,0,,,,0,,,,,,0,0,0,0,
57.185799,1785250100.624699831,reverse_align,-80,52,-28,gap_midpoint_reverse_reacquire scan=2/6,39,39,14,25,3,2,2,1,1,4,-170.435511,53,0,1,1,0,5,1,71.046875,87.859375,79.453125,2626.250000,1189.250000,0,,,,,,,,reacquiring_pair_2/3,-875.000000,1.933203,-3.721788,-1.788585,2.428219,10.406653,0,1,3,3,0,0,,1186.000000,,-69.497900,,,,,0,,0,,,2.268967,4,101.015144,1426.662286,2.268967,,,0,0,0,0,
57.274352,1785250100.738914967,reverse_align,-80,150,-28,gap_midpoint_reverse center=+76.2 entrySteer=+7.00 eq5=+3.14 pair=filtered,37,37,11,26,4,2,2,1,1,4,-187.671221,54,0,1,1,0,5,1,71.046875,89.968750,80.507812,2626.250000,1182.250000,1,71.046875,87.859375,79.453125,2626.250000,1182.250000,1533.154831,76.246165,median_filtered_pair,1444.000000,-7.000000,10.136078,3.136078,7.000000,76.246165,0,1,3,0,0,0,,1200.000000,,-85.013527,,,,,0,,0,,,1.939491,4,102.722629,1463.137258,1.939491,,,0,0,0,0,
57.368564,1785250100.738914967,reverse_align,-80,150,-28,gap_midpoint_reverse center=+76.2 entrySteer=+7.00 eq5=+3.14 pair=filtered,37,37,11,26,4,2,2,1,1,4,-187.671221,54,0,1,1,0,5,1,71.046875,89.968750,80.507812,2626.250000,1182.250000,1,71.046875,87.859375,79.453125,2626.250000,1182.250000,1533.154831,76.246165,median_filtered_pair,1444.000000,-7.000000,10.136078,3.136078,7.000000,76.246165,0,1,3,0,0,0,,1200.000000,,-85.013527,,,,,0,,0,,,1.939491,4,102.722629,1463.137258,1.939491,,,0,0,0,0,
57.456714,1785250100.853573799,reverse_align,-80,150,-28,gap_midpoint_reverse center=+76.9 entrySteer=+7.00 eq5=+3.04 pair=filtered,34,34,9,25,3,2,2,1,1,4,-197.913572,55,0,1,1,0,5,1,71.046875,90.515625,80.781250,2626.250000,1190.000000,1,71.046875,89.968750,80.507812,2626.250000,1189.250000,1550.006987,76.916587,median_filtered_pair,1437.000000,-7.000000,10.038044,3.038044,7.000000,76.916587,0,1,3,0,0,0,,1199.250000,,-128.607821,,,,,0,,0,,,-1.767205,4,103.405473,99.336312,-1.767205,,,0,0,0,0,
57.544747,1785250100.968595028,reverse_align,-80,150,-28,gap_midpoint_reverse center=+77.1 entrySteer=+7.00 eq5=+3.03 pair=filtered,41,41,14,27,3,2,2,1,1,3,-171.293228,56,0,1,1,0,5,1,71.468750,91.203125,81.335938,2608.500000,1195.250000,1,71.046875,90.515625,80.781250,2626.250000,1190.000000,1555.697555,77.087173,median_filtered_pair,1436.250000,-7.000000,10.027568,3.027568,7.000000,77.087173,0,1,3,0,0,0,,1198.250000,,-171.293228,,,,,0,,0,,,,0,,,,,,0,0,0,0,
57.632678,1785250101.083108187,reverse_align,-80,150,-28,gap_midpoint_reverse center=+77.6 entrySteer=+7.00 eq5=+2.78 pair=filtered,43,43,17,26,3,2,2,1,0,0,,0,1,1,1,0,5,1,72.078125,93.359375,82.718750,2604.500000,1186.000000,1,71.468750,91.203125,81.335938,2608.500000,1190.000000,1541.675449,77.619522,median_filtered_pair,1418.500000,-7.000000,9.781247,2.781247,7.000000,77.619522,0,1,3,0,0,0,,1213.000000,,-149.797287,,,,,0,,0,,,,0,,,,,,0,0,0,0,
57.721461,1785250101.083108187,reverse_align,-80,150,-28,gap_midpoint_reverse center=+77.6 entrySteer=+7.00 eq5=+2.78 pair=filtered,43,43,17,26,3,2,2,1,0,0,,0,1,1,1,0,5,1,72.078125,93.359375,82.718750,2604.500000,1186.000000,1,71.468750,91.203125,81.335938,2608.500000,1190.000000,1541.675449,77.619522,median_filtered_pair,1418.500000,-7.000000,9.781247,2.781247,7.000000,77.619522,0,1,3,0,0,0,,1213.000000,,-149.797287,,,,,0,,0,,,,0,,,,,,0,0,0,0,
57.809385,1785250101.196993113,reverse_align,-80,150,-28,gap_midpoint_reverse center=+78.7 entrySteer=+7.00 eq5=+2.65 pair=filtered,32,32,13,19,3,2,2,1,0,0,,0,2,1,1,0,5,1,72.078125,94.062500,83.070312,2604.500000,1200.000000,1,72.078125,93.359375,82.718750,2604.500000,1195.250000,1552.591410,78.732797,median_filtered_pair,1409.250000,-7.000000,9.654096,2.654096,7.000000,78.732797,0,1,3,0,0,0,,1204.750000,,-164.414702,,,,,0,,0,,,,0,,,,,,0,0,0,0,
57.903243,1785250101.312975883,reverse_align,-80,150,-28,gap_midpoint_reverse center=+79.0 entrySteer=+7.00 eq5=+2.59 pair=filtered,33,33,11,22,3,2,2,1,1,3,-189.545069,1,0,1,1,0,5,1,72.078125,94.500000,83.289062,2604.500000,1204.750000,1,72.078125,94.062500,83.070312,2604.500000,1200.000000,1557.928451,78.968837,median_filtered_pair,1404.500000,-7.000000,9.589126,2.589126,7.000000,78.968837,0,1,3,0,0,0,,1197.000000,,-120.574669,,,,,0,,0,,,,0,,,,,,0,0,0,0,
57.991201,1785250101.426408052,reverse_align,-80,150,-28,gap_midpoint_reverse center=+79.0 entrySteer=+7.00 eq5=+2.59 pair=filtered,40,40,17,23,3,2,2,1,1,5,-164.502605,2,0,1,1,0,5,1,72.078125,91.593750,81.835938,2604.500000,1179.000000,1,72.078125,94.062500,83.070312,2604.500000,1200.000000,1557.928451,78.968837,median_filtered_pair,1404.500000,-7.000000,9.589126,2.589126,7.000000,78.968837,0,1,3,0,0,0,,1173.250000,,-64.917553,,,,,0,,0,,,2.333141,5,131.957145,266.009677,2.333141,,,0,0,0,0,
58.080324,1785250101.538745165,reverse_align,-80,150,-28,gap_midpoint_reverse center=+78.1 entrySteer=+7.00 eq5=+2.88 pair=filtered,36,36,11,25,4,2,2,1,1,4,-48.585108,3,0,1,1,0,5,1,72.078125,87.515625,79.796875,2604.500000,1154.750000,1,72.078125,91.593750,81.835938,2604.500000,1179.000000,1544.302984,78.128731,median_filtered_pair,1425.500000,-7.000000,9.878022,2.878022,7.000000,78.128731,0,1,3,0,0,0,,1146.500000,,17.820867,,,,,0,,0,,,,0,,,,,,0,0,0,0,
58.168931,1785250101.538745165,reverse_align,-80,150,-28,gap_midpoint_reverse center=+78.1 entrySteer=+7.00 eq5=+2.88 pair=filtered,36,36,11,25,4,2,2,1,1,4,-48.585108,3,0,1,1,0,5,1,72.078125,87.515625,79.796875,2604.500000,1154.750000,1,72.078125,91.593750,81.835938,2604.500000,1179.000000,1544.302984,78.128731,median_filtered_pair,1425.500000,-7.000000,9.878022,2.878022,7.000000,78.128731,0,1,3,0,0,0,,1146.500000,,17.820867,,,,,0,,0,,,,0,,,,,,0,0,0,0,
58.258067,1785250101.652336121,reverse_align,-80,150,-28,gap_midpoint_reverse center=+78.1 entrySteer=+7.00 eq5=+2.88 pair=held,41,41,14,27,3,1,2,1,1,7,-73.112703,4,0,1,1,0,5,1,-65.078125,54.203125,-5.437500,2233.500000,2723.500000,1,72.078125,91.593750,81.835938,2604.500000,1179.000000,1544.302984,78.128731,rejected_outlier_held_pair,1425.500000,-7.000000,9.878022,2.878022,7.000000,78.128731,0,1,3,1,0,0,,1124.000000,,25.132828,,,,,0,,0,,,-12.877424,7,199.106536,65.720617,-12.877424,,,0,0,0,0,
58.346544,1785250101.768245935,reverse_align,-80,150,-28,gap_midpoint_reverse center=+78.1 entrySteer=+7.00 eq5=+2.88 pair=held,34,34,11,23,3,1,2,1,1,7,5.243332,5,0,1,1,0,5,1,-64.546875,51.812500,-6.367187,2294.750000,2756.000000,1,72.078125,91.593750,81.835938,2604.500000,1179.000000,1544.302984,78.128731,rejected_outlier_held_pair,1425.500000,-7.000000,9.878022,2.878022,7.000000,78.128731,0,1,3,2,0,0,,1100.250000,,191.647356,,,,,0,,0,,,-12.478793,7,192.375087,146.871256,-12.478793,,,0,0,0,0,
58.440323,1785250101.881938934,reverse_align,-80,150,-28,gap_midpoint_reverse center=+78.1 entrySteer=+7.00 eq5=+2.88 pair=held,29,29,12,17,6,1,2,1,1,8,80.093419,6,0,1,1,0,5,1,-64.546875,49.375000,-7.585937,2294.750000,2702.750000,1,72.078125,91.593750,81.835938,2604.500000,1179.000000,1544.302984,78.128731,rejected_outlier_held_pair,1425.500000,-7.000000,9.878022,2.878022,7.000000,78.128731,0,1,3,3,0,0,,1054.750000,,196.453629,,,,,0,,0,,,-13.754366,8,245.090996,114.219547,-13.754366,,,0,0,0,0,
58.528740,1785250101.997375011,reverse_align,-80,150,-28,gap_midpoint_reverse_reacquire scan=1/6,23,23,5,18,6,1,2,1,1,5,236.362903,7,0,1,1,0,5,1,-64.546875,40.390625,-12.078125,2294.750000,2746.500000,0,,,,,,,,reacquiring_pair_1/3,1425.500000,-7.000000,9.878022,2.878022,7.000000,78.128731,0,1,3,3,0,0,,1009.750000,,342.247877,,,,,0,,0,,,-16.223914,9,234.959060,101.435406,-16.223914,,,0,0,0,0,
58.617898,1785250101.997375011,reverse_align,-80,150,-28,gap_midpoint_reverse_reacquire scan=1/6,23,23,5,18,6,1,2,1,1,5,236.362903,7,0,1,1,0,5,1,-64.546875,40.390625,-12.078125,2294.750000,2746.500000,0,,,,,,,,reacquiring_pair_1/3,1425.500000,-7.000000,9.878022,2.878022,7.000000,78.128731,0,1,3,3,0,0,,1009.750000,,342.247877,,,,,0,,0,,,-16.223914,9,234.959060,101.435406,-16.223914,,,0,0,0,0,
58.706996,1785250102.111066818,reverse_align,-80,150,-28,gap_midpoint_reverse_reacquire scan=2/6,21,21,6,15,5,1,2,1,0,0,,0,1,1,1,0,5,1,-64.546875,34.296875,-15.125000,2294.750000,2841.250000,0,,,,,,,,reacquiring_pair_2/3,1425.500000,-7.000000,9.878022,2.878022,7.000000,78.128731,0,1,3,3,0,0,,,,,,,,,0,,0,,,-22.134623,8,229.049960,131.954004,-22.134623,,,0,0,0,0,
58.795182,1785250102.225582123,reverse_align,-80,-40,-28,gap_midpoint_reverse center=-8.0 entrySteer=-1.88 eq5=+5.55 pair=filtered,17,17,5,12,6,1,2,1,0,0,,0,2,1,1,0,5,1,-64.546875,34.296875,-15.125000,2294.750000,2841.250000,1,-64.546875,34.296875,-15.125000,2294.750000,2841.250000,3917.057692,-8.042767,median_filtered_pair,-546.500000,7.000000,-1.451830,5.548170,-1.876646,-8.042767,0,1,3,0,0,0,,,,,,,,,0,,0,,,-23.615252,8,233.835393,155.342369,-23.615252,,,0,0,0,0,
58.883389,1785250102.340011120,reverse_align,-80,-40,-28,gap_midpoint_reverse center=-8.0 entrySteer=-1.88 eq5=+5.55 pair=filtered,31,31,11,20,7,1,2,0,0,0,,0,3,1,1,0,5,1,-67.921875,34.296875,-16.812500,2540.750000,2841.250000,1,-64.546875,34.296875,-15.125000,2294.750000,2841.250000,3917.057692,-8.042767,median_filtered_pair,-546.500000,7.000000,-1.451830,5.548170,-1.876646,-8.042767,0,1,3,0,0,0,,,,,,,,,0,,0,,,-20.425141,9,246.534291,103.889038,-20.425141,,,0,0,0,0,
58.977992,1785250102.340011120,reverse_align,-80,-40,-28,gap_midpoint_reverse center=-8.0 entrySteer=-1.88 eq5=+5.55 pair=filtered,31,31,11,20,7,1,2,0,0,0,,0,3,1,1,0,5,1,-67.921875,34.296875,-16.812500,2540.750000,2841.250000,1,-64.546875,34.296875,-15.125000,2294.750000,2841.250000,3917.057692,-8.042767,median_filtered_pair,-546.500000,7.000000,-1.451830,5.548170,-1.876646,-8.042767,0,1,3,0,0,0,,,,,,,,,0,,0,,,-20.425141,9,246.534291,103.889038,-20.425141,,,0,0,0,0,
59.067043,1785250102.455738068,reverse_align,-80,-60,-28,gap_midpoint_reverse center=-12.0 entrySteer=-2.81 eq5=+6.56 pair=filtered,25,25,9,16,4,1,2,0,0,0,,0,4,1,1,0,5,1,-66.015625,36.046875,-14.984375,2573.000000,2765.000000,1,-66.015625,34.296875,-15.125000,2540.750000,2841.250000,4136.752820,-12.031397,median_filtered_pair,-300.500000,7.000000,-0.438960,6.561040,-2.807326,-12.031397,0,1,3,0,0,0,,,,,,,,,0,,0,,,-18.461960,7,232.427236,112.379185,-18.461960,,,0,0,0,0,
59.156116,1785250102.569507122,reverse_align,-80,-62,-28,gap_midpoint_reverse center=-12.5 entrySteer=-2.91 eq5=+6.65 pair=filtered,21,21,5,16,7,1,2,0,0,0,,0,5,1,1,0,5,1,-66.015625,34.296875,-15.859375,2573.000000,2841.250000,1,-66.015625,34.296875,-15.859375,2573.000000,2841.250000,4160.582780,-12.461500,median_filtered_pair,-268.250000,7.000000,-0.349796,6.650204,-2.907683,-12.461500,0,1,3,0,0,0,,,,,,,,,0,,0,,,-25.459141,5,131.948671,204.542531,-25.459141,,,0,0,0,0,
59.243837,1785250102.684422970,reverse_align,-80,-62,-28,gap_midpoint_reverse center=-12.5 entrySteer=-2.91 eq5=+6.65 pair=filtered,15,15,6,9,5,1,2,0,0,0,,0,6,1,1,0,5,1,-66.015625,32.968750,-16.523437,2573.000000,2992.250000,1,-66.015625,34.296875,-15.859375,2573.000000,2841.250000,4160.582780,-12.461500,median_filtered_pair,-268.250000,7.000000,-0.349796,6.650204,-2.907683,-12.461500,0,1,3,0,0,0,,,,,,,,,0,,0,,,,0,,,,,,0,0,0,0,
59.332292,1785250102.799381018,reverse_align,-80,-57,-28,gap_midpoint_reverse center=-11.5 entrySteer=-2.68 eq5=+6.15 pair=filtered,20,20,3,17,5,1,2,0,0,0,,0,7,1,1,0,5,1,-66.015625,29.031250,-18.492187,2573.000000,3058.250000,1,-66.015625,32.968750,-16.523437,2573.000000,2992.250000,4240.110602,-11.484136,median_filtered_pair,-419.250000,7.000000,-0.854440,6.145560,-2.679632,-11.484136,0,1,3,0,0,0,,,,,,,,,0,,0,,,-30.530874,5,143.504875,451.880606,-30.530874,,,0,0,0,0,
59.421871,1785250102.799381018,reverse_align,-80,-57,-28,gap_midpoint_reverse center=-11.5 entrySteer=-2.68 eq5=+6.15 pair=filtered,20,20,3,17,5,1,2,0,0,0,,0,7,1,1,0,5,1,-66.015625,29.031250,-18.492187,2573.000000,3058.250000,1,-66.015625,32.968750,-16.523437,2573.000000,2992.250000,4240.110602,-11.484136,median_filtered_pair,-419.250000,7.000000,-0.854440,6.145560,-2.679632,-11.484136,0,1,3,0,0,0,,,,,,,,,0,,0,,,-30.530874,5,143.504875,451.880606,-30.530874,,,0,0,0,0,
59.515451,1785250102.914134979,reverse_align,-80,-66,-28,gap_midpoint_reverse center=-13.1 entrySteer=-3.06 eq5=+5.86 pair=filtered,20,20,5,15,6,1,2,0,0,0,,0,8,1,1,0,5,1,-66.015625,26.328125,-19.843750,2573.000000,3098.250000,1,-66.015625,29.031250,-18.492187,2573.000000,3058.250000,4166.255358,-13.115557,median_filtered_pair,-485.250000,7.000000,-1.144634,5.855366,-3.060297,-13.115557,0,1,3,0,0,0,,1934.000000,,-287.428176,,,,,0,,0,,,-39.352110,6,214.486648,20.559381,-39.352110,,,0,0,0,0,
59.603931,1785250103.025279999,reverse_align,-80,-66,-28,gap_midpoint_reverse center=-13.1 entrySteer=-3.06 eq5=+5.86 pair=held,16,16,3,13,7,1,2,0,0,0,,0,9,1,0,0,5,1,-67.640625,29.328125,-19.156250,2613.250000,1345.500000,1,-66.015625,29.031250,-18.492187,2573.000000,3058.250000,4166.255358,-13.115557,rejected_outlier_held_pair,-485.250000,7.000000,-1.144634,5.855366,-3.060297,-13.115557,0,1,3,1,0,0,,1726.000000,,-265.820991,,,,,0,,0,,,-32.684570,4,197.009698,44.685659,-32.684570,,,0,0,0,0,
59.691376,1785250103.139374018,reverse_align,-80,-66,-28,gap_midpoint_reverse center=-13.1 entrySteer=-3.06 eq5=+5.86 pair=held,15,15,2,13,6,1,2,0,0,0,,0,10,1,0,0,5,1,-67.640625,29.328125,-19.156250,2613.250000,1345.500000,1,-66.015625,29.031250,-18.492187,2573.000000,3058.250000,4166.255358,-13.115557,rejected_outlier_held_pair,-485.250000,7.000000,-1.144634,5.855366,-3.060297,-13.115557,0,1,3,2,0,0,,1485.250000,,-226.341576,,,,,0,,0,,,-58.062651,6,226.614837,29.526594,-58.062651,,,0,0,0,0,
59.779195,1785250103.139374018,reverse_align,-80,-66,-28,gap_midpoint_reverse center=-13.1 entrySteer=-3.06 eq5=+5.86 pair=held,15,15,2,13,6,1,2,0,0,0,,0,10,1,0,0,5,1,-67.640625,29.328125,-19.156250,2613.250000,1345.500000,1,-66.015625,29.031250,-18.492187,2573.000000,3058.250000,4166.255358,-13.115557,rejected_outlier_held_pair,-485.250000,7.000000,-1.144634,5.855366,-3.060297,-13.115557,0,1,3,2,0,0,,1485.250000,,-226.341576,,,,,0,,0,,,-58.062651,6,226.614837,29.526594,-58.062651,,,0,0,0,0,
59.868395,1785250103.254606009,reverse_align,-80,-66,-28,gap_midpoint_reverse center=-13.1 entrySteer=-3.06 eq5=+5.86 pair=held,16,16,3,13,8,2,2,0,1,3,-124.741657,1,0,1,0,0,5,1,69.265625,91.812500,80.539062,2559.250000,1421.000000,1,-66.015625,29.031250,-18.492187,2573.000000,3058.250000,4166.255358,-13.115557,rejected_outlier_held_pair,-485.250000,7.000000,-1.144634,5.855366,-3.060297,-13.115557,0,1,3,3,0,0,,1408.250000,,-82.904809,,,,,0,,0,,,,0,,,,,,0,0,0,0,
59.956843,1785250103.369235992,reverse_align,-80,-66,-28,gap_midpoint_reverse_reacquire scan=1/6,26,26,6,20,7,2,2,1,1,6,-140.383317,2,0,2,0,0,5,1,66.468750,85.562500,76.015625,2564.500000,1351.500000,0,,,,,,,,reacquiring_pair_1/3,-485.250000,7.000000,-1.144634,5.855366,-3.060297,-13.115557,0,1,3,3,0,0,,1351.500000,,104.567692,,,,,0,,0,,,-40.316130,6,312.576477,363.558308,-40.316130,,,0,0,0,0,
60.049360,1785250103.483326912,reverse_align,-80,-66,-28,gap_midpoint_reverse_reacquire scan=2/6,23,23,2,21,7,2,2,1,1,7,17.125805,3,0,2,0,0,5,1,63.625000,79.515625,71.570312,2579.250000,1307.500000,0,,,,,,,,reacquiring_pair_2/3,-485.250000,7.000000,-1.144634,5.855366,-3.060297,-13.115557,0,1,3,3,0,0,,1307.500000,,237.922346,,,,,0,,0,,,-44.769293,7,304.357496,940.628430,-44.769293,,,0,0,0,0,
60.138024,1785250103.598645926,reverse_align,-80,-66,-28,gap_midpoint_reverse_reacquire scan=3/6,28,28,5,23,8,1,2,1,1,8,117.141429,4,0,2,0,0,5,1,-75.640625,-1.187500,-38.414062,2923.750000,1637.750000,0,,,,,,,,reacquiring_pair_1/3,-485.250000,7.000000,-1.144634,5.855366,-3.060297,-13.115557,0,1,3,3,0,0,,1276.250000,,351.447602,,,,,0,,0,,,-48.131848,8,343.519336,1558.245392,-48.131848,,,0,0,0,0,
60.226995,1785250103.598645926,reverse_align,-80,-66,-28,gap_midpoint_reverse_reacquire scan=3/6,28,28,5,23,8,1,2,1,1,8,117.141429,4,0,2,0,0,5,1,-75.640625,-1.187500,-38.414062,2923.750000,1637.750000,0,,,,,,,,reacquiring_pair_1/3,-485.250000,7.000000,-1.144634,5.855366,-3.060297,-13.115557,0,1,3,3,0,0,,1276.250000,,351.447602,,,,,0,,0,,,-48.131848,8,343.519336,1558.245392,-48.131848,,,0,0,0,0,
60.314500,1785250103.712862968,reverse_align,-80,-66,-28,gap_midpoint_reverse_reacquire scan=4/6,26,26,3,23,10,2,2,1,1,7,195.870976,5,0,2,0,0,5,1,55.125000,70.875000,63.000000,2562.750000,1253.750000,0,,,,,,,,reacquiring_pair_1/3,-485.250000,7.000000,-1.144634,5.855366,-3.060297,-13.115557,0,1,3,3,0,0,,1253.750000,,410.766338,,,,,0,,0,,,-51.075939,7,333.231161,990.483556,-51.075939,,,0,0,0,0,
60.403634,1785250103.828092813,reverse_align,-80,-66,-28,gap_midpoint_reverse_reacquire scan=5/6,27,27,7,20,10,2,2,1,1,7,242.423815,6,0,2,1,0,5,1,50.640625,68.843750,59.742188,2567.250000,1237.750000,0,,,,,,,,reacquiring_pair_2/3,-485.250000,7.000000,-1.144634,5.855366,-3.060297,-13.115557,0,1,3,3,0,0,,1253.750000,,418.832630,,,,,0,,0,,,-52.229246,8,327.914773,1640.970214,-52.229246,,,0,0,0,0,
60.491941,1785250103.942316055,reverse_align,-80,-66,-28,gap_midpoint_reverse_reacquire scan=6/6,31,31,7,24,6,3,2,1,1,7,238.292686,7,0,2,1,0,5,1,8.859375,29.640625,19.250000,1449.500000,2619.750000,0,,,,,,,,reacquiring_pair_1/3,-485.250000,7.000000,-1.144634,5.855366,-3.060297,-13.115557,0,1,3,3,0,0,,1251.000000,,416.305777,,,,,0,,0,,,-51.212268,9,359.904601,398.253815,-51.212268,,,0,0,0,0,
60.584391,1785250103.942316055,reverse_align,-80,-66,-28,gap_midpoint_reverse_reacquire scan=6/6,31,31,7,24,6,3,2,1,1,7,238.292686,7,0,2,1,0,5,1,8.859375,29.640625,19.250000,1449.500000,2619.750000,0,,,,,,,,reacquiring_pair_1/3,-485.250000,7.000000,-1.144634,5.855366,-3.060297,-13.115557,0,1,3,3,0,0,,1251.000000,,416.305777,,,,,0,,0,,,-51.212268,9,359.904601,398.253815,-51.212268,,,0,0,0,0,
60.674088,1785250104.057188034,prealign_left,50,-150,-28,figure7_t_entry_left entryCenter=+53.8 target<=30.0 confirm=0/3,32,32,7,25,7,2,2,1,1,7,237.589712,8,0,2,1,0,5,1,47.421875,67.312500,57.367188,2596.250000,1231.750000,1,47.421875,67.312500,57.367188,2596.250000,1231.750000,1497.802727,53.790771,median_filtered_pair,,,,,,,1,1,0,0,0,0,,1237.750000,,412.214753,,,,,0,,0,,,-50.610817,9,351.348764,157.352971,-50.610817,,,0,0,0,0,
60.765117,1785250104.171832085,prealign_left,50,-150,-28,figure7_t_entry_left entryCenter=+52.6 target<=30.0 confirm=0/3,22,22,4,18,6,3,2,1,1,8,201.156155,9,0,2,1,0,5,1,44.015625,67.312500,55.664062,2592.000000,1231.750000,1,45.718750,67.312500,56.515625,2594.125000,1231.750000,1518.084758,52.630712,median_filtered_pair,,,,,,,1,1,0,0,0,0,,1220.500000,,408.979635,,,,,0,,0,,,-50.962235,9,363.516101,388.972156,-50.962235,,,0,0,0,0,
60.851726,1785250104.286866903,prealign_left,50,-150,-28,figure7_t_entry_left entryCenter=+51.5 target<=30.0 confirm=0/3,20,20,4,16,6,3,2,1,1,7,222.198873,10,0,2,1,0,5,1,43.937500,67.312500,55.625000,2560.000000,1231.750000,1,44.015625,67.312500,55.664062,2592.000000,1231.750000,1539.770807,51.469738,median_filtered_pair,,,,,,,1,1,0,0,0,0,,1221.750000,,398.077906,,,,,0,,0,,,-50.481597,8,309.664094,202.492559,-50.481597,,,0,0,0,0,
60.940736,1785250104.397445202,prealign_left,50,-150,-28,figure7_t_entry_left entryCenter=+51.5 target<=30.0 confirm=0/3,30,30,14,16,5,3,2,1,1,7,215.635974,11,0,2,1,0,5,1,7.968750,26.343750,17.156250,1585.750000,2538.250000,1,44.015625,67.312500,55.664062,2592.000000,1231.750000,1539.770807,51.469738,rejected_outlier_held_pair,,,,,,,1,1,0,1,0,0,,1236.250000,,394.824650,,,,,0,,0,,,-51.715431,8,324.632390,966.290039,-51.715431,,,0,0,0,0,
61.030686,1785250104.397445202,prealign_left,50,-150,-28,figure7_t_entry_left entryCenter=+51.5 target<=30.0 confirm=0/3,30,30,14,16,5,3,2,1,1,7,215.635974,11,0,2,1,0,5,1,7.968750,26.343750,17.156250,1585.750000,2538.250000,1,44.015625,67.312500,55.664062,2592.000000,1231.750000,1539.770807,51.469738,rejected_outlier_held_pair,,,,,,,1,1,0,1,0,0,,1236.250000,,394.824650,,,,,0,,0,,,-51.715431,8,324.632390,966.290039,-51.715431,,,0,0,0,0,
61.125148,1785250104.512546062,prealign_left,50,-150,-28,figure7_t_entry_left entryCenter=+51.5 target<=30.0 confirm=0/3,23,23,6,17,5,3,2,1,1,7,243.535211,12,0,2,1,0,5,1,7.968750,26.343750,17.156250,1585.750000,2538.250000,1,44.015625,67.312500,55.664062,2592.000000,1231.750000,1539.770807,51.469738,rejected_outlier_held_pair,,,,,,,1,1,0,2,0,0,,1250.000000,,418.864846,,,,,0,,0,,,-51.111277,9,355.739767,365.671556,-51.111277,,,0,0,0,0,
61.214409,1785250104.626750946,prealign_left,50,-150,-28,figure7_t_entry_left entryCenter=+51.5 target<=30.0 confirm=0/3,22,22,5,17,5,3,2,1,1,6,260.895728,13,0,2,1,0,5,1,7.968750,26.343750,17.156250,1585.750000,2538.250000,1,44.015625,67.312500,55.664062,2592.000000,1231.750000,1539.770807,51.469738,rejected_outlier_held_pair,,,,,,,1,1,0,3,0,0,,1293.750000,,414.525694,,,,,0,,0,,,-51.555552,9,362.275903,843.808025,-51.555552,,,0,0,0,0,
61.302922,1785250104.741957188,prealign_left,50,-150,-28,figure7_left_forward_reacquire_ab missing=0/3,22,22,5,17,5,3,2,1,1,6,289.775181,14,0,2,1,0,5,1,-2.578125,26.343750,11.882812,1446.000000,2538.250000,0,,,,,,,,reacquiring_pair_1/3,,,,,,,1,1,0,0,1,0,,1297.750000,,440.862238,,,,,0,,0,,,-52.103010,9,360.923196,985.248266,-52.103010,,,0,0,0,0,
61.392698,1785250104.855672121,prealign_left,50,-150,-28,figure7_left_forward_reacquire_ab missing=0/3,25,25,7,18,5,2,2,1,1,5,318.605807,15,0,2,1,0,5,1,6.125000,39.687500,22.906250,1443.500000,2506.250000,0,,,,,,,,reacquiring_pair_2/3,,,,,,,1,1,0,0,1,0,,1323.000000,,439.925576,,,,,0,,0,,,-52.388217,9,352.804585,611.558054,-52.388217,,,0,0,0,0,
61.482382,1785250104.855672121,prealign_left,50,-150,-28,figure7_left_forward_reacquire_ab missing=0/3,25,25,7,18,5,2,2,1,1,5,318.605807,15,0,2,1,0,5,1,6.125000,39.687500,22.906250,1443.500000,2506.250000,0,,,,,,,,reacquiring_pair_2/3,,,,,,,1,1,0,0,1,0,,1323.000000,,439.925576,,,,,0,,0,,,-52.388217,9,352.804585,611.558054,-52.388217,,,0,0,0,0,
61.570660,1785250104.970994949,reverse_align,-80,138,-28,gap_midpoint_reverse center=+27.5 entrySteer=+6.43 eq5=-7.00 pair=filtered,40,40,25,15,6,2,2,1,1,4,347.205314,16,0,2,1,0,5,1,6.125000,39.687500,22.906250,1443.500000,2506.250000,1,6.125000,39.687500,22.906250,1443.500000,2506.250000,1528.307514,27.545081,median_filtered_pair,-1062.750000,-7.000000,-5.490321,-7.000000,6.427186,27.545081,0,1,3,0,0,0,,1348.000000,,439.560971,,,,,0,71.051293,4,106.550919,1565.441168,-52.973993,9,350.350080,608.841694,-52.973993,,,0,0,0,0,
61.664228,1785250105.085685015,reverse_align,-80,138,-28,gap_midpoint_reverse center=+27.5 entrySteer=+6.43 eq5=-7.00 pair=filtered,45,45,22,23,7,2,2,1,1,3,374.707310,17,0,2,1,0,5,1,16.625000,39.687500,28.156250,1223.750000,2506.250000,1,6.125000,39.687500,22.906250,1443.500000,2506.250000,1528.307514,27.545081,median_filtered_pair,-1062.750000,-7.000000,-5.490321,-7.000000,6.427186,27.545081,0,1,3,0,0,0,,1377.000000,,435.147541,,,,,0,75.982626,9,524.456599,2748.733016,-53.821340,9,352.319177,754.712477,75.982626,,,0,0,0,0,
61.751689,1785250105.200604916,reverse_align,-80,150,-28,gap_midpoint_reverse center=+32.2 entrySteer=+7.00 eq5=-7.00 pair=filtered,39,39,15,24,8,2,2,1,1,3,390.041495,18,0,2,1,0,5,1,16.625000,43.359375,29.992188,1223.750000,2517.750000,1,16.625000,39.687500,28.156250,1223.750000,2506.250000,1461.181381,32.168923,median_filtered_pair,-1282.500000,-7.000000,-7.995586,-7.000000,7.000000,32.168923,0,1,3,0,0,0,,1372.500000,,452.147029,,,,,0,71.911247,5,129.876685,2130.677036,-54.573873,9,350.405992,579.844117,-54.573873,,,0,0,0,0,
61.841516,1785250105.200604916,reverse_align,-80,150,-28,gap_midpoint_reverse center=+32.2 entrySteer=+7.00 eq5=-7.00 pair=filtered,39,39,15,24,8,2,2,1,1,3,390.041495,18,0,2,1,0,5,1,16.625000,43.359375,29.992188,1223.750000,2517.750000,1,16.625000,39.687500,28.156250,1223.750000,2506.250000,1461.181381,32.168923,median_filtered_pair,-1282.500000,-7.000000,-7.995586,-7.000000,7.000000,32.168923,0,1,3,0,0,0,,1372.500000,,452.147029,,,,,0,71.911247,5,129.876685,2130.677036,-54.573873,9,350.405992,579.844117,-54.573873,,,0,0,0,0,
61.930358,1785250105.314507961,reverse_align,-80,150,-28,gap_midpoint_reverse center=+32.2 entrySteer=+7.00 eq5=-7.00 pair=held,34,34,16,18,8,2,2,1,1,4,355.660358,19,0,2,1,0,5,1,16.625000,60.984375,38.804688,1223.750000,1238.500000,1,16.625000,39.687500,28.156250,1223.750000,2506.250000,1461.181381,32.168923,rejected_outlier_held_pair,-1282.500000,-7.000000,-7.995586,-7.000000,7.000000,32.168923,0,1,3,1,0,0,,1345.250000,,445.247670,,,,,0,,0,,,-55.523129,9,362.400918,699.729320,-55.523129,,,0,0,0,0,
62.020106,1785250105.429075956,reverse_align,-80,150,-28,gap_midpoint_reverse center=+32.2 entrySteer=+7.00 eq5=-7.00 pair=held,39,39,19,20,5,1,2,1,1,5,320.318048,20,0,2,1,0,5,1,-85.375000,60.984375,-12.195312,3055.750000,1238.500000,1,16.625000,39.687500,28.156250,1223.750000,2506.250000,1461.181381,32.168923,rejected_outlier_held_pair,-1282.500000,-7.000000,-7.995586,-7.000000,7.000000,32.168923,0,1,3,2,0,0,,1303.750000,,435.870926,,,,,0,73.009059,8,376.469502,1241.159511,-54.953094,9,359.105536,796.140261,73.009059,,,0,0,0,0,
62.110388,1785250105.543978930,reverse_align,-80,150,-28,gap_midpoint_reverse center=+32.2 entrySteer=+7.00 eq5=-7.00 pair=held,34,34,18,16,4,1,2,1,1,5,292.617391,21,0,2,1,0,5,1,-86.609375,60.984375,-12.812500,3080.250000,1238.500000,1,16.625000,39.687500,28.156250,1223.750000,2506.250000,1461.181381,32.168923,rejected_outlier_held_pair,-1282.500000,-7.000000,-7.995586,-7.000000,7.000000,32.168923,0,1,3,3,0,0,,1299.000000,,412.514674,,,,,0,,0,,,-54.709397,9,364.526420,906.746928,-54.709397,,,0,0,0,0,
62.206429,1785250105.658307076,reverse_align,-80,150,-28,gap_midpoint_reverse_reacquire scan=1/6,27,27,6,21,5,2,2,1,1,6,262.741813,22,0,2,1,0,5,1,42.843750,60.984375,51.914062,2556.750000,1238.500000,0,,,,,,,,reacquiring_pair_1/3,-1282.500000,-7.000000,-7.995586,-7.000000,7.000000,32.168923,0,1,3,3,0,0,,1271.500000,,409.695181,,,,,0,,0,,,-55.089950,8,373.566464,1129.452237,-55.089950,,,0,0,0,0,
62.295152,1785250105.658307076,reverse_align,-80,150,-28,gap_midpoint_reverse_reacquire scan=1/6,27,27,6,21,5,2,2,1,1,6,262.741813,22,0,2,1,0,5,1,42.843750,60.984375,51.914062,2556.750000,1238.500000,0,,,,,,,,reacquiring_pair_1/3,-1282.500000,-7.000000,-7.995586,-7.000000,7.000000,32.168923,0,1,3,3,0,0,,1271.500000,,409.695181,,,,,0,,0,,,-55.089950,8,373.566464,1129.452237,-55.089950,,,0,0,0,0,
62.383611,1785250105.773746014,reverse_align,-80,150,-28,gap_midpoint_reverse_reacquire scan=2/6,33,33,10,23,6,2,2,1,1,5,298.073535,23,0,2,1,0,5,1,42.843750,62.484375,52.664062,2556.750000,1224.750000,0,,,,,,,,reacquiring_pair_2/3,-1282.500000,-7.000000,-7.995586,-7.000000,7.000000,32.168923,0,1,3,3,0,0,,1245.500000,,410.309017,,,,,0,,0,,,-54.763352,8,305.639260,279.401710,-54.763352,,,0,0,0,0,
62.472085,1785250105.887506962,reverse_align,-80,150,-28,gap_midpoint_reverse center=+49.2 entrySteer=+7.00 eq5=+1.62 pair=filtered,32,32,10,22,6,3,2,1,1,6,285.310103,24,0,2,1,0,5,1,42.843750,63.984375,53.414062,2556.750000,1213.750000,1,42.843750,62.484375,52.664062,2556.750000,1224.750000,1462.393684,49.174988,median_filtered_pair,1332.000000,-7.000000,8.624700,1.624700,7.000000,49.174988,0,1,3,0,0,0,,1228.000000,,420.000736,,,,,0,,0,,,-55.137957,9,348.796617,225.400692,-55.137957,,,0,0,0,0,
62.560051,1785250106.002165079,reverse_align,-80,150,-28,gap_midpoint_reverse center=+49.6 entrySteer=+7.00 eq5=+1.77 pair=filtered,27,27,9,18,8,3,2,1,1,4,293.568910,25,0,2,1,0,5,1,42.843750,64.984375,53.914062,2556.750000,1206.750000,1,42.843750,63.984375,53.414062,2556.750000,1213.750000,1490.422517,49.611353,median_filtered_pair,1343.000000,-7.000000,8.767738,1.767738,7.000000,49.611353,0,1,3,0,0,0,,1268.250000,,377.079640,,,,,0,,0,,,-57.562028,7,317.932362,769.145815,-57.562028,,,0,0,0,0,
62.649101,1785250106.117593050,reverse_align,-80,150,-28,gap_midpoint_reverse center=+49.9 entrySteer=+7.00 eq5=+1.86 pair=filtered,30,30,9,21,6,3,2,1,1,5,302.734014,26,0,2,1,0,5,1,42.843750,65.187500,54.015625,2556.750000,1192.250000,1,42.843750,64.984375,53.914062,2556.750000,1206.750000,1509.144952,49.899465,median_filtered_pair,1350.000000,-7.000000,8.859375,1.859375,7.000000,49.899465,0,1,3,0,0,0,,1233.500000,,409.530379,,,,,0,,0,,,-58.907631,7,326.100984,1382.037223,-58.907631,,,0,0,0,0,
62.743889,1785250106.117593050,reverse_align,-80,150,-28,gap_midpoint_reverse center=+49.9 entrySteer=+7.00 eq5=+1.86 pair=filtered,30,30,9,21,6,3,2,1,1,5,302.734014,26,0,2,1,0,5,1,42.843750,65.187500,54.015625,2556.750000,1192.250000,1,42.843750,64.984375,53.914062,2556.750000,1206.750000,1509.144952,49.899465,median_filtered_pair,1350.000000,-7.000000,8.859375,1.859375,7.000000,49.899465,0,1,3,0,0,0,,1233.500000,,409.530379,,,,,0,,0,,,-58.907631,7,326.100984,1382.037223,-58.907631,,,0,0,0,0,
62.832389,1785250106.231931925,reverse_align,-80,150,-28,gap_midpoint_reverse center=+49.8 entrySteer=+7.00 eq5=+2.05 pair=filtered,26,26,4,22,6,3,2,1,1,4,343.410422,27,0,2,1,0,5,1,40.843750,62.265625,51.554688,2535.000000,1137.500000,1,42.843750,64.984375,53.914062,2556.750000,1192.250000,1520.332645,49.840847,median_filtered_pair,1364.500000,-7.000000,9.050710,2.050710,7.000000,49.840847,0,1,3,0,0,0,,1258.750000,,421.473459,,,,,0,,0,,,-61.040196,8,358.299642,439.459137,-61.040196,,,0,0,0,0,
62.921686,1785250106.346373081,reverse_align,-80,150,-28,gap_midpoint_reverse center=+47.4 entrySteer=+7.00 eq5=+2.49 pair=filtered,30,30,5,25,7,2,2,1,1,3,375.577171,28,0,2,1,0,5,1,40.296875,62.187500,51.242188,2520.500000,1119.750000,1,40.843750,62.265625,51.554688,2535.000000,1137.500000,1533.433979,47.437791,median_filtered_pair,1397.500000,-7.000000,9.493780,2.493780,7.000000,47.437791,0,1,3,0,0,0,,1260.250000,,424.565438,,,,,0,,0,,,-64.509425,7,319.651533,669.057616,-64.509425,,,0,0,0,0,
63.009179,1785250106.458330154,reverse_align,-80,150,-28,gap_midpoint_reverse center=+47.0 entrySteer=+7.00 eq5=+2.54 pair=filtered,26,26,4,22,5,3,2,1,0,0,,0,1,2,1,0,5,1,37.937500,61.859375,49.898438,2496.500000,1112.750000,1,40.296875,62.187500,51.242188,2520.500000,1119.750000,1539.186776,46.986338,median_filtered_pair,1400.750000,-7.000000,9.537989,2.537989,7.000000,46.986338,0,1,3,0,0,0,,1233.250000,,421.164210,,,,,0,,0,,,-63.018075,6,305.306147,252.810480,-63.018075,,,0,0,0,0,
63.098191,1785250106.458330154,reverse_align,-80,150,-28,gap_midpoint_reverse center=+47.0 entrySteer=+7.00 eq5=+2.54 pair=filtered,26,26,4,22,5,3,2,1,0,0,,0,1,2,1,0,5,1,37.937500,61.859375,49.898438,2496.500000,1112.750000,1,40.296875,62.187500,51.242188,2520.500000,1119.750000,1539.186776,46.986338,median_filtered_pair,1400.750000,-7.000000,9.537989,2.537989,7.000000,46.986338,0,1,3,0,0,0,,1233.250000,,421.164210,,,,,0,,0,,,-63.018075,6,305.306147,252.810480,-63.018075,,,0,0,0,0,
63.187871,1785250106.572192907,reverse_align,-80,150,-28,gap_midpoint_reverse center=+45.3 entrySteer=+7.00 eq5=+2.31 pair=filtered,32,32,5,27,5,2,2,1,1,3,361.533557,1,0,2,1,0,5,1,37.390625,61.859375,49.625000,2475.250000,1112.750000,1,37.937500,61.859375,49.898438,2496.500000,1112.750000,1546.617433,45.255130,median_filtered_pair,1383.750000,-7.000000,9.307881,2.307881,7.000000,45.255130,0,1,3,0,0,0,,1230.250000,,409.716986,,,,,0,,0,,,-64.820881,7,315.572877,347.875017,-64.820881,,,0,0,0,0,
63.281328,1785250106.687628984,reverse_align,-80,150,-28,gap_midpoint_reverse center=+44.9 entrySteer=+7.00 eq5=+2.02 pair=filtered,23,23,3,20,4,3,2,1,0,0,,0,1,2,1,0,5,1,32.468750,61.859375,47.164062,2434.500000,1112.750000,1,37.390625,61.859375,49.625000,2475.250000,1112.750000,1533.347511,44.917840,median_filtered_pair,1362.500000,-7.000000,9.024197,2.024197,7.000000,44.917840,0,1,3,0,0,0,,1222.000000,,393.745585,,,,,0,,0,,,-65.014537,5,319.622956,354.118951,-65.014537,,,0,0,0,0,
63.368419,1785250106.803026915,reverse_align,-80,150,-28,gap_midpoint_reverse center=+41.6 entrySteer=+7.00 eq5=+1.49 pair=filtered,26,26,4,22,3,2,2,1,0,0,,0,2,2,1,0,5,1,32.468750,61.859375,47.164062,2434.500000,1112.750000,1,32.468750,61.859375,47.164062,2434.500000,1112.750000,1563.441363,41.582811,median_filtered_pair,1321.750000,-7.000000,8.492473,1.492473,7.000000,41.582811,0,1,3,0,0,0,,1281.500000,,342.802731,,,,,0,,0,,,-64.948974,5,314.064046,238.115422,-64.948974,,,0,0,0,0,
63.452131,1785250106.918788195,reverse_align,-80,150,-28,gap_midpoint_reverse center=+41.6 entrySteer=+7.00 eq5=+1.49 pair=filtered,25,25,4,21,3,2,2,0,0,0,,0,3,2,1,0,5,1,32.468750,61.578125,47.023438,2399.000000,1092.500000,1,32.468750,61.859375,47.164062,2434.500000,1112.750000,1563.441363,41.582811,median_filtered_pair,1321.750000,-7.000000,8.492473,1.492473,7.000000,41.582811,0,1,3,0,0,0,,1266.000000,,337.325597,,,,,0,,0,,,-60.798259,6,317.271245,25.270974,-60.798259,,,0,0,0,0,
63.537871,1785250106.918788195,reverse_align,-80,150,-28,gap_midpoint_reverse center=+41.6 entrySteer=+7.00 eq5=+1.49 pair=filtered,25,25,4,21,3,2,2,0,0,0,,0,3,2,1,0,5,1,32.468750,61.578125,47.023438,2399.000000,1092.500000,1,32.468750,61.859375,47.164062,2434.500000,1112.750000,1563.441363,41.582811,median_filtered_pair,1321.750000,-7.000000,8.492473,1.492473,7.000000,41.582811,0,1,3,0,0,0,,1266.000000,,337.325597,,,,,0,,0,,,-60.798259,6,317.271245,25.270974,-60.798259,,,0,0,0,0,
63.624157,1785250107.031430960,reverse_align,-80,150,-28,gap_midpoint_reverse center=+41.5 entrySteer=+7.00 eq5=+1.30 pair=filtered,23,23,3,20,3,2,2,0,0,0,,0,4,2,1,0,5,1,32.468750,61.578125,47.023438,2399.000000,1092.500000,1,32.468750,61.578125,47.023438,2399.000000,1092.500000,1539.162789,41.474315,median_filtered_pair,1306.500000,-7.000000,8.297636,1.297636,7.000000,41.474315,0,1,3,0,0,0,,1257.500000,,325.464949,,,,,0,,0,,,-61.271475,5,319.684304,24.222497,-61.271475,,,0,0,0,0,
63.713239,1785250107.146739006,reverse_align,-80,150,-28,gap_midpoint_reverse center=+41.5 entrySteer=+7.00 eq5=+1.30 pair=filtered,24,24,3,21,3,2,2,0,0,0,,0,5,2,1,0,5,1,28.234375,61.578125,44.906250,2315.000000,1092.500000,1,32.468750,61.578125,47.023438,2399.000000,1092.500000,1539.162789,41.474315,median_filtered_pair,1306.500000,-7.000000,8.297636,1.297636,7.000000,41.474315,0,1,3,0,0,0,,1251.250000,,317.250575,,,,,0,,0,,,-62.365788,5,320.807859,21.319828,-62.365788,,,0,0,0,0,
63.807929,1785250107.259624958,reverse_align,-80,150,-28,gap_midpoint_reverse center=+38.8 entrySteer=+7.00 eq5=+0.26 pair=filtered,16,16,2,14,3,2,2,0,0,0,,0,6,2,1,0,5,1,28.234375,61.578125,44.906250,2315.000000,1092.500000,1,28.234375,61.578125,44.906250,2315.000000,1092.500000,1525.503048,38.773720,median_filtered_pair,1222.500000,-7.000000,7.264961,0.264961,7.000000,38.773720,0,1,3,0,0,0,,1252.000000,,303.548744,,,,,0,,0,,,-63.445126,4,330.433422,39.944884,-63.445126,,,0,0,0,0,
63.894576,1785250107.259624958,reverse_align,-80,150,-28,gap_midpoint_reverse center=+38.8 entrySteer=+7.00 eq5=+0.26 pair=filtered,16,16,2,14,3,2,2,0,0,0,,0,6,2,1,0,5,1,28.234375,61.578125,44.906250,2315.000000,1092.500000,1,28.234375,61.578125,44.906250,2315.000000,1092.500000,1525.503048,38.773720,median_filtered_pair,1222.500000,-7.000000,7.264961,0.264961,7.000000,38.773720,0,1,3,0,0,0,,1252.000000,,303.548744,,,,,0,,0,,,-63.445126,4,330.433422,39.944884,-63.445126,,,0,0,0,0,
63.982180,1785250107.372169971,reverse_align,-80,150,-28,gap_midpoint_reverse center=+38.8 entrySteer=+7.00 eq5=+0.26 pair=filtered,17,17,3,14,3,2,2,0,0,0,,0,7,2,1,0,5,1,27.156250,61.578125,44.367188,2261.250000,1092.500000,1,28.234375,61.578125,44.906250,2315.000000,1092.500000,1525.503048,38.773720,median_filtered_pair,1222.500000,-7.000000,7.264961,0.264961,7.000000,38.773720,0,1,3,0,0,0,,,,,,,,,0,,0,,,,0,,,,,,0,0,0,0,
64.070785,1785250107.486533880,reverse_align,-80,150,-28,gap_midpoint_reverse center=+38.8 entrySteer=+7.00 eq5=+0.26 pair=held,23,23,4,19,4,2,2,0,0,0,,0,8,2,1,0,5,1,-16.921875,17.812500,0.445312,1177.500000,2231.500000,1,28.234375,61.578125,44.906250,2315.000000,1092.500000,1525.503048,38.773720,rejected_outlier_held_pair,1222.500000,-7.000000,7.264961,0.264961,7.000000,38.773720,0,1,3,1,0,0,,1244.500000,,278.959435,,,,,0,,0,,,,0,,,,,,0,0,0,0,
64.158676,1785250107.601317167,reverse_align,-80,150,-28,gap_midpoint_reverse center=+38.2 entrySteer=+7.00 eq5=-0.36 pair=filtered,22,22,3,19,4,2,2,0,0,0,,0,9,2,1,0,5,1,22.625000,51.421875,37.023438,2231.500000,1328.250000,1,27.156250,61.578125,44.367188,2261.250000,1092.500000,1493.695848,38.206039,median_filtered_pair,1168.750000,-7.000000,6.640164,-0.359836,7.000000,38.206039,0,1,3,0,0,0,,1225.750000,,272.801590,,,,,0,,0,,,,0,,,,,,0,0,0,0,
64.247458,1785250107.715557814,reverse_align,-80,150,-28,gap_midpoint_reverse center=+33.3 entrySteer=+7.00 eq5=-3.03 pair=filtered,23,23,3,20,4,2,2,0,0,0,,0,10,2,1,0,5,1,20.109375,51.421875,35.765625,2197.500000,1328.250000,1,22.625000,51.421875,37.023438,2231.500000,1328.250000,1244.570731,33.296347,median_filtered_pair,903.250000,-7.000000,3.965989,-3.034011,7.000000,33.296347,0,1,3,0,0,0,,,,,,,,,0,,0,,,14.929100,7,261.226643,196.444021,14.929100,,,0,0,0,0,
64.340906,1785250107.715557814,reverse_align,-80,150,-28,gap_midpoint_reverse center=+33.3 entrySteer=+7.00 eq5=-3.03 pair=filtered,23,23,3,20,4,2,2,0,0,0,,0,10,2,1,0,5,1,20.109375,51.421875,35.765625,2197.500000,1328.250000,1,22.625000,51.421875,37.023438,2231.500000,1328.250000,1244.570731,33.296347,median_filtered_pair,903.250000,-7.000000,3.965989,-3.034011,7.000000,33.296347,0,1,3,0,0,0,,,,,,,,,0,,0,,,14.929100,7,261.226643,196.444021,14.929100,,,0,0,0,0,
64.428721,1785250107.830635071,reverse_align,-80,150,-28,gap_midpoint_reverse center=+31.8 entrySteer=+7.00 eq5=-3.33 pair=filtered,30,30,6,24,3,2,2,0,0,0,,0,11,2,1,0,5,1,18.906250,51.421875,35.164062,2069.250000,1328.250000,1,20.109375,51.421875,35.765625,2197.500000,1328.250000,1267.232028,31.812935,median_filtered_pair,869.250000,-7.000000,3.673034,-3.326966,7.000000,31.812935,0,1,3,0,0,0,,,,,,,,,0,75.533185,5,150.553410,71.916980,14.646643,9,296.163169,262.719413,14.646643,,,0,0,0,0,
64.516197,1785250107.945190907,reverse_align,-80,150,-28,gap_midpoint_reverse center=+31.5 entrySteer=+7.00 eq5=-4.33 pair=filtered,29,29,5,24,4,2,2,0,0,0,,0,12,2,1,0,5,1,18.906250,51.359375,35.132812,2069.250000,1285.000000,1,18.906250,51.421875,35.164062,2069.250000,1328.250000,1187.753336,31.524777,median_filtered_pair,741.000000,-7.000000,2.669144,-4.330856,7.000000,31.524777,0,1,3,0,0,0,,949.000000,,320.926529,,,,,0,78.514172,4,151.436669,75.690747,14.485448,10,494.009664,651.795707,14.485448,,,0,0,0,0,
64.605482,1785250108.059574127,reverse_align,-80,150,-28,gap_midpoint_reverse center=+31.2 entrySteer=+7.00 eq5=-4.01 pair=filtered,33,33,4,29,4,2,2,0,0,0,,0,13,2,1,0,5,1,18.906250,51.359375,35.132812,2069.250000,1285.000000,1,18.906250,51.359375,35.132812,2069.250000,1285.000000,1202.311062,31.240120,median_filtered_pair,784.250000,-7.000000,2.989817,-4.010183,7.000000,31.240120,0,1,3,0,0,0,,936.250000,,309.154915,,,,,0,74.555928,4,113.754468,474.102068,13.864648,11,479.705972,955.522873,13.864648,,,0,0,0,0,
64.694383,1785250108.059574127,reverse_align,-80,150,-28,gap_midpoint_reverse center=+31.2 entrySteer=+7.00 eq5=-4.01 pair=filtered,33,33,4,29,4,2,2,0,0,0,,0,13,2,1,0,5,1,18.906250,51.359375,35.132812,2069.250000,1285.000000,1,18.906250,51.359375,35.132812,2069.250000,1285.000000,1202.311062,31.240120,median_filtered_pair,784.250000,-7.000000,2.989817,-4.010183,7.000000,31.240120,0,1,3,0,0,0,,936.250000,,309.154915,,,,,0,74.555928,4,113.754468,474.102068,13.864648,11,479.705972,955.522873,13.864648,,,0,0,0,0,
64.783151,1785250108.173752069,reverse_align,-80,150,-28,gap_midpoint_reverse center=+31.2 entrySteer=+7.00 eq5=-4.01 pair=filtered,38,38,5,33,3,2,2,0,0,0,,0,14,2,1,0,5,1,18.906250,51.359375,35.132812,2069.250000,1285.000000,1,18.906250,51.359375,35.132812,2069.250000,1285.000000,1202.311062,31.240120,median_filtered_pair,784.250000,-7.000000,2.989817,-4.010183,7.000000,31.240120,0,1,3,0,0,0,,922.000000,,300.411565,,,,,0,73.555382,5,141.293417,181.827851,13.361102,12,472.198717,2221.439520,13.361102,,,0,0,0,0,
64.877612,1785250108.288429976,reverse_align,-80,150,-28,gap_midpoint_reverse center=+31.2 entrySteer=+7.00 eq5=-4.01 pair=filtered,28,28,3,25,3,2,2,0,0,0,,0,15,2,1,0,5,1,18.906250,51.359375,35.132812,2069.250000,1285.000000,1,18.906250,51.359375,35.132812,2069.250000,1285.000000,1202.311062,31.240120,median_filtered_pair,784.250000,-7.000000,2.989817,-4.010183,7.000000,31.240120,0,1,3,0,0,0,,912.000000,,294.565462,,,,,0,,0,,,12.773982,12,460.242896,2677.229170,12.773982,,,0,0,0,0,
64.965075,1785250108.399806023,reverse_align,-80,150,-28,gap_midpoint_reverse center=+31.2 entrySteer=+7.00 eq5=-4.01 pair=filtered,38,38,7,31,3,2,2,0,0,0,,0,16,2,1,0,5,1,18.546875,50.937500,34.742188,1988.500000,1228.000000,1,18.906250,51.359375,35.132812,2069.250000,1285.000000,1202.311062,31.240120,median_filtered_pair,784.250000,-7.000000,2.989817,-4.010183,7.000000,31.240120,0,1,3,0,0,0,,903.250000,,285.904553,,,,,0,37.063269,6,218.672429,12.994180,11.060187,15,516.015957,1131.814889,11.060187,,,0,0,0,0,
65.054002,1785250108.514416218,reverse_align,-80,150,-28,gap_midpoint_reverse center=+30.8 entrySteer=+7.00 eq5=-4.19 pair=filtered,32,32,6,26,3,2,2,0,0,0,,0,17,2,1,0,5,1,18.546875,50.937500,34.742188,1988.500000,1228.000000,1,18.546875,50.937500,34.742188,1988.500000,1228.000000,1156.804457,30.813833,median_filtered_pair,760.500000,-7.000000,2.811473,-4.188527,7.000000,30.813833,0,1,3,0,0,0,,894.750000,,277.884961,,,,,0,23.528261,6,380.553910,16.165505,10.848832,15,505.113476,2724.142124,13.796681,,,0,0,0,0,
65.144107,1785250108.514416218,reverse_align,-80,150,-28,gap_midpoint_reverse center=+30.8 entrySteer=+7.00 eq5=-4.19 pair=filtered,32,32,6,26,3,2,2,0,0,0,,0,17,2,1,0,5,1,18.546875,50.937500,34.742188,1988.500000,1228.000000,1,18.546875,50.937500,34.742188,1988.500000,1228.000000,1156.804457,30.813833,median_filtered_pair,760.500000,-7.000000,2.811473,-4.188527,7.000000,30.813833,0,1,3,0,0,0,,894.750000,,277.884961,,,,,0,23.528261,6,380.553910,16.165505,10.848832,15,505.113476,2724.142124,13.796681,,,0,0,0,0,
65.233374,1785250108.628808022,reverse_align,-80,150,-28,gap_midpoint_reverse center=+30.8 entrySteer=+7.00 eq5=-4.19 pair=filtered,31,31,5,26,3,2,2,0,0,0,,0,18,2,1,0,5,1,18.546875,50.093750,34.320312,1988.500000,1222.250000,1,18.546875,50.937500,34.742188,1988.500000,1228.000000,1156.804457,30.813833,median_filtered_pair,760.500000,-7.000000,2.811473,-4.188527,7.000000,30.813833,0,1,3,0,0,0,,882.250000,,246.186112,,,,,0,73.285853,5,136.506877,1976.096893,10.049593,16,545.467144,7853.339469,10.049593,,,0,0,0,0,
65.323017,1785250108.744158983,reverse_align,-80,150,-28,gap_midpoint_reverse center=+30.5 entrySteer=+7.00 eq5=-4.15 pair=filtered,35,35,8,27,3,2,2,0,1,4,220.289644,1,0,2,1,0,5,1,14.328125,50.093750,32.210938,1932.750000,1222.250000,1,18.546875,50.093750,34.320312,1988.500000,1222.250000,1142.592674,30.463721,median_filtered_pair,766.250000,-7.000000,2.854148,-4.145852,7.000000,30.463721,0,1,3,0,0,0,,873.250000,,242.759845,,,,,0,35.830567,8,258.639630,13.975892,9.142681,16,504.701394,1395.266833,9.142681,,,0,0,0,0,
65.417467,1785250108.857790947,reverse_align,-80,140,-28,gap_midpoint_reverse center=+28.1 entrySteer=+6.55 eq5=-4.55 pair=filtered,36,36,8,28,3,2,2,1,1,4,215.270342,2,0,3,1,0,5,1,14.328125,50.093750,32.210938,1932.750000,1222.250000,1,14.328125,50.093750,32.210938,1932.750000,1222.250000,1181.440695,28.054992,median_filtered_pair,710.500000,-7.000000,2.453939,-4.546061,6.546165,28.054992,0,1,3,0,0,0,,865.250000,,215.270342,,,,,0,34.007362,8,249.733917,17.335902,8.530580,16,499.519496,3745.906994,8.530580,,,0,0,0,0,
65.507358,1785250108.973263979,reverse_align,-80,140,-28,gap_midpoint_reverse center=+28.1 entrySteer=+6.55 eq5=-4.55 pair=filtered,35,35,6,29,3,2,2,1,1,5,192.409193,3,0,3,1,0,5,1,11.953125,50.093750,31.023438,1843.250000,1222.250000,1,14.328125,50.093750,32.210938,1932.750000,1222.250000,1181.440695,28.054992,median_filtered_pair,710.500000,-7.000000,2.453939,-4.546061,6.546165,28.054992,0,1,3,0,0,0,,855.000000,,211.816728,,,,,0,34.188767,6,244.485138,11.012308,7.309234,17,511.495346,1886.480143,7.309234,,,0,0,0,0,
65.597328,1785250108.973263979,reverse_align,-80,140,-28,gap_midpoint_reverse center=+28.1 entrySteer=+6.55 eq5=-4.55 pair=filtered,35,35,6,29,3,2,2,1,1,5,192.409193,3,0,3,1,0,5,1,11.953125,50.093750,31.023438,1843.250000,1222.250000,1,14.328125,50.093750,32.210938,1932.750000,1222.250000,1181.440695,28.054992,median_filtered_pair,710.500000,-7.000000,2.453939,-4.546061,6.546165,28.054992,0,1,3,0,0,0,,855.000000,,211.816728,,,,,0,34.188767,6,244.485138,11.012308,7.309234,17,511.495346,1886.480143,7.309234,,,0,0,0,0,
65.687641,1785250109.087408066,reverse_align,-80,135,-28,gap_midpoint_reverse center=+27.0 entrySteer=+6.31 eq5=-5.13 pair=filtered,44,44,9,35,3,2,2,1,1,5,187.602505,4,0,3,1,0,5,1,11.968750,48.687500,30.328125,1770.500000,1237.250000,1,11.968750,50.093750,31.023438,1843.250000,1222.250000,1160.554987,27.027069,median_filtered_pair,621.000000,-7.000000,1.874644,-5.125356,6.306316,27.027069,0,1,3,0,0,0,,848.000000,,187.602505,,,,,0,35.422873,9,290.095731,12.048143,7.936691,18,637.455254,903.316807,7.936691,,,0,0,0,0,
65.777961,1785250109.198452950,reverse_align,-80,135,-28,gap_midpoint_reverse center=+27.0 entrySteer=+6.29 eq5=-5.62 pair=filtered,41,41,10,31,4,3,2,1,1,6,163.023543,5,0,3,1,0,5,1,11.968750,47.343750,29.656250,1770.500000,1256.250000,1,11.968750,48.687500,30.328125,1770.500000,1237.250000,1074.082745,26.960860,median_filtered_pair,533.250000,-7.000000,1.382284,-5.617716,6.290867,26.960860,0,1,3,0,0,0,,841.500000,,184.597594,,,,,0,30.652252,6,255.829508,14.970138,7.049316,19,694.393650,740.805119,7.049316,,,0,0,0,0,
65.867895,1785250109.313455105,reverse_align,-80,133,-28,gap_midpoint_reverse center=+26.6 entrySteer=+6.20 eq5=-5.71 pair=filtered,39,39,10,29,3,2,2,1,1,6,155.840832,6,0,3,1,0,5,1,11.968750,46.093750,29.031250,1770.500000,1265.500000,1,11.968750,47.343750,29.656250,1770.500000,1256.250000,1041.974609,26.554899,median_filtered_pair,514.250000,-7.000000,1.285536,-5.714464,6.196143,26.554899,0,1,3,0,0,0,,835.500000,,155.840832,,,,,0,29.173877,9,277.642349,17.456149,6.943475,20,727.463255,947.691359,6.943475,,,0,0,0,0,
65.964184,1785250109.428474903,reverse_align,-80,131,-28,gap_midpoint_reverse center=+26.1 entrySteer=+6.09 eq5=-5.76 pair=filtered,42,42,11,31,6,3,2,1,1,7,147.115052,7,0,3,1,0,5,1,11.968750,46.093750,29.031250,1770.500000,1265.500000,1,11.968750,46.093750,29.031250,1770.500000,1265.500000,1013.215914,26.108673,median_filtered_pair,505.000000,-7.000000,1.239705,-5.760295,6.092024,26.108673,0,1,3,0,0,0,,828.000000,,147.115052,,,,,0,12.896069,10,606.081915,48.503123,5.805352,21,706.913301,840.000760,8.456335,,,0,0,0,0,
66.053737,1785250109.428474903,reverse_align,-80,131,-28,gap_midpoint_reverse center=+26.1 entrySteer=+6.09 eq5=-5.76 pair=filtered,42,42,11,31,6,3,2,1,1,7,147.115052,7,0,3,1,0,5,1,11.968750,46.093750,29.031250,1770.500000,1265.500000,1,11.968750,46.093750,29.031250,1770.500000,1265.500000,1013.215914,26.108673,median_filtered_pair,505.000000,-7.000000,1.239705,-5.760295,6.092024,26.108673,0,1,3,0,0,0,,828.000000,,147.115052,,,,,0,12.896069,10,606.081915,48.503123,5.805352,21,706.913301,840.000760,8.456335,,,0,0,0,0,
66.143756,1785250109.543034077,reverse_align,-80,131,-28,gap_midpoint_reverse center=+26.1 entrySteer=+6.09 eq5=-5.76 pair=filtered,47,47,15,32,6,2,2,1,1,8,118.373587,8,0,3,1,0,5,1,11.968750,45.171875,28.570312,1770.500000,1247.500000,1,11.968750,46.093750,29.031250,1770.500000,1265.500000,1013.215914,26.108673,median_filtered_pair,505.000000,-7.000000,1.239705,-5.760295,6.092024,26.108673,0,1,3,0,0,0,,821.000000,,139.918496,,,,,0,8.368726,15,596.329430,84.198337,5.134508,23,764.015987,775.466438,6.484205,,,0,0,0,0,
66.235755,1785250109.657701969,reverse_align,-80,129,-28,gap_midpoint_reverse center=+25.7 entrySteer=+6.00 eq5=-5.75 pair=filtered,46,46,15,31,5,1,2,1,1,8,114.051325,9,0,3,1,0,5,1,8.984375,43.812500,26.398438,1739.000000,1262.750000,1,11.968750,45.171875,28.570312,1770.500000,1262.750000,993.899033,25.713194,median_filtered_pair,507.750000,-7.000000,1.253243,-5.746757,5.999745,25.713194,0,1,3,0,0,0,770.000000,814.750000,262.763458,114.051325,,,,,0,8.002880,14,604.189857,90.476476,4.624876,23,800.011267,814.807044,6.037056,,,0,0,0,0,
66.325691,1785250109.771827936,reverse_align,-80,118,-28,gap_midpoint_reverse center=+23.5 entrySteer=+5.49 eq5=-5.90 pair=filtered,50,50,20,30,4,2,2,1,1,9,87.561631,10,0,3,1,0,5,1,7.687500,42.515625,25.101562,1715.500000,1273.250000,1,8.984375,43.812500,26.398438,1739.000000,1262.750000,1006.742135,23.549578,median_filtered_pair,476.250000,-7.000000,1.102568,-5.897432,5.494901,23.549578,0,1,3,0,0,0,762.500000,809.250000,224.324993,111.533023,,,,,0,7.133295,17,762.957058,78.768131,3.763861,25,852.332256,913.782264,5.255597,,,0,0,0,0,
66.416099,1785250109.886736870,center_check,0,0,-28,paper_cd_measurement_hold:1/4,53,53,19,34,4,2,2,1,1,9,84.800366,11,0,3,1,0,5,1,5.656250,42.515625,24.085938,1598.500000,1273.250000,1,8.984375,43.812500,26.398438,1739.000000,1262.750000,1006.742135,23.549578,median_filtered_pair,,,,,,,0,1,3,0,0,1,691.000000,805.000000,221.936222,84.800366,,,,,0,4.202098,16,579.804689,1092.385348,3.270523,26,830.604348,1069.832375,3.653484,,,0,0,0,0,
66.512253,1785250109.886736870,center_check,0,0,-28,paper_cd_measurement_hold:1/4,53,53,19,34,4,2,2,1,1,9,84.800366,11,0,3,1,0,5,1,5.656250,42.515625,24.085938,1598.500000,1273.250000,1,8.984375,43.812500,26.398438,1739.000000,1262.750000,1006.742135,23.549578,median_filtered_pair,,,,,,,0,1,3,0,0,1,691.000000,805.000000,221.936222,84.800366,,,,,0,4.202098,16,579.804689,1092.385348,3.270523,26,830.604348,1069.832375,3.653484,,,0,0,0,0,
66.604764,1785250110.002033949,center_check,0,0,-28,paper_cd_measurement_hold:2/4,53,53,17,36,4,2,2,1,1,10,58.744521,12,0,3,1,0,5,1,5.656250,39.953125,22.804688,1598.500000,1298.750000,1,8.984375,43.812500,26.398438,1739.000000,1262.750000,1006.742135,23.549578,median_filtered_pair,,,,,,,0,1,3,0,0,2,671.250000,800.250000,220.440539,80.826878,,,,,0,2.600019,15,534.459266,1364.714793,2.493490,28,937.276203,1217.365814,2.532176,,,0,0,0,0,
66.696790,1785250110.112988949,reverse_straight,-50,-28,-28,paper_centered_reverse heading=2.6 span=1.1 until_both_cd_missing missing=0/3,51,51,18,33,4,2,2,1,1,10,66.598038,13,0,3,1,0,5,1,5.656250,39.953125,22.804688,1598.500000,1298.750000,1,8.984375,43.812500,26.398438,1739.000000,1262.750000,1006.742135,23.549578,median_filtered_pair,,,,,,,0,1,3,0,0,3,671.000000,799.000000,216.205636,66.598038,,,,,0,3.039267,18,549.237362,800.003086,2.386793,27,888.402364,1057.550080,2.636064,,,0,0,0,0,
66.789341,1785250110.226842165,reverse_straight,-50,-28,-28,paper_centered_reverse heading=3.0 span=1.1 until_both_cd_missing missing=0/3,57,57,21,36,4,2,2,1,1,11,50.175869,14,0,3,1,0,5,1,5.656250,39.953125,22.804688,1598.500000,1298.750000,1,8.984375,43.812500,26.398438,1739.000000,1262.750000,1006.742135,23.549578,median_filtered_pair,,,,,,,0,1,3,0,0,3,672.750000,799.750000,208.937813,71.223554,,,,,0,5.083192,17,612.736573,104.731673,2.212179,29,920.847636,1115.805104,3.359279,,,0,0,0,0,
66.882617,1785250110.342530966,reverse_straight,-50,-28,-28,paper_centered_reverse heading=3.0 span=0.9 until_both_cd_missing missing=0/3,51,51,20,31,4,2,2,1,1,10,57.053313,15,0,3,1,0,5,1,4.312500,39.953125,22.132812,1572.000000,1298.750000,1,8.984375,43.812500,26.398438,1739.000000,1262.750000,1006.742135,23.549578,median_filtered_pair,,,,,,,0,1,3,0,0,3,670.250000,800.250000,200.850652,80.609757,,,,,0,5.130516,18,604.023832,101.074942,2.275213,26,883.640891,1139.885523,3.434527,,,0,0,0,0,
66.976115,1785250110.342530966,reverse_straight,-50,-28,-28,paper_centered_reverse heading=3.0 span=0.9 until_both_cd_missing missing=0/3,51,51,20,31,4,2,2,1,1,10,57.053313,15,0,3,1,0,5,1,4.312500,39.953125,22.132812,1572.000000,1298.750000,1,8.984375,43.812500,26.398438,1739.000000,1262.750000,1006.742135,23.549578,median_filtered_pair,,,,,,,0,1,3,0,0,3,670.250000,800.250000,200.850652,80.609757,,,,,0,5.130516,18,604.023832,101.074942,2.275213,26,883.640891,1139.885523,3.434527,,,0,0,0,0,
67.073039,1785250110.456563950,reverse_straight,-50,-28,-28,paper_centered_reverse heading=3.2 span=0.8 until_both_cd_missing missing=0/3,53,53,19,34,3,2,2,1,1,11,47.636188,16,0,3,1,0,5,1,3.593750,39.953125,21.773438,1540.750000,1298.750000,1,8.984375,43.812500,26.398438,1739.000000,1262.750000,1006.742135,23.549578,median_filtered_pair,,,,,,,0,1,3,0,0,3,665.250000,800.000000,189.984642,68.637850,,,,,0,4.427000,18,596.537904,104.863539,2.184252,28,917.510604,1013.808159,3.067899,,,0,0,0,0,
67.166068,1785250110.571662188,reverse_straight,-50,-28,-28,paper_centered_reverse heading=3.2 span=1.2 until_both_cd_missing missing=0/3,56,56,20,36,3,2,2,1,1,11,37.051791,17,0,3,1,0,5,1,3.593750,40.453125,22.023438,1540.750000,1275.750000,1,8.984375,43.812500,26.398438,1739.000000,1262.750000,1006.742135,23.549578,median_filtered_pair,,,,,,,0,1,3,0,0,3,659.000000,799.500000,175.763707,37.051791,,,,,0,2.639257,18,551.147071,778.929267,2.063558,29,905.421795,1150.990496,2.281395,,,0,0,0,0,
67.258691,1785250110.688141108,reverse_straight,-50,-28,-28,paper_centered_reverse heading=2.7 span=1.4 until_both_cd_missing missing=0/3,59,59,23,36,3,2,2,1,1,13,6.158225,18,0,3,1,0,5,1,3.593750,40.453125,22.023438,1540.750000,1275.750000,1,8.984375,43.812500,26.398438,1739.000000,1262.750000,1006.742135,23.549578,median_filtered_pair,,,,,,,0,1,3,0,0,3,651.000000,799.000000,164.372017,28.755724,,,,,0,2.348269,18,575.075657,1214.577233,1.883468,30,914.291684,1225.461050,2.062938,,,0,0,0,0,
67.351794,1785250110.800338984,reverse_straight,-50,-28,-28,paper_centered_reverse heading=2.2 span=1.0 until_both_cd_missing missing=0/3,56,56,20,36,3,2,2,1,1,13,0.874573,19,0,3,1,0,5,1,3.828125,40.578125,22.203125,1464.750000,1270.250000,1,8.984375,43.812500,26.398438,1739.000000,1262.750000,1006.742135,23.549578,median_filtered_pair,,,,,,,0,1,3,0,0,3,649.250000,799.500000,133.081011,23.979681,,,,,0,2.245926,16,560.667435,1204.138531,2.088316,28,859.066740,872.281452,2.150558,,,0,0,0,0,
67.444949,1785250110.915225029,reverse_straight,-50,-28,-28,paper_centered_reverse heading=2.1 span=0.3 until_both_cd_missing missing=0/3,63,63,25,38,3,2,2,1,1,13,-6.116229,20,0,3,1,0,5,1,4.359375,40.578125,22.468750,1449.250000,1270.250000,1,8.984375,43.812500,26.398438,1739.000000,1262.750000,1006.742135,23.549578,median_filtered_pair,,,,,,,0,1,3,0,0,3,645.000000,799.500000,118.233648,14.607184,,,,,0,1.847048,19,551.577075,965.445852,2.060059,30,895.504908,1066.661979,1.978866,,,0,0,0,0,
67.539871,1785250110.915225029,reverse_straight,-50,-28,-28,paper_centered_reverse heading=2.1 span=0.3 until_both_cd_missing missing=0/3,63,63,25,38,3,2,2,1,1,13,-6.116229,20,0,3,1,0,5,1,4.359375,40.578125,22.468750,1449.250000,1270.250000,1,8.984375,43.812500,26.398438,1739.000000,1262.750000,1006.742135,23.549578,median_filtered_pair,,,,,,,0,1,3,0,0,3,645.000000,799.500000,118.233648,14.607184,,,,,0,1.847048,19,551.577075,965.445852,2.060059,30,895.504908,1066.661979,1.978866,,,0,0,0,0,
67.637404,1785250111.030170202,reverse_straight,-50,-28,-28,paper_centered_reverse heading=2.0 span=0.2 until_both_cd_missing missing=0/3,63,63,24,39,3,2,2,1,1,15,-35.938195,21,0,3,1,0,5,1,4.359375,41.250000,22.804688,1449.250000,1253.000000,1,8.984375,43.812500,26.398438,1739.000000,1262.750000,1006.742135,23.549578,median_filtered_pair,,,,,,,0,1,3,0,0,3,639.500000,799.250000,107.439519,31.596200,,,,,0,1.942455,18,696.021236,1862.127946,1.943324,31,908.523042,1053.949070,1.942947,,,0,0,0,0,
67.732013,1785250111.144293785,reverse_straight,-50,-28,-28,paper_centered_reverse heading=2.1 span=0.2 until_both_cd_missing missing=0/3,63,63,25,38,3,2,2,1,1,15,-44.788762,22,0,3,1,0,5,1,4.359375,41.812500,23.085938,1449.250000,1234.750000,1,8.984375,43.812500,26.398438,1739.000000,1262.750000,1006.742135,23.549578,median_filtered_pair,,,,,,,0,1,3,0,0,3,632.000000,799.750000,95.971631,22.679149,,,,,0,2.413811,19,727.465157,1216.852759,1.982863,31,901.230018,1036.835029,2.175348,,,0,0,0,0,
67.826667,1785250111.258690119,reverse_straight,-50,-28,-28,paper_centered_reverse heading=2.0 span=0.2 until_both_cd_missing missing=0/3,65,65,24,41,4,2,2,1,1,15,-53.475858,23,0,3,1,0,5,1,4.359375,42.812500,23.585938,1449.250000,1212.000000,1,8.984375,43.812500,26.398438,1739.000000,1262.750000,1006.742135,23.549578,median_filtered_pair,,,,,,,0,1,3,0,0,3,639.250000,801.250000,78.078004,-10.269550,,,,,0,2.096483,19,539.426622,72.692306,1.844203,32,940.313931,1171.774595,1.927066,,,0,0,0,0,
67.921246,1785250111.373923063,reverse_straight,-50,-28,-28,paper_centered_reverse heading=1.9 span=0.5 until_both_cd_missing missing=0/3,60,60,21,39,3,2,2,1,1,17,-85.269094,24,0,3,1,0,5,1,4.359375,42.812500,23.585938,1449.250000,1212.000000,1,8.984375,43.812500,26.398438,1739.000000,1262.750000,1006.742135,23.549578,median_filtered_pair,,,,,,,0,1,3,0,0,3,634.500000,802.500000,107.963825,-18.381618,,,,,0,1.580624,21,546.348739,954.310043,1.688476,33,955.577207,1151.665655,1.649243,,,0,0,0,0,
68.016941,1785250111.484815836,reverse_straight,-50,-28,-28,paper_centered_reverse heading=1.8 span=0.5 until_both_cd_missing missing=0/3,66,66,25,41,3,2,2,1,1,17,-96.013692,25,0,3,1,0,5,1,3.328125,42.937500,23.132812,1435.750000,1211.000000,1,8.984375,43.812500,26.398438,1739.000000,1262.750000,1006.742135,23.549578,median_filtered_pair,,,,,,,0,1,3,0,0,3,629.500000,803.250000,55.206564,-26.938400,,,,,0,1.687408,22,678.062581,1314.554289,1.670148,33,942.770225,1123.311794,1.677369,,,0,0,0,0,
68.112415,1785250111.484815836,reverse_straight,-50,-28,-28,paper_centered_reverse heading=1.8 span=0.5 until_both_cd_missing missing=0/3,66,66,25,41,3,2,2,1,1,17,-96.013692,25,0,3,1,0,5,1,3.328125,42.937500,23.132812,1435.750000,1211.000000,1,8.984375,43.812500,26.398438,1739.000000,1262.750000,1006.742135,23.549578,median_filtered_pair,,,,,,,0,1,3,0,0,3,629.500000,803.250000,55.206564,-26.938400,,,,,0,1.687408,22,678.062581,1314.554289,1.670148,33,942.770225,1123.311794,1.677369,,,0,0,0,0,
68.211353,1785250111.599820137,reverse_straight,-50,-28,-28,paper_centered_reverse heading=1.7 span=0.3 until_both_cd_missing missing=0/3,62,62,23,39,3,2,2,1,1,18,-104.015123,26,0,3,1,0,5,1,3.046875,42.937500,22.992188,1344.750000,1211.000000,1,8.984375,43.812500,26.398438,1739.000000,1262.750000,1006.742135,23.549578,median_filtered_pair,,,,,,,0,1,3,0,0,3,629.500000,806.500000,44.939149,-36.277650,,,,,0,1.782613,20,706.675069,1691.634735,1.718301,33,933.435137,1050.004822,1.746011,,,0,0,0,0,
68.305838,1785250111.714387894,reverse_straight,-50,-28,-28,paper_centered_reverse heading=1.7 span=0.2 until_both_cd_missing missing=0/3,62,62,25,37,3,2,2,1,1,18,-109.328728,27,0,3,1,0,5,1,3.046875,42.937500,22.992188,1344.750000,1211.000000,1,8.984375,43.812500,26.398438,1739.000000,1262.750000,1006.742135,23.549578,median_filtered_pair,,,,,,,0,1,3,0,0,3,626.750000,805.000000,30.411733,-63.159572,,,,,0,1.936293,20,636.336465,1065.638151,1.870459,32,887.770199,1031.132039,1.897945,,,0,0,0,0,
68.401308,1785250111.830907822,reverse_straight,-50,-28,-28,paper_centered_reverse heading=1.7 span=0.3 until_both_cd_missing missing=0/3,65,65,27,38,3,2,2,1,1,19,-139.053696,28,0,3,1,0,5,1,3.046875,43.453125,23.250000,1344.750000,1198.750000,1,8.984375,43.812500,26.398438,1739.000000,1262.750000,1006.742135,23.549578,median_filtered_pair,,,,,,,0,1,3,0,0,3,624.500000,809.250000,142.306650,25.154460,,,,,0,1.665304,21,682.064474,1526.694150,1.526188,33,910.600175,918.723011,1.585765,,,0,0,0,0,
68.496338,1785250111.944131136,reverse_straight,-50,-28,-28,paper_centered_reverse heading=1.7 span=0.6 until_both_cd_missing missing=0/3,64,64,26,38,3,2,2,1,1,18,-119.071664,29,0,3,1,0,5,1,3.906250,44.265625,24.085938,1302.000000,1182.250000,1,8.984375,43.812500,26.398438,1739.000000,1262.750000,1006.742135,23.549578,median_filtered_pair,,,,,,,0,1,3,0,0,3,617.000000,808.250000,109.956739,41.420056,,,,,0,0.617034,19,522.938224,860.434473,1.739803,32,880.575054,870.435447,1.321468,,,0,0,0,0,
68.591785,1785250112.058586121,reverse_straight,-50,-28,-28,paper_centered_reverse heading=1.5 span=0.6 until_both_cd_missing missing=0/3,63,63,26,37,3,2,2,1,1,18,-124.741177,30,0,3,1,0,5,1,3.906250,44.828125,24.367188,1302.000000,1169.250000,1,8.984375,43.812500,26.398438,1739.000000,1262.750000,1006.742135,23.549578,median_filtered_pair,,,,,,,0,1,3,0,0,3,617.250000,809.750000,115.793391,58.247466,,,,,0,1.161082,23,619.510117,1271.975490,1.598890,32,872.897279,886.255681,1.417153,,,0,0,0,0,
68.688291,1785250112.058586121,reverse_straight,-50,-28,-28,paper_centered_reverse heading=1.5 span=0.6 until_both_cd_missing missing=0/3,63,63,26,37,3,2,2,1,1,18,-124.741177,30,0,3,1,0,5,1,3.906250,44.828125,24.367188,1302.000000,1169.250000,1,8.984375,43.812500,26.398438,1739.000000,1262.750000,1006.742135,23.549578,median_filtered_pair,,,,,,,0,1,3,0,0,3,617.250000,809.750000,115.793391,58.247466,,,,,0,1.161082,23,619.510117,1271.975490,1.598890,32,872.897279,886.255681,1.417153,,,0,0,0,0,
68.786612,1785250112.173036098,reverse_straight,-50,-28,-28,paper_centered_reverse heading=1.4 span=0.3 until_both_cd_missing missing=0/3,63,63,25,38,3,2,2,1,1,19,-136.601486,31,0,3,1,0,5,1,3.906250,46.687500,25.296875,1302.000000,1134.500000,1,8.984375,43.812500,26.398438,1739.000000,1262.750000,1006.742135,23.549578,median_filtered_pair,,,,,,,0,1,3,0,0,3,611.250000,809.500000,87.544894,48.978095,,,,,0,0.914897,20,528.897561,1307.994763,1.513492,32,867.178111,811.871562,1.286717,,,0,0,0,0,
68.880709,1785250112.287744999,reverse_straight,-50,-28,-28,paper_centered_reverse heading=1.4 span=0.2 until_both_cd_missing missing=0/3,65,65,24,41,3,2,2,1,1,18,-123.381622,32,0,3,1,0,5,1,3.906250,46.953125,25.429688,1302.000000,1130.250000,1,8.984375,43.812500,26.398438,1739.000000,1262.750000,1006.742135,23.549578,median_filtered_pair,,,,,,,0,1,3,0,0,3,618.500000,808.500000,73.534315,38.570085,,,,,0,1.328131,21,664.619240,1604.296661,1.529789,31,838.443490,816.807142,1.440621,,,0,0,0,0,
68.976783,1785250112.406162024,reverse_straight,-50,-28,-28,paper_centered_reverse heading=1.4 span=0.3 until_both_cd_missing missing=0/3,71,71,33,38,4,2,2,1,1,19,-131.653686,33,0,3,1,0,5,1,3.906250,42.562500,23.234375,1302.000000,3193.750000,1,8.984375,43.812500,26.398438,1739.000000,1262.750000,1006.742135,23.549578,median_filtered_pair,,,,,,,0,1,3,0,0,3,607.000000,811.250000,77.587932,30.302024,,,,,0,1.719651,25,672.603067,829.529770,1.458716,31,831.361764,705.747672,1.575411,,,0,0,0,0,
69.072699,1785250112.513778925,reverse_straight,-50,-28,-28,paper_centered_reverse heading=1.4 span=0.3 until_both_cd_missing missing=0/3,72,72,31,41,4,2,2,1,1,19,-143.876491,34,0,3,1,0,5,1,5.328125,42.562500,23.945312,1214.750000,3193.750000,1,8.984375,43.812500,26.398438,1739.000000,1262.750000,1006.742135,23.549578,median_filtered_pair,,,,,,,0,1,3,0,0,3,608.000000,810.500000,51.834368,-2.210293,,,,,0,1.638321,25,697.212343,1406.139619,1.290513,32,826.739207,756.454767,1.449636,,,0,0,0,0,
69.168639,1785250112.627798080,reverse_straight,-50,-28,-28,paper_centered_reverse heading=1.4 span=0.3 until_both_cd_missing missing=0/3,73,73,33,40,4,2,2,1,1,18,-123.465397,35,0,3,1,0,5,1,5.328125,42.562500,23.945312,1214.750000,3193.750000,1,8.984375,43.812500,26.398438,1739.000000,1262.750000,1006.742135,23.549578,median_filtered_pair,,,,,,,0,1,3,0,0,3,602.750000,812.250000,38.273507,39.191485,,,,,0,0.882956,25,686.063698,1369.883905,1.549979,30,799.844322,682.126938,1.242006,,,0,0,0,0,
69.263846,1785250112.627798080,reverse_straight,-50,-28,-28,paper_centered_reverse heading=1.4 span=0.3 until_both_cd_missing missing=0/3,73,73,33,40,4,2,2,1,1,18,-123.465397,35,0,3,1,0,5,1,5.328125,42.562500,23.945312,1214.750000,3193.750000,1,8.984375,43.812500,26.398438,1739.000000,1262.750000,1006.742135,23.549578,median_filtered_pair,,,,,,,0,1,3,0,0,3,602.750000,812.250000,38.273507,39.191485,,,,,0,0.882956,25,686.063698,1369.883905,1.549979,30,799.844322,682.126938,1.242006,,,0,0,0,0,
69.362817,1785250112.742946148,reverse_straight,-50,-28,-28,paper_centered_reverse heading=1.3 span=0.4 until_both_cd_missing missing=0/3,63,63,26,37,4,2,2,1,1,19,-130.444681,36,0,3,1,0,5,1,5.328125,42.328125,23.828125,1214.750000,3197.000000,1,8.984375,43.812500,26.398438,1739.000000,1262.750000,1006.742135,23.549578,median_filtered_pair,,,,,,,0,1,3,0,0,3,600.500000,812.000000,26.520648,32.321501,,,,,0,0.608313,23,532.295317,759.179421,1.473348,30,796.292603,715.848881,1.126774,,,0,0,0,0,
69.458344,1785250112.857978106,reverse_straight,-50,-28,-28,paper_centered_reverse heading=1.2 span=0.3 until_both_cd_missing missing=0/3,65,65,29,36,4,2,2,1,1,18,-141.292628,37,0,3,1,1,5,1,5.328125,42.328125,23.828125,1214.750000,3197.000000,1,8.984375,43.812500,26.398438,1739.000000,1262.750000,1006.742135,23.549578,median_filtered_pair,,,,,,,0,1,3,0,0,3,599.000000,813.000000,13.067116,-21.060223,,,,,0,0.709756,24,548.440606,994.017740,1.447043,29,794.843752,696.337437,1.146021,,,0,0,0,0,
69.553059,1785250112.971724033,reverse_straight,-50,-28,-28,paper_centered_reverse heading=1.2 span=0.5 until_both_cd_missing missing=0/3,73,73,34,39,4,2,2,1,1,17,-119.452680,38,0,3,1,0,5,1,5.328125,42.328125,23.828125,1214.750000,3197.000000,1,8.984375,43.812500,26.398438,1739.000000,1262.750000,1006.742135,23.549578,median_filtered_pair,,,,,,,0,1,3,0,0,3,602.000000,813.500000,-16.250859,22.182021,,,,,0,1.459823,26,675.826420,1304.588101,1.727528,29,768.594836,713.953371,1.602272,,,0,0,0,0,
69.648647,1785250113.086285114,reverse_straight,-50,-28,-28,paper_centered_reverse heading=1.3 span=0.5 until_both_cd_missing missing=0/3,70,70,32,38,5,2,2,1,1,18,-119.705681,39,0,3,1,1,5,1,2.453125,42.328125,22.390625,1197.250000,3197.000000,1,8.984375,43.812500,26.398438,1739.000000,1262.750000,1006.742135,23.549578,median_filtered_pair,,,,,,,0,1,3,0,0,3,598.750000,812.750000,-31.825323,42.978721,,,,,0,0.982727,25,600.558156,1015.941548,1.754747,30,764.120136,802.254375,1.415002,,,0,0,0,0,
69.745614,1785250113.201309919,reverse_straight,-50,-28,-28,paper_centered_reverse heading=1.4 span=0.5 until_both_cd_missing missing=0/3,73,73,35,38,5,2,2,1,1,18,-129.929371,40,0,3,1,1,5,1,2.718750,42.312500,22.515625,1113.750000,3194.000000,1,8.984375,43.812500,26.398438,1739.000000,1262.750000,1006.742135,23.549578,median_filtered_pair,,,,,,,0,1,3,0,0,3,596.250000,812.500000,-43.862871,32.120003,,,,,0,0.764402,26,631.428781,795.168928,1.766556,28,725.529097,502.388998,1.300227,,,0,0,0,0,
69.840398,1785250113.201309919,reverse_straight,-50,-28,-28,paper_centered_reverse heading=1.4 span=0.5 until_both_cd_missing missing=0/3,73,73,35,38,5,2,2,1,1,18,-129.929371,40,0,3,1,1,5,1,2.718750,42.312500,22.515625,1113.750000,3194.000000,1,8.984375,43.812500,26.398438,1739.000000,1262.750000,1006.742135,23.549578,median_filtered_pair,,,,,,,0,1,3,0,0,3,596.250000,812.500000,-43.862871,32.120003,,,,,0,0.764402,26,631.428781,795.168928,1.766556,28,725.529097,502.388998,1.300227,,,0,0,0,0,
69.939167,1785250113.318096876,reverse_straight,-50,-28,-28,paper_centered_reverse heading=1.5 span=0.3 until_both_cd_missing missing=0/3,57,57,22,35,5,2,2,1,1,18,-141.786917,41,0,3,1,0,5,1,2.718750,42.312500,22.515625,1113.750000,3194.000000,1,8.984375,43.812500,26.398438,1739.000000,1262.750000,1006.742135,23.549578,median_filtered_pair,,,,,,,0,1,3,0,0,3,602.500000,814.000000,-70.489936,22.417556,,,,,0,1.410889,21,607.928495,1137.221706,1.570615,28,722.638027,595.302372,1.497637,,,0,0,0,0,
70.034037,1785250113.430870056,reverse_straight,-50,-28,-28,paper_centered_reverse heading=1.4 span=0.6 until_both_cd_missing missing=0/3,66,66,29,37,4,2,2,1,1,17,-121.859659,42,0,3,1,0,5,1,2.718750,42.312500,22.515625,1113.750000,3194.000000,1,8.984375,43.812500,26.398438,1739.000000,1262.750000,1006.742135,23.549578,median_filtered_pair,,,,,,,0,1,3,0,0,3,600.750000,815.000000,-65.238917,39.102175,,,,,0,0.015563,24,597.429379,482.236280,1.726253,27,692.557359,592.974998,0.933984,,,0,0,0,0,
70.128891,1785250113.545754194,reverse_straight,-50,-28,-28,paper_centered_reverse heading=1.2 span=0.6 until_both_cd_missing missing=0/3,62,62,28,34,4,2,2,1,1,16,-129.851288,43,0,3,1,0,5,1,2.718750,42.312500,22.515625,1113.750000,3194.000000,1,8.984375,43.812500,26.398438,1739.000000,1262.750000,1006.742135,23.549578,median_filtered_pair,,,,,,,0,1,3,0,0,3,605.750000,814.500000,-77.264314,123.245851,,,,,0,0.402730,22,553.704683,683.973413,1.755579,25,691.900214,752.466040,1.154202,,,0,0,0,0,
70.222512,1785250113.656919956,reverse_straight,-50,-28,-28,paper_centered_reverse heading=1.3 span=0.6 until_both_cd_missing missing=0/3,57,57,23,34,4,2,2,1,1,18,-134.130982,44,0,3,1,0,5,1,2.718750,42.312500,22.515625,1113.750000,3194.000000,1,8.984375,43.812500,26.398438,1739.000000,1262.750000,1006.742135,23.549578,median_filtered_pair,,,,,,,0,1,3,0,0,3,605.750000,812.500000,-5.616471,99.678579,,,,,0,1.200996,18,510.702360,571.444597,1.680479,27,693.473334,573.892769,1.477126,,,0,0,0,0,
70.316956,1785250113.771120071,reverse_straight,-50,-28,-28,paper_centered_reverse heading=1.0 span=0.6 until_both_cd_missing missing=0/3,60,60,24,36,4,2,2,1,1,16,-139.196550,45,0,3,1,0,5,1,1.156250,42.328125,21.742188,1063.750000,3194.000000,1,8.984375,43.812500,26.398438,1739.000000,1262.750000,1006.742135,23.549578,median_filtered_pair,,,,,,,0,1,3,0,0,3,602.500000,813.250000,-36.289733,95.367043,,,,,0,0.053245,20,525.225579,513.019900,1.488722,24,659.910145,629.212847,0.852551,,,0,0,0,0,
70.410886,1785250113.771120071,reverse_straight,-50,-28,-28,paper_centered_reverse heading=1.0 span=0.6 until_both_cd_missing missing=0/3,60,60,24,36,4,2,2,1,1,16,-139.196550,45,0,3,1,0,5,1,1.156250,42.328125,21.742188,1063.750000,3194.000000,1,8.984375,43.812500,26.398438,1739.000000,1262.750000,1006.742135,23.549578,median_filtered_pair,,,,,,,0,1,3,0,0,3,602.500000,813.250000,-36.289733,95.367043,,,,,0,0.053245,20,525.225579,513.019900,1.488722,24,659.910145,629.212847,0.852551,,,0,0,0,0,
70.509009,1785250113.887151003,reverse_straight,-50,-28,-28,paper_centered_reverse heading=1.3 span=0.9 until_both_cd_missing missing=0/3,65,65,26,39,4,2,2,1,1,17,-117.153006,46,0,3,1,0,5,1,1.156250,42.328125,21.742188,1063.750000,3194.000000,1,8.984375,43.812500,26.398438,1739.000000,1262.750000,1006.742135,23.549578,median_filtered_pair,,,,,,,0,1,3,0,0,3,602.500000,812.250000,-52.020274,67.481710,,,,,0,1.332509,21,530.355855,472.771832,2.070195,25,632.896781,493.425346,1.733866,,,0,0,0,0,
70.601670,1785250114.000572920,reverse_straight,-50,-28,-28,paper_centered_reverse heading=1.6 span=0.9 until_both_cd_missing missing=0/3,60,60,27,33,4,2,2,1,1,15,-118.049812,47,0,3,1,0,5,1,1.156250,42.328125,21.742188,1063.750000,3194.000000,1,8.984375,43.812500,26.398438,1739.000000,1262.750000,1006.742135,23.549578,median_filtered_pair,,,,,,,0,1,3,0,0,3,603.250000,812.000000,-67.472508,68.343592,,,,,0,1.790694,21,441.307927,793.756017,1.727353,23,632.270057,600.556833,1.753390,,,0,0,0,0,
70.694431,1785250114.114516973,reverse_straight,-50,-28,-28,paper_centered_reverse heading=1.7 span=0.9 until_both_cd_missing missing=0/3,64,64,27,37,5,2,2,1,1,18,-120.103254,48,0,3,1,0,5,1,0.218750,42.468750,21.343750,977.500000,3179.000000,1,8.984375,43.812500,26.398438,1739.000000,1262.750000,1006.742135,23.549578,median_filtered_pair,,,,,,,0,1,3,0,0,3,603.500000,810.750000,-66.355523,42.652170,,,,,0,1.275833,19,353.322744,546.511922,2.007558,25,601.139161,450.915743,1.736688,,,0,0,0,0,
70.787037,1785250114.230269909,reverse_straight,-50,-28,-28,paper_centered_reverse heading=1.7 span=0.1 until_both_cd_missing missing=0/3,58,58,25,33,5,2,2,1,1,16,-128.713727,49,0,3,1,0,5,1,0.218750,42.671875,21.445312,977.500000,3166.000000,1,8.984375,43.812500,26.398438,1739.000000,1262.750000,1006.742135,23.549578,median_filtered_pair,,,,,,,0,1,3,0,0,3,604.250000,810.250000,-12.357910,58.944580,,,,,0,1.269356,21,398.977566,703.347596,1.826497,23,602.484585,416.001197,1.604535,,,0,0,0,0,
70.879816,1785250114.344071865,reverse_straight,-50,-28,-28,paper_centered_reverse heading=1.7 span=0.3 until_both_cd_missing missing=0/3,61,61,24,37,5,2,2,1,1,18,-136.211241,50,0,3,1,0,5,1,0.218750,43.156250,21.687500,977.500000,3082.500000,1,8.984375,43.812500,26.398438,1739.000000,1262.750000,1006.742135,23.549578,median_filtered_pair,,,,,,,0,1,3,0,0,3,603.500000,809.750000,-6.912171,4.858122,,,,,0,1.957539,21,429.860703,686.017843,1.787399,24,596.250735,299.587571,1.858674,,,0,0,0,0,
70.972688,1785250114.344071865,reverse_straight,-50,-28,-28,paper_centered_reverse heading=1.7 span=0.3 until_both_cd_missing missing=0/3,61,61,24,37,5,2,2,1,1,18,-136.211241,50,0,3,1,0,5,1,0.218750,43.156250,21.687500,977.500000,3082.500000,1,8.984375,43.812500,26.398438,1739.000000,1262.750000,1006.742135,23.549578,median_filtered_pair,,,,,,,0,1,3,0,0,3,603.500000,809.750000,-6.912171,4.858122,,,,,0,1.957539,21,429.860703,686.017843,1.787399,24,596.250735,299.587571,1.858674,,,0,0,0,0,
71.070394,1785250114.456357002,reverse_straight,-50,-28,-28,paper_centered_reverse heading=1.7 span=0.3 until_both_cd_missing missing=0/3,65,65,27,38,5,2,2,1,1,18,-120.986915,51,0,3,1,0,5,1,1.968750,41.640625,21.804688,931.000000,3190.000000,1,8.984375,43.812500,26.398438,1739.000000,1262.750000,1006.742135,23.549578,median_filtered_pair,,,,,,,0,1,3,0,0,3,602.750000,811.000000,0.328749,20.345132,,,,,0,1.612233,20,388.605920,785.918509,1.803288,24,570.960269,354.738795,1.725914,,,0,0,0,0,
71.162904,1785250114.570991039,reverse_straight,-50,-28,-28,paper_centered_reverse heading=1.7 span=0.3 until_both_cd_missing missing=0/3,57,57,25,32,5,2,2,1,1,17,-131.552848,52,0,3,1,0,5,1,1.968750,41.640625,21.804688,931.000000,3190.000000,1,8.984375,43.812500,26.398438,1739.000000,1262.750000,1006.742135,23.549578,median_filtered_pair,,,,,,,0,1,3,0,0,3,600.750000,812.500000,114.950125,9.527507,,,,,0,1.582392,23,448.966241,1020.029131,1.689560,22,566.470411,377.581938,1.642176,,,0,0,0,0,
71.255746,1785250114.685528040,reverse_straight,-50,-28,-28,paper_centered_reverse heading=1.7 span=0.2 until_both_cd_missing missing=0/3,64,64,24,40,4,2,2,1,1,17,-142.552669,53,0,3,1,1,5,1,3.109375,41.406250,22.257812,895.250000,3192.750000,1,8.984375,43.812500,26.398438,1739.000000,1262.750000,1006.742135,23.549578,median_filtered_pair,,,,,,,0,1,3,0,0,3,597.750000,814.750000,102.192469,-0.444377,,,,,0,1.950924,18,329.367091,539.655383,1.443497,22,568.319151,381.385359,1.629676,,,0,0,0,0,
71.348289,1785250114.799652100,reverse_straight,-50,-28,-28,paper_centered_reverse heading=1.7 span=0.4 until_both_cd_missing missing=0/3,61,61,24,37,4,2,2,1,1,18,-121.023193,54,0,3,1,1,5,1,3.109375,41.406250,22.257812,895.250000,3192.750000,1,8.984375,43.812500,26.398438,1739.000000,1262.750000,1006.742135,23.549578,median_filtered_pair,,,,,,,0,1,3,0,0,3,591.250000,814.000000,88.827256,-2.885787,,,,,0,2.332917,19,383.848581,1051.829897,1.800126,22,513.540184,317.667185,2.028022,,,0,0,0,0,
71.440878,1785250114.799652100,reverse_straight,-50,-28,-28,paper_centered_reverse heading=1.7 span=0.4 until_both_cd_missing missing=0/3,61,61,24,37,4,2,2,1,1,18,-121.023193,54,0,3,1,1,5,1,3.109375,41.406250,22.257812,895.250000,3192.750000,1,8.984375,43.812500,26.398438,1739.000000,1262.750000,1006.742135,23.549578,median_filtered_pair,,,,,,,0,1,3,0,0,3,591.250000,814.000000,88.827256,-2.885787,,,,,0,2.332917,19,383.848581,1051.829897,1.800126,22,513.540184,317.667185,2.028022,,,0,0,0,0,
71.533927,1785250114.916570902,reverse_straight,-50,-28,-28,paper_centered_reverse heading=1.8 span=0.5 until_both_cd_missing missing=0/3,61,61,28,33,5,2,2,1,1,17,-127.365305,55,0,3,1,1,5,1,3.109375,41.406250,22.257812,895.250000,3192.750000,1,8.984375,43.812500,26.398438,1739.000000,1262.750000,1006.742135,23.549578,median_filtered_pair,,,,,,,0,1,3,0,0,3,594.250000,816.500000,72.420857,-11.578235,,,,,0,2.877598,21,402.449173,2103.433853,1.596047,20,511.275681,312.574454,2.160505,,,0,0,0,0,
71.631339,1785250115.028820038,reverse_straight,-50,-28,-28,paper_centered_reverse heading=2.0 span=0.5 until_both_cd_missing missing=0/3,61,61,26,35,5,2,2,1,1,19,-135.919449,56,0,3,1,1,5,1,3.109375,41.406250,22.257812,895.250000,3192.750000,1,8.984375,43.812500,26.398438,1739.000000,1262.750000,1006.742135,23.549578,median_filtered_pair,,,,,,,0,1,3,0,0,3,591.250000,818.500000,59.396616,-38.824184,,,,,0,3.073634,20,362.976006,1804.783303,1.130369,22,514.328877,280.014408,1.934375,,,0,0,0,0,
71.723812,1785250115.144059896,reverse_straight,-50,-28,-28,paper_centered_reverse heading=2.0 span=0.3 until_both_cd_missing missing=0/3,61,61,28,33,5,2,2,1,1,17,-139.651170,57,0,3,1,1,5,1,3.109375,41.406250,22.257812,895.250000,3192.750000,1,8.984375,43.812500,26.398438,1739.000000,1262.750000,1006.742135,23.549578,median_filtered_pair,,,,,,,0,1,3,0,0,3,586.000000,819.000000,97.033113,-41.970957,,,,,0,2.557396,21,360.905404,965.233217,1.328397,19,488.204252,271.357080,1.850771,,,0,0,0,0,
71.815495,1785250115.257721186,reverse_straight,-50,-28,-28,paper_centered_reverse heading=1.9 span=1.0 until_both_cd_missing missing=0/3,61,61,26,35,5,2,2,1,1,17,-119.358817,58,0,3,1,1,5,1,1.781250,41.640625,21.710938,876.250000,3175.750000,1,8.984375,43.812500,26.398438,1739.000000,1262.750000,1006.742135,23.549578,median_filtered_pair,,,,,,,0,1,3,0,0,3,584.500000,822.750000,86.079294,-49.555814,,,,,0,0.930137,19,414.705384,447.733352,1.338343,19,458.184030,249.486897,1.144407,,,0,0,0,0,
71.908198,1785250115.369114161,reverse_straight,-50,-28,-28,paper_centered_reverse heading=1.9 span=0.8 until_both_cd_missing missing=0/3,55,55,23,32,5,2,2,1,1,19,-128.731296,59,0,3,1,1,5,1,1.656250,42.078125,21.867188,812.750000,3156.500000,1,8.984375,43.812500,26.398438,1739.000000,1262.750000,1006.742135,23.549578,median_filtered_pair,,,,,,,0,1,3,0,0,3,580.000000,824.250000,36.197497,-80.566928,,,,,0,3.237223,17,328.746923,861.317849,0.905990,20,459.204416,225.919531,1.878620,,,0,0,0,0,
71.999779,1785250115.369114161,reverse_straight,-50,-28,-28,paper_centered_reverse heading=1.9 span=0.8 until_both_cd_missing missing=0/3,55,55,23,32,5,2,2,1,1,19,-128.731296,59,0,3,1,1,5,1,1.656250,42.078125,21.867188,812.750000,3156.500000,1,8.984375,43.812500,26.398438,1739.000000,1262.750000,1006.742135,23.549578,median_filtered_pair,,,,,,,0,1,3,0,0,3,580.000000,824.250000,36.197497,-80.566928,,,,,0,3.237223,17,328.746923,861.317849,0.905990,20,459.204416,225.919531,1.878620,,,0,0,0,0,
72.092111,1785250115.483950138,reverse_straight,-50,-28,-28,paper_centered_reverse heading=1.8 span=0.7 until_both_cd_missing missing=0/3,56,56,25,31,5,2,2,1,1,17,-132.619962,60,0,3,1,1,5,1,1.656250,42.437500,22.046875,812.750000,3149.000000,1,8.984375,43.812500,26.398438,1739.000000,1262.750000,1006.742135,23.549578,median_filtered_pair,,,,,,,0,1,3,0,0,3,583.750000,827.750000,58.167988,-85.176337,,,,,0,2.973828,19,309.062438,1865.160717,0.776801,17,432.906528,196.457341,1.691959,,,0,0,0,0,
72.187700,1785250115.599374056,reverse_straight,-50,-28,-28,paper_centered_reverse heading=1.5 span=0.7 until_both_cd_missing missing=0/3,59,59,22,37,4,2,2,1,1,19,-141.384703,61,0,3,1,1,5,1,1.656250,67.281250,34.468750,812.750000,902.500000,1,8.984375,43.812500,26.398438,1739.000000,1262.750000,1006.742135,23.549578,median_filtered_pair,,,,,,,0,1,3,0,0,3,575.750000,829.500000,43.294257,-114.099876,,,,,0,3.054829,16,289.165703,664.924534,0.190824,19,432.466367,249.510566,1.338461,,,0,0,0,0,
72.278603,1785250115.712967873,reverse_straight,-50,-28,-28,paper_centered_reverse heading=1.5 span=1.5 until_both_cd_missing missing=0/3,51,51,18,33,4,2,2,1,1,18,-123.349905,62,0,3,1,1,5,1,1.656250,67.875000,34.765625,812.750000,899.250000,1,8.984375,43.812500,26.398438,1739.000000,1262.750000,1006.742135,23.549578,median_filtered_pair,,,,,,,0,1,3,0,0,3,574.500000,833.000000,-15.978338,-123.349905,,,,,0,2.940359,13,240.128340,317.395547,-1.129978,18,405.372119,263.274718,0.384201,,,0,0,0,0,
72.370201,1785250115.828418016,reverse_straight,-50,-28,-28,paper_centered_reverse heading=0.9 span=2.2 until_both_cd_missing missing=0/3,50,50,21,29,4,3,2,1,1,16,-133.123124,63,0,3,1,1,5,1,1.296875,68.359375,34.828125,761.750000,895.750000,1,8.984375,43.812500,26.398438,1739.000000,1262.750000,1006.742135,23.549578,median_filtered_pair,,,,,,,0,1,3,0,0,3,577.500000,838.000000,7.559241,-133.123124,,,,,0,1.402529,16,331.692825,312.605395,-2.088483,16,383.750651,225.911020,-0.469985,,,0,0,0,0,
72.461495,1785250115.828418016,reverse_straight,-50,-28,-28,paper_centered_reverse heading=0.9 span=2.2 until_both_cd_missing missing=0/3,50,50,21,29,4,3,2,1,1,16,-133.123124,63,0,3,1,1,5,1,1.296875,68.359375,34.828125,761.750000,895.750000,1,8.984375,43.812500,26.398438,1739.000000,1262.750000,1006.742135,23.549578,median_filtered_pair,,,,,,,0,1,3,0,0,3,577.500000,838.000000,7.559241,-133.123124,,,,,0,1.402529,16,331.692825,312.605395,-2.088483,16,383.750651,225.911020,-0.469985,,,0,0,0,0,
72.552385,1785250115.942399979,reverse_straight,-50,-28,-28,paper_centered_reverse heading=-0.0 span=2.3 until_both_cd_missing missing=0/3,52,52,22,30,4,3,2,1,1,16,-141.142260,64,0,3,1,1,5,1,1.296875,70.187500,35.742188,761.750000,885.750000,1,8.984375,43.812500,26.398438,1739.000000,1262.750000,1006.742135,23.549578,median_filtered_pair,,,,,,,0,1,3,0,0,3,572.250000,848.250000,-6.398203,-141.142260,,,,,0,1.120934,14,308.992399,306.802563,-2.643601,16,385.824645,377.133577,-0.969473,,,0,0,0,0,
72.641810,1785250116.057739973,reverse_straight,-50,-28,-28,paper_centered_reverse heading=-0.7 span=2.5 until_both_cd_missing missing=0/3,52,52,19,33,4,3,2,1,1,17,-148.141477,65,0,3,1,1,5,1,1.296875,72.359375,36.828125,761.750000,875.000000,1,8.984375,43.812500,26.398438,1739.000000,1262.750000,1006.742135,23.549578,median_filtered_pair,,,,,,,0,1,3,0,0,3,571.500000,848.750000,-18.387415,72.820469,,,,,0,-0.241881,13,286.356702,295.275243,-3.565107,17,391.020463,4107.973029,-2.160235,,,0,0,0,0,
72.737167,1785250116.172459126,reverse_straight,-50,-28,-28,paper_centered_reverse heading=-1.6 span=1.7 until_both_cd_missing missing=0/3,52,52,19,33,5,2,2,1,1,16,-148.180816,66,0,3,1,1,5,1,0.968750,67.875000,34.421875,715.000000,2006.250000,1,8.984375,43.812500,26.398438,1739.000000,1262.750000,1006.742135,23.549578,median_filtered_pair,,,,,,,0,1,3,0,0,3,571.750000,849.000000,-33.970677,71.919175,,,,,0,0.743594,11,214.830708,291.370005,-3.845147,16,365.795321,12498.413967,-2.147320,,,0,0,0,0,
72.827698,1785250116.286301851,reverse_straight,-50,-28,-28,paper_centered_reverse heading=-2.1 span=1.2 until_both_cd_missing missing=0/3,54,54,18,36,5,2,2,1,1,15,-126.210938,67,0,3,1,1,5,1,0.968750,67.875000,34.421875,715.000000,2006.250000,1,8.984375,43.812500,26.398438,1739.000000,1262.750000,1006.742135,23.549578,median_filtered_pair,,,,,,,0,1,3,0,0,3,572.250000,849.000000,49.563940,42.583430,,,,,0,0.350554,11,197.710170,348.687502,-3.570990,15,339.350426,7794.992055,-2.127337,,,0,0,0,0,
72.918093,1785250116.286301851,reverse_straight,-50,-28,-28,paper_centered_reverse heading=-2.1 span=1.2 until_both_cd_missing missing=0/3,54,54,18,36,5,2,2,1,1,15,-126.210938,67,0,3,1,1,5,1,0.968750,67.875000,34.421875,715.000000,2006.250000,1,8.984375,43.812500,26.398438,1739.000000,1262.750000,1006.742135,23.549578,median_filtered_pair,,,,,,,0,1,3,0,0,3,572.250000,849.000000,49.563940,42.583430,,,,,0,0.350554,11,197.710170,348.687502,-3.570990,15,339.350426,7794.992055,-2.127337,,,0,0,0,0,
73.008925,1785250116.397685051,reverse_straight,-50,-28,-28,paper_centered_reverse heading=-2.1 span=0.4 until_both_cd_missing missing=0/3,46,46,14,32,5,2,2,1,1,14,-131.795133,68,0,3,1,1,5,1,0.968750,68.187500,34.578125,715.000000,2000.250000,1,8.984375,43.812500,26.398438,1739.000000,1262.750000,1006.742135,23.549578,median_filtered_pair,,,,,,,0,1,3,0,0,3,569.500000,849.000000,-44.682455,62.918108,,,,,0,1.361166,11,197.685500,288.139504,-3.806648,14,313.224641,9464.144973,-1.807076,,,0,0,0,0,
73.099176,1785250116.512463808,reverse_straight,-50,-28,-28,paper_centered_reverse heading=-2.1 span=1.0 until_both_cd_missing missing=0/3,51,51,15,36,5,3,2,1,1,14,-138.137327,69,0,3,1,1,5,1,-0.671875,68.328125,33.828125,674.250000,1990.250000,1,8.984375,43.812500,26.398438,1739.000000,1262.750000,1006.742135,23.549578,median_filtered_pair,,,,,,,0,1,3,0,0,3,568.750000,849.000000,-10.081135,56.451356,,,,,0,0.096469,9,163.150278,171.340298,-4.333038,14,315.045304,9214.752157,-2.821783,,,0,0,0,0,
73.189527,1785250116.626821041,reverse_straight,-50,-28,-28,paper_centered_reverse heading=-2.5 span=2.7 until_both_cd_missing missing=0/3,49,49,16,33,5,3,2,1,1,13,-146.408019,70,0,3,1,1,5,1,-0.671875,68.406250,33.867188,674.250000,1975.750000,1,8.984375,43.812500,26.398438,1739.000000,1262.750000,1006.742135,23.549578,median_filtered_pair,,,,,,,0,1,3,0,0,3,570.500000,849.000000,-6.534206,74.687144,,,,,0,-3.878477,9,180.563668,135.727663,-4.902045,13,294.825210,1749.175714,-4.513270,,,0,0,0,0,
73.286141,1785250116.742641926,reverse_straight,-50,-28,-28,paper_centered_reverse heading=-3.3 span=2.7 until_both_cd_missing missing=0/3,46,46,15,31,5,3,2,1,1,12,-121.071515,71,0,3,1,1,5,1,-1.000000,68.750000,33.875000,588.750000,1977.750000,1,8.984375,43.812500,26.398438,1739.000000,1262.750000,1006.742135,23.549578,median_filtered_pair,,,,,,,0,1,3,0,0,3,568.250000,848.250000,-19.831639,48.089657,,,,,0,-3.303609,10,180.091724,260.172939,-4.107653,12,266.931127,6955.889547,-3.783729,,,0,0,0,0,
73.374740,1785250116.742641926,reverse_straight,-50,-28,-28,paper_centered_reverse heading=-3.3 span=2.7 until_both_cd_missing missing=0/3,46,46,15,31,5,3,2,1,1,12,-121.071515,71,0,3,1,1,5,1,-1.000000,68.750000,33.875000,588.750000,1977.750000,1,8.984375,43.812500,26.398438,1739.000000,1262.750000,1006.742135,23.549578,median_filtered_pair,,,,,,,0,1,3,0,0,3,568.250000,848.250000,-19.831639,48.089657,,,,,0,-3.303609,10,180.091724,260.172939,-4.107653,12,266.931127,6955.889547,-3.783729,,,0,0,0,0,
73.464162,1785250116.856197119,reverse_straight,-50,-28,-28,paper_centered_reverse heading=-3.3 span=1.8 until_both_cd_missing missing=0/3,44,44,11,33,5,3,2,1,1,11,-128.557235,72,0,3,1,1,5,1,-1.000000,69.062500,34.031250,588.750000,1974.000000,1,8.984375,43.812500,26.398438,1739.000000,1262.750000,1006.742135,23.549578,median_filtered_pair,,,,,,,0,1,3,0,0,3,568.500000,847.000000,-33.777578,64.612526,,,,,0,3.153432,9,127.708291,34.286541,-4.470862,11,241.977061,5828.615802,-2.670933,,,0,0,0,0,
73.554548,1785250116.971213102,reverse_straight,-50,-28,-28,paper_centered_reverse heading=-4.1 span=4.6 until_both_cd_missing missing=0/3,46,46,14,32,5,3,2,1,1,11,-135.156249,73,0,3,1,1,5,1,-1.000000,69.390625,34.195312,588.750000,1971.750000,1,8.984375,43.812500,26.398438,1739.000000,1262.750000,1006.742135,23.549578,median_filtered_pair,,,,,,,0,1,3,0,0,3,568.750000,846.250000,-59.759060,82.487657,,,,,0,-14.004500,8,192.815209,23.552078,-4.666555,11,242.882588,5861.563882,-7.263592,,,0,0,0,0,
73.644399,1785250117.085515022,reverse_straight,-50,-28,-28,paper_centered_reverse heading=-5.5 span=5.0 until_both_cd_missing missing=0/3,45,45,12,33,5,3,2,1,1,11,-143.036798,74,0,3,1,1,5,1,-1.000000,69.828125,34.414062,588.750000,1967.250000,1,8.984375,43.812500,26.398438,1739.000000,1262.750000,1006.742135,23.549578,median_filtered_pair,,,,,,,0,1,3,0,0,3,569.000000,848.250000,-71.345399,77.385891,,,,,0,-15.220036,8,192.712914,25.907631,-4.578807,11,244.097542,949.499870,-7.629175,,,0,0,0,0,
73.735349,1785250117.199820042,reverse_straight,-50,-28,-28,paper_centered_reverse heading=-6.8 span=5.0 until_both_cd_missing missing=0/3,41,41,9,32,5,3,2,1,1,9,-121.470435,75,0,3,1,1,5,1,-1.000000,70.906250,34.953125,588.750000,1964.000000,1,8.984375,43.812500,26.398438,1739.000000,1262.750000,1006.742135,23.549578,median_filtered_pair,,,,,,,0,1,3,0,0,3,569.250000,845.750000,-83.219193,72.333282,,,,,0,-28.561785,5,150.129298,47.330665,-6.244438,6,273.358041,909.436152,-6.244438,,,0,0,0,0,
73.830484,1785250117.199820042,reverse_straight,-50,-28,-28,paper_centered_reverse heading=-6.8 span=5.0 until_both_cd_missing missing=0/3,41,41,9,32,5,3,2,1,1,9,-121.470435,75,0,3,1,1,5,1,-1.000000,70.906250,34.953125,588.750000,1964.000000,1,8.984375,43.812500,26.398438,1739.000000,1262.750000,1006.742135,23.549578,median_filtered_pair,,,,,,,0,1,3,0,0,3,569.250000,845.750000,-83.219193,72.333282,,,,,0,-28.561785,5,150.129298,47.330665,-6.244438,6,273.358041,909.436152,-6.244438,,,0,0,0,0,
73.920415,1785250117.311756134,reverse_straight,-50,-28,-28,paper_centered_reverse heading=-6.9 span=1.4 until_both_cd_missing missing=0/3,42,42,10,32,5,3,2,1,1,9,-125.092115,76,0,3,1,1,5,1,-1.515625,70.906250,34.695312,537.000000,1964.000000,1,8.984375,43.812500,26.398438,1739.000000,1262.750000,1006.742135,23.549578,median_filtered_pair,,,,,,,0,1,3,0,0,3,571.250000,845.000000,-98.582792,45.144345,,,,,0,-20.839612,4,139.234931,17.860614,-3.558709,6,271.909561,1928.688040,-6.633102,,,0,0,0,0,
74.010306,1785250117.426266909,reverse_straight,-50,-28,-28,paper_centered_reverse heading=-6.4 span=4.6 until_both_cd_missing missing=0/3,36,36,8,28,5,3,2,1,1,8,-125.290412,77,0,3,1,1,5,1,-1.515625,70.906250,34.695312,537.000000,1964.000000,1,8.984375,43.812500,26.398438,1739.000000,1262.750000,1006.742135,23.549578,median_filtered_pair,,,,,,,0,1,3,0,0,3,616.750000,846.000000,-34.125635,44.967388,,,,,0,,0,,,-2.986420,5,218.584769,3666.270825,-2.986420,,,0,0,0,0,
74.098730,1785250117.541168213,reverse_straight,-50,-28,-28,paper_centered_reverse heading=-5.1 span=3.6 until_both_cd_missing missing=0/3,42,42,11,31,5,3,2,1,1,7,-127.274360,78,0,3,1,1,5,1,-1.515625,73.187500,35.835938,537.000000,1948.250000,1,8.984375,43.812500,26.398438,1739.000000,1262.750000,1006.742135,23.549578,median_filtered_pair,,,,,,,0,1,3,0,0,3,579.500000,848.000000,-81.276748,18.730223,,,,,0,-29.256702,4,109.821273,27.994848,-3.942037,6,271.494261,1449.103326,-3.942037,,,0,0,0,0,
74.188213,1785250117.655256033,reverse_straight,-50,-28,-28,paper_centered_reverse heading=-5.0 span=3.6 until_both_cd_missing missing=0/3,44,44,10,34,5,3,2,1,1,7,-131.015456,79,0,3,1,1,5,1,-2.921875,73.187500,35.132812,504.250000,1948.250000,1,8.984375,43.812500,26.398438,1739.000000,1262.750000,1006.742135,23.549578,median_filtered_pair,,,,,,,0,1,3,0,0,3,580.250000,845.250000,-96.080996,16.134453,,,,,0,,0,,,-5.985936,6,271.867322,1184.066180,-5.985936,,,0,0,0,0,
74.279179,1785250117.655256033,reverse_straight,-50,-28,-28,paper_centered_reverse heading=-5.0 span=3.6 until_both_cd_missing missing=0/3,44,44,10,34,5,3,2,1,1,7,-131.015456,79,0,3,1,1,5,1,-2.921875,73.187500,35.132812,504.250000,1948.250000,1,8.984375,43.812500,26.398438,1739.000000,1262.750000,1006.742135,23.549578,median_filtered_pair,,,,,,,0,1,3,0,0,3,580.250000,845.250000,-96.080996,16.134453,,,,,0,,0,,,-5.985936,6,271.867322,1184.066180,-5.985936,,,0,0,0,0,
74.373882,1785250117.770762920,reverse_straight,-50,-28,-28,paper_centered_reverse heading=-5.0 span=3.3 until_both_cd_missing missing=0/3,41,41,12,29,5,3,2,1,1,6,-133.519695,80,0,3,1,1,5,1,-2.921875,75.046875,36.062500,504.250000,1950.250000,1,8.984375,43.812500,26.398438,1739.000000,1262.750000,1006.742135,23.549578,median_filtered_pair,,,,,,,0,1,3,0,0,3,621.250000,850.500000,-81.089397,-10.205022,,,,,0,,0,,,-6.330056,6,269.449341,8465.368282,-6.330056,,,0,0,0,0,
74.463474,1785250117.884462118,reverse_straight,-50,-28,-28,paper_centered_reverse heading=-5.4 span=2.4 until_both_cd_missing missing=0/3,35,35,7,28,5,3,2,1,1,6,-135.511655,81,0,3,1,1,5,1,-2.953125,75.078125,36.062500,419.250000,1949.250000,1,8.984375,43.812500,26.398438,1739.000000,1262.750000,1006.742135,23.549578,median_filtered_pair,,,,,,,0,1,3,0,0,3,623.750000,849.750000,-97.239969,-11.586309,,,,,0,,0,,,-4.749568,6,271.214933,3557.948004,-4.749568,,,0,0,0,0,
74.550886,1785250117.999709845,reverse_straight,-50,-28,-28,paper_centered_reverse heading=-5.4 span=2.4 until_both_cd_missing missing=0/3,35,35,7,28,5,3,2,1,1,5,-135.746217,82,0,3,1,1,5,1,-2.953125,76.781250,36.914062,419.250000,1939.250000,1,8.984375,43.812500,26.398438,1739.000000,1262.750000,1006.742135,23.549578,median_filtered_pair,,,,,,,0,1,3,0,0,3,988.250000,851.750000,278.868818,-36.456628,,,,,0,,0,,,-3.892083,7,324.444421,4840.405644,-3.892083,,,0,0,0,0,
74.640922,1785250117.999709845,reverse_straight,-50,-28,-28,paper_centered_reverse heading=-5.4 span=2.4 until_both_cd_missing missing=0/3,35,35,7,28,5,3,2,1,1,5,-135.746217,82,0,3,1,1,5,1,-2.953125,76.781250,36.914062,419.250000,1939.250000,1,8.984375,43.812500,26.398438,1739.000000,1262.750000,1006.742135,23.549578,median_filtered_pair,,,,,,,0,1,3,0,0,3,988.250000,851.750000,278.868818,-36.456628,,,,,0,,0,,,-3.892083,7,324.444421,4840.405644,-3.892083,,,0,0,0,0,
74.731042,1785250118.114381075,reverse_straight,-50,-28,-28,paper_centered_reverse heading=-4.7 span=2.4 until_both_cd_missing missing=0/3,40,40,9,31,5,3,2,1,1,5,-141.362678,83,0,3,1,1,5,1,-2.937500,76.968750,37.015625,386.750000,1934.500000,1,8.984375,43.812500,26.398438,1739.000000,1262.750000,1006.742135,23.549578,median_filtered_pair,,,,,,,0,1,3,0,0,3,980.250000,853.250000,256.804560,-41.402172,,,,,0,,0,,,-4.726322,7,324.109935,5014.809290,-4.726322,,,0,0,0,0,
74.820147,1785250118.225107908,reverse_straight,-50,-28,-28,paper_centered_reverse heading=-4.7 span=1.0 until_both_cd_missing missing=0/3,34,34,9,25,5,3,2,1,0,0,,0,1,3,1,1,5,1,-2.875000,77.203125,37.164062,369.500000,1928.000000,1,8.984375,43.812500,26.398438,1739.000000,1262.750000,1006.742135,23.549578,median_filtered_pair,,,,,,,0,1,3,0,0,3,976.750000,859.750000,233.970407,-93.132148,,,,,0,,0,,,-4.862992,6,269.760366,4180.481450,-4.862992,,,0,0,0,0,
74.914145,1785250118.339601994,reverse_straight,-50,-28,-28,paper_centered_reverse heading=-4.6 span=1.0 until_both_cd_missing missing=0/3,34,34,8,26,5,3,2,1,0,0,,0,2,3,1,1,5,1,-2.531250,77.250000,37.359375,350.500000,1933.750000,1,8.984375,43.812500,26.398438,1739.000000,1262.750000,1006.742135,23.549578,median_filtered_pair,,,,,,,0,1,3,0,0,3,978.000000,856.500000,238.410682,-74.183512,,,,,0,,0,,,-4.476587,7,323.567444,11635.176723,-4.476587,,,0,0,0,0,
75.003244,1785250118.455049038,reverse_straight,-50,-28,-28,paper_centered_reverse heading=-4.6 span=0.7 until_both_cd_missing missing=0/3,32,32,5,27,5,3,2,0,0,0,,0,3,3,1,1,5,1,-2.156250,77.390625,37.617188,338.000000,1930.500000,1,8.984375,43.812500,26.398438,1739.000000,1262.750000,1006.742135,23.549578,median_filtered_pair,,,,,,,0,1,3,0,0,3,969.500000,860.000000,217.832425,-103.643636,,,,,0,,0,,,-4.156047,7,324.653137,3319.284763,-4.156047,,,0,0,0,0,
75.092145,1785250118.455049038,reverse_straight,-50,-28,-28,paper_centered_reverse heading=-4.6 span=0.7 until_both_cd_missing missing=0/3,32,32,5,27,5,3,2,0,1,7,4.176242,0,3,3,1,1,5,1,-2.156250,77.390625,37.617188,338.000000,1930.500000,1,8.984375,43.812500,26.398438,1739.000000,1262.750000,1006.742135,23.549578,median_filtered_pair,,,,,,,0,1,3,0,0,3,969.500000,860.000000,217.832425,-103.643636,,,,,0,,0,,,-4.156047,7,324.653137,3319.284763,-4.156047,,,0,0,0,0,
75.182040,1785250118.570714951,reverse_straight,-50,-28,-28,paper_centered_reverse heading=-4.6 span=0.7 until_both_cd_missing missing=0/3,32,32,5,27,4,2,2,0,1,7,-4.180606,1,0,3,1,1,5,1,-2.156250,77.656250,37.750000,338.000000,1927.750000,1,8.984375,43.812500,26.398438,1739.000000,1262.750000,1006.742135,23.549578,median_filtered_pair,,,,,,,0,1,3,0,0,3,964.750000,866.500000,188.729439,-133.449530,,,,,0,,0,,,-4.689044,7,323.265440,3739.549325,-4.689044,,,0,0,0,0,
75.272941,1785250118.683773994,reverse_straight,-50,-28,-28,paper_centered_reverse heading=-4.3 span=0.9 until_both_cd_missing missing=0/3,32,32,8,24,4,2,2,1,1,8,-58.980134,2,0,4,1,1,5,1,-2.156250,79.468750,38.656250,338.000000,1925.500000,1,8.984375,43.812500,26.398438,1739.000000,1262.750000,1006.742135,23.549578,median_filtered_pair,,,,,,,0,1,3,0,0,3,955.750000,868.000000,164.167180,-134.382159,,,,,0,,0,,,-3.741429,8,376.711828,1553.662431,-3.741429,,,0,0,0,0,
75.361905,1785250118.798320055,reverse_straight,-50,-28,-28,paper_centered_reverse heading=-4.0 span=0.9 until_both_cd_missing missing=0/3,33,33,8,25,4,2,2,1,1,8,-69.605239,3,0,4,1,1,5,1,-1.125000,79.718750,39.296875,286.250000,1921.750000,1,8.984375,43.812500,26.398438,1739.000000,1262.750000,1006.742135,23.549578,median_filtered_pair,,,,,,,0,1,3,0,0,3,958.500000,1912.500000,172.101972,90.195282,,,,,0,,0,,,-3.913506,8,374.942182,6268.006256,-3.913506,,,0,0,0,0,
75.457904,1785250118.912677050,reverse_straight,-50,-28,-28,paper_centered_reverse heading=-4.3 span=1.3 until_both_cd_missing missing=0/3,35,35,6,29,4,2,2,1,1,8,-85.562899,4,0,4,1,1,5,1,-1.125000,80.156250,39.515625,286.250000,1918.000000,1,8.984375,43.812500,26.398438,1739.000000,1262.750000,1006.742135,23.549578,median_filtered_pair,,,,,,,0,1,3,0,0,3,955.000000,1908.750000,149.652138,185.018008,,,,,0,,0,,,-5.003665,8,378.142626,11636.321098,-5.003665,,,0,0,0,0,
75.546697,1785250118.912677050,reverse_straight,-50,-28,-28,paper_centered_reverse heading=-4.3 span=1.3 until_both_cd_missing missing=0/3,35,35,6,29,4,2,2,1,1,8,-85.562899,4,0,4,1,1,5,1,-1.125000,80.156250,39.515625,286.250000,1918.000000,1,8.984375,43.812500,26.398438,1739.000000,1262.750000,1006.742135,23.549578,median_filtered_pair,,,,,,,0,1,3,0,0,3,955.000000,1908.750000,149.652138,185.018008,,,,,0,,0,,,-5.003665,8,378.142626,11636.321098,-5.003665,,,0,0,0,0,
75.636100,1785250119.025273085,reverse_straight,-50,-28,-28,paper_centered_reverse heading=-3.8 span=1.4 until_both_cd_missing missing=0/3,33,33,5,28,4,2,2,1,1,8,-96.862509,5,0,4,1,1,5,1,-1.125000,80.453125,39.664062,286.250000,1918.250000,1,8.984375,43.812500,26.398438,1739.000000,1262.750000,1006.742135,23.549578,median_filtered_pair,,,,,,,0,1,3,0,0,3,,1911.000000,,121.865042,,,,,0,,0,,,-3.635562,8,380.197197,7720.728467,-3.635562,,,0,0,0,0,
75.725317,1785250119.139554024,reverse_straight,-50,-28,-28,paper_centered_reverse heading=-3.8 span=2.1 until_both_cd_missing missing=0/3,37,37,6,31,3,2,2,1,1,8,-107.804623,6,0,4,1,1,5,1,-1.125000,80.484375,39.679688,286.250000,1918.250000,1,8.984375,43.812500,26.398438,1739.000000,1262.750000,1006.742135,23.549578,median_filtered_pair,,,,,,,0,1,3,0,0,3,,1914.250000,,54.805734,,,,,0,,0,,,-2.875974,8,377.447372,1925.191637,-2.875974,,,0,0,0,0,
75.814725,1785250119.253430128,reverse_straight,-50,-28,-28,paper_centered_reverse heading=-3.3 span=2.1 until_both_cd_missing missing=0/3,31,31,7,24,3,2,2,1,1,8,-123.041557,7,0,4,1,1,5,1,-1.125000,80.859375,39.867188,286.250000,1916.250000,1,8.984375,43.812500,26.398438,1739.000000,1262.750000,1006.742135,23.549578,median_filtered_pair,,,,,,,0,1,3,0,0,3,947.000000,1912.500000,106.690239,92.800063,,,,,0,,0,,,-2.981186,8,378.070758,4275.086879,-2.981186,,,0,0,0,0,
75.904808,1785250119.369021893,reverse_straight,-50,-28,-28,paper_centered_reverse heading=-3.0 span=0.8 until_both_cd_missing missing=0/3,34,34,5,29,3,2,2,1,1,8,-134.594805,8,0,4,1,1,5,1,-3.015625,81.250000,39.117188,267.750000,1915.000000,1,8.984375,43.812500,26.398438,1739.000000,1262.750000,1006.742135,23.549578,median_filtered_pair,,,,,,,0,1,3,0,0,3,946.000000,1911.250000,88.615517,132.802113,,,,,0,,0,,,-3.078241,8,376.196395,2261.257637,-3.078241,,,0,0,0,0,
75.999977,1785250119.369021893,reverse_straight,-50,-28,-28,paper_centered_reverse heading=-3.0 span=0.8 until_both_cd_missing missing=0/3,34,34,5,29,3,2,2,1,1,8,-134.594805,8,0,4,1,1,5,1,-3.015625,81.250000,39.117188,267.750000,1915.000000,1,8.984375,43.812500,26.398438,1739.000000,1262.750000,1006.742135,23.549578,median_filtered_pair,,,,,,,0,1,3,0,0,3,946.000000,1911.250000,88.615517,132.802113,,,,,0,,0,,,-3.078241,8,376.196395,2261.257637,-3.078241,,,0,0,0,0,
76.088446,1785250119.483441830,reverse_straight,-50,-28,-28,paper_centered_reverse heading=-3.0 span=0.2 until_both_cd_missing missing=0/3,29,29,3,26,3,2,2,1,1,8,-154.213665,9,0,4,1,1,5,1,-3.140625,81.515625,39.187500,200.500000,1915.250000,1,8.984375,43.812500,26.398438,1739.000000,1262.750000,1006.742135,23.549578,median_filtered_pair,,,,,,,0,1,3,0,0,3,943.250000,1911.000000,69.902833,222.026098,,,,,0,,0,,,-3.085713,8,376.839736,2107.420380,-3.085713,,,0,0,0,0,
76.178059,1785250119.597409964,reverse_straight,-50,-28,-28,paper_centered_reverse heading=-3.1 span=0.2 until_both_cd_missing missing=0/3,35,35,6,29,3,2,2,1,1,8,-173.040980,10,0,4,1,1,5,1,-3.140625,81.921875,39.390625,200.500000,1914.500000,1,8.984375,43.812500,26.398438,1739.000000,1262.750000,1006.742135,23.549578,median_filtered_pair,,,,,,,0,1,3,0,0,3,941.750000,1908.750000,52.877606,151.834414,,,,,0,,0,,,-3.212128,8,379.771419,5569.103239,-3.212128,,,0,0,0,0,
76.266301,1785250119.712747097,reverse_straight,-50,-28,-28,paper_centered_reverse heading=-3.1 span=0.4 until_both_cd_missing missing=0/3,29,29,3,26,3,2,2,1,1,8,-184.506180,11,0,4,1,1,5,1,-3.140625,82.359375,39.609375,200.500000,1914.000000,1,8.984375,43.812500,26.398438,1739.000000,1262.750000,1006.742135,23.549578,median_filtered_pair,,,,,,,0,1,3,0,0,3,936.250000,1910.750000,31.909142,139.524140,,,,,0,,0,,,-2.783886,8,377.639244,15286.067780,-2.783886,,,0,0,0,0,
76.355889,1785250119.826456070,reverse_straight,-50,-28,-28,paper_centered_reverse heading=-3.1 span=1.1 until_both_cd_missing missing=0/3,33,33,5,28,3,2,2,1,1,8,-197.268384,12,0,4,1,1,5,1,-2.031250,82.765625,40.367188,133.250000,1915.500000,1,8.984375,43.812500,26.398438,1739.000000,1262.750000,1006.742135,23.549578,median_filtered_pair,,,,,,,0,1,3,0,0,3,938.000000,1906.250000,11.254922,128.305638,,,,,0,,0,,,-3.860368,8,382.264681,5417.984111,-3.860368,,,0,0,0,0,
76.446483,1785250119.826456070,reverse_straight,-50,-28,-28,paper_centered_reverse heading=-3.1 span=1.1 until_both_cd_missing missing=0/3,33,33,5,28,3,2,2,1,1,8,-197.268384,12,0,4,1,1,5,1,-2.031250,82.765625,40.367188,133.250000,1915.500000,1,8.984375,43.812500,26.398438,1739.000000,1262.750000,1006.742135,23.549578,median_filtered_pair,,,,,,,0,1,3,0,0,3,938.000000,1906.250000,11.254922,128.305638,,,,,0,,0,,,-3.860368,8,382.264681,5417.984111,-3.860368,,,0,0,0,0,
76.541314,1785250119.937937975,reverse_straight,-50,-28,-28,paper_centered_reverse heading=-3.0 span=4.2 until_both_cd_missing missing=0/3,28,28,2,26,3,2,2,1,1,9,-256.338728,13,0,4,1,1,5,1,-2.031250,76.562500,37.265625,133.250000,1993.000000,1,8.984375,43.812500,26.398438,1739.000000,1262.750000,1006.742135,23.549578,median_filtered_pair,,,,,,,0,1,3,0,0,3,942.250000,1907.000000,-13.104478,125.761629,,,,,0,,0,,,0.317397,9,719.521575,393.435080,0.317397,,,0,0,0,0,
76.629347,1785250120.053744793,reverse_straight,-50,-28,-28,paper_centered_reverse heading=-1.2 span=4.6 until_both_cd_missing missing=0/3,28,28,1,27,4,2,2,1,1,9,-259.764120,14,0,4,1,0,5,1,-2.031250,66.187500,32.078125,133.250000,2286.750000,1,8.984375,43.812500,26.398438,1739.000000,1262.750000,1006.742135,23.549578,median_filtered_pair,,,,,,,0,1,3,0,0,3,934.250000,1911.000000,-11.974199,120.304751,,,,,0,,0,,,0.702964,9,717.944485,468.877026,0.702964,,,0,0,0,0,
76.716894,1785250120.167017937,reverse_straight,-50,-28,-28,paper_centered_reverse heading=-1.5 span=4.6 until_both_cd_missing missing=0/3,32,32,1,31,5,2,2,1,1,8,-272.231146,15,0,4,1,0,5,1,-2.031250,61.796875,29.882813,133.250000,2447.250000,1,8.984375,43.812500,26.398438,1739.000000,1262.750000,1006.742135,23.549578,median_filtered_pair,,,,,,,0,1,3,0,0,3,935.250000,1910.000000,-32.639754,108.283224,,,,,0,,0,,,-3.273975,8,381.176711,8736.001382,-3.273975,,,0,0,0,0,
76.806998,1785250120.167017937,reverse_straight,-50,-28,-28,paper_centered_reverse heading=-1.5 span=4.6 until_both_cd_missing missing=0/3,32,32,1,31,5,2,2,1,1,8,-272.231146,15,0,4,1,0,5,1,-2.031250,61.796875,29.882813,133.250000,2447.250000,1,8.984375,43.812500,26.398438,1739.000000,1262.750000,1006.742135,23.549578,median_filtered_pair,,,,,,,0,1,3,0,0,3,935.250000,1910.000000,-32.639754,108.283224,,,,,0,,0,,,-3.273975,8,381.176711,8736.001382,-3.273975,,,0,0,0,0,
76.896949,1785250120.281683922,reverse_straight,-50,-28,-28,paper_centered_reverse heading=-1.5 span=4.2 until_both_cd_missing missing=0/3,26,26,1,25,5,1,2,1,1,8,-290.207367,16,0,4,1,0,5,1,-89.312500,62.093750,-13.609375,938.000000,2463.750000,1,8.984375,43.812500,26.398438,1739.000000,1262.750000,1006.742135,23.549578,median_filtered_pair,,,,,,,0,1,3,0,0,3,932.750000,1909.500000,-51.864330,93.174613,,,,,0,,0,,,-3.531426,8,384.358355,3856.548094,-3.531426,,,0,0,0,0,
76.986803,1785250120.397242069,reverse_straight,-50,-28,-28,paper_centered_reverse heading=-3.4 span=5.5 until_both_cd_missing missing=0/3,26,26,2,24,3,1,2,1,1,8,-300.404532,17,0,4,1,0,5,1,-90.734375,65.406250,-12.664063,934.250000,2429.500000,1,8.984375,43.812500,26.398438,1739.000000,1262.750000,1006.742135,23.549578,median_filtered_pair,,,,,,,0,1,3,0,0,3,931.750000,1911.250000,-73.104262,85.971058,,,,,0,,0,,,-4.774683,8,388.329898,583.648544,-4.774683,,,0,0,0,0,
77.081513,1785250120.511556149,reverse_straight,-50,-28,-28,paper_centered_reverse heading=-3.7 span=1.5 until_both_cd_missing missing=0/3,27,27,3,24,3,1,2,1,1,8,-290.912023,18,0,4,1,0,5,1,-90.734375,65.593750,-12.570313,934.250000,2450.250000,1,8.984375,43.812500,26.398438,1739.000000,1262.750000,1006.742135,23.549578,median_filtered_pair,,,,,,,0,1,3,0,0,3,932.250000,1910.750000,-70.862242,95.837797,,,,,0,,0,,,-3.932154,8,387.986781,1440.678908,-3.932154,,,0,0,0,0,
77.170462,1785250120.625715017,reverse_straight,-50,-28,-28,paper_centered_reverse heading=-4.1 span=1.2 until_both_cd_missing missing=0/3,30,30,5,25,3,1,2,1,1,8,-309.450848,19,0,4,1,0,5,1,-92.000000,61.109375,-15.445313,935.250000,2285.000000,1,8.984375,43.812500,26.398438,1739.000000,1262.750000,1006.742135,23.549578,median_filtered_pair,,,,,,,0,1,3,0,0,3,933.750000,1911.750000,-69.452741,79.743245,,,,,0,,0,,,-4.181518,8,391.271620,343.708882,-4.181518,,,0,0,0,0,
77.259265,1785250120.625715017,reverse_straight,-50,-28,-28,paper_centered_reverse heading=-4.1 span=1.2 until_both_cd_missing missing=0/3,30,30,5,25,3,1,2,1,1,8,-309.450848,19,0,4,1,0,5,1,-92.000000,61.109375,-15.445313,935.250000,2285.000000,1,8.984375,43.812500,26.398438,1739.000000,1262.750000,1006.742135,23.549578,median_filtered_pair,,,,,,,0,1,3,0,0,3,933.750000,1911.750000,-69.452741,79.743245,,,,,0,,0,,,-4.181518,8,391.271620,343.708882,-4.181518,,,0,0,0,0,
77.348205,1785250120.740361929,reverse_straight,-50,-28,-28,paper_centered_reverse heading=-4.5 span=1.7 until_both_cd_missing missing=0/3,25,25,1,24,1,0,2,1,1,7,-311.991403,20,0,4,0,0,5,0,,,,,,1,8.984375,43.812500,26.398438,1739.000000,1262.750000,1006.742135,23.549578,median_filtered_pair,,,,,,,0,1,3,0,0,3,,1913.000000,,20.345519,,,,,0,,0,,,-5.636387,7,334.313190,613.960974,-5.636387,,,0,0,0,0,
77.438405,1785250120.852324009,reverse_straight,-50,-28,-28,paper_centered_reverse heading=-4.1 span=2.5 until_both_cd_missing missing=0/3,30,30,3,27,2,1,2,1,1,7,-265.847553,21,0,4,1,0,5,1,-92.718750,87.125000,-2.796875,932.750000,1910.750000,1,8.984375,43.812500,26.398438,1739.000000,1262.750000,1006.742135,23.549578,median_filtered_pair,,,,,,,0,1,3,0,0,3,933.750000,1912.000000,-87.214488,59.431976,,,,,0,,0,,,-3.096636,7,325.816508,5980.413300,-3.096636,,,0,0,0,0,
77.528038,1785250120.967314005,reverse_straight,-50,-28,-28,paper_centered_reverse heading=-3.8 span=2.5 until_both_cd_missing missing=0/3,22,22,1,21,2,1,2,1,1,8,-281.951696,22,0,4,1,0,5,1,-92.718750,87.109375,-2.804688,932.750000,1909.500000,1,8.984375,43.812500,26.398438,1739.000000,1262.750000,1006.742135,23.549578,median_filtered_pair,,,,,,,0,1,3,0,0,3,932.250000,1909.500000,-79.731247,96.295177,,,,,0,,0,,,-3.463748,8,378.926866,7343.043842,-3.463748,,,0,0,0,0,
77.622022,1785250121.081506014,reverse_straight,-50,-28,-28,paper_centered_reverse heading=-4.1 span=2.5 until_both_cd_missing missing=0/3,30,30,6,24,2,1,2,1,1,8,-304.161626,23,0,4,1,0,5,1,-92.718750,87.109375,-2.804688,935.250000,1909.500000,1,8.984375,43.812500,26.398438,1739.000000,1262.750000,1006.742135,23.549578,median_filtered_pair,,,,,,,0,1,3,0,0,3,932.500000,1910.750000,-72.148999,81.263374,,,,,0,,0,,,-4.675781,8,387.380518,594.632678,-4.675781,,,0,0,0,0,
77.710422,1785250121.081506014,reverse_straight,-50,-28,-28,paper_centered_reverse heading=-4.1 span=2.5 until_both_cd_missing missing=0/3,30,30,6,24,2,1,2,1,1,8,-304.161626,23,0,4,1,0,5,1,-92.718750,87.109375,-2.804688,935.250000,1909.500000,1,8.984375,43.812500,26.398438,1739.000000,1262.750000,1006.742135,23.549578,median_filtered_pair,,,,,,,0,1,3,0,0,3,932.500000,1910.750000,-72.148999,81.263374,,,,,0,,0,,,-4.675781,8,387.380518,594.632678,-4.675781,,,0,0,0,0,
77.799288,1785250121.196496964,reverse_straight,-50,-28,-28,paper_centered_reverse heading=-4.1 span=1.8 until_both_cd_missing missing=0/3,28,28,1,27,2,1,2,1,1,8,-322.203559,24,0,4,0,0,5,1,-92.890625,87.109375,-2.890625,933.000000,1909.500000,1,8.984375,43.812500,26.398438,1739.000000,1262.750000,1006.742135,23.549578,median_filtered_pair,,,,,,,0,1,3,0,0,3,,1913.250000,,63.121262,,,,,0,,0,,,-4.930841,8,387.679833,318.357185,-4.930841,,,0,0,0,0,
77.888591,1785250121.311215162,reverse_straight,-50,-28,-28,paper_centered_reverse heading=-4.1 span=1.7 until_both_cd_missing missing=0/3,28,28,5,23,2,1,2,1,1,8,-284.202222,25,0,4,1,0,5,1,-91.765625,87.062500,-2.351563,931.750000,1909.750000,1,8.984375,43.812500,26.398438,1739.000000,1262.750000,1006.742135,23.549578,median_filtered_pair,,,,,,,0,1,3,0,0,3,931.750000,1909.750000,-28.708236,97.868174,,,,,0,,0,,,-3.209931,8,382.774193,1717.112546,-3.209931,,,0,0,0,0,
77.978167,1785250121.425204039,reverse_straight,-50,-28,-28,paper_centered_reverse heading=-4.7 span=1.7 until_both_cd_missing missing=0/3,30,30,5,25,2,1,2,1,1,8,-304.084486,26,0,4,1,0,5,1,-91.765625,87.062500,-2.351563,931.750000,1909.750000,1,8.984375,43.812500,26.398438,1739.000000,1262.750000,1006.742135,23.549578,median_filtered_pair,,,,,,,0,1,3,0,0,3,932.500000,1911.250000,-73.923630,81.284639,,,,,0,,0,,,-4.789026,8,387.226466,596.823607,-4.789026,,,0,0,0,0,
78.066755,1785250121.425204039,reverse_straight,-50,-28,-28,paper_centered_reverse heading=-4.7 span=1.7 until_both_cd_missing missing=0/3,30,30,5,25,2,1,2,1,1,8,-304.084486,26,0,4,1,0,5,1,-91.765625,87.062500,-2.351563,931.750000,1909.750000,1,8.984375,43.812500,26.398438,1739.000000,1262.750000,1006.742135,23.549578,median_filtered_pair,,,,,,,0,1,3,0,0,3,932.500000,1911.250000,-73.923630,81.284639,,,,,0,,0,,,-4.789026,8,387.226466,596.823607,-4.789026,,,0,0,0,0,
78.159570,1785250121.539962769,reverse_straight,-50,-28,-28,paper_centered_reverse heading=-4.7 span=1.7 until_both_cd_missing missing=0/3,29,29,1,28,2,1,2,1,1,8,-318.650668,27,0,4,0,0,5,1,-91.765625,87.062500,-2.351563,931.750000,1909.750000,1,8.984375,43.812500,26.398438,1739.000000,1262.750000,1006.742135,23.549578,median_filtered_pair,,,,,,,0,1,3,0,0,3,,1912.750000,,68.317901,,,,,0,,0,,,-4.607603,8,388.864734,481.590589,-4.607603,,,0,0,0,0,
78.249102,1785250121.654461861,reverse_straight,-50,-28,-28,paper_centered_reverse heading=-3.9 span=1.7 until_both_cd_missing missing=0/3,29,29,4,25,2,1,2,1,1,7,-267.357615,28,0,4,1,0,5,1,-91.765625,87.062500,-2.351563,931.750000,1909.750000,1,8.984375,43.812500,26.398438,1739.000000,1262.750000,1006.742135,23.549578,median_filtered_pair,,,,,,,0,1,3,0,0,3,930.750000,1912.000000,-87.439694,58.389637,,,,,0,,0,,,-3.090899,7,326.241587,5337.033720,-3.090899,,,0,0,0,0,
78.337656,1785250121.766612053,reverse_straight,-50,-28,-28,paper_centered_reverse heading=-4.1 span=1.7 until_both_cd_missing missing=0/3,23,23,1,22,2,1,2,1,1,8,-276.055366,29,0,4,1,0,5,1,-91.765625,86.875000,-2.445313,931.750000,1908.750000,1,8.984375,43.812500,26.398438,1739.000000,1262.750000,1006.742135,23.549578,median_filtered_pair,,,,,,,0,1,3,0,0,3,932.500000,1906.500000,-82.032700,51.985278,,,,,0,,0,,,-3.657229,8,380.863332,4405.423571,-3.657229,,,0,0,0,0,
78.427199,1785250121.880616903,reverse_straight,-50,-28,-28,paper_centered_reverse heading=-3.7 span=1.5 until_both_cd_missing missing=0/3,26,26,1,25,2,1,2,1,1,8,-286.132218,30,0,4,1,0,5,1,-92.875000,86.875000,-3.000000,933.250000,1908.750000,1,8.984375,43.812500,26.398438,1739.000000,1262.750000,1006.742135,23.549578,median_filtered_pair,,,,,,,0,1,3,0,0,3,932.750000,1910.750000,-76.225332,96.878623,,,,,0,,0,,,-3.754682,8,384.027822,2235.455056,-3.754682,,,0,0,0,0,
78.517198,1785250121.880616903,reverse_straight,-50,-28,-28,paper_centered_reverse heading=-3.7 span=1.5 until_both_cd_missing missing=0/3,26,26,1,25,2,1,2,1,1,8,-286.132218,30,0,4,1,0,5,1,-92.875000,86.875000,-3.000000,933.250000,1908.750000,1,8.984375,43.812500,26.398438,1739.000000,1262.750000,1006.742135,23.549578,median_filtered_pair,,,,,,,0,1,3,0,0,3,932.750000,1910.750000,-76.225332,96.878623,,,,,0,,0,,,-3.754682,8,384.027822,2235.455056,-3.754682,,,0,0,0,0,
78.606164,1785250121.995654821,reverse_straight,-50,-28,-28,paper_centered_reverse heading=-3.7 span=1.5 until_both_cd_missing missing=0/3,27,27,3,24,2,1,2,1,1,8,-302.337699,31,0,4,1,0,5,1,-92.796875,86.875000,-2.960938,933.000000,1908.750000,1,8.984375,43.812500,26.398438,1739.000000,1262.750000,1006.742135,23.549578,median_filtered_pair,,,,,,,0,1,3,0,0,3,933.000000,1911.000000,-45.526009,82.835998,,,,,0,,0,,,-4.630678,8,386.990792,616.575504,-4.630678,,,0,0,0,0,
78.699343,1785250122.110551119,reverse_straight,-50,-28,-28,paper_centered_reverse heading=-4.2 span=1.9 until_both_cd_missing missing=0/3,27,27,0,27,2,1,2,1,1,8,-316.443383,32,0,4,0,0,5,1,-92.796875,86.875000,-2.960938,933.000000,1908.750000,1,8.984375,43.812500,26.398438,1739.000000,1262.750000,1006.742135,23.549578,median_filtered_pair,,,,,,,0,1,3,0,0,3,,1908.750000,,72.336457,,,,,0,,0,,,-5.530350,8,391.080576,940.528982,-5.530350,,,0,0,0,0,
78.788759,1785250122.225191832,reverse_straight,-50,-28,-28,paper_centered_reverse heading=-4.2 span=2.9 until_both_cd_missing missing=0/3,31,31,2,29,2,1,2,1,1,7,-270.938039,33,0,4,1,0,5,1,-92.796875,86.875000,-2.960938,933.000000,1908.750000,1,8.984375,43.812500,26.398438,1739.000000,1262.750000,1006.742135,23.549578,median_filtered_pair,,,,,,,0,1,3,0,0,3,931.250000,1912.000000,-86.475271,56.826096,,,,,0,,0,,,-2.632536,7,328.016389,1555.372066,-2.632536,,,0,0,0,0,
78.876734,1785250122.338832855,reverse_straight,-50,-28,-28,paper_centered_reverse heading=-4.2 span=2.9 until_both_cd_missing missing=0/3,24,24,1,23,2,1,2,1,1,8,-287.114856,34,0,4,1,0,5,1,-92.796875,87.093750,-2.851563,933.000000,1910.750000,1,8.984375,43.812500,26.398438,1739.000000,1262.750000,1006.742135,23.549578,median_filtered_pair,,,,,,,0,1,3,0,0,3,932.500000,1909.250000,-78.739109,94.722523,,,,,0,,0,,,-3.829359,8,382.912372,2962.027909,-3.829359,,,0,0,0,0,
78.966267,1785250122.338832855,reverse_straight,-50,-28,-28,paper_centered_reverse heading=-4.2 span=2.9 until_both_cd_missing missing=0/3,24,24,1,23,2,1,2,1,1,8,-287.114856,34,0,4,1,0,5,1,-92.796875,87.093750,-2.851563,933.000000,1910.750000,1,8.984375,43.812500,26.398438,1739.000000,1262.750000,1006.742135,23.549578,median_filtered_pair,,,,,,,0,1,3,0,0,3,932.500000,1909.250000,-78.739109,94.722523,,,,,0,,0,,,-3.829359,8,382.912372,2962.027909,-3.829359,,,0,0,0,0,
79.055979,1785250122.453896046,reverse_straight,-50,-28,-28,paper_centered_reverse heading=-4.2 span=2.9 until_both_cd_missing missing=0/3,25,25,2,23,2,1,2,1,1,8,-303.322389,35,0,4,1,0,5,1,-92.796875,87.156250,-2.820313,933.000000,1909.250000,1,8.984375,43.812500,26.398438,1739.000000,1262.750000,1006.742135,23.549578,median_filtered_pair,,,,,,,0,1,3,0,0,3,933.250000,1911.000000,-46.809171,79.191267,,,,,0,,0,,,-4.479534,8,384.264861,622.028687,-4.479534,,,0,0,0,0,
79.144984,1785250122.568578959,reverse_straight,-50,-28,-28,paper_centered_reverse heading=-4.2 span=2.4 until_both_cd_missing missing=0/3,27,27,0,27,2,1,2,1,1,8,-322.081589,36,0,4,0,0,5,1,-92.875000,87.156250,-2.859375,933.250000,1909.250000,1,8.984375,43.812500,26.398438,1739.000000,1262.750000,1006.742135,23.549578,median_filtered_pair,,,,,,,0,1,3,0,0,3,,1911.750000,,63.071774,,,,,0,,0,,,-5.048900,8,387.593740,340.377592,-5.048900,,,0,0,0,0,
79.238951,1785250122.682622910,reverse_straight,-50,-28,-28,paper_centered_reverse heading=-4.2 span=1.2 until_both_cd_missing missing=0/3,26,26,1,25,2,1,2,1,1,8,-284.584400,37,0,4,1,0,5,1,-92.875000,87.093750,-2.890625,933.250000,1910.000000,1,8.984375,43.812500,26.398438,1739.000000,1262.750000,1006.742135,23.549578,median_filtered_pair,,,,,,,0,1,3,0,0,3,932.750000,1910.000000,-81.041116,96.840597,,,,,0,,0,,,-3.941222,8,382.537974,2401.407037,-3.941222,,,0,0,0,0,
79.328245,1785250122.797801971,reverse_straight,-50,-28,-28,paper_centered_reverse heading=-4.6 span=1.1 until_both_cd_missing missing=0/3,25,25,2,23,2,1,2,1,1,8,-302.676382,38,0,4,1,0,5,1,-92.828125,87.093750,-2.867188,933.750000,1910.000000,1,8.984375,43.812500,26.398438,1739.000000,1262.750000,1006.742135,23.549578,median_filtered_pair,,,,,,,0,1,3,0,0,3,933.750000,1910.250000,-46.071273,29.171499,,,,,0,,0,,,-4.627804,8,386.694880,774.388533,-4.627804,,,0,0,0,0,
79.416947,1785250122.797801971,reverse_straight,-50,-28,-28,paper_centered_reverse heading=-4.6 span=1.1 until_both_cd_missing missing=0/3,25,25,2,23,2,1,2,1,1,8,-302.676382,38,0,4,1,0,5,1,-92.828125,87.093750,-2.867188,933.750000,1910.000000,1,8.984375,43.812500,26.398438,1739.000000,1262.750000,1006.742135,23.549578,median_filtered_pair,,,,,,,0,1,3,0,0,3,933.750000,1910.250000,-46.071273,29.171499,,,,,0,,0,,,-4.627804,8,386.694880,774.388533,-4.627804,,,0,0,0,0,
79.506647,1785250122.909359217,reverse_straight,-50,-28,-28,paper_centered_reverse heading=-4.8 span=1.4 until_both_cd_missing missing=0/3,23,23,0,23,2,1,2,1,1,7,-309.492478,39,0,4,0,0,5,1,-92.828125,87.093750,-2.867188,933.750000,1910.000000,1,8.984375,43.812500,26.398438,1739.000000,1262.750000,1006.742135,23.549578,median_filtered_pair,,,,,,,0,1,3,0,0,3,,1911.250000,,22.932803,,,,,0,,0,,,-5.387239,7,334.025090,918.910464,-5.387239,,,0,0,0,0,
79.595873,1785250123.024572849,reverse_straight,-50,-28,-28,paper_centered_reverse heading=-5.0 span=1.5 until_both_cd_missing missing=0/3,27,27,0,27,2,1,2,1,1,8,-317.756632,40,0,4,0,0,5,1,-92.828125,87.093750,-2.867188,933.750000,1910.000000,1,8.984375,43.812500,26.398438,1739.000000,1262.750000,1006.742135,23.549578,median_filtered_pair,,,,,,,0,1,3,0,0,3,,1908.250000,,68.157174,,,,,0,,0,,,-5.489691,8,388.055985,1258.823663,-5.489691,,,0,0,0,0,
79.684979,1785250123.138885975,reverse_straight,-50,-28,-28,paper_centered_reverse heading=-5.0 span=2.0 until_both_cd_missing missing=0/3,28,28,2,26,2,1,2,1,1,8,-279.320131,41,0,4,1,0,5,1,-92.828125,86.953125,-2.937500,933.750000,1908.500000,1,8.984375,43.812500,26.398438,1739.000000,1262.750000,1006.742135,23.549578,median_filtered_pair,,,,,,,0,1,3,0,0,3,932.000000,1907.000000,-83.760811,46.800123,,,,,0,,0,,,-3.501372,8,381.539796,6299.367071,-3.501372,,,0,0,0,0,
79.779270,1785250123.138885975,reverse_straight,-50,-28,-28,paper_centered_reverse heading=-5.0 span=2.0 until_both_cd_missing missing=0/3,28,28,2,26,2,1,2,1,1,8,-279.320131,41,0,4,1,0,5,1,-92.828125,86.953125,-2.937500,933.750000,1908.500000,1,8.984375,43.812500,26.398438,1739.000000,1262.750000,1006.742135,23.549578,median_filtered_pair,,,,,,,0,1,3,0,0,3,932.000000,1907.000000,-83.760811,46.800123,,,,,0,,0,,,-3.501372,8,381.539796,6299.367071,-3.501372,,,0,0,0,0,
79.867209,1785250123.252656937,reverse_straight,-50,-28,-28,paper_centered_reverse heading=-4.7 span=2.0 until_both_cd_missing missing=0/3,27,27,2,25,2,1,2,1,1,8,-310.806025,42,0,4,1,0,5,1,-92.781250,86.953125,-2.914063,933.750000,1908.500000,1,8.984375,43.812500,26.398438,1739.000000,1262.750000,1006.742135,23.549578,median_filtered_pair,,,,,,,0,1,3,0,0,3,933.500000,1909.500000,-71.718741,72.885238,,,,,0,,0,,,-3.959767,8,385.166159,907.612496,-3.959767,,,0,0,0,0,
79.956370,1785250123.367308140,reverse_straight,-50,-28,-28,paper_centered_reverse heading=-4.1 span=2.0 until_both_cd_missing missing=0/3,30,30,2,28,2,1,2,1,1,7,-270.576905,43,0,4,1,0,5,1,-92.781250,86.953125,-2.914063,933.750000,1908.500000,1,8.984375,43.812500,26.398438,1739.000000,1262.750000,1006.742135,23.549578,median_filtered_pair,,,,,,,0,1,3,0,0,3,931.000000,1911.000000,-84.176653,55.754539,,,,,0,,0,,,-4.164706,7,327.121195,4590.684785,-4.164706,,,0,0,0,0,
80.045505,1785250123.482259035,reverse_straight,-50,-28,-28,paper_centered_reverse heading=-3.7 span=0.9 until_both_cd_missing missing=0/3,24,24,1,23,2,1,2,1,1,8,-282.622788,44,0,4,1,0,5,1,-92.781250,86.953125,-2.914063,933.750000,1908.500000,1,8.984375,43.812500,26.398438,1739.000000,1262.750000,1006.742135,23.549578,median_filtered_pair,,,,,,,0,1,3,0,0,3,930.500000,1910.000000,-80.845627,43.749396,,,,,0,,0,,,-3.264184,8,380.686148,4840.318291,-3.264184,,,0,0,0,0,
80.134464,1785250123.597117901,reverse_straight,-50,-28,-28,paper_centered_reverse heading=-4.1 span=1.6 until_both_cd_missing missing=0/3,25,25,2,23,2,1,2,1,1,8,-308.510625,45,0,4,1,0,5,1,-92.765625,86.953125,-2.906250,934.000000,1908.500000,1,8.984375,43.812500,26.398438,1739.000000,1262.750000,1006.742135,23.549578,median_filtered_pair,,,,,,,0,1,3,0,0,3,934.000000,1909.250000,-72.519000,77.037821,,,,,0,,0,,,-4.855513,8,387.294281,1560.119692,-4.855513,,,0,0,0,0,
80.224212,1785250123.597117901,reverse_straight,-50,-28,-28,paper_centered_reverse heading=-4.1 span=1.6 until_both_cd_missing missing=0/3,25,25,2,23,2,1,2,1,1,8,-308.510625,45,0,4,1,0,5,1,-92.765625,86.953125,-2.906250,934.000000,1908.500000,1,8.984375,43.812500,26.398438,1739.000000,1262.750000,1006.742135,23.549578,median_filtered_pair,,,,,,,0,1,3,0,0,3,934.000000,1909.250000,-72.519000,77.037821,,,,,0,,0,,,-4.855513,8,387.294281,1560.119692,-4.855513,,,0,0,0,0,
80.317278,1785250123.711818933,reverse_straight,-50,-28,-28,paper_centered_reverse heading=-4.1 span=1.6 until_both_cd_missing missing=0/3,32,32,2,30,2,1,2,1,1,7,-276.900857,46,0,4,1,0,5,1,-92.765625,87.078125,-2.843750,934.000000,1910.250000,1,8.984375,43.812500,26.398438,1739.000000,1262.750000,1006.742135,23.549578,median_filtered_pair,,,,,,,0,1,3,0,0,3,935.000000,1911.750000,-87.585104,52.649585,,,,,0,,0,,,-4.122839,7,330.217769,4682.577393,-4.122839,,,0,0,0,0,
80.406513,1785250123.826498985,reverse_straight,-50,-28,-28,paper_centered_reverse heading=-3.7 span=1.7 until_both_cd_missing missing=0/3,25,25,2,23,2,1,2,1,1,8,-294.200843,47,0,4,1,0,5,1,-92.765625,87.078125,-2.843750,934.000000,1910.250000,1,8.984375,43.812500,26.398438,1739.000000,1262.750000,1006.742135,23.549578,median_filtered_pair,,,,,,,0,1,3,0,0,3,935.000000,1910.000000,-76.663330,87.996158,,,,,0,,0,,,-3.141230,8,382.771929,5737.988499,-3.141230,,,0,0,0,0,
80.492413,1785250123.937876940,reverse_straight,-50,-28,-28,paper_centered_reverse heading=-4.5 span=1.8 until_both_cd_missing missing=0/3,23,23,0,23,2,1,2,1,1,8,-307.863027,48,0,4,0,0,5,1,-92.765625,87.078125,-2.843750,934.000000,1910.250000,1,8.984375,43.812500,26.398438,1739.000000,1262.750000,1006.742135,23.549578,median_filtered_pair,,,,,,,0,1,3,0,0,3,,1909.000000,,75.987372,,,,,0,,0,,,-4.902454,8,385.561445,1223.580280,-4.902454,,,0,0,0,0,
80.578119,1785250123.937876940,reverse_straight,-50,-28,-28,paper_centered_reverse heading=-4.5 span=1.8 until_both_cd_missing missing=0/3,23,23,0,23,2,1,2,1,1,8,-307.863027,48,0,4,0,0,5,1,-92.765625,87.078125,-2.843750,934.000000,1910.250000,1,8.984375,43.812500,26.398438,1739.000000,1262.750000,1006.742135,23.549578,median_filtered_pair,,,,,,,0,1,3,0,0,3,,1909.000000,,75.987372,,,,,0,,0,,,-4.902454,8,385.561445,1223.580280,-4.902454,,,0,0,0,0,
80.665614,1785250124.052453995,reverse_straight,-50,-28,-28,paper_centered_reverse heading=-4.5 span=3.6 until_both_cd_missing missing=0/3,28,28,2,26,2,1,2,1,1,7,-319.094191,49,0,4,1,0,5,1,-92.765625,87.359375,-2.703125,934.000000,1910.000000,1,8.984375,43.812500,26.398438,1739.000000,1262.750000,1006.742135,23.549578,median_filtered_pair,,,,,,,0,1,3,0,0,3,934.500000,1908.750000,-64.424729,13.533688,,,,,0,,0,,,-6.765729,7,335.511866,642.250130,-6.765729,,,0,0,0,0,
80.752923,1785250124.166201115,reverse_straight,-50,-28,-28,paper_centered_reverse heading=-4.2 span=3.6 until_both_cd_missing missing=0/3,28,28,2,26,2,1,2,1,1,7,-265.574608,50,0,4,1,0,5,1,-93.046875,87.359375,-2.843750,935.750000,1910.000000,1,8.984375,43.812500,26.398438,1739.000000,1262.750000,1006.742135,23.549578,median_filtered_pair,,,,,,,0,1,3,0,0,3,932.750000,1907.500000,-87.627585,62.411650,,,,,0,,0,,,-3.484198,7,328.678092,10019.084313,-3.484198,,,0,0,0,0,
80.844781,1785250124.281387091,reverse_straight,-50,-28,-28,paper_centered_reverse heading=-4.4 span=3.3 until_both_cd_missing missing=0/3,31,31,1,30,2,1,2,1,1,8,-276.900857,51,0,4,1,0,5,1,-93.046875,86.796875,-3.125000,935.750000,1912.000000,1,8.984375,43.812500,26.398438,1739.000000,1262.750000,1006.742135,23.549578,median_filtered_pair,,,,,,,0,1,3,0,0,3,930.500000,1911.000000,-81.856758,52.107981,,,,,0,,0,,,-3.809708,8,384.424045,8506.007027,-3.809708,,,0,0,0,0,
80.932164,1785250124.395786047,reverse_straight,-50,-28,-28,paper_centered_reverse heading=-3.6 span=3.4 until_both_cd_missing missing=0/3,27,27,1,26,1,0,2,1,1,8,-281.605803,52,0,4,1,0,5,0,,,,,,1,8.984375,43.812500,26.398438,1739.000000,1262.750000,1006.742135,23.549578,median_filtered_pair,,,,,,,0,1,3,0,0,3,931.000000,1910.250000,-78.106471,45.317517,,,,,0,,0,,,-3.368744,8,382.297838,5626.783941,-3.368744,,,0,0,0,0,
81.017658,1785250124.395786047,reverse_straight,-50,-28,-28,paper_centered_reverse heading=-3.6 span=3.4 until_both_cd_missing missing=0/3,27,27,1,26,1,0,2,1,1,8,-281.605803,52,0,4,1,0,5,0,,,,,,1,8.984375,43.812500,26.398438,1739.000000,1262.750000,1006.742135,23.549578,median_filtered_pair,,,,,,,0,1,3,0,0,3,931.000000,1910.250000,-78.106471,45.317517,,,,,0,,0,,,-3.368744,8,382.297838,5626.783941,-3.368744,,,0,0,0,0,
