elapsed_s,lidar_timestamp,state,speed,steering,steering_offset,reason,raw_points,valid_points,left_fov_points,right_fov_points,tangent_clusters,tangent_candidates,detected_vehicle_count,right_vehicle,right_vehicle_raw,right_cluster_points,right_seen_scans,right_missing_scans,right_track_id,is_prealign_near,is_near,pair_source_scans,pair_valid,angle_a_deg,angle_b_deg,angle_bisector_deg,dist_a_mm,dist_b_mm,distance_bias_ab_mm,angle_term,distance_term,paper_steering,dist_c_mm,dist_d_mm,distance_bias_cd_mm
0.000004,1785212624.491731882,idle,0,0,-30,press_SPACE_to_start,75,75,55,20,0,0,0,0,0,0,0,1,0,0,0,1,0,,,,,,,,,,,,
0.182078,1785212624.714390039,idle,0,0,-30,press_SPACE_to_start,75,75,55,20,0,0,0,0,0,0,0,2,0,0,0,2,0,,,,,,,,,,,,
0.274536,1785212624.829480886,idle,0,0,-30,press_SPACE_to_start,78,78,54,24,0,0,0,0,0,0,0,3,0,0,0,3,0,,,,,,,,,,,,
0.363513,1785212624.829480886,idle,0,0,-30,press_SPACE_to_start,78,78,54,24,0,0,0,0,0,0,0,3,0,0,0,3,0,,,,,,,,,,,,
0.452075,1785212624.940114975,idle,0,0,-30,press_SPACE_to_start,77,77,55,22,0,0,0,0,0,0,0,4,0,0,0,4,0,,,,,,,,,,,,
0.505771,1785212625.051256180,idle,0,0,-30,press_SPACE_to_start,76,76,55,21,0,0,0,0,0,0,0,5,0,0,0,5,0,,,,,,,,,,,,
0.593366,1785212625.051256180,idle,0,0,-30,press_SPACE_to_start,76,76,55,21,0,0,0,0,0,0,0,5,0,0,0,5,0,,,,,,,,,,,,
0.679579,1785212625.163053036,idle,0,0,-30,press_SPACE_to_start,75,75,55,20,0,0,0,0,0,0,0,6,0,0,0,5,0,,,,,,,,,,,,
0.772338,1785212625.274333954,idle,0,0,-30,press_SPACE_to_start,74,74,55,19,0,0,0,0,0,0,0,7,0,0,0,5,0,,,,,,,,,,,,
0.859515,1785212625.388632059,idle,0,0,-30,press_SPACE_to_start,74,74,55,19,0,0,0,0,0,0,0,8,0,0,0,5,0,,,,,,,,,,,,
0.947398,1785212625.500693083,idle,0,0,-30,press_SPACE_to_start,76,76,55,21,0,0,0,0,0,0,0,9,0,0,0,5,0,,,,,,,,,,,,
1.034899,1785212625.500693083,idle,0,0,-30,press_SPACE_to_start,76,76,55,21,0,0,0,0,0,0,0,9,0,0,0,5,0,,,,,,,,,,,,
1.123954,1785212625.611804962,idle,0,0,-30,press_SPACE_to_start,75,75,55,20,0,0,0,0,0,0,0,10,0,0,0,5,0,,,,,,,,,,,,
1.212950,1785212625.722875834,idle,0,0,-30,press_SPACE_to_start,75,75,55,20,0,0,0,0,0,0,0,11,0,0,0,5,0,,,,,,,,,,,,
1.302360,1785212625.837812901,idle,0,0,-30,press_SPACE_to_start,73,73,54,19,0,0,0,0,0,0,0,12,0,0,0,5,0,,,,,,,,,,,,
1.390625,1785212625.948819876,idle,0,0,-30,press_SPACE_to_start,76,76,54,22,0,0,0,0,0,0,0,13,0,0,0,5,0,,,,,,,,,,,,
1.479097,1785212625.948819876,idle,0,0,-30,press_SPACE_to_start,76,76,54,22,0,0,0,0,0,0,0,13,0,0,0,5,0,,,,,,,,,,,,
1.564938,1785212626.060898066,idle,0,0,-30,press_SPACE_to_start,75,75,55,20,0,0,0,0,0,0,0,14,0,0,0,5,0,,,,,,,,,,,,
1.653296,1785212626.171530008,idle,0,0,-30,press_SPACE_to_start,76,76,55,21,0,0,0,0,0,0,0,15,0,0,0,5,0,,,,,,,,,,,,
1.741897,1785212626.283312798,idle,0,0,-30,press_SPACE_to_start,76,76,55,21,0,0,0,0,0,0,0,16,0,0,0,5,0,,,,,,,,,,,,
1.835717,1785212626.397469044,idle,0,0,-30,press_SPACE_to_start,73,73,55,18,0,0,0,0,0,0,0,17,0,0,0,5,0,,,,,,,,,,,,
1.923410,1785212626.397469044,idle,0,0,-30,press_SPACE_to_start,73,73,55,18,0,0,0,0,0,0,0,17,0,0,0,5,0,,,,,,,,,,,,
2.011869,1785212626.509070158,idle,0,0,-30,press_SPACE_to_start,77,77,54,23,0,0,0,0,0,0,0,18,0,0,0,5,0,,,,,,,,,,,,
2.100792,1785212626.621078014,idle,0,0,-30,press_SPACE_to_start,75,75,54,21,0,0,0,0,0,0,0,19,0,0,0,5,0,,,,,,,,,,,,
2.189199,1785212626.731943846,idle,0,0,-30,press_SPACE_to_start,79,79,54,25,0,0,0,0,0,0,0,20,0,0,0,5,0,,,,,,,,,,,,
2.277832,1785212626.843526840,idle,0,0,-30,press_SPACE_to_start,78,78,54,24,0,0,0,0,0,0,0,21,0,0,0,5,0,,,,,,,,,,,,
2.369730,1785212626.843526840,idle,0,0,-30,press_SPACE_to_start,78,78,54,24,0,0,0,0,0,0,0,21,0,0,0,5,0,,,,,,,,,,,,
2.458077,1785212626.957648993,idle,0,0,-30,press_SPACE_to_start,74,74,55,19,0,0,0,0,0,0,0,22,0,0,0,5,0,,,,,,,,,,,,
2.546367,1785212627.069602013,idle,0,0,-30,press_SPACE_to_start,76,76,54,22,0,0,0,0,0,0,0,23,0,0,0,5,0,,,,,,,,,,,,
2.634876,1785212627.180452108,idle,0,0,-30,press_SPACE_to_start,75,75,55,20,0,0,0,0,0,0,0,24,0,0,0,5,0,,,,,,,,,,,,
2.723695,1785212627.180452108,idle,0,0,-30,press_SPACE_to_start,75,75,55,20,0,0,0,0,0,0,0,24,0,0,0,5,0,,,,,,,,,,,,
2.813156,1785212627.291938066,idle,0,0,-30,press_SPACE_to_start,75,75,55,20,0,0,0,0,0,0,0,25,0,0,0,5,0,,,,,,,,,,,,
2.906374,1785212627.406215906,idle,0,0,-30,press_SPACE_to_start,77,77,54,23,0,0,0,0,0,0,0,26,0,0,0,5,0,,,,,,,,,,,,
2.995170,1785212627.517865896,idle,0,0,-30,press_SPACE_to_start,74,74,54,20,0,0,0,0,0,0,0,27,0,0,0,5,0,,,,,,,,,,,,
3.084349,1785212627.629451036,idle,0,0,-30,press_SPACE_to_start,76,76,55,21,0,0,0,0,0,0,0,28,0,0,0,5,0,,,,,,,,,,,,
3.172897,1785212627.629451036,idle,0,0,-30,press_SPACE_to_start,76,76,55,21,0,0,0,0,0,0,0,28,0,0,0,5,0,,,,,,,,,,,,
3.262020,1785212627.740155935,idle,0,0,-30,press_SPACE_to_start,73,73,55,18,0,0,0,0,0,0,0,29,0,0,0,5,0,,,,,,,,,,,,
3.351002,1785212627.851505995,idle,0,0,-30,press_SPACE_to_start,77,77,54,23,0,0,0,0,0,0,0,30,0,0,0,5,0,,,,,,,,,,,,
3.444112,1785212627.966596127,idle,0,0,-30,press_SPACE_to_start,75,75,55,20,0,0,0,0,0,0,0,31,0,0,0,5,0,,,,,,,,,,,,
3.532100,1785212628.077627897,idle,0,0,-30,press_SPACE_to_start,78,78,54,24,0,0,0,0,0,0,0,32,0,0,0,5,0,,,,,,,,,,,,
3.620773,1785212628.077627897,idle,0,0,-30,press_SPACE_to_start,78,78,54,24,0,0,0,0,0,0,0,32,0,0,0,5,0,,,,,,,,,,,,
3.709656,1785212628.189479828,idle,0,0,-30,press_SPACE_to_start,77,77,55,22,0,0,0,0,0,0,0,33,0,0,0,5,0,,,,,,,,,,,,
3.798648,1785212628.300652981,idle,0,0,-30,press_SPACE_to_start,74,74,55,19,0,0,0,0,0,0,0,34,0,0,0,5,0,,,,,,,,,,,,
3.886708,1785212628.415375948,idle,0,0,-30,press_SPACE_to_start,75,75,55,20,0,0,0,0,0,0,0,35,0,0,0,5,0,,,,,,,,,,,,
3.980450,1785212628.526917219,idle,0,0,-30,press_SPACE_to_start,75,75,55,20,0,0,0,0,0,0,0,36,0,0,0,5,0,,,,,,,,,,,,
4.069441,1785212628.526917219,idle,0,0,-30,press_SPACE_to_start,75,75,55,20,0,0,0,0,0,0,0,36,0,0,0,5,0,,,,,,,,,,,,
4.158894,1785212628.637659788,idle,0,0,-30,press_SPACE_to_start,77,77,53,24,0,0,0,0,0,0,0,37,0,0,0,5,0,,,,,,,,,,,,
4.247475,1785212628.749808788,idle,0,0,-30,press_SPACE_to_start,81,81,56,25,0,0,0,0,0,0,0,38,0,0,0,5,0,,,,,,,,,,,,
4.335836,1785212628.860296011,idle,0,0,-30,press_SPACE_to_start,79,79,55,24,0,0,0,0,0,0,0,39,0,0,0,5,0,,,,,,,,,,,,
4.425235,1785212628.975414038,idle,0,0,-30,press_SPACE_to_start,74,74,56,18,0,0,0,0,0,0,0,40,0,0,0,5,0,,,,,,,,,,,,
4.517456,1785212628.975414038,idle,0,0,-30,press_SPACE_to_start,74,74,56,18,0,0,0,0,0,0,0,40,0,0,0,5,0,,,,,,,,,,,,
4.605352,1785212629.087128162,idle,0,0,-30,press_SPACE_to_start,76,76,54,22,0,0,0,0,0,0,0,41,0,0,0,5,0,,,,,,,,,,,,
4.694870,1785212629.198351860,idle,0,0,-30,press_SPACE_to_start,75,75,55,20,0,0,0,0,0,0,0,42,0,0,0,5,0,,,,,,,,,,,,
4.783317,1785212629.309129953,idle,0,0,-30,press_SPACE_to_start,75,75,56,19,0,0,0,0,0,0,0,43,0,0,0,5,0,,,,,,,,,,,,
4.872443,1785212629.421061039,idle,0,0,-30,press_SPACE_to_start,73,73,53,20,0,0,0,0,0,0,0,44,0,0,0,5,0,,,,,,,,,,,,
4.961433,1785212629.421061039,idle,0,0,-30,press_SPACE_to_start,73,73,53,20,0,0,0,0,0,0,0,44,0,0,0,5,0,,,,,,,,,,,,
5.054609,1785212629.535140038,idle,0,0,-30,press_SPACE_to_start,83,83,56,27,0,0,0,0,0,0,0,45,0,0,0,5,0,,,,,,,,,,,,
5.144427,1785212629.646823883,idle,0,0,-30,press_SPACE_to_start,74,74,53,21,0,0,0,0,0,0,0,46,0,0,0,5,0,,,,,,,,,,,,
5.232594,1785212629.757898092,idle,0,0,-30,press_SPACE_to_start,78,78,54,24,0,0,0,0,0,0,0,47,0,0,0,5,0,,,,,,,,,,,,
5.321802,1785212629.869632006,idle,0,0,-30,press_SPACE_to_start,77,77,56,21,0,0,0,0,0,0,0,48,0,0,0,5,0,,,,,,,,,,,,
5.410739,1785212629.869632006,idle,0,0,-30,press_SPACE_to_start,77,77,56,21,0,0,0,0,0,0,0,48,0,0,0,5,0,,,,,,,,,,,,
5.500304,1785212629.983592033,idle,0,0,-30,press_SPACE_to_start,75,75,54,21,0,0,0,0,0,0,0,49,0,0,0,5,0,,,,,,,,,,,,
5.593775,1785212630.096081972,idle,0,0,-30,press_SPACE_to_start,77,77,55,22,0,0,0,0,0,0,0,50,0,0,0,5,0,,,,,,,,,,,,
5.682508,1785212630.206660032,idle,0,0,-30,press_SPACE_to_start,76,76,55,21,0,0,0,0,0,0,0,51,0,0,0,5,0,,,,,,,,,,,,
5.770734,1785212630.318567991,idle,0,0,-30,press_SPACE_to_start,77,77,56,21,0,0,0,0,0,0,0,52,0,0,0,5,0,,,,,,,,,,,,
5.859704,1785212630.318567991,idle,0,0,-30,press_SPACE_to_start,77,77,56,21,0,0,0,0,0,0,0,52,0,0,0,5,0,,,,,,,,,,,,
5.949097,1785212630.429680824,idle,0,0,-30,press_SPACE_to_start,73,73,55,18,0,0,0,0,0,0,0,53,0,0,0,5,0,,,,,,,,,,,,
6.037531,1785212630.544113874,idle,0,0,-30,press_SPACE_to_start,74,74,55,19,0,0,0,0,0,0,0,54,0,0,0,5,0,,,,,,,,,,,,
6.130875,1785212630.655793905,idle,0,0,-30,press_SPACE_to_start,74,74,55,19,0,0,0,0,0,0,0,55,0,0,0,5,0,,,,,,,,,,,,
6.219274,1785212630.767390013,idle,0,0,-30,press_SPACE_to_start,75,75,54,21,0,0,0,0,0,0,0,56,0,0,0,5,0,,,,,,,,,,,,
6.308313,1785212630.767390013,idle,0,0,-30,press_SPACE_to_start,75,75,54,21,0,0,0,0,0,0,0,56,0,0,0,5,0,,,,,,,,,,,,
6.398117,1785212630.878282070,idle,0,0,-30,press_SPACE_to_start,78,78,55,23,0,0,0,0,0,0,0,57,0,0,0,5,0,,,,,,,,,,,,
6.487660,1785212630.993126869,idle,0,0,-30,press_SPACE_to_start,76,76,56,20,0,0,0,0,0,0,0,58,0,0,0,5,0,,,,,,,,,,,,
6.575547,1785212631.104125977,idle,0,0,-30,press_SPACE_to_start,74,74,55,19,0,0,0,0,0,0,0,59,0,0,0,5,0,,,,,,,,,,,,
6.668204,1785212631.214987040,idle,0,0,-30,press_SPACE_to_start,76,76,55,21,0,0,0,0,0,0,0,60,0,0,0,5,0,,,,,,,,,,,,
6.755425,1785212631.214987040,idle,0,0,-30,press_SPACE_to_start,76,76,55,21,0,0,0,0,0,0,0,60,0,0,0,5,0,,,,,,,,,,,,
6.845037,1785212631.326400042,idle,0,0,-30,press_SPACE_to_start,75,75,55,20,0,0,0,0,0,0,0,61,0,0,0,5,0,,,,,,,,,,,,
6.933539,1785212631.438415051,idle,0,0,-30,press_SPACE_to_start,79,79,55,24,0,0,0,0,0,0,0,62,0,0,0,5,0,,,,,,,,,,,,
7.022702,1785212631.553504944,idle,0,0,-30,press_SPACE_to_start,78,78,56,22,0,0,0,0,0,0,0,63,0,0,0,5,0,,,,,,,,,,,,
7.111741,1785212631.663699865,idle,0,0,-30,press_SPACE_to_start,76,76,55,21,0,0,0,0,0,0,0,64,0,0,0,5,0,,,,,,,,,,,,
7.205436,1785212631.663699865,idle,0,0,-30,press_SPACE_to_start,76,76,55,21,0,0,0,0,0,0,0,64,0,0,0,5,0,,,,,,,,,,,,
7.294221,1785212631.775336027,idle,0,0,-30,press_SPACE_to_start,77,77,55,22,0,0,0,0,0,0,0,65,0,0,0,5,0,,,,,,,,,,,,
7.381512,1785212631.887002945,idle,0,0,-30,press_SPACE_to_start,79,79,55,24,0,0,0,0,0,0,0,66,0,0,0,5,0,,,,,,,,,,,,
7.470792,1785212631.998858929,idle,0,0,-30,press_SPACE_to_start,79,79,56,23,0,0,0,0,0,0,0,67,0,0,0,5,0,,,,,,,,,,,,
7.559376,1785212632.112591982,idle,0,0,-30,press_SPACE_to_start,80,80,55,25,0,0,0,0,0,0,0,68,0,0,0,5,0,,,,,,,,,,,,
7.648175,1785212632.112591982,idle,0,0,-30,press_SPACE_to_start,80,80,55,25,0,0,0,0,0,0,0,68,0,0,0,5,0,,,,,,,,,,,,
7.698307,1785212632.224284887,idle,0,0,-30,press_SPACE_to_start,78,78,54,24,0,0,0,0,0,0,0,69,0,0,0,5,0,,,,,,,,,,,,
7.787401,1785212632.335679054,idle,0,0,-30,press_SPACE_to_start,77,77,54,23,0,0,0,0,0,0,0,70,0,0,0,5,0,,,,,,,,,,,,
7.876325,1785212632.335679054,idle,0,0,-30,press_SPACE_to_start,77,77,54,23,0,0,0,0,0,0,0,70,0,0,0,5,0,,,,,,,,,,,,
7.965735,1785212632.447433949,idle,0,0,-30,press_SPACE_to_start,78,78,53,25,0,0,0,0,0,0,0,71,0,0,0,5,0,,,,,,,,,,,,
8.054629,1785212632.561774015,idle,0,0,-30,press_SPACE_to_start,78,78,56,22,0,0,0,0,0,0,0,72,0,0,0,5,0,,,,,,,,,,,,
8.143192,1785212632.673455000,idle,0,0,-30,press_SPACE_to_start,75,75,55,20,0,0,0,0,0,0,0,73,0,0,0,5,0,,,,,,,,,,,,
8.236665,1785212632.784539938,idle,0,0,-30,press_SPACE_to_start,81,81,56,25,0,0,0,0,0,0,0,74,0,0,0,5,0,,,,,,,,,,,,
8.325111,1785212632.784539938,idle,0,0,-30,press_SPACE_to_start,81,81,56,25,0,0,0,0,0,0,0,74,0,0,0,5,0,,,,,,,,,,,,
8.414059,1785212632.896050930,idle,0,0,-30,press_SPACE_to_start,75,75,54,21,0,0,0,0,0,0,0,75,0,0,0,5,0,,,,,,,,,,,,
8.502674,1785212633.009922981,idle,0,0,-30,press_SPACE_to_start,78,78,56,22,0,0,0,0,0,0,0,76,0,0,0,5,0,,,,,,,,,,,,
8.591524,1785212633.122138977,idle,0,0,-30,press_SPACE_to_start,75,75,53,22,0,0,0,0,0,0,0,77,0,0,0,5,0,,,,,,,,,,,,
8.680663,1785212633.233599901,idle,0,0,-30,press_SPACE_to_start,79,79,56,23,0,0,0,0,0,0,0,78,0,0,0,5,0,,,,,,,,,,,,
8.774299,1785212633.233599901,idle,0,0,-30,press_SPACE_to_start,79,79,56,23,0,0,0,0,0,0,0,78,0,0,0,5,0,,,,,,,,,,,,
8.862999,1785212633.343878984,idle,0,0,-30,press_SPACE_to_start,80,80,54,26,0,0,0,0,0,0,0,79,0,0,0,5,0,,,,,,,,,,,,
8.951990,1785212633.456351042,idle,0,0,-30,press_SPACE_to_start,78,78,57,21,0,0,0,0,0,0,0,80,0,0,0,5,0,,,,,,,,,,,,
9.041099,1785212633.570600033,idle,0,0,-30,press_SPACE_to_start,80,80,55,25,0,0,0,0,0,0,0,81,0,0,0,5,0,,,,,,,,,,,,
9.130259,1785212633.682219028,idle,0,0,-30,press_SPACE_to_start,77,77,55,22,0,0,0,0,0,0,0,82,0,0,0,5,0,,,,,,,,,,,,
9.219454,1785212633.682219028,idle,0,0,-30,press_SPACE_to_start,77,77,55,22,0,0,0,0,0,0,0,82,0,0,0,5,0,,,,,,,,,,,,
9.313160,1785212633.793647051,idle,0,0,-30,press_SPACE_to_start,79,79,55,24,0,0,0,0,0,0,0,83,0,0,0,5,0,,,,,,,,,,,,
9.400967,1785212633.905228138,idle,0,0,-30,press_SPACE_to_start,77,77,54,23,0,0,0,0,0,0,0,84,0,0,0,5,0,,,,,,,,,,,,
9.488932,1785212634.019401073,idle,0,0,-30,press_SPACE_to_start,73,73,53,20,0,0,0,0,0,0,0,85,0,0,0,5,0,,,,,,,,,,,,
9.577689,1785212634.130149841,idle,0,0,-30,press_SPACE_to_start,72,72,54,18,0,0,0,0,0,0,0,86,0,0,0,5,0,,,,,,,,,,,,
9.666303,1785212634.130149841,idle,0,0,-30,press_SPACE_to_start,72,72,54,18,0,0,0,0,0,0,0,86,0,0,0,5,0,,,,,,,,,,,,
9.755574,1785212634.241842031,idle,0,0,-30,press_SPACE_to_start,81,81,54,27,0,0,0,0,0,0,0,87,0,0,0,5,0,,,,,,,,,,,,
9.849146,1785212634.353114128,idle,0,0,-30,press_SPACE_to_start,73,73,54,19,0,0,0,0,0,0,0,88,0,0,0,5,0,,,,,,,,,,,,
9.937664,1785212634.467283964,idle,0,0,-30,press_SPACE_to_start,76,76,55,21,0,0,0,0,0,0,0,89,0,0,0,5,0,,,,,,,,,,,,
10.026193,1785212634.579265118,idle,0,0,-30,press_SPACE_to_start,76,76,54,22,0,0,0,0,0,0,0,90,0,0,0,5,0,,,,,,,,,,,,
10.114740,1785212634.579265118,idle,0,0,-30,press_SPACE_to_start,76,76,54,22,0,0,0,0,0,0,0,90,0,0,0,5,0,,,,,,,,,,,,
10.204016,1785212634.690280914,idle,0,0,-30,press_SPACE_to_start,77,77,54,23,0,0,0,0,0,0,0,91,0,0,0,5,0,,,,,,,,,,,,
10.293076,1785212634.801498890,idle,0,0,-30,press_SPACE_to_start,76,76,54,22,0,0,0,0,0,0,0,92,0,0,0,5,0,,,,,,,,,,,,
10.378252,1785212634.913547039,search_first_car,50,-30,-30,paper_search_first_vehicle,78,78,54,24,0,0,0,0,0,0,0,2,0,0,0,2,0,,,,,,,,,,,,
10.465730,1785212635.027776957,search_first_car,50,-30,-30,paper_search_first_vehicle,78,78,54,24,0,0,0,0,0,0,0,3,0,0,0,3,0,,,,,,,,,,,,
10.554325,1785212635.027776957,search_first_car,50,-30,-30,paper_search_first_vehicle,78,78,54,24,0,0,0,0,0,0,0,3,0,0,0,3,0,,,,,,,,,,,,
10.643179,1785212635.139747143,search_first_car,50,-30,-30,paper_search_first_vehicle,80,80,56,24,0,0,0,0,0,0,0,4,0,0,0,4,0,,,,,,,,,,,,
10.730680,1785212635.251071930,search_first_car,50,-30,-30,paper_search_first_vehicle,76,76,56,20,0,0,0,0,0,0,0,5,0,0,0,5,0,,,,,,,,,,,,
10.820043,1785212635.362261057,search_first_car,50,-30,-30,paper_search_first_vehicle,81,81,57,24,0,0,0,0,0,0,0,6,0,0,0,5,0,,,,,,,,,,,,
10.914656,1785212635.476233006,search_first_car,50,-30,-30,paper_search_first_vehicle,79,79,57,22,0,0,0,0,0,0,0,7,0,0,0,5,0,,,,,,,,,,,,
11.003171,1785212635.476233006,search_first_car,50,-30,-30,paper_search_first_vehicle,79,79,57,22,0,0,0,0,0,0,0,7,0,0,0,5,0,,,,,,,,,,,,
11.091535,1785212635.587507010,search_first_car,50,-30,-30,paper_search_first_vehicle,82,82,58,24,0,0,0,0,0,0,0,8,0,0,0,5,0,,,,,,,,,,,,
11.181183,1785212635.699532032,search_first_car,50,-30,-30,paper_search_first_vehicle,79,79,56,23,0,0,0,0,0,0,0,9,0,0,0,5,0,,,,,,,,,,,,
11.270163,1785212635.811301947,search_first_car,50,-30,-30,paper_search_first_vehicle,78,78,57,21,0,0,0,0,0,0,0,10,0,0,0,5,0,,,,,,,,,,,,
11.358996,1785212635.925019979,search_first_car,50,-30,-30,paper_search_first_vehicle,80,80,57,23,0,0,0,0,0,0,0,11,0,0,0,5,0,,,,,,,,,,,,
11.452014,1785212635.925019979,search_first_car,50,-30,-30,paper_search_first_vehicle,80,80,57,23,0,0,0,0,0,0,0,11,0,0,0,5,0,,,,,,,,,,,,
11.540366,1785212636.036341906,search_first_car,50,-30,-30,paper_search_first_vehicle,79,79,56,23,0,0,0,0,0,0,0,12,0,0,0,5,0,,,,,,,,,,,,
11.629126,1785212636.147958040,search_first_car,50,-30,-30,paper_search_first_vehicle,75,75,53,21,0,0,0,0,0,0,0,13,0,0,0,5,0,,,,,,,,,,,,
11.717762,1785212636.259375095,search_first_car,50,-30,-30,paper_search_first_vehicle,78,78,56,22,0,0,0,0,0,0,0,14,0,0,0,5,0,,,,,,,,,,,,
11.806848,1785212636.259375095,search_first_car,50,-30,-30,paper_search_first_vehicle,78,78,56,22,0,0,0,0,0,0,0,14,0,0,0,5,0,,,,,,,,,,,,
11.896308,1785212636.373714924,search_first_car,50,-30,-30,paper_search_first_vehicle,77,77,56,21,0,0,0,0,0,0,0,15,0,0,0,5,0,,,,,,,,,,,,
11.989968,1785212636.486047983,search_first_car,50,-30,-30,paper_search_first_vehicle,77,77,53,24,0,0,0,0,0,0,0,16,0,0,0,5,0,,,,,,,,,,,,
12.077485,1785212636.596701860,search_first_car,50,-30,-30,paper_search_first_vehicle,78,78,53,25,0,0,0,0,0,0,0,17,0,0,0,5,0,,,,,,,,,,,,
12.166083,1785212636.708658934,search_first_car,50,-30,-30,paper_search_first_vehicle,74,74,51,23,0,0,0,0,0,0,0,18,0,0,0,5,0,,,,,,,,,,,,
12.254871,1785212636.708658934,search_first_car,50,-30,-30,paper_search_first_vehicle,74,74,51,23,0,0,0,0,0,0,0,18,0,0,0,5,0,,,,,,,,,,,,
12.344034,1785212636.823370934,search_first_car,50,-30,-30,paper_search_first_vehicle,74,74,50,24,0,0,0,0,0,0,0,19,0,0,0,5,0,,,,,,,,,,,,
12.432751,1785212636.933575869,search_first_car,50,-30,-30,paper_search_first_vehicle,71,71,51,20,0,0,0,0,0,0,0,20,0,0,0,5,0,,,,,,,,,,,,
12.525943,1785212637.045638800,search_first_car,50,-30,-30,paper_search_first_vehicle,70,70,49,21,0,0,0,0,0,0,0,21,0,0,0,5,0,,,,,,,,,,,,
12.614555,1785212637.156903028,search_first_car,50,-30,-30,paper_search_first_vehicle,74,74,51,23,0,0,0,0,0,0,0,22,0,0,0,5,0,,,,,,,,,,,,
12.703295,1785212637.268321037,search_first_car,50,-30,-30,paper_search_first_vehicle,76,76,50,26,0,0,0,0,0,0,0,23,0,0,0,5,0,,,,,,,,,,,,
12.792019,1785212637.268321037,search_first_car,50,-30,-30,paper_search_first_vehicle,76,76,50,26,0,0,0,0,0,0,0,23,0,0,0,5,0,,,,,,,,,,,,
12.880788,1785212637.382217884,search_first_car,50,-30,-30,paper_search_first_vehicle,72,72,49,23,0,0,0,0,0,0,0,24,0,0,0,5,0,,,,,,,,,,,,
12.969503,1785212637.493917942,search_first_car,50,-30,-30,paper_search_first_vehicle,73,73,48,25,0,0,0,0,0,0,0,25,0,0,0,5,0,,,,,,,,,,,,
13.064181,1785212637.605413914,search_first_car,50,-30,-30,paper_search_first_vehicle,61,61,39,22,0,0,0,0,0,0,0,26,0,0,0,5,0,,,,,,,,,,,,
13.152703,1785212637.716446877,search_first_car,50,-30,-30,paper_search_first_vehicle,66,66,42,24,0,0,0,0,0,0,0,27,0,0,0,5,0,,,,,,,,,,,,
13.241129,1785212637.716446877,search_first_car,50,-30,-30,paper_search_first_vehicle,66,66,42,24,0,0,0,0,0,0,0,27,0,0,0,5,0,,,,,,,,,,,,
13.329940,1785212637.832165003,search_first_car,50,-30,-30,paper_search_first_vehicle,65,65,43,22,0,0,0,0,0,0,0,28,0,0,0,5,0,,,,,,,,,,,,
13.417256,1785212637.942955017,search_first_car,50,-30,-30,paper_search_first_vehicle,65,65,44,21,0,0,0,0,0,0,0,29,0,0,0,5,0,,,,,,,,,,,,
13.506864,1785212638.053714991,search_first_car,50,-30,-30,paper_search_first_vehicle,64,64,42,22,0,0,0,0,0,0,0,30,0,0,0,5,0,,,,,,,,,,,,
13.600092,1785212638.166074991,search_first_car,50,-30,-30,paper_search_first_vehicle,64,64,42,22,0,0,0,0,0,0,0,31,0,0,0,5,0,,,,,,,,,,,,
13.688643,1785212638.166074991,search_first_car,50,-30,-30,paper_search_first_vehicle,64,64,42,22,0,0,0,0,0,0,0,31,0,0,0,5,0,,,,,,,,,,,,
13.777097,1785212638.279568911,search_first_car,50,-30,-30,paper_search_first_vehicle,60,60,40,20,0,0,0,0,0,0,0,32,0,0,0,5,0,,,,,,,,,,,,
13.865800,1785212638.391523123,search_first_car,50,-30,-30,paper_search_first_vehicle,58,58,39,19,0,0,0,0,0,0,0,33,0,0,0,5,0,,,,,,,,,,,,
13.954669,1785212638.503524065,search_first_car,50,-30,-30,paper_search_first_vehicle,58,58,37,21,0,0,0,0,0,0,0,34,0,0,0,5,0,,,,,,,,,,,,
14.043605,1785212638.503524065,search_first_car,50,-30,-30,paper_search_first_vehicle,58,58,37,21,0,0,0,0,0,0,0,34,0,0,0,5,0,,,,,,,,,,,,
14.138275,1785212638.614383221,search_first_car,50,-30,-30,paper_search_first_vehicle,61,61,35,26,0,0,0,0,0,0,0,35,0,0,0,5,0,,,,,,,,,,,,
14.226732,1785212638.725244999,search_first_car,50,-30,-30,paper_search_first_vehicle,57,57,36,21,0,0,0,0,0,0,0,36,0,0,0,5,0,,,,,,,,,,,,
14.314822,1785212638.840085030,search_first_car,50,-30,-30,paper_search_first_vehicle,54,54,34,20,0,0,0,0,0,0,0,37,0,0,0,5,0,,,,,,,,,,,,
14.403351,1785212638.951430798,search_first_car,50,-30,-30,paper_search_first_vehicle,54,54,33,21,0,0,0,0,0,0,0,38,0,0,0,5,0,,,,,,,,,,,,
14.492403,1785212638.951430798,search_first_car,50,-30,-30,paper_search_first_vehicle,54,54,33,21,0,0,0,0,0,0,0,38,0,0,0,5,0,,,,,,,,,,,,
14.581447,1785212639.065228939,search_first_car,50,-30,-30,paper_search_first_vehicle,47,47,29,18,0,0,0,0,0,0,0,39,0,0,0,5,0,,,,,,,,,,,,
14.675169,1785212639.174735785,search_first_car,50,-30,-30,paper_search_first_vehicle,57,57,32,25,0,0,0,0,0,0,0,40,0,0,0,5,0,,,,,,,,,,,,
14.763302,1785212639.285540104,search_first_car,50,-30,-30,paper_search_first_vehicle,48,48,27,21,0,0,0,0,0,0,0,41,0,0,0,5,0,,,,,,,,,,,,
14.850947,1785212639.400269985,search_first_car,50,-30,-30,paper_search_first_vehicle,50,50,27,23,0,0,0,0,0,0,0,42,0,0,0,5,0,,,,,,,,,,,,
14.938806,1785212639.400269985,search_first_car,50,-30,-30,paper_search_first_vehicle,50,50,27,23,0,0,0,0,0,0,0,42,0,0,0,5,0,,,,,,,,,,,,
15.028047,1785212639.511602879,search_first_car,50,-30,-30,paper_search_first_vehicle,50,50,28,22,0,0,0,0,0,0,0,43,0,0,0,5,0,,,,,,,,,,,,
15.116782,1785212639.622533798,search_first_car,50,-30,-30,paper_search_first_vehicle,47,47,28,19,0,0,0,0,0,0,0,44,0,0,0,5,0,,,,,,,,,,,,
15.209168,1785212639.733910084,search_first_car,50,-30,-30,paper_search_first_vehicle,49,49,28,21,0,0,0,0,0,0,0,45,0,0,0,5,0,,,,,,,,,,,,
15.297773,1785212639.849349022,search_first_car,50,-30,-30,paper_search_first_vehicle,49,49,25,24,0,0,0,0,0,0,0,46,0,0,0,5,0,,,,,,,,,,,,
15.386136,1785212639.849349022,search_first_car,50,-30,-30,paper_search_first_vehicle,49,49,25,24,0,0,0,0,0,0,0,46,0,0,0,5,0,,,,,,,,,,,,
15.474504,1785212639.960111141,search_first_car,50,-30,-30,paper_search_first_vehicle,44,44,23,21,0,0,0,0,0,0,0,47,0,0,0,5,0,,,,,,,,,,,,
15.563155,1785212640.071742058,search_first_car,50,-30,-30,paper_search_first_vehicle,46,46,24,22,0,0,0,0,0,0,0,48,0,0,0,5,0,,,,,,,,,,,,
15.651934,1785212640.182671070,search_first_car,50,-30,-30,paper_search_first_vehicle,50,50,30,20,0,0,0,0,0,0,0,49,0,0,0,5,0,,,,,,,,,,,,
15.746067,1785212640.297441006,search_first_car,50,-30,-30,paper_search_first_vehicle,49,49,29,20,0,0,0,0,0,0,0,50,0,0,0,5,0,,,,,,,,,,,,
15.834610,1785212640.297441006,search_first_car,50,-30,-30,paper_search_first_vehicle,49,49,29,20,0,0,0,0,0,0,0,50,0,0,0,5,0,,,,,,,,,,,,
15.923442,1785212640.408533096,search_first_car,50,-30,-30,paper_search_first_vehicle,47,47,27,20,0,0,0,0,0,0,0,51,0,0,0,5,0,,,,,,,,,,,,
16.011447,1785212640.520009041,search_first_car,50,-30,-30,paper_search_first_vehicle,39,39,22,17,0,0,0,0,0,0,0,52,0,0,0,5,0,,,,,,,,,,,,
16.099704,1785212640.631632805,search_first_car,50,-30,-30,paper_search_first_vehicle,44,44,22,22,0,0,0,0,0,0,0,53,0,0,0,5,0,,,,,,,,,,,,
16.188934,1785212640.743077040,search_first_car,50,-30,-30,paper_search_first_vehicle,45,45,25,20,0,0,0,0,0,0,0,54,0,0,0,5,0,,,,,,,,,,,,
16.281630,1785212640.743077040,search_first_car,50,-30,-30,paper_search_first_vehicle,45,45,25,20,0,0,0,0,0,0,0,54,0,0,0,5,0,,,,,,,,,,,,
16.367538,1785212640.857571125,search_first_car,50,-30,-30,paper_search_first_vehicle,40,40,24,16,0,0,0,0,0,0,0,55,0,0,0,5,0,,,,,,,,,,,,
16.453339,1785212640.969388008,search_first_car,50,-30,-30,paper_search_first_vehicle,41,41,20,21,0,0,0,0,0,0,0,56,0,0,0,5,0,,,,,,,,,,,,
16.542082,1785212641.080526114,search_first_car,50,-30,-30,paper_search_first_vehicle,37,37,18,19,0,0,0,0,0,0,0,57,0,0,0,5,0,,,,,,,,,,,,
16.630564,1785212641.191685915,search_first_car,50,-30,-30,paper_search_first_vehicle,35,35,15,20,0,0,0,0,0,0,0,58,0,0,0,5,0,,,,,,,,,,,,
16.718370,1785212641.191685915,search_first_car,50,-30,-30,paper_search_first_vehicle,35,35,15,20,0,0,0,0,0,0,0,58,0,0,0,5,0,,,,,,,,,,,,
16.811708,1785212641.306164026,search_first_car,50,-30,-30,paper_search_first_vehicle,39,39,15,24,0,0,0,0,0,0,0,59,0,0,0,5,0,,,,,,,,,,,,
16.900223,1785212641.417828083,search_first_car,50,-30,-30,paper_search_first_vehicle,33,33,12,21,0,0,0,0,0,0,0,60,0,0,0,5,0,,,,,,,,,,,,
16.988258,1785212641.529847145,search_first_car,50,-30,-30,paper_search_first_vehicle,34,34,14,20,0,0,0,0,0,0,0,61,0,0,0,5,0,,,,,,,,,,,,
17.075853,1785212641.640517950,search_first_car,50,-30,-30,paper_search_first_vehicle,30,30,13,17,0,0,0,0,0,0,0,62,0,0,0,5,0,,,,,,,,,,,,
17.164140,1785212641.640517950,search_first_car,50,-30,-30,paper_search_first_vehicle,30,30,13,17,0,0,0,0,0,0,0,62,0,0,0,5,0,,,,,,,,,,,,
17.252330,1785212641.754673958,search_first_car,50,-30,-30,paper_search_first_vehicle,35,35,13,22,0,0,0,0,0,0,0,63,0,0,0,5,0,,,,,,,,,,,,
17.344626,1785212641.867143869,search_first_car,50,-30,-30,paper_search_first_vehicle,31,31,10,21,0,0,0,0,0,0,0,64,0,0,0,5,0,,,,,,,,,,,,
17.432600,1785212641.978246927,search_first_car,50,-30,-30,paper_search_first_vehicle,41,41,15,26,0,0,0,0,0,0,0,65,0,0,0,5,0,,,,,,,,,,,,
17.521095,1785212641.978246927,search_first_car,50,-30,-30,paper_search_first_vehicle,41,41,15,26,0,0,0,0,0,0,0,65,0,0,0,5,0,,,,,,,,,,,,
17.609523,1785212642.089699030,search_first_car,50,-30,-30,paper_search_first_vehicle,31,31,10,21,0,0,0,0,0,0,0,66,0,0,0,5,0,,,,,,,,,,,,
17.697283,1785212642.204082966,search_first_car,50,-30,-30,paper_search_first_vehicle,37,37,15,22,0,0,0,0,0,0,0,67,0,0,0,5,0,,,,,,,,,,,,
17.784783,1785212642.314721107,search_first_car,50,-30,-30,paper_search_first_vehicle,29,29,11,18,0,0,0,0,0,0,0,68,0,0,0,5,0,,,,,,,,,,,,
17.878928,1785212642.426149845,search_first_car,50,-30,-30,paper_search_first_vehicle,27,27,11,16,0,0,0,0,0,0,0,69,0,0,0,5,0,,,,,,,,,,,,
17.965990,1785212642.426149845,search_first_car,50,-30,-30,paper_search_first_vehicle,27,27,11,16,0,0,0,0,0,0,0,69,0,0,0,5,0,,,,,,,,,,,,
18.054343,1785212642.538517952,search_first_car,50,-30,-30,paper_search_first_vehicle,32,32,14,18,0,0,0,0,0,0,0,70,0,0,0,5,0,,,,,,,,,,,,
18.142612,1785212642.648858786,search_first_car,50,-30,-30,paper_search_first_vehicle,27,27,9,18,0,0,0,0,0,0,0,71,0,0,0,5,0,,,,,,,,,,,,
18.230907,1785212642.764173985,search_first_car,50,-30,-30,paper_search_first_vehicle,31,31,12,19,0,0,0,0,0,0,0,72,0,0,0,5,0,,,,,,,,,,,,
18.319047,1785212642.875560045,search_first_car,50,-30,-30,paper_search_first_vehicle,24,24,9,15,0,0,0,0,0,0,0,73,0,0,0,5,0,,,,,,,,,,,,
18.412368,1785212642.875560045,search_first_car,50,-30,-30,paper_search_first_vehicle,24,24,9,15,0,0,0,0,0,0,0,73,0,0,0,5,0,,,,,,,,,,,,
18.501334,1785212642.986151934,search_first_car,50,-30,-30,paper_search_first_vehicle,28,28,10,18,0,0,0,0,0,0,0,74,0,0,0,5,0,,,,,,,,,,,,
18.589813,1785212643.098500013,search_first_car,50,-30,-30,paper_search_first_vehicle,26,26,10,16,0,0,0,0,0,0,0,75,0,0,0,5,0,,,,,,,,,,,,
18.678475,1785212643.212924004,search_first_car,50,-30,-30,paper_search_first_vehicle,19,19,6,13,0,0,0,0,0,0,0,76,0,0,0,5,0,,,,,,,,,,,,
18.766312,1785212643.323482037,search_first_car,50,-30,-30,paper_search_first_vehicle,26,26,9,17,0,0,0,0,0,0,0,77,0,0,0,5,0,,,,,,,,,,,,
18.854837,1785212643.323482037,search_first_car,50,-30,-30,paper_search_first_vehicle,26,26,9,17,0,0,0,0,0,0,0,77,0,0,0,5,0,,,,,,,,,,,,
18.947776,1785212643.434973955,search_first_car,50,-30,-30,paper_search_first_vehicle,25,25,7,18,0,0,0,0,0,0,0,78,0,0,0,5,0,,,,,,,,,,,,
19.034770,1785212643.546228886,search_first_car,50,-30,-30,paper_search_first_vehicle,25,25,8,17,0,0,0,0,0,0,0,79,0,0,0,5,0,,,,,,,,,,,,
19.122269,1785212643.657907009,search_first_car,50,-30,-30,paper_search_first_vehicle,26,26,8,18,0,0,0,0,0,0,0,80,0,0,0,5,0,,,,,,,,,,,,
19.210406,1785212643.772198915,search_first_car,50,-30,-30,paper_search_first_vehicle,22,22,7,15,0,0,0,0,0,0,0,81,0,0,0,5,0,,,,,,,,,,,,
19.298085,1785212643.772198915,search_first_car,50,-30,-30,paper_search_first_vehicle,22,22,7,15,0,0,0,0,0,0,0,81,0,0,0,5,0,,,,,,,,,,,,
19.385968,1785212643.884555101,search_first_car,50,-30,-30,paper_search_first_vehicle,22,22,5,17,0,0,0,0,0,0,0,82,0,0,0,5,0,,,,,,,,,,,,
19.475862,1785212643.995908022,search_first_car,50,-30,-30,paper_search_first_vehicle,24,24,7,17,0,0,0,0,0,0,0,83,0,0,0,5,0,,,,,,,,,,,,
19.564328,1785212644.106763124,search_first_car,50,-30,-30,paper_search_first_vehicle,18,18,5,13,0,0,0,0,0,0,0,84,0,0,0,5,0,,,,,,,,,,,,
19.650731,1785212644.106763124,search_first_car,50,-30,-30,paper_search_first_vehicle,18,18,5,13,0,0,0,0,0,0,0,84,0,0,0,5,0,,,,,,,,,,,,
19.739538,1785212644.221219063,search_first_car,50,-30,-30,paper_search_first_vehicle,22,22,6,16,0,0,0,0,0,0,0,85,0,0,0,5,0,,,,,,,,,,,,
19.827634,1785212644.332620144,search_first_car,50,-30,-30,paper_search_first_vehicle,19,19,6,13,0,0,0,0,0,0,0,86,0,0,0,5,0,,,,,,,,,,,,
19.914970,1785212644.444646835,search_first_car,50,-30,-30,paper_search_first_vehicle,19,19,5,14,0,0,0,0,0,0,0,87,0,0,0,5,0,,,,,,,,,,,,
20.007488,1785212644.555774927,search_first_car,50,-30,-30,paper_search_first_vehicle,20,20,6,14,0,0,0,0,0,0,0,88,0,0,0,5,0,,,,,,,,,,,,
20.095348,1785212644.555774927,search_first_car,50,-30,-30,paper_search_first_vehicle,20,20,6,14,0,0,0,0,0,0,0,88,0,0,0,5,0,,,,,,,,,,,,
20.183026,1785212644.670308113,search_first_car,50,-30,-30,paper_search_first_vehicle,17,17,2,15,0,0,0,0,0,0,0,89,0,0,0,5,0,,,,,,,,,,,,
20.271577,1785212644.781843901,search_first_car,50,-30,-30,paper_search_first_vehicle,15,15,4,11,0,0,0,0,0,0,0,90,0,0,0,5,0,,,,,,,,,,,,
20.359060,1785212644.892807007,search_first_car,50,-30,-30,paper_search_first_vehicle,18,18,4,14,0,0,0,0,0,0,0,91,0,0,0,5,0,,,,,,,,,,,,
20.447851,1785212645.004559040,search_first_car,50,-30,-30,paper_search_first_vehicle,19,19,4,15,0,0,0,0,0,0,0,92,0,0,0,5,0,,,,,,,,,,,,
20.541170,1785212645.004559040,search_first_car,50,-30,-30,paper_search_first_vehicle,19,19,4,15,0,0,0,0,0,0,0,92,0,0,0,5,0,,,,,,,,,,,,
20.629471,1785212645.116200924,search_first_car,50,-30,-30,paper_search_first_vehicle,19,19,4,15,0,0,0,0,0,0,0,93,0,0,0,5,0,,,,,,,,,,,,
20.717416,1785212645.230522871,search_first_car,50,-30,-30,paper_search_first_vehicle,15,15,2,13,1,0,0,0,0,0,0,94,0,0,0,5,0,,,,,,,,,,,,
20.805339,1785212645.341336012,search_first_car,50,-30,-30,paper_search_first_vehicle,22,22,10,12,1,0,0,0,0,0,0,95,0,0,0,5,0,,,,,,,,,,,,
20.893793,1785212645.453134060,search_first_car,50,-30,-30,paper_search_first_vehicle,20,20,7,13,2,0,0,0,0,0,0,96,0,0,0,5,0,,,,,,,,,,,,
20.982155,1785212645.453134060,search_first_car,50,-30,-30,paper_search_first_vehicle,20,20,7,13,2,0,0,0,0,0,0,96,0,0,0,5,0,,,,,,,,,,,,
21.075452,1785212645.564839840,search_first_car,50,-30,-30,paper_search_first_vehicle,21,21,9,12,2,0,0,0,0,0,0,97,0,0,0,5,0,,,,,,,,,,,,
21.163038,1785212645.676356077,search_first_car,50,-30,-30,paper_search_first_vehicle,24,24,11,13,2,0,0,0,0,0,0,98,0,0,0,5,0,,,,,,,,,,,,
21.251278,1785212645.790050030,search_first_car,50,-30,-30,paper_search_first_vehicle,25,25,13,12,2,0,0,0,0,0,0,99,0,0,0,5,0,,,,,,,,,,,,
21.339270,1785212645.902313948,search_first_car,50,-30,-30,paper_search_first_vehicle,22,22,9,13,2,0,0,0,0,0,0,100,0,0,0,5,0,,,,,,,,,,,,
21.428618,1785212645.902313948,search_first_car,50,-30,-30,paper_search_first_vehicle,22,22,9,13,2,0,0,0,0,0,0,100,0,0,0,5,0,,,,,,,,,,,,
21.517289,1785212646.013157845,search_first_car,50,-30,-30,paper_search_first_vehicle,20,20,10,10,2,0,0,0,0,0,0,101,0,0,0,5,0,,,,,,,,,,,,
21.610548,1785212646.128139019,search_first_car,50,-30,-30,paper_search_first_vehicle,22,22,11,11,1,0,0,0,0,0,0,102,0,0,0,5,0,,,,,,,,,,,,
21.699709,1785212646.238368034,search_first_car,50,-30,-30,paper_search_first_vehicle,24,24,13,11,1,0,0,0,0,0,0,103,0,0,0,5,0,,,,,,,,,,,,
21.788437,1785212646.350430965,search_first_car,50,-30,-30,paper_search_first_vehicle,25,25,12,13,2,0,0,0,0,0,0,104,0,0,0,5,0,,,,,,,,,,,,
21.877005,1785212646.350430965,search_first_car,50,-30,-30,paper_search_first_vehicle,25,25,12,13,2,0,0,0,0,0,0,104,0,0,0,5,0,,,,,,,,,,,,
21.965855,1785212646.461375952,search_first_car,50,-30,-30,paper_search_first_vehicle,20,20,12,8,1,0,0,0,0,0,0,105,0,0,0,5,0,,,,,,,,,,,,
22.055076,1785212646.573652983,search_first_car,50,-30,-30,paper_search_first_vehicle,18,18,8,10,1,0,0,0,0,0,0,106,0,0,0,5,0,,,,,,,,,,,,
22.149170,1785212646.687849045,search_first_car,50,-30,-30,paper_search_first_vehicle,21,21,12,9,2,0,0,0,0,0,0,107,0,0,0,5,0,,,,,,,,,,,,
22.237505,1785212646.799396038,search_first_car,50,-30,-30,paper_search_first_vehicle,21,21,8,13,1,0,0,0,0,0,0,108,0,0,0,5,0,,,,,,,,,,,,
22.325695,1785212646.799396038,search_first_car,50,-30,-30,paper_search_first_vehicle,21,21,8,13,1,0,0,0,0,0,0,108,0,0,0,5,0,,,,,,,,,,,,
22.415109,1785212646.910332918,search_first_car,50,-30,-30,paper_search_first_vehicle,23,23,12,11,1,0,0,0,0,0,0,109,0,0,0,5,0,,,,,,,,,,,,
22.503901,1785212647.021445990,search_first_car,50,-30,-30,paper_search_first_vehicle,20,20,10,10,1,0,0,0,0,0,0,110,0,0,0,5,0,,,,,,,,,,,,
22.592947,1785212647.133040905,search_first_car,50,-30,-30,paper_search_first_vehicle,22,22,10,12,1,0,0,0,0,0,0,111,0,0,0,5,0,,,,,,,,,,,,
22.686826,1785212647.247909069,search_first_car,50,-30,-30,paper_search_first_vehicle,21,21,7,14,2,0,0,0,0,0,0,112,0,0,0,5,0,,,,,,,,,,,,
22.774571,1785212647.247909069,search_first_car,50,-30,-30,paper_search_first_vehicle,21,21,7,14,2,0,0,0,0,0,0,112,0,0,0,5,0,,,,,,,,,,,,
22.863132,1785212647.358655930,search_first_car,50,-30,-30,paper_search_first_vehicle,13,13,5,8,1,0,0,0,0,0,0,113,0,0,0,5,0,,,,,,,,,,,,
22.951887,1785212647.470775127,search_first_car,50,-30,-30,paper_search_first_vehicle,20,20,9,11,1,0,0,0,0,0,0,114,0,0,0,5,0,,,,,,,,,,,,
23.040793,1785212647.584543943,search_first_car,50,-30,-30,paper_search_first_vehicle,16,16,5,11,2,0,0,0,0,0,0,115,0,0,0,5,0,,,,,,,,,,,,
23.129354,1785212647.584543943,search_first_car,50,-30,-30,paper_search_first_vehicle,16,16,5,11,2,0,0,0,0,0,0,115,0,0,0,5,0,,,,,,,,,,,,
23.222513,1785212647.696137905,search_first_car,50,-30,-30,paper_search_first_vehicle,17,17,3,14,2,0,0,0,0,0,0,116,0,0,0,5,0,,,,,,,,,,,,
23.310543,1785212647.807897091,search_first_car,50,-30,-30,paper_search_first_vehicle,16,16,3,13,2,0,0,0,0,0,0,117,0,0,0,5,0,,,,,,,,,,,,
23.397502,1785212647.919126987,search_first_car,50,-30,-30,paper_search_first_vehicle,18,18,3,15,2,0,0,0,0,0,0,118,0,0,0,5,0,,,,,,,,,,,,
23.485599,1785212648.033166170,search_first_car,50,-30,-30,paper_search_first_vehicle,16,16,5,11,2,0,0,0,0,0,0,119,0,0,0,5,0,,,,,,,,,,,,
23.573165,1785212648.033166170,search_first_car,50,-30,-30,paper_search_first_vehicle,16,16,5,11,2,0,0,0,0,0,0,119,0,0,0,5,0,,,,,,,,,,,,
23.661775,1785212648.145459890,search_first_car,50,-30,-30,paper_search_first_vehicle,12,12,3,9,0,0,0,0,0,0,0,120,0,0,0,5,0,,,,,,,,,,,,
23.755127,1785212648.256192923,search_first_car,50,-30,-30,paper_search_first_vehicle,18,18,3,15,0,0,0,0,0,0,0,121,0,0,0,5,0,,,,,,,,,,,,
23.842975,1785212648.367685795,search_first_car,50,-30,-30,paper_search_first_vehicle,18,18,6,12,0,0,0,0,0,0,0,122,0,0,0,5,0,,,,,,,,,,,,
23.930352,1785212648.479708910,search_first_car,50,-30,-30,paper_search_first_vehicle,16,16,4,12,0,0,0,0,0,0,0,123,0,0,0,5,0,,,,,,,,,,,,
24.018002,1785212648.479708910,search_first_car,50,-30,-30,paper_search_first_vehicle,16,16,4,12,0,0,0,0,0,0,0,123,0,0,0,5,0,,,,,,,,,,,,
24.106485,1785212648.594117165,search_first_car,50,-30,-30,paper_search_first_vehicle,20,20,4,16,1,0,0,0,0,0,0,124,0,0,0,5,0,,,,,,,,,,,,
24.195038,1785212648.705403805,search_first_car,50,-30,-30,paper_search_first_vehicle,20,20,3,17,1,0,0,0,0,0,0,125,0,0,0,5,0,,,,,,,,,,,,
24.288142,1785212648.816453934,search_first_car,50,-30,-30,paper_search_first_vehicle,22,22,7,15,0,0,0,0,0,0,0,126,0,0,0,5,0,,,,,,,,,,,,
24.375955,1785212648.927515984,search_first_car,50,-30,-30,paper_search_first_vehicle,15,15,2,13,0,0,0,0,0,0,0,127,0,0,0,5,0,,,,,,,,,,,,
24.463749,1785212648.927515984,search_first_car,50,-30,-30,paper_search_first_vehicle,15,15,2,13,0,0,0,0,0,0,0,127,0,0,0,5,0,,,,,,,,,,,,
24.551900,1785212649.042541981,search_first_car,50,-30,-30,paper_search_first_vehicle,16,16,5,11,0,0,0,0,0,0,0,128,0,0,0,5,0,,,,,,,,,,,,
24.640168,1785212649.154207945,search_first_car,50,-30,-30,paper_search_first_vehicle,18,18,3,15,0,0,0,0,0,0,0,129,0,1,0,5,0,,,,,,,,,,,,
24.728300,1785212649.265508175,search_first_car,50,-30,-30,paper_search_first_vehicle,21,21,3,18,0,0,0,0,0,0,0,130,0,1,0,5,0,,,,,,,,,,,,
24.821437,1785212649.376013994,search_first_car,50,-30,-30,paper_search_first_vehicle,24,24,3,21,1,0,0,0,0,0,0,131,0,1,0,5,0,,,,,,,,,,,1421.250000,
24.909290,1785212649.376013994,search_first_car,50,-30,-30,paper_search_first_vehicle,24,24,3,21,1,0,0,0,0,0,0,131,0,1,0,5,0,,,,,,,,,,,1421.250000,
24.997637,1785212649.488157034,search_first_car,50,-30,-30,paper_search_first_vehicle,25,25,6,19,1,0,0,0,0,0,0,132,0,1,0,5,0,,,,,,,,,,,1397.750000,
25.085779,1785212649.602432013,search_first_car,50,-30,-30,paper_search_first_vehicle,27,27,7,20,1,0,0,0,0,0,0,133,0,1,0,5,0,,,,,,,,,,,1390.250000,
25.173275,1785212649.713633060,search_first_car,50,-30,-30,paper_search_first_vehicle,29,29,9,20,1,0,0,0,1,3,1,0,0,1,0,5,0,,,,,,,,,,,1381.500000,
25.261352,1785212649.825062990,search_open_space,50,-30,-30,paper_first_vehicle_counted,28,28,9,19,1,0,1,1,1,3,2,0,1,1,0,5,0,,,,,,,,,,,1374.000000,
25.354945,1785212649.825062990,search_open_space,50,-30,-30,paper_passing_first_vehicle,28,28,9,19,1,0,1,1,1,3,2,0,1,1,0,5,0,,,,,,,,,,,1374.000000,
25.442943,1785212649.936527967,search_open_space,50,-30,-30,paper_passing_first_vehicle,24,24,6,18,1,0,1,1,1,3,3,0,1,1,0,5,0,,,,,,,,,,,1366.000000,
25.530426,1785212650.051956892,search_open_space,50,-30,-30,paper_passing_first_vehicle,29,29,8,21,1,0,1,1,1,4,4,0,1,1,0,5,0,,,,,,,,,,,1362.250000,
25.619401,1785212650.162989140,search_open_space,50,-30,-30,paper_passing_first_vehicle,33,33,11,22,1,0,1,1,1,4,5,0,1,1,0,5,0,,,,,,,,,,,1358.500000,
25.708261,1785212650.274267912,search_open_space,50,-30,-30,paper_passing_first_vehicle,32,32,9,22,1,0,1,1,1,4,6,0,1,1,0,5,0,,,,,,,,,,,1353.250000,
25.796885,1785212650.274267912,search_open_space,50,-30,-30,paper_passing_first_vehicle,32,32,9,22,1,0,1,1,1,4,6,0,1,1,0,5,0,,,,,,,,,,,1353.250000,
25.890436,1785212650.384962082,search_open_space,50,-30,-30,paper_passing_first_vehicle,27,27,7,20,1,0,1,1,1,5,7,0,1,1,0,5,0,,,,,,,,,,,1351.500000,
25.977816,1785212650.500533104,search_open_space,50,-30,-30,paper_passing_first_vehicle,30,30,9,21,1,0,1,1,1,5,8,0,1,1,0,5,0,,,,,,,,,,,1347.000000,
26.066628,1785212650.610986948,search_open_space,50,-30,-30,paper_passing_first_vehicle,29,29,8,21,1,0,1,1,1,6,9,0,1,1,0,5,0,,,,,,,,,,,1342.750000,
26.155038,1785212650.610986948,search_open_space,50,-30,-30,paper_passing_first_vehicle,29,29,8,21,1,0,1,1,1,6,9,0,1,1,0,5,0,,,,,,,,,,,1342.750000,
26.244511,1785212650.722452879,search_open_space,50,-30,-30,paper_passing_first_vehicle,32,32,11,21,1,0,1,1,1,5,10,0,1,1,0,5,0,,,,,,,,,,,1335.500000,
26.333156,1785212650.834086895,search_open_space,50,-30,-30,paper_passing_first_vehicle,33,33,12,21,1,0,1,1,1,6,11,0,1,1,0,5,0,,,,,,,,,,,1333.500000,
26.426626,1785212650.949311972,search_open_space,50,-30,-30,paper_passing_first_vehicle,33,33,10,23,1,0,1,1,1,6,12,0,1,1,0,5,0,,,,,,,,,,,1329.000000,
26.515467,1785212651.060575962,search_open_space,50,-30,-30,paper_passing_first_vehicle,38,38,15,23,1,0,1,1,1,6,13,0,1,1,0,5,0,,,,,,,,,,,1323.750000,
26.603809,1785212651.060575962,search_open_space,50,-30,-30,paper_passing_first_vehicle,38,38,15,23,1,0,1,1,1,6,13,0,1,1,0,5,0,,,,,,,,,,,1323.750000,
26.692725,1785212651.171362162,search_open_space,50,-30,-30,paper_passing_first_vehicle,35,35,14,21,1,0,1,1,1,7,14,0,1,1,0,5,0,,,,,,,,,,,1321.750000,
26.781840,1785212651.282399893,search_open_space,50,-30,-30,paper_passing_first_vehicle,36,36,14,22,1,0,1,1,1,7,15,0,1,1,0,5,0,,,,,,,,,,,1319.500000,
26.870856,1785212651.397467852,search_open_space,50,-30,-30,paper_passing_first_vehicle,37,37,14,23,1,0,1,1,1,7,16,0,1,1,0,5,0,,,,,,,,,,,1319.750000,
26.964369,1785212651.509342909,search_open_space,50,-30,-30,paper_passing_first_vehicle,38,38,17,21,1,0,1,1,1,7,17,0,1,1,0,5,0,,,,,,,,,,,1315.750000,
27.052948,1785212651.509342909,search_open_space,50,-30,-30,paper_passing_first_vehicle,38,38,17,21,1,0,1,1,1,7,17,0,1,1,0,5,0,,,,,,,,,,,1315.750000,
27.142621,1785212651.620348930,search_open_space,50,-30,-30,paper_passing_first_vehicle,40,40,18,22,1,0,1,1,1,7,18,0,1,1,0,5,0,,,,,,,,,,,1315.250000,
27.231593,1785212651.732280016,search_open_space,50,-30,-30,paper_passing_first_vehicle,35,35,13,22,1,0,1,1,1,7,19,0,1,1,0,5,0,,,,,,,,,,,1312.750000,
27.320158,1785212651.846685886,search_open_space,50,-30,-30,paper_passing_first_vehicle,42,42,15,27,1,0,1,1,1,7,20,0,1,1,0,5,0,,,,,,,,,,,1312.500000,
27.409309,1785212651.957359076,search_open_space,50,-30,-30,paper_passing_first_vehicle,37,37,15,22,1,0,1,1,1,6,21,0,1,1,0,5,0,,,,,,,,,,,1313.000000,
27.503924,1785212652.068665028,search_open_space,50,-30,-30,paper_passing_first_vehicle,39,39,15,24,1,0,1,1,1,7,22,0,1,1,0,5,0,,,,,,,,,,,1312.500000,
27.592314,1785212652.068665028,search_open_space,50,-30,-30,paper_passing_first_vehicle,39,39,15,24,1,0,1,1,1,7,22,0,1,1,0,5,0,,,,,,,,,,,1312.500000,
27.681496,1785212652.180646896,search_open_space,50,-30,-30,paper_passing_first_vehicle,39,39,16,23,1,0,1,1,1,7,23,0,1,1,0,5,0,,,,,,,,,,,1311.000000,
27.770165,1785212652.291855097,search_open_space,50,-30,-30,paper_passing_first_vehicle,46,46,18,28,1,0,1,1,1,6,24,0,1,1,0,5,0,,,,,,,,,,,1311.500000,
27.859171,1785212652.405756950,search_open_space,50,-30,-30,paper_passing_first_vehicle,42,42,16,26,1,0,1,1,1,7,25,0,1,1,0,5,0,,,,,,,,,,,1309.750000,
27.948258,1785212652.405756950,search_open_space,50,-30,-30,paper_passing_first_vehicle,42,42,16,26,1,0,1,1,1,7,25,0,1,1,0,5,0,,,,,,,,,,,1309.750000,
28.042438,1785212652.518080950,search_open_space,50,-30,-30,paper_passing_first_vehicle,39,39,16,23,1,0,1,1,1,7,26,0,1,1,0,5,0,,,,,,,,,,,1309.750000,
28.130015,1785212652.628801107,search_open_space,50,-30,-30,paper_passing_first_vehicle,38,38,15,23,1,0,1,1,1,7,27,0,1,1,0,5,0,,,,,,,,,,,1313.000000,
28.218671,1785212652.741087914,search_open_space,50,-30,-30,paper_passing_first_vehicle,40,40,18,22,1,0,1,1,1,7,28,0,1,1,0,5,0,,,,,,,,,,,1313.000000,
28.308347,1785212652.854786158,search_open_space,50,-30,-30,paper_passing_first_vehicle,38,38,18,20,1,0,1,1,1,5,29,0,1,1,0,5,0,,,,,,,,,,,1310.250000,
28.396845,1785212652.854786158,search_open_space,50,-30,-30,paper_passing_first_vehicle,38,38,18,20,1,0,1,1,1,5,29,0,1,1,0,5,0,,,,,,,,,,,1310.250000,
28.483868,1785212652.966763973,search_open_space,50,-30,-30,paper_passing_first_vehicle,42,42,19,23,1,0,1,1,1,6,30,0,1,1,0,5,0,,,,,,,,,,,1315.500000,
28.578219,1785212653.077427864,search_open_space,50,-30,-30,paper_passing_first_vehicle,38,38,17,21,1,0,1,1,1,5,31,0,1,1,0,5,0,,,,,,,,,,,1317.750000,
28.667202,1785212653.188825130,search_open_space,50,-30,-30,paper_passing_first_vehicle,40,40,19,21,1,0,1,1,1,5,32,0,1,1,0,5,0,,,,,,,,,,,1314.250000,
28.756429,1785212653.304162025,search_open_space,50,-30,-30,paper_passing_first_vehicle,40,40,20,20,1,0,1,1,1,6,33,0,1,1,0,5,0,,,,,,,,,,,1324.750000,
28.844814,1785212653.304162025,search_open_space,50,-30,-30,paper_passing_first_vehicle,40,40,20,20,1,0,1,1,1,6,33,0,1,1,0,5,0,,,,,,,,,,,1324.750000,
28.934376,1785212653.415621042,search_open_space,50,-30,-30,paper_passing_first_vehicle,36,36,16,20,1,0,1,1,1,4,34,0,1,1,0,5,0,,,,,,,,,,,1316.750000,
29.023814,1785212653.526636124,search_open_space,50,-30,-30,paper_passing_first_vehicle,36,36,14,22,1,0,1,1,1,6,35,0,1,1,0,5,0,,,,,,,,,,,1324.500000,
29.117494,1785212653.637634039,search_open_space,50,-30,-30,paper_passing_first_vehicle,35,35,15,20,1,0,1,1,1,5,36,0,1,1,0,5,0,,,,,,,,,,,1326.750000,
29.205243,1785212653.749495983,search_open_space,50,-30,-30,paper_passing_first_vehicle,36,36,13,23,1,0,1,1,1,6,37,0,1,1,0,5,0,,,,,,,,,,,1317.000000,
29.293991,1785212653.749495983,search_open_space,50,-30,-30,paper_passing_first_vehicle,36,36,13,23,1,0,1,1,1,6,37,0,1,1,0,5,0,,,,,,,,,,,1317.000000,
29.383256,1785212653.863664150,search_open_space,50,-30,-30,paper_passing_first_vehicle,32,32,11,21,1,0,1,1,1,5,38,0,1,1,0,5,0,,,,,,,,,,,1325.750000,
29.472420,1785212653.975301981,search_open_space,50,-30,-30,paper_passing_first_vehicle,42,42,17,25,1,0,1,1,1,5,39,0,1,1,0,5,0,,,,,,,,,,,1331.000000,
29.561134,1785212654.086789131,search_open_space,50,-30,-30,paper_passing_first_vehicle,33,33,15,18,1,0,1,1,1,5,40,0,1,1,0,5,0,,,,,,,,,,,1331.750000,
29.654164,1785212654.198421955,search_open_space,50,-30,-30,paper_passing_first_vehicle,39,39,19,20,1,0,1,1,1,5,41,0,1,1,0,5,0,,,,,,,,,,,1337.000000,
29.742479,1785212654.198421955,search_open_space,50,-30,-30,paper_passing_first_vehicle,39,39,19,20,1,0,1,1,1,5,41,0,1,1,0,5,0,,,,,,,,,,,1337.000000,
29.830839,1785212654.312101126,search_open_space,50,-30,-30,paper_passing_first_vehicle,37,37,15,22,1,0,1,1,1,4,42,0,1,1,0,5,0,,,,,,,,,,,1329.500000,
29.919024,1785212654.424118996,search_open_space,50,-30,-30,paper_passing_first_vehicle,34,34,16,18,1,0,1,1,1,3,43,0,1,1,0,5,0,,,,,,,,,,,1337.000000,
30.007488,1785212654.536035061,search_open_space,50,-30,-30,paper_passing_first_vehicle,31,31,14,17,1,0,1,1,1,3,44,0,1,1,0,5,0,,,,,,,,,,,1337.250000,
30.096455,1785212654.646301985,search_open_space,50,-30,-30,paper_passing_first_vehicle,37,37,18,19,1,0,1,1,1,3,45,0,1,1,0,5,0,,,,,,,,,,,1348.750000,
30.189411,1785212654.646301985,search_open_space,50,-30,-30,paper_passing_first_vehicle,37,37,18,19,1,0,1,1,1,3,45,0,1,1,0,5,0,,,,,,,,,,,1348.750000,
30.276877,1785212654.758271933,search_open_space,50,-30,-30,paper_passing_first_vehicle,28,28,10,18,1,0,1,1,0,0,0,1,1,1,0,5,0,,,,,,,,,,,1347.000000,
30.365709,1785212654.872790098,search_open_space,50,-30,-30,paper_passing_first_vehicle,30,30,13,17,1,0,1,1,1,3,1,0,1,1,0,5,0,,,,,,,,,,,1355.500000,
30.453635,1785212654.984346867,search_open_space,50,-30,-30,paper_passing_first_vehicle,29,29,14,15,1,0,1,1,0,0,0,1,1,1,0,5,0,,,,,,,,,,,1355.500000,
30.541761,1785212655.095069885,search_open_space,50,-30,-30,paper_passing_first_vehicle,26,26,11,15,1,0,1,1,0,0,0,2,1,1,0,5,0,,,,,,,,,,,1361.750000,
30.629698,1785212655.095069885,search_open_space,50,-30,-30,paper_passing_first_vehicle,26,26,11,15,1,0,1,1,0,0,0,2,1,1,0,5,0,,,,,,,,,,,1361.750000,
30.722185,1785212655.206149817,search_second_car,50,-30,-30,paper_search_second_vehicle,29,29,11,18,1,0,1,0,0,0,0,3,1,1,0,5,0,,,,,,,,,,,1380.000000,
30.810838,1785212655.320744991,search_second_car,50,-30,-30,paper_search_second_vehicle,31,31,12,19,1,0,1,0,1,4,1,0,1,1,0,5,0,,,,,,,,,,,1359.500000,
30.899149,1785212655.432734966,search_second_car,50,-30,-30,paper_search_second_vehicle,26,26,10,16,1,0,1,0,0,0,0,1,1,1,0,5,0,,,,,,,,,,,1373.750000,
30.987200,1785212655.543893099,search_second_car,50,-30,-30,paper_search_second_vehicle,26,26,11,15,1,0,1,0,0,0,0,2,1,1,0,5,0,,,,,,,,,,,1377.000000,
31.076048,1785212655.543893099,search_second_car,50,-30,-30,paper_search_second_vehicle,26,26,11,15,1,0,1,0,0,0,0,2,1,1,0,5,0,,,,,,,,,,,1377.000000,
31.164938,1785212655.655095100,search_second_car,50,-30,-30,paper_search_second_vehicle,27,27,11,16,1,0,1,0,0,0,0,3,1,1,0,5,0,,,,,,,,,,,,
31.258468,1785212655.769824982,search_second_car,50,-30,-30,paper_search_second_vehicle,27,27,11,16,1,0,1,0,0,0,0,4,1,1,0,5,0,,,,,,,,,,,,
31.346398,1785212655.881428957,search_second_car,50,-30,-30,paper_search_second_vehicle,36,36,11,25,1,0,1,0,0,0,0,5,1,1,0,5,0,,,,,,,,,,,1404.250000,
31.434592,1785212655.993063927,search_second_car,50,-30,-30,paper_search_second_vehicle,27,27,10,17,1,0,1,0,0,0,0,6,1,1,0,5,0,,,,,,,,,,,,
31.523006,1785212655.993063927,search_second_car,50,-30,-30,paper_search_second_vehicle,27,27,10,17,1,0,1,0,0,0,0,6,1,1,0,5,0,,,,,,,,,,,,
31.610591,1785212656.103920937,search_second_car,50,-30,-30,paper_search_second_vehicle,27,27,10,17,1,0,1,0,0,0,0,7,1,1,0,5,0,,,,,,,,,,,1456.750000,
31.699634,1785212656.218168020,search_second_car,50,-30,-30,paper_search_second_vehicle,28,28,9,19,1,0,1,0,0,0,0,8,1,1,0,5,0,,,,,,,,,,,1445.000000,
31.793282,1785212656.329673052,search_second_car,50,-30,-30,paper_search_second_vehicle,27,27,10,17,1,0,1,0,0,0,0,9,1,1,0,5,0,,,,,,,,,,,,
31.881538,1785212656.441302061,search_second_car,50,-30,-30,paper_search_second_vehicle,29,29,11,18,1,0,1,0,0,0,0,10,1,1,0,5,0,,,,,,,,,,,1467.000000,
31.970219,1785212656.441302061,search_second_car,50,-30,-30,paper_search_second_vehicle,29,29,11,18,1,0,1,0,0,0,0,10,1,1,0,5,0,,,,,,,,,,,1467.000000,
32.058990,1785212656.553292990,search_second_car,50,-30,-30,paper_search_second_vehicle,31,31,13,18,2,0,1,0,0,0,0,11,1,1,0,5,0,,,,,,,,,,,1677.500000,
32.147864,1785212656.667845964,search_second_car,50,-30,-30,paper_search_second_vehicle,32,32,15,17,2,0,1,0,0,0,0,12,1,1,0,5,0,,,,,,,,,,,,
32.236848,1785212656.779026031,search_second_car,50,-30,-30,paper_search_second_vehicle,33,33,13,20,1,0,1,0,0,0,0,13,1,1,0,5,0,,,,,,,,,,,,
32.330686,1785212656.890246868,search_second_car,50,-30,-30,paper_search_second_vehicle,29,29,12,17,2,0,1,0,0,0,0,14,1,1,0,5,0,,,,,,,,,,,1743.750000,
32.419777,1785212656.890246868,search_second_car,50,-30,-30,paper_search_second_vehicle,29,29,12,17,2,0,1,0,0,0,0,14,1,1,0,5,0,,,,,,,,,,,1743.750000,
32.508330,1785212657.001118898,search_second_car,50,-30,-30,paper_search_second_vehicle,27,27,12,15,1,0,1,0,0,0,0,15,1,1,0,5,0,,,,,,,,,,,,
32.596488,1785212657.115928173,search_second_car,50,-30,-30,paper_search_second_vehicle,27,27,9,18,1,0,1,0,0,0,0,16,1,1,0,5,0,,,,,,,,,,,1757.500000,
32.684961,1785212657.227291822,search_second_car,50,-30,-30,paper_search_second_vehicle,30,30,11,19,1,0,1,0,0,0,0,17,1,1,0,5,0,,,,,,,,,,,,
32.773910,1785212657.338374853,search_second_car,50,-30,-30,paper_search_second_vehicle,36,36,15,21,2,0,1,0,0,0,0,18,1,1,0,5,0,,,,,,,,,,,1774.500000,
32.867366,1785212657.338374853,search_second_car,50,-30,-30,paper_search_second_vehicle,36,36,15,21,2,0,1,0,0,0,0,18,1,1,0,5,0,,,,,,,,,,,1774.500000,
32.955682,1785212657.450170994,search_second_car,50,-30,-30,paper_search_second_vehicle,34,34,12,22,1,0,1,0,0,0,0,19,1,1,0,5,0,,,,,,,,,,,,
33.044350,1785212657.564589024,search_second_car,50,-30,-30,paper_search_second_vehicle,32,32,12,20,1,0,1,0,0,0,0,20,1,1,0,5,0,,,,,,,,,,,,
33.132199,1785212657.676310062,search_second_car,50,-30,-30,paper_search_second_vehicle,32,32,12,20,2,0,1,0,0,0,0,21,1,0,0,5,0,,,,,,,,,,,,
33.220494,1785212657.676310062,search_second_car,50,-30,-30,paper_search_second_vehicle,32,32,12,20,2,0,1,0,0,0,0,21,1,0,0,5,0,,,,,,,,,,,,
33.309834,1785212657.787910938,search_second_car,50,-30,-30,paper_search_second_vehicle,32,32,13,19,2,0,1,0,0,0,0,22,1,1,0,5,0,,,,,,,,,,,,
33.403254,1785212657.899269104,search_second_car,50,-30,-30,paper_search_second_vehicle,32,32,14,18,2,0,1,0,0,0,0,23,1,0,0,5,0,,,,,,,,,,,,
33.491694,1785212658.013434887,search_second_car,50,-30,-30,paper_search_second_vehicle,36,36,14,22,2,0,1,0,0,0,0,24,1,0,0,5,0,,,,,,,,,,,,
33.580167,1785212658.125263929,search_second_car,50,-30,-30,paper_search_second_vehicle,35,35,13,22,2,0,1,0,0,0,0,25,1,0,0,5,0,,,,,,,,,,,,
33.668285,1785212658.125263929,search_second_car,50,-30,-30,paper_search_second_vehicle,35,35,13,22,2,0,1,0,0,0,0,25,1,0,0,5,0,,,,,,,,,,,,
33.757097,1785212658.236312151,search_second_car,50,-30,-30,paper_search_second_vehicle,30,30,12,18,2,0,1,0,0,0,0,26,1,0,0,5,0,,,,,,,,,,,,
33.845354,1785212658.347640038,search_second_car,50,-30,-30,paper_search_second_vehicle,33,33,13,20,2,0,1,0,0,0,0,27,1,0,0,5,0,,,,,,,,,,,,
33.938910,1785212658.459452868,search_second_car,50,-30,-30,paper_search_second_vehicle,31,31,10,21,2,0,1,0,0,0,0,28,1,0,0,5,0,,,,,,,,,,,,
34.027284,1785212658.573482037,search_second_car,50,-30,-30,paper_search_second_vehicle,36,36,12,24,2,0,1,0,0,0,0,29,1,0,0,5,0,,,,,,,,,,,,
34.115307,1785212658.573482037,search_second_car,50,-30,-30,paper_search_second_vehicle,36,36,12,24,2,0,1,0,0,0,0,29,1,0,0,5,0,,,,,,,,,,,,
34.204389,1785212658.685174942,search_second_car,50,-30,-30,paper_search_second_vehicle,34,34,15,19,2,0,1,0,0,0,0,30,1,0,0,5,0,,,,,,,,,,,,
34.293162,1785212658.796382904,search_second_car,50,-30,-30,paper_search_second_vehicle,36,36,12,24,2,0,1,0,0,0,0,31,1,0,0,5,0,,,,,,,,,,,,
34.381422,1785212658.907820940,search_second_car,50,-30,-30,paper_search_second_vehicle,38,38,15,23,2,0,1,0,0,0,0,32,1,0,0,5,0,,,,,,,,,,,,
34.474762,1785212659.022679090,search_second_car,50,-30,-30,paper_search_second_vehicle,35,35,10,25,2,0,1,0,0,0,0,33,1,0,0,5,0,,,,,,,,,,,,
34.562222,1785212659.022679090,search_second_car,50,-30,-30,paper_search_second_vehicle,35,35,10,25,2,0,1,0,0,0,0,33,1,0,0,5,0,,,,,,,,,,,,
34.651013,1785212659.135034084,search_second_car,50,-30,-30,paper_search_second_vehicle,37,37,14,23,2,0,1,0,0,0,0,34,1,0,0,5,0,,,,,,,,,,,,
34.739563,1785212659.244488955,search_second_car,50,-30,-30,paper_search_second_vehicle,40,40,14,26,2,0,1,0,0,0,0,35,1,0,0,5,0,,,,,,,,,,,,
34.828594,1785212659.357975960,search_second_car,50,-30,-30,paper_search_second_vehicle,36,36,14,22,2,0,1,0,0,0,0,36,1,0,0,5,0,,,,,,,,,,,,
34.917242,1785212659.467916965,search_second_car,50,-30,-30,paper_search_second_vehicle,32,32,13,19,2,0,1,0,0,0,0,37,1,0,0,5,0,,,,,,,,,,,,
35.010872,1785212659.467916965,search_second_car,50,-30,-30,paper_search_second_vehicle,32,32,13,19,2,0,1,0,0,0,0,37,1,0,0,5,0,,,,,,,,,,,,
35.099309,1785212659.583411932,search_second_car,50,-30,-30,paper_search_second_vehicle,31,31,11,20,2,0,1,0,0,0,0,38,1,0,0,5,0,,,,,,,,,,,,
35.187871,1785212659.693884850,search_second_car,50,-30,-30,paper_search_second_vehicle,26,26,11,15,2,0,1,0,0,0,0,39,1,0,0,5,0,,,,,,,,,,,,
35.276588,1785212659.804630995,search_second_car,50,-30,-30,paper_search_second_vehicle,26,26,12,14,2,0,1,0,0,0,0,40,1,0,0,5,0,,,,,,,,,,,,
35.364507,1785212659.916442871,search_second_car,50,-30,-30,paper_search_second_vehicle,34,34,13,21,2,0,1,0,0,0,0,41,1,0,0,5,0,,,,,,,,,,,,
35.453113,1785212659.916442871,search_second_car,50,-30,-30,paper_search_second_vehicle,34,34,13,21,2,0,1,0,0,0,0,41,1,0,0,5,0,,,,,,,,,,,,
35.547026,1785212660.030859947,search_second_car,50,-30,-30,paper_search_second_vehicle,28,28,13,15,2,0,1,0,0,0,0,42,1,0,0,5,0,,,,,,,,,,,,
35.635086,1785212660.142750978,search_second_car,50,-30,-30,paper_search_second_vehicle,22,22,11,11,2,0,1,0,0,0,0,43,1,0,0,5,0,,,,,,,,,,,,
35.723289,1785212660.254123926,search_second_car,50,-30,-30,paper_search_second_vehicle,28,28,11,17,2,0,1,0,0,0,0,44,1,0,0,5,0,,,,,,,,,,,,
35.811834,1785212660.365111113,search_second_car,50,-30,-30,paper_search_second_vehicle,29,29,9,20,1,0,1,0,0,0,0,45,1,0,0,5,0,,,,,,,,,,,,
35.900401,1785212660.365111113,search_second_car,50,-30,-30,paper_search_second_vehicle,29,29,9,20,1,0,1,0,0,0,0,45,1,0,0,5,0,,,,,,,,,,,,
35.988903,1785212660.479361057,search_second_car,50,-30,-30,paper_search_second_vehicle,28,28,12,16,1,0,1,0,0,0,0,46,1,0,0,5,0,,,,,,,,,,,,
36.082768,1785212660.591367960,search_second_car,50,-30,-30,paper_search_second_vehicle,29,29,13,16,1,0,1,0,0,0,0,47,1,0,0,5,0,,,,,,,,,,,,
36.170937,1785212660.701820850,search_second_car,50,-30,-30,paper_search_second_vehicle,25,25,9,16,2,0,1,0,0,0,0,48,1,0,0,5,0,,,,,,,,,,,,
36.259004,1785212660.813511848,search_second_car,50,-30,-30,paper_search_second_vehicle,27,27,11,16,2,0,1,0,0,0,0,49,1,0,0,5,0,,,,,,,,,,,,
36.346999,1785212660.813511848,search_second_car,50,-30,-30,paper_search_second_vehicle,27,27,11,16,2,0,1,0,0,0,0,49,1,0,0,5,0,,,,,,,,,,,,
36.435486,1785212660.924762011,search_second_car,50,-30,-30,paper_search_second_vehicle,28,28,11,17,1,0,1,0,0,0,0,50,1,0,0,5,0,,,,,,,,,,,,
36.524294,1785212661.039210081,search_second_car,50,-30,-30,paper_search_second_vehicle,31,31,11,20,2,0,1,0,0,0,0,51,1,0,0,5,0,,,,,,,,,,,,
36.617238,1785212661.150907993,search_second_car,50,-30,-30,paper_search_second_vehicle,21,21,9,12,2,0,1,0,0,0,0,52,1,0,0,5,0,,,,,,,,,,,,
36.704448,1785212661.262750864,search_second_car,50,-30,-30,paper_search_second_vehicle,24,24,12,12,2,0,1,0,0,0,0,53,1,0,0,5,0,,,,,,,,,,,,
36.792547,1785212661.262750864,search_second_car,50,-30,-30,paper_search_second_vehicle,24,24,12,12,2,0,1,0,0,0,0,53,1,0,0,5,0,,,,,,,,,,,,
36.880445,1785212661.374217987,search_second_car,50,-30,-30,paper_search_second_vehicle,28,28,10,18,2,0,1,0,0,0,0,54,1,0,0,5,0,,,,,,,,,,,,
36.969157,1785212661.487963915,search_second_car,50,-30,-30,paper_search_second_vehicle,26,26,9,17,2,0,1,0,0,0,0,55,1,0,0,5,0,,,,,,,,,,,,
37.057653,1785212661.599968910,search_second_car,50,-30,-30,paper_search_second_vehicle,30,30,10,20,2,0,1,0,0,0,0,56,1,0,0,5,0,,,,,,,,,,,,
37.150794,1785212661.711247921,search_second_car,50,-30,-30,paper_search_second_vehicle,26,26,8,18,2,0,1,0,0,0,0,57,1,0,0,5,0,,,,,,,,,,,,
37.238851,1785212661.711247921,search_second_car,50,-30,-30,paper_search_second_vehicle,26,26,8,18,2,0,1,0,0,0,0,57,1,0,0,5,0,,,,,,,,,,,,
37.326385,1785212661.822917223,search_second_car,50,-30,-30,paper_search_second_vehicle,26,26,11,15,2,0,1,0,0,0,0,58,1,0,0,5,0,,,,,,,,,,,,
37.414534,1785212661.936668873,search_second_car,50,-30,-30,paper_search_second_vehicle,28,28,12,16,2,0,1,0,0,0,0,59,1,0,0,5,0,,,,,,,,,,,,
37.502659,1785212662.049196959,search_second_car,50,-30,-30,paper_search_second_vehicle,28,28,12,16,2,0,1,0,0,0,0,60,1,0,0,5,0,,,,,,,,,,,,
37.588495,1785212662.049196959,search_second_car,50,-30,-30,paper_search_second_vehicle,28,28,12,16,2,0,1,0,0,0,0,60,1,0,0,5,0,,,,,,,,,,,,
37.682607,1785212662.160904884,search_second_car,50,-30,-30,paper_search_second_vehicle,27,27,13,14,3,0,1,0,0,0,0,61,1,0,0,5,0,,,,,,,,,,,,
37.771013,1785212662.271748066,search_second_car,50,-30,-30,paper_search_second_vehicle,23,23,10,13,2,0,1,0,0,0,0,62,1,0,0,5,0,,,,,,,,,,,,
37.859753,1785212662.383255959,search_second_car,50,-30,-30,paper_search_second_vehicle,27,27,8,19,2,0,1,0,0,0,0,63,1,0,0,5,0,,,,,,,,,,,,
37.947562,1785212662.496914864,search_second_car,50,-30,-30,paper_search_second_vehicle,24,24,11,13,3,0,1,0,0,0,0,64,1,0,0,5,0,,,,,,,,,,,,
38.035496,1785212662.496914864,search_second_car,50,-30,-30,paper_search_second_vehicle,24,24,11,13,3,0,1,0,0,0,0,64,1,0,0,5,0,,,,,,,,,,,,
38.123844,1785212662.608110189,search_second_car,50,-30,-30,paper_search_second_vehicle,26,26,11,15,1,0,1,0,0,0,0,65,1,0,0,5,0,,,,,,,,,,,,
38.216439,1785212662.719781160,search_second_car,50,-30,-30,paper_search_second_vehicle,25,25,8,17,1,0,1,0,0,0,0,66,1,0,0,5,0,,,,,,,,,,,,
38.305188,1785212662.833294153,search_second_car,50,-30,-30,paper_search_second_vehicle,30,30,13,17,1,0,1,0,0,0,0,67,1,0,0,5,0,,,,,,,,,,,,
38.393278,1785212662.945781946,search_second_car,50,-30,-30,paper_search_second_vehicle,25,25,10,15,1,0,1,0,0,0,0,68,1,0,0,5,0,,,,,,,,,,,,
38.481678,1785212662.945781946,search_second_car,50,-30,-30,paper_search_second_vehicle,25,25,10,15,1,0,1,0,0,0,0,68,1,0,0,5,0,,,,,,,,,,,,
38.570728,1785212663.056888103,search_second_car,50,-30,-30,paper_search_second_vehicle,24,24,10,14,1,0,1,0,0,0,0,69,1,0,0,5,0,,,,,,,,,,,,
38.659517,1785212663.169295788,search_second_car,50,-30,-30,paper_search_second_vehicle,29,29,13,16,1,0,1,0,0,0,0,70,1,1,0,5,0,,,,,,,,,,,,
38.753879,1785212663.282032967,search_second_car,50,-30,-30,paper_search_second_vehicle,33,33,12,21,1,0,1,0,0,0,0,71,1,1,0,5,0,,,,,,,,,,,,
38.842457,1785212663.393998146,search_second_car,50,-30,-30,paper_search_second_vehicle,22,22,9,13,2,1,1,0,0,0,0,72,1,1,0,5,1,51.671875,99.187500,75.429688,2379.250000,1308.250000,,,,,,1308.250000,
38.931231,1785212663.393998146,search_second_car,50,-30,-30,paper_search_second_vehicle,22,22,9,13,2,1,1,0,0,0,0,72,1,1,0,5,1,51.671875,99.187500,75.429688,2379.250000,1308.250000,,,,,,1308.250000,
39.021009,1785212663.505460978,search_second_car,50,-30,-30,paper_search_second_vehicle,30,30,10,20,2,1,1,0,0,0,0,73,1,1,0,5,1,51.671875,97.953125,74.812500,2379.250000,1310.750000,,,,,,1299.500000,
39.109042,1785212663.617171049,search_second_car,50,-30,-30,paper_search_second_vehicle,27,27,13,14,2,1,1,0,0,0,0,74,1,1,0,5,1,51.671875,97.953125,74.812500,2379.250000,1310.750000,,,,,,1297.000000,
39.198088,1785212663.729308844,search_second_car,50,-30,-30,paper_search_second_vehicle,30,30,12,18,2,1,1,0,1,3,1,0,1,1,0,5,1,51.671875,96.593750,74.132812,2379.250000,1305.500000,,,,,,1290.000000,
39.292956,1785212663.843348026,prealign_left,50,-150,-30,figure7_second_vehicle_left_forward,28,28,11,17,2,1,2,1,1,3,2,0,2,1,0,5,1,50.812500,96.593750,73.703125,2390.000000,1305.500000,,,,,,1286.000000,
39.381938,1785212663.843348026,prealign_left,50,-150,-30,figure7_t_entry_left bisector=73.7 target<=55.0 nextEq5=+7.00 confirm=0/3,28,28,11,17,2,1,2,1,1,3,2,0,2,1,0,5,1,50.812500,96.593750,73.703125,2390.000000,1305.500000,,,,,,1286.000000,
39.471603,1785212663.954571009,prealign_left,50,-150,-30,figure7_t_entry_left bisector=73.0 target<=55.0 nextEq5=+7.00 confirm=0/3,30,30,13,17,2,1,2,1,1,4,3,0,2,1,0,5,1,50.812500,95.093750,72.953125,2390.000000,1300.000000,,,,,,1278.000000,
39.561506,1785212664.066502810,prealign_left,50,-150,-30,figure7_t_entry_left bisector=72.3 target<=55.0 nextEq5=+7.00 confirm=0/3,25,25,11,14,2,1,2,1,1,4,4,0,2,1,0,5,1,49.546875,95.093750,72.320312,2429.000000,1300.000000,,,,,,1273.250000,
39.649874,1785212664.178078890,prealign_left,50,-150,-30,figure7_t_entry_left bisector=71.8 target<=55.0 nextEq5=+7.00 confirm=0/3,29,29,13,16,2,1,2,1,1,4,5,0,2,1,0,5,1,49.546875,94.000000,71.773438,2429.000000,1284.750000,,,,,,1268.750000,
39.739009,1785212664.288420200,prealign_left,50,-150,-30,figure7_t_entry_left bisector=70.2 target<=55.0 nextEq5=+7.00 confirm=0/3,31,31,12,19,2,1,2,1,1,6,6,0,2,1,0,5,1,49.546875,90.812500,70.179688,2429.000000,1314.750000,,,,,,1267.000000,
39.832689,1785212664.288420200,prealign_left,50,-150,-30,figure7_t_entry_left bisector=70.2 target<=55.0 nextEq5=+7.00 confirm=0/3,31,31,12,19,2,1,2,1,1,6,6,0,2,1,0,5,1,49.546875,90.812500,70.179688,2429.000000,1314.750000,,,,,,1267.000000,
39.922373,1785212664.403727770,prealign_left,50,-150,-30,figure7_t_entry_left bisector=70.2 target<=55.0 nextEq5=+7.00 confirm=0/3,27,27,11,16,2,1,2,1,1,6,7,0,2,1,0,5,1,49.546875,90.812500,70.179688,2429.000000,1314.750000,,,,,,1260.500000,
40.010313,1785212664.514659166,prealign_left,50,-150,-30,figure7_t_entry_left bisector=69.7 target<=55.0 nextEq5=+7.00 confirm=0/3,29,29,9,20,2,1,2,1,1,6,8,0,2,1,0,5,1,48.593750,90.812500,69.703125,2447.500000,1314.750000,,,,,,1255.500000,
40.098975,1785212664.625931025,prealign_left,50,-150,-30,figure7_t_entry_left bisector=69.3 target<=55.0 nextEq5=+7.00 confirm=0/3,23,23,7,16,2,1,2,1,1,6,9,0,2,1,0,5,1,48.593750,89.937500,69.265625,2447.500000,1264.250000,,,,,,1250.250000,
40.188833,1785212664.738034010,prealign_left,50,-150,-30,figure7_t_entry_left bisector=67.9 target<=55.0 nextEq5=+7.00 confirm=0/3,23,23,7,16,2,1,2,1,1,7,10,0,2,1,0,5,1,47.281250,88.421875,67.851562,2474.500000,1264.750000,,,,,,1247.000000,
40.279040,1785212664.738034010,prealign_left,50,-150,-30,figure7_t_entry_left bisector=67.9 target<=55.0 nextEq5=+7.00 confirm=0/3,23,23,7,16,2,1,2,1,1,7,10,0,2,1,0,5,1,47.281250,88.421875,67.851562,2474.500000,1264.750000,,,,,,1247.000000,
40.372693,1785212664.852068186,prealign_left,50,-150,-30,figure7_t_entry_left bisector=66.9 target<=55.0 nextEq5=+7.00 confirm=0/3,24,24,8,16,2,1,2,1,1,7,11,0,2,1,0,5,1,47.281250,86.578125,66.929688,2474.500000,1270.000000,,,,,,1242.500000,
40.461219,1785212664.963311195,prealign_left,50,-150,-30,figure7_t_entry_left bisector=66.1 target<=55.0 nextEq5=+7.00 confirm=0/3,27,27,8,19,3,1,2,1,1,7,12,0,2,1,0,5,1,45.796875,86.406250,66.101562,2455.000000,1254.000000,,,,,,1243.000000,
40.550033,1785212665.074531078,prealign_left,50,-150,-30,figure7_t_entry_left bisector=64.7 target<=55.0 nextEq5=+7.00 confirm=0/3,25,25,8,17,3,1,2,1,1,7,13,0,2,1,0,5,1,44.531250,84.781250,64.656250,2479.000000,1254.750000,,,,,,1238.500000,
40.637976,1785212665.185902119,prealign_left,50,-150,-30,figure7_t_entry_left bisector=64.0 target<=55.0 nextEq5=+7.00 confirm=0/3,24,24,6,18,2,1,2,1,1,8,14,0,2,1,0,5,1,44.531250,83.421875,63.976562,2479.000000,1257.250000,,,,,,1240.750000,
40.727444,1785212665.185902119,prealign_left,50,-150,-30,figure7_t_entry_left bisector=64.0 target<=55.0 nextEq5=+7.00 confirm=0/3,24,24,6,18,2,1,2,1,1,8,14,0,2,1,0,5,1,44.531250,83.421875,63.976562,2479.000000,1257.250000,,,,,,1240.750000,
40.817535,1785212665.300545931,prealign_left,50,-150,-30,figure7_t_entry_left bisector=62.3 target<=55.0 nextEq5=+7.00 confirm=0/3,21,21,8,13,2,1,2,1,1,7,15,0,2,1,0,5,1,42.718750,81.843750,62.281250,2531.000000,1261.750000,,,,,,1239.000000,
40.912225,1785212665.412333965,prealign_left,50,-150,-30,figure7_t_entry_left bisector=62.3 target<=55.0 nextEq5=+7.00 confirm=0/3,24,24,10,14,2,1,2,1,1,7,16,0,2,1,0,5,1,42.718750,81.796875,62.257812,2531.000000,1246.750000,,,,,,1238.750000,
41.000765,1785212665.523514032,prealign_left,50,-150,-30,figure7_t_entry_left bisector=61.4 target<=55.0 nextEq5=+7.00 confirm=0/3,23,23,8,15,2,1,2,1,1,7,17,0,2,1,0,5,1,42.718750,80.093750,61.406250,2531.000000,1250.250000,,,,,,1239.000000,
41.090496,1785212665.634728909,prealign_left,50,-150,-30,figure7_t_entry_left bisector=59.9 target<=55.0 nextEq5=+7.00 confirm=0/3,25,25,9,16,4,1,2,1,1,7,18,0,2,1,0,5,1,41.265625,78.484375,59.875000,2516.250000,1255.250000,,,,,,1237.250000,
41.179829,1785212665.634728909,prealign_left,50,-150,-30,figure7_t_entry_left bisector=59.9 target<=55.0 nextEq5=+7.00 confirm=0/3,25,25,9,16,4,1,2,1,1,7,18,0,2,1,0,5,1,41.265625,78.484375,59.875000,2516.250000,1255.250000,,,,,,1237.250000,
41.270144,1785212665.747056961,prealign_left,50,-150,-30,figure7_t_entry_left bisector=59.0 target<=55.0 nextEq5=+7.00 confirm=0/3,21,21,9,12,3,1,2,1,1,6,19,0,2,1,0,5,1,39.687500,78.390625,59.039062,2541.750000,1243.500000,,,,,,1236.000000,
41.359109,1785212665.861299038,prealign_left,50,-150,-30,figure7_t_entry_left bisector=58.2 target<=55.0 nextEq5=+7.00 confirm=0/3,22,22,11,11,3,1,2,1,1,6,20,0,2,1,0,5,1,39.687500,76.640625,58.164062,2541.750000,1247.000000,,,,,,1236.250000,
41.453100,1785212665.971897125,prealign_left,50,-150,-30,figure7_t_entry_left bisector=57.3 target<=55.0 nextEq5=+7.00 confirm=0/3,24,24,10,14,2,1,2,1,1,7,21,0,2,1,0,5,1,39.578125,75.000000,57.289062,2570.750000,1255.000000,,,,,,1234.000000,
41.543210,1785212666.083033085,prealign_left,50,-150,-30,figure7_t_entry_left bisector=55.7 target<=55.0 nextEq5=+7.00 confirm=0/3,18,18,8,10,2,1,2,1,1,6,22,0,2,1,0,5,1,37.937500,73.484375,55.710938,2557.500000,1263.000000,,,,,,1237.000000,
41.632763,1785212666.194740057,prealign_left,50,-150,-30,figure7_t_entry_left bisector=55.7 target<=55.0 nextEq5=+7.00 confirm=0/3,21,21,8,13,3,1,2,1,1,6,23,0,2,1,0,5,1,37.906250,73.484375,55.695312,2591.750000,1263.000000,,,,,,1240.250000,
41.722139,1785212666.194740057,prealign_left,50,-150,-30,figure7_t_entry_left bisector=55.7 target<=55.0 nextEq5=+7.00 confirm=0/3,21,21,8,13,3,1,2,1,1,6,23,0,2,1,0,5,1,37.906250,73.484375,55.695312,2591.750000,1263.000000,,,,,,1240.250000,
41.811943,1785212666.309274912,prealign_left,50,-150,-30,figure7_t_entry_left bisector=54.9 target<=55.0 nextEq5=+7.00 confirm=2/3,18,18,7,11,2,1,2,1,1,6,24,0,2,1,0,5,1,36.265625,73.484375,54.875000,2605.500000,1263.000000,,,,,,1234.000000,
41.901063,1785212666.420632124,reverse_align,-80,120,-30,eq5_reverse bisector=+53.4 biasAB=+1346 paperSteer=+7.00,16,16,5,11,2,1,2,1,1,6,25,0,2,1,0,5,1,36.265625,70.468750,53.367188,2605.500000,1259.500000,1346.000000,-7.000000,35.227811,7.000000,,1239.250000,
41.994890,1785212666.532591105,reverse_align,-80,120,-30,eq5_reverse bisector=+51.8 biasAB=+1360 paperSteer=+7.00,17,17,6,11,2,1,2,1,1,5,26,0,2,1,0,5,1,34.796875,68.796875,51.796875,2630.250000,1269.750000,1360.500000,-7.000000,35.990894,7.000000,,1241.000000,
42.082842,1785212666.643615007,reverse_align,-80,120,-30,eq5_reverse bisector=+51.7 biasAB=+1367 paperSteer=+7.00,18,18,6,12,2,1,2,1,1,4,27,0,2,1,0,5,1,34.796875,68.609375,51.703125,2630.250000,1263.500000,1366.750000,-7.000000,36.322330,7.000000,,1243.000000,
42.170530,1785212666.643615007,reverse_align,-80,120,-30,eq5_reverse bisector=+51.7 biasAB=+1367 paperSteer=+7.00,18,18,6,12,2,1,2,1,1,4,27,0,2,1,0,5,1,34.796875,68.609375,51.703125,2630.250000,1263.500000,1366.750000,-7.000000,36.322330,7.000000,,1243.000000,
42.259337,1785212666.755053997,reverse_align,-80,120,-30,eq5_reverse bisector=+51.0 biasAB=+1386 paperSteer=+7.00,10,10,2,8,2,1,2,1,1,3,28,0,2,1,0,5,1,33.437500,68.609375,51.023438,2649.250000,1263.500000,1385.750000,-7.000000,37.339226,7.000000,,1235.500000,
42.348398,1785212666.869280100,reverse_align,-80,120,-30,eq5_reverse bisector=+51.0 biasAB=+1386 paperSteer=+7.00,16,16,5,11,2,1,2,1,1,6,29,0,2,1,0,5,1,33.437500,68.609375,51.023438,2649.250000,1263.500000,1385.750000,-7.000000,37.339226,7.000000,,1231.500000,
42.437850,1785212666.981297970,reverse_align,-80,120,-30,eq5_reverse bisector=+51.0 biasAB=+1418 paperSteer=+7.00,18,18,6,12,2,1,2,1,1,7,30,0,2,1,0,5,1,33.312500,68.609375,50.960938,2682.000000,1263.500000,1418.500000,-7.000000,39.124988,7.000000,,1222.500000,
42.532749,1785212667.091964960,reverse_align,-80,120,-30,eq5_reverse bisector=+50.5 biasAB=+1320 paperSteer=+7.00,19,19,7,12,2,1,2,1,1,7,31,0,2,1,0,5,1,32.421875,68.609375,50.515625,2583.750000,1263.500000,1320.250000,-7.000000,33.892835,7.000000,,1222.500000,
42.620764,1785212667.091964960,reverse_align,-80,120,-30,eq5_reverse bisector=+50.5 biasAB=+1320 paperSteer=+7.00,19,19,7,12,2,1,2,1,1,7,31,0,2,1,0,5,1,32.421875,68.609375,50.515625,2583.750000,1263.500000,1320.250000,-7.000000,33.892835,7.000000,,1222.500000,
42.710268,1785212667.203907013,reverse_align,-80,120,-30,eq5_reverse bisector=+50.8 biasAB=+1325 paperSteer=+7.00,22,22,8,14,3,1,2,1,1,7,32,0,2,1,0,5,1,32.421875,69.265625,50.843750,2583.750000,1259.000000,1324.750000,-7.000000,34.124272,7.000000,,1212.750000,
42.800385,1785212667.317967176,reverse_align,-80,120,-30,eq5_reverse bisector=+51.9 biasAB=+1284 paperSteer=+7.00,21,21,8,13,2,1,2,1,1,6,33,0,2,1,0,5,1,32.468750,71.328125,51.898438,2535.500000,1251.500000,1284.000000,-7.000000,32.057200,7.000000,,1207.500000,
42.888952,1785212667.430485964,reverse_align,-80,120,-30,eq5_reverse bisector=+51.9 biasAB=+1282 paperSteer=+7.00,20,20,7,13,2,1,2,1,1,7,34,0,2,1,0,5,1,32.546875,71.328125,51.937500,2533.500000,1251.500000,1282.000000,-7.000000,31.957411,7.000000,,1198.250000,
42.978384,1785212667.540502071,reverse_align,-80,120,-30,eq5_reverse bisector=+52.6 biasAB=+1304 paperSteer=+7.00,19,19,9,10,2,1,2,1,1,7,35,0,2,1,0,5,1,32.546875,72.750000,52.648438,2533.500000,1229.500000,1304.000000,-7.000000,33.063644,7.000000,,1199.000000,
43.073766,1785212667.540502071,reverse_align,-80,120,-30,eq5_reverse bisector=+52.6 biasAB=+1304 paperSteer=+7.00,19,19,9,10,2,1,2,1,1,7,35,0,2,1,0,5,1,32.546875,72.750000,52.648438,2533.500000,1229.500000,1304.000000,-7.000000,33.063644,7.000000,,1199.000000,
43.162514,1785212667.651972055,reverse_align,-80,120,-30,eq5_reverse bisector=+52.6 biasAB=+1300 paperSteer=+7.00,22,22,9,13,2,1,2,1,1,7,36,0,2,1,0,5,1,32.546875,72.750000,52.648438,2533.500000,1233.250000,1300.250000,-7.000000,32.873751,7.000000,,1183.250000,
43.252004,1785212667.763888836,reverse_align,-80,120,-30,eq5_reverse bisector=+53.3 biasAB=+1292 paperSteer=+7.00,16,16,5,11,2,1,2,1,1,6,37,0,2,1,0,5,1,33.734375,72.843750,53.289062,2518.500000,1227.000000,1291.500000,-7.000000,32.432794,7.000000,,1185.250000,
43.341478,1785212667.878710032,reverse_align,-80,120,-30,eq5_reverse bisector=+54.1 biasAB=+1310 paperSteer=+7.00,24,24,10,14,2,1,2,1,1,7,38,0,2,1,0,5,1,33.734375,74.515625,54.125000,2518.500000,1208.250000,1310.250000,-7.000000,33.381348,7.000000,,1176.750000,
43.430889,1785212667.989674091,reverse_align,-80,120,-30,eq5_reverse bisector=+54.1 biasAB=+1310 paperSteer=+7.00,22,22,7,15,2,1,2,1,1,7,39,0,2,1,0,5,1,33.734375,74.515625,54.125000,2518.500000,1208.250000,1310.250000,-7.000000,33.381348,7.000000,,1173.000000,
43.519946,1785212667.989674091,reverse_align,-80,120,-30,eq5_reverse bisector=+54.1 biasAB=+1310 paperSteer=+7.00,22,22,7,15,2,1,2,1,1,7,39,0,2,1,0,5,1,33.734375,74.515625,54.125000,2518.500000,1208.250000,1310.250000,-7.000000,33.381348,7.000000,,1173.000000,
43.611030,1785212668.100852966,reverse_align,-80,120,-30,eq5_reverse bisector=+54.8 biasAB=+1314 paperSteer=+7.00,21,21,9,12,2,1,2,1,1,7,40,0,2,1,0,5,1,33.734375,75.796875,54.765625,2518.500000,1204.500000,1314.000000,-7.000000,33.572700,7.000000,,1165.500000,
43.700473,1785212668.212591171,reverse_align,-80,120,-30,eq5_reverse bisector=+54.8 biasAB=+1314 paperSteer=+7.00,27,27,11,16,2,1,2,1,1,8,41,0,2,1,0,5,1,33.734375,75.796875,54.765625,2518.500000,1204.500000,1314.000000,-7.000000,33.572700,7.000000,,1159.750000,
43.790202,1785212668.327559948,reverse_align,-80,120,-30,eq5_reverse bisector=+54.7 biasAB=+1282 paperSteer=+7.00,19,19,8,11,2,1,2,1,1,6,42,0,2,1,0,5,1,33.593750,75.796875,54.695312,2486.250000,1204.500000,1281.750000,-7.000000,31.944948,7.000000,,1157.500000,
43.879264,1785212668.439001083,reverse_align,-80,120,-30,eq5_reverse bisector=+53.7 biasAB=+1158 paperSteer=+7.00,21,21,8,13,2,1,2,1,1,7,43,0,2,1,0,5,1,31.562500,75.796875,53.679688,2362.250000,1204.500000,1157.750000,-7.000000,26.063043,7.000000,,1150.500000,
43.969088,1785212668.439001083,reverse_align,-80,120,-30,eq5_reverse bisector=+53.7 biasAB=+1158 paperSteer=+7.00,21,21,8,13,2,1,2,1,1,7,43,0,2,1,0,5,1,31.562500,75.796875,53.679688,2362.250000,1204.500000,1157.750000,-7.000000,26.063043,7.000000,,1150.500000,
44.058592,1785212668.549531937,reverse_align,-80,120,-30,eq5_reverse bisector=+54.6 biasAB=+1186 paperSteer=+7.00,18,18,8,10,3,1,2,1,1,5,44,0,2,1,0,5,1,31.562500,77.703125,54.632812,2362.250000,1176.500000,1185.750000,-7.000000,27.338948,7.000000,,1147.750000,
44.153062,1785212668.661362886,reverse_align,-80,120,-30,eq5_reverse bisector=+54.9 biasAB=+1184 paperSteer=+7.00,20,20,6,14,3,1,2,1,1,5,45,0,2,1,0,5,1,31.562500,78.218750,54.890625,2362.250000,1178.750000,1183.500000,-7.000000,27.235294,7.000000,,1146.000000,
44.242310,1785212668.775711060,reverse_align,-80,120,-30,eq5_reverse bisector=+55.1 biasAB=+1180 paperSteer=+7.00,20,20,6,14,2,1,2,1,1,5,46,0,2,1,0,5,1,31.562500,78.718750,55.140625,2362.250000,1182.250000,1180.000000,-7.000000,27.074444,7.000000,,1135.000000,
44.331857,1785212668.887216806,reverse_align,-80,120,-30,eq5_reverse bisector=+54.4 biasAB=+1078 paperSteer=+7.00,23,23,8,15,2,1,2,1,1,7,47,0,2,1,0,5,1,30.109375,78.718750,54.414062,2260.500000,1182.250000,1078.250000,-7.000000,22.606560,7.000000,,1133.250000,
44.421409,1785212668.887216806,reverse_align,-80,120,-30,eq5_reverse bisector=+54.4 biasAB=+1078 paperSteer=+7.00,23,23,8,15,2,1,2,1,1,7,47,0,2,1,0,5,1,30.109375,78.718750,54.414062,2260.500000,1182.250000,1078.250000,-7.000000,22.606560,7.000000,,1133.250000,
44.511107,1785212668.998312950,reverse_align,-80,120,-30,eq5_reverse bisector=+55.2 biasAB=+1096 paperSteer=+7.00,13,13,5,8,2,1,2,1,1,3,48,0,2,1,0,5,1,30.109375,80.390625,55.250000,2260.500000,1164.250000,1096.250000,-7.000000,23.367635,7.000000,,1131.500000,
44.599824,1785212669.109792948,reverse_align,-80,120,-30,eq5_reverse bisector=+55.2 biasAB=+1096 paperSteer=+7.00,18,18,6,12,3,1,2,1,1,5,49,0,2,1,0,5,1,30.109375,80.390625,55.250000,2260.500000,1164.250000,1096.250000,-7.000000,23.367635,7.000000,,1130.500000,
44.694059,1785212669.222219944,reverse_align,-80,120,-30,eq5_reverse bisector=+55.9 biasAB=+1068 paperSteer=+7.00,17,17,4,13,2,1,2,1,1,5,50,0,2,1,0,5,1,30.031250,81.843750,55.937500,2230.500000,1162.000000,1068.500000,-7.000000,22.199572,7.000000,,1128.000000,
44.783204,1785212669.336124897,reverse_align,-80,120,-30,eq5_reverse bisector=+55.9 biasAB=+1031 paperSteer=+7.00,16,16,6,10,2,1,2,1,1,3,51,0,2,1,0,5,1,29.953125,81.843750,55.898438,2193.000000,1162.000000,1031.000000,-7.000000,20.668686,7.000000,,1125.500000,
44.872330,1785212669.336124897,reverse_align,-80,120,-30,eq5_reverse bisector=+55.9 biasAB=+1031 paperSteer=+7.00,16,16,6,10,2,1,2,1,1,3,51,0,2,1,0,5,1,29.953125,81.843750,55.898438,2193.000000,1162.000000,1031.000000,-7.000000,20.668686,7.000000,,1125.500000,
44.961711,1785212669.447742939,reverse_align,-80,120,-30,eq5_reverse bisector=+56.9 biasAB=+1054 paperSteer=+7.00,15,15,4,11,3,1,2,1,1,4,52,0,2,1,0,5,1,29.953125,83.765625,56.859375,2193.000000,1138.750000,1054.250000,-7.000000,21.611393,7.000000,,1126.750000,
45.051019,1785212669.558902979,reverse_align,-80,120,-30,eq5_reverse bisector=+56.3 biasAB=+953 paperSteer=+7.00,16,16,8,8,2,1,2,1,1,4,53,0,2,1,0,5,1,28.812500,83.765625,56.289062,2092.000000,1138.750000,953.250000,-7.000000,17.668886,7.000000,,1120.500000,
45.140095,1785212669.669648886,reverse_align,-80,120,-30,eq5_reverse bisector=+57.3 biasAB=+964 paperSteer=+7.00,15,15,6,9,3,1,2,1,1,3,54,0,2,1,0,5,1,28.812500,85.703125,57.257812,2092.000000,1128.000000,964.000000,-7.000000,18.069644,7.000000,,1122.500000,
45.234210,1785212669.781911135,reverse_align,-80,120,-30,eq5_reverse bisector=+58.0 biasAB=+964 paperSteer=+7.00,15,15,3,12,3,1,2,1,1,6,55,0,2,1,0,5,1,28.812500,87.171875,57.992188,2092.000000,1127.750000,964.250000,-7.000000,18.079018,7.000000,,1118.250000,
45.322802,1785212669.781911135,reverse_align,-80,120,-30,eq5_reverse bisector=+58.0 biasAB=+964 paperSteer=+7.00,15,15,3,12,3,1,2,1,1,6,55,0,2,1,0,5,1,28.812500,87.171875,57.992188,2092.000000,1127.750000,964.250000,-7.000000,18.079018,7.000000,,1118.250000,
45.412276,1785212669.895432949,reverse_align,-80,120,-30,eq5_reverse bisector=+58.0 biasAB=+909 paperSteer=+7.00,20,20,4,16,4,1,2,1,1,7,56,0,2,1,0,5,1,28.812500,87.171875,57.992188,2036.750000,1127.750000,909.000000,-7.000000,16.066575,7.000000,,1118.250000,
45.501361,1785212670.007013083,reverse_align,-80,120,-30,eq5_reverse bisector=+58.0 biasAB=+909 paperSteer=+7.00,18,18,6,12,3,1,2,1,1,6,57,0,2,1,0,5,1,28.812500,87.171875,57.992188,2036.750000,1127.750000,909.000000,-7.000000,16.066575,7.000000,,1118.250000,
45.590744,1785212670.118762970,reverse_align,-80,120,-30,eq5_reverse bisector=+58.1 biasAB=+893 paperSteer=+7.00,20,20,4,16,2,1,2,1,1,6,58,0,2,1,0,5,1,28.812500,87.375000,58.093750,2036.750000,1143.500000,893.250000,-7.000000,15.514636,7.000000,,1119.750000,
45.680187,1785212670.230384827,reverse_align,-80,120,-30,eq5_reverse bisector=+58.7 biasAB=+865 paperSteer=+7.00,18,18,6,12,2,1,2,1,0,0,0,1,2,1,0,5,1,28.640625,88.750000,58.695312,2014.500000,1149.750000,864.750000,-7.000000,14.540411,7.000000,,1120.250000,
45.774655,1785212670.230384827,reverse_align,-80,120,-30,eq5_reverse bisector=+58.7 biasAB=+865 paperSteer=+7.00,18,18,6,12,2,1,2,1,0,0,0,1,2,1,0,5,1,28.640625,88.750000,58.695312,2014.500000,1149.750000,864.750000,-7.000000,14.540411,7.000000,,1120.250000,
45.863449,1785212670.344273806,reverse_align,-80,118,-30,eq5_reverse bisector=+58.6 biasAB=+845 paperSteer=+6.89,19,19,5,14,2,1,2,1,1,5,1,0,2,1,0,5,1,28.453125,88.750000,58.601562,1995.000000,1149.750000,845.250000,-7.000000,13.892036,6.892036,,1121.250000,
45.952950,1785212670.455754042,reverse_align,-80,58,-30,eq5_reverse bisector=+58.9 biasAB=+755 paperSteer=+4.08,22,22,6,16,2,1,2,1,1,5,2,0,2,1,0,5,1,27.500000,90.343750,58.921875,1877.750000,1122.750000,755.000000,-7.000000,11.083819,4.083819,,1124.500000,
46.041804,1785212670.567296028,reverse_align,-80,48,-30,eq5_reverse bisector=+59.1 biasAB=+740 paperSteer=+3.63,21,21,6,15,2,1,2,1,1,3,3,0,2,1,0,5,1,27.500000,90.609375,59.054688,1877.750000,1138.250000,739.500000,-7.000000,10.633394,3.633394,,1126.250000,
46.131169,1785212670.679080963,reverse_align,-80,42,-30,eq5_reverse bisector=+59.2 biasAB=+730 paperSteer=+3.38,17,17,3,14,2,1,2,1,1,5,4,0,2,1,0,5,1,27.500000,90.953125,59.226562,1877.750000,1147.250000,730.500000,-7.000000,10.376144,3.376144,,1130.750000,
46.220035,1785212670.679080963,reverse_align,-80,42,-30,eq5_reverse bisector=+59.2 biasAB=+730 paperSteer=+3.38,17,17,3,14,2,1,2,1,1,5,4,0,2,1,0,5,1,27.500000,90.953125,59.226562,1877.750000,1147.250000,730.500000,-7.000000,10.376144,3.376144,,1130.750000,
46.313597,1785212670.790158987,reverse_align,-80,42,-30,eq5_reverse bisector=+59.2 biasAB=+730 paperSteer=+3.38,15,15,4,11,2,1,2,1,0,0,0,1,2,1,0,5,1,27.500000,90.953125,59.226562,1877.750000,1147.250000,730.500000,-7.000000,10.376144,3.376144,,1134.750000,
46.402777,1785212670.904230833,reverse_align,-80,6,-30,eq5_reverse bisector=+58.5 biasAB=+669 paperSteer=+1.70,17,17,4,13,2,1,2,1,1,4,1,0,2,1,0,5,1,26.140625,90.953125,58.546875,1816.250000,1147.250000,669.000000,-7.000000,8.702575,1.702575,,1141.750000,
46.491479,1785212671.015838861,reverse_align,-80,-5,-30,eq5_reverse bisector=+58.5 biasAB=+648 paperSteer=+1.16,9,9,3,6,2,1,2,1,0,0,0,1,2,1,0,5,1,25.984375,90.953125,58.468750,1795.000000,1147.250000,647.750000,-7.000000,8.158501,1.158501,,1144.750000,
46.580047,1785212671.127871037,reverse_align,-80,-20,-30,eq5_reverse bisector=+58.4 biasAB=+620 paperSteer=+0.49,20,20,5,15,2,1,2,1,1,5,1,0,2,1,0,5,1,25.765625,90.953125,58.359375,1767.750000,1147.250000,620.500000,-7.000000,7.486505,0.486505,,1156.500000,
46.667550,1785212671.127871037,reverse_align,-80,-20,-30,eq5_reverse bisector=+58.4 biasAB=+620 paperSteer=+0.49,20,20,5,15,2,1,2,1,1,5,1,0,2,1,0,5,1,25.765625,90.953125,58.359375,1767.750000,1147.250000,620.500000,-7.000000,7.486505,0.486505,,1156.500000,
46.757074,1785212671.238448143,reverse_align,-80,-58,-30,eq5_reverse bisector=+59.9 biasAB=+542 paperSteer=-1.29,13,13,1,12,2,1,2,1,0,0,0,1,2,1,0,5,1,27.171875,92.531250,59.851562,1690.750000,1148.750000,542.000000,-7.000000,5.712078,-1.287922,,,
46.850839,1785212671.353935957,reverse_align,-80,-72,-30,eq5_reverse bisector=+59.9 biasAB=+510 paperSteer=-1.94,17,17,3,14,2,1,2,1,0,0,0,2,2,1,0,5,1,27.234375,92.531250,59.882813,1659.000000,1148.750000,510.250000,-7.000000,5.062460,-1.937540,,1337.000000,
46.938411,1785212671.465228081,reverse_align,-80,-85,-30,eq5_reverse bisector=+59.9 biasAB=+477 paperSteer=-2.57,14,14,2,12,2,1,2,0,0,0,0,3,2,1,0,5,1,27.234375,92.593750,59.914063,1659.000000,1181.750000,477.250000,-7.000000,4.428814,-2.571186,,1170.250000,
47.026610,1785212671.575969934,reverse_align,-80,-85,-30,eq5_reverse bisector=+59.9 biasAB=+477 paperSteer=-2.57,12,12,1,11,2,1,2,0,0,0,0,4,2,1,0,5,1,27.234375,92.593750,59.914063,1659.000000,1181.750000,477.250000,-7.000000,4.428814,-2.571186,,,
47.114825,1785212671.575969934,reverse_align,-80,-85,-30,eq5_reverse bisector=+59.9 biasAB=+477 paperSteer=-2.57,12,12,1,11,2,1,2,0,0,0,0,4,2,1,0,5,1,27.234375,92.593750,59.914063,1659.000000,1181.750000,477.250000,-7.000000,4.428814,-2.571186,,,
47.203825,1785212671.687216997,reverse_align,-80,-137,-30,eq5_reverse bisector=+59.1 biasAB=+322 paperSteer=-4.98,19,19,6,13,3,1,2,0,0,0,0,5,2,1,0,5,1,27.234375,90.984375,59.109375,1659.000000,1337.000000,322.000000,-7.000000,2.016078,-4.983922,,,
47.292810,1785212671.798455000,reverse_align,0,0,-30,paper_cannot_calculate_steering,20,20,6,14,1,0,2,0,0,0,0,6,2,1,0,5,0,,,,,,,,,,,,
47.386479,1785212671.914321899,reverse_align,0,0,-30,paper_cannot_calculate_steering,22,22,9,13,1,0,2,0,0,0,0,7,2,1,0,5,0,,,,,,,,,,,,
47.474221,1785212672.024731874,reverse_align,0,0,-30,paper_cannot_calculate_steering,21,21,5,16,1,0,2,0,0,0,0,8,2,1,0,5,0,,,,,,,,,,,,
47.562100,1785212672.024731874,reverse_align,0,0,-30,paper_cannot_calculate_steering,21,21,5,16,1,0,2,0,0,0,0,8,2,1,0,5,0,,,,,,,,,,,,
47.650591,1785212672.135874033,reverse_align,0,0,-30,paper_cannot_calculate_steering,17,17,3,14,1,0,2,0,0,0,0,9,2,1,0,5,0,,,,,,,,,,,,
47.739952,1785212672.247848988,reverse_align,0,0,-30,paper_cannot_calculate_steering,12,12,1,11,1,0,2,0,0,0,0,10,2,1,0,5,0,,,,,,,,,,,,
47.828582,1785212672.361658096,reverse_align,0,0,-30,paper_cannot_calculate_steering,13,13,2,11,1,0,2,0,0,0,0,11,2,1,0,5,0,,,,,,,,,,,,
47.921752,1785212672.473588943,reverse_align,0,0,-30,paper_cannot_calculate_steering,15,15,2,13,1,0,2,0,0,0,0,12,2,1,0,5,0,,,,,,,,,,,,
48.008852,1785212672.473588943,reverse_align,0,0,-30,paper_cannot_calculate_steering,15,15,2,13,1,0,2,0,0,0,0,12,2,1,0,5,0,,,,,,,,,,,,
48.097147,1785212672.585062981,reverse_align,0,0,-30,paper_cannot_calculate_steering,15,15,2,13,1,0,2,0,0,0,0,13,2,1,0,5,0,,,,,,,,,,,,
48.185158,1785212672.696644068,reverse_align,0,0,-30,paper_cannot_calculate_steering,20,20,4,16,1,0,2,0,0,0,0,14,2,1,0,5,0,,,,,,,,,,,,
48.273283,1785212672.810771942,reverse_align,0,0,-30,paper_cannot_calculate_steering,12,12,2,10,1,0,2,0,0,0,0,15,2,1,0,5,0,,,,,,,,,,,,
48.361982,1785212672.922437906,reverse_align,0,0,-30,paper_cannot_calculate_steering,12,12,1,11,1,0,2,0,0,0,0,16,2,1,0,5,0,,,,,,,,,,,1408.000000,
48.455066,1785212672.922437906,reverse_align,0,0,-30,paper_cannot_calculate_steering,12,12,1,11,1,0,2,0,0,0,0,16,2,1,0,5,0,,,,,,,,,,,1408.000000,
48.542549,1785212673.033936977,reverse_align,0,0,-30,paper_cannot_calculate_steering,15,15,2,13,1,0,2,0,0,0,0,17,2,1,0,5,0,,,,,,,,,,,1414.000000,
48.631090,1785212673.144649029,reverse_align,-80,-150,-30,eq5_reverse bisector=+56.3 biasAB=-247 paperSteer=-7.00,18,18,5,13,2,1,2,0,0,0,0,18,2,1,0,5,1,14.421875,98.109375,56.265625,1121.250000,1368.500000,-247.250000,-7.000000,-1.188689,-7.000000,,1368.500000,
48.719924,1785212673.255892992,reverse_align,-80,-150,-30,eq5_reverse bisector=+56.2 biasAB=-248 paperSteer=-7.00,15,15,4,11,2,1,2,0,0,0,0,19,2,1,0,5,1,14.281250,98.109375,56.195312,1120.500000,1368.500000,-248.000000,-7.000000,-1.195911,-7.000000,,1420.750000,
48.807957,1785212673.367728233,reverse_align,-80,-150,-30,eq5_reverse bisector=+56.2 biasAB=-248 paperSteer=-7.00,15,15,3,12,2,1,2,0,0,0,0,20,2,1,0,5,1,14.281250,98.109375,56.195312,1120.500000,1368.500000,-248.000000,-7.000000,-1.195911,-7.000000,,,
48.897212,1785212673.367728233,reverse_align,-80,-150,-30,eq5_reverse bisector=+56.2 biasAB=-248 paperSteer=-7.00,15,15,3,12,2,1,2,0,0,0,0,20,2,1,0,5,1,14.281250,98.109375,56.195312,1120.500000,1368.500000,-248.000000,-7.000000,-1.195911,-7.000000,,,
48.990201,1785212673.482501984,reverse_align,-80,-150,-30,eq5_reverse bisector=+56.8 biasAB=-274 paperSteer=-7.00,18,18,8,10,2,1,2,0,0,0,0,21,2,1,0,5,1,15.531250,98.109375,56.820312,1094.500000,1368.500000,-274.000000,-7.000000,-1.459811,-7.000000,,,
49.078562,1785212673.593456984,reverse_align,-80,-150,-30,eq5_reverse bisector=+61.9 biasAB=-74 paperSteer=-7.00,19,19,2,17,2,1,2,0,0,0,0,22,2,1,0,5,1,25.593750,98.109375,61.851562,1295.000000,1368.500000,-73.500000,-7.000000,-0.105044,-7.000000,,,
49.166577,1785212673.704610109,reverse_align,0,0,-30,paper_cannot_calculate_steering,18,18,6,12,1,0,2,0,0,0,0,23,2,1,0,5,0,,,,,,,,,,,1434.250000,
49.255662,1785212673.819232941,reverse_align,-80,-150,-30,eq5_reverse bisector=+60.5 biasAB=-351 paperSteer=-7.00,18,18,7,11,2,1,2,0,0,0,0,24,2,1,0,5,1,25.593750,95.421875,60.507812,1295.000000,1646.000000,-351.000000,-7.000000,-2.395575,-7.000000,,1646.000000,
49.345502,1785212673.819232941,reverse_align,-80,-150,-30,eq5_reverse bisector=+60.5 biasAB=-351 paperSteer=-7.00,18,18,7,11,2,1,2,0,0,0,0,24,2,1,0,5,1,25.593750,95.421875,60.507812,1295.000000,1646.000000,-351.000000,-7.000000,-2.395575,-7.000000,,1646.000000,
49.434815,1785212673.931259871,reverse_align,-80,-150,-30,eq5_reverse bisector=+57.6 biasAB=-640 paperSteer=-7.00,24,24,8,16,2,1,2,0,0,0,0,25,2,1,0,5,1,19.718750,95.421875,57.570312,1005.500000,1646.000000,-640.500000,-7.000000,-7.976894,-7.000000,,,
49.528076,1785212674.042464972,reverse_align,-80,-150,-30,eq5_reverse bisector=+57.8 biasAB=-653 paperSteer=-7.00,19,19,4,15,2,1,2,0,0,0,0,26,2,1,0,5,1,20.218750,95.421875,57.820312,992.750000,1646.000000,-653.250000,-7.000000,-8.297636,-7.000000,,1560.750000,
49.616108,1785212674.153810978,reverse_align,-80,-150,-30,eq5_reverse bisector=+58.1 biasAB=-683 paperSteer=-7.00,20,20,3,17,2,1,2,0,1,3,1,0,2,1,0,5,1,20.843750,95.421875,58.132812,963.000000,1646.000000,-683.000000,-7.000000,-9.070619,-7.000000,,1647.750000,
49.701187,1785212674.153810978,reverse_align,-80,-150,-30,eq5_reverse bisector=+58.1 biasAB=-683 paperSteer=-7.00,20,20,3,17,2,1,2,0,1,3,1,0,2,1,0,5,1,20.843750,95.421875,58.132812,963.000000,1646.000000,-683.000000,-7.000000,-9.070619,-7.000000,,1647.750000,
49.790944,1785212674.267941236,reverse_align,-80,-150,-30,eq5_reverse bisector=+59.3 biasAB=-701 paperSteer=-7.00,17,17,4,13,2,1,2,0,0,0,0,1,2,1,0,5,1,23.109375,95.421875,59.265625,945.250000,1646.000000,-700.750000,-7.000000,-9.548205,-7.000000,,1680.000000,
49.880408,1785212674.379213095,reverse_align,-80,-150,-30,eq5_reverse bisector=+64.9 biasAB=-523 paperSteer=-7.00,18,18,4,14,2,1,2,0,0,0,0,2,2,1,0,5,1,33.546875,96.296875,64.921875,1144.250000,1667.500000,-523.250000,-7.000000,-5.323705,-7.000000,,1738.000000,
49.969529,1785212674.490724087,reverse_align,-80,-150,-30,eq5_reverse bisector=+64.9 biasAB=-523 paperSteer=-7.00,20,20,7,13,2,1,2,0,0,0,0,3,2,1,0,5,1,33.546875,96.296875,64.921875,1144.250000,1667.500000,-523.250000,-7.000000,-5.323705,-7.000000,,,
50.063199,1785212674.601835966,reverse_align,-80,-150,-30,eq5_reverse bisector=+62.6 biasAB=-824 paperSteer=-7.00,15,15,5,10,2,1,2,0,0,0,0,4,2,1,0,5,1,28.171875,97.031250,62.601562,875.750000,1699.250000,-823.500000,-7.000000,-13.186294,-7.000000,,,
50.152476,1785212674.714147091,reverse_align,0,0,-30,paper_cannot_calculate_steering,21,21,7,14,2,0,2,0,0,0,0,5,2,1,0,5,0,,,,,,,,,,,,
50.241682,1785212674.714147091,reverse_align,0,0,-30,paper_cannot_calculate_steering,21,21,7,14,2,0,2,0,0,0,0,5,2,1,0,5,0,,,,,,,,,,,,
50.330596,1785212674.828838825,reverse_align,0,0,-30,paper_cannot_calculate_steering,25,25,11,14,2,0,2,0,0,0,0,6,2,1,0,5,0,,,,,,,,,,,,
50.418994,1785212674.939419985,reverse_align,0,0,-30,paper_cannot_calculate_steering,17,17,7,10,2,0,2,0,0,0,0,7,2,1,0,5,0,,,,,,,,,,,,
50.507484,1785212675.051604033,reverse_align,0,0,-30,paper_cannot_calculate_steering,20,20,9,11,2,0,2,0,0,0,0,8,2,1,0,5,0,,,,,,,,,,,,
50.601657,1785212675.162247896,reverse_align,0,0,-30,paper_cannot_calculate_steering,20,20,10,10,2,0,2,0,0,0,0,9,2,1,0,5,0,,,,,,,,,,,,
50.690745,1785212675.162247896,reverse_align,0,0,-30,paper_cannot_calculate_steering,20,20,10,10,2,0,2,0,0,0,0,9,2,1,0,5,0,,,,,,,,,,,,
50.779907,1785212675.277719021,reverse_align,0,0,-30,paper_cannot_calculate_steering,19,19,7,12,1,0,2,0,0,0,0,10,2,1,0,5,0,,,,,,,,,,,,
50.869417,1785212675.388978958,reverse_align,0,0,-30,paper_cannot_calculate_steering,19,19,7,12,1,0,2,0,0,0,0,11,2,1,0,5,0,,,,,,,,,,,,
50.958578,1785212675.499717236,reverse_align,0,0,-30,paper_cannot_calculate_steering,18,18,6,12,1,0,2,0,0,0,0,12,2,1,0,5,0,,,,,,,,,,,,
51.047891,1785212675.611190081,reverse_align,0,0,-30,paper_cannot_calculate_steering,15,15,4,11,1,0,2,0,0,0,0,13,2,1,0,5,0,,,,,,,,,,,,
51.141778,1785212675.611190081,reverse_align,0,0,-30,paper_cannot_calculate_steering,15,15,4,11,1,0,2,0,0,0,0,13,2,1,0,5,0,,,,,,,,,,,,
51.230300,1785212675.722296000,reverse_align,0,0,-30,paper_cannot_calculate_steering,18,18,5,13,1,0,2,0,0,0,0,14,2,1,0,5,0,,,,,,,,,,,,
51.318739,1785212675.834141016,reverse_align,0,0,-30,paper_cannot_calculate_steering,22,22,10,12,1,0,2,0,0,0,0,15,2,1,0,5,0,,,,,,,,,,,,
51.406818,1785212675.948538065,reverse_align,0,0,-30,paper_cannot_calculate_steering,24,24,10,14,1,0,2,0,0,0,0,16,2,1,0,5,0,,,,,,,,,,,,
51.495151,1785212676.060017824,reverse_align,0,0,-30,paper_cannot_calculate_steering,24,24,8,16,1,0,2,0,0,0,0,17,2,1,0,5,0,,,,,,,,,,,,
51.583973,1785212676.060017824,reverse_align,0,0,-30,paper_cannot_calculate_steering,24,24,8,16,1,0,2,0,0,0,0,17,2,1,0,5,0,,,,,,,,,,,,
51.677302,1785212676.171090841,reverse_align,0,0,-30,paper_cannot_calculate_steering,22,22,9,13,1,0,2,0,0,0,0,18,2,1,0,5,0,,,,,,,,,,,,
51.765586,1785212676.282332897,reverse_align,0,0,-30,paper_cannot_calculate_steering,20,20,10,10,1,0,2,0,0,0,0,19,2,1,0,5,0,,,,,,,,,,,,
51.854550,1785212676.397317886,reverse_align,0,0,-30,paper_cannot_calculate_steering,23,23,9,14,1,0,2,0,0,0,0,20,2,1,0,5,0,,,,,,,,,,,,
51.943767,1785212676.508103848,reverse_align,0,0,-30,paper_cannot_calculate_steering,16,16,4,12,1,0,2,0,0,0,0,21,2,1,0,5,0,,,,,,,,,,,,
52.032996,1785212676.508103848,reverse_align,0,0,-30,paper_cannot_calculate_steering,16,16,4,12,1,0,2,0,0,0,0,21,2,1,0,5,0,,,,,,,,,,,,
52.121964,1785212676.620008945,reverse_align,0,0,-30,paper_cannot_calculate_steering,23,23,9,14,1,0,2,0,0,0,0,22,2,1,0,5,0,,,,,,,,,,,,
52.214850,1785212676.731087923,reverse_align,0,0,-30,paper_cannot_calculate_steering,20,20,7,13,1,0,2,0,0,0,0,23,2,1,0,5,0,,,,,,,,,,,,
52.302896,1785212676.843086004,reverse_align,0,0,-30,paper_cannot_calculate_steering,19,19,6,13,1,0,2,0,0,0,0,24,2,1,0,5,0,,,,,,,,,,,,
52.390780,1785212676.954426050,reverse_align,0,0,-30,paper_cannot_calculate_steering,21,21,9,12,1,0,2,0,0,0,0,25,2,1,0,5,0,,,,,,,,,,,,
52.480334,1785212676.954426050,reverse_align,0,0,-30,paper_cannot_calculate_steering,21,21,9,12,1,0,2,0,0,0,0,25,2,1,0,5,0,,,,,,,,,,,,
52.569914,1785212677.068646908,reverse_align,0,0,-30,paper_cannot_calculate_steering,22,22,10,12,1,0,2,0,0,0,0,26,2,1,0,5,0,,,,,,,,,,,,
52.657970,1785212677.180687189,reverse_align,0,0,-30,paper_cannot_calculate_steering,21,21,8,13,1,0,2,0,0,0,0,27,2,1,0,5,0,,,,,,,,,,,,
52.749571,1785212677.291921854,reverse_align,0,0,-30,paper_cannot_calculate_steering,19,19,7,12,1,0,2,0,0,0,0,28,2,1,0,5,0,,,,,,,,,,,,
52.837597,1785212677.402257919,reverse_align,0,0,-30,paper_cannot_calculate_steering,20,20,10,10,1,0,2,0,0,0,0,29,2,1,0,5,0,,,,,,,,,,,,
52.925645,1785212677.402257919,reverse_align,0,0,-30,paper_cannot_calculate_steering,20,20,10,10,1,0,2,0,0,0,0,29,2,1,0,5,0,,,,,,,,,,,,
53.013908,1785212677.517726898,reverse_align,0,0,-30,paper_cannot_calculate_steering,23,23,10,13,1,0,2,0,0,0,0,30,2,1,0,5,0,,,,,,,,,,,,
53.103161,1785212677.628197193,reverse_align,0,0,-30,paper_cannot_calculate_steering,21,21,6,15,1,0,2,0,0,0,0,31,2,1,0,5,0,,,,,,,,,,,,
53.191240,1785212677.740448952,reverse_align,0,0,-30,paper_cannot_calculate_steering,18,18,5,13,1,0,2,0,0,0,0,32,2,1,0,5,0,,,,,,,,,,,,
53.283978,1785212677.740448952,reverse_align,0,0,-30,paper_cannot_calculate_steering,18,18,5,13,1,0,2,0,0,0,0,32,2,1,0,5,0,,,,,,,,,,,,
53.372076,1785212677.852136850,reverse_align,0,0,-30,paper_cannot_calculate_steering,15,15,5,10,1,0,2,0,0,0,0,33,2,1,0,5,0,,,,,,,,,,,,
53.460817,1785212677.962752104,reverse_align,0,0,-30,paper_cannot_calculate_steering,13,13,4,9,1,0,2,0,0,0,0,34,2,1,0,5,0,,,,,,,,,,,,
53.548799,1785212678.077309847,reverse_align,0,0,-30,paper_cannot_calculate_steering,20,20,7,13,1,0,2,0,0,0,0,35,2,1,0,5,0,,,,,,,,,,,,
53.637314,1785212678.189152002,reverse_align,0,0,-30,paper_cannot_calculate_steering,20,20,7,13,1,0,2,0,0,0,0,36,2,1,0,5,0,,,,,,,,,,,,
53.725127,1785212678.189152002,reverse_align,0,0,-30,paper_cannot_calculate_steering,20,20,7,13,1,0,2,0,0,0,0,36,2,1,0,5,0,,,,,,,,,,,,
53.819191,1785212678.300471067,reverse_align,0,0,-30,paper_cannot_calculate_steering,19,19,6,13,1,0,2,0,0,0,0,37,2,1,0,5,0,,,,,,,,,,,,
53.907583,1785212678.411065102,reverse_align,0,0,-30,paper_cannot_calculate_steering,17,17,5,12,1,0,2,0,0,0,0,38,2,1,0,5,0,,,,,,,,,,,,
53.996457,1785212678.526424170,reverse_align,0,0,-30,paper_cannot_calculate_steering,18,18,4,14,1,0,2,0,0,0,0,39,2,1,0,5,0,,,,,,,,,,,,
54.084517,1785212678.637949944,reverse_align,0,0,-30,paper_cannot_calculate_steering,20,20,6,14,1,0,2,0,0,0,0,40,2,1,0,5,0,,,,,,,,,,,,
54.172708,1785212678.637949944,reverse_align,0,0,-30,paper_cannot_calculate_steering,20,20,6,14,1,0,2,0,0,0,0,40,2,1,0,5,0,,,,,,,,,,,,
54.261539,1785212678.749393940,reverse_align,0,0,-30,paper_cannot_calculate_steering,18,18,4,14,1,0,2,0,0,0,0,41,2,1,0,5,0,,,,,,,,,,,,
54.355582,1785212678.860130072,reverse_align,0,0,-30,paper_cannot_calculate_steering,18,18,3,15,1,0,2,0,0,0,0,42,2,1,0,5,0,,,,,,,,,,,,
54.443157,1785212678.972130060,reverse_align,0,0,-30,paper_cannot_calculate_steering,18,18,5,13,1,0,2,0,0,0,0,43,2,1,0,5,0,,,,,,,,,,,,
54.532025,1785212679.082511187,reverse_align,0,0,-30,paper_cannot_calculate_steering,20,20,8,12,1,0,2,0,0,0,0,44,2,1,0,5,0,,,,,,,,,,,,
54.621171,1785212679.082511187,reverse_align,0,0,-30,paper_cannot_calculate_steering,20,20,8,12,1,0,2,0,0,0,0,44,2,1,0,5,0,,,,,,,,,,,,
54.710209,1785212679.197732210,reverse_align,0,0,-30,paper_cannot_calculate_steering,23,23,9,14,1,0,2,0,0,0,0,45,2,1,0,5,0,,,,,,,,,,,,
54.798716,1785212679.308706999,reverse_align,0,0,-30,paper_cannot_calculate_steering,22,22,11,11,1,0,2,0,0,0,0,46,2,1,0,5,0,,,,,,,,,,,,
54.891984,1785212679.420522928,reverse_align,0,0,-30,paper_cannot_calculate_steering,26,26,9,17,1,0,2,0,0,0,0,47,2,1,0,5,0,,,,,,,,,,,,
54.979892,1785212679.531781197,reverse_align,0,0,-30,paper_cannot_calculate_steering,18,18,5,13,1,0,2,0,0,0,0,48,2,1,0,5,0,,,,,,,,,,,,
55.068317,1785212679.531781197,reverse_align,0,0,-30,paper_cannot_calculate_steering,18,18,5,13,1,0,2,0,0,0,0,48,2,1,0,5,0,,,,,,,,,,,,
55.157537,1785212679.646021843,reverse_align,0,0,-30,paper_cannot_calculate_steering,20,20,6,14,1,0,2,0,0,0,0,49,2,1,0,5,0,,,,,,,,,,,,
55.247063,1785212679.757379055,reverse_align,0,0,-30,paper_cannot_calculate_steering,20,20,7,13,1,0,2,0,0,0,0,50,2,1,0,5,0,,,,,,,,,,,,
55.335975,1785212679.869417906,reverse_align,0,0,-30,paper_cannot_calculate_steering,17,17,4,13,1,0,2,0,0,0,0,51,2,1,0,5,0,,,,,,,,,,,,
55.429349,1785212679.980803013,reverse_align,0,0,-30,paper_cannot_calculate_steering,22,22,10,12,1,0,2,0,0,0,0,52,2,1,0,5,0,,,,,,,,,,,,
55.517500,1785212679.980803013,reverse_align,0,0,-30,paper_cannot_calculate_steering,22,22,10,12,1,0,2,0,0,0,0,52,2,1,0,5,0,,,,,,,,,,,,
55.606366,1785212680.091475010,reverse_align,0,0,-30,paper_cannot_calculate_steering,17,17,8,9,1,0,2,0,0,0,0,53,2,1,0,5,0,,,,,,,,,,,,
55.694749,1785212680.206267834,reverse_align,0,0,-30,paper_cannot_calculate_steering,18,18,5,13,1,0,2,0,0,0,0,54,2,1,0,5,0,,,,,,,,,,,,
55.780267,1785212680.317445993,reverse_align,0,0,-30,paper_cannot_calculate_steering,15,15,5,10,1,0,2,0,0,0,0,55,2,1,0,5,0,,,,,,,,,,,,
55.868797,1785212680.428527117,reverse_align,0,0,-30,paper_cannot_calculate_steering,14,14,3,11,1,0,2,0,0,0,0,56,2,1,0,5,0,,,,,,,,,,,,
55.962460,1785212680.428527117,reverse_align,0,0,-30,paper_cannot_calculate_steering,14,14,3,11,1,0,2,0,0,0,0,56,2,1,0,5,0,,,,,,,,,,,,
56.051195,1785212680.540328979,reverse_align,0,0,-30,paper_cannot_calculate_steering,15,15,5,10,1,0,2,0,0,0,0,57,2,1,0,5,0,,,,,,,,,,,,
56.140090,1785212680.655328989,reverse_align,0,0,-30,paper_cannot_calculate_steering,17,17,8,9,1,0,2,0,0,0,0,58,2,1,0,5,0,,,,,,,,,,,,
56.228855,1785212680.766065836,reverse_align,0,0,-30,paper_cannot_calculate_steering,20,20,8,12,1,0,2,0,0,0,0,59,2,1,0,5,0,,,,,,,,,,,,
56.317423,1785212680.878381968,reverse_align,0,0,-30,paper_cannot_calculate_steering,21,21,9,12,1,0,2,0,0,0,0,60,2,1,0,5,0,,,,,,,,,,,,
56.406536,1785212680.878381968,reverse_align,0,0,-30,paper_cannot_calculate_steering,21,21,9,12,1,0,2,0,0,0,0,60,2,1,0,5,0,,,,,,,,,,,,
56.500594,1785212680.988866091,reverse_align,0,0,-30,paper_cannot_calculate_steering,22,22,11,11,1,0,2,0,0,0,0,61,2,1,0,5,0,,,,,,,,,,,,
56.588870,1785212681.100335121,reverse_align,0,0,-30,paper_cannot_calculate_steering,20,20,11,9,1,0,2,0,0,0,0,62,2,1,0,5,0,,,,,,,,,,,,
56.677145,1785212681.211905003,reverse_align,0,0,-30,paper_cannot_calculate_steering,17,17,4,13,1,0,2,0,0,0,0,63,2,1,0,5,0,,,,,,,,,,,,
56.765538,1785212681.326573133,reverse_align,0,0,-30,paper_cannot_calculate_steering,16,16,6,10,1,0,2,0,0,0,0,64,2,1,0,5,0,,,,,,,,,,,,
56.854284,1785212681.326573133,reverse_align,0,0,-30,paper_cannot_calculate_steering,16,16,6,10,1,0,2,0,0,0,0,64,2,1,0,5,0,,,,,,,,,,,,
56.943589,1785212681.437348127,reverse_align,0,0,-30,paper_cannot_calculate_steering,23,23,12,11,1,0,2,0,0,0,0,65,2,1,0,5,0,,,,,,,,,,,,
57.037745,1785212681.549432039,reverse_align,0,0,-30,paper_cannot_calculate_steering,20,20,8,12,1,0,2,0,0,0,0,66,2,1,0,5,0,,,,,,,,,,,,
57.126157,1785212681.661111116,reverse_align,0,0,-30,paper_cannot_calculate_steering,18,18,7,11,1,0,2,0,0,0,0,67,2,1,0,5,0,,,,,,,,,,,,
57.215402,1785212681.774778128,reverse_align,0,0,-30,paper_cannot_calculate_steering,16,16,5,11,1,0,2,0,0,0,0,68,2,1,0,5,0,,,,,,,,,,,,
57.303628,1785212681.774778128,reverse_align,0,0,-30,paper_cannot_calculate_steering,16,16,5,11,1,0,2,0,0,0,0,68,2,1,0,5,0,,,,,,,,,,,,
57.391691,1785212681.887254000,reverse_align,0,0,-30,paper_cannot_calculate_steering,23,23,9,14,1,0,2,0,0,0,0,69,2,1,0,5,0,,,,,,,,,,,,
57.481003,1785212681.998425007,reverse_align,0,0,-30,paper_cannot_calculate_steering,18,18,6,12,1,0,2,0,0,0,0,70,2,1,0,5,0,,,,,,,,,,,,
57.574715,1785212682.109771013,reverse_align,0,0,-30,paper_cannot_calculate_steering,19,19,7,12,1,0,2,0,0,0,0,71,2,1,0,5,0,,,,,,,,,,,,
57.662981,1785212682.220098972,reverse_align,0,0,-30,paper_cannot_calculate_steering,20,20,6,14,1,0,2,0,0,0,0,72,2,1,0,5,0,,,,,,,,,,,,
57.751583,1785212682.220098972,reverse_align,0,0,-30,paper_cannot_calculate_steering,20,20,6,14,1,0,2,0,0,0,0,72,2,1,0,5,0,,,,,,,,,,,,
57.839626,1785212682.335403919,reverse_align,0,0,-30,paper_cannot_calculate_steering,18,18,7,11,1,0,2,0,0,0,0,73,2,1,0,5,0,,,,,,,,,,,,
57.928589,1785212682.446856022,reverse_align,0,0,-30,paper_cannot_calculate_steering,18,18,7,11,1,0,2,0,0,0,0,74,2,1,0,5,0,,,,,,,,,,,,
58.017475,1785212682.558641911,reverse_align,0,0,-30,paper_cannot_calculate_steering,21,21,9,12,1,0,2,0,0,0,0,75,2,1,0,5,0,,,,,,,,,,,,
58.133546,1785212682.558641911,reverse_align,0,0,-30,paper_cannot_calculate_steering,21,21,9,12,1,0,2,0,0,0,0,75,2,1,0,5,0,,,,,,,,,,,,
