elapsed_s,lidar_timestamp,state,speed,steering,steering_offset,reason,raw_points,valid_points,left_fov_points,right_fov_points,tangent_clusters,tangent_candidates,detected_vehicle_count,right_vehicle,right_vehicle_raw,right_cluster_points,right_seen_scans,right_missing_scans,right_track_id,is_prealign_near,is_near,pair_source_scans,pair_valid,angle_a_deg,angle_b_deg,angle_bisector_deg,dist_a_mm,dist_b_mm,distance_bias_ab_mm,angle_term,distance_term,paper_steering,dist_c_mm,dist_d_mm,distance_bias_cd_mm
0.000004,1785211497.446040154,idle,0,0,-25,press_SPACE_to_start,78,78,53,25,0,0,0,0,0,0,0,1,0,0,0,1,0,,,,,,,,,,,,
0.169425,1785211497.669173002,idle,0,0,-25,press_SPACE_to_start,76,76,52,24,0,0,0,0,0,0,0,2,0,0,0,2,0,,,,,,,,,,,,
0.265077,1785211497.786764145,idle,0,0,-25,press_SPACE_to_start,71,71,50,21,0,0,0,0,0,0,0,3,0,0,0,3,0,,,,,,,,,,,,
0.352166,1785211497.895144939,idle,0,0,-25,press_SPACE_to_start,74,74,52,22,0,0,0,0,0,0,0,4,0,0,0,4,0,,,,,,,,,,,,
0.439940,1785211497.895144939,idle,0,0,-25,press_SPACE_to_start,74,74,52,22,0,0,0,0,0,0,0,4,0,0,0,4,0,,,,,,,,,,,,
0.491593,1785211498.006074905,idle,0,0,-25,press_SPACE_to_start,76,76,51,24,0,0,0,0,0,0,0,5,0,0,0,5,0,,,,,,,,,,,,
0.576609,1785211498.117820978,idle,0,0,-25,press_SPACE_to_start,79,79,54,25,0,0,0,0,0,0,0,6,0,0,0,5,0,,,,,,,,,,,,
0.664524,1785211498.117820978,idle,0,0,-25,press_SPACE_to_start,79,79,54,25,0,0,0,0,0,0,0,6,0,0,0,5,0,,,,,,,,,,,,
0.756214,1785211498.231930017,idle,0,0,-25,press_SPACE_to_start,79,79,54,25,0,0,0,0,0,0,0,7,0,0,0,5,0,,,,,,,,,,,,
0.843508,1785211498.343831062,idle,0,0,-25,press_SPACE_to_start,76,76,52,24,0,0,0,0,0,0,0,8,0,0,0,5,0,,,,,,,,,,,,
0.929092,1785211498.458623886,idle,0,0,-25,press_SPACE_to_start,76,76,52,24,0,0,0,0,0,0,0,9,0,0,0,5,0,,,,,,,,,,,,
1.012603,1785211498.458623886,idle,0,0,-25,press_SPACE_to_start,76,76,52,24,0,0,0,0,0,0,0,9,0,0,0,5,0,,,,,,,,,,,,
1.100137,1785211498.569020987,idle,0,0,-25,press_SPACE_to_start,76,76,53,23,0,0,0,0,0,0,0,10,0,0,0,5,0,,,,,,,,,,,,
1.186603,1785211498.681038141,idle,0,0,-25,press_SPACE_to_start,77,77,52,25,0,0,0,0,0,0,0,11,0,0,0,5,0,,,,,,,,,,,,
1.278586,1785211498.792994022,idle,0,0,-25,press_SPACE_to_start,79,79,52,27,0,0,0,0,0,0,0,12,0,0,0,5,0,,,,,,,,,,,,
1.366636,1785211498.904254913,idle,0,0,-25,press_SPACE_to_start,72,72,51,21,0,0,0,0,0,0,0,13,0,0,0,5,0,,,,,,,,,,,,
1.455511,1785211498.904254913,idle,0,0,-25,press_SPACE_to_start,72,72,51,21,0,0,0,0,0,0,0,13,0,0,0,5,0,,,,,,,,,,,,
1.541914,1785211499.017725945,idle,0,0,-25,press_SPACE_to_start,76,76,52,24,0,0,0,0,0,0,0,14,0,0,0,5,0,,,,,,,,,,,,
1.631051,1785211499.130148172,idle,0,0,-25,press_SPACE_to_start,77,77,52,25,0,0,0,0,0,0,0,15,0,0,0,5,0,,,,,,,,,,,,
1.719235,1785211499.241070032,idle,0,0,-25,press_SPACE_to_start,77,77,53,24,0,0,0,0,0,0,0,16,0,0,0,5,0,,,,,,,,,,,,
1.812466,1785211499.352575064,idle,0,0,-25,press_SPACE_to_start,78,78,53,25,0,0,0,0,0,0,0,17,0,0,0,5,0,,,,,,,,,,,,
1.900820,1785211499.352575064,idle,0,0,-25,press_SPACE_to_start,78,78,53,25,0,0,0,0,0,0,0,17,0,0,0,5,0,,,,,,,,,,,,
1.990500,1785211499.466599941,idle,0,0,-25,press_SPACE_to_start,72,72,51,21,0,0,0,0,0,0,0,18,0,0,0,5,0,,,,,,,,,,,,
2.079064,1785211499.578631878,idle,0,0,-25,press_SPACE_to_start,74,74,51,23,0,0,0,0,0,0,0,19,0,0,0,5,0,,,,,,,,,,,,
2.166869,1785211499.690227032,idle,0,0,-25,press_SPACE_to_start,78,78,53,25,0,0,0,0,0,0,0,20,0,0,0,5,0,,,,,,,,,,,,
2.255423,1785211499.804741144,idle,0,0,-25,press_SPACE_to_start,77,77,51,26,0,0,0,0,0,0,0,21,0,0,0,5,0,,,,,,,,,,,,
2.349433,1785211499.804741144,idle,0,0,-25,press_SPACE_to_start,77,77,51,26,0,0,0,0,0,0,0,21,0,0,0,5,0,,,,,,,,,,,,
2.437940,1785211499.915240049,idle,0,0,-25,press_SPACE_to_start,76,76,52,24,0,0,0,0,0,0,0,22,0,0,0,5,0,,,,,,,,,,,,
2.526851,1785211500.027365208,idle,0,0,-25,press_SPACE_to_start,73,73,49,24,1,0,0,0,0,0,0,23,0,0,0,5,0,,,,,,,,,,,,
2.615492,1785211500.138644934,idle,0,0,-25,press_SPACE_to_start,76,76,51,25,1,0,0,0,0,0,0,24,0,0,0,5,0,,,,,,,,,,,,
2.704743,1785211500.253413200,idle,0,0,-25,press_SPACE_to_start,73,73,49,24,0,0,0,0,0,0,0,25,0,0,0,5,0,,,,,,,,,,,,
2.793647,1785211500.253413200,idle,0,0,-25,press_SPACE_to_start,73,73,49,24,0,0,0,0,0,0,0,25,0,0,0,5,0,,,,,,,,,,,,
2.886912,1785211500.364495039,idle,0,0,-25,press_SPACE_to_start,75,75,52,23,0,0,0,0,0,0,0,26,0,0,0,5,0,,,,,,,,,,,,
2.975700,1785211500.475215197,idle,0,0,-25,press_SPACE_to_start,77,77,52,25,0,0,0,0,0,0,0,27,0,0,0,5,0,,,,,,,,,,,,
3.064901,1785211500.590363979,idle,0,0,-25,press_SPACE_to_start,78,78,53,25,0,0,0,0,0,0,0,28,0,0,0,5,0,,,,,,,,,,,,
3.154151,1785211500.702074051,idle,0,0,-25,press_SPACE_to_start,75,75,53,22,0,0,0,0,0,0,0,29,0,0,0,5,0,,,,,,,,,,,,
3.243466,1785211500.702074051,idle,0,0,-25,press_SPACE_to_start,75,75,53,22,0,0,0,0,0,0,0,29,0,0,0,5,0,,,,,,,,,,,,
3.332775,1785211500.812453985,idle,0,0,-25,press_SPACE_to_start,77,77,52,25,0,0,0,0,0,0,0,30,0,0,0,5,0,,,,,,,,,,,,
3.426227,1785211500.924247026,idle,0,0,-25,press_SPACE_to_start,79,79,53,25,0,0,0,0,0,0,0,31,0,0,0,5,0,,,,,,,,,,,,
3.514723,1785211501.038903952,idle,0,0,-25,press_SPACE_to_start,78,78,53,25,0,0,0,0,0,0,0,32,0,0,0,5,0,,,,,,,,,,,,
3.603460,1785211501.150017977,idle,0,0,-25,press_SPACE_to_start,74,74,52,22,0,0,0,0,0,0,0,33,0,0,0,5,0,,,,,,,,,,,,
3.691977,1785211501.150017977,idle,0,0,-25,press_SPACE_to_start,74,74,52,22,0,0,0,0,0,0,0,33,0,0,0,5,0,,,,,,,,,,,,
3.779589,1785211501.262000799,idle,0,0,-25,press_SPACE_to_start,74,74,52,22,0,0,0,0,0,0,0,34,0,0,0,5,0,,,,,,,,,,,,
3.867446,1785211501.376451015,idle,0,0,-25,press_SPACE_to_start,76,76,52,24,0,0,0,0,0,0,0,35,0,0,0,5,0,,,,,,,,,,,,
3.956427,1785211501.488105059,idle,0,0,-25,press_SPACE_to_start,77,77,54,23,0,0,0,0,0,0,0,36,0,0,0,5,0,,,,,,,,,,,,
4.044966,1785211501.488105059,idle,0,0,-25,press_SPACE_to_start,77,77,54,23,0,0,0,0,0,0,0,36,0,0,0,5,0,,,,,,,,,,,,
4.132819,1785211501.598829985,idle,0,0,-25,press_SPACE_to_start,72,72,50,22,0,0,0,0,0,0,0,37,0,0,0,5,0,,,,,,,,,,,,
4.221311,1785211501.710452080,idle,0,0,-25,press_SPACE_to_start,78,78,53,25,0,0,0,0,0,0,0,38,0,0,0,5,0,,,,,,,,,,,,
4.310012,1785211501.825381041,idle,0,0,-25,press_SPACE_to_start,76,76,52,24,0,0,0,0,0,0,0,39,0,0,0,5,0,,,,,,,,,,,,
4.399084,1785211501.936671019,idle,0,0,-25,press_SPACE_to_start,73,73,51,22,0,0,0,0,0,0,0,40,0,0,0,5,0,,,,,,,,,,,,
4.492370,1785211501.936671019,idle,0,0,-25,press_SPACE_to_start,73,73,51,22,0,0,0,0,0,0,0,40,0,0,0,5,0,,,,,,,,,,,,
4.579593,1785211502.047939062,idle,0,0,-25,press_SPACE_to_start,77,77,52,25,0,0,0,0,0,0,0,41,0,0,0,5,0,,,,,,,,,,,,
4.667754,1785211502.162393093,idle,0,0,-25,press_SPACE_to_start,76,76,52,24,0,0,0,0,0,0,0,42,0,0,0,5,0,,,,,,,,,,,,
4.756427,1785211502.273126841,idle,0,0,-25,press_SPACE_to_start,77,77,53,24,0,0,0,0,0,0,0,43,0,0,0,5,0,,,,,,,,,,,,
4.845663,1785211502.385181904,idle,0,0,-25,press_SPACE_to_start,75,75,49,26,0,0,0,0,0,0,0,44,0,0,0,5,0,,,,,,,,,,,,
4.933398,1785211502.385181904,idle,0,0,-25,press_SPACE_to_start,75,75,49,26,0,0,0,0,0,0,0,44,0,0,0,5,0,,,,,,,,,,,,
5.026937,1785211502.496758938,idle,0,0,-25,press_SPACE_to_start,76,76,52,24,0,0,0,0,0,0,0,45,0,0,0,5,0,,,,,,,,,,,,
5.115673,1785211502.611021996,idle,0,0,-25,press_SPACE_to_start,73,73,51,22,0,0,0,0,0,0,0,46,0,0,0,5,0,,,,,,,,,,,,
5.204387,1785211502.722166061,idle,0,0,-25,press_SPACE_to_start,73,73,51,22,0,0,0,0,0,0,0,47,0,0,0,5,0,,,,,,,,,,,,
5.293427,1785211502.834495068,idle,0,0,-25,press_SPACE_to_start,75,75,51,24,1,0,0,0,0,0,0,48,0,0,0,5,0,,,,,,,,,,,,
5.382675,1785211502.834495068,idle,0,0,-25,press_SPACE_to_start,75,75,51,24,1,0,0,0,0,0,0,48,0,0,0,5,0,,,,,,,,,,,,
5.471573,1785211502.948728085,idle,0,0,-25,press_SPACE_to_start,77,77,53,24,1,0,0,0,0,0,0,49,0,0,0,5,0,,,,,,,,,,,,
5.564718,1785211503.059322119,idle,0,0,-25,press_SPACE_to_start,78,78,52,26,0,0,0,0,0,0,0,50,0,0,0,5,0,,,,,,,,,,,,
5.653071,1785211503.170810223,idle,0,0,-25,press_SPACE_to_start,75,75,52,23,0,0,0,0,0,0,0,51,0,0,0,5,0,,,,,,,,,,,,
5.741134,1785211503.282597065,idle,0,0,-25,press_SPACE_to_start,76,76,52,24,0,0,0,0,0,0,0,52,0,0,0,5,0,,,,,,,,,,,,
5.829678,1785211503.282597065,idle,0,0,-25,press_SPACE_to_start,76,76,52,24,0,0,0,0,0,0,0,52,0,0,0,5,0,,,,,,,,,,,,
5.919135,1785211503.397349834,idle,0,0,-25,press_SPACE_to_start,79,79,54,25,0,0,0,0,0,0,0,53,0,0,0,5,0,,,,,,,,,,,,
6.008279,1785211503.508910179,idle,0,0,-25,press_SPACE_to_start,74,74,52,22,0,0,0,0,0,0,0,54,0,0,0,5,0,,,,,,,,,,,,
6.101793,1785211503.619360924,idle,0,0,-25,press_SPACE_to_start,73,73,52,21,0,0,0,0,0,0,0,55,0,0,0,5,0,,,,,,,,,,,,
6.190424,1785211503.731172085,idle,0,0,-25,press_SPACE_to_start,74,74,50,24,1,0,0,0,0,0,0,56,0,0,0,5,0,,,,,,,,,,,,
6.279049,1785211503.731172085,idle,0,0,-25,press_SPACE_to_start,74,74,50,24,1,0,0,0,0,0,0,56,0,0,0,5,0,,,,,,,,,,,,
6.368115,1785211503.845242977,idle,0,0,-25,press_SPACE_to_start,79,79,54,25,1,0,0,0,0,0,0,57,0,0,0,5,0,,,,,,,,,,,,
6.457303,1785211503.957772970,idle,0,0,-25,press_SPACE_to_start,76,76,50,26,1,0,0,0,0,0,0,58,0,0,0,5,0,,,,,,,,,,,,
6.546241,1785211504.069221020,idle,0,0,-25,press_SPACE_to_start,77,77,52,25,1,0,0,0,0,0,0,59,0,0,0,5,0,,,,,,,,,,,,
6.639144,1785211504.182882071,idle,0,0,-25,press_SPACE_to_start,75,75,51,24,1,0,0,0,0,0,0,60,0,0,0,5,0,,,,,,,,,,,,
6.727483,1785211504.182882071,idle,0,0,-25,press_SPACE_to_start,75,75,51,24,1,0,0,0,0,0,0,60,0,0,0,5,0,,,,,,,,,,,,
6.815473,1785211504.294676065,idle,0,0,-25,press_SPACE_to_start,76,76,52,24,0,0,0,0,0,0,0,61,0,0,0,5,0,,,,,,,,,,,,
6.901453,1785211504.406232119,idle,0,0,-25,press_SPACE_to_start,75,75,51,24,0,0,0,0,0,0,0,62,0,0,0,5,0,,,,,,,,,,,,
6.989760,1785211504.517242193,idle,0,0,-25,press_SPACE_to_start,77,77,53,24,0,0,0,0,0,0,0,63,0,0,0,5,0,,,,,,,,,,,,
7.078749,1785211504.517242193,idle,0,0,-25,press_SPACE_to_start,77,77,53,24,0,0,0,0,0,0,0,63,0,0,0,5,0,,,,,,,,,,,,
7.171407,1785211504.632492065,idle,0,0,-25,press_SPACE_to_start,76,76,52,24,0,0,0,0,0,0,0,64,0,0,0,5,0,,,,,,,,,,,,
7.259085,1785211504.743659973,idle,0,0,-25,press_SPACE_to_start,75,75,52,23,0,0,0,0,0,0,0,65,0,0,0,5,0,,,,,,,,,,,,
7.347427,1785211504.855559826,idle,0,0,-25,press_SPACE_to_start,81,81,52,29,0,0,0,0,0,0,0,66,0,0,0,5,0,,,,,,,,,,,,
7.435743,1785211504.969189882,idle,0,0,-25,press_SPACE_to_start,78,78,52,26,0,0,0,0,0,0,0,67,0,0,0,5,0,,,,,,,,,,,,
7.525229,1785211504.969189882,idle,0,0,-25,press_SPACE_to_start,78,78,52,26,0,0,0,0,0,0,0,67,0,0,0,5,0,,,,,,,,,,,,
7.614257,1785211505.080446959,idle,0,0,-25,press_SPACE_to_start,76,76,52,24,0,0,0,0,0,0,0,68,0,0,0,5,0,,,,,,,,,,,,
7.708653,1785211505.191910982,idle,0,0,-25,press_SPACE_to_start,76,76,53,23,0,0,0,0,0,0,0,69,0,0,0,5,0,,,,,,,,,,,,
7.796937,1785211505.306441069,idle,0,0,-25,press_SPACE_to_start,79,79,54,25,0,0,0,0,0,0,0,70,0,0,0,5,0,,,,,,,,,,,,
7.885755,1785211505.417762041,idle,0,0,-25,press_SPACE_to_start,74,74,52,22,0,0,0,0,0,0,0,71,0,0,0,5,0,,,,,,,,,,,,
7.974822,1785211505.417762041,idle,0,0,-25,press_SPACE_to_start,74,74,52,22,0,0,0,0,0,0,0,71,0,0,0,5,0,,,,,,,,,,,,
8.063901,1785211505.528786898,idle,0,0,-25,press_SPACE_to_start,75,75,53,22,0,0,0,0,0,0,0,72,0,0,0,5,0,,,,,,,,,,,,
8.152897,1785211505.640368938,idle,0,0,-25,press_SPACE_to_start,74,74,49,25,0,0,0,0,0,0,0,73,0,0,0,5,0,,,,,,,,,,,,
8.246095,1785211505.754920006,idle,0,0,-25,press_SPACE_to_start,73,73,50,23,0,0,0,0,0,0,0,74,0,0,0,5,0,,,,,,,,,,,,
8.334490,1785211505.866612911,idle,0,0,-25,press_SPACE_to_start,72,72,50,22,0,0,0,0,0,0,0,75,0,0,0,5,0,,,,,,,,,,,,
8.423265,1785211505.866612911,idle,0,0,-25,press_SPACE_to_start,72,72,50,22,0,0,0,0,0,0,0,75,0,0,0,5,0,,,,,,,,,,,,
8.504715,1785211505.978456020,search_first_car,50,-25,-25,paper_search_first_vehicle,75,75,51,24,0,0,0,0,0,0,0,1,0,0,0,1,0,,,,,,,,,,,,
8.592836,1785211506.092341900,search_first_car,50,-25,-25,paper_search_first_vehicle,75,75,53,22,0,0,0,0,0,0,0,2,0,0,0,2,0,,,,,,,,,,,,
8.680763,1785211506.203934908,search_first_car,50,-25,-25,paper_search_first_vehicle,75,75,51,24,0,0,0,0,0,0,0,3,0,0,0,3,0,,,,,,,,,,,,
8.773121,1785211506.315783024,search_first_car,50,-25,-25,paper_search_first_vehicle,77,77,52,25,0,0,0,0,0,0,0,4,0,0,0,4,0,,,,,,,,,,,,
8.861196,1785211506.315783024,search_first_car,50,-25,-25,paper_search_first_vehicle,77,77,52,25,0,0,0,0,0,0,0,4,0,0,0,4,0,,,,,,,,,,,,
8.949768,1785211506.427320004,search_first_car,50,-25,-25,paper_search_first_vehicle,75,75,52,23,0,0,0,0,0,0,0,5,0,0,0,5,0,,,,,,,,,,,,
9.038791,1785211506.541805029,search_first_car,50,-25,-25,paper_search_first_vehicle,75,75,51,24,0,0,0,0,0,0,0,6,0,0,0,5,0,,,,,,,,,,,,
9.127206,1785211506.652997017,search_first_car,50,-25,-25,paper_search_first_vehicle,71,71,51,20,0,0,0,0,0,0,0,7,0,0,0,5,0,,,,,,,,,,,,
9.215535,1785211506.764666080,search_first_car,50,-25,-25,paper_search_first_vehicle,73,73,48,25,0,0,0,0,0,0,0,8,0,0,0,5,0,,,,,,,,,,,,
9.309124,1785211506.764666080,search_first_car,50,-25,-25,paper_search_first_vehicle,73,73,48,25,0,0,0,0,0,0,0,8,0,0,0,5,0,,,,,,,,,,,,
9.398170,1785211506.878105164,search_first_car,50,-25,-25,paper_search_first_vehicle,73,73,51,22,0,0,0,0,0,0,0,9,0,0,0,5,0,,,,,,,,,,,,
9.487485,1785211506.989928007,search_first_car,50,-25,-25,paper_search_first_vehicle,72,72,50,22,0,0,0,0,0,0,0,10,0,0,0,5,0,,,,,,,,,,,,
9.576206,1785211507.100876093,search_first_car,50,-25,-25,paper_search_first_vehicle,74,74,50,24,0,0,0,0,0,0,0,11,0,0,0,5,0,,,,,,,,,,,,
9.665561,1785211507.215685844,search_first_car,50,-25,-25,paper_search_first_vehicle,73,73,52,21,0,0,0,0,0,0,0,12,0,0,0,5,0,,,,,,,,,,,,
9.754778,1785211507.215685844,search_first_car,50,-25,-25,paper_search_first_vehicle,73,73,52,21,0,0,0,0,0,0,0,12,0,0,0,5,0,,,,,,,,,,,,
9.847561,1785211507.327283859,search_first_car,50,-25,-25,paper_search_first_vehicle,76,76,54,22,0,0,0,0,0,0,0,13,0,0,0,5,0,,,,,,,,,,,,
9.936280,1785211507.438338041,search_first_car,50,-25,-25,paper_search_first_vehicle,73,73,50,23,0,0,0,0,0,0,0,14,0,0,0,5,0,,,,,,,,,,,,
10.022904,1785211507.550123930,search_first_car,50,-25,-25,paper_search_first_vehicle,75,75,52,23,0,0,0,0,0,0,0,15,0,0,0,5,0,,,,,,,,,,,,
10.112009,1785211507.550123930,search_first_car,50,-25,-25,paper_search_first_vehicle,75,75,52,23,0,0,0,0,0,0,0,15,0,0,0,5,0,,,,,,,,,,,,
10.201441,1785211507.664494991,search_first_car,50,-25,-25,paper_search_first_vehicle,74,74,54,20,0,0,0,0,0,0,0,16,0,0,0,5,0,,,,,,,,,,,,
10.290512,1785211507.776587963,search_first_car,50,-25,-25,paper_search_first_vehicle,77,77,52,25,0,0,0,0,0,0,0,17,0,0,0,5,0,,,,,,,,,,,,
10.383775,1785211507.887267113,search_first_car,50,-25,-25,paper_search_first_vehicle,76,76,52,24,0,0,0,0,0,0,0,18,0,0,0,5,0,,,,,,,,,,,,
10.472404,1785211508.001933098,search_first_car,50,-25,-25,paper_search_first_vehicle,73,73,51,22,0,0,0,0,0,0,0,19,0,0,0,5,0,,,,,,,,,,,,
10.560526,1785211508.001933098,search_first_car,50,-25,-25,paper_search_first_vehicle,73,73,51,22,0,0,0,0,0,0,0,19,0,0,0,5,0,,,,,,,,,,,,
10.649268,1785211508.113545895,search_first_car,50,-25,-25,paper_search_first_vehicle,74,74,51,23,0,0,0,0,0,0,0,20,0,0,0,5,0,,,,,,,,,,,,
10.737974,1785211508.225498915,search_first_car,50,-25,-25,paper_search_first_vehicle,76,76,55,21,0,0,0,0,0,0,0,21,0,0,0,5,0,,,,,,,,,,,,
10.827209,1785211508.336581230,search_first_car,50,-25,-25,paper_search_first_vehicle,77,77,53,24,0,0,0,0,0,0,0,22,0,0,0,5,0,,,,,,,,,,,,
10.920440,1785211508.450651884,search_first_car,50,-25,-25,paper_search_first_vehicle,75,75,52,23,0,0,0,0,0,0,0,23,0,0,0,5,0,,,,,,,,,,,,
11.008548,1785211508.450651884,search_first_car,50,-25,-25,paper_search_first_vehicle,75,75,52,23,0,0,0,0,0,0,0,23,0,0,0,5,0,,,,,,,,,,,,
11.097461,1785211508.562539101,search_first_car,50,-25,-25,paper_search_first_vehicle,75,75,51,24,0,0,0,0,0,0,0,24,0,0,0,5,0,,,,,,,,,,,,
11.185698,1785211508.673954010,search_first_car,50,-25,-25,paper_search_first_vehicle,77,77,54,23,0,0,0,0,0,0,0,25,0,0,0,5,0,,,,,,,,,,,,
11.274750,1785211508.788446903,search_first_car,50,-25,-25,paper_search_first_vehicle,79,79,53,26,0,0,0,0,0,0,0,26,0,0,0,5,0,,,,,,,,,,,,
11.363284,1785211508.899591923,search_first_car,50,-25,-25,paper_search_first_vehicle,75,75,51,24,0,0,0,0,0,0,0,27,0,0,0,5,0,,,,,,,,,,,,
11.456305,1785211508.899591923,search_first_car,50,-25,-25,paper_search_first_vehicle,75,75,51,24,0,0,0,0,0,0,0,27,0,0,0,5,0,,,,,,,,,,,,
11.544995,1785211509.010658026,search_first_car,50,-25,-25,paper_search_first_vehicle,75,75,52,23,0,0,0,0,0,0,0,28,0,0,0,5,0,,,,,,,,,,,,
11.633549,1785211509.122761965,search_first_car,50,-25,-25,paper_search_first_vehicle,74,74,50,24,0,0,0,0,0,0,0,29,0,0,0,5,0,,,,,,,,,,,,
11.722442,1785211509.237459898,search_first_car,50,-25,-25,paper_search_first_vehicle,76,76,50,26,0,0,0,0,0,0,0,30,0,0,0,5,0,,,,,,,,,,,,
11.811697,1785211509.348101854,search_first_car,50,-25,-25,paper_search_first_vehicle,77,77,51,26,0,0,0,0,0,0,0,31,0,0,0,5,0,,,,,,,,,,,,
11.899469,1785211509.348101854,search_first_car,50,-25,-25,paper_search_first_vehicle,77,77,51,26,0,0,0,0,0,0,0,31,0,0,0,5,0,,,,,,,,,,,,
11.993065,1785211509.460165024,search_first_car,50,-25,-25,paper_search_first_vehicle,74,74,50,24,0,0,0,0,0,0,0,32,0,0,0,5,0,,,,,,,,,,,,
12.081403,1785211509.573844910,search_first_car,50,-25,-25,paper_search_first_vehicle,72,72,47,25,0,0,0,0,0,0,0,33,0,0,0,5,0,,,,,,,,,,,,
12.169865,1785211509.684961081,search_first_car,50,-25,-25,paper_search_first_vehicle,67,67,40,27,0,0,0,0,0,0,0,34,0,0,0,5,0,,,,,,,,,,,,
12.258974,1785211509.796504021,search_first_car,50,-25,-25,paper_search_first_vehicle,68,68,42,26,0,0,0,0,0,0,0,35,0,0,0,5,0,,,,,,,,,,,,
12.347427,1785211509.796504021,search_first_car,50,-25,-25,paper_search_first_vehicle,68,68,42,26,0,0,0,0,0,0,0,35,0,0,0,5,0,,,,,,,,,,,,
12.436956,1785211509.912232876,search_first_car,50,-25,-25,paper_search_first_vehicle,75,75,50,25,0,0,0,0,0,0,0,36,0,0,0,5,0,,,,,,,,,,,,
12.530360,1785211510.023339033,search_first_car,50,-25,-25,paper_search_first_vehicle,76,76,51,25,0,0,0,0,0,0,0,37,0,0,0,5,0,,,,,,,,,,,,
12.617518,1785211510.133839846,search_first_car,50,-25,-25,paper_search_first_vehicle,74,74,51,23,0,0,0,0,0,0,0,38,0,0,0,5,0,,,,,,,,,,,,
12.706151,1785211510.248933077,search_first_car,50,-25,-25,paper_search_first_vehicle,76,76,53,23,0,0,0,0,0,0,0,39,0,0,0,5,0,,,,,,,,,,,,
12.795401,1785211510.248933077,search_first_car,50,-25,-25,paper_search_first_vehicle,76,76,53,23,0,0,0,0,0,0,0,39,0,0,0,5,0,,,,,,,,,,,,
12.884616,1785211510.360390902,search_first_car,50,-25,-25,paper_search_first_vehicle,72,72,45,27,0,0,0,0,0,0,0,40,0,0,0,5,0,,,,,,,,,,,,
12.972299,1785211510.471956015,search_first_car,50,-25,-25,paper_search_first_vehicle,63,63,42,21,0,0,0,0,0,0,0,41,0,0,0,5,0,,,,,,,,,,,,
13.066087,1785211510.582586765,search_first_car,50,-25,-25,paper_search_first_vehicle,71,71,43,28,0,0,0,0,0,0,0,42,0,0,0,5,0,,,,,,,,,,,,
13.153873,1785211510.697941065,search_first_car,50,-25,-25,paper_search_first_vehicle,61,61,37,24,0,0,0,0,0,0,0,43,0,0,0,5,0,,,,,,,,,,,,
13.243147,1785211510.697941065,search_first_car,50,-25,-25,paper_search_first_vehicle,61,61,37,24,0,0,0,0,0,0,0,43,0,0,0,5,0,,,,,,,,,,,,
13.331709,1785211510.809175014,search_first_car,50,-25,-25,paper_search_first_vehicle,58,58,33,25,0,0,0,0,0,0,0,44,0,0,0,5,0,,,,,,,,,,,,
13.420835,1785211510.919749022,search_first_car,50,-25,-25,paper_search_first_vehicle,51,51,28,23,0,0,0,0,0,0,0,45,0,0,0,5,0,,,,,,,,,,,,
13.509045,1785211511.034390926,search_first_car,50,-25,-25,paper_search_first_vehicle,60,60,35,25,0,0,0,0,0,0,0,46,0,0,0,5,0,,,,,,,,,,,,
13.602223,1785211511.146260977,search_first_car,50,-25,-25,paper_search_first_vehicle,58,58,35,23,0,0,0,0,0,0,0,47,0,0,0,5,0,,,,,,,,,,,,
13.690606,1785211511.146260977,search_first_car,50,-25,-25,paper_search_first_vehicle,58,58,35,23,0,0,0,0,0,0,0,47,0,0,0,5,0,,,,,,,,,,,,
13.778767,1785211511.258001804,search_first_car,50,-25,-25,paper_search_first_vehicle,59,59,35,24,0,0,0,0,0,0,0,48,0,0,0,5,0,,,,,,,,,,,,
13.867709,1785211511.372858763,search_first_car,50,-25,-25,paper_search_first_vehicle,60,60,35,25,0,0,0,0,0,0,0,49,0,0,0,5,0,,,,,,,,,,,,
13.955420,1785211511.483824015,search_first_car,50,-25,-25,paper_search_first_vehicle,54,54,30,24,0,0,0,0,0,0,0,50,0,0,0,5,0,,,,,,,,,,,,
14.044214,1785211511.595550060,search_first_car,50,-25,-25,paper_search_first_vehicle,50,50,27,22,0,0,0,0,0,0,0,51,0,0,0,5,0,,,,,,,,,,,,
14.138012,1785211511.595550060,search_first_car,50,-25,-25,paper_search_first_vehicle,50,50,27,22,0,0,0,0,0,0,0,51,0,0,0,5,0,,,,,,,,,,,,
14.225870,1785211511.706544161,search_first_car,50,-25,-25,paper_search_first_vehicle,52,52,27,25,0,0,0,0,0,0,0,52,0,0,0,5,0,,,,,,,,,,,,
14.314388,1785211511.821905851,search_first_car,50,-25,-25,paper_search_first_vehicle,55,55,34,21,0,0,0,0,0,0,0,53,0,0,0,5,0,,,,,,,,,,,,
14.403550,1785211511.932848215,search_first_car,50,-25,-25,paper_search_first_vehicle,58,58,35,23,0,0,0,0,0,0,0,54,0,0,0,5,0,,,,,,,,,,,,
14.492320,1785211512.043658972,search_first_car,50,-25,-25,paper_search_first_vehicle,57,57,35,22,0,0,0,0,0,0,0,55,0,0,0,5,0,,,,,,,,,,,,
14.581113,1785211512.043658972,search_first_car,50,-25,-25,paper_search_first_vehicle,57,57,35,22,0,0,0,0,0,0,0,55,0,0,0,5,0,,,,,,,,,,,,
14.674837,1785211512.158804893,search_first_car,50,-25,-25,paper_search_first_vehicle,60,60,34,26,0,0,0,0,0,0,0,56,0,0,0,5,0,,,,,,,,,,,,
14.762650,1785211512.269273996,search_first_car,50,-25,-25,paper_search_first_vehicle,55,55,29,26,0,0,0,0,0,0,0,57,0,0,0,5,0,,,,,,,,,,,,
14.851211,1785211512.380612135,search_first_car,50,-25,-25,paper_search_first_vehicle,51,51,29,22,0,0,0,0,0,0,0,58,0,0,0,5,0,,,,,,,,,,,,
14.940242,1785211512.380612135,search_first_car,50,-25,-25,paper_search_first_vehicle,51,51,29,22,0,0,0,0,0,0,0,58,0,0,0,5,0,,,,,,,,,,,,
15.028311,1785211512.495564938,search_first_car,50,-25,-25,paper_search_first_vehicle,52,52,28,24,0,0,0,0,0,0,0,59,0,0,0,5,0,,,,,,,,,,,,
15.116668,1785211512.606975079,search_first_car,50,-25,-25,paper_search_first_vehicle,54,54,29,25,0,0,0,0,0,0,0,60,0,0,0,5,0,,,,,,,,,,,,
15.209794,1785211512.718624115,search_first_car,50,-25,-25,paper_search_first_vehicle,46,46,22,24,0,0,0,0,0,0,0,61,0,0,0,5,0,,,,,,,,,,,,
15.297849,1785211512.830305099,search_first_car,50,-25,-25,paper_search_first_vehicle,49,49,26,23,0,0,0,0,0,0,0,62,0,0,0,5,0,,,,,,,,,,,,
15.386640,1785211512.830305099,search_first_car,50,-25,-25,paper_search_first_vehicle,49,49,26,23,0,0,0,0,0,0,0,62,0,0,0,5,0,,,,,,,,,,,,
15.475161,1785211512.944700956,search_first_car,50,-25,-25,paper_search_first_vehicle,51,51,24,27,0,0,0,0,0,0,0,63,0,0,0,5,0,,,,,,,,,,,,
15.563842,1785211513.055333138,search_first_car,50,-25,-25,paper_search_first_vehicle,50,50,26,24,0,0,0,0,0,0,0,64,0,0,0,5,0,,,,,,,,,,,,
15.651158,1785211513.166693211,search_first_car,50,-25,-25,paper_search_first_vehicle,47,47,23,24,0,0,0,0,0,0,0,65,0,0,0,5,0,,,,,,,,,,,,
15.744285,1785211513.281538010,search_first_car,50,-25,-25,paper_search_first_vehicle,52,52,26,26,0,0,0,0,0,0,0,66,0,0,0,5,0,,,,,,,,,,,,
15.832492,1785211513.281538010,search_first_car,50,-25,-25,paper_search_first_vehicle,52,52,26,26,0,0,0,0,0,0,0,66,0,0,0,5,0,,,,,,,,,,,,
15.921058,1785211513.393295765,search_first_car,50,-25,-25,paper_search_first_vehicle,51,51,25,26,0,0,0,0,0,0,0,67,0,0,0,5,0,,,,,,,,,,,,
16.008975,1785211513.504371881,search_first_car,50,-25,-25,paper_search_first_vehicle,53,53,29,24,0,0,0,0,0,0,0,68,0,0,0,5,0,,,,,,,,,,,,
16.097791,1785211513.619131804,search_first_car,50,-25,-25,paper_search_first_vehicle,47,47,23,24,0,0,0,0,0,0,0,69,0,0,0,5,0,,,,,,,,,,,,
16.186885,1785211513.730473042,search_first_car,50,-25,-25,paper_search_first_vehicle,45,45,25,20,0,0,0,0,0,0,0,70,0,0,0,5,0,,,,,,,,,,,,
16.279970,1785211513.730473042,search_first_car,50,-25,-25,paper_search_first_vehicle,45,45,25,20,0,0,0,0,0,0,0,70,0,0,0,5,0,,,,,,,,,,,,
16.368781,1785211513.842096090,search_first_car,50,-25,-25,paper_search_first_vehicle,54,54,29,25,0,0,0,0,0,0,0,71,0,0,0,5,0,,,,,,,,,,,,
16.456491,1785211513.956778049,search_first_car,50,-25,-25,paper_search_first_vehicle,55,55,33,22,0,0,0,0,0,0,0,72,0,0,0,5,0,,,,,,,,,,,,
16.544795,1785211514.067591906,search_first_car,50,-25,-25,paper_search_first_vehicle,53,53,30,23,0,0,0,0,0,0,0,73,0,0,0,5,0,,,,,,,,,,,,
16.633472,1785211514.179535866,search_first_car,50,-25,-25,paper_search_first_vehicle,54,54,30,24,0,0,0,0,0,0,0,74,0,0,0,5,0,,,,,,,,,,,,
16.722134,1785211514.179535866,search_first_car,50,-25,-25,paper_search_first_vehicle,54,54,30,24,0,0,0,0,0,0,0,74,0,0,0,5,0,,,,,,,,,,,,
16.815474,1785211514.290616035,search_first_car,50,-25,-25,paper_search_first_vehicle,46,46,28,18,0,0,0,0,0,0,0,75,0,0,0,5,0,,,,,,,,,,,,
16.903684,1785211514.404567003,search_first_car,50,-25,-25,paper_search_first_vehicle,53,53,29,24,0,0,0,0,0,0,0,76,0,0,0,5,0,,,,,,,,,,,,
16.992046,1785211514.516026974,search_first_car,50,-25,-25,paper_search_first_vehicle,45,45,22,23,0,0,0,0,0,0,0,77,0,0,0,5,0,,,,,,,,,,,,
17.080047,1785211514.627753019,search_first_car,50,-25,-25,paper_search_first_vehicle,46,46,24,22,0,0,0,0,0,0,0,78,0,0,0,5,0,,,,,,,,,,,,
17.168590,1785211514.627753019,search_first_car,50,-25,-25,paper_search_first_vehicle,46,46,24,22,0,0,0,0,0,0,0,78,0,0,0,5,0,,,,,,,,,,,,
17.256858,1785211514.742042780,search_first_car,50,-25,-25,paper_search_first_vehicle,41,41,19,22,0,0,0,0,0,0,0,79,0,0,0,5,0,,,,,,,,,,,,
17.350007,1785211514.853433132,search_first_car,50,-25,-25,paper_search_first_vehicle,35,35,15,20,0,0,0,0,0,0,0,80,0,0,0,5,0,,,,,,,,,,,,
17.438001,1785211514.965214014,search_first_car,50,-25,-25,paper_search_first_vehicle,44,44,20,24,0,0,0,0,0,0,0,81,0,0,0,5,0,,,,,,,,,,,,
17.526546,1785211514.965214014,search_first_car,50,-25,-25,paper_search_first_vehicle,44,44,20,24,0,0,0,0,0,0,0,81,0,0,0,5,0,,,,,,,,,,,,
17.614448,1785211515.079386950,search_first_car,50,-25,-25,paper_search_first_vehicle,40,40,19,21,0,0,0,0,0,0,0,82,0,0,0,5,0,,,,,,,,,,,,
17.703371,1785211515.190829039,search_first_car,50,-25,-25,paper_search_first_vehicle,38,38,16,22,0,0,0,0,0,0,0,83,0,0,0,5,0,,,,,,,,,,,,
17.791574,1785211515.302952051,search_first_car,50,-25,-25,paper_search_first_vehicle,35,35,15,20,0,0,0,0,0,0,0,84,0,0,0,5,0,,,,,,,,,,,,
17.884902,1785211515.416991949,search_first_car,50,-25,-25,paper_search_first_vehicle,38,38,18,20,0,0,0,0,0,0,0,85,0,0,0,5,0,,,,,,,,,,,,
17.973415,1785211515.416991949,search_first_car,50,-25,-25,paper_search_first_vehicle,38,38,18,20,0,0,0,0,0,0,0,85,0,0,0,5,0,,,,,,,,,,,,
18.062310,1785211515.528620005,search_first_car,50,-25,-25,paper_search_first_vehicle,35,35,15,20,0,0,0,0,0,0,0,86,0,0,0,5,0,,,,,,,,,,,,
18.149430,1785211515.640578032,search_first_car,50,-25,-25,paper_search_first_vehicle,34,34,15,19,0,0,0,0,0,0,0,87,0,0,0,5,0,,,,,,,,,,,,
18.237405,1785211515.750974894,search_first_car,50,-25,-25,paper_search_first_vehicle,34,34,12,22,0,0,0,0,0,0,0,88,0,0,0,5,0,,,,,,,,,,,,
18.325119,1785211515.865221024,search_first_car,50,-25,-25,paper_search_first_vehicle,38,38,12,26,0,0,0,0,0,0,0,89,0,0,0,5,0,,,,,,,,,,,,
18.418581,1785211515.865221024,search_first_car,50,-25,-25,paper_search_first_vehicle,38,38,12,26,0,0,0,0,0,0,0,89,0,0,0,5,0,,,,,,,,,,,,
18.506894,1785211515.976755857,search_first_car,50,-25,-25,paper_search_first_vehicle,34,34,13,21,0,0,0,0,0,0,0,90,0,0,0,5,0,,,,,,,,,,,,
18.595473,1785211516.088240862,search_first_car,50,-25,-25,paper_search_first_vehicle,42,42,17,25,0,0,0,0,0,0,0,91,0,0,0,5,0,,,,,,,,,,,,
18.683303,1785211516.202700138,search_first_car,50,-25,-25,paper_search_first_vehicle,30,30,11,19,0,0,0,0,0,0,0,92,0,0,0,5,0,,,,,,,,,,,,
18.771302,1785211516.315217972,search_first_car,50,-25,-25,paper_search_first_vehicle,33,33,12,21,0,0,0,0,0,0,0,93,0,0,0,5,0,,,,,,,,,,,,
18.858884,1785211516.315217972,search_first_car,50,-25,-25,paper_search_first_vehicle,33,33,12,21,0,0,0,0,0,0,0,93,0,0,0,5,0,,,,,,,,,,,,
18.951298,1785211516.425733089,search_first_car,50,-25,-25,paper_search_first_vehicle,33,33,11,22,0,0,0,0,0,0,0,94,0,0,0,5,0,,,,,,,,,,,,
19.038656,1785211516.540380955,search_first_car,50,-25,-25,paper_search_first_vehicle,33,33,7,26,0,0,0,0,0,0,0,95,0,0,0,5,0,,,,,,,,,,,,
19.122966,1785211516.651592016,search_first_car,50,-25,-25,paper_search_first_vehicle,34,34,12,22,0,0,0,0,0,0,0,96,0,0,0,5,0,,,,,,,,,,,,
19.211209,1785211516.651592016,search_first_car,50,-25,-25,paper_search_first_vehicle,34,34,12,22,0,0,0,0,0,0,0,96,0,0,0,5,0,,,,,,,,,,,,
19.300181,1785211516.763783932,search_first_car,50,-25,-25,paper_search_first_vehicle,34,34,12,22,0,0,0,0,0,0,0,97,0,0,0,5,0,,,,,,,,,,,,
19.388648,1785211516.874675989,search_first_car,50,-25,-25,paper_search_first_vehicle,27,27,5,22,0,0,0,0,0,0,0,98,0,0,0,5,0,,,,,,,,,,,,
19.481490,1785211516.988683939,search_first_car,50,-25,-25,paper_search_first_vehicle,25,25,7,18,0,0,0,0,0,0,0,99,0,0,0,5,0,,,,,,,,,,,,
19.569431,1785211517.100172997,search_first_car,50,-25,-25,paper_search_first_vehicle,33,33,7,26,0,0,0,0,0,0,0,100,0,0,0,5,0,,,,,,,,,,,,
19.657571,1785211517.100172997,search_first_car,50,-25,-25,paper_search_first_vehicle,33,33,7,26,0,0,0,0,0,0,0,100,0,0,0,5,0,,,,,,,,,,,,
19.745792,1785211517.212347984,search_first_car,50,-25,-25,paper_search_first_vehicle,30,30,6,24,0,0,0,0,0,0,0,101,0,0,0,5,0,,,,,,,,,,,,
19.833793,1785211517.327090025,search_first_car,50,-25,-25,paper_search_first_vehicle,37,37,9,28,0,0,0,0,0,0,0,102,0,0,0,5,0,,,,,,,,,,,,
19.922342,1785211517.437404871,search_first_car,50,-25,-25,paper_search_first_vehicle,27,27,5,22,0,0,0,0,0,0,0,103,0,0,0,5,0,,,,,,,,,,,,
20.014951,1785211517.549383879,search_first_car,50,-25,-25,paper_search_first_vehicle,29,29,4,25,0,0,0,0,0,0,0,104,0,0,0,5,0,,,,,,,,,,,,
20.102905,1785211517.549383879,search_first_car,50,-25,-25,paper_search_first_vehicle,29,29,4,25,0,0,0,0,0,0,0,104,0,0,0,5,0,,,,,,,,,,,,
20.191380,1785211517.660325050,search_first_car,50,-25,-25,paper_search_first_vehicle,27,27,3,24,0,0,0,0,0,0,0,105,0,0,0,5,0,,,,,,,,,,,,
20.280171,1785211517.775202990,search_first_car,50,-25,-25,paper_search_first_vehicle,23,23,3,20,0,0,0,0,0,0,0,106,0,0,0,5,0,,,,,,,,,,,,
20.368530,1785211517.886456013,search_first_car,50,-25,-25,paper_search_first_vehicle,24,24,4,20,0,0,0,0,0,0,0,107,0,0,0,5,0,,,,,,,,,,,,
20.457114,1785211517.998096943,search_first_car,50,-25,-25,paper_search_first_vehicle,28,28,4,24,0,0,0,0,0,0,0,108,0,0,0,5,0,,,,,,,,,,,,
20.549873,1785211517.998096943,search_first_car,50,-25,-25,paper_search_first_vehicle,28,28,4,24,0,0,0,0,0,0,0,108,0,0,0,5,0,,,,,,,,,,,,
20.638395,1785211518.113167048,search_first_car,50,-25,-25,paper_search_first_vehicle,25,25,2,23,0,0,0,0,0,0,0,109,0,0,0,5,0,,,,,,,,,,,,
20.726700,1785211518.223527908,search_first_car,50,-25,-25,paper_search_first_vehicle,24,24,3,21,0,0,0,0,0,0,0,110,0,0,0,5,0,,,,,,,,,,,,
20.814126,1785211518.334816933,search_first_car,50,-25,-25,paper_search_first_vehicle,23,23,3,20,0,0,0,0,0,0,0,111,0,0,0,5,0,,,,,,,,,,,,
20.901985,1785211518.449576855,search_first_car,50,-25,-25,paper_search_first_vehicle,27,27,5,22,0,0,0,0,0,0,0,112,0,0,0,5,0,,,,,,,,,,,,
20.990826,1785211518.449576855,search_first_car,50,-25,-25,paper_search_first_vehicle,27,27,5,22,0,0,0,0,0,0,0,112,0,0,0,5,0,,,,,,,,,,,,
21.083865,1785211518.561582088,search_first_car,50,-25,-25,paper_search_first_vehicle,21,21,2,19,0,0,0,0,0,0,0,113,0,0,0,5,0,,,,,,,,,,,,
21.172254,1785211518.673439980,search_first_car,50,-25,-25,paper_search_first_vehicle,22,22,1,21,0,0,0,0,0,0,0,114,0,0,0,5,0,,,,,,,,,,,,
21.260490,1785211518.787158966,search_first_car,50,-25,-25,paper_search_first_vehicle,19,19,3,16,0,0,0,0,0,0,0,115,0,0,0,5,0,,,,,,,,,,,,
21.348560,1785211518.898243189,search_first_car,50,-25,-25,paper_search_first_vehicle,23,23,4,19,0,0,0,0,0,0,0,116,0,0,0,5,0,,,,,,,,,,,,
21.436995,1785211518.898243189,search_first_car,50,-25,-25,paper_search_first_vehicle,23,23,4,19,0,0,0,0,0,0,0,116,0,0,0,5,0,,,,,,,,,,,,
21.524705,1785211519.010494947,search_first_car,50,-25,-25,paper_search_first_vehicle,26,26,2,24,0,0,0,0,0,0,0,117,0,0,0,5,0,,,,,,,,,,,,
21.617507,1785211519.125189781,search_first_car,50,-25,-25,paper_search_first_vehicle,26,26,5,21,0,0,0,0,0,0,0,118,0,0,0,5,0,,,,,,,,,,,,
21.705761,1785211519.236253977,search_first_car,50,-25,-25,paper_search_first_vehicle,21,21,3,18,0,0,0,0,0,0,0,119,0,0,0,5,0,,,,,,,,,,,,
21.794607,1785211519.236253977,search_first_car,50,-25,-25,paper_search_first_vehicle,21,21,3,18,0,0,0,0,0,0,0,119,0,0,0,5,0,,,,,,,,,,,,
21.883942,1785211519.347066879,search_first_car,50,-25,-25,paper_search_first_vehicle,23,23,2,21,0,0,0,0,0,0,0,120,0,0,0,5,0,,,,,,,,,,,,
21.972478,1785211519.462645054,search_first_car,50,-25,-25,paper_search_first_vehicle,30,30,7,23,0,0,0,0,0,0,0,121,0,0,0,5,0,,,,,,,,,,,,
22.058201,1785211519.573306799,search_first_car,50,-25,-25,paper_search_first_vehicle,29,29,7,22,0,0,0,0,0,0,0,122,0,0,0,5,0,,,,,,,,,,,,
22.151630,1785211519.684735060,search_first_car,50,-25,-25,paper_search_first_vehicle,28,28,7,21,0,0,0,0,0,0,0,123,0,0,0,5,0,,,,,,,,,,,,
22.239013,1785211519.684735060,search_first_car,50,-25,-25,paper_search_first_vehicle,28,28,7,21,0,0,0,0,0,0,0,123,0,0,0,5,0,,,,,,,,,,,,
22.328014,1785211519.797233820,search_first_car,50,-25,-25,paper_search_first_vehicle,32,32,9,23,0,0,0,0,0,0,0,124,0,0,0,5,0,,,,,,,,,,,,
22.416288,1785211519.910732031,search_first_car,50,-25,-25,paper_search_first_vehicle,25,25,5,20,0,0,0,0,0,0,0,125,0,0,0,5,0,,,,,,,,,,,,
22.504642,1785211520.022553205,search_first_car,50,-25,-25,paper_search_first_vehicle,29,29,8,21,0,0,0,0,0,0,0,126,0,0,0,5,0,,,,,,,,,,,,
22.592512,1785211520.133970976,search_first_car,50,-25,-25,paper_search_first_vehicle,38,38,11,27,0,0,0,0,0,0,0,127,0,0,0,5,0,,,,,,,,,,,,
22.685426,1785211520.133970976,search_first_car,50,-25,-25,paper_search_first_vehicle,38,38,11,27,0,0,0,0,0,0,0,127,0,0,0,5,0,,,,,,,,,,,,
22.772961,1785211520.248648882,search_first_car,50,-25,-25,paper_search_first_vehicle,26,26,7,19,0,0,0,0,0,0,0,128,0,0,0,5,0,,,,,,,,,,,,
22.860070,1785211520.359356880,search_first_car,50,-25,-25,paper_search_first_vehicle,31,31,8,23,0,0,0,0,0,0,0,129,0,0,0,5,0,,,,,,,,,,,,
22.948609,1785211520.471362114,search_first_car,50,-25,-25,paper_search_first_vehicle,28,28,8,20,0,0,0,0,0,0,0,130,0,0,0,5,0,,,,,,,,,,,,
23.037028,1785211520.585462093,search_first_car,50,-25,-25,paper_search_first_vehicle,31,31,7,24,0,0,0,0,0,0,0,131,0,0,0,5,0,,,,,,,,,,,,
23.125531,1785211520.585462093,search_first_car,50,-25,-25,paper_search_first_vehicle,31,31,7,24,0,0,0,0,0,0,0,131,0,0,0,5,0,,,,,,,,,,,,
23.218601,1785211520.697379112,search_first_car,50,-25,-25,paper_search_first_vehicle,30,30,8,22,0,0,0,0,0,0,0,132,0,0,0,5,0,,,,,,,,,,,,
23.307070,1785211520.808767080,search_first_car,50,-25,-25,paper_search_first_vehicle,38,38,16,22,0,0,0,0,0,0,0,133,0,0,0,5,0,,,,,,,,,,,,
23.395325,1785211520.919250965,search_first_car,50,-25,-25,paper_search_first_vehicle,37,37,17,20,0,0,0,0,0,0,0,134,0,0,0,5,0,,,,,,,,,,,,
23.484226,1785211521.034153938,search_first_car,50,-25,-25,paper_search_first_vehicle,38,38,16,22,0,0,0,0,0,0,0,135,0,0,0,5,0,,,,,,,,,,,,
23.572790,1785211521.034153938,search_first_car,50,-25,-25,paper_search_first_vehicle,38,38,16,22,0,0,0,0,0,0,0,135,0,0,0,5,0,,,,,,,,,,,,
23.661409,1785211521.145221233,search_first_car,50,-25,-25,paper_search_first_vehicle,44,44,23,21,0,0,0,0,0,0,0,136,0,0,0,5,0,,,,,,,,,,,,
23.755449,1785211521.256833076,search_first_car,50,-25,-25,paper_search_first_vehicle,47,47,24,23,0,0,0,0,0,0,0,137,0,1,0,5,0,,,,,,,,,,,1384.250000,
23.843133,1785211521.371138096,search_first_car,50,-25,-25,paper_search_first_vehicle,47,47,28,19,0,0,0,0,0,0,0,138,0,0,0,5,0,,,,,,,,,,,,
23.931179,1785211521.371138096,search_first_car,50,-25,-25,paper_search_first_vehicle,47,47,28,19,0,0,0,0,0,0,0,138,0,0,0,5,0,,,,,,,,,,,,
24.020315,1785211521.483606100,search_first_car,50,-25,-25,paper_search_first_vehicle,54,54,30,24,0,0,0,0,0,0,0,139,0,0,0,5,0,,,,,,,,,,,,
24.108877,1785211521.594058037,search_first_car,50,-25,-25,paper_search_first_vehicle,50,50,30,20,0,0,0,0,0,0,0,140,0,1,0,5,0,,,,,,,,,,,,
24.197340,1785211521.708485842,search_first_car,50,-25,-25,paper_search_first_vehicle,57,57,33,24,1,0,0,0,0,0,0,141,0,1,0,5,0,,,,,,,,,,,,
24.290640,1785211521.819711924,search_first_car,50,-25,-25,paper_search_first_vehicle,57,57,32,25,1,0,0,0,0,0,0,142,0,1,0,5,0,,,,,,,,,,,1298.000000,
24.379244,1785211521.819711924,search_first_car,50,-25,-25,paper_search_first_vehicle,57,57,32,25,1,0,0,0,0,0,0,142,0,1,0,5,0,,,,,,,,,,,1298.000000,
24.468263,1785211521.932224035,search_first_car,50,-25,-25,paper_search_first_vehicle,46,46,27,19,1,0,0,0,0,0,0,143,0,1,0,5,0,,,,,,,,,,,1294.750000,
24.555855,1785211522.046875954,search_first_car,50,-25,-25,paper_search_first_vehicle,54,54,30,24,1,0,0,0,0,0,0,144,0,1,0,5,0,,,,,,,,,,,1285.750000,
24.643883,1785211522.158264160,search_first_car,50,-25,-25,paper_search_first_vehicle,59,59,34,25,1,0,0,0,1,3,1,0,0,1,0,5,0,,,,,,,,,,,1278.750000,
24.732678,1785211522.268486977,search_open_space,50,-25,-25,paper_first_vehicle_counted,58,58,34,24,1,0,1,1,1,3,2,0,1,1,0,5,0,,,,,,,,,,,1279.000000,
24.826348,1785211522.268486977,search_open_space,50,-25,-25,paper_passing_first_vehicle,58,58,34,24,1,0,1,1,1,3,2,0,1,1,0,5,0,,,,,,,,,,,1279.000000,
24.914834,1785211522.380755901,search_open_space,50,-25,-25,paper_passing_first_vehicle,61,61,33,28,1,0,1,1,1,5,3,0,1,1,0,5,0,,,,,,,,,,,1276.250000,
25.003870,1785211522.495177031,search_open_space,50,-25,-25,paper_passing_first_vehicle,55,55,31,24,1,0,1,1,1,4,4,0,1,1,0,5,0,,,,,,,,,,,1273.500000,
25.090815,1785211522.606968164,search_open_space,50,-25,-25,paper_passing_first_vehicle,61,61,34,27,1,0,1,1,1,4,5,0,1,1,0,5,0,,,,,,,,,,,1268.000000,
25.179953,1785211522.717206001,search_open_space,50,-25,-25,paper_passing_first_vehicle,64,64,37,27,1,0,1,1,1,3,6,0,1,1,0,5,0,,,,,,,,,,,1271.750000,
25.269214,1785211522.717206001,search_open_space,50,-25,-25,paper_passing_first_vehicle,64,64,37,27,1,0,1,1,1,3,6,0,1,1,0,5,0,,,,,,,,,,,1271.750000,
25.362442,1785211522.832478046,search_open_space,50,-25,-25,paper_passing_first_vehicle,61,61,38,23,1,0,1,1,1,4,7,0,1,1,0,5,0,,,,,,,,,,,1271.500000,
25.451619,1785211522.944108963,search_open_space,50,-25,-25,paper_passing_first_vehicle,62,62,36,26,1,0,1,1,1,4,8,0,1,1,0,5,0,,,,,,,,,,,1265.000000,
25.540586,1785211523.054538012,search_open_space,50,-25,-25,paper_passing_first_vehicle,63,63,36,27,1,0,1,1,1,4,9,0,1,1,0,5,0,,,,,,,,,,,1265.000000,
25.629676,1785211523.169780970,search_open_space,50,-25,-25,paper_passing_first_vehicle,62,62,36,26,1,0,1,1,1,5,10,0,1,1,0,5,0,,,,,,,,,,,1265.000000,
25.717867,1785211523.169780970,search_open_space,50,-25,-25,paper_passing_first_vehicle,62,62,36,26,1,0,1,1,1,5,10,0,1,1,0,5,0,,,,,,,,,,,1265.000000,
25.806930,1785211523.281569958,search_open_space,50,-25,-25,paper_passing_first_vehicle,56,56,28,28,1,0,1,1,1,5,11,0,1,1,0,5,0,,,,,,,,,,,1263.250000,
25.900660,1785211523.392592907,search_open_space,50,-25,-25,paper_passing_first_vehicle,57,57,30,27,1,0,1,1,1,6,12,0,1,1,0,5,0,,,,,,,,,,,1250.000000,
25.989834,1785211523.503781080,search_open_space,50,-25,-25,paper_passing_first_vehicle,63,63,35,28,1,0,1,1,1,5,13,0,1,1,0,5,0,,,,,,,,,,,1249.750000,
26.079498,1785211523.618758917,search_open_space,50,-25,-25,paper_passing_first_vehicle,50,50,26,24,1,0,1,1,1,6,14,0,1,1,0,5,0,,,,,,,,,,,1243.000000,
26.168736,1785211523.618758917,search_open_space,50,-25,-25,paper_passing_first_vehicle,50,50,26,24,1,0,1,1,1,6,14,0,1,1,0,5,0,,,,,,,,,,,1243.000000,
26.258301,1785211523.729848146,search_open_space,50,-25,-25,paper_passing_first_vehicle,50,50,25,25,1,0,1,1,1,7,15,0,1,1,0,5,0,,,,,,,,,,,1257.500000,
26.347401,1785211523.841464996,search_open_space,50,-25,-25,paper_passing_first_vehicle,49,49,26,23,1,0,1,1,1,5,16,0,1,1,0,5,0,,,,,,,,,,,1250.750000,
26.440940,1785211523.956017971,search_open_space,50,-25,-25,paper_passing_first_vehicle,53,53,27,26,1,0,1,1,1,5,17,0,1,1,0,5,0,,,,,,,,,,,1255.500000,
26.529963,1785211524.067240953,search_open_space,50,-25,-25,paper_passing_first_vehicle,57,57,29,28,1,0,1,1,1,5,18,0,1,1,0,5,0,,,,,,,,,,,1241.250000,
26.619050,1785211524.067240953,search_open_space,50,-25,-25,paper_passing_first_vehicle,57,57,29,28,1,0,1,1,1,5,18,0,1,1,0,5,0,,,,,,,,,,,1241.250000,
26.708298,1785211524.178969145,search_open_space,50,-25,-25,paper_passing_first_vehicle,56,56,27,29,1,0,1,1,1,6,19,0,1,1,0,5,0,,,,,,,,,,,1239.500000,
26.796981,1785211524.292685986,search_open_space,50,-25,-25,paper_passing_first_vehicle,55,55,27,28,1,0,1,1,1,5,20,0,1,1,0,5,0,,,,,,,,,,,1242.000000,
26.885625,1785211524.404961109,search_open_space,50,-25,-25,paper_passing_first_vehicle,58,58,27,31,1,0,1,1,1,6,21,0,1,1,0,5,0,,,,,,,,,,,1251.500000,
26.979721,1785211524.515482187,search_open_space,50,-25,-25,paper_passing_first_vehicle,56,56,27,29,1,0,1,1,1,8,22,0,1,1,0,5,0,,,,,,,,,,,1245.250000,
27.068651,1785211524.515482187,search_open_space,50,-25,-25,paper_passing_first_vehicle,56,56,27,29,1,0,1,1,1,8,22,0,1,1,0,5,0,,,,,,,,,,,1245.250000,
27.158099,1785211524.629858017,search_open_space,50,-25,-25,paper_passing_first_vehicle,59,59,28,31,1,0,1,1,1,7,23,0,1,1,0,5,0,,,,,,,,,,,1247.000000,
27.247281,1785211524.741292000,search_open_space,50,-25,-25,paper_passing_first_vehicle,56,56,28,28,1,0,1,1,1,5,24,0,1,1,0,5,0,,,,,,,,,,,1250.750000,
27.336586,1785211524.853292942,search_open_space,50,-25,-25,paper_passing_first_vehicle,50,50,27,23,1,0,1,1,1,4,25,0,1,1,0,5,0,,,,,,,,,,,1253.000000,
27.426449,1785211524.964858770,search_open_space,50,-25,-25,paper_passing_first_vehicle,55,55,31,24,1,0,1,1,1,4,26,0,1,1,0,5,0,,,,,,,,,,,1253.500000,
27.519492,1785211524.964858770,search_open_space,50,-25,-25,paper_passing_first_vehicle,55,55,31,24,1,0,1,1,1,4,26,0,1,1,0,5,0,,,,,,,,,,,1253.500000,
27.608835,1785211525.079173803,search_open_space,50,-25,-25,paper_passing_first_vehicle,60,60,32,28,1,0,1,1,1,6,27,0,1,1,0,5,0,,,,,,,,,,,1255.500000,
27.697413,1785211525.190999985,search_open_space,50,-25,-25,paper_passing_first_vehicle,49,49,27,22,1,0,1,1,1,5,28,0,1,1,0,5,0,,,,,,,,,,,1250.750000,
27.786717,1785211525.301722765,search_open_space,50,-25,-25,paper_passing_first_vehicle,54,54,28,26,1,0,1,1,1,3,29,0,1,1,0,5,0,,,,,,,,,,,1254.000000,
27.875001,1785211525.416304111,search_open_space,50,-25,-25,paper_passing_first_vehicle,54,54,31,23,1,0,1,1,1,3,30,0,1,1,0,5,0,,,,,,,,,,,1258.750000,
27.963618,1785211525.416304111,search_open_space,50,-25,-25,paper_passing_first_vehicle,54,54,31,23,1,0,1,1,1,3,30,0,1,1,0,5,0,,,,,,,,,,,1258.750000,
28.056225,1785211525.527863979,search_open_space,50,-25,-25,paper_passing_first_vehicle,51,51,28,23,1,0,1,1,1,3,31,0,1,1,0,5,0,,,,,,,,,,,1256.500000,
28.142164,1785211525.639629126,search_open_space,50,-25,-25,paper_passing_first_vehicle,54,54,27,27,1,0,1,1,1,5,32,0,1,1,0,5,0,,,,,,,,,,,1261.000000,
28.230710,1785211525.754026890,search_open_space,50,-25,-25,paper_passing_first_vehicle,47,47,23,24,1,0,1,1,0,0,0,1,1,1,0,5,0,,,,,,,,,,,1264.000000,
28.320106,1785211525.865098000,search_open_space,50,-25,-25,paper_passing_first_vehicle,55,55,28,27,1,0,1,1,1,6,1,0,1,1,0,5,0,,,,,,,,,,,1256.500000,
28.408674,1785211525.865098000,search_open_space,50,-25,-25,paper_passing_first_vehicle,55,55,28,27,1,0,1,1,1,6,1,0,1,1,0,5,0,,,,,,,,,,,1256.500000,
28.497402,1785211525.976078033,search_open_space,50,-25,-25,paper_passing_first_vehicle,56,56,29,27,1,0,1,1,1,4,2,0,1,1,0,5,0,,,,,,,,,,,1271.000000,
28.591225,1785211526.088055134,search_open_space,50,-25,-25,paper_passing_first_vehicle,53,53,27,26,1,0,1,1,1,5,3,0,1,1,0,5,0,,,,,,,,,,,1266.000000,
28.678501,1785211526.203078985,search_open_space,50,-25,-25,paper_passing_first_vehicle,47,47,20,27,1,0,1,1,1,5,4,0,1,1,0,5,0,,,,,,,,,,,1262.250000,
28.767004,1785211526.313395023,search_open_space,50,-25,-25,paper_passing_first_vehicle,51,51,26,25,1,0,1,1,1,6,5,0,1,1,0,5,0,,,,,,,,,,,1276.500000,
28.856590,1785211526.313395023,search_open_space,50,-25,-25,paper_passing_first_vehicle,51,51,26,25,1,0,1,1,1,6,5,0,1,1,0,5,0,,,,,,,,,,,1276.500000,
28.945312,1785211526.425312996,search_open_space,50,-25,-25,paper_passing_first_vehicle,49,49,22,27,1,0,1,1,1,6,6,0,1,1,0,5,0,,,,,,,,,,,1279.500000,
29.035249,1785211526.540380955,search_open_space,50,-25,-25,paper_passing_first_vehicle,48,48,21,27,1,0,1,1,1,5,7,0,1,1,0,5,0,,,,,,,,,,,1277.500000,
29.128558,1785211526.651458025,search_open_space,50,-25,-25,paper_passing_first_vehicle,51,51,22,29,1,0,1,1,1,5,8,0,1,1,0,5,0,,,,,,,,,,,1282.500000,
29.216742,1785211526.763107061,search_open_space,50,-25,-25,paper_passing_first_vehicle,46,46,23,23,1,0,1,1,1,3,9,0,1,1,0,5,0,,,,,,,,,,,1284.750000,
29.306275,1785211526.763107061,search_open_space,50,-25,-25,paper_passing_first_vehicle,46,46,23,23,1,0,1,1,1,3,9,0,1,1,0,5,0,,,,,,,,,,,1284.750000,
29.395364,1785211526.877785206,search_open_space,50,-25,-25,paper_passing_first_vehicle,48,48,21,27,1,0,1,1,1,3,10,0,1,1,0,5,0,,,,,,,,,,,1296.750000,
29.484421,1785211526.988741875,search_open_space,50,-25,-25,paper_passing_first_vehicle,43,43,19,24,1,0,1,1,1,3,11,0,1,1,0,5,0,,,,,,,,,,,1290.250000,
29.573514,1785211527.100435019,search_open_space,50,-25,-25,paper_passing_first_vehicle,45,45,20,25,1,0,1,1,0,0,0,1,1,1,0,5,0,,,,,,,,,,,1302.000000,
29.666444,1785211527.215183020,search_open_space,50,-25,-25,paper_passing_first_vehicle,43,43,16,27,1,0,1,1,0,0,0,2,1,1,0,5,0,,,,,,,,,,,1312.000000,
29.755526,1785211527.215183020,search_open_space,50,-25,-25,paper_passing_first_vehicle,43,43,16,27,1,0,1,1,0,0,0,2,1,1,0,5,0,,,,,,,,,,,1312.000000,
29.844005,1785211527.325501919,search_second_car,50,-25,-25,paper_search_second_vehicle,42,42,19,23,1,0,1,0,0,0,0,3,1,1,0,5,0,,,,,,,,,,,1312.250000,
29.933029,1785211527.437532902,search_second_car,50,-25,-25,paper_search_second_vehicle,43,43,19,24,1,0,1,0,0,0,0,4,1,1,0,5,0,,,,,,,,,,,1324.000000,
30.021959,1785211527.551392078,search_second_car,50,-25,-25,paper_search_second_vehicle,47,47,20,27,1,0,1,0,0,0,0,5,1,1,0,5,0,,,,,,,,,,,1320.500000,
30.110396,1785211527.551392078,search_second_car,50,-25,-25,paper_search_second_vehicle,47,47,20,27,1,0,1,0,0,0,0,5,1,1,0,5,0,,,,,,,,,,,1320.500000,
30.204347,1785211527.662899971,search_second_car,50,-25,-25,paper_search_second_vehicle,44,44,21,23,1,0,1,0,0,0,0,6,1,1,0,5,0,,,,,,,,,,,1327.750000,
30.292886,1785211527.774452925,search_second_car,50,-25,-25,paper_search_second_vehicle,38,38,16,22,1,0,1,0,0,0,0,7,1,1,0,5,0,,,,,,,,,,,,
30.381639,1785211527.888841867,search_second_car,50,-25,-25,paper_search_second_vehicle,46,46,20,26,1,0,1,0,0,0,0,8,1,1,0,5,0,,,,,,,,,,,,
30.470415,1785211528.000927925,search_second_car,50,-25,-25,paper_search_second_vehicle,40,40,19,21,1,0,1,0,0,0,0,9,1,1,0,5,0,,,,,,,,,,,,
30.557051,1785211528.000927925,search_second_car,50,-25,-25,paper_search_second_vehicle,40,40,19,21,1,0,1,0,0,0,0,9,1,1,0,5,0,,,,,,,,,,,,
30.645202,1785211528.111402988,search_second_car,50,-25,-25,paper_search_second_vehicle,42,42,23,19,1,0,1,0,0,0,0,10,1,1,0,5,0,,,,,,,,,,,,
30.738057,1785211528.223718882,search_second_car,50,-25,-25,paper_search_second_vehicle,44,44,21,23,1,0,1,0,0,0,0,11,1,1,0,5,0,,,,,,,,,,,,
30.826916,1785211528.338012934,search_second_car,50,-25,-25,paper_search_second_vehicle,48,48,22,26,1,0,1,0,0,0,0,12,1,1,0,5,0,,,,,,,,,,,,
30.915491,1785211528.449350834,search_second_car,50,-25,-25,paper_search_second_vehicle,38,38,19,19,1,0,1,0,0,0,0,13,1,1,0,5,0,,,,,,,,,,,1701.500000,
31.004207,1785211528.449350834,search_second_car,50,-25,-25,paper_search_second_vehicle,38,38,19,19,1,0,1,0,0,0,0,13,1,1,0,5,0,,,,,,,,,,,1701.500000,
31.092774,1785211528.560604811,search_second_car,50,-25,-25,paper_search_second_vehicle,42,42,22,20,1,0,1,0,0,0,0,14,1,1,0,5,0,,,,,,,,,,,1701.750000,
31.178541,1785211528.675745010,search_second_car,50,-25,-25,paper_search_second_vehicle,41,41,22,19,1,0,1,0,0,0,0,15,1,1,0,5,0,,,,,,,,,,,,
31.272137,1785211528.786339998,search_second_car,50,-25,-25,paper_search_second_vehicle,44,44,21,23,1,0,1,0,0,0,0,16,1,1,0,5,0,,,,,,,,,,,,
31.360682,1785211528.897973061,search_second_car,50,-25,-25,paper_search_second_vehicle,48,48,25,23,2,0,1,0,0,0,0,17,1,1,0,5,0,,,,,,,,,,,1707.500000,
31.448916,1785211528.897973061,search_second_car,50,-25,-25,paper_search_second_vehicle,48,48,25,23,2,0,1,0,0,0,0,17,1,1,0,5,0,,,,,,,,,,,1707.500000,
31.538101,1785211529.012616873,search_second_car,50,-25,-25,paper_search_second_vehicle,46,46,23,23,2,0,1,0,0,0,0,18,1,1,0,5,0,,,,,,,,,,,,
31.627444,1785211529.124264002,search_second_car,50,-25,-25,paper_search_second_vehicle,45,45,24,21,2,0,1,0,0,0,0,19,1,1,0,5,0,,,,,,,,,,,,
31.715969,1785211529.234853983,search_second_car,50,-25,-25,paper_search_second_vehicle,49,49,24,25,2,0,1,0,0,0,0,20,1,1,0,5,0,,,,,,,,,,,,
31.808944,1785211529.350023985,search_second_car,50,-25,-25,paper_search_second_vehicle,49,49,23,26,2,0,1,0,0,0,0,21,1,1,0,5,0,,,,,,,,,,,,
31.897524,1785211529.350023985,search_second_car,50,-25,-25,paper_search_second_vehicle,49,49,23,26,2,0,1,0,0,0,0,21,1,1,0,5,0,,,,,,,,,,,,
31.985646,1785211529.461471081,search_second_car,50,-25,-25,paper_search_second_vehicle,44,44,20,24,2,0,1,0,0,0,0,22,1,1,0,5,0,,,,,,,,,,,,
32.074221,1785211529.572388172,search_second_car,50,-25,-25,paper_search_second_vehicle,38,38,18,20,1,0,1,0,0,0,0,23,1,1,0,5,0,,,,,,,,,,,,
32.163044,1785211529.687375784,search_second_car,50,-25,-25,paper_search_second_vehicle,41,41,20,21,2,0,1,0,0,0,0,24,1,1,0,5,0,,,,,,,,,,,,
32.251295,1785211529.799198866,search_second_car,50,-25,-25,paper_search_second_vehicle,45,45,20,25,2,0,1,0,0,0,0,25,1,1,0,5,0,,,,,,,,,,,,
32.344562,1785211529.799198866,search_second_car,50,-25,-25,paper_search_second_vehicle,45,45,20,25,2,0,1,0,0,0,0,25,1,1,0,5,0,,,,,,,,,,,,
32.432814,1785211529.910467148,search_second_car,50,-25,-25,paper_search_second_vehicle,46,46,23,23,2,0,1,0,0,0,0,26,1,1,0,5,0,,,,,,,,,,,,
32.521387,1785211530.024721861,search_second_car,50,-25,-25,paper_search_second_vehicle,46,46,25,21,2,0,1,0,0,0,0,27,1,1,0,5,0,,,,,,,,,,,,
32.610145,1785211530.136023998,search_second_car,50,-25,-25,paper_search_second_vehicle,44,44,24,20,2,0,1,0,0,0,0,28,1,1,0,5,0,,,,,,,,,,,,
32.699313,1785211530.248068094,search_second_car,50,-25,-25,paper_search_second_vehicle,52,52,26,25,2,0,1,0,0,0,0,29,1,0,0,5,0,,,,,,,,,,,,
32.788724,1785211530.248068094,search_second_car,50,-25,-25,paper_search_second_vehicle,52,52,26,25,2,0,1,0,0,0,0,29,1,0,0,5,0,,,,,,,,,,,,
32.881865,1785211530.362313032,search_second_car,50,-25,-25,paper_search_second_vehicle,32,32,16,16,2,0,1,0,0,0,0,30,1,0,0,5,0,,,,,,,,,,,,
32.970633,1785211530.473620892,search_second_car,50,-25,-25,paper_search_second_vehicle,32,32,13,19,1,0,1,0,0,0,0,31,1,0,0,5,0,,,,,,,,,,,,
33.059053,1785211530.584912777,search_second_car,50,-25,-25,paper_search_second_vehicle,42,42,17,25,1,0,1,0,0,0,0,32,1,0,0,5,0,,,,,,,,,,,,
33.147977,1785211530.696095943,search_second_car,50,-25,-25,paper_search_second_vehicle,36,36,18,18,1,0,1,0,0,0,0,33,1,0,0,5,0,,,,,,,,,,,,
33.237871,1785211530.696095943,search_second_car,50,-25,-25,paper_search_second_vehicle,36,36,18,18,1,0,1,0,0,0,0,33,1,0,0,5,0,,,,,,,,,,,,
33.326175,1785211530.810266018,search_second_car,50,-25,-25,paper_search_second_vehicle,31,31,13,18,1,0,1,0,0,0,0,34,1,0,0,5,0,,,,,,,,,,,,
33.419560,1785211530.921674013,search_second_car,50,-25,-25,paper_search_second_vehicle,42,42,18,24,1,0,1,0,0,0,0,35,1,0,0,5,0,,,,,,,,,,,,
33.507424,1785211531.033211946,search_second_car,50,-25,-25,paper_search_second_vehicle,39,39,21,18,1,0,1,0,0,0,0,36,1,0,0,5,0,,,,,,,,,,,,
33.595871,1785211531.033211946,search_second_car,50,-25,-25,paper_search_second_vehicle,39,39,21,18,1,0,1,0,0,0,0,36,1,0,0,5,0,,,,,,,,,,,,
33.684619,1785211531.148245096,search_second_car,50,-25,-25,paper_search_second_vehicle,40,40,15,25,2,0,1,0,0,0,0,37,1,0,0,5,0,,,,,,,,,,,,
33.773367,1785211531.259719849,search_second_car,50,-25,-25,paper_search_second_vehicle,34,34,17,17,2,0,1,0,0,0,0,38,1,0,0,5,0,,,,,,,,,,,,
33.861639,1785211531.371535063,search_second_car,50,-25,-25,paper_search_second_vehicle,35,35,16,19,2,0,1,0,0,0,0,39,1,0,0,5,0,,,,,,,,,,,,
33.954145,1785211531.482326984,search_second_car,50,-25,-25,paper_search_second_vehicle,27,27,12,14,2,0,1,0,0,0,0,40,1,0,0,5,0,,,,,,,,,,,,
34.041694,1785211531.482326984,search_second_car,50,-25,-25,paper_search_second_vehicle,27,27,12,14,2,0,1,0,0,0,0,40,1,0,0,5,0,,,,,,,,,,,,
34.129919,1785211531.596791029,search_second_car,50,-25,-25,paper_search_second_vehicle,39,39,19,20,2,0,1,0,0,0,0,41,1,0,0,5,0,,,,,,,,,,,,
34.216561,1785211531.707859993,search_second_car,50,-25,-25,paper_search_second_vehicle,34,34,16,18,2,0,1,0,0,0,0,42,1,0,0,5,0,,,,,,,,,,,,
34.305556,1785211531.819300175,search_second_car,50,-25,-25,paper_search_second_vehicle,38,38,22,16,2,0,1,0,0,0,0,43,1,0,0,5,0,,,,,,,,,,,,
34.393685,1785211531.934092045,search_second_car,50,-25,-25,paper_search_second_vehicle,40,40,23,17,2,0,1,0,0,0,0,44,1,0,0,5,0,,,,,,,,,,,,
34.486921,1785211531.934092045,search_second_car,50,-25,-25,paper_search_second_vehicle,40,40,23,17,2,0,1,0,0,0,0,44,1,0,0,5,0,,,,,,,,,,,,
34.575193,1785211532.046095133,search_second_car,50,-25,-25,paper_search_second_vehicle,42,42,23,19,2,0,1,0,0,0,0,45,1,0,0,5,0,,,,,,,,,,,,
34.663238,1785211532.156577110,search_second_car,50,-25,-25,paper_search_second_vehicle,32,32,16,16,2,0,1,0,0,0,0,46,1,0,0,5,0,,,,,,,,,,,,
34.751248,1785211532.271831989,search_second_car,50,-25,-25,paper_search_second_vehicle,36,36,23,13,2,0,1,0,0,0,0,47,1,0,0,5,0,,,,,,,,,,,,
34.839762,1785211532.382810116,search_second_car,50,-25,-25,paper_search_second_vehicle,33,33,18,15,1,0,1,0,0,0,0,48,1,0,0,5,0,,,,,,,,,,,,
34.927890,1785211532.382810116,search_second_car,50,-25,-25,paper_search_second_vehicle,33,33,18,15,1,0,1,0,0,0,0,48,1,0,0,5,0,,,,,,,,,,,,
35.020870,1785211532.494821787,search_second_car,50,-25,-25,paper_search_second_vehicle,30,30,16,14,1,0,1,0,0,0,0,49,1,0,0,5,0,,,,,,,,,,,,
35.108931,1785211532.606234789,search_second_car,50,-25,-25,paper_search_second_vehicle,33,33,18,15,1,0,1,0,0,0,0,50,1,0,0,5,0,,,,,,,,,,,,
35.195597,1785211532.719954967,search_second_car,50,-25,-25,paper_search_second_vehicle,35,35,17,18,1,0,1,0,0,0,0,51,1,0,0,5,0,,,,,,,,,,,,
35.284673,1785211532.832076073,search_second_car,50,-25,-25,paper_search_second_vehicle,30,30,7,23,2,0,1,0,0,0,0,52,1,0,0,5,0,,,,,,,,,,,,
35.372815,1785211532.832076073,search_second_car,50,-25,-25,paper_search_second_vehicle,30,30,7,23,2,0,1,0,0,0,0,52,1,0,0,5,0,,,,,,,,,,,,
35.461244,1785211532.942646027,search_second_car,50,-25,-25,paper_search_second_vehicle,26,26,8,18,2,0,1,0,0,0,0,53,1,0,0,5,0,,,,,,,,,,,,
35.554297,1785211533.057615757,search_second_car,50,-25,-25,paper_search_second_vehicle,33,33,14,19,2,0,1,0,0,0,0,54,1,0,0,5,0,,,,,,,,,,,,
35.642713,1785211533.169467926,search_second_car,50,-25,-25,paper_search_second_vehicle,36,36,15,21,2,0,1,0,0,0,0,55,1,0,0,5,0,,,,,,,,,,,,
35.731531,1785211533.280352116,search_second_car,50,-25,-25,paper_search_second_vehicle,32,32,16,16,2,0,1,0,0,0,0,56,1,0,0,5,0,,,,,,,,,,,,
35.820116,1785211533.280352116,search_second_car,50,-25,-25,paper_search_second_vehicle,32,32,16,16,2,0,1,0,0,0,0,56,1,0,0,5,0,,,,,,,,,,,,
35.908116,1785211533.391335964,search_second_car,50,-25,-25,paper_search_second_vehicle,25,25,13,12,2,0,1,0,0,0,0,57,1,0,0,5,0,,,,,,,,,,,,
35.996226,1785211533.506548882,search_second_car,50,-25,-25,paper_search_second_vehicle,33,33,14,19,1,0,1,0,0,0,0,58,1,0,0,5,0,,,,,,,,,,,,
36.087459,1785211533.618078947,search_second_car,50,-25,-25,paper_search_second_vehicle,38,38,17,21,2,0,1,0,0,0,0,59,1,0,0,5,0,,,,,,,,,,,,
36.175942,1785211533.618078947,search_second_car,50,-25,-25,paper_search_second_vehicle,38,38,17,21,2,0,1,0,0,0,0,59,1,0,0,5,0,,,,,,,,,,,,
36.264911,1785211533.728870869,search_second_car,50,-25,-25,paper_search_second_vehicle,36,36,16,20,2,0,1,0,0,0,0,60,1,0,0,5,0,,,,,,,,,,,,
36.353088,1785211533.843770981,search_second_car,50,-25,-25,paper_search_second_vehicle,28,28,11,17,1,0,1,0,0,0,0,61,1,0,0,5,0,,,,,,,,,,,,
36.441552,1785211533.955321074,search_second_car,50,-25,-25,paper_search_second_vehicle,31,31,16,15,1,0,1,0,0,0,0,62,1,0,0,5,0,,,,,,,,,,,,
36.530509,1785211534.066327095,search_second_car,50,-25,-25,paper_search_second_vehicle,30,30,11,19,1,0,1,0,0,0,0,63,1,0,0,5,0,,,,,,,,,,,,
36.623707,1785211534.066327095,search_second_car,50,-25,-25,paper_search_second_vehicle,30,30,11,19,1,0,1,0,0,0,0,63,1,0,0,5,0,,,,,,,,,,,,
36.712178,1785211534.180552959,search_second_car,50,-25,-25,paper_search_second_vehicle,31,31,13,18,2,0,1,0,0,0,0,64,1,0,0,5,0,,,,,,,,,,,,
36.800982,1785211534.292284966,search_second_car,50,-25,-25,paper_search_second_vehicle,28,28,9,19,1,0,1,0,0,0,0,65,1,1,0,5,0,,,,,,,,,,,,
36.889805,1785211534.403261900,search_second_car,50,-25,-25,paper_search_second_vehicle,28,28,9,19,1,0,1,0,0,0,0,66,1,1,0,5,0,,,,,,,,,,,1323.250000,
36.978786,1785211534.518368006,search_second_car,50,-25,-25,paper_search_second_vehicle,28,28,8,20,3,1,1,0,0,0,0,67,1,1,0,5,1,47.296875,99.234375,73.265625,2071.500000,1310.250000,,,,,,1310.250000,
37.067267,1785211534.518368006,search_second_car,50,-25,-25,paper_search_second_vehicle,28,28,8,20,3,1,1,0,0,0,0,67,1,1,0,5,1,47.296875,99.234375,73.265625,2071.500000,1310.250000,,,,,,1310.250000,
37.160460,1785211534.630337000,search_second_car,50,-25,-25,paper_search_second_vehicle,23,23,9,14,3,1,1,0,0,0,0,68,1,1,0,5,1,46.468750,99.234375,72.851562,2099.500000,1310.250000,,,,,,,
37.246452,1785211534.740720987,search_second_car,50,-25,-25,paper_search_second_vehicle,27,27,11,16,3,1,1,0,0,0,0,69,1,1,0,5,1,49.390625,99.234375,74.312500,2333.000000,1310.250000,,,,,,1285.000000,
37.335336,1785211534.852688789,search_second_car,50,-25,-25,paper_search_second_vehicle,27,27,11,16,3,1,1,0,0,0,0,70,1,1,0,5,1,49.390625,98.718750,74.054688,2333.000000,1280.000000,,,,,,1280.000000,
37.425162,1785211534.967203140,search_second_car,50,-25,-25,paper_search_second_vehicle,30,30,11,19,3,1,1,0,0,0,0,71,1,1,0,5,1,49.390625,97.937500,73.664062,2333.000000,1277.750000,,,,,,1276.250000,
37.514039,1785211534.967203140,search_second_car,50,-25,-25,paper_search_second_vehicle,30,30,11,19,3,1,1,0,0,0,0,71,1,1,0,5,1,49.390625,97.937500,73.664062,2333.000000,1277.750000,,,,,,1276.250000,
37.604310,1785211535.078963995,search_second_car,50,-25,-25,paper_search_second_vehicle,33,33,12,21,3,1,1,0,1,4,1,0,1,1,0,5,1,49.390625,95.296875,72.343750,2333.000000,1296.500000,,,,,,1271.000000,
37.698429,1785211535.190095186,prealign_left,50,-150,-25,figure9_left_forward_while_is_near,33,33,12,21,3,1,2,1,1,4,2,0,2,1,0,5,1,49.390625,94.328125,71.859375,2333.000000,1301.000000,,,,,,1266.000000,
37.787179,1785211535.304855108,prealign_left,50,-150,-25,figure9_left_forward_while_is_near,31,31,12,19,3,1,2,1,1,4,3,0,2,1,0,5,1,48.093750,94.328125,71.210938,2351.500000,1301.000000,,,,,,1262.250000,
37.876922,1785211535.415221930,prealign_left,50,-150,-25,figure9_left_forward_while_is_near,32,32,12,20,3,1,2,1,1,4,4,0,2,1,0,5,1,48.093750,94.031250,71.062500,2351.500000,1276.250000,,,,,,1260.500000,
37.964482,1785211535.415221930,prealign_left,50,-150,-25,figure9_left_forward_while_is_near,32,32,12,20,3,1,2,1,1,4,4,0,2,1,0,5,1,48.093750,94.031250,71.062500,2351.500000,1276.250000,,,,,,1260.500000,
38.053435,1785211535.526776075,prealign_left,50,-150,-25,figure9_left_forward_while_is_near,33,33,14,19,2,1,2,1,1,5,5,0,2,1,0,5,1,48.093750,93.218750,70.656250,2351.500000,1272.250000,,,,,,1257.750000,
38.142841,1785211535.638667107,prealign_left,50,-150,-25,figure9_left_forward_while_is_near,28,28,12,16,2,1,2,1,1,6,6,0,2,1,0,5,1,47.953125,91.062500,69.507812,2390.750000,1292.500000,,,,,,1255.250000,
38.235322,1785211535.753371954,prealign_left,50,-150,-25,figure9_left_forward_while_is_near,32,32,13,19,2,1,2,1,1,7,7,0,2,1,0,5,1,47.953125,90.046875,69.000000,2390.750000,1282.250000,,,,,,1251.500000,
38.323912,1785211535.864291191,prealign_left,50,-150,-25,figure9_left_forward_while_is_near,33,33,12,21,3,1,2,1,1,7,8,0,2,1,0,5,1,47.078125,88.843750,67.960938,2379.000000,1280.250000,,,,,,1249.750000,
38.413811,1785211535.864291191,prealign_left,50,-150,-25,figure9_left_forward_while_is_near,33,33,12,21,3,1,2,1,1,7,8,0,2,1,0,5,1,47.078125,88.843750,67.960938,2379.000000,1280.250000,,,,,,1249.750000,
38.503645,1785211535.976092815,prealign_left,50,-150,-25,figure9_left_forward_while_is_near,33,33,12,21,3,1,2,1,1,7,9,0,2,1,0,5,1,46.343750,88.843750,67.593750,2381.250000,1280.250000,,,,,,1246.250000,
38.592950,1785211536.090736866,prealign_left,50,-150,-25,figure9_left_forward_while_is_near,31,31,12,19,2,1,2,1,1,7,10,0,2,1,0,5,1,45.609375,88.328125,66.968750,2378.500000,1247.750000,,,,,,1242.750000,
38.682472,1785211536.201552868,prealign_left,50,-150,-25,figure9_left_forward_while_is_near,27,27,10,17,2,1,2,1,1,6,11,0,2,1,0,5,1,44.562500,87.453125,66.007812,2380.000000,1243.250000,,,,,,1241.250000,
38.775601,1785211536.313045979,prealign_left,50,-150,-25,figure9_left_forward_while_is_near,36,36,12,24,2,1,2,1,1,7,12,0,2,1,0,5,1,43.453125,85.046875,64.250000,2371.500000,1255.250000,,,,,,1240.750000,
38.864109,1785211536.313045979,prealign_left,50,-150,-25,figure9_left_forward_while_is_near,36,36,12,24,2,1,2,1,1,7,12,0,2,1,0,5,1,43.453125,85.046875,64.250000,2371.500000,1255.250000,,,,,,1240.750000,
38.954343,1785211536.424632072,prealign_left,50,-150,-25,figure9_left_forward_while_is_near,29,29,11,18,3,1,2,1,1,7,13,0,2,1,0,5,1,43.015625,84.500000,63.757812,2438.500000,1243.750000,,,,,,1237.750000,
39.043825,1785211536.538889885,prealign_left,50,-150,-25,figure9_left_forward_while_is_near,28,28,10,18,3,1,2,1,1,7,14,0,2,1,0,5,1,43.015625,83.796875,63.406250,2438.500000,1239.250000,,,,,,1237.250000,
39.132546,1785211536.650599957,prealign_left,50,-150,-25,figure9_left_forward_while_is_near,29,29,11,18,3,1,2,1,1,7,15,0,2,1,0,5,1,41.281250,81.625000,61.453125,2451.500000,1247.000000,,,,,,1232.000000,
39.221815,1785211536.761638880,prealign_left,50,-150,-25,figure9_left_forward_while_is_near,28,28,9,19,3,1,2,1,1,7,16,0,2,1,0,5,1,41.281250,80.937500,61.109375,2451.500000,1239.750000,,,,,,1235.750000,
39.272129,1785211536.761638880,prealign_left,50,-150,-25,figure9_left_forward_while_is_near,28,28,9,19,3,1,2,1,1,7,16,0,2,1,0,5,1,41.281250,80.937500,61.109375,2451.500000,1239.750000,,,,,,1235.750000,
39.361519,1785211536.876555920,prealign_left,50,-150,-25,figure9_left_forward_while_is_near,27,27,11,16,3,1,2,1,1,7,17,0,2,1,0,5,1,40.812500,78.593750,59.703125,2479.500000,1252.500000,,,,,,1231.750000,
39.450424,1785211536.987900019,prealign_left,50,-150,-25,figure9_left_forward_while_is_near,27,27,11,16,2,1,2,1,1,7,18,0,2,1,0,5,1,39.578125,77.953125,58.765625,2515.000000,1248.250000,,,,,,1233.250000,
39.540730,1785211536.987900019,prealign_left,50,-150,-25,figure9_left_forward_while_is_near,27,27,11,16,2,1,2,1,1,7,18,0,2,1,0,5,1,39.578125,77.953125,58.765625,2515.000000,1248.250000,,,,,,1233.250000,
39.630769,1785211537.099436045,prealign_left,50,-150,-25,figure9_left_forward_while_is_near,23,23,11,12,2,1,2,1,1,6,19,0,2,1,0,5,1,39.578125,76.968750,58.273438,2515.000000,1242.000000,,,,,,1235.250000,
39.720347,1785211537.214016914,prealign_left,50,-150,-25,figure9_left_forward_while_is_near,27,27,11,16,2,1,2,1,1,7,20,0,2,1,0,5,1,37.343750,76.062500,56.703125,2468.250000,1244.250000,,,,,,1235.750000,
39.814001,1785211537.324620008,prealign_left,50,-150,-25,figure9_left_forward_while_is_near,27,27,11,16,3,1,2,1,1,6,21,0,2,1,0,5,1,36.640625,73.625000,55.132812,2482.750000,1258.000000,,,,,,1234.250000,
39.902862,1785211537.436549902,prealign_left,50,-150,-25,figure9_left_forward_while_is_near,30,30,13,17,2,1,2,1,1,7,22,0,2,1,0,5,1,34.250000,73.156250,53.703125,2435.500000,1248.000000,,,,,,1226.750000,
39.992688,1785211537.436549902,prealign_left,50,-150,-25,figure9_left_forward_while_is_near,30,30,13,17,2,1,2,1,1,7,22,0,2,1,0,5,1,34.250000,73.156250,53.703125,2435.500000,1248.000000,,,,,,1226.750000,
40.082912,1785211537.551366806,prealign_left,50,-150,-25,figure9_left_forward_while_is_near,27,27,11,16,3,1,2,1,1,8,23,0,2,1,0,5,1,34.843750,71.015625,52.929688,2588.000000,1274.250000,,,,,,1229.250000,
40.172406,1785211537.661917925,prealign_left,50,-150,-25,figure9_left_forward_while_is_near,26,26,12,14,2,1,2,1,1,7,24,0,2,1,0,5,1,34.843750,70.375000,52.609375,2588.000000,1249.750000,,,,,,1230.250000,
40.259981,1785211537.773961067,prealign_left,50,-150,-25,figure9_left_forward_while_is_near,21,21,10,11,2,1,2,1,1,6,25,0,2,1,0,5,1,34.843750,70.375000,52.609375,2588.000000,1249.750000,,,,,,1234.500000,
40.354866,1785211537.885514975,prealign_left,50,-150,-25,figure9_left_forward_while_is_near,21,21,10,11,2,1,2,1,1,4,26,0,2,1,0,5,1,32.750000,67.656250,50.203125,2551.250000,1263.500000,,,,,,1241.000000,
40.444123,1785211537.885514975,prealign_left,50,-150,-25,figure9_left_forward_while_is_near,21,21,10,11,2,1,2,1,1,4,26,0,2,1,0,5,1,32.750000,67.656250,50.203125,2551.250000,1263.500000,,,,,,1241.000000,
40.535097,1785211537.999675989,prealign_left,50,-150,-25,figure9_left_forward_while_is_near,22,22,10,12,2,1,2,1,1,4,27,0,2,1,0,5,1,32.250000,67.078125,49.664062,2576.750000,1256.000000,,,,,,1245.500000,
40.624454,1785211538.111759186,prealign_left,50,-150,-25,figure9_left_forward_while_is_near,22,22,9,13,2,1,2,1,1,4,28,0,2,1,0,5,1,31.703125,67.078125,49.390625,2595.500000,1256.000000,,,,,,1237.000000,
40.713169,1785211538.222930908,prealign_left,50,-150,-25,figure9_left_forward_while_is_near,18,18,6,12,2,1,2,1,1,4,29,0,2,1,0,5,1,31.046875,66.968750,49.007812,2609.500000,1262.250000,,,,,,1249.500000,
40.802837,1785211538.337692976,prealign_left,50,-150,-25,figure9_left_forward_while_is_near,20,20,6,14,3,1,2,1,1,3,30,0,2,1,0,5,1,30.531250,62.937500,46.734375,2627.250000,1284.000000,,,,,,1257.250000,
40.896505,1785211538.337692976,prealign_left,50,-150,-25,figure9_left_forward_while_is_near,20,20,6,14,3,1,2,1,1,3,30,0,2,1,0,5,1,30.531250,62.937500,46.734375,2627.250000,1284.000000,,,,,,1257.250000,
40.985759,1785211538.449054956,prealign_left,50,-150,-25,figure9_left_forward_while_is_near,23,23,7,16,2,1,2,1,1,3,31,0,2,1,0,5,1,29.953125,62.359375,46.156250,2650.250000,1274.750000,,,,,,1254.000000,
41.075006,1785211538.559810162,prealign_left,50,-150,-25,figure9_left_forward_while_is_near,20,20,6,14,3,1,2,1,0,0,0,1,2,1,0,5,1,29.234375,61.500000,45.367188,2663.500000,1288.000000,,,,,,1272.250000,
41.163948,1785211538.675026894,prealign_left,50,-150,-25,figure9_left_forward_while_is_near,16,16,5,11,4,1,2,1,0,0,0,2,2,1,0,5,1,28.343750,61.500000,44.921875,2665.000000,1288.000000,,,,,,,
41.252875,1785211538.786440849,prealign_left,50,-150,-25,figure9_left_forward_while_is_near,20,20,4,16,4,1,2,0,0,0,0,3,2,1,0,5,1,27.546875,58.218750,42.882812,2673.750000,1315.250000,,,,,,,
41.342767,1785211538.786440849,prealign_left,50,-150,-25,figure9_left_forward_while_is_near,20,20,4,16,4,1,2,0,0,0,0,3,2,1,0,5,1,27.546875,58.218750,42.882812,2673.750000,1315.250000,,,,,,,
41.437479,1785211538.896829844,prealign_left,50,-150,-25,figure9_left_forward_while_is_near,19,19,4,15,4,1,2,0,0,0,0,4,2,1,0,5,1,26.953125,57.187500,42.070312,2689.000000,1316.750000,,,,,,,
41.526645,1785211539.008688927,prealign_left,50,-150,-25,figure9_left_forward_while_is_near,18,18,2,16,3,1,2,0,0,0,0,5,2,1,0,5,1,25.984375,56.125000,41.054688,2695.000000,1323.000000,,,,,,,
41.615635,1785211539.123997927,prealign_left,50,-150,-25,figure9_left_forward_while_is_near,15,15,1,14,2,1,2,0,0,0,0,6,2,1,0,5,1,25.218750,55.078125,40.148438,2709.250000,1331.000000,,,,,,,
41.705586,1785211539.234879017,prealign_left,50,-150,-25,figure9_left_forward_while_is_near,17,17,1,16,3,1,2,0,0,0,0,7,2,1,0,5,1,24.984375,54.187500,39.585938,2778.000000,1330.500000,,,,,,,
41.795208,1785211539.346660137,prealign_left,50,-150,-25,figure9_left_forward_while_is_near,13,13,0,13,3,1,2,0,0,0,0,8,2,1,0,5,1,24.984375,53.125000,39.054688,2778.000000,1336.750000,,,,,,,
41.885190,1785211539.346660137,prealign_left,50,-150,-25,figure9_left_forward_while_is_near,13,13,0,13,3,1,2,0,0,0,0,8,2,1,0,5,1,24.984375,53.125000,39.054688,2778.000000,1336.750000,,,,,,,
41.979554,1785211539.460602045,prealign_left,50,-150,-25,figure9_left_forward_while_is_near,14,14,1,13,3,1,2,0,0,0,0,9,2,1,0,5,1,23.906250,52.093750,38.000000,2779.000000,1339.000000,,,,,,,
42.067081,1785211539.571980000,prealign_left,50,-150,-25,figure9_left_forward_while_is_near,16,16,3,13,2,1,2,0,0,0,0,10,2,1,0,5,1,22.921875,50.984375,36.953125,2772.000000,1344.750000,,,,,,,
42.156974,1785211539.683532000,prealign_left,50,-150,-25,figure9_left_forward_while_is_near,12,12,1,11,2,1,2,0,0,0,0,11,2,1,0,5,1,22.015625,49.796875,35.906250,2780.750000,1356.750000,,,,,,,
42.246751,1785211539.794138193,prealign_left,50,-150,-25,figure9_left_forward_while_is_near,8,8,0,8,3,1,2,0,0,0,0,12,2,1,0,5,1,21.468750,49.796875,35.632812,2845.500000,1356.750000,,,,,,,
42.335640,1785211539.794138193,prealign_left,50,-150,-25,figure9_left_forward_while_is_near,8,8,0,8,3,1,2,0,0,0,0,12,2,1,0,5,1,21.468750,49.796875,35.632812,2845.500000,1356.750000,,,,,,,
42.425286,1785211539.909689188,prealign_left,50,-150,-25,figure9_left_forward_while_is_near,13,13,3,10,4,1,2,0,0,0,0,13,2,1,0,5,1,21.468750,48.859375,35.164062,2845.500000,1353.500000,,,,,,,
42.519344,1785211540.021234035,prealign_left,50,-150,-25,figure9_left_forward_while_is_near,11,11,3,8,2,1,2,0,0,0,0,14,2,1,0,5,1,20.375000,48.859375,34.617188,2839.000000,1353.500000,,,,,,,
42.607586,1785211540.132203102,prealign_left,50,-150,-25,figure9_left_forward_while_is_near,9,9,1,8,2,1,2,0,0,0,0,15,2,1,0,5,1,19.515625,48.859375,34.187500,2889.750000,1353.500000,,,,,,,
42.697045,1785211540.243196011,prealign_left,50,-150,-25,figure9_left_forward_while_is_near,13,13,3,10,2,1,2,0,0,0,0,16,2,1,0,5,1,19.515625,44.734375,32.125000,2889.750000,1400.500000,,,,,,,
42.786421,1785211540.243196011,prealign_left,50,-150,-25,figure9_left_forward_while_is_near,13,13,3,10,2,1,2,0,0,0,0,16,2,1,0,5,1,19.515625,44.734375,32.125000,2889.750000,1400.500000,,,,,,,
42.874941,1785211540.357373953,prealign_left,50,-150,-25,figure9_left_forward_while_is_near,12,12,3,9,2,1,2,0,0,0,0,17,2,1,0,5,1,18.265625,44.734375,31.500000,2883.500000,1400.500000,,,,,,,
42.963883,1785211540.469494104,prealign_left,50,-150,-25,figure9_left_forward_while_is_near,19,19,5,14,2,1,2,0,0,0,0,18,2,1,0,5,1,17.312500,43.093750,30.203125,2882.250000,1424.000000,,,,,,,
43.059245,1785211540.581032991,prealign_left,50,-150,-25,figure9_left_forward_while_is_near,13,13,2,11,4,1,2,0,0,0,0,19,2,1,0,5,1,16.640625,43.093750,29.867188,2961.500000,1424.000000,,,,,,,
43.147015,1785211540.695765972,prealign_left,50,-150,-25,figure9_left_forward_while_is_near,14,14,3,11,3,1,2,0,0,0,0,20,2,1,0,5,1,16.640625,42.843750,29.742188,2961.500000,1417.000000,,,,,,,
43.233036,1785211540.695765972,prealign_left,50,-150,-25,figure9_left_forward_while_is_near,14,14,3,11,3,1,2,0,0,0,0,20,2,1,0,5,1,16.640625,42.843750,29.742188,2961.500000,1417.000000,,,,,,,
43.321544,1785211540.806384802,prealign_left,50,-150,-25,figure9_left_forward_while_is_near,8,8,0,8,2,1,2,0,0,0,0,21,2,1,0,5,1,16.640625,41.859375,29.250000,2961.500000,1421.250000,,,,,,,
43.409225,1785211540.918181181,prealign_left,50,-150,-25,figure9_left_forward_while_is_near,20,20,5,15,2,1,2,0,0,0,0,22,2,1,0,5,1,15.812500,39.093750,27.453125,2979.000000,1465.750000,,,,,,,
43.499196,1785211541.029743195,prealign_left,50,-150,-25,figure9_left_forward_while_is_near,13,13,2,11,2,1,2,0,0,0,0,23,2,1,0,5,1,16.640625,39.093750,27.867188,3179.000000,1465.750000,,,,,,,
43.593556,1785211541.143615961,prealign_left,50,-150,-25,figure9_left_forward_while_is_near,14,14,1,13,3,1,2,0,0,0,0,24,2,1,0,5,1,16.640625,38.953125,27.796875,3179.000000,1454.750000,,,,,,,
43.681925,1785211541.143615961,prealign_left,50,-150,-25,figure9_left_forward_while_is_near,14,14,1,13,3,1,2,0,0,0,0,24,2,1,0,5,1,16.640625,38.953125,27.796875,3179.000000,1454.750000,,,,,,,
43.770744,1785211541.256038904,prealign_left,50,-150,-25,figure9_left_forward_while_is_near,12,12,3,9,3,1,2,0,0,0,0,25,2,1,0,5,1,16.640625,38.953125,27.796875,3179.000000,1454.750000,,,,,,,
43.859343,1785211541.367184877,prealign_left,50,-150,-25,figure9_left_forward_while_is_near,15,15,2,13,2,1,2,0,0,0,0,26,2,1,0,5,1,16.640625,37.593750,27.117188,3179.000000,1465.250000,,,,,,,
43.948147,1785211541.481731176,prealign_left,50,-150,-25,figure9_left_forward_while_is_near,13,13,3,10,2,1,2,0,0,0,0,27,2,1,0,5,1,13.265625,33.781250,23.523438,3132.000000,1542.000000,,,,,,,
44.037154,1785211541.481731176,prealign_left,50,-150,-25,figure9_left_forward_while_is_near,13,13,3,10,2,1,2,0,0,0,0,27,2,1,0,5,1,13.265625,33.781250,23.523438,3132.000000,1542.000000,,,,,,,
44.131060,1785211541.592253923,prealign_left,50,-150,-25,figure9_left_forward_while_is_near,16,16,3,13,2,1,2,0,0,0,0,28,2,1,0,5,1,13.265625,32.984375,23.125000,3132.000000,1547.750000,,,,,,,
44.221216,1785211541.704674006,prealign_left,50,-150,-25,figure9_left_forward_while_is_near,15,15,2,13,2,1,2,0,0,0,0,29,2,1,0,5,1,10.953125,32.000000,21.476562,3062.750000,1557.750000,,,,,,,
44.309287,1785211541.818440914,prealign_left,50,-150,-25,figure9_left_forward_while_is_near,23,23,6,17,4,1,2,0,0,0,0,30,2,1,0,5,1,10.421875,32.000000,21.210938,3162.000000,1557.750000,,,,,,,
44.398738,1785211541.930075884,reverse_align,-80,125,-25,eq5_reverse bisector=+21.2 biasAB=+1604 paperSteer=+7.00,12,12,2,10,3,1,2,0,0,0,0,31,2,0,0,5,1,10.421875,32.000000,21.210938,3162.000000,1557.750000,1604.250000,-7.000000,50.042573,7.000000,,,
44.488203,1785211541.930075884,reverse_align,-80,125,-25,eq5_reverse bisector=+21.2 biasAB=+1604 paperSteer=+7.00,12,12,2,10,3,1,2,0,0,0,0,31,2,0,0,5,1,10.421875,32.000000,21.210938,3162.000000,1557.750000,1604.250000,-7.000000,50.042573,7.000000,,,
44.577478,1785211542.042062044,reverse_align,-80,125,-25,eq5_reverse bisector=+20.5 biasAB=+1589 paperSteer=+7.00,11,11,0,11,3,1,2,0,0,0,0,32,2,0,0,5,1,10.421875,30.609375,20.515625,3162.000000,1572.750000,1589.250000,-7.000000,49.111136,7.000000,,,
44.671029,1785211542.156548023,reverse_align,-80,125,-25,eq5_reverse bisector=+19.6 biasAB=+1594 paperSteer=+7.00,14,14,5,9,3,1,2,0,0,0,0,33,2,0,0,5,1,8.625000,30.562500,19.593750,3177.500000,1583.000000,1594.500000,-7.000000,49.436144,7.000000,,,
44.759386,1785211542.267693043,reverse_align,-80,125,-25,eq5_reverse bisector=+19.5 biasAB=+1599 paperSteer=+7.00,18,18,4,14,3,1,2,0,0,0,0,34,2,0,0,5,1,8.625000,30.453125,19.539062,3177.500000,1578.250000,1599.250000,-7.000000,49.731122,7.000000,,,
44.847891,1785211542.378334045,reverse_align,-80,125,-25,eq5_reverse bisector=+19.2 biasAB=+1617 paperSteer=+7.00,18,18,5,13,3,1,2,0,0,0,0,35,2,1,0,5,1,7.921875,30.453125,19.187500,3195.500000,1578.250000,1617.250000,-7.000000,50.856897,7.000000,,,
44.937227,1785211542.378334045,reverse_align,-80,125,-25,eq5_reverse bisector=+19.2 biasAB=+1617 paperSteer=+7.00,18,18,5,13,3,1,2,0,0,0,0,35,2,1,0,5,1,7.921875,30.453125,19.187500,3195.500000,1578.250000,1617.250000,-7.000000,50.856897,7.000000,,,
45.025756,1785211542.489957809,reverse_align,-80,125,-25,eq5_reverse bisector=+19.1 biasAB=+1644 paperSteer=+7.00,13,13,5,8,2,1,2,0,0,0,0,36,2,1,0,5,1,7.921875,30.265625,19.093750,3195.500000,1552.000000,1643.500000,-7.000000,52.521238,7.000000,,,
45.114902,1785211542.604871988,reverse_align,-80,125,-25,eq5_reverse bisector=+19.3 biasAB=+1618 paperSteer=+7.00,27,27,9,18,2,1,2,0,0,0,0,37,2,1,0,5,1,8.375000,30.265625,19.320312,3170.000000,1552.000000,1618.000000,-7.000000,50.904078,7.000000,,,
45.208620,1785211542.716153145,reverse_align,-80,125,-25,eq5_reverse bisector=+19.2 biasAB=+1675 paperSteer=+7.00,16,16,2,14,2,1,2,0,0,0,0,38,2,1,0,5,1,8.375000,30.046875,19.210938,3170.000000,1494.750000,1675.250000,-7.000000,54.570105,7.000000,,,
45.297120,1785211542.828140020,reverse_align,-80,125,-25,eq5_reverse bisector=+19.2 biasAB=+1675 paperSteer=+7.00,16,16,2,14,2,1,2,0,0,0,0,39,2,1,0,5,1,8.375000,30.046875,19.210938,3170.000000,1494.750000,1675.250000,-7.000000,54.570105,7.000000,,,
45.385485,1785211542.828140020,reverse_align,-80,125,-25,eq5_reverse bisector=+19.2 biasAB=+1675 paperSteer=+7.00,16,16,2,14,2,1,2,0,0,0,0,39,2,1,0,5,1,8.375000,30.046875,19.210938,3170.000000,1494.750000,1675.250000,-7.000000,54.570105,7.000000,,,
45.474651,1785211542.941739082,reverse_align,-80,125,-25,eq5_reverse bisector=+19.2 biasAB=+1675 paperSteer=+7.00,16,16,3,13,2,1,2,0,0,0,0,40,2,1,0,5,1,8.375000,30.046875,19.210938,3170.000000,1494.750000,1675.250000,-7.000000,54.570105,7.000000,,,
45.563884,1785211543.054051161,reverse_align,-80,125,-25,eq5_reverse bisector=+19.2 biasAB=+1675 paperSteer=+7.00,14,14,4,10,2,1,2,0,0,0,0,41,2,1,0,5,1,8.375000,30.046875,19.210938,3170.000000,1494.750000,1675.250000,-7.000000,54.570105,7.000000,,,
45.652135,1785211543.164390802,reverse_align,-80,125,-25,eq5_reverse bisector=+18.0 biasAB=+1572 paperSteer=+7.00,13,13,2,11,2,1,2,0,0,0,0,42,2,1,0,5,1,5.984375,30.046875,18.015625,3067.000000,1494.750000,1572.250000,-7.000000,48.066085,7.000000,,,
45.745527,1785211543.276603937,reverse_align,-80,125,-25,eq5_reverse bisector=+17.9 biasAB=+1558 paperSteer=+7.00,18,18,4,14,2,1,2,0,0,0,0,43,2,1,0,5,1,5.000000,30.718750,17.859375,3013.250000,1454.750000,1558.500000,-7.000000,47.229044,7.000000,,,
45.833811,1785211543.276603937,reverse_align,-80,125,-25,eq5_reverse bisector=+17.9 biasAB=+1558 paperSteer=+7.00,18,18,4,14,2,1,2,0,0,0,0,43,2,1,0,5,1,5.000000,30.718750,17.859375,3013.250000,1454.750000,1558.500000,-7.000000,47.229044,7.000000,,,
45.922247,1785211543.391808033,reverse_align,-80,125,-25,eq5_reverse bisector=+17.1 biasAB=+1644 paperSteer=+7.00,21,21,7,14,2,1,2,0,0,0,0,44,2,1,0,5,1,4.406250,29.718750,17.062500,2984.750000,1341.000000,1643.750000,-7.000000,52.537218,7.000000,,,
46.012059,1785211543.502661228,reverse_align,-80,125,-25,eq5_reverse bisector=+16.9 biasAB=+1652 paperSteer=+7.00,18,18,6,12,2,1,2,0,0,0,0,45,2,1,0,5,1,4.406250,29.312500,16.859375,2984.750000,1332.500000,1652.250000,-7.000000,53.081973,7.000000,,,
46.099512,1785211543.613774061,reverse_align,-80,125,-25,eq5_reverse bisector=+16.3 biasAB=+1598 paperSteer=+7.00,12,12,4,8,2,1,2,0,0,0,0,46,2,1,0,5,1,3.375000,29.312500,16.343750,2930.250000,1332.500000,1597.750000,-7.000000,49.637876,7.000000,,,
46.188707,1785211543.728724957,reverse_align,-80,125,-25,eq5_reverse bisector=+16.1 biasAB=+1578 paperSteer=+7.00,17,17,8,9,3,1,2,0,0,0,0,47,2,1,0,5,1,2.828125,29.312500,16.070312,2910.750000,1332.500000,1578.250000,-7.000000,48.433643,7.000000,,,
46.282952,1785211543.728724957,reverse_align,-80,125,-25,eq5_reverse bisector=+16.1 biasAB=+1578 paperSteer=+7.00,17,17,8,9,3,1,2,0,0,0,0,47,2,1,0,5,1,2.828125,29.312500,16.070312,2910.750000,1332.500000,1578.250000,-7.000000,48.433643,7.000000,,,
46.370130,1785211543.839991093,reverse_align,-80,125,-25,eq5_reverse bisector=+15.9 biasAB=+1553 paperSteer=+7.00,13,13,5,8,3,1,2,0,0,0,0,48,2,1,0,5,1,2.421875,29.312500,15.867188,2885.500000,1332.500000,1553.000000,-7.000000,46.896286,7.000000,,,
46.459567,1785211543.950489998,reverse_align,-80,125,-25,eq5_reverse bisector=+15.7 biasAB=+1533 paperSteer=+7.00,15,15,8,7,2,1,2,0,0,0,0,49,2,1,0,5,1,2.140625,29.312500,15.726562,2865.250000,1332.500000,1532.750000,-7.000000,45.681272,7.000000,,,
46.548404,1785211544.065119982,reverse_align,-80,125,-25,eq5_reverse bisector=+15.5 biasAB=+1549 paperSteer=+7.00,12,12,5,7,2,1,2,0,0,0,0,50,2,1,0,5,1,1.437500,29.468750,15.453125,2824.500000,1275.500000,1549.000000,-7.000000,46.655019,7.000000,,,
46.637221,1785211544.177314043,reverse_align,-80,125,-25,eq5_reverse bisector=+15.4 biasAB=+1505 paperSteer=+7.00,12,12,7,5,3,1,2,0,0,0,0,51,2,1,0,5,1,1.265625,29.468750,15.367188,2780.250000,1275.500000,1504.750000,-7.000000,44.027522,7.000000,,,
46.727059,1785211544.177314043,reverse_align,-80,125,-25,eq5_reverse bisector=+15.4 biasAB=+1505 paperSteer=+7.00,12,12,7,5,3,1,2,0,0,0,0,51,2,1,0,5,1,1.265625,29.468750,15.367188,2780.250000,1275.500000,1504.750000,-7.000000,44.027522,7.000000,,,
46.821201,1785211544.287973881,reverse_align,-80,125,-25,eq5_reverse bisector=+15.9 biasAB=+1626 paperSteer=+7.00,19,19,11,8,2,1,2,0,0,0,0,52,2,1,0,5,1,1.265625,30.453125,15.859375,2780.250000,1154.500000,1625.750000,-7.000000,51.392893,7.000000,,,
46.910091,1785211544.402770996,reverse_align,-80,125,-25,eq5_reverse bisector=+15.6 biasAB=+1662 paperSteer=+7.00,19,19,10,9,2,1,2,0,0,0,0,53,2,1,0,5,1,1.265625,30.000000,15.632812,2780.250000,1118.500000,1661.750000,-7.000000,53.694143,7.000000,,,
46.998907,1785211544.513942003,reverse_align,-80,125,-25,eq5_reverse bisector=+15.6 biasAB=+1662 paperSteer=+7.00,23,23,13,10,2,1,2,0,0,0,0,54,2,1,0,5,1,1.265625,30.000000,15.632812,2780.250000,1118.500000,1661.750000,-7.000000,53.694143,7.000000,,,
47.087843,1785211544.625928879,reverse_align,-80,125,-25,eq5_reverse bisector=+14.5 biasAB=+1582 paperSteer=+7.00,21,21,11,10,2,1,2,0,0,0,0,55,2,1,0,5,1,-1.031250,30.000000,14.484375,2700.250000,1118.500000,1581.750000,-7.000000,48.648698,7.000000,,,
47.178426,1785211544.625928879,reverse_align,-80,125,-25,eq5_reverse bisector=+14.5 biasAB=+1582 paperSteer=+7.00,21,21,11,10,2,1,2,0,0,0,0,55,2,1,0,5,1,-1.031250,30.000000,14.484375,2700.250000,1118.500000,1581.750000,-7.000000,48.648698,7.000000,,,
47.268748,1785211544.739653826,reverse_align,-80,125,-25,eq5_reverse bisector=+14.2 biasAB=+1552 paperSteer=+7.00,15,15,7,8,2,1,2,0,0,0,0,56,2,1,0,5,1,-1.578125,30.000000,14.210938,2670.500000,1118.500000,1552.000000,-7.000000,46.835911,7.000000,,,
47.363200,1785211544.852058172,reverse_align,-80,125,-25,eq5_reverse bisector=+14.0 biasAB=+1519 paperSteer=+7.00,22,22,6,16,2,1,2,0,0,0,0,57,2,1,0,5,1,-1.984375,30.000000,14.007812,2637.750000,1118.500000,1519.250000,-7.000000,44.880122,7.000000,,,
47.452351,1785211544.963294029,reverse_align,-80,125,-25,eq5_reverse bisector=+14.6 biasAB=+1626 paperSteer=+7.00,17,17,7,10,2,1,2,0,0,0,0,58,2,1,0,5,1,-0.984375,30.203125,14.609375,2653.500000,1028.000000,1625.500000,-7.000000,51.377088,7.000000,,,
47.541309,1785211545.074582100,reverse_align,-80,125,-25,eq5_reverse bisector=+14.5 biasAB=+1668 paperSteer=+7.00,18,18,7,11,2,1,2,0,0,0,0,59,2,1,0,5,1,-0.984375,30.062500,14.539062,2653.500000,985.250000,1668.250000,-7.000000,54.115018,7.000000,,,
47.631002,1785211545.074582100,reverse_align,-80,125,-25,eq5_reverse bisector=+14.5 biasAB=+1668 paperSteer=+7.00,18,18,7,11,2,1,2,0,0,0,0,59,2,1,0,5,1,-0.984375,30.062500,14.539062,2653.500000,985.250000,1668.250000,-7.000000,54.115018,7.000000,,,
47.720868,1785211545.189694881,reverse_align,-80,125,-25,eq5_reverse bisector=+14.1 biasAB=+1670 paperSteer=+7.00,22,22,6,16,2,1,2,0,0,0,0,60,2,1,0,5,1,-0.984375,29.234375,14.125000,2653.500000,983.000000,1670.500000,-7.000000,54.261088,7.000000,,,
47.810348,1785211545.300328016,reverse_align,-80,125,-25,eq5_reverse bisector=+14.1 biasAB=+1670 paperSteer=+7.00,19,19,6,13,2,1,2,0,0,0,0,61,2,1,0,5,1,-0.984375,29.234375,14.125000,2653.500000,983.000000,1670.500000,-7.000000,54.261088,7.000000,,,
47.903556,1785211545.412343025,reverse_align,-80,125,-25,eq5_reverse bisector=+14.1 biasAB=+1670 paperSteer=+7.00,18,18,4,14,2,1,2,0,0,0,0,62,2,1,0,5,1,-0.984375,29.234375,14.125000,2653.500000,983.000000,1670.500000,-7.000000,54.261088,7.000000,,,
47.993488,1785211545.526570082,reverse_align,-80,125,-25,eq5_reverse bisector=+12.7 biasAB=+1640 paperSteer=+7.00,29,29,11,18,2,1,2,0,0,0,0,63,2,1,0,5,1,-3.406250,28.734375,12.664062,2566.250000,925.750000,1640.500000,-7.000000,52.329672,7.000000,,,
48.083818,1785211545.526570082,reverse_align,-80,125,-25,eq5_reverse bisector=+12.7 biasAB=+1640 paperSteer=+7.00,29,29,11,18,2,1,2,0,0,0,0,63,2,1,0,5,1,-3.406250,28.734375,12.664062,2566.250000,925.750000,1640.500000,-7.000000,52.329672,7.000000,,,
48.174247,1785211545.638185978,reverse_align,-80,125,-25,eq5_reverse bisector=+11.1 biasAB=+1547 paperSteer=+7.00,24,24,8,16,2,1,2,0,0,0,0,64,2,1,0,5,1,-5.859375,28.031250,11.085938,2467.750000,921.000000,1546.750000,-7.000000,46.519580,7.000000,,,
48.265458,1785211545.749037027,reverse_align,-80,125,-25,eq5_reverse bisector=+10.8 biasAB=+1510 paperSteer=+7.00,29,29,10,19,2,1,2,0,0,0,0,65,2,1,0,5,1,-6.390625,28.031250,10.820312,2430.750000,921.000000,1509.750000,-7.000000,44.320598,7.000000,,,
48.354730,1785211545.860040903,reverse_align,-80,125,-25,eq5_reverse bisector=+10.8 biasAB=+1510 paperSteer=+7.00,20,20,6,14,2,1,2,0,0,0,0,66,2,1,0,5,1,-6.390625,28.031250,10.820312,2430.750000,921.000000,1509.750000,-7.000000,44.320598,7.000000,,,
48.448608,1785211545.974428892,reverse_align,-80,125,-25,eq5_reverse bisector=+10.8 biasAB=+1510 paperSteer=+7.00,26,26,9,17,2,1,2,0,0,0,0,67,2,1,0,5,1,-6.390625,28.031250,10.820312,2430.750000,921.000000,1509.750000,-7.000000,44.320598,7.000000,,,
48.538446,1785211546.086396933,reverse_align,-80,125,-25,eq5_reverse bisector=+9.6 biasAB=+1442 paperSteer=+7.00,25,25,9,16,2,1,2,0,0,0,0,68,2,1,0,5,1,-8.765625,28.031250,9.632813,2363.500000,921.000000,1442.500000,-7.000000,40.460122,7.000000,,,
48.627940,1785211546.086396933,reverse_align,-80,125,-25,eq5_reverse bisector=+9.6 biasAB=+1442 paperSteer=+7.00,25,25,9,16,2,1,2,0,0,0,0,68,2,1,0,5,1,-8.765625,28.031250,9.632813,2363.500000,921.000000,1442.500000,-7.000000,40.460122,7.000000,,,
48.718269,1785211546.198426962,reverse_align,-80,125,-25,eq5_reverse bisector=+8.9 biasAB=+1399 paperSteer=+7.00,29,29,9,20,2,1,2,0,0,0,0,69,2,1,0,5,1,-11.062500,28.796875,8.867188,2283.000000,884.250000,1398.750000,-7.000000,38.043086,7.000000,,,
48.808103,1785211546.312357187,reverse_align,-80,125,-25,eq5_reverse bisector=+8.9 biasAB=+1441 paperSteer=+7.00,25,25,8,17,2,1,2,0,0,0,0,70,2,1,0,5,1,-11.062500,28.828125,8.882812,2283.000000,842.250000,1440.750000,-7.000000,40.362011,7.000000,,,
48.897989,1785211546.423166037,reverse_align,-80,125,-25,eq5_reverse bisector=+8.9 biasAB=+1441 paperSteer=+7.00,26,26,10,16,2,1,2,0,0,0,0,71,2,1,0,5,1,-11.062500,28.828125,8.882812,2283.000000,842.250000,1440.750000,-7.000000,40.362011,7.000000,,,
48.992774,1785211546.535557985,reverse_align,-80,125,-25,eq5_reverse bisector=+7.8 biasAB=+1405 paperSteer=+7.00,27,27,11,16,2,1,2,0,0,0,0,72,2,1,0,5,1,-13.468750,29.031250,7.781250,2203.000000,798.250000,1404.750000,-7.000000,38.370161,7.000000,,,
49.082694,1785211546.535557985,reverse_align,-80,125,-25,eq5_reverse bisector=+7.8 biasAB=+1405 paperSteer=+7.00,27,27,11,16,2,1,2,0,0,0,0,72,2,1,0,5,1,-13.468750,29.031250,7.781250,2203.000000,798.250000,1404.750000,-7.000000,38.370161,7.000000,,,
49.172032,1785211546.649382830,reverse_align,-80,125,-25,eq5_reverse bisector=+7.5 biasAB=+1366 paperSteer=+7.00,21,21,9,12,2,1,2,0,0,0,0,73,2,1,0,5,1,-14.078125,29.031250,7.476562,2163.750000,798.250000,1365.500000,-7.000000,36.255922,7.000000,,,
49.261921,1785211546.760608912,reverse_align,-80,125,-25,eq5_reverse bisector=+7.3 biasAB=+1385 paperSteer=+7.00,28,28,13,15,2,1,2,0,0,0,0,74,2,1,0,5,1,-14.609375,29.265625,7.328125,2142.500000,757.500000,1385.000000,-7.000000,37.298819,7.000000,,,
49.350849,1785211546.872245073,center_check,0,0,-25,figure9_near_stop_and_check_dist_cd,20,20,6,14,2,1,2,0,0,0,0,75,2,1,1,5,1,-15.312500,29.265625,6.976562,2115.500000,757.500000,,,,,,,
49.441313,1785211546.986627102,recovery_forward,50,-25,-25,paper_recovery_forward:0.04/3.00s,24,24,8,16,2,1,2,0,0,0,0,76,2,1,1,5,1,-16.062500,30.265625,7.101562,2090.250000,686.500000,,,,,,,
49.536596,1785211546.986627102,recovery_forward,50,-25,-25,paper_recovery_forward:0.14/3.00s,24,24,8,16,2,1,2,0,0,0,0,76,2,1,1,5,1,-16.062500,30.265625,7.101562,2090.250000,686.500000,,,,,,,
49.626305,1785211547.097840786,recovery_forward,50,-25,-25,paper_recovery_forward:0.23/3.00s,34,34,17,17,2,1,2,0,0,0,0,77,2,1,1,5,1,-16.640625,30.265625,6.812500,2068.500000,686.500000,,,,,,,
49.717193,1785211547.209739923,recovery_forward,50,-25,-25,paper_recovery_forward:0.32/3.00s,27,27,14,13,2,1,2,0,0,0,0,78,2,1,1,5,1,-17.218750,30.265625,6.523438,2038.500000,686.500000,,,,,,,
49.808026,1785211547.324326992,recovery_forward,50,-25,-25,paper_recovery_forward:0.41/3.00s,29,29,14,15,2,1,2,0,0,0,0,79,2,1,1,5,1,-17.218750,31.031250,6.906250,2038.500000,659.250000,,,,,,,
49.898892,1785211547.436411858,recovery_forward,50,-25,-25,paper_recovery_forward:0.50/3.00s,25,25,11,14,2,1,2,0,0,0,0,80,2,1,1,5,1,-17.218750,29.828125,6.304688,2038.500000,668.250000,,,,,,,
49.988168,1785211547.436411858,recovery_forward,50,-25,-25,paper_recovery_forward:0.59/3.00s,25,25,11,14,2,1,2,0,0,0,0,80,2,1,1,5,1,-17.218750,29.828125,6.304688,2038.500000,668.250000,,,,,,,
50.083213,1785211547.547369957,recovery_forward,50,-25,-25,paper_recovery_forward:0.69/3.00s,27,27,10,17,2,1,2,0,0,0,0,81,2,1,1,5,1,-17.218750,29.828125,6.304688,2038.500000,668.250000,,,,,,,
50.171716,1785211547.661967039,recovery_forward,50,-25,-25,paper_recovery_forward:0.77/3.00s,20,20,5,15,2,1,2,0,0,0,0,82,2,1,0,5,1,-17.218750,29.828125,6.304688,2038.500000,668.250000,,,,,,,
50.260760,1785211547.774945974,recovery_forward,50,-25,-25,paper_recovery_forward:0.86/3.00s,27,27,11,16,2,1,2,0,0,0,0,83,2,1,0,5,1,-17.671875,29.265625,5.796875,2080.750000,693.000000,,,,,,,
50.350559,1785211547.885173082,recovery_forward,50,-25,-25,paper_recovery_forward:0.95/3.00s,25,25,7,18,2,1,2,0,0,0,0,84,2,1,0,5,1,-17.671875,28.375000,5.351562,2080.750000,709.250000,,,,,,,
50.440429,1785211547.885173082,recovery_forward,50,-25,-25,paper_recovery_forward:1.04/3.00s,25,25,7,18,2,1,2,0,0,0,0,84,2,1,0,5,1,-17.671875,28.375000,5.351562,2080.750000,709.250000,,,,,,,
50.530508,1785211547.999327898,recovery_forward,50,-25,-25,paper_recovery_forward:1.13/3.00s,26,26,11,15,2,1,2,0,0,0,0,85,2,1,0,5,1,-17.671875,27.500000,4.914062,2080.750000,723.500000,,,,,,,
50.625391,1785211548.110162020,recovery_forward,50,-25,-25,paper_recovery_forward:1.23/3.00s,25,25,9,16,2,1,2,0,0,0,0,86,2,1,0,5,1,-17.671875,26.953125,4.640625,2080.750000,738.750000,,,,,,,
50.715482,1785211548.221781969,recovery_forward,50,-25,-25,paper_recovery_forward:1.32/3.00s,22,22,7,15,2,1,2,0,0,0,0,87,2,1,0,5,1,-18.578125,26.265625,3.843750,2064.000000,753.750000,,,,,,,
50.805252,1785211548.333680153,recovery_forward,50,-25,-25,paper_recovery_forward:1.41/3.00s,30,30,10,20,2,1,2,0,0,0,0,88,2,1,0,5,1,-15.625000,25.687500,5.031250,2215.000000,767.500000,,,,,,,
50.896684,1785211548.448048830,recovery_forward,50,-25,-25,paper_recovery_forward:1.50/3.00s,27,27,10,17,2,1,2,0,0,0,0,89,2,1,0,5,1,-15.625000,25.187500,4.781250,2215.000000,781.750000,,,,,,,
50.988019,1785211548.448048830,recovery_forward,50,-25,-25,paper_recovery_forward:1.59/3.00s,27,27,10,17,2,1,2,0,0,0,0,89,2,1,0,5,1,-15.625000,25.187500,4.781250,2215.000000,781.750000,,,,,,,
51.079374,1785211548.558938026,recovery_forward,50,-25,-25,paper_recovery_forward:1.68/3.00s,29,29,11,18,2,1,2,0,0,0,0,90,2,1,0,5,1,-15.437500,24.468750,4.515625,2251.750000,800.000000,,,,,,,
51.173703,1785211548.670947075,recovery_forward,50,-25,-25,paper_recovery_forward:1.78/3.00s,30,30,14,16,2,1,2,0,0,0,0,91,2,1,0,5,1,-14.687500,24.468750,4.890625,2267.000000,800.000000,,,,,,,
51.263083,1785211548.785082817,recovery_forward,50,-25,-25,paper_recovery_forward:1.87/3.00s,26,26,10,16,2,1,2,0,0,0,0,92,2,1,0,5,1,-12.343750,24.093750,5.875000,2369.750000,818.500000,,,,,,,
51.353384,1785211548.896111012,recovery_forward,50,-25,-25,paper_recovery_forward:1.96/3.00s,26,26,7,19,2,1,2,0,0,0,0,93,2,1,0,5,1,-12.343750,23.171875,5.414062,2369.750000,838.500000,,,,,,,
51.443245,1785211548.896111012,recovery_forward,50,-25,-25,paper_recovery_forward:2.05/3.00s,26,26,7,19,2,1,2,0,0,0,0,93,2,1,0,5,1,-12.343750,23.171875,5.414062,2369.750000,838.500000,,,,,,,
51.534677,1785211549.007731915,recovery_forward,50,-25,-25,paper_recovery_forward:2.14/3.00s,28,28,9,19,2,1,2,0,0,0,0,94,2,1,0,5,1,-12.343750,22.218750,4.937500,2369.750000,861.500000,,,,,,,
51.624849,1785211549.119634867,recovery_forward,50,-25,-25,paper_recovery_forward:2.23/3.00s,27,27,9,18,2,1,2,0,0,0,0,95,2,1,0,5,1,-12.343750,22.218750,4.937500,2369.750000,861.500000,,,,,,,
51.719880,1785211549.233875036,recovery_forward,50,-25,-25,paper_recovery_forward:2.32/3.00s,27,27,9,18,2,1,2,0,0,0,0,96,2,1,0,5,1,-12.343750,22.218750,4.937500,2369.750000,861.500000,,,,,,,
51.809442,1785211549.345723867,recovery_forward,50,-25,-25,paper_recovery_forward:2.41/3.00s,25,25,6,19,2,1,2,0,0,0,0,97,2,1,0,5,1,-12.671875,22.093750,4.710938,2392.000000,885.000000,,,,,,,
51.899358,1785211549.345723867,recovery_forward,50,-25,-25,paper_recovery_forward:2.50/3.00s,25,25,6,19,2,1,2,0,0,0,0,97,2,1,0,5,1,-12.671875,22.093750,4.710938,2392.000000,885.000000,,,,,,,
51.990312,1785211549.457106829,recovery_forward,50,-25,-25,paper_recovery_forward:2.59/3.00s,24,24,7,17,2,1,2,0,0,0,0,98,2,1,0,5,1,-12.671875,21.406250,4.367188,2392.000000,903.750000,,,,,,,
52.080619,1785211549.571656942,recovery_forward,50,-25,-25,paper_recovery_forward:2.68/3.00s,26,26,8,18,2,1,2,0,0,0,0,99,2,1,0,5,1,-13.375000,20.437500,3.531250,2378.500000,929.000000,,,,,,,
52.170991,1785211549.682178020,recovery_forward,50,-25,-25,paper_recovery_forward:2.77/3.00s,27,27,10,17,2,1,2,0,0,0,0,100,2,1,0,5,1,-14.062500,20.437500,3.187500,2441.500000,929.000000,,,,,,,
52.265514,1785211549.794038057,recovery_forward,50,-25,-25,paper_recovery_forward:2.87/3.00s,20,20,5,15,2,1,2,0,0,0,0,101,2,1,0,5,1,-13.437500,20.078125,3.320312,2471.000000,951.000000,,,,,,,
52.355354,1785211549.794038057,recovery_forward,50,-25,-25,paper_recovery_forward:2.96/3.00s,20,20,5,15,2,1,2,0,0,0,0,101,2,1,0,5,1,-13.437500,20.078125,3.320312,2471.000000,951.000000,,,,,,,
52.443261,1785211549.908434868,reverse_align,-80,125,-25,eq5_reverse bisector=+3.3 biasAB=+1520 paperSteer=+7.00,21,21,5,16,2,1,2,0,0,0,0,102,2,1,0,5,1,-13.437500,20.078125,3.320312,2471.000000,951.000000,1520.000000,-1.162109,44.924444,7.000000,,,
52.533789,1785211550.020464897,reverse_align,-80,125,-25,eq5_reverse bisector=+3.3 biasAB=+1520 paperSteer=+7.00,21,21,5,16,2,1,2,0,0,0,0,103,2,1,0,5,1,-13.437500,20.078125,3.320312,2471.000000,951.000000,1520.000000,-1.162109,44.924444,7.000000,,,
52.623991,1785211550.132252932,reverse_align,-80,125,-25,eq5_reverse bisector=+4.0 biasAB=+1598 paperSteer=+7.00,24,24,7,17,2,1,2,0,0,0,0,104,2,1,0,5,1,-12.171875,20.078125,3.953125,2548.500000,951.000000,1597.500000,-1.383594,49.622344,7.000000,,,
52.713930,1785211550.246270895,reverse_align,-80,125,-25,eq5_reverse bisector=+4.0 biasAB=+1598 paperSteer=+7.00,17,17,5,12,2,1,2,0,0,0,0,105,2,1,0,5,1,-12.171875,20.078125,3.953125,2548.500000,951.000000,1597.500000,-1.383594,49.622344,7.000000,,,
52.807969,1785211550.357177019,reverse_align,-80,125,-25,eq5_reverse bisector=+3.6 biasAB=+1598 paperSteer=+7.00,24,24,5,19,2,1,2,0,0,0,0,106,2,1,0,5,1,-12.171875,19.390625,3.609375,2548.500000,950.500000,1598.000000,-1.263281,49.653411,7.000000,,,
52.897202,1785211550.357177019,reverse_align,-80,125,-25,eq5_reverse bisector=+3.6 biasAB=+1598 paperSteer=+7.00,24,24,5,19,2,1,2,0,0,0,0,106,2,1,0,5,1,-12.171875,19.390625,3.609375,2548.500000,950.500000,1598.000000,-1.263281,49.653411,7.000000,,,
52.985229,1785211550.469040155,reverse_align,-80,125,-25,eq5_reverse bisector=+3.6 biasAB=+1598 paperSteer=+7.00,23,23,7,16,2,1,2,0,0,0,0,107,2,1,0,5,1,-12.171875,19.390625,3.609375,2548.500000,950.500000,1598.000000,-1.263281,49.653411,7.000000,,,
53.075350,1785211550.583025932,reverse_align,-80,125,-25,eq5_reverse bisector=+3.6 biasAB=+1598 paperSteer=+7.00,29,29,9,20,2,1,2,0,0,0,0,108,2,1,0,5,1,-12.171875,19.390625,3.609375,2548.500000,950.500000,1598.000000,-1.263281,49.653411,7.000000,,,
53.164398,1785211550.694885015,reverse_align,-80,125,-25,eq5_reverse bisector=+2.2 biasAB=+1574 paperSteer=+7.00,29,29,8,21,2,1,2,0,0,0,0,109,2,1,0,5,1,-14.078125,18.406250,2.164063,2460.000000,885.500000,1574.500000,-0.757422,48.203755,7.000000,,,
53.254980,1785211550.806457043,reverse_align,-80,125,-25,eq5_reverse bisector=+2.2 biasAB=+1574 paperSteer=+7.00,26,26,7,19,2,1,2,0,0,0,0,110,2,1,0,5,1,-14.078125,18.406250,2.164063,2460.000000,885.500000,1574.500000,-0.757422,48.203755,7.000000,,,
53.350451,1785211550.806457043,reverse_align,-80,125,-25,eq5_reverse bisector=+2.2 biasAB=+1574 paperSteer=+7.00,26,26,7,19,2,1,2,0,0,0,0,110,2,1,0,5,1,-14.078125,18.406250,2.164063,2460.000000,885.500000,1574.500000,-0.757422,48.203755,7.000000,,,
53.440840,1785211550.917352915,reverse_align,-80,125,-25,eq5_reverse bisector=+1.0 biasAB=+1585 paperSteer=+7.00,27,27,7,20,2,1,2,0,0,0,0,111,2,1,0,5,1,-16.375000,18.312500,0.968750,2415.250000,830.000000,1585.250000,-0.339062,48.864230,7.000000,,,
53.531027,1785211551.032176018,reverse_align,-80,125,-25,eq5_reverse bisector=+0.8 biasAB=+1565 paperSteer=+7.00,28,28,9,19,2,1,2,0,0,0,0,112,2,1,0,5,1,-16.687500,18.312500,0.812500,2394.750000,830.000000,1564.750000,-0.284375,47.608605,7.000000,,,
53.620919,1785211551.142884016,reverse_align,-80,125,-25,eq5_reverse bisector=+0.8 biasAB=+1565 paperSteer=+7.00,28,28,6,22,2,1,2,0,0,0,0,113,2,1,0,5,1,-16.687500,18.312500,0.812500,2394.750000,830.000000,1564.750000,-0.284375,47.608605,7.000000,,,
53.711725,1785211551.254475117,reverse_align,0,0,-25,paper_cannot_calculate_steering,31,31,12,19,2,0,2,0,0,0,0,114,2,1,0,5,0,,,,,,,,,,,,
53.801985,1785211551.254475117,reverse_align,0,0,-25,paper_cannot_calculate_steering,31,31,12,19,2,0,2,0,0,0,0,114,2,1,0,5,0,,,,,,,,,,,,
53.897222,1785211551.369121075,reverse_align,0,0,-25,paper_cannot_calculate_steering,29,29,8,21,2,0,2,0,0,0,0,115,2,1,0,5,0,,,,,,,,,,,,
53.987250,1785211551.480847836,reverse_align,0,0,-25,paper_cannot_calculate_steering,29,29,11,18,2,0,2,0,0,0,0,116,2,1,0,5,0,,,,,,,,,,,,
54.077407,1785211551.592423916,reverse_align,0,0,-25,paper_cannot_calculate_steering,32,32,12,20,2,0,2,0,0,0,0,117,2,1,0,5,0,,,,,,,,,,,,
54.166923,1785211551.707002163,reverse_align,0,0,-25,paper_cannot_calculate_steering,30,30,12,18,2,0,2,0,0,0,0,118,2,1,0,5,0,,,,,,,,,,,,
54.257603,1785211551.707002163,reverse_align,0,0,-25,paper_cannot_calculate_steering,30,30,12,18,2,0,2,0,0,0,0,118,2,1,0,5,0,,,,,,,,,,,,
54.348318,1785211551.817663908,reverse_align,0,0,-25,paper_cannot_calculate_steering,32,32,11,21,2,0,2,0,0,0,0,119,2,1,0,5,0,,,,,,,,,,,,
54.443573,1785211551.929723978,reverse_align,0,0,-25,paper_cannot_calculate_steering,29,29,12,17,2,0,2,0,0,0,0,120,2,1,0,5,0,,,,,,,,,,,,
54.533023,1785211552.044703960,reverse_align,0,0,-25,paper_cannot_calculate_steering,30,30,11,19,2,0,2,0,0,0,0,121,2,1,0,5,0,,,,,,,,,,,,
54.622280,1785211552.154982805,reverse_align,0,0,-25,paper_cannot_calculate_steering,24,24,8,16,2,0,2,0,0,0,0,122,2,1,0,5,0,,,,,,,,,,,,
54.712547,1785211552.154982805,reverse_align,0,0,-25,paper_cannot_calculate_steering,24,24,8,16,2,0,2,0,0,0,0,122,2,1,0,5,0,,,,,,,,,,,,
54.803316,1785211552.267384052,reverse_align,0,0,-25,paper_cannot_calculate_steering,29,29,12,17,2,0,2,0,0,0,0,123,2,1,0,5,0,,,,,,,,,,,,
54.893774,1785211552.377737045,reverse_align,0,0,-25,paper_cannot_calculate_steering,24,24,7,17,2,0,2,0,0,0,0,124,2,1,0,5,0,,,,,,,,,,,,
54.988114,1785211552.493328810,reverse_align,0,0,-25,paper_cannot_calculate_steering,32,32,12,20,2,0,2,0,0,0,0,125,2,1,0,5,0,,,,,,,,,,,,
55.077701,1785211552.604716063,reverse_align,0,0,-25,paper_cannot_calculate_steering,33,33,13,20,2,0,2,0,0,0,0,126,2,1,0,5,0,,,,,,,,,,,,
55.167094,1785211552.716060877,reverse_align,0,0,-25,paper_cannot_calculate_steering,27,27,10,17,2,0,2,0,0,0,0,127,2,1,0,5,0,,,,,,,,,,,,
55.256802,1785211552.716060877,reverse_align,0,0,-25,paper_cannot_calculate_steering,27,27,10,17,2,0,2,0,0,0,0,127,2,1,0,5,0,,,,,,,,,,,,
55.345995,1785211552.829980850,reverse_align,0,0,-25,paper_cannot_calculate_steering,28,28,10,18,2,0,2,0,0,0,0,128,2,1,0,5,0,,,,,,,,,,,,
55.436976,1785211552.941461086,reverse_align,0,0,-25,paper_cannot_calculate_steering,34,34,15,19,2,0,2,0,0,0,0,129,2,1,0,5,0,,,,,,,,,,,,
55.532174,1785211553.052987814,reverse_align,0,0,-25,paper_cannot_calculate_steering,30,30,11,19,2,0,2,0,0,0,0,130,2,1,0,5,0,,,,,,,,,,,,
55.621790,1785211553.164556980,reverse_align,0,0,-25,paper_cannot_calculate_steering,32,32,13,19,2,0,2,0,0,0,0,131,2,1,0,5,0,,,,,,,,,,,,
55.711707,1785211553.164556980,reverse_align,0,0,-25,paper_cannot_calculate_steering,32,32,13,19,2,0,2,0,0,0,0,131,2,1,0,5,0,,,,,,,,,,,,
55.801716,1785211553.278613091,reverse_align,0,0,-25,paper_cannot_calculate_steering,28,28,8,20,2,0,2,0,0,0,0,132,2,1,0,5,0,,,,,,,,,,,,
55.892108,1785211553.390608788,reverse_align,0,0,-25,paper_cannot_calculate_steering,30,30,13,17,2,0,2,0,0,0,0,133,2,1,0,5,0,,,,,,,,,,,,
55.982101,1785211553.501024961,reverse_align,0,0,-25,paper_cannot_calculate_steering,34,34,15,19,2,0,2,0,0,0,0,134,2,1,0,5,0,,,,,,,,,,,,
56.076670,1785211553.615498066,reverse_align,0,0,-25,paper_cannot_calculate_steering,25,25,9,16,2,0,2,0,0,0,0,135,2,1,0,5,0,,,,,,,,,,,,
56.166254,1785211553.615498066,reverse_align,0,0,-25,paper_cannot_calculate_steering,25,25,9,16,2,0,2,0,0,0,0,135,2,1,0,5,0,,,,,,,,,,,,
56.256278,1785211553.726912022,reverse_align,0,0,-25,paper_cannot_calculate_steering,28,28,10,18,2,0,2,0,0,0,0,136,2,1,0,5,0,,,,,,,,,,,,
56.346665,1785211553.839216948,reverse_align,0,0,-25,paper_cannot_calculate_steering,37,37,14,23,2,0,2,0,0,0,0,137,2,1,0,5,0,,,,,,,,,,,,
56.436990,1785211553.951086044,reverse_align,0,0,-25,paper_cannot_calculate_steering,25,25,8,17,2,0,2,0,0,0,0,138,2,1,0,5,0,,,,,,,,,,,,
56.527455,1785211554.064901114,reverse_align,0,0,-25,paper_cannot_calculate_steering,30,30,12,18,2,0,2,0,0,0,0,139,2,1,0,5,0,,,,,,,,,,,,
56.622472,1785211554.064901114,reverse_align,0,0,-25,paper_cannot_calculate_steering,30,30,12,18,2,0,2,0,0,0,0,139,2,1,0,5,0,,,,,,,,,,,,
56.711659,1785211554.175941944,reverse_align,0,0,-25,paper_cannot_calculate_steering,25,25,8,17,2,0,2,0,0,0,0,140,2,1,0,5,0,,,,,,,,,,,,
56.801328,1785211554.287317991,reverse_align,0,0,-25,paper_cannot_calculate_steering,33,33,14,19,2,0,2,0,0,0,0,141,2,1,0,5,0,,,,,,,,,,,,
56.892511,1785211554.402010202,reverse_align,0,0,-25,paper_cannot_calculate_steering,32,32,12,20,2,0,2,0,0,0,0,142,2,1,0,5,0,,,,,,,,,,,,
56.979708,1785211554.513307810,reverse_align,0,0,-25,paper_cannot_calculate_steering,24,24,10,14,2,0,2,0,0,0,0,143,2,1,0,5,0,,,,,,,,,,,,
57.068422,1785211554.513307810,reverse_align,0,0,-25,paper_cannot_calculate_steering,24,24,10,14,2,0,2,0,0,0,0,143,2,1,0,5,0,,,,,,,,,,,,
57.163569,1785211554.624711990,reverse_align,0,0,-25,paper_cannot_calculate_steering,27,27,10,17,2,0,2,0,0,0,0,144,2,1,0,5,0,,,,,,,,,,,,
57.252940,1785211554.736355066,reverse_align,0,0,-25,paper_cannot_calculate_steering,30,30,11,19,2,0,2,0,0,0,0,145,2,1,0,5,0,,,,,,,,,,,,
57.342081,1785211554.850544930,reverse_align,0,0,-25,paper_cannot_calculate_steering,32,32,13,19,2,0,2,0,0,0,0,146,2,1,0,5,0,,,,,,,,,,,,
57.432516,1785211554.962257862,reverse_align,0,0,-25,paper_cannot_calculate_steering,30,30,11,19,2,0,2,0,0,0,0,147,2,1,0,5,0,,,,,,,,,,,,
57.522247,1785211554.962257862,reverse_align,0,0,-25,paper_cannot_calculate_steering,30,30,11,19,2,0,2,0,0,0,0,147,2,1,0,5,0,,,,,,,,,,,,
57.613465,1785211555.075967073,reverse_align,0,0,-25,paper_cannot_calculate_steering,37,37,16,21,2,0,2,0,0,0,0,148,2,1,0,5,0,,,,,,,,,,,,
57.708793,1785211555.188405991,reverse_align,0,0,-25,paper_cannot_calculate_steering,36,36,14,22,2,0,2,0,0,0,0,149,2,1,0,5,0,,,,,,,,,,,,
57.799818,1785211555.299176931,reverse_align,0,0,-25,paper_cannot_calculate_steering,37,37,15,22,2,0,2,0,0,0,0,150,2,1,0,5,0,,,,,,,,,,,,
57.890243,1785211555.410779953,reverse_align,0,0,-25,paper_cannot_calculate_steering,29,29,11,18,2,0,2,0,0,0,0,151,2,1,0,5,0,,,,,,,,,,,,
57.980747,1785211555.521981001,reverse_align,0,0,-25,paper_cannot_calculate_steering,29,29,12,17,2,0,2,0,0,0,0,152,2,1,0,5,0,,,,,,,,,,,,
58.071361,1785211555.521981001,reverse_align,0,0,-25,paper_cannot_calculate_steering,29,29,12,17,2,0,2,0,0,0,0,152,2,1,0,5,0,,,,,,,,,,,,
58.162041,1785211555.637325048,reverse_align,0,0,-25,paper_cannot_calculate_steering,29,29,11,18,2,0,2,0,0,0,0,153,2,1,0,5,0,,,,,,,,,,,,
58.257052,1785211555.748586893,reverse_align,0,0,-25,paper_cannot_calculate_steering,28,28,10,18,2,0,2,0,0,0,0,154,2,1,0,5,0,,,,,,,,,,,,
58.346224,1785211555.859977961,reverse_align,0,0,-25,paper_cannot_calculate_steering,38,38,16,22,2,0,2,0,0,0,0,155,2,1,0,5,0,,,,,,,,,,,,
58.435743,1785211555.974416971,reverse_align,0,0,-25,paper_cannot_calculate_steering,25,25,9,16,2,0,2,0,0,0,0,156,2,1,0,5,0,,,,,,,,,,,,
58.526612,1785211555.974416971,reverse_align,0,0,-25,paper_cannot_calculate_steering,25,25,9,16,2,0,2,0,0,0,0,156,2,1,0,5,0,,,,,,,,,,,,
58.616825,1785211556.085137844,reverse_align,0,0,-25,paper_cannot_calculate_steering,27,27,11,16,2,0,2,0,0,0,0,157,2,1,0,5,0,,,,,,,,,,,,
58.706932,1785211556.196660042,reverse_align,0,0,-25,paper_cannot_calculate_steering,36,36,13,23,2,0,2,0,0,0,0,158,2,1,0,5,0,,,,,,,,,,,,
58.800739,1785211556.307971001,reverse_align,0,0,-25,paper_cannot_calculate_steering,32,32,12,20,2,0,2,0,0,0,0,159,2,1,0,5,0,,,,,,,,,,,,
58.890857,1785211556.422940016,reverse_align,0,0,-25,paper_cannot_calculate_steering,31,31,12,19,2,0,2,0,0,0,0,160,2,1,0,5,0,,,,,,,,,,,,
58.981189,1785211556.422940016,reverse_align,0,0,-25,paper_cannot_calculate_steering,31,31,12,19,2,0,2,0,0,0,0,160,2,1,0,5,0,,,,,,,,,,,,
59.071903,1785211556.534754038,reverse_align,0,0,-25,paper_cannot_calculate_steering,31,31,12,19,2,0,2,0,0,0,0,161,2,1,0,5,0,,,,,,,,,,,,
59.161432,1785211556.646344900,reverse_align,0,0,-25,paper_cannot_calculate_steering,33,33,14,19,2,0,2,0,0,0,0,162,2,1,0,5,0,,,,,,,,,,,,
59.251213,1785211556.759732008,reverse_align,0,0,-25,paper_cannot_calculate_steering,33,33,13,20,2,0,2,0,0,0,0,163,2,1,0,5,0,,,,,,,,,,,,
59.346297,1785211556.872058153,reverse_align,0,0,-25,paper_cannot_calculate_steering,26,26,8,18,2,0,2,0,0,0,0,164,2,1,0,5,0,,,,,,,,,,,,
59.435958,1785211556.983814955,reverse_align,0,0,-25,paper_cannot_calculate_steering,30,30,11,19,2,0,2,0,0,0,0,165,2,1,0,5,0,,,,,,,,,,,,
59.525733,1785211556.983814955,reverse_align,0,0,-25,paper_cannot_calculate_steering,30,30,11,19,2,0,2,0,0,0,0,165,2,1,0,5,0,,,,,,,,,,,,
59.615662,1785211557.095083952,reverse_align,0,0,-25,paper_cannot_calculate_steering,24,24,7,17,2,0,2,0,0,0,0,166,2,1,0,5,0,,,,,,,,,,,,
59.705509,1785211557.209517002,reverse_align,0,0,-25,paper_cannot_calculate_steering,29,29,12,17,2,0,2,0,0,0,0,167,2,1,0,5,0,,,,,,,,,,,,
59.795669,1785211557.320155859,reverse_align,0,0,-25,paper_cannot_calculate_steering,27,27,9,18,2,0,2,0,0,0,0,168,2,1,0,5,0,,,,,,,,,,,,
59.890238,1785211557.431354761,reverse_align,0,0,-25,paper_cannot_calculate_steering,29,29,11,18,2,0,2,0,0,0,0,169,2,1,0,5,0,,,,,,,,,,,,
59.978858,1785211557.431354761,reverse_align,0,0,-25,paper_cannot_calculate_steering,29,29,11,18,2,0,2,0,0,0,0,169,2,1,0,5,0,,,,,,,,,,,,
60.069369,1785211557.545876980,reverse_align,0,0,-25,paper_cannot_calculate_steering,32,32,13,19,2,0,2,0,0,0,0,170,2,1,0,5,0,,,,,,,,,,,,
60.159301,1785211557.657516003,reverse_align,0,0,-25,paper_cannot_calculate_steering,27,27,10,17,2,0,2,0,0,0,0,171,2,1,0,5,0,,,,,,,,,,,,
60.249036,1785211557.769477129,reverse_align,0,0,-25,paper_cannot_calculate_steering,31,31,12,19,2,0,2,0,0,0,0,172,2,1,0,5,0,,,,,,,,,,,,
60.339345,1785211557.880733967,reverse_align,0,0,-25,paper_cannot_calculate_steering,26,26,9,17,2,0,2,0,0,0,0,173,2,1,0,5,0,,,,,,,,,,,,
60.433863,1785211557.880733967,reverse_align,0,0,-25,paper_cannot_calculate_steering,26,26,9,17,2,0,2,0,0,0,0,173,2,1,0,5,0,,,,,,,,,,,,
60.523171,1785211557.995573044,reverse_align,0,0,-25,paper_cannot_calculate_steering,31,31,14,17,2,0,2,0,0,0,0,174,2,1,0,5,0,,,,,,,,,,,,
60.613119,1785211558.106768847,reverse_align,0,0,-25,paper_cannot_calculate_steering,33,33,11,22,2,0,2,0,0,0,0,175,2,1,0,5,0,,,,,,,,,,,,
60.703116,1785211558.218507051,reverse_align,0,0,-25,paper_cannot_calculate_steering,35,35,13,22,2,0,2,0,0,0,0,176,2,1,0,5,0,,,,,,,,,,,,
60.794505,1785211558.332726955,reverse_align,0,0,-25,paper_cannot_calculate_steering,31,31,15,16,2,0,2,0,0,0,0,177,2,1,0,5,0,,,,,,,,,,,,
60.885284,1785211558.332726955,reverse_align,0,0,-25,paper_cannot_calculate_steering,31,31,15,16,2,0,2,0,0,0,0,177,2,1,0,5,0,,,,,,,,,,,,
60.980467,1785211558.444731951,reverse_align,0,0,-25,paper_cannot_calculate_steering,27,27,8,19,2,0,2,0,0,0,0,178,2,1,0,5,0,,,,,,,,,,,,
61.069863,1785211558.554945946,reverse_align,0,0,-25,paper_cannot_calculate_steering,29,29,13,16,2,0,2,0,0,0,0,179,2,1,0,5,0,,,,,,,,,,,,
61.160452,1785211558.666764975,reverse_align,0,0,-25,paper_cannot_calculate_steering,30,30,11,19,2,0,2,0,0,0,0,180,2,1,0,5,0,,,,,,,,,,,,
61.250335,1785211558.781327009,reverse_align,0,0,-25,paper_cannot_calculate_steering,28,28,11,17,2,0,2,0,0,0,0,181,2,1,0,5,0,,,,,,,,,,,,
61.340329,1785211558.891948938,reverse_align,0,0,-25,paper_cannot_calculate_steering,31,31,12,19,2,0,2,0,0,0,0,182,2,1,0,5,0,,,,,,,,,,,,
61.430054,1785211558.891948938,reverse_align,0,0,-25,paper_cannot_calculate_steering,31,31,12,19,2,0,2,0,0,0,0,182,2,1,0,5,0,,,,,,,,,,,,
61.524805,1785211559.003561974,reverse_align,0,0,-25,paper_cannot_calculate_steering,21,21,6,15,2,0,2,0,0,0,0,183,2,1,0,5,0,,,,,,,,,,,,
61.614617,1785211559.118703127,reverse_align,0,0,-25,paper_cannot_calculate_steering,31,31,12,19,2,0,2,0,0,0,0,184,2,1,0,5,0,,,,,,,,,,,,
61.704686,1785211559.230157137,reverse_align,0,0,-25,paper_cannot_calculate_steering,33,33,12,21,2,0,2,0,0,0,0,185,2,1,0,5,0,,,,,,,,,,,,
61.794145,1785211559.340713024,reverse_align,0,0,-25,paper_cannot_calculate_steering,33,33,14,19,2,0,2,0,0,0,0,186,2,1,0,5,0,,,,,,,,,,,,
61.884899,1785211559.340713024,reverse_align,0,0,-25,paper_cannot_calculate_steering,33,33,14,19,2,0,2,0,0,0,0,186,2,1,0,5,0,,,,,,,,,,,,
61.975509,1785211559.452797890,reverse_align,0,0,-25,paper_cannot_calculate_steering,26,26,9,17,2,0,2,0,0,0,0,187,2,1,0,5,0,,,,,,,,,,,,
62.070589,1785211559.567396164,reverse_align,0,0,-25,paper_cannot_calculate_steering,23,23,8,15,2,0,2,0,0,0,0,188,2,1,0,5,0,,,,,,,,,,,,
62.160172,1785211559.679036856,reverse_align,0,0,-25,paper_cannot_calculate_steering,30,30,12,18,2,0,2,0,0,0,0,189,2,1,0,5,0,,,,,,,,,,,,
62.250003,1785211559.790150881,reverse_align,0,0,-25,paper_cannot_calculate_steering,30,30,14,16,2,0,2,0,0,0,0,190,2,1,0,5,0,,,,,,,,,,,,
62.339579,1785211559.790150881,reverse_align,0,0,-25,paper_cannot_calculate_steering,30,30,14,16,2,0,2,0,0,0,0,190,2,1,0,5,0,,,,,,,,,,,,
62.430621,1785211559.900931120,reverse_align,0,0,-25,paper_cannot_calculate_steering,24,24,9,15,2,0,2,0,0,0,0,191,2,1,0,5,0,,,,,,,,,,,,
62.521385,1785211560.015883923,reverse_align,0,0,-25,paper_cannot_calculate_steering,28,28,11,17,2,0,2,0,0,0,0,192,2,1,0,5,0,,,,,,,,,,,,
62.615927,1785211560.127711058,reverse_align,0,0,-25,paper_cannot_calculate_steering,28,28,7,21,2,0,2,0,0,0,0,193,2,1,0,5,0,,,,,,,,,,,,
62.705597,1785211560.238774061,reverse_align,0,0,-25,paper_cannot_calculate_steering,31,31,12,19,2,0,2,0,0,0,0,194,2,1,0,5,0,,,,,,,,,,,,
62.795603,1785211560.238774061,reverse_align,0,0,-25,paper_cannot_calculate_steering,31,31,12,19,2,0,2,0,0,0,0,194,2,1,0,5,0,,,,,,,,,,,,
62.886246,1785211560.353460073,reverse_align,0,0,-25,paper_cannot_calculate_steering,27,27,7,20,2,0,2,0,0,0,0,195,2,1,0,5,0,,,,,,,,,,,,
62.976831,1785211560.464437008,reverse_align,0,0,-25,paper_cannot_calculate_steering,30,30,11,19,2,0,2,0,0,0,0,196,2,1,0,5,0,,,,,,,,,,,,
63.066656,1785211560.575781822,reverse_align,0,0,-25,paper_cannot_calculate_steering,28,28,10,18,2,0,2,0,0,0,0,197,2,1,0,5,0,,,,,,,,,,,,
63.161418,1785211560.690063953,reverse_align,0,0,-25,paper_cannot_calculate_steering,29,29,11,18,2,0,2,0,0,0,0,198,2,1,0,5,0,,,,,,,,,,,,
63.249714,1785211560.690063953,reverse_align,0,0,-25,paper_cannot_calculate_steering,29,29,11,18,2,0,2,0,0,0,0,198,2,1,0,5,0,,,,,,,,,,,,
63.338548,1785211560.803098917,reverse_align,0,0,-25,paper_cannot_calculate_steering,32,32,14,18,2,0,2,0,0,0,0,199,2,1,0,5,0,,,,,,,,,,,,
63.428539,1785211560.913144112,reverse_align,0,0,-25,paper_cannot_calculate_steering,31,31,11,20,2,0,2,0,0,0,0,200,2,1,0,5,0,,,,,,,,,,,,
63.518347,1785211561.024145842,reverse_align,0,0,-25,paper_cannot_calculate_steering,27,27,11,16,2,0,2,0,0,0,0,201,2,1,0,5,0,,,,,,,,,,,,
63.609266,1785211561.139427185,reverse_align,0,0,-25,paper_cannot_calculate_steering,31,31,12,19,2,0,2,0,0,0,0,202,2,1,0,5,0,,,,,,,,,,,,
63.704202,1785211561.250681162,reverse_align,0,0,-25,paper_cannot_calculate_steering,23,23,6,17,2,0,2,0,0,0,0,203,2,1,0,5,0,,,,,,,,,,,,
63.792601,1785211561.250681162,reverse_align,0,0,-25,paper_cannot_calculate_steering,23,23,6,17,2,0,2,0,0,0,0,203,2,1,0,5,0,,,,,,,,,,,,
63.882074,1785211561.362376928,reverse_align,0,0,-25,paper_cannot_calculate_steering,32,32,12,20,2,0,2,0,0,0,0,204,2,1,0,5,0,,,,,,,,,,,,
63.972057,1785211561.477322102,reverse_align,0,0,-25,paper_cannot_calculate_steering,29,29,9,20,2,0,2,0,0,0,0,205,2,1,0,5,0,,,,,,,,,,,,
64.062536,1785211561.587914944,reverse_align,0,0,-25,paper_cannot_calculate_steering,31,31,10,21,2,0,2,0,0,0,0,206,2,1,0,5,0,,,,,,,,,,,,
64.152099,1785211561.699931860,reverse_align,0,0,-25,paper_cannot_calculate_steering,28,28,9,19,2,0,2,0,0,0,0,207,2,1,0,5,0,,,,,,,,,,,,
64.244566,1785211561.699931860,reverse_align,0,0,-25,paper_cannot_calculate_steering,28,28,9,19,2,0,2,0,0,0,0,207,2,1,0,5,0,,,,,,,,,,,,
64.332408,1785211561.811086178,reverse_align,0,0,-25,paper_cannot_calculate_steering,33,33,14,19,2,0,2,0,0,0,0,208,2,1,0,5,0,,,,,,,,,,,,
64.420416,1785211561.924926043,reverse_align,0,0,-25,paper_cannot_calculate_steering,29,29,12,17,2,0,2,0,0,0,0,209,2,1,0,5,0,,,,,,,,,,,,
64.511785,1785211562.037253141,reverse_align,0,0,-25,paper_cannot_calculate_steering,36,36,14,22,2,0,2,0,0,0,0,210,2,1,0,5,0,,,,,,,,,,,,
64.602987,1785211562.148036003,reverse_align,0,0,-25,paper_cannot_calculate_steering,33,33,12,21,2,0,2,0,0,0,0,211,2,1,0,5,0,,,,,,,,,,,,
64.693830,1785211562.148036003,reverse_align,0,0,-25,paper_cannot_calculate_steering,33,33,12,21,2,0,2,0,0,0,0,211,2,1,0,5,0,,,,,,,,,,,,
64.788694,1785211562.262542009,reverse_align,0,0,-25,paper_cannot_calculate_steering,27,27,11,16,2,0,2,0,0,0,0,212,2,1,0,5,0,,,,,,,,,,,,
64.879041,1785211562.373690128,reverse_align,0,0,-25,paper_cannot_calculate_steering,33,33,11,22,2,0,2,0,0,0,0,213,2,1,0,5,0,,,,,,,,,,,,
64.969351,1785211562.485804081,reverse_align,0,0,-25,paper_cannot_calculate_steering,30,30,12,18,2,0,2,0,0,0,0,214,2,1,0,5,0,,,,,,,,,,,,
65.059329,1785211562.596545935,reverse_align,0,0,-25,paper_cannot_calculate_steering,29,29,10,19,2,0,2,0,0,0,0,215,2,1,0,5,0,,,,,,,,,,,,
65.149876,1785211562.596545935,reverse_align,0,0,-25,paper_cannot_calculate_steering,29,29,10,19,2,0,2,0,0,0,0,215,2,1,0,5,0,,,,,,,,,,,,
65.240434,1785211562.711557150,reverse_align,0,0,-25,paper_cannot_calculate_steering,30,30,10,20,2,0,2,0,0,0,0,216,2,1,0,5,0,,,,,,,,,,,,
65.334970,1785211562.822520018,reverse_align,0,0,-25,paper_cannot_calculate_steering,29,29,10,19,2,0,2,0,0,0,0,217,2,1,0,5,0,,,,,,,,,,,,
65.424321,1785211562.934571028,reverse_align,0,0,-25,paper_cannot_calculate_steering,33,33,15,18,2,0,2,0,0,0,0,218,2,1,0,5,0,,,,,,,,,,,,
65.514199,1785211563.045185089,reverse_align,0,0,-25,paper_cannot_calculate_steering,27,27,10,17,2,0,2,0,0,0,0,219,2,1,0,5,0,,,,,,,,,,,,
65.604517,1785211563.045185089,reverse_align,0,0,-25,paper_cannot_calculate_steering,27,27,10,17,2,0,2,0,0,0,0,219,2,1,0,5,0,,,,,,,,,,,,
65.694569,1785211563.160597086,reverse_align,0,0,-25,paper_cannot_calculate_steering,29,29,10,19,2,0,2,0,0,0,0,220,2,1,0,5,0,,,,,,,,,,,,
65.783610,1785211563.271734953,reverse_align,0,0,-25,paper_cannot_calculate_steering,26,26,10,16,2,0,2,0,0,0,0,221,2,1,0,5,0,,,,,,,,,,,,
65.877964,1785211563.383213043,reverse_align,0,0,-25,paper_cannot_calculate_steering,35,35,14,21,2,0,2,0,0,0,0,222,2,1,0,5,0,,,,,,,,,,,,
65.967347,1785211563.497038126,reverse_align,0,0,-25,paper_cannot_calculate_steering,31,31,12,19,2,0,2,0,0,0,0,223,2,1,0,5,0,,,,,,,,,,,,
66.057001,1785211563.497038126,reverse_align,0,0,-25,paper_cannot_calculate_steering,31,31,12,19,2,0,2,0,0,0,0,223,2,1,0,5,0,,,,,,,,,,,,
66.147155,1785211563.610690117,reverse_align,0,0,-25,paper_cannot_calculate_steering,29,29,12,17,2,0,2,0,0,0,0,224,2,1,0,5,0,,,,,,,,,,,,
66.238128,1785211563.720744848,reverse_align,0,0,-25,paper_cannot_calculate_steering,32,32,13,19,2,0,2,0,0,0,0,225,2,1,0,5,0,,,,,,,,,,,,
66.328572,1785211563.832195044,reverse_align,0,0,-25,paper_cannot_calculate_steering,29,29,11,18,2,0,2,0,0,0,0,226,2,1,0,5,0,,,,,,,,,,,,
66.424172,1785211563.945943117,reverse_align,0,0,-25,paper_cannot_calculate_steering,30,30,10,20,2,0,2,0,0,0,0,227,2,1,0,5,0,,,,,,,,,,,,
66.514045,1785211564.057968855,reverse_align,0,0,-25,paper_cannot_calculate_steering,29,29,10,19,2,0,2,0,0,0,0,228,2,1,0,5,0,,,,,,,,,,,,
66.604500,1785211564.057968855,reverse_align,0,0,-25,paper_cannot_calculate_steering,29,29,10,19,2,0,2,0,0,0,0,228,2,1,0,5,0,,,,,,,,,,,,
66.695322,1785211564.168795824,reverse_align,0,0,-25,paper_cannot_calculate_steering,32,32,13,19,2,0,2,0,0,0,0,229,2,1,0,5,0,,,,,,,,,,,,
66.785581,1785211564.280526161,reverse_align,0,0,-25,paper_cannot_calculate_steering,29,29,8,21,2,0,2,0,0,0,0,230,2,1,0,5,0,,,,,,,,,,,,
66.875849,1785211564.394896984,reverse_align,0,0,-25,paper_cannot_calculate_steering,32,32,13,19,2,0,2,0,0,0,0,231,2,1,0,5,0,,,,,,,,,,,,
66.971083,1785211564.505936861,reverse_align,0,0,-25,paper_cannot_calculate_steering,27,27,10,17,2,0,2,0,0,0,0,232,2,1,0,5,0,,,,,,,,,,,,
67.060121,1785211564.505936861,reverse_align,0,0,-25,paper_cannot_calculate_steering,27,27,10,17,2,0,2,0,0,0,0,232,2,1,0,5,0,,,,,,,,,,,,
67.149634,1785211564.617416859,reverse_align,0,0,-25,paper_cannot_calculate_steering,28,28,8,20,2,0,2,0,0,0,0,233,2,1,0,5,0,,,,,,,,,,,,
67.239133,1785211564.731851101,reverse_align,0,0,-25,paper_cannot_calculate_steering,28,28,9,19,2,0,2,0,0,0,0,234,2,1,0,5,0,,,,,,,,,,,,
67.329190,1785211564.843033075,reverse_align,0,0,-25,paper_cannot_calculate_steering,23,23,7,16,2,0,2,0,0,0,0,235,2,1,0,5,0,,,,,,,,,,,,
67.418291,1785211564.955036879,reverse_align,0,0,-25,paper_cannot_calculate_steering,24,24,7,17,2,0,2,0,0,0,0,236,2,1,0,5,0,,,,,,,,,,,,
67.513182,1785211564.955036879,reverse_align,0,0,-25,paper_cannot_calculate_steering,24,24,7,17,2,0,2,0,0,0,0,236,2,1,0,5,0,,,,,,,,,,,,
67.601913,1785211565.066661835,reverse_align,0,0,-25,paper_cannot_calculate_steering,26,26,8,18,2,0,2,0,0,0,0,237,2,1,0,5,0,,,,,,,,,,,,
67.691110,1785211565.181545973,reverse_align,0,0,-25,paper_cannot_calculate_steering,24,24,9,15,2,0,2,0,0,0,0,238,2,1,0,5,0,,,,,,,,,,,,
67.781154,1785211565.292042971,reverse_align,0,0,-25,paper_cannot_calculate_steering,28,28,11,17,2,0,2,0,0,0,0,239,2,1,0,5,0,,,,,,,,,,,,
67.871466,1785211565.407625914,reverse_align,-80,125,-25,eq5_reverse bisector=+2.9 biasAB=+1304 paperSteer=+7.00,31,31,12,19,3,1,2,0,0,0,0,240,2,1,0,5,1,-12.296875,18.031250,2.867188,2032.000000,728.250000,1303.750000,-1.003516,33.050968,7.000000,,,
67.962652,1785211565.407625914,reverse_align,-80,125,-25,eq5_reverse bisector=+2.9 biasAB=+1304 paperSteer=+7.00,31,31,12,19,3,1,2,0,0,0,0,240,2,1,0,5,1,-12.296875,18.031250,2.867188,2032.000000,728.250000,1303.750000,-1.003516,33.050968,7.000000,,,
68.057168,1785211565.518743038,reverse_align,-80,125,-25,eq5_reverse bisector=+7.6 biasAB=+1228 paperSteer=+7.00,26,26,15,11,3,1,2,0,0,0,0,241,2,1,0,5,1,-2.906250,18.031250,7.562500,1956.500000,728.250000,1228.250000,-7.000000,29.333851,7.000000,,799.250000,
68.145901,1785211565.632485867,reverse_align,0,0,-25,paper_cannot_calculate_steering,19,19,3,16,3,0,2,0,1,5,1,0,2,1,0,5,0,,,,,,,,,,,768.750000,
68.234622,1785211565.744037867,reverse_align,0,0,-25,paper_cannot_calculate_steering,21,21,9,12,4,0,2,0,0,0,0,1,2,1,0,5,0,,,,,,,,,,,833.250000,
68.322955,1785211565.859086037,reverse_align,-80,125,-25,eq5_reverse bisector=+33.9 biasAB=+984 paperSteer=+7.00,13,13,3,10,4,1,2,0,0,0,0,2,2,1,0,5,1,26.265625,41.625000,33.945312,1681.000000,697.000000,984.000000,-7.000000,18.827200,7.000000,,924.250000,
68.412547,1785211565.859086037,reverse_align,-80,125,-25,eq5_reverse bisector=+33.9 biasAB=+984 paperSteer=+7.00,13,13,3,10,4,1,2,0,0,0,0,2,2,1,0,5,1,26.265625,41.625000,33.945312,1681.000000,697.000000,984.000000,-7.000000,18.827200,7.000000,,924.250000,
68.501876,1785211565.970808029,reverse_align,-80,125,-25,eq5_reverse bisector=+31.3 biasAB=+1169 paperSteer=+7.00,18,18,6,12,3,1,2,0,0,0,0,3,2,1,0,5,1,6.500000,56.140625,31.320312,1904.750000,735.750000,1169.000000,-7.000000,26.572019,7.000000,,,
68.594781,1785211566.081873894,reverse_align,-80,-81,-25,eq5_reverse bisector=+51.5 biasAB=+474 paperSteer=-2.63,19,19,2,17,4,2,2,0,0,0,0,4,2,1,0,5,1,32.062500,70.843750,51.453125,1242.750000,768.750000,474.000000,-7.000000,4.368700,-2.631300,,,
68.682606,1785211566.192518950,reverse_align,-80,-125,-25,eq5_reverse bisector=+61.0 biasAB=+345 paperSteer=-4.69,21,21,6,15,4,1,2,0,0,0,0,5,2,1,0,5,1,37.765625,84.328125,61.046875,1178.250000,833.250000,345.000000,-7.000000,2.314375,-4.685625,,,
68.771121,1785211566.304408073,reverse_align,0,0,-25,paper_cannot_calculate_steering,16,16,3,13,4,0,2,0,0,0,0,6,2,1,0,5,0,,,,,,,,,,,,
68.860174,1785211566.304408073,reverse_align,0,0,-25,paper_cannot_calculate_steering,16,16,3,13,4,0,2,0,0,0,0,6,2,1,0,5,0,,,,,,,,,,,,
68.948765,1785211566.419453859,reverse_align,0,0,-25,paper_cannot_calculate_steering,19,19,4,15,2,0,2,0,0,0,0,7,2,1,0,5,0,,,,,,,,,,,,
69.036637,1785211566.530216932,reverse_align,0,0,-25,paper_cannot_calculate_steering,25,25,4,21,1,0,2,0,0,0,0,8,2,1,0,5,0,,,,,,,,,,,,
69.130424,1785211566.641496181,reverse_align,0,0,-25,paper_cannot_calculate_steering,21,21,3,18,1,0,2,0,0,0,0,9,2,1,0,5,0,,,,,,,,,,,,
69.218484,1785211566.755848885,reverse_align,0,0,-25,paper_cannot_calculate_steering,22,22,2,20,1,0,2,0,0,0,0,10,2,1,0,5,0,,,,,,,,,,,,
69.307035,1785211566.755848885,reverse_align,0,0,-25,paper_cannot_calculate_steering,22,22,2,20,1,0,2,0,0,0,0,10,2,1,0,5,0,,,,,,,,,,,,
69.395929,1785211566.867563963,reverse_align,0,0,-25,paper_cannot_calculate_steering,22,22,6,16,1,0,2,0,0,0,0,11,2,1,0,5,0,,,,,,,,,,,,
69.484829,1785211566.978649139,reverse_align,0,0,-25,paper_cannot_calculate_steering,24,24,6,18,1,0,2,0,0,0,0,12,2,1,0,5,0,,,,,,,,,,,,
69.572595,1785211567.094298124,reverse_align,0,0,-25,paper_cannot_calculate_steering,26,26,6,20,1,0,2,0,0,0,0,13,2,1,0,5,0,,,,,,,,,,,,
69.666247,1785211567.205026150,reverse_align,0,0,-25,paper_cannot_calculate_steering,23,23,6,17,1,0,2,0,0,0,0,14,2,1,0,5,0,,,,,,,,,,,,
69.753917,1785211567.205026150,reverse_align,0,0,-25,paper_cannot_calculate_steering,23,23,6,17,1,0,2,0,0,0,0,14,2,1,0,5,0,,,,,,,,,,,,
69.841317,1785211567.315941811,reverse_align,0,0,-25,paper_cannot_calculate_steering,23,23,5,18,1,0,2,0,0,0,0,15,2,1,0,5,0,,,,,,,,,,,,
69.930211,1785211567.431467056,reverse_align,0,0,-25,paper_cannot_calculate_steering,24,24,5,19,1,0,2,0,0,0,0,16,2,1,0,5,0,,,,,,,,,,,,
70.018636,1785211567.541977167,reverse_align,0,0,-25,paper_cannot_calculate_steering,25,25,6,19,1,0,2,0,0,0,0,17,2,1,0,5,0,,,,,,,,,,,,
70.107888,1785211567.653350830,reverse_align,0,0,-25,paper_cannot_calculate_steering,22,22,5,17,1,0,2,0,0,0,0,18,2,1,0,5,0,,,,,,,,,,,,
70.201465,1785211567.653350830,reverse_align,0,0,-25,paper_cannot_calculate_steering,22,22,5,17,1,0,2,0,0,0,0,18,2,1,0,5,0,,,,,,,,,,,,
70.288985,1785211567.764760017,reverse_align,0,0,-25,paper_cannot_calculate_steering,28,28,7,21,1,0,2,0,0,0,0,19,2,1,0,5,0,,,,,,,,,,,,
70.373353,1785211567.879234076,reverse_align,0,0,-25,paper_cannot_calculate_steering,24,24,5,19,1,0,2,0,0,0,0,20,2,1,0,5,0,,,,,,,,,,,,
70.456997,1785211567.990769863,reverse_align,0,0,-25,paper_cannot_calculate_steering,19,19,5,14,1,0,2,0,0,0,0,21,2,1,0,5,0,,,,,,,,,,,,
70.544458,1785211567.990769863,reverse_align,0,0,-25,paper_cannot_calculate_steering,19,19,5,14,1,0,2,0,0,0,0,21,2,1,0,5,0,,,,,,,,,,,,
70.631148,1785211568.102368116,reverse_align,0,0,-25,paper_cannot_calculate_steering,26,26,5,21,1,0,2,0,0,0,0,22,2,1,0,5,0,,,,,,,,,,,,
70.721494,1785211568.217201948,reverse_align,0,0,-25,paper_cannot_calculate_steering,22,22,5,17,1,0,2,0,0,0,0,23,2,1,0,5,0,,,,,,,,,,,,
