timestamp,quality,angle_deg,distance_mm
1785205392.744194031,15,3.265625,5186.000
1785205392.744194031,14,4.921875,5143.250
1785205392.744194031,15,6.515625,5131.750
1785205392.744194031,15,8.156250,5126.250
1785205392.744194031,15,9.781250,5101.500
1785205392.744194031,15,11.390625,5080.250
1785205392.744194031,13,13.015625,5069.500
1785205392.744194031,15,14.640625,5067.000
1785205392.744194031,12,16.234375,5060.250
1785205392.744194031,13,17.875000,5049.000
1785205392.744194031,15,19.515625,5028.750
1785205392.744194031,9,21.125000,5006.250
1785205392.744194031,15,220.781250,5367.250
1785205392.744194031,15,224.046875,5033.500
1785205392.744194031,15,227.281250,4736.000
1785205392.744194031,15,228.921875,4629.500
1785205392.744194031,15,230.546875,4516.000
1785205392.744194031,15,240.328125,3773.000
1785205392.744194031,15,241.953125,3719.000
1785205392.744194031,15,243.578125,3645.250
1785205392.744194031,15,245.218750,3586.750
1785205392.744194031,15,246.828125,3537.500
1785205392.744194031,15,248.484375,3489.250
1785205392.744194031,15,250.093750,3437.250
1785205392.744194031,15,251.734375,3389.000
1785205392.744194031,15,254.984375,3497.750
1785205392.744194031,15,259.828125,3776.500
1785205392.744194031,15,261.437500,3754.000
1785205392.744194031,15,263.078125,3718.250
1785205392.744194031,15,264.687500,3704.250
1785205392.744194031,15,266.312500,3707.500
1785205392.744194031,15,267.937500,3697.250
1785205392.744194031,15,269.562500,3677.250
1785205392.744194031,15,271.187500,3675.250
1785205392.744194031,15,272.812500,3666.750
1785205392.744194031,15,274.468750,3673.000
1785205392.744194031,15,276.078125,3687.500
1785205392.744194031,15,277.671875,3708.000
1785205392.744194031,15,279.296875,3734.000
1785205392.744194031,15,280.937500,3752.000
1785205392.744194031,15,282.546875,3758.750
1785205392.744194031,15,284.171875,3779.000
1785205392.744194031,15,285.796875,3801.250
1785205392.744194031,15,287.421875,3824.500
1785205392.744194031,15,295.609375,3250.250
1785205392.744194031,15,297.218750,3299.250
1785205392.744194031,15,298.906250,3348.250
1785205392.744194031,15,300.546875,3395.750
1785205392.744194031,15,302.171875,3446.500
1785205392.744194031,15,303.750000,3509.750
1785205392.744194031,15,305.390625,3586.500
1785205392.744194031,15,308.593750,4196.500
1785205392.744194031,15,311.828125,4415.000
1785205392.744194031,15,313.453125,4523.000
1785205392.744194031,15,315.078125,4644.250
1785205392.744194031,15,316.703125,4761.500
1785205392.744194031,15,318.312500,4893.500
1785205392.744194031,15,319.921875,5035.500
1785205392.744194031,15,323.187500,5369.000
1785205392.846313000,15,3.984375,5165.750
1785205392.846313000,13,5.593750,5142.000
1785205392.846313000,14,7.218750,5119.000
1785205392.846313000,14,8.859375,5096.500
1785205392.846313000,13,10.421875,5080.500
1785205392.846313000,13,12.062500,5072.750
1785205392.846313000,15,13.671875,5073.250
1785205392.846313000,13,15.312500,5067.500
1785205392.846313000,13,16.937500,5064.750
1785205392.846313000,12,18.562500,5063.500
1785205392.846313000,13,20.187500,5012.250
1785205392.846313000,15,223.171875,5112.750
1785205392.846313000,15,226.421875,4816.750
1785205392.846313000,15,228.062500,4690.000
1785205392.846313000,15,232.953125,4127.250
1785205392.846313000,15,234.593750,4037.250
1785205392.846313000,15,236.218750,3950.750
1785205392.846313000,15,237.843750,3877.500
1785205392.846313000,15,239.468750,3806.750
1785205392.846313000,15,241.109375,3753.500
1785205392.846313000,15,242.718750,3694.000
1785205392.846313000,15,244.359375,3619.750
1785205392.846313000,15,245.984375,3563.500
1785205392.846313000,15,247.609375,3522.000
1785205392.846313000,15,249.234375,3467.750
1785205392.846313000,15,250.921875,3415.750
1785205392.846313000,15,252.531250,3447.000
1785205392.846313000,15,254.156250,3498.750
1785205392.846313000,15,255.781250,3475.000
1785205392.846313000,15,260.625000,3762.750
1785205392.846313000,15,262.250000,3742.750
1785205392.846313000,15,263.890625,3719.500
1785205392.846313000,15,265.515625,3708.500
1785205392.846313000,15,267.140625,3690.000
1785205392.846313000,15,268.781250,3676.250
1785205392.846313000,15,270.390625,3671.500
1785205392.846313000,15,272.031250,3663.750
1785205392.846313000,15,273.640625,3661.500
1785205392.846313000,15,275.203125,3680.750
1785205392.846313000,15,276.859375,3685.750
1785205392.846313000,15,278.468750,3691.750
1785205392.846313000,15,280.078125,3729.250
1785205392.846313000,15,281.703125,3760.250
1785205392.846313000,15,283.312500,3780.000
1785205392.846313000,15,284.937500,3800.750
1785205392.846313000,15,286.562500,3819.750
1785205392.846313000,15,291.437500,3577.500
1785205392.846313000,15,294.750000,3271.250
1785205392.846313000,15,296.328125,3276.250
1785205392.846313000,15,297.968750,3326.000
1785205392.846313000,15,299.656250,3371.500
1785205392.846313000,15,301.265625,3420.000
1785205392.846313000,15,302.906250,3482.500
1785205392.846313000,15,304.500000,3549.000
1785205392.846313000,15,306.125000,3618.500
1785205392.846313000,15,309.328125,4253.500
1785205392.846313000,15,310.937500,4358.000
1785205392.846313000,15,312.562500,4459.250
1785205392.846313000,15,314.171875,4574.500
1785205392.846313000,15,315.781250,4693.750
1785205392.846313000,15,317.406250,4812.250
1785205392.846313000,15,319.031250,4951.500
1785205392.846313000,15,322.328125,5289.000
1785205392.846313000,15,323.953125,5451.250
1785205392.956918955,15,4.750000,5155.000
1785205392.956918955,15,6.343750,5138.750
1785205392.956918955,12,7.984375,5117.000
1785205392.956918955,12,9.609375,5094.750
1785205392.956918955,13,11.171875,5078.750
1785205392.956918955,12,12.796875,5066.250
1785205392.956918955,14,14.406250,5064.250
1785205392.956918955,13,16.031250,5063.500
1785205392.956918955,12,17.656250,5046.750
1785205392.956918955,14,19.296875,5031.750
1785205392.956918955,10,20.906250,5012.000
1785205392.956918955,15,222.312500,5209.250
1785205392.956918955,15,227.171875,4756.750
1785205392.956918955,15,228.796875,4637.500
1785205392.956918955,15,230.421875,4516.000
1785205392.956918955,15,233.687500,4105.250
1785205392.956918955,15,240.234375,3776.250
1785205392.956918955,15,241.843750,3726.000
1785205392.956918955,15,243.468750,3667.750
1785205392.956918955,15,245.093750,3594.250
1785205392.956918955,15,246.718750,3546.000
1785205392.956918955,15,248.359375,3501.750
1785205392.956918955,15,249.984375,3449.500
1785205392.956918955,15,251.625000,3401.500
1785205392.956918955,15,254.859375,3500.500
1785205392.956918955,15,256.468750,3498.000
1785205392.956918955,15,259.687500,3790.250
1785205392.956918955,15,261.328125,3752.250
1785205392.956918955,15,262.937500,3721.500
1785205392.956918955,15,264.578125,3707.000
1785205392.956918955,15,266.203125,3687.500
1785205392.956918955,15,267.828125,3674.500
1785205392.956918955,15,269.437500,3676.000
1785205392.956918955,15,271.078125,3676.250
1785205392.956918955,15,272.687500,3668.000
1785205392.956918955,15,274.312500,3670.000
1785205392.956918955,15,275.859375,3690.000
1785205392.956918955,15,277.515625,3707.750
1785205392.956918955,15,279.109375,3718.750
1785205392.956918955,15,280.750000,3735.500
1785205392.956918955,15,282.343750,3753.500
1785205392.956918955,15,283.953125,3775.750
1785205392.956918955,15,285.593750,3795.500
1785205392.956918955,15,287.187500,3815.750
1785205392.956918955,15,290.453125,3608.250
1785205392.956918955,15,292.078125,3513.000
1785205392.956918955,15,295.359375,3254.000
1785205392.956918955,15,296.984375,3293.250
1785205392.956918955,15,298.703125,3337.000
1785205392.956918955,15,300.296875,3385.000
1785205392.956918955,15,301.921875,3439.250
1785205392.956918955,15,303.546875,3500.750
1785205392.956918955,15,305.171875,3575.250
1785205392.956918955,15,306.796875,3660.000
1785205392.956918955,15,309.968750,4295.250
1785205392.956918955,15,311.609375,4394.750
1785205392.956918955,15,313.218750,4498.500
1785205392.956918955,15,314.843750,4614.000
1785205392.956918955,15,316.468750,4738.000
1785205392.956918955,15,318.078125,4871.250
1785205392.956918955,15,319.687500,5005.750
1785205393.072287083,15,3.750000,5163.250
1785205393.072287083,15,5.375000,5144.000
1785205393.072287083,14,7.000000,5136.250
1785205393.072287083,14,8.640625,5120.750
1785205393.072287083,15,10.265625,5095.000
1785205393.072287083,15,11.812500,5080.000
1785205393.072287083,14,13.421875,5073.000
1785205393.072287083,14,15.046875,5070.000
1785205393.072287083,11,16.687500,5064.250
1785205393.072287083,15,18.312500,5048.750
1785205393.072287083,15,19.953125,4992.250
1785205393.072287083,9,182.187500,10182.250
1785205393.072287083,8,183.812500,10172.750
1785205393.072287083,15,200.062500,10349.250
1785205393.072287083,15,222.906250,5122.000
1785205393.072287083,15,224.531250,4981.500
1785205393.072287083,15,227.812500,4706.750
1785205393.072287083,15,229.437500,4591.000
1785205393.072287083,15,234.375000,4057.250
1785205393.072287083,15,236.000000,3967.750
1785205393.072287083,15,237.609375,3889.000
1785205393.072287083,15,239.250000,3821.250
1785205393.072287083,15,240.890625,3761.000
1785205393.072287083,15,242.500000,3703.000
1785205393.072287083,15,244.125000,3638.750
1785205393.072287083,15,245.765625,3575.750
1785205393.072287083,15,247.390625,3526.250
1785205393.072287083,15,249.015625,3476.000
1785205393.072287083,15,250.656250,3424.250
1785205393.072287083,15,252.265625,3424.500
1785205393.072287083,15,253.906250,3477.000
1785205393.072287083,15,255.515625,3478.750
1785205393.072287083,15,257.140625,3498.250
1785205393.072287083,15,260.359375,3767.000
1785205393.072287083,15,261.984375,3742.250
1785205393.072287083,15,263.609375,3707.750
1785205393.072287083,15,265.218750,3694.750
1785205393.072287083,15,266.859375,3683.000
1785205393.072287083,15,268.484375,3683.500
1785205393.072287083,15,270.109375,3667.750
1785205393.072287083,15,271.734375,3657.250
1785205393.072287083,15,273.343750,3660.000
1785205393.072287083,15,274.906250,3666.250
1785205393.072287083,15,276.531250,3688.500
1785205393.072287083,15,278.140625,3701.500
1785205393.072287083,15,279.765625,3724.000
1785205393.072287083,15,281.390625,3750.750
1785205393.072287083,15,282.984375,3773.750
1785205393.072287083,15,284.593750,3776.250
1785205393.072287083,15,286.234375,3789.250
1785205393.072287083,15,287.843750,3792.750
1785205393.072287083,15,291.093750,3539.000
1785205393.072287083,15,296.000000,3266.250
1785205393.072287083,15,297.609375,3325.500
1785205393.072287083,15,299.375000,3367.500
1785205393.072287083,15,300.968750,3406.500
1785205393.072287083,15,302.593750,3476.500
1785205393.072287083,15,304.234375,3540.750
1785205393.072287083,15,305.843750,3609.500
1785205393.072287083,15,309.031250,4231.500
1785205393.072287083,15,310.640625,4342.250
1785205393.072287083,15,312.281250,4440.750
1785205393.072287083,15,315.515625,4673.250
1785205393.072287083,15,317.125000,4786.250
1785205393.072287083,15,318.750000,4920.500
1785205393.072287083,15,321.984375,5243.750
1785205393.183387995,15,4.390625,5163.500
1785205393.183387995,15,6.031250,5145.500
1785205393.183387995,13,7.640625,5124.500
1785205393.183387995,15,9.281250,5112.000
1785205393.183387995,15,10.812500,5097.250
1785205393.183387995,15,12.437500,5074.500
1785205393.183387995,15,14.078125,5071.000
1785205393.183387995,13,15.703125,5063.250
1785205393.183387995,12,17.312500,5052.250
1785205393.183387995,13,18.953125,5042.500
1785205393.183387995,14,20.562500,5010.500
1785205393.183387995,15,220.343750,5403.750
1785205393.183387995,15,226.906250,4780.500
1785205393.183387995,15,228.531250,4655.500
1785205393.183387995,15,233.437500,4113.500
1785205393.183387995,15,239.984375,3791.500
1785205393.183387995,15,241.625000,3726.000
1785205393.183387995,15,243.250000,3658.000
1785205393.183387995,15,244.890625,3597.750
1785205393.183387995,15,246.531250,3550.500
1785205393.183387995,15,248.140625,3500.500
1785205393.183387995,15,249.781250,3447.250
1785205393.183387995,15,251.359375,3401.750
1785205393.183387995,15,254.625000,3503.500
1785205393.183387995,15,256.234375,3510.250
1785205393.183387995,15,259.453125,3737.000
1785205393.183387995,15,261.078125,3736.500
1785205393.183387995,15,262.703125,3729.250
1785205393.183387995,15,264.328125,3707.000
1785205393.183387995,15,265.968750,3688.250
1785205393.183387995,15,267.578125,3684.750
1785205393.183387995,15,269.203125,3669.750
1785205393.183387995,15,270.812500,3668.750
1785205393.183387995,15,272.453125,3683.500
1785205393.183387995,15,274.078125,3683.500
1785205393.183387995,15,275.640625,3686.500
1785205393.183387995,15,277.281250,3696.750
1785205393.183387995,15,278.875000,3712.750
1785205393.183387995,15,280.515625,3740.250
1785205393.183387995,15,282.125000,3768.500
1785205393.183387995,15,283.734375,3789.750
1785205393.183387995,15,285.359375,3798.250
1785205393.183387995,15,286.968750,3808.750
1785205393.183387995,15,290.234375,3611.250
1785205393.183387995,15,291.890625,3519.250
1785205393.183387995,15,295.140625,3248.000
1785205393.183387995,15,296.750000,3302.000
1785205393.183387995,15,298.500000,3347.250
1785205393.183387995,15,300.093750,3386.250
1785205393.183387995,15,301.734375,3444.250
1785205393.183387995,15,303.343750,3508.250
1785205393.183387995,15,304.953125,3567.750
1785205393.183387995,15,306.593750,3638.750
1785205393.183387995,15,309.781250,4274.000
1785205393.183387995,15,311.406250,4381.500
1785205393.183387995,15,313.015625,4485.250
1785205393.183387995,15,314.640625,4607.500
1785205393.183387995,15,316.250000,4719.250
1785205393.183387995,15,319.500000,4997.500
1785205393.183387995,15,321.125000,5138.250
1785205393.298496962,15,3.421875,5183.250
1785205393.298496962,15,5.078125,5149.250
1785205393.298496962,15,6.687500,5128.750
1785205393.298496962,15,8.328125,5107.500
1785205393.298496962,15,9.937500,5094.750
1785205393.298496962,15,11.531250,5082.000
1785205393.298496962,13,13.156250,5071.000
1785205393.298496962,15,14.781250,5067.500
1785205393.298496962,10,16.406250,5060.750
1785205393.298496962,13,18.031250,5056.500
1785205393.298496962,13,19.640625,5034.250
1785205393.298496962,15,224.234375,5003.500
1785205393.298496962,15,227.468750,4736.750
1785205393.298496962,15,232.375000,4168.000
1785205393.298496962,15,237.281250,3917.750
1785205393.298496962,15,238.906250,3848.250
1785205393.298496962,15,240.500000,3765.750
1785205393.298496962,15,242.140625,3707.750
1785205393.298496962,15,243.781250,3648.500
1785205393.298496962,15,245.421875,3586.000
1785205393.298496962,15,247.031250,3531.750
1785205393.298496962,15,248.656250,3477.500
1785205393.298496962,15,250.312500,3430.000
1785205393.298496962,15,251.921875,3406.000
1785205393.298496962,15,255.156250,3502.750
1785205393.298496962,15,256.765625,3522.000
1785205393.298496962,15,259.968750,3767.250
1785205393.298496962,15,261.609375,3733.500
1785205393.298496962,15,263.218750,3717.750
1785205393.298496962,15,264.859375,3703.250
1785205393.298496962,15,266.484375,3696.500
1785205393.298496962,15,268.093750,3707.000
1785205393.298496962,15,269.734375,3688.250
1785205393.298496962,15,271.359375,3674.750
1785205393.298496962,15,272.953125,3666.750
1785205393.298496962,15,274.609375,3666.500
1785205393.298496962,15,276.203125,3688.000
1785205393.298496962,15,277.828125,3710.250
1785205393.298496962,15,279.468750,3733.250
1785205393.298496962,15,281.078125,3749.250
1785205393.298496962,15,282.687500,3757.500
1785205393.298496962,15,284.312500,3778.000
1785205393.298496962,15,285.921875,3799.750
1785205393.298496962,15,287.546875,3823.250
1785205393.298496962,15,290.828125,3585.500
1785205393.298496962,15,295.734375,3252.250
1785205393.298496962,15,297.359375,3301.750
1785205393.298496962,15,299.078125,3350.000
1785205393.298496962,15,300.703125,3399.500
1785205393.298496962,15,302.312500,3460.500
1785205393.298496962,15,303.937500,3522.250
1785205393.298496962,15,305.562500,3595.000
1785205393.298496962,15,308.750000,4225.500
1785205393.298496962,15,310.359375,4325.250
1785205393.298496962,15,312.000000,4414.000
1785205393.298496962,15,313.609375,4526.750
1785205393.298496962,15,315.234375,4650.000
1785205393.298496962,15,316.859375,4770.250
1785205393.298496962,15,318.484375,4907.250
1785205393.298496962,15,320.109375,5052.750
1785205393.298496962,15,323.343750,5376.250
1785205393.412428141,15,4.000000,5166.250
1785205393.412428141,13,5.625000,5142.000
1785205393.412428141,13,7.234375,5121.750
1785205393.412428141,13,8.875000,5098.750
1785205393.412428141,12,10.484375,5093.750
1785205393.412428141,15,12.109375,5082.750
1785205393.412428141,14,13.718750,5066.750
1785205393.412428141,15,15.343750,5062.750
1785205393.412428141,11,16.984375,5057.000
1785205393.412428141,13,18.593750,5055.500
1785205393.412428141,14,20.218750,5006.250
1785205393.412428141,15,223.187500,5112.500
1785205393.412428141,15,224.843750,4966.250
1785205393.412428141,15,228.046875,4690.000
1785205393.412428141,15,232.953125,4128.750
1785205393.412428141,15,234.593750,4037.000
1785205393.412428141,15,236.218750,3951.250
1785205393.412428141,15,237.859375,3879.000
1785205393.412428141,15,239.468750,3806.500
1785205393.412428141,15,241.125000,3754.000
1785205393.412428141,15,242.734375,3694.750
1785205393.412428141,15,244.359375,3620.250
1785205393.412428141,15,246.000000,3564.000
1785205393.412428141,15,247.625000,3523.250
1785205393.412428141,15,249.234375,3469.500
1785205393.412428141,15,250.906250,3412.750
1785205393.412428141,15,254.125000,3515.250
1785205393.412428141,15,255.734375,3499.500
1785205393.412428141,15,260.578125,3751.500
1785205393.412428141,15,262.203125,3745.000
1785205393.412428141,15,263.812500,3725.750
1785205393.412428141,15,265.453125,3709.500
1785205393.412428141,15,267.046875,3689.250
1785205393.412428141,15,268.687500,3674.750
1785205393.412428141,15,270.312500,3669.500
1785205393.412428141,15,271.937500,3664.000
1785205393.412428141,15,273.562500,3662.250
1785205393.412428141,15,275.203125,3678.000
1785205393.412428141,15,276.828125,3683.750
1785205393.412428141,15,278.437500,3692.000
1785205393.412428141,15,280.062500,3729.000
1785205393.412428141,15,281.703125,3757.250
1785205393.412428141,15,283.296875,3777.250
1785205393.412428141,15,284.906250,3800.000
1785205393.412428141,15,286.546875,3818.500
1785205393.412428141,15,291.421875,3576.000
1785205393.412428141,15,294.718750,3271.750
1785205393.412428141,15,296.343750,3276.750
1785205393.412428141,15,297.968750,3326.750
1785205393.412428141,15,299.671875,3372.000
1785205393.412428141,15,301.281250,3419.750
1785205393.412428141,15,302.906250,3482.250
1785205393.412428141,15,304.546875,3547.000
1785205393.412428141,15,306.171875,3615.750
1785205393.412428141,15,309.328125,4252.250
1785205393.412428141,15,310.968750,4357.250
1785205393.412428141,15,312.593750,4458.500
1785205393.412428141,15,314.203125,4573.000
1785205393.412428141,15,315.828125,4692.250
1785205393.412428141,15,317.453125,4810.250
1785205393.412428141,15,319.062500,4950.000
1785205393.412428141,15,322.312500,5288.250
1785205393.412428141,15,323.921875,5452.250
1785205393.523769140,15,4.656250,5150.750
1785205393.523769140,15,6.296875,5138.500
1785205393.523769140,14,7.921875,5121.000
1785205393.523769140,15,9.546875,5096.750
1785205393.523769140,15,11.109375,5080.250
1785205393.523769140,13,12.734375,5066.000
1785205393.523769140,14,14.375000,5063.250
1785205393.523769140,11,16.000000,5062.750
1785205393.523769140,11,17.625000,5050.500
1785205393.523769140,15,19.234375,5040.250
1785205393.523769140,11,20.890625,5021.750
1785205393.523769140,15,141.765625,101.750
1785205393.523769140,7,178.171875,10352.500
1785205393.523769140,15,199.296875,10363.500
1785205393.523769140,15,220.468750,5400.250
1785205393.523769140,15,226.968750,4778.500
1785205393.523769140,15,233.484375,4113.000
1785205393.523769140,15,240.015625,3791.250
1785205393.523769140,15,241.640625,3727.250
1785205393.523769140,15,243.265625,3658.500
1785205393.523769140,15,244.906250,3596.500
1785205393.523769140,15,246.515625,3549.750
1785205393.523769140,15,248.140625,3500.750
1785205393.523769140,15,249.765625,3447.000
1785205393.523769140,15,251.421875,3400.250
1785205393.523769140,15,254.687500,3504.500
1785205393.523769140,15,256.281250,3519.250
1785205393.523769140,15,259.500000,3747.250
1785205393.523769140,15,261.125000,3737.750
1785205393.523769140,15,262.750000,3729.250
1785205393.523769140,15,264.390625,3709.000
1785205393.523769140,15,266.015625,3685.000
1785205393.523769140,15,267.640625,3675.750
1785205393.523769140,15,269.265625,3671.250
1785205393.523769140,15,270.859375,3674.500
1785205393.523769140,15,272.500000,3685.750
1785205393.523769140,15,274.125000,3683.750
1785205393.523769140,15,275.718750,3689.000
1785205393.523769140,15,277.343750,3706.000
1785205393.523769140,15,278.937500,3719.250
1785205393.523769140,15,280.578125,3737.250
1785205393.523769140,15,282.187500,3754.500
1785205393.523769140,15,283.812500,3776.000
1785205393.523769140,15,285.437500,3796.500
1785205393.523769140,15,287.031250,3815.500
1785205393.523769140,15,290.328125,3608.500
1785205393.523769140,15,291.953125,3515.250
1785205393.523769140,15,295.218750,3252.500
1785205393.523769140,15,296.812500,3308.750
1785205393.523769140,15,298.531250,3351.250
1785205393.523769140,15,300.140625,3387.250
1785205393.523769140,15,301.765625,3444.000
1785205393.523769140,15,303.390625,3506.750
1785205393.523769140,15,305.015625,3566.750
1785205393.523769140,15,306.625000,3637.750
1785205393.523769140,15,309.812500,4275.750
1785205393.523769140,15,311.437500,4383.000
1785205393.523769140,15,313.046875,4488.250
1785205393.523769140,15,314.671875,4609.000
1785205393.523769140,15,316.281250,4719.250
1785205393.523769140,15,319.531250,5004.250
1785205393.523769140,15,321.156250,5153.000
1785205393.639036894,15,3.562500,5163.500
1785205393.639036894,14,5.218750,5145.750
1785205393.639036894,15,6.843750,5127.000
1785205393.639036894,15,8.453125,5107.500
1785205393.639036894,12,10.093750,5092.250
1785205393.639036894,14,11.640625,5079.750
1785205393.639036894,14,13.234375,5072.000
1785205393.639036894,14,14.875000,5072.250
1785205393.639036894,11,16.500000,5070.250
1785205393.639036894,14,18.109375,5061.000
1785205393.639036894,15,19.750000,5028.250
1785205393.639036894,15,224.171875,5006.500
1785205393.639036894,15,227.421875,4738.250
1785205393.639036894,15,237.187500,3915.000
1785205393.639036894,15,238.812500,3845.250
1785205393.639036894,15,240.468750,3767.250
1785205393.639036894,15,242.078125,3708.500
1785205393.639036894,15,243.718750,3646.500
1785205393.639036894,15,245.343750,3585.000
1785205393.639036894,15,246.968750,3532.250
1785205393.639036894,15,248.578125,3478.500
1785205393.639036894,15,250.218750,3431.500
1785205393.639036894,15,251.890625,3407.500
1785205393.639036894,15,255.140625,3503.000
1785205393.639036894,15,256.750000,3522.750
1785205393.639036894,15,259.984375,3768.250
1785205393.639036894,15,261.609375,3737.000
1785205393.639036894,15,263.218750,3719.250
1785205393.639036894,15,264.843750,3702.250
1785205393.639036894,15,266.468750,3695.500
1785205393.639036894,15,268.109375,3703.500
1785205393.639036894,15,269.734375,3686.250
1785205393.639036894,15,271.359375,3676.750
1785205393.639036894,15,272.968750,3667.000
1785205393.639036894,15,274.531250,3665.500
1785205393.639036894,15,276.140625,3686.750
1785205393.639036894,15,277.750000,3707.750
1785205393.639036894,15,279.375000,3730.250
1785205393.639036894,15,280.984375,3748.000
1785205393.639036894,15,282.593750,3757.000
1785205393.639036894,15,284.218750,3777.250
1785205393.639036894,15,285.843750,3800.750
1785205393.639036894,15,287.453125,3822.500
1785205393.639036894,15,289.078125,3794.000
1785205393.639036894,15,295.609375,3252.250
1785205393.639036894,15,297.218750,3301.500
1785205393.639036894,15,298.937500,3348.500
1785205393.639036894,15,300.546875,3396.000
1785205393.639036894,15,302.156250,3447.500
1785205393.639036894,15,303.781250,3509.750
1785205393.639036894,15,305.406250,3585.250
1785205393.639036894,15,308.593750,4198.500
1785205393.639036894,15,311.843750,4413.500
1785205393.639036894,15,313.437500,4519.750
1785205393.639036894,15,315.062500,4642.000
1785205393.639036894,15,316.671875,4758.750
1785205393.639036894,15,318.296875,4891.000
1785205393.639036894,15,319.906250,5032.000
1785205393.639036894,15,323.171875,5367.500
1785205393.753062963,15,3.906250,5165.250
1785205393.753062963,13,5.531250,5143.500
1785205393.753062963,15,7.156250,5136.750
1785205393.753062963,15,8.796875,5121.250
1785205393.753062963,15,10.343750,5091.000
1785205393.753062963,15,11.937500,5074.500
1785205393.753062963,15,13.562500,5073.750
1785205393.753062963,14,15.203125,5069.000
1785205393.753062963,12,16.812500,5065.000
1785205393.753062963,13,18.437500,5063.000
1785205393.753062963,14,20.062500,5010.250
1785205393.753062963,15,199.968750,10346.000
1785205393.753062963,15,224.375000,4990.750
1785205393.753062963,15,227.656250,4714.750
1785205393.753062963,15,229.296875,4608.500
1785205393.753062963,15,237.437500,3912.000
1785205393.753062963,15,239.109375,3843.000
1785205393.753062963,15,240.703125,3770.000
1785205393.753062963,15,242.359375,3706.250
1785205393.753062963,15,243.953125,3639.250
1785205393.753062963,15,245.593750,3584.500
1785205393.753062963,15,247.234375,3532.000
1785205393.753062963,15,248.859375,3473.750
1785205393.753062963,15,250.515625,3425.250
1785205393.753062963,15,252.109375,3421.250
1785205393.753062963,15,253.734375,3478.500
1785205393.753062963,15,255.359375,3500.250
1785205393.753062963,15,256.984375,3529.750
1785205393.753062963,15,260.187500,3766.500
1785205393.753062963,15,261.812500,3740.250
1785205393.753062963,15,263.421875,3729.000
1785205393.753062963,15,265.062500,3713.250
1785205393.753062963,15,266.687500,3691.500
1785205393.753062963,15,268.312500,3688.250
1785205393.753062963,15,269.953125,3692.750
1785205393.753062963,15,271.546875,3684.250
1785205393.753062963,15,273.187500,3661.750
1785205393.753062963,15,274.718750,3663.000
1785205393.753062963,15,276.343750,3689.750
1785205393.753062963,15,277.953125,3710.500
1785205393.753062963,15,279.593750,3726.500
1785205393.753062963,15,281.187500,3756.000
1785205393.753062963,15,282.828125,3771.000
1785205393.753062963,15,284.421875,3779.250
1785205393.753062963,15,286.046875,3801.250
1785205393.753062963,15,287.671875,3820.750
1785205393.753062963,15,290.937500,3586.000
1785205393.753062963,15,295.796875,3255.000
1785205393.753062963,15,297.421875,3307.750
1785205393.753062963,15,299.156250,3352.500
1785205393.753062963,15,300.750000,3405.250
1785205393.753062963,15,302.375000,3462.750
1785205393.753062963,15,304.000000,3533.750
1785205393.753062963,15,305.625000,3605.500
1785205393.753062963,15,308.796875,4216.750
1785205393.753062963,15,310.421875,4329.000
1785205393.753062963,15,312.046875,4409.500
1785205393.753062963,15,315.265625,4649.750
1785205393.753062963,15,316.890625,4771.000
1785205393.753062963,15,318.515625,4907.750
1785205393.753062963,15,320.125000,5050.500
1785205393.753062963,15,323.406250,5381.000
1785205393.865101099,15,4.109375,5165.500
1785205393.865101099,14,5.703125,5142.000
1785205393.865101099,15,7.328125,5123.500
1785205393.865101099,12,8.968750,5100.250
1785205393.865101099,13,10.515625,5090.000
1785205393.865101099,15,12.140625,5081.000
1785205393.865101099,12,13.765625,5068.500
1785205393.865101099,12,15.375000,5062.500
1785205393.865101099,12,17.000000,5056.500
1785205393.865101099,14,18.640625,5053.750
1785205393.865101099,15,20.265625,5005.250
1785205393.865101099,15,222.953125,5123.750
1785205393.865101099,15,224.578125,4981.500
1785205393.865101099,15,227.875000,4705.000
1785205393.865101099,15,229.500000,4590.500
1785205393.865101099,15,234.390625,4053.750
1785205393.865101099,15,236.031250,3963.250
1785205393.865101099,15,237.671875,3887.750
1785205393.865101099,15,239.296875,3820.500
1785205393.865101099,15,240.921875,3760.750
1785205393.865101099,15,242.562500,3703.000
1785205393.865101099,15,244.156250,3638.000
1785205393.865101099,15,245.796875,3574.750
1785205393.865101099,15,247.421875,3525.750
1785205393.865101099,15,249.046875,3476.000
1785205393.865101099,15,250.671875,3423.750
1785205393.865101099,15,252.281250,3425.000
1785205393.865101099,15,253.890625,3477.500
1785205393.865101099,15,255.531250,3478.000
1785205393.865101099,15,257.140625,3500.500
1785205393.865101099,15,260.375000,3765.000
1785205393.865101099,15,261.984375,3739.250
1785205393.865101099,15,263.625000,3706.250
1785205393.865101099,15,265.234375,3695.250
1785205393.865101099,15,266.875000,3685.750
1785205393.865101099,15,268.484375,3687.250
1785205393.865101099,15,270.093750,3671.750
1785205393.865101099,15,271.734375,3660.000
1785205393.865101099,15,273.359375,3661.000
1785205393.865101099,15,274.937500,3666.500
1785205393.865101099,15,276.546875,3688.250
1785205393.865101099,15,278.156250,3701.000
1785205393.865101099,15,279.781250,3723.000
1785205393.865101099,15,281.406250,3750.500
1785205393.865101099,15,283.015625,3773.000
1785205393.865101099,15,284.640625,3775.500
1785205393.865101099,15,286.265625,3788.750
1785205393.865101099,15,287.875000,3792.000
1785205393.865101099,15,291.156250,3540.000
1785205393.865101099,15,296.015625,3266.500
1785205393.865101099,15,297.625000,3325.500
1785205393.865101099,15,299.375000,3367.500
1785205393.865101099,15,301.000000,3406.500
1785205393.865101099,15,302.625000,3477.000
1785205393.865101099,15,304.234375,3541.750
1785205393.865101099,15,305.859375,3610.000
1785205393.865101099,15,309.046875,4232.500
1785205393.865101099,15,310.656250,4343.500
1785205393.865101099,15,312.296875,4443.750
1785205393.865101099,15,313.890625,4550.250
1785205393.865101099,15,315.531250,4673.000
1785205393.865101099,15,317.140625,4785.500
1785205393.865101099,15,318.765625,4921.250
1785205393.865101099,15,322.000000,5244.750
1785205393.979077816,15,4.359375,5167.250
1785205393.979077816,13,5.968750,5144.750
1785205393.979077816,12,7.593750,5124.750
1785205393.979077816,13,9.234375,5109.500
1785205393.979077816,14,10.781250,5087.250
1785205393.979077816,15,12.421875,5070.500
1785205393.979077816,13,14.031250,5075.250
1785205393.979077816,13,15.656250,5064.750
1785205393.979077816,11,17.281250,5051.000
1785205393.979077816,14,18.906250,5049.250
1785205393.979077816,15,20.531250,5026.750
1785205393.979077816,15,220.093750,5445.500
1785205393.979077816,15,223.375000,5094.500
1785205393.979077816,15,225.000000,4944.500
1785205393.979077816,15,226.656250,4801.500
1785205393.979077816,15,228.281250,4674.500
1785205393.979077816,15,233.171875,4134.500
1785205393.979077816,15,238.062500,3876.500
1785205393.979077816,15,239.687500,3799.000
1785205393.979077816,15,241.312500,3733.000
1785205393.979077816,15,242.953125,3671.000
1785205393.979077816,15,244.593750,3604.500
1785205393.979077816,15,246.203125,3560.750
1785205393.979077816,15,247.828125,3514.250
1785205393.979077816,15,249.468750,3454.500
1785205393.979077816,15,251.109375,3409.500
1785205393.979077816,15,254.328125,3509.750
1785205393.979077816,15,255.937500,3468.750
1785205393.979077816,15,259.171875,3720.750
1785205393.979077816,15,260.781250,3752.250
1785205393.979077816,15,262.390625,3731.500
1785205393.979077816,15,264.046875,3735.750
1785205393.979077816,15,265.656250,3713.000
1785205393.979077816,15,267.281250,3685.250
1785205393.979077816,15,268.906250,3695.750
1785205393.979077816,15,270.515625,3689.250
1785205393.979077816,15,272.140625,3666.500
1785205393.979077816,15,273.765625,3674.250
1785205393.979077816,15,275.343750,3684.250
1785205393.979077816,15,276.968750,3694.250
1785205393.979077816,15,278.578125,3721.750
1785205393.979077816,15,280.203125,3743.500
1785205393.979077816,15,281.812500,3763.500
1785205393.979077816,15,283.437500,3775.750
1785205393.979077816,15,285.062500,3785.750
1785205393.979077816,15,286.687500,3812.000
1785205393.979077816,15,291.546875,3539.000
1785205393.979077816,15,294.843750,3265.750
1785205393.979077816,15,296.453125,3283.000
1785205393.979077816,15,298.078125,3331.750
1785205393.979077816,15,299.843750,3376.500
1785205393.979077816,15,301.468750,3426.000
1785205393.979077816,15,303.078125,3495.000
1785205393.979077816,15,304.703125,3556.250
1785205393.979077816,15,306.328125,3634.000
1785205393.979077816,15,309.531250,4269.750
1785205393.979077816,15,311.156250,4379.500
1785205393.979077816,15,312.781250,4479.000
1785205393.979077816,15,314.390625,4593.750
1785205393.979077816,15,316.031250,4702.750
1785205393.979077816,15,319.250000,4982.500
1785205393.979077816,15,320.890625,5126.250
1785205393.979077816,15,327.390625,5937.750
1785205394.093818188,13,4.859375,5153.000
1785205394.093818188,14,6.484375,5139.500
1785205394.093818188,15,8.125000,5125.000
1785205394.093818188,15,9.750000,5100.750
1785205394.093818188,15,11.328125,5085.500
1785205394.093818188,14,12.953125,5081.000
1785205394.093818188,11,14.593750,5071.500
1785205394.093818188,13,16.218750,5056.500
1785205394.093818188,11,17.828125,5041.500
1785205394.093818188,15,19.453125,5030.500
1785205394.093818188,9,21.078125,5014.000
1785205394.093818188,15,141.734375,102.500
1785205394.093818188,15,222.500000,5164.250
1785205394.093818188,15,224.140625,5011.500
1785205394.093818188,15,227.343750,4730.750
1785205394.093818188,15,228.968750,4629.250
1785205394.093818188,15,240.406250,3774.250
1785205394.093818188,15,242.015625,3720.000
1785205394.093818188,15,243.656250,3646.000
1785205394.093818188,15,245.265625,3587.000
1785205394.093818188,15,246.875000,3538.500
1785205394.093818188,15,248.531250,3489.500
1785205394.093818188,15,250.140625,3438.500
1785205394.093818188,15,251.781250,3392.750
1785205394.093818188,15,255.031250,3499.000
1785205394.093818188,15,256.640625,3531.500
1785205394.093818188,15,259.859375,3775.000
1785205394.093818188,15,261.468750,3751.500
1785205394.093818188,15,263.125000,3718.500
1785205394.093818188,15,264.734375,3703.500
1785205394.093818188,15,266.359375,3699.500
1785205394.093818188,15,267.984375,3688.500
1785205394.093818188,15,269.578125,3671.750
1785205394.093818188,15,271.234375,3678.750
1785205394.093818188,15,272.859375,3667.250
1785205394.093818188,15,274.468750,3668.250
1785205394.093818188,15,276.093750,3687.500
1785205394.093818188,15,277.687500,3704.500
1785205394.093818188,15,279.328125,3729.500
1785205394.093818188,15,280.953125,3748.250
1785205394.093818188,15,282.562500,3756.750
1785205394.093818188,15,284.171875,3779.000
1785205394.093818188,15,285.796875,3802.000
1785205394.093818188,15,287.421875,3821.500
1785205394.093818188,15,289.046875,3790.250
1785205394.093818188,15,295.593750,3250.750
1785205394.093818188,15,297.218750,3301.750
1785205394.093818188,15,298.921875,3349.000
1785205394.093818188,15,300.546875,3395.250
1785205394.093818188,15,302.187500,3448.250
1785205394.093818188,15,303.796875,3511.250
1785205394.093818188,15,305.421875,3590.750
1785205394.093818188,15,308.625000,4220.000
1785205394.093818188,15,310.234375,4323.500
1785205394.093818188,15,311.875000,4413.750
1785205394.093818188,15,313.484375,4518.500
1785205394.093818188,15,315.109375,4641.000
1785205394.093818188,15,316.718750,4757.750
1785205394.093818188,15,318.359375,4892.250
1785205394.093818188,15,319.968750,5033.000
1785205394.093818188,15,323.203125,5367.000
1785205394.205049038,15,3.921875,5165.500
1785205394.205049038,13,5.546875,5142.750
1785205394.205049038,15,7.187500,5136.250
1785205394.205049038,13,8.812500,5122.500
1785205394.205049038,15,10.406250,5094.750
1785205394.205049038,14,12.031250,5077.000
1785205394.205049038,15,13.656250,5072.500
1785205394.205049038,15,15.281250,5068.250
1785205394.205049038,10,16.906250,5064.250
1785205394.205049038,13,18.531250,5060.250
1785205394.205049038,15,20.156250,5007.000
1785205394.205049038,15,223.187500,5114.750
1785205394.205049038,15,224.812500,4966.250
1785205394.205049038,15,228.031250,4691.250
1785205394.205049038,15,232.937500,4130.000
1785205394.205049038,15,234.562500,4034.500
1785205394.205049038,15,236.203125,3951.750
1785205394.205049038,15,237.828125,3880.000
1785205394.205049038,15,239.468750,3804.250
1785205394.205049038,15,241.078125,3753.750
1785205394.205049038,15,242.718750,3696.250
1785205394.205049038,15,244.328125,3620.750
1785205394.205049038,15,245.953125,3565.250
1785205394.205049038,15,247.609375,3524.500
1785205394.205049038,15,249.203125,3470.500
1785205394.205049038,15,250.843750,3413.750
1785205394.205049038,15,254.062500,3512.250
1785205394.205049038,15,255.671875,3498.250
1785205394.205049038,15,258.906250,3691.500
1785205394.205049038,15,260.531250,3753.500
1785205394.205049038,15,262.156250,3748.000
1785205394.205049038,15,263.765625,3724.250
1785205394.205049038,15,265.390625,3698.250
1785205394.205049038,15,267.031250,3679.000
1785205394.205049038,15,268.640625,3673.750
1785205394.205049038,15,270.265625,3662.250
1785205394.205049038,15,271.875000,3662.500
1785205394.205049038,15,273.484375,3671.000
1785205394.205049038,15,275.125000,3686.000
1785205394.205049038,15,276.734375,3701.750
1785205394.205049038,15,278.359375,3705.250
1785205394.205049038,15,279.984375,3727.000
1785205394.205049038,15,281.578125,3757.750
1785205394.205049038,15,283.234375,3783.750
1785205394.205049038,15,284.843750,3792.250
1785205394.205049038,15,286.421875,3809.250
1785205394.205049038,15,291.328125,3555.250
1785205394.205049038,15,294.593750,3274.500
1785205394.205049038,15,296.218750,3269.250
1785205394.205049038,15,297.843750,3322.500
1785205394.205049038,15,299.531250,3371.500
1785205394.205049038,15,301.156250,3418.500
1785205394.205049038,15,302.781250,3480.250
1785205394.205049038,15,304.390625,3548.250
1785205394.205049038,15,306.015625,3618.500
1785205394.205049038,15,309.218750,4247.750
1785205394.205049038,15,310.828125,4364.000
1785205394.205049038,15,312.453125,4464.750
1785205394.205049038,15,314.046875,4565.750
1785205394.205049038,15,315.687500,4680.750
1785205394.205049038,15,317.296875,4797.250
1785205394.205049038,15,318.906250,4935.750
1785205394.205049038,15,320.515625,5092.750
1785205394.205049038,15,322.140625,5254.500
1785205394.205049038,15,323.796875,5418.750
1785205394.320291042,15,4.515625,5164.750
1785205394.320291042,15,6.140625,5141.000
1785205394.320291042,14,7.765625,5121.500
1785205394.320291042,15,9.390625,5098.000
1785205394.320291042,14,10.984375,5081.750
1785205394.320291042,14,12.609375,5072.750
1785205394.320291042,13,14.218750,5070.250
1785205394.320291042,11,15.859375,5064.250
1785205394.320291042,12,17.484375,5051.750
1785205394.320291042,13,19.125000,5039.750
1785205394.320291042,12,20.750000,5019.750
1785205394.320291042,15,220.312500,5411.500
1785205394.320291042,15,225.203125,4924.000
1785205394.320291042,15,226.812500,4786.750
1785205394.320291042,15,228.453125,4667.750
1785205394.320291042,15,233.343750,4119.250
1785205394.320291042,15,238.250000,3872.750
1785205394.320291042,15,239.859375,3789.750
1785205394.320291042,15,241.515625,3730.250
1785205394.320291042,15,243.140625,3667.250
1785205394.320291042,15,244.765625,3603.500
1785205394.320291042,15,246.375000,3563.250
1785205394.320291042,15,248.015625,3516.250
1785205394.320291042,15,249.625000,3454.250
1785205394.320291042,15,251.296875,3407.000
1785205394.320291042,15,254.515625,3504.000
1785205394.320291042,15,256.140625,3480.500
1785205394.320291042,15,259.375000,3742.000
1785205394.320291042,15,260.984375,3738.000
1785205394.320291042,15,262.609375,3728.000
1785205394.320291042,15,264.234375,3708.250
1785205394.320291042,15,265.859375,3688.750
1785205394.320291042,15,267.500000,3683.000
1785205394.320291042,15,269.125000,3669.000
1785205394.320291042,15,270.750000,3666.250
1785205394.320291042,15,272.359375,3681.250
1785205394.320291042,15,273.968750,3684.750
1785205394.320291042,15,275.578125,3688.000
1785205394.320291042,15,277.203125,3698.750
1785205394.320291042,15,278.796875,3729.000
1785205394.320291042,15,280.406250,3754.250
1785205394.320291042,15,282.031250,3767.250
1785205394.320291042,15,283.656250,3788.500
1785205394.320291042,15,285.296875,3797.000
1785205394.320291042,15,286.890625,3808.500
1785205394.320291042,15,290.171875,3613.000
1785205394.320291042,15,291.812500,3519.250
1785205394.320291042,15,295.078125,3265.250
1785205394.320291042,15,296.671875,3282.250
1785205394.320291042,15,298.312500,3326.000
1785205394.320291042,15,300.000000,3381.000
1785205394.320291042,15,301.609375,3435.750
1785205394.320291042,15,303.203125,3496.250
1785205394.320291042,15,304.843750,3556.750
1785205394.320291042,15,306.437500,3634.750
1785205394.320291042,15,309.640625,4268.750
1785205394.320291042,15,311.265625,4378.000
1785205394.320291042,15,312.890625,4476.750
1785205394.320291042,15,314.484375,4593.000
1785205394.320291042,15,316.093750,4702.500
1785205394.320291042,15,319.328125,4982.500
1785205394.431009054,15,3.359375,5181.500
1785205394.431009054,15,4.984375,5142.250
1785205394.431009054,15,6.625000,5130.250
1785205394.431009054,14,8.250000,5123.750
1785205394.431009054,15,9.890625,5099.500
1785205394.431009054,14,11.421875,5081.250
1785205394.431009054,15,13.046875,5072.500
1785205394.431009054,10,14.671875,5068.750
1785205394.431009054,14,16.296875,5061.500
1785205394.431009054,12,17.921875,5048.750
1785205394.431009054,15,19.546875,5026.000
1785205394.431009054,9,21.171875,5008.000
1785205394.431009054,15,223.937500,5040.500
1785205394.431009054,15,227.218750,4745.750
1785205394.431009054,15,228.843750,4628.250
1785205394.431009054,15,230.453125,4513.500
1785205394.431009054,15,240.265625,3773.750
1785205394.431009054,15,241.890625,3720.500
1785205394.431009054,15,243.500000,3647.000
1785205394.431009054,15,245.156250,3587.500
1785205394.431009054,15,246.765625,3540.000
1785205394.431009054,15,248.390625,3492.000
1785205394.431009054,15,250.015625,3440.250
1785205394.431009054,15,251.703125,3393.250
1785205394.431009054,15,254.937500,3497.250
1785205394.431009054,15,259.781250,3775.000
1785205394.431009054,15,261.406250,3752.000
1785205394.431009054,15,263.031250,3721.000
1785205394.431009054,15,264.656250,3707.250
1785205394.431009054,15,266.296875,3687.500
1785205394.431009054,15,267.921875,3673.000
1785205394.431009054,15,269.531250,3675.500
1785205394.431009054,15,271.171875,3676.000
1785205394.431009054,15,272.796875,3669.000
1785205394.431009054,15,274.437500,3674.250
1785205394.431009054,15,275.968750,3685.000
1785205394.431009054,15,277.578125,3701.750
1785205394.431009054,15,279.187500,3712.500
1785205394.431009054,15,280.843750,3728.750
1785205394.431009054,15,282.437500,3756.500
1785205394.431009054,15,284.046875,3773.000
1785205394.431009054,15,285.671875,3786.500
1785205394.431009054,15,287.296875,3824.750
1785205394.431009054,15,290.546875,3568.250
1785205394.431009054,15,292.171875,3506.250
1785205394.431009054,15,295.468750,3259.750
1785205394.431009054,15,297.062500,3309.250
1785205394.431009054,15,298.750000,3353.250
1785205394.431009054,15,300.375000,3387.750
1785205394.431009054,15,302.015625,3442.000
1785205394.431009054,15,303.625000,3507.500
1785205394.431009054,15,305.250000,3582.000
1785205394.431009054,15,306.859375,3666.500
1785205394.431009054,15,310.031250,4304.250
1785205394.431009054,15,311.671875,4409.250
1785205394.431009054,15,313.296875,4514.250
1785205394.431009054,15,314.890625,4629.500
1785205394.431009054,15,316.531250,4734.500
1785205394.431009054,15,319.765625,5023.500
1785205394.431009054,15,321.359375,5169.500
1785205394.545717955,15,3.687500,5163.500
1785205394.545717955,13,5.328125,5141.500
1785205394.545717955,14,6.968750,5135.250
1785205394.545717955,15,8.593750,5121.250
1785205394.545717955,14,10.203125,5093.500
1785205394.545717955,12,11.750000,5077.500
1785205394.545717955,15,13.359375,5073.750
1785205394.545717955,13,15.000000,5072.000
1785205394.545717955,14,16.625000,5067.250
1785205394.545717955,12,18.218750,5054.500
1785205394.545717955,15,19.859375,4997.000
1785205394.545717955,7,177.187500,10316.000
1785205394.545717955,9,180.390625,10276.500
1785205394.545717955,15,224.312500,4993.000
1785205394.545717955,15,227.578125,4717.250
1785205394.545717955,15,229.203125,4612.250
1785205394.545717955,15,232.468750,4165.000
1785205394.545717955,15,237.375000,3911.000
1785205394.545717955,15,239.000000,3842.250
1785205394.545717955,15,240.625000,3769.250
1785205394.545717955,15,242.250000,3706.250
1785205394.545717955,15,243.890625,3637.250
1785205394.545717955,15,245.500000,3581.250
1785205394.545717955,15,247.156250,3532.250
1785205394.545717955,15,248.765625,3474.250
1785205394.545717955,15,250.390625,3425.500
1785205394.545717955,15,252.031250,3419.250
1785205394.545717955,15,253.640625,3478.250
1785205394.545717955,15,255.281250,3503.500
1785205394.545717955,15,256.875000,3529.500
1785205394.545717955,15,260.093750,3766.750
1785205394.545717955,15,261.718750,3741.500
1785205394.545717955,15,263.343750,3728.750
1785205394.545717955,15,264.984375,3713.000
1785205394.545717955,15,266.593750,3692.750
1785205394.545717955,15,268.203125,3687.750
1785205394.545717955,15,269.828125,3674.000
1785205394.545717955,15,271.468750,3668.000
1785205394.545717955,15,273.093750,3662.500
1785205394.545717955,15,274.656250,3662.750
1785205394.545717955,15,276.281250,3689.000
1785205394.545717955,15,277.906250,3709.250
1785205394.545717955,15,279.515625,3726.250
1785205394.545717955,15,281.140625,3755.000
1785205394.545717955,15,282.765625,3769.750
1785205394.545717955,15,284.359375,3779.250
1785205394.545717955,15,285.984375,3801.500
1785205394.545717955,15,287.609375,3820.500
1785205394.545717955,15,290.859375,3586.000
1785205394.545717955,15,295.734375,3256.250
1785205394.545717955,15,297.359375,3308.250
1785205394.545717955,15,299.109375,3354.000
1785205394.545717955,15,300.718750,3401.750
1785205394.545717955,15,302.343750,3460.750
1785205394.545717955,15,303.953125,3522.500
1785205394.545717955,15,305.578125,3594.750
1785205394.545717955,15,308.781250,4221.250
1785205394.545717955,15,310.390625,4321.250
1785205394.545717955,15,312.015625,4408.000
1785205394.545717955,15,315.250000,4648.500
1785205394.545717955,15,316.859375,4768.750
1785205394.545717955,15,318.484375,4906.750
1785205394.545717955,15,320.109375,5052.250
1785205394.545717955,15,323.390625,5381.500
1785205394.660840988,15,4.078125,5170.750
1785205394.660840988,13,5.703125,5142.500
1785205394.660840988,15,7.328125,5124.000
1785205394.660840988,10,8.968750,5101.250
1785205394.660840988,14,10.484375,5088.750
1785205394.660840988,15,12.125000,5080.000
1785205394.660840988,14,13.750000,5070.500
1785205394.660840988,13,15.375000,5064.250
1785205394.660840988,12,16.984375,5056.500
1785205394.660840988,12,18.609375,5054.500
1785205394.660840988,12,20.234375,5007.500
1785205394.660840988,15,223.046875,5116.500
1785205394.660840988,15,224.671875,4966.750
1785205394.660840988,15,226.343750,4821.000
1785205394.660840988,15,227.968750,4695.500
1785205394.660840988,15,229.593750,4598.750
1785205394.660840988,15,232.875000,4130.750
1785205394.660840988,15,234.515625,4036.000
1785205394.660840988,15,236.140625,3952.250
1785205394.660840988,15,237.765625,3881.500
1785205394.660840988,15,239.390625,3807.000
1785205394.660840988,15,241.015625,3755.750
1785205394.660840988,15,242.671875,3698.000
1785205394.660840988,15,244.281250,3623.250
1785205394.660840988,15,245.890625,3565.750
1785205394.660840988,15,247.546875,3524.250
1785205394.660840988,15,249.156250,3472.500
1785205394.660840988,15,250.750000,3416.750
1785205394.660840988,15,252.390625,3432.250
1785205394.660840988,15,254.000000,3495.000
1785205394.660840988,15,255.625000,3495.500
1785205394.660840988,15,258.843750,3695.000
1785205394.660840988,15,260.468750,3753.750
1785205394.660840988,15,262.078125,3746.000
1785205394.660840988,15,263.687500,3723.250
1785205394.660840988,15,265.343750,3700.000
1785205394.660840988,15,266.953125,3681.500
1785205394.660840988,15,268.578125,3677.000
1785205394.660840988,15,270.187500,3667.000
1785205394.660840988,15,271.812500,3667.000
1785205394.660840988,15,273.437500,3673.250
1785205394.660840988,15,275.031250,3672.250
1785205394.660840988,15,276.640625,3687.000
1785205394.660840988,15,278.265625,3702.250
1785205394.660840988,15,279.875000,3723.000
1785205394.660840988,15,281.468750,3754.500
1785205394.660840988,15,283.109375,3778.250
1785205394.660840988,15,284.703125,3789.250
1785205394.660840988,15,286.312500,3808.000
1785205394.660840988,15,287.937500,3779.750
1785205394.660840988,15,291.218750,3550.750
1785205394.660840988,15,294.484375,3277.000
1785205394.660840988,15,296.109375,3268.000
1785205394.660840988,15,297.718750,3321.250
1785205394.660840988,15,299.484375,3365.000
1785205394.660840988,15,301.093750,3406.750
1785205394.660840988,15,302.734375,3475.000
1785205394.660840988,15,304.343750,3540.250
1785205394.660840988,15,305.953125,3610.750
1785205394.660840988,15,309.156250,4244.500
1785205394.660840988,15,310.750000,4362.000
1785205394.660840988,15,312.390625,4464.250
1785205394.660840988,15,314.000000,4565.750
1785205394.660840988,15,315.640625,4679.750
1785205394.660840988,15,317.250000,4798.750
1785205394.660840988,15,318.875000,4938.250
1785205394.660840988,15,320.500000,5090.750
1785205394.660840988,15,323.765625,5420.250
1785205394.775393963,14,4.453125,5164.000
1785205394.775393963,15,6.078125,5143.250
1785205394.775393963,14,7.718750,5124.750
1785205394.775393963,13,9.343750,5107.750
1785205394.775393963,14,10.906250,5090.500
1785205394.775393963,15,12.531250,5074.250
1785205394.775393963,14,14.140625,5071.000
1785205394.775393963,14,15.765625,5063.750
1785205394.775393963,12,17.390625,5052.250
1785205394.775393963,12,19.031250,5039.750
1785205394.775393963,12,20.625000,5012.750
1785205394.775393963,7,179.500000,10191.500
1785205394.775393963,8,181.125000,10191.500
1785205394.775393963,15,220.234375,5416.750
1785205394.775393963,15,225.125000,4926.250
1785205394.775393963,15,226.718750,4790.000
1785205394.775393963,15,228.359375,4670.750
1785205394.775393963,15,233.250000,4120.500
1785205394.775393963,15,238.171875,3869.750
1785205394.775393963,15,239.781250,3790.750
1785205394.775393963,15,241.390625,3736.000
1785205394.775393963,15,243.031250,3671.500
1785205394.775393963,15,244.656250,3605.000
1785205394.775393963,15,246.281250,3562.750
1785205394.775393963,15,247.921875,3515.250
1785205394.775393963,15,249.546875,3455.500
1785205394.775393963,15,251.171875,3409.250
1785205394.775393963,15,254.421875,3512.250
1785205394.775393963,15,256.031250,3487.250
1785205394.775393963,15,259.234375,3745.000
1785205394.775393963,15,260.843750,3752.250
1785205394.775393963,15,262.484375,3732.750
1785205394.775393963,15,264.093750,3736.250
1785205394.775393963,15,265.734375,3712.500
1785205394.775393963,15,267.343750,3686.500
1785205394.775393963,15,268.968750,3692.500
1785205394.775393963,15,270.609375,3686.250
1785205394.775393963,15,272.218750,3669.000
1785205394.775393963,15,273.828125,3679.250
1785205394.775393963,15,275.468750,3688.250
1785205394.775393963,15,277.062500,3696.750
1785205394.775393963,15,278.671875,3722.000
1785205394.775393963,15,280.296875,3741.000
1785205394.775393963,15,281.937500,3761.250
1785205394.775393963,15,283.546875,3774.250
1785205394.775393963,15,285.156250,3785.000
1785205394.775393963,15,286.781250,3811.500
1785205394.775393963,15,288.390625,3788.250
1785205394.775393963,15,291.656250,3521.500
1785205394.775393963,15,294.937500,3264.750
1785205394.775393963,15,296.562500,3279.000
1785205394.775393963,15,298.187500,3327.750
1785205394.775393963,15,299.937500,3384.500
1785205394.775393963,15,301.546875,3436.500
1785205394.775393963,15,303.156250,3496.750
1785205394.775393963,15,304.781250,3556.250
1785205394.775393963,15,306.406250,3633.500
1785205394.775393963,15,309.593750,4268.000
1785205394.775393963,15,311.203125,4376.250
1785205394.775393963,15,312.828125,4477.500
1785205394.775393963,15,314.468750,4595.000
1785205394.775393963,15,316.078125,4704.250
1785205394.775393963,15,319.312500,4982.750
1785205394.775393963,15,322.562500,5291.000
1785205394.886728048,13,4.875000,5153.500
1785205394.886728048,15,6.500000,5140.500
1785205394.886728048,15,8.140625,5125.000
1785205394.886728048,15,9.750000,5099.500
1785205394.886728048,14,11.359375,5081.000
1785205394.886728048,13,12.984375,5073.000
1785205394.886728048,12,14.609375,5068.000
1785205394.886728048,14,16.250000,5061.000
1785205394.886728048,12,17.875000,5050.750
1785205394.886728048,15,19.500000,5026.000
1785205394.886728048,9,21.109375,5007.000
1785205394.886728048,15,142.875000,105.500
1785205394.886728048,8,184.828125,10211.250
1785205394.886728048,15,222.312500,5213.250
1785205394.886728048,15,227.187500,4747.000
1785205394.886728048,15,228.812500,4637.250
1785205394.886728048,15,230.437500,4515.750
1785205394.886728048,15,233.703125,4105.750
1785205394.886728048,8,235.343750,4006.500
1785205394.886728048,15,240.234375,3776.250
1785205394.886728048,15,241.859375,3726.250
1785205394.886728048,15,243.484375,3665.500
1785205394.886728048,15,245.125000,3593.000
1785205394.886728048,15,246.734375,3538.500
1785205394.886728048,15,248.390625,3493.250
1785205394.886728048,15,250.000000,3442.500
1785205394.886728048,15,251.609375,3396.000
1785205394.886728048,15,254.859375,3503.750
1785205394.886728048,15,256.453125,3496.000
1785205394.886728048,15,259.671875,3775.000
1785205394.886728048,15,261.296875,3734.000
1785205394.886728048,15,262.921875,3720.000
1785205394.886728048,15,264.562500,3706.500
1785205394.886728048,15,266.187500,3686.750
1785205394.886728048,15,267.796875,3671.000
1785205394.886728048,15,269.421875,3674.250
1785205394.886728048,15,271.046875,3677.500
1785205394.886728048,15,272.671875,3669.750
1785205394.886728048,15,274.281250,3674.000
1785205394.886728048,15,275.875000,3685.250
1785205394.886728048,15,277.531250,3700.250
1785205394.886728048,15,279.140625,3711.000
1785205394.886728048,15,280.750000,3727.250
1785205394.886728048,15,282.375000,3757.000
1785205394.886728048,15,283.984375,3774.500
1785205394.886728048,15,285.593750,3786.750
1785205394.886728048,15,287.234375,3824.500
1785205394.886728048,15,290.484375,3606.000
1785205394.886728048,15,292.125000,3508.000
1785205394.886728048,15,295.390625,3258.750
1785205394.886728048,15,297.015625,3306.750
1785205394.886728048,15,298.734375,3350.500
1785205394.886728048,15,300.328125,3387.750
1785205394.886728048,15,301.953125,3443.250
1785205394.886728048,15,303.578125,3503.500
1785205394.886728048,15,305.203125,3575.250
1785205394.886728048,15,306.812500,3661.000
1785205394.886728048,15,310.000000,4296.000
1785205394.886728048,15,311.625000,4395.000
1785205394.886728048,15,313.234375,4497.250
1785205394.886728048,15,314.875000,4615.500
1785205394.886728048,15,316.484375,4734.750
1785205394.886728048,15,319.703125,5020.250
1785205394.886728048,15,321.343750,5167.750
1785205395.000766039,15,3.593750,5165.500
1785205395.000766039,14,5.234375,5145.750
1785205395.000766039,14,6.859375,5136.500
1785205395.000766039,15,8.484375,5121.500
1785205395.000766039,11,10.109375,5093.250
1785205395.000766039,14,11.718750,5076.500
1785205395.000766039,15,13.328125,5073.500
1785205395.000766039,13,14.968750,5071.500
1785205395.000766039,12,16.578125,5067.250
1785205395.000766039,13,18.203125,5056.000
1785205395.000766039,15,19.859375,4999.250
1785205395.000766039,15,222.562500,5163.000
1785205395.000766039,15,224.187500,5013.000
1785205395.000766039,15,227.421875,4740.250
1785205395.000766039,15,237.203125,3898.500
1785205395.000766039,15,238.812500,3828.500
1785205395.000766039,15,240.453125,3769.250
1785205395.000766039,15,242.093750,3712.250
1785205395.000766039,15,243.703125,3648.000
1785205395.000766039,15,245.312500,3585.250
1785205395.000766039,15,246.953125,3534.750
1785205395.000766039,15,248.578125,3481.500
1785205395.000766039,15,250.218750,3433.000
1785205395.000766039,15,251.843750,3407.250
1785205395.000766039,15,255.093750,3502.750
1785205395.000766039,15,256.718750,3523.750
1785205395.000766039,15,259.937500,3769.000
1785205395.000766039,15,261.562500,3740.000
1785205395.000766039,15,263.187500,3718.500
1785205395.000766039,15,264.796875,3700.250
1785205395.000766039,15,266.421875,3698.250
1785205395.000766039,15,268.062500,3690.250
1785205395.000766039,15,269.656250,3673.500
1785205395.000766039,15,271.265625,3678.750
1785205395.000766039,15,272.906250,3665.750
1785205395.000766039,15,274.546875,3666.500
1785205395.000766039,15,276.140625,3687.000
1785205395.000766039,15,277.765625,3703.500
1785205395.000766039,15,279.390625,3727.250
1785205395.000766039,15,281.015625,3747.250
1785205395.000766039,15,282.625000,3756.500
1785205395.000766039,15,284.250000,3778.500
1785205395.000766039,15,285.890625,3803.250
1785205395.000766039,15,287.484375,3824.000
1785205395.000766039,15,289.109375,3790.000
1785205395.000766039,15,295.671875,3250.250
1785205395.000766039,15,297.281250,3301.750
1785205395.000766039,15,298.968750,3349.250
1785205395.000766039,15,300.578125,3395.750
1785205395.000766039,15,302.187500,3456.000
1785205395.000766039,15,303.828125,3518.750
1785205395.000766039,15,305.406250,3591.000
1785205395.000766039,15,308.609375,4217.250
1785205395.000766039,15,310.234375,4321.750
1785205395.000766039,15,311.859375,4413.750
1785205395.000766039,15,313.468750,4517.750
1785205395.000766039,15,315.078125,4640.500
1785205395.000766039,15,316.703125,4759.500
1785205395.000766039,15,318.328125,4896.000
1785205395.000766039,15,319.937500,5035.750
1785205395.000766039,15,323.187500,5366.500
1785205395.113243818,15,3.921875,5167.000
1785205395.113243818,13,5.546875,5141.250
1785205395.113243818,15,7.171875,5134.750
1785205395.113243818,15,8.781250,5122.500
1785205395.113243818,15,10.390625,5095.500
1785205395.113243818,15,11.984375,5077.250
1785205395.113243818,13,13.609375,5071.500
1785205395.113243818,15,15.234375,5068.000
1785205395.113243818,11,16.859375,5065.000
1785205395.113243818,15,18.484375,5056.250
1785205395.113243818,15,20.109375,5001.000
1785205395.113243818,8,182.187500,10210.000
1785205395.113243818,7,183.796875,10206.750
1785205395.113243818,15,200.031250,10346.500
1785205395.113243818,15,224.437500,4992.000
1785205395.113243818,15,227.718750,4717.750
1785205395.113243818,15,229.343750,4609.500
1785205395.113243818,15,237.484375,3910.250
1785205395.113243818,15,239.125000,3842.500
1785205395.113243818,15,240.750000,3771.500
1785205395.113243818,15,242.390625,3707.250
1785205395.113243818,15,244.015625,3636.750
1785205395.113243818,15,245.640625,3580.500
1785205395.113243818,15,247.250000,3531.250
1785205395.113243818,15,248.875000,3474.250
1785205395.113243818,15,250.546875,3422.250
1785205395.113243818,15,252.171875,3423.750
1785205395.113243818,15,253.796875,3476.750
1785205395.113243818,15,255.421875,3479.250
1785205395.113243818,15,260.250000,3764.500
1785205395.113243818,15,261.890625,3739.500
1785205395.113243818,15,263.500000,3708.000
1785205395.113243818,15,265.156250,3696.750
1785205395.113243818,15,266.765625,3687.000
1785205395.113243818,15,268.390625,3686.750
1785205395.113243818,15,270.031250,3670.500
1785205395.113243818,15,271.640625,3657.250
1785205395.113243818,15,273.250000,3659.250
1785205395.113243818,15,274.843750,3669.000
1785205395.113243818,15,276.453125,3690.500
1785205395.113243818,15,278.078125,3703.250
1785205395.113243818,15,279.687500,3724.500
1785205395.113243818,15,281.312500,3750.750
1785205395.113243818,15,282.937500,3773.750
1785205395.113243818,15,284.546875,3776.000
1785205395.113243818,15,286.171875,3787.250
1785205395.113243818,15,287.781250,3793.000
1785205395.113243818,15,291.078125,3580.750
1785205395.113243818,15,295.937500,3267.250
1785205395.113243818,15,297.562500,3324.250
1785205395.113243818,15,299.250000,3365.000
1785205395.113243818,15,300.875000,3404.750
1785205395.113243818,15,302.500000,3464.250
1785205395.113243818,15,304.109375,3536.500
1785205395.113243818,15,305.750000,3608.500
1785205395.113243818,15,308.921875,4218.000
1785205395.113243818,15,310.562500,4327.750
1785205395.113243818,15,312.187500,4412.500
1785205395.113243818,15,315.406250,4660.250
1785205395.113243818,15,317.015625,4785.000
1785205395.113243818,15,318.640625,4922.750
1785205395.113243818,15,321.875000,5241.750
1785205395.113243818,15,323.546875,5405.500
1785205395.227492094,15,4.296875,5166.250
1785205395.227492094,14,5.921875,5141.750
1785205395.227492094,15,7.546875,5128.000
1785205395.227492094,13,9.171875,5101.250
1785205395.227492094,14,10.718750,5073.500
1785205395.227492094,15,12.343750,5071.750
1785205395.227492094,11,13.953125,5073.750
1785205395.227492094,15,15.578125,5065.250
1785205395.227492094,11,17.203125,5054.750
1785205395.227492094,14,18.843750,5048.500
1785205395.227492094,12,20.468750,5020.250
1785205395.227492094,15,223.265625,5095.250
1785205395.227492094,15,224.906250,4945.750
1785205395.227492094,15,226.515625,4802.000
1785205395.227492094,15,228.140625,4675.000
1785205395.227492094,15,233.046875,4134.750
1785205395.227492094,15,234.671875,4052.250
1785205395.227492094,15,236.296875,3963.250
1785205395.227492094,15,237.921875,3878.500
1785205395.227492094,15,239.546875,3799.250
1785205395.227492094,15,241.171875,3736.500
1785205395.227492094,15,242.812500,3683.250
1785205395.227492094,15,244.437500,3615.500
1785205395.227492094,15,246.078125,3560.750
1785205395.227492094,15,247.687500,3514.000
1785205395.227492094,15,249.312500,3459.750
1785205395.227492094,15,250.984375,3414.500
1785205395.227492094,15,252.625000,3444.000
1785205395.227492094,15,254.203125,3495.750
1785205395.227492094,15,255.859375,3476.500
1785205395.227492094,15,259.062500,3716.000
1785205395.227492094,15,260.671875,3763.000
1785205395.227492094,15,262.296875,3742.000
1785205395.227492094,15,263.937500,3719.750
1785205395.227492094,15,265.562500,3708.500
1785205395.227492094,15,267.171875,3692.000
1785205395.227492094,15,268.828125,3677.250
1785205395.227492094,15,270.453125,3667.250
1785205395.227492094,15,272.062500,3662.750
1785205395.227492094,15,273.703125,3664.750
1785205395.227492094,15,275.250000,3680.000
1785205395.227492094,15,276.828125,3685.250
1785205395.227492094,15,278.453125,3695.750
1785205395.227492094,15,280.093750,3730.750
1785205395.227492094,15,281.687500,3759.250
1785205395.227492094,15,283.328125,3778.750
1785205395.227492094,15,284.921875,3800.250
1785205395.227492094,15,286.562500,3819.500
1785205395.227492094,15,291.437500,3565.250
1785205395.227492094,15,294.718750,3271.500
1785205395.227492094,15,296.328125,3275.750
1785205395.227492094,15,297.937500,3325.750
1785205395.227492094,15,299.656250,3370.750
1785205395.227492094,15,301.265625,3418.250
1785205395.227492094,15,302.890625,3480.250
1785205395.227492094,15,304.500000,3547.500
1785205395.227492094,15,306.109375,3617.750
1785205395.227492094,15,309.296875,4245.250
1785205395.227492094,15,310.921875,4356.000
1785205395.227492094,15,312.531250,4457.250
1785205395.227492094,15,314.156250,4571.250
1785205395.227492094,15,315.781250,4692.250
1785205395.227492094,15,317.390625,4812.250
1785205395.227492094,15,319.015625,4952.000
1785205395.227492094,15,322.328125,5288.750
1785205395.227492094,15,323.937500,5454.750
1785205395.341328859,15,4.687500,5151.500
1785205395.341328859,15,6.312500,5137.500
1785205395.341328859,15,7.937500,5120.750
1785205395.341328859,14,9.578125,5097.000
1785205395.341328859,14,11.093750,5080.250
1785205395.341328859,15,12.734375,5068.000
1785205395.341328859,12,14.343750,5062.750
1785205395.341328859,13,15.968750,5060.500
1785205395.341328859,13,17.609375,5052.500
1785205395.341328859,15,19.218750,5039.500
1785205395.341328859,12,20.859375,5017.750
1785205395.341328859,15,199.281250,10284.500
1785205395.341328859,15,220.468750,5396.750
1785205395.341328859,15,227.000000,4776.500
1785205395.341328859,15,233.546875,4109.000
1785205395.341328859,15,240.046875,3789.750
1785205395.341328859,15,241.687500,3726.250
1785205395.341328859,15,243.312500,3660.000
1785205395.341328859,15,244.937500,3597.500
1785205395.341328859,15,246.578125,3561.750
1785205395.341328859,15,248.171875,3513.000
1785205395.341328859,15,249.812500,3449.500
1785205395.341328859,15,251.421875,3402.000
1785205395.341328859,15,254.671875,3505.000
1785205395.341328859,15,256.265625,3511.500
1785205395.341328859,15,259.500000,3742.250
1785205395.341328859,15,261.109375,3740.000
1785205395.341328859,15,262.750000,3726.250
1785205395.341328859,15,264.359375,3706.250
1785205395.341328859,15,265.984375,3687.250
1785205395.341328859,15,267.609375,3679.750
1785205395.341328859,15,269.234375,3669.000
1785205395.341328859,15,270.843750,3667.000
1785205395.341328859,15,272.468750,3679.000
1785205395.341328859,15,274.109375,3681.500
1785205395.341328859,15,275.656250,3684.250
1785205395.341328859,15,277.265625,3699.250
1785205395.341328859,15,278.859375,3706.250
1785205395.341328859,15,280.500000,3728.000
1785205395.341328859,15,282.109375,3764.750
1785205395.341328859,15,283.703125,3785.500
1785205395.341328859,15,285.328125,3797.000
1785205395.341328859,15,286.937500,3813.500
1785205395.341328859,15,290.218750,3611.500
1785205395.341328859,15,291.828125,3519.000
1785205395.341328859,15,295.109375,3251.000
1785205395.341328859,15,296.687500,3284.500
1785205395.341328859,15,298.468750,3330.750
1785205395.341328859,15,300.078125,3384.500
1785205395.341328859,15,301.703125,3440.500
1785205395.341328859,15,303.312500,3504.500
1785205395.341328859,15,304.937500,3567.000
1785205395.341328859,15,306.546875,3639.250
1785205395.341328859,15,309.750000,4277.000
1785205395.341328859,15,311.359375,4382.500
1785205395.341328859,15,312.968750,4488.250
1785205395.341328859,15,314.593750,4606.500
1785205395.341328859,15,316.218750,4715.250
1785205395.341328859,15,319.453125,4997.000
1785205395.341328859,15,321.078125,5135.250
1785205395.453119993,14,1.703125,5175.500
1785205395.453119993,15,3.359375,5101.000
1785205395.453119993,15,4.984375,5062.750
1785205395.453119993,13,6.593750,5044.250
1785205395.453119993,12,8.218750,5034.250
1785205395.453119993,9,9.843750,4994.500
1785205395.453119993,10,11.484375,4985.500
1785205395.453119993,10,13.109375,4994.500
1785205395.453119993,9,14.734375,4974.750
1785205395.453119993,11,16.359375,4966.500
1785205395.453119993,15,17.984375,4927.250
1785205395.453119993,11,19.609375,4888.250
1785205395.453119993,15,142.765625,102.500
1785205395.453119993,15,222.296875,5213.500
1785205395.453119993,15,225.562500,4918.500
1785205395.453119993,15,228.796875,4642.750
1785205395.453119993,15,240.203125,3796.750
1785205395.453119993,15,241.843750,3745.250
1785205395.453119993,15,243.468750,3668.750
1785205395.453119993,15,245.078125,3597.750
1785205395.453119993,15,246.703125,3551.750
1785205395.453119993,15,248.343750,3505.000
1785205395.453119993,15,249.968750,3452.250
1785205395.453119993,15,251.562500,3407.000
1785205395.453119993,15,254.796875,3521.750
1785205395.453119993,15,256.406250,3532.250
1785205395.453119993,15,259.609375,3755.250
1785205395.453119993,15,261.234375,3775.250
1785205395.453119993,15,262.859375,3748.500
1785205395.453119993,15,264.484375,3723.750
1785205395.453119993,15,266.109375,3720.250
1785205395.453119993,15,267.703125,3699.250
1785205395.453119993,15,269.343750,3691.000
1785205395.453119993,15,270.953125,3692.000
1785205395.453119993,15,272.562500,3683.750
1785205395.453119993,15,274.187500,3680.500
1785205395.453119993,15,275.750000,3688.500
1785205395.453119993,15,277.359375,3708.250
1785205395.453119993,15,278.984375,3725.250
1785205395.453119993,15,280.609375,3739.750
1785205395.453119993,15,282.203125,3756.250
1785205395.453119993,15,283.828125,3779.000
1785205395.453119993,15,285.437500,3798.000
1785205395.453119993,15,287.031250,3818.000
1785205395.453119993,15,290.312500,3611.000
1785205395.453119993,15,291.921875,3522.750
1785205395.453119993,15,295.203125,3250.000
1785205395.453119993,15,296.781250,3300.000
1785205395.453119993,15,298.515625,3347.000
1785205395.453119993,15,300.140625,3388.000
1785205395.453119993,15,301.734375,3443.750
1785205395.453119993,15,303.343750,3507.750
1785205395.453119993,15,304.984375,3569.500
1785205395.453119993,15,306.562500,3643.750
1785205395.453119993,15,309.781250,4313.000
1785205395.453119993,15,311.375000,4400.250
1785205395.453119993,15,312.984375,4488.500
1785205395.453119993,15,314.609375,4607.250
1785205395.453119993,15,316.218750,4716.500
1785205395.453119993,15,319.453125,4999.750
1785205395.453119993,15,321.078125,5137.500
1785205395.568480968,15,3.296875,5154.250
1785205395.568480968,15,4.906250,5132.750
1785205395.568480968,15,6.546875,5127.750
1785205395.568480968,15,8.171875,5116.250
1785205395.568480968,15,9.781250,5100.750
1785205395.568480968,15,11.343750,5089.500
1785205395.568480968,14,12.984375,5077.500
1785205395.568480968,12,14.593750,5071.500
1785205395.568480968,12,16.203125,5061.250
1785205395.568480968,15,17.828125,5046.250
1785205395.568480968,13,19.453125,5036.250
1785205395.568480968,9,21.062500,5017.500
1785205395.568480968,15,223.453125,5135.250
1785205395.568480968,15,226.703125,4840.750
1785205395.568480968,15,228.328125,4739.000
1785205395.568480968,15,236.484375,3963.500
1785205395.568480968,15,238.109375,3910.750
1785205395.568480968,15,239.734375,3848.250
1785205395.568480968,15,241.375000,3772.750
1785205395.568480968,15,242.984375,3720.750
1785205395.568480968,15,244.609375,3669.750
1785205395.568480968,15,246.218750,3596.250
1785205395.568480968,15,247.859375,3546.750
1785205395.568480968,15,249.468750,3508.500
1785205395.568480968,15,251.078125,3457.750
1785205395.568480968,15,252.703125,3482.500
1785205395.568480968,15,254.328125,3533.500
1785205395.568480968,15,255.953125,3512.750
1785205395.568480968,15,259.156250,3745.000
1785205395.568480968,15,260.765625,3788.500
1785205395.568480968,15,262.390625,3788.750
1785205395.568480968,15,264.000000,3777.750
1785205395.568480968,15,265.625000,3768.000
1785205395.568480968,15,267.250000,3745.500
1785205395.568480968,15,268.859375,3717.000
1785205395.568480968,15,270.500000,3728.000
1785205395.568480968,15,272.093750,3736.250
1785205395.568480968,15,273.718750,3708.250
1785205395.568480968,15,275.312500,3718.750
1785205395.568480968,15,276.906250,3746.250
1785205395.568480968,15,278.546875,3759.500
1785205395.568480968,15,280.156250,3778.750
1785205395.568480968,15,281.765625,3796.500
1785205395.568480968,15,283.375000,3795.250
1785205395.568480968,15,285.000000,3824.250
1785205395.568480968,15,286.625000,3859.500
1785205395.568480968,15,288.234375,3818.250
1785205395.568480968,15,291.484375,3583.000
1785205395.568480968,15,294.734375,3298.750
1785205395.568480968,15,296.359375,3332.250
1785205395.568480968,15,297.984375,3357.750
1785205395.568480968,15,299.703125,3403.250
1785205395.568480968,15,301.312500,3480.750
1785205395.568480968,15,302.937500,3539.750
1785205395.568480968,15,304.562500,3607.000
1785205395.568480968,15,306.171875,3687.500
1785205395.568480968,15,309.343750,4308.000
1785205395.568480968,15,310.968750,4408.000
1785205395.568480968,15,312.593750,4510.250
1785205395.568480968,15,314.218750,4629.750
1785205395.568480968,15,315.812500,4744.750
1785205395.568480968,15,317.421875,4875.250
1785205395.568480968,15,319.046875,4992.250
1785205395.682996988,15,2.828125,5132.000
1785205395.682996988,15,4.453125,5109.000
1785205395.682996988,15,6.078125,5090.500
1785205395.682996988,13,7.703125,5069.000
1785205395.682996988,12,9.328125,5049.500
1785205395.682996988,14,10.937500,5033.250
1785205395.682996988,9,12.546875,5046.250
1785205395.682996988,10,14.187500,5021.000
1785205395.682996988,9,15.812500,4974.750
1785205395.682996988,14,17.421875,4954.500
1785205395.682996988,11,19.046875,4923.500
1785205395.682996988,11,20.671875,4896.250
1785205395.682996988,15,142.062500,104.250
1785205395.682996988,15,221.484375,5384.250
1785205395.682996988,15,224.750000,5066.750
1785205395.682996988,15,226.343750,4932.500
1785205395.682996988,15,227.968750,4798.250
1785205395.682996988,15,229.578125,4680.750
1785205395.682996988,15,240.984375,3836.500
1785205395.682996988,15,242.593750,3774.000
1785205395.682996988,15,244.218750,3721.000
1785205395.682996988,15,245.875000,3653.250
1785205395.682996988,15,247.500000,3587.250
1785205395.682996988,15,249.125000,3539.500
1785205395.682996988,15,250.734375,3504.000
1785205395.682996988,15,252.359375,3481.750
1785205395.682996988,15,253.968750,3521.750
1785205395.682996988,15,255.609375,3567.000
1785205395.682996988,15,257.203125,3602.250
1785205395.682996988,15,260.421875,3814.000
1785205395.682996988,15,262.031250,3806.750
1785205395.682996988,15,263.656250,3796.500
1785205395.682996988,15,265.265625,3782.500
1785205395.682996988,15,266.906250,3782.000
1785205395.682996988,15,268.500000,3781.500
1785205395.682996988,15,270.140625,3773.750
1785205395.682996988,15,271.750000,3772.500
1785205395.682996988,15,273.359375,3764.000
1785205395.682996988,15,274.968750,3771.250
1785205395.682996988,15,276.593750,3792.750
1785205395.682996988,15,278.218750,3786.500
1785205395.682996988,15,279.828125,3790.000
1785205395.682996988,15,281.437500,3810.500
1785205395.682996988,15,283.078125,3827.500
1785205395.682996988,15,284.671875,3852.500
1785205395.682996988,15,286.281250,3873.250
1785205395.682996988,15,287.906250,3826.500
1785205395.682996988,15,291.187500,3622.000
1785205395.682996988,15,294.437500,3346.500
1785205395.682996988,15,296.062500,3361.500
1785205395.682996988,15,297.671875,3389.750
1785205395.682996988,15,299.359375,3430.500
1785205395.682996988,15,300.968750,3494.000
1785205395.682996988,15,302.578125,3565.000
1785205395.682996988,15,304.187500,3634.750
1785205395.682996988,15,305.812500,3707.250
1785205395.682996988,15,308.984375,4334.000
1785205395.682996988,15,310.609375,4426.000
1785205395.682996988,15,312.250000,4523.500
1785205395.682996988,15,313.859375,4642.500
1785205395.682996988,15,315.468750,4746.000
1785205395.682996988,15,318.687500,5046.750
1785205395.682996988,15,321.906250,5352.750
1785205395.796677113,15,357.656250,5172.500
1785205395.796677113,15,359.265625,5116.500
1785205395.796677113,13,0.875000,5078.500
1785205395.796677113,12,2.515625,5063.750
1785205395.796677113,12,4.125000,5023.000
1785205395.796677113,9,7.390625,4940.250
1785205395.796677113,9,9.015625,4911.750
1785205395.796677113,11,10.593750,4934.500
1785205395.796677113,8,12.218750,4974.250
1785205395.796677113,12,13.843750,5004.250
1785205395.796677113,13,15.437500,5025.250
1785205395.796677113,13,17.062500,5052.500
1785205395.796677113,12,18.703125,5049.250
1785205395.796677113,11,20.328125,5007.250
1785205395.796677113,7,175.765625,10220.750
1785205395.796677113,15,218.093750,5873.500
1785205395.796677113,15,222.968750,5271.000
1785205395.796677113,15,226.234375,4971.750
1785205395.796677113,15,229.500000,4699.250
1785205395.796677113,15,234.390625,4162.000
1785205395.796677113,15,239.265625,3937.250
1785205395.796677113,15,240.906250,3868.500
1785205395.796677113,15,242.515625,3789.750
1785205395.796677113,15,244.140625,3744.250
1785205395.796677113,15,245.781250,3693.000
1785205395.796677113,15,247.406250,3625.500
1785205395.796677113,15,249.015625,3578.750
1785205395.796677113,15,250.671875,3552.250
1785205395.796677113,15,252.296875,3513.000
1785205395.796677113,15,253.890625,3538.750
1785205395.796677113,15,255.531250,3582.750
1785205395.796677113,15,260.359375,3829.750
1785205395.796677113,15,262.000000,3818.250
1785205395.796677113,15,263.593750,3809.000
1785205395.796677113,15,265.218750,3801.000
1785205395.796677113,15,266.859375,3794.500
1785205395.796677113,15,268.453125,3793.750
1785205395.796677113,15,270.078125,3797.000
1785205395.796677113,15,271.703125,3793.250
1785205395.796677113,15,273.312500,3794.250
1785205395.796677113,15,274.937500,3802.750
1785205395.796677113,15,276.546875,3809.250
1785205395.796677113,15,278.187500,3811.750
1785205395.796677113,15,279.796875,3807.750
1785205395.796677113,15,281.437500,3811.750
1785205395.796677113,15,283.031250,3849.250
1785205395.796677113,15,284.640625,3893.250
1785205395.796677113,15,286.281250,3916.000
1785205395.796677113,15,287.921875,3872.000
1785205395.796677113,15,291.156250,3652.250
1785205395.796677113,15,294.421875,3346.750
1785205395.796677113,15,296.031250,3378.750
1785205395.796677113,15,297.656250,3428.750
1785205395.796677113,15,299.359375,3484.500
1785205395.796677113,15,300.968750,3546.000
1785205395.796677113,15,302.593750,3590.500
1785205395.796677113,15,305.828125,3738.750
1785205395.796677113,15,309.015625,4363.750
1785205395.796677113,15,310.640625,4462.500
1785205395.796677113,15,312.250000,4586.750
1785205395.796677113,15,313.875000,4693.750
1785205395.796677113,15,315.484375,4810.250
1785205395.796677113,15,317.109375,4936.000
1785205395.796677113,15,318.718750,5054.500
1785205395.796677113,15,321.968750,5361.000
1785205395.796677113,15,325.234375,5814.000
1785205395.908663034,15,1.062500,5158.500
1785205395.908663034,15,2.687500,5107.500
1785205395.908663034,15,4.328125,5083.250
1785205395.908663034,13,5.968750,5073.000
1785205395.908663034,12,7.578125,5035.000
1785205395.908663034,9,9.218750,4978.500
1785205395.908663034,11,10.765625,4950.000
1785205395.908663034,10,12.390625,4906.000
1785205395.908663034,15,14.015625,4846.750
1785205395.908663034,15,15.625000,4828.250
1785205395.908663034,15,17.265625,4821.750
1785205395.908663034,15,18.890625,4791.000
1785205395.908663034,13,20.500000,4760.000
1785205395.908663034,15,140.546875,100.750
1785205395.908663034,8,176.031250,10246.750
1785205395.908663034,15,221.546875,5455.500
1785205395.908663034,15,226.453125,4961.500
1785205395.908663034,15,229.703125,4713.500
1785205395.908663034,15,234.593750,4200.250
1785205395.908663034,15,239.484375,3949.000
1785205395.908663034,15,241.093750,3885.250
1785205395.908663034,15,242.734375,3826.750
1785205395.908663034,15,244.359375,3779.000
1785205395.908663034,15,246.000000,3728.750
1785205395.908663034,15,247.609375,3672.500
1785205395.908663034,15,249.234375,3613.000
1785205395.908663034,15,250.921875,3567.000
1785205395.908663034,15,252.531250,3519.750
1785205395.908663034,15,255.765625,3622.250
1785205395.908663034,15,260.609375,3863.250
1785205395.908663034,15,262.234375,3844.250
1785205395.908663034,15,263.859375,3823.000
1785205395.908663034,15,265.484375,3819.750
1785205395.908663034,15,267.125000,3816.500
1785205395.908663034,15,268.750000,3808.500
1785205395.908663034,15,270.359375,3816.750
1785205395.908663034,15,271.984375,3827.500
1785205395.908663034,15,273.609375,3827.500
1785205395.908663034,15,275.187500,3816.750
1785205395.908663034,15,276.796875,3815.500
1785205395.908663034,15,278.406250,3832.500
1785205395.908663034,15,280.031250,3852.500
1785205395.908663034,15,281.656250,3860.750
1785205395.908663034,15,283.265625,3888.000
1785205395.908663034,15,284.875000,3918.750
1785205395.908663034,15,286.500000,3939.000
1785205395.908663034,15,289.750000,3736.500
1785205395.908663034,15,291.375000,3640.250
1785205395.908663034,15,294.656250,3378.000
1785205395.908663034,15,296.265625,3417.500
1785205395.908663034,15,297.890625,3470.250
1785205395.908663034,15,299.593750,3525.250
1785205395.908663034,15,301.218750,3580.000
1785205395.908663034,15,302.859375,3643.000
1785205395.908663034,15,304.468750,3711.750
1785205395.908663034,15,307.656250,4330.000
1785205395.908663034,15,309.281250,4425.250
1785205395.908663034,15,310.890625,4519.750
1785205395.908663034,15,312.500000,4642.750
1785205395.908663034,15,314.125000,4736.250
1785205395.908663034,15,317.359375,4998.250
1785205395.908663034,15,318.984375,5129.000
1785205395.908663034,15,322.218750,5463.500
1785205396.023045778,15,4.625000,5174.750
1785205396.023045778,15,6.265625,5180.750
1785205396.023045778,14,7.890625,5148.000
1785205396.023045778,11,9.515625,5106.250
1785205396.023045778,13,11.046875,5105.000
1785205396.023045778,13,12.671875,5118.750
1785205396.023045778,15,14.296875,5117.000
1785205396.023045778,15,15.906250,5087.250
1785205396.023045778,15,17.531250,5057.750
1785205396.023045778,12,19.171875,5017.250
1785205396.023045778,11,20.796875,4993.750
1785205396.023045778,9,181.312500,10144.000
1785205396.023045778,12,182.937500,10150.500
1785205396.023045778,8,186.171875,10127.250
1785205396.023045778,15,223.578125,5288.000
1785205396.023045778,15,226.875000,4996.500
1785205396.023045778,15,228.531250,4870.500
1785205396.023045778,15,230.140625,4748.750
1785205396.023045778,15,235.046875,4205.000
1785205396.023045778,15,238.406250,3040.250
1785205396.023045778,15,241.562500,3905.750
1785205396.023045778,15,243.187500,3837.500
1785205396.023045778,15,244.812500,3780.250
1785205396.023045778,15,246.468750,3738.750
1785205396.023045778,15,248.093750,3686.500
1785205396.023045778,15,249.718750,3625.000
1785205396.023045778,15,251.359375,3582.750
1785205396.023045778,15,252.953125,3593.750
1785205396.023045778,15,254.593750,3651.750
1785205396.023045778,15,256.218750,3653.000
1785205396.023045778,15,259.437500,3871.750
1785205396.023045778,15,261.062500,3891.250
1785205396.023045778,15,262.687500,3868.000
1785205396.023045778,15,264.312500,3857.500
1785205396.023045778,15,265.937500,3842.250
1785205396.023045778,15,267.546875,3827.500
1785205396.023045778,15,269.171875,3829.750
1785205396.023045778,15,270.812500,3839.500
1785205396.023045778,15,272.421875,3830.750
1785205396.023045778,15,274.062500,3821.500
1785205396.023045778,15,275.609375,3831.000
1785205396.023045778,15,277.234375,3839.000
1785205396.023045778,15,278.843750,3863.000
1785205396.023045778,15,280.453125,3885.000
1785205396.023045778,15,282.062500,3897.250
1785205396.023045778,15,283.718750,3922.500
1785205396.023045778,15,285.328125,3943.750
1785205396.023045778,15,286.921875,3989.000
1785205396.023045778,15,290.171875,3759.750
1785205396.023045778,15,293.453125,3443.000
1785205396.023045778,15,295.078125,3423.500
1785205396.023045778,15,296.703125,3467.750
1785205396.023045778,15,298.421875,3524.250
1785205396.023045778,15,300.031250,3580.000
1785205396.023045778,15,301.640625,3630.750
1785205396.023045778,15,303.250000,3696.250
1785205396.023045778,15,304.890625,3778.250
1785205396.023045778,15,308.062500,4407.000
1785205396.023045778,15,309.703125,4488.750
1785205396.023045778,15,311.296875,4598.750
1785205396.023045778,15,312.937500,4700.500
1785205396.023045778,15,314.562500,4810.750
1785205396.023045778,15,316.171875,4942.750
1785205396.023045778,15,317.781250,5071.250
1785205396.023045778,15,321.031250,5372.000
1785205396.134149075,15,358.500000,5179.000
1785205396.134149075,15,0.125000,5133.250
1785205396.134149075,15,1.765625,5102.500
1785205396.134149075,12,3.375000,5077.750
1785205396.134149075,15,5.000000,5055.000
1785205396.134149075,13,6.625000,5032.750
1785205396.134149075,9,8.265625,4999.000
1785205396.134149075,10,9.890625,4977.000
1785205396.134149075,9,11.453125,4937.000
1785205396.134149075,9,13.062500,4889.000
1785205396.134149075,10,14.687500,4874.000
1785205396.134149075,15,16.312500,4864.500
1785205396.134149075,15,17.937500,4845.250
1785205396.134149075,10,19.578125,4811.250
1785205396.134149075,9,191.437500,7818.750
1785205396.134149075,15,222.312500,5430.500
1785205396.134149075,15,223.937500,5289.000
1785205396.134149075,15,227.234375,4990.000
1785205396.134149075,15,230.500000,4726.750
1785205396.134149075,15,233.781250,4336.000
1785205396.134149075,15,235.406250,4228.250
1785205396.134149075,15,238.781250,3069.000
1785205396.134149075,15,241.906250,3924.500
1785205396.134149075,15,243.562500,3863.000
1785205396.134149075,15,245.171875,3803.000
1785205396.134149075,15,246.828125,3758.750
1785205396.134149075,15,248.453125,3710.000
1785205396.134149075,15,250.093750,3662.000
1785205396.134149075,15,251.687500,3608.500
1785205396.134149075,15,253.296875,3630.500
1785205396.134149075,15,254.921875,3691.750
1785205396.134149075,15,256.531250,3677.500
1785205396.134149075,15,259.765625,3884.250
1785205396.134149075,15,261.375000,3912.750
1785205396.134149075,15,263.015625,3898.500
1785205396.134149075,15,264.609375,3890.750
1785205396.134149075,15,266.250000,3874.250
1785205396.134149075,15,267.890625,3859.500
1785205396.134149075,15,269.500000,3867.000
1785205396.134149075,15,271.109375,3870.250
1785205396.134149075,15,272.734375,3861.000
1785205396.134149075,15,274.375000,3856.250
1785205396.134149075,15,275.906250,3860.500
1785205396.134149075,15,277.531250,3879.000
1785205396.134149075,15,279.156250,3900.000
1785205396.134149075,15,280.781250,3922.000
1785205396.134149075,15,282.375000,3949.000
1785205396.134149075,15,283.984375,3963.000
1785205396.134149075,15,285.625000,3981.000
1785205396.134149075,15,288.890625,3797.250
1785205396.134149075,15,290.500000,3728.750
1785205396.134149075,15,293.750000,3432.750
1785205396.134149075,15,295.375000,3478.500
1785205396.134149075,15,296.984375,3529.500
1785205396.134149075,15,298.765625,3567.500
1785205396.134149075,15,300.390625,3630.000
1785205396.134149075,15,302.015625,3708.000
1785205396.134149075,15,303.609375,3764.250
1785205396.134149075,15,306.812500,4361.750
1785205396.134149075,15,308.453125,4451.000
1785205396.134149075,15,310.078125,4544.500
1785205396.134149075,15,311.687500,4659.750
1785205396.134149075,15,313.312500,4766.750
1785205396.134149075,15,314.937500,4887.750
1785205396.134149075,15,316.546875,5022.000
1785205396.134149075,15,318.187500,5151.750
1785205396.134149075,15,321.421875,5475.750
1785205396.134149075,15,324.671875,5903.500
1785205396.249497175,15,358.859375,5165.500
1785205396.249497175,15,0.500000,5113.000
1785205396.249497175,15,2.109375,5102.250
1785205396.249497175,14,3.750000,5085.500
1785205396.249497175,13,5.343750,5065.250
1785205396.249497175,14,7.000000,5054.250
1785205396.249497175,15,8.625000,5035.750
1785205396.249497175,13,10.265625,5018.750
1785205396.249497175,10,11.812500,5009.500
1785205396.249497175,10,13.437500,4999.000
1785205396.249497175,11,15.046875,4973.500
1785205396.249497175,11,16.671875,4939.750
1785205396.249497175,12,18.312500,4909.500
1785205396.249497175,15,19.937500,4873.750
1785205396.249497175,15,222.765625,5436.250
1785205396.249497175,15,226.031250,5119.500
1785205396.249497175,15,227.640625,5006.500
1785205396.249497175,15,230.921875,4726.750
1785205396.249497175,10,237.437500,4195.250
1785205396.249497175,15,242.328125,3937.250
1785205396.249497175,15,243.968750,3892.000
1785205396.249497175,15,245.578125,3825.000
1785205396.249497175,15,247.234375,3766.000
1785205396.249497175,15,248.828125,3719.250
1785205396.249497175,15,250.453125,3679.500
1785205396.249497175,15,252.078125,3636.250
1785205396.249497175,15,255.296875,3742.000
1785205396.249497175,15,256.906250,3739.000
1785205396.249497175,15,260.125000,3974.500
1785205396.249497175,15,261.765625,3953.750
1785205396.249497175,15,263.390625,3937.750
1785205396.249497175,15,265.015625,3926.000
1785205396.249497175,15,266.625000,3903.250
1785205396.249497175,15,268.265625,3881.250
1785205396.249497175,15,269.890625,3880.250
1785205396.249497175,15,271.500000,3884.500
1785205396.249497175,15,273.125000,3882.250
1785205396.249497175,15,274.734375,3889.000
1785205396.249497175,15,276.343750,3899.500
1785205396.249497175,15,277.953125,3917.500
1785205396.249497175,15,279.593750,3939.500
1785205396.249497175,15,281.203125,3952.500
1785205396.249497175,15,282.796875,3966.250
1785205396.249497175,15,284.437500,3995.500
1785205396.249497175,15,286.046875,4022.750
1785205396.249497175,15,289.296875,3826.750
1785205396.249497175,15,294.203125,3467.750
1785205396.249497175,15,295.828125,3522.500
1785205396.249497175,15,297.421875,3571.500
1785205396.249497175,15,299.187500,3622.750
1785205396.249497175,15,300.828125,3697.500
1785205396.249497175,15,302.437500,3764.500
1785205396.249497175,15,304.046875,3815.250
1785205396.249497175,15,307.250000,4427.750
1785205396.249497175,15,308.875000,4514.250
1785205396.249497175,15,310.500000,4626.250
1785205396.249497175,15,312.125000,4724.250
1785205396.249497175,15,313.750000,4835.500
1785205396.249497175,15,315.375000,4967.500
1785205396.249497175,15,317.000000,5100.750
1785205396.249497175,15,318.609375,5240.500
1785205396.249497175,15,320.234375,5382.250
1785205396.249497175,15,323.468750,5819.250
1785205396.363972187,15,0.921875,5134.500
1785205396.363972187,15,2.546875,5106.250
1785205396.363972187,15,4.187500,5080.750
1785205396.363972187,11,5.812500,5061.000
1785205396.363972187,9,7.453125,5020.250
1785205396.363972187,9,9.078125,4982.000
1785205396.363972187,13,10.656250,4929.000
1785205396.363972187,10,12.281250,4876.000
1785205396.363972187,14,13.906250,4846.750
1785205396.363972187,15,15.531250,4828.000
1785205396.363972187,14,17.156250,4816.750
1785205396.363972187,12,18.781250,4783.750
1785205396.363972187,15,20.390625,4754.250
1785205396.363972187,8,192.375000,7789.750
1785205396.363972187,15,223.296875,5423.250
1785205396.363972187,15,226.515625,5113.500
1785205396.363972187,15,228.140625,4993.500
1785205396.363972187,15,229.765625,4861.250
1785205396.363972187,15,234.671875,4339.500
1785205396.363972187,10,236.296875,4225.500
1785205396.363972187,15,237.937500,4151.000
1785205396.363972187,15,239.531250,4087.000
1785205396.363972187,15,241.187500,4006.750
1785205396.363972187,15,242.796875,3950.000
1785205396.363972187,15,244.421875,3888.500
1785205396.363972187,15,246.062500,3829.750
1785205396.363972187,15,247.671875,3790.500
1785205396.363972187,15,249.312500,3743.250
1785205396.363972187,15,250.921875,3701.000
1785205396.363972187,15,252.562500,3670.500
1785205396.363972187,15,255.796875,3769.000
1785205396.363972187,15,257.406250,3785.250
1785205396.363972187,15,260.625000,3989.500
1785205396.363972187,15,262.250000,3968.250
1785205396.363972187,15,263.875000,3957.250
1785205396.363972187,15,265.468750,3939.750
1785205396.363972187,15,267.109375,3921.500
1785205396.363972187,15,268.750000,3924.750
1785205396.363972187,15,270.343750,3915.000
1785205396.363972187,15,271.968750,3910.000
1785205396.363972187,15,273.593750,3925.250
1785205396.363972187,15,275.203125,3934.500
1785205396.363972187,15,276.812500,3940.500
1785205396.363972187,15,278.437500,3956.000
1785205396.363972187,15,280.046875,3974.500
1785205396.363972187,15,281.671875,3986.250
1785205396.363972187,15,283.296875,4009.500
1785205396.363972187,15,284.906250,4043.500
1785205396.363972187,15,286.546875,4036.500
1785205396.363972187,15,289.781250,3832.250
1785205396.363972187,15,293.062500,3505.500
1785205396.363972187,15,294.687500,3524.750
1785205396.363972187,15,296.296875,3567.500
1785205396.363972187,15,297.921875,3614.750
1785205396.363972187,15,299.656250,3682.000
1785205396.363972187,15,301.296875,3745.000
1785205396.363972187,15,302.890625,3799.750
1785205396.363972187,15,307.718750,4494.000
1785205396.363972187,15,309.359375,4584.500
1785205396.363972187,15,310.968750,4683.250
1785205396.363972187,15,312.578125,4802.250
1785205396.363972187,15,314.187500,4927.750
1785205396.363972187,15,315.812500,5044.250
1785205396.363972187,15,317.437500,5160.750
1785205396.363972187,15,323.921875,5931.000
1785205396.475157022,15,359.750000,5162.500
1785205396.475157022,15,1.359375,5131.750
1785205396.475157022,15,2.984375,5113.750
1785205396.475157022,13,4.625000,5096.000
1785205396.475157022,12,6.234375,5074.500
1785205396.475157022,15,7.890625,5060.500
1785205396.475157022,13,9.500000,5047.250
1785205396.475157022,10,11.093750,5016.500
1785205396.475157022,9,12.734375,4990.750
1785205396.475157022,10,14.375000,4971.000
1785205396.475157022,14,15.984375,4925.000
1785205396.475157022,11,17.625000,4874.750
1785205396.475157022,15,19.234375,4852.250
1785205396.475157022,10,20.875000,4847.250
1785205396.475157022,10,192.796875,7784.250
1785205396.475157022,15,223.718750,5414.250
1785205396.475157022,15,225.343750,5266.500
1785205396.475157022,15,226.906250,5115.750
1785205396.475157022,15,228.546875,4991.250
1785205396.475157022,15,230.187500,4867.000
1785205396.475157022,15,235.078125,4339.500
1785205396.475157022,15,236.703125,4232.000
1785205396.475157022,15,238.343750,4154.750
1785205396.475157022,15,239.937500,4099.000
1785205396.475157022,15,241.593750,4017.750
1785205396.475157022,15,243.203125,3946.250
1785205396.475157022,15,244.812500,3904.750
1785205396.475157022,15,246.453125,3857.750
1785205396.475157022,15,248.078125,3808.000
1785205396.475157022,15,249.703125,3758.500
1785205396.475157022,15,251.343750,3721.750
1785205396.475157022,15,252.937500,3695.250
1785205396.475157022,15,254.562500,3736.500
1785205396.475157022,15,256.171875,3782.500
1785205396.475157022,15,259.390625,3965.000
1785205396.475157022,15,261.031250,4007.500
1785205396.475157022,15,262.625000,3987.750
1785205396.475157022,15,264.265625,3981.000
1785205396.475157022,15,265.890625,3979.500
1785205396.475157022,15,267.515625,3972.000
1785205396.475157022,15,269.140625,3961.000
1785205396.475157022,15,270.734375,3959.750
1785205396.475157022,15,272.375000,3959.250
1785205396.475157022,15,274.000000,3953.000
1785205396.475157022,15,275.625000,3960.250
1785205396.475157022,15,277.265625,3982.000
1785205396.475157022,15,278.890625,3985.750
1785205396.475157022,15,280.484375,3993.500
1785205396.475157022,15,282.093750,4024.500
1785205396.475157022,15,283.718750,4048.250
1785205396.475157022,15,285.328125,4073.250
1785205396.475157022,15,288.593750,3873.000
1785205396.475157022,15,290.234375,3779.250
1785205396.475157022,15,293.500000,3518.000
1785205396.475157022,15,295.125000,3571.500
1785205396.475157022,15,296.750000,3614.250
1785205396.475157022,15,298.437500,3670.250
1785205396.475157022,15,300.031250,3736.000
1785205396.475157022,15,301.671875,3801.750
1785205396.475157022,15,303.296875,3871.750
1785205396.475157022,15,306.500000,4460.500
1785205396.475157022,15,308.109375,4547.750
1785205396.475157022,15,309.734375,4660.750
1785205396.475157022,15,311.343750,4761.000
1785205396.475157022,15,312.984375,4871.750
1785205396.475157022,15,314.578125,4990.500
1785205396.475157022,15,316.218750,5122.000
1785205396.475157022,15,319.437500,5422.000
1785205396.475157022,15,322.671875,5843.000
1785205396.589647770,15,0.156250,5138.500
1785205396.589647770,15,1.781250,5106.500
1785205396.589647770,15,3.406250,5083.750
1785205396.589647770,13,5.031250,5061.750
1785205396.589647770,12,6.687500,5032.500
1785205396.589647770,11,8.296875,5005.000
1785205396.589647770,8,9.937500,4945.250
1785205396.589647770,12,11.546875,4895.000
1785205396.589647770,11,13.156250,4858.500
1785205396.589647770,15,14.781250,4816.250
1785205396.589647770,15,16.421875,4787.500
1785205396.589647770,13,18.031250,4759.250
1785205396.589647770,13,19.656250,4739.500
1785205396.589647770,15,224.125000,5416.000
1785205396.589647770,15,227.359375,5109.000
1785205396.589647770,15,229.000000,5008.000
1785205396.589647770,15,232.250000,4743.500
1785205396.589647770,15,237.140625,4252.000
1785205396.589647770,15,238.765625,4180.750
1785205396.589647770,15,240.390625,4127.500
1785205396.589647770,15,242.046875,4045.500
1785205396.589647770,15,243.640625,3973.500
1785205396.589647770,15,245.265625,3922.750
1785205396.589647770,15,246.906250,3878.500
1785205396.589647770,15,248.531250,3825.000
1785205396.589647770,15,250.171875,3770.250
1785205396.589647770,15,251.781250,3745.750
1785205396.589647770,15,253.390625,3773.250
1785205396.589647770,15,255.015625,3802.750
1785205396.589647770,15,256.640625,3790.500
1785205396.589647770,15,259.875000,4035.500
1785205396.589647770,15,261.484375,4019.500
1785205396.589647770,15,263.109375,4010.750
1785205396.589647770,15,264.750000,4011.750
1785205396.589647770,15,266.359375,3982.000
1785205396.589647770,15,267.984375,3977.250
1785205396.589647770,15,269.593750,3991.000
1785205396.589647770,15,271.218750,3995.000
1785205396.589647770,15,272.843750,4000.750
1785205396.589647770,15,274.437500,3983.500
1785205396.589647770,15,276.046875,3989.250
1785205396.589647770,15,277.656250,4011.750
1785205396.589647770,15,279.281250,4010.250
1785205396.589647770,15,280.875000,4027.250
1785205396.589647770,15,282.500000,4053.750
1785205396.589647770,15,284.109375,4079.250
1785205396.589647770,15,285.734375,4107.250
1785205396.589647770,15,289.000000,3894.500
1785205396.589647770,15,292.281250,3601.750
1785205396.589647770,15,293.875000,3575.750
1785205396.589647770,15,295.484375,3623.500
1785205396.589647770,15,297.078125,3680.500
1785205396.589647770,15,298.812500,3738.500
1785205396.589647770,15,300.421875,3792.250
1785205396.589647770,15,302.031250,3850.500
1785205396.589647770,15,303.640625,3913.250
1785205396.589647770,15,306.828125,4512.000
1785205396.589647770,15,308.453125,4628.000
1785205396.589647770,15,310.046875,4727.250
1785205396.589647770,15,311.687500,4818.250
1785205396.589647770,15,313.296875,4948.000
1785205396.589647770,15,314.906250,5081.500
1785205396.589647770,15,316.546875,5207.750
1785205396.589647770,15,318.140625,5354.750
1785205396.704617977,14,357.281250,5152.750
1785205396.704617977,15,358.906250,5127.250
1785205396.704617977,15,0.531250,5104.500
1785205396.704617977,12,2.156250,5093.750
1785205396.704617977,12,3.796875,5045.250
1785205396.704617977,10,5.421875,4951.250
1785205396.704617977,9,7.046875,4896.250
1785205396.704617977,15,8.687500,4861.000
1785205396.704617977,15,10.312500,4810.000
1785205396.704617977,15,11.859375,4779.250
1785205396.704617977,15,13.453125,4764.750
1785205396.704617977,13,15.109375,4751.000
1785205396.704617977,12,16.718750,4723.000
1785205396.704617977,13,18.359375,4686.750
1785205396.704617977,10,19.953125,4667.500
1785205396.704617977,15,219.359375,5980.000
1785205396.704617977,15,224.250000,5418.000
1785205396.704617977,15,225.859375,5274.250
1785205396.704617977,15,227.500000,5133.000
1785205396.704617977,15,229.125000,5009.250
1785205396.704617977,15,232.359375,4749.250
1785205396.704617977,15,238.890625,4184.250
1785205396.704617977,15,240.515625,4127.250
1785205396.704617977,15,242.140625,4046.750
1785205396.704617977,15,243.781250,3974.500
1785205396.704617977,15,245.390625,3938.250
1785205396.704617977,15,247.031250,3896.000
1785205396.704617977,15,248.656250,3842.500
1785205396.704617977,15,250.265625,3803.250
1785205396.704617977,15,251.937500,3770.250
1785205396.704617977,15,253.562500,3789.000
1785205396.704617977,15,255.171875,3827.500
1785205396.704617977,15,256.812500,3826.000
1785205396.704617977,15,260.015625,4048.250
1785205396.704617977,15,261.640625,4052.250
1785205396.704617977,15,263.265625,4035.500
1785205396.704617977,15,264.890625,4021.000
1785205396.704617977,15,266.515625,4021.000
1785205396.704617977,15,268.156250,4019.000
1785205396.704617977,15,269.765625,4011.750
1785205396.704617977,15,271.390625,4014.250
1785205396.704617977,15,273.015625,4016.000
1785205396.704617977,15,274.578125,4015.000
1785205396.704617977,15,276.171875,4028.250
1785205396.704617977,15,277.796875,4031.750
1785205396.704617977,15,279.406250,4037.000
1785205396.704617977,15,281.031250,4052.750
1785205396.704617977,15,282.640625,4074.750
1785205396.704617977,15,284.250000,4120.250
1785205396.704617977,15,285.875000,4119.750
1785205396.704617977,15,289.109375,3920.250
1785205396.704617977,15,292.390625,3592.750
1785205396.704617977,15,294.031250,3608.000
1785205396.704617977,15,295.640625,3657.500
1785205396.704617977,15,297.250000,3713.000
1785205396.704617977,15,298.906250,3770.500
1785205396.704617977,15,300.515625,3826.250
1785205396.704617977,15,302.140625,3888.750
1785205396.704617977,15,305.328125,4473.500
1785205396.704617977,15,306.937500,4582.250
1785205396.704617977,15,308.562500,4671.250
1785205396.704617977,15,310.171875,4735.500
1785205396.704617977,15,313.406250,4998.000
1785205396.704617977,15,315.031250,5112.750
1785205396.704617977,15,316.625000,5259.500
1785205396.704617977,15,318.250000,5399.250
1785205396.704617977,15,321.468750,5794.750
1785205396.816201925,15,355.687500,5192.500
1785205396.816201925,15,357.312500,5129.250
1785205396.816201925,14,358.953125,5082.500
1785205396.816201925,11,0.578125,5050.500
1785205396.816201925,9,2.203125,5011.250
1785205396.816201925,9,3.828125,4937.250
1785205396.816201925,10,5.453125,4874.750
1785205396.816201925,13,7.078125,4873.250
1785205396.816201925,15,8.703125,4858.750
1785205396.816201925,15,10.312500,4837.250
1785205396.816201925,11,11.921875,4841.750
1785205396.816201925,15,13.546875,4835.250
1785205396.816201925,13,15.171875,4827.500
1785205396.816201925,15,16.796875,4812.000
1785205396.816201925,13,18.421875,4779.250
1785205396.816201925,11,20.031250,4764.750
1785205396.816201925,15,219.515625,6021.250
1785205396.816201925,15,224.390625,5442.750
1785205396.816201925,15,226.031250,5299.500
1785205396.816201925,15,227.687500,5156.000
1785205396.816201925,15,229.328125,5024.250
1785205396.816201925,15,230.953125,4910.750
1785205396.816201925,15,232.578125,4798.000
1785205396.816201925,15,237.468750,4299.500
1785205396.816201925,15,239.109375,4210.250
1785205396.816201925,15,240.718750,4143.500
1785205396.816201925,15,242.343750,4095.250
1785205396.816201925,15,244.000000,4027.500
1785205396.816201925,15,245.625000,3959.750
1785205396.816201925,15,247.234375,3917.500
1785205396.816201925,15,248.875000,3876.000
1785205396.816201925,15,250.531250,3834.500
1785205396.816201925,15,252.171875,3790.500
1785205396.816201925,15,253.765625,3822.500
1785205396.816201925,15,255.390625,3863.250
1785205396.816201925,13,257.015625,3852.000
1785205396.816201925,15,260.234375,4095.750
1785205396.816201925,15,261.859375,4086.250
1785205396.816201925,15,263.484375,4072.250
1785205396.816201925,15,265.125000,4048.250
1785205396.816201925,15,266.734375,4041.000
1785205396.816201925,15,268.375000,4040.500
1785205396.816201925,15,269.984375,4034.000
1785205396.816201925,15,271.609375,4029.250
1785205396.816201925,15,273.234375,4033.000
1785205396.816201925,15,274.812500,4040.000
1785205396.816201925,15,276.421875,4048.750
1785205396.816201925,15,278.046875,4061.250
1785205396.816201925,15,279.671875,4082.250
1785205396.816201925,15,281.281250,4119.500
1785205396.816201925,15,282.906250,4143.500
1785205396.816201925,15,284.515625,4166.500
1785205396.816201925,15,287.781250,3976.500
1785205396.816201925,15,289.390625,3882.750
1785205396.816201925,15,292.687500,3591.500
1785205396.816201925,15,294.265625,3648.250
1785205396.816201925,15,295.890625,3711.500
1785205396.816201925,15,297.500000,3757.500
1785205396.816201925,15,299.234375,3807.000
1785205396.816201925,15,300.828125,3866.250
1785205396.816201925,15,302.484375,3924.000
1785205396.816201925,15,305.687500,4542.750
1785205396.816201925,15,307.296875,4630.000
1785205396.816201925,15,308.906250,4720.250
1785205396.816201925,15,310.531250,4823.250
1785205396.816201925,15,312.156250,4943.500
1785205396.816201925,15,313.781250,5073.750
1785205396.816201925,15,315.390625,5210.500
1785205396.816201925,15,317.000000,5351.750
1785205396.816201925,15,318.640625,5498.000
1785205396.816201925,15,321.875000,5902.250
1785205396.929894924,15,357.750000,5165.500
1785205396.929894924,15,359.375000,5105.750
1785205396.929894924,13,1.015625,5077.750
1785205396.929894924,12,2.656250,5050.500
1785205396.929894924,10,4.281250,5006.750
1785205396.929894924,12,5.906250,4953.750
1785205396.929894924,11,7.531250,4903.000
1785205396.929894924,15,9.156250,4841.750
1785205396.929894924,15,10.687500,4795.250
1785205396.929894924,15,12.312500,4780.500
1785205396.929894924,13,13.953125,4760.500
1785205396.929894924,15,15.562500,4723.750
1785205396.929894924,11,17.187500,4679.000
1785205396.929894924,9,18.812500,4644.000
1785205396.929894924,7,20.437500,4589.000
1785205396.929894924,15,141.796875,104.250
1785205396.929894924,10,182.546875,10217.250
1785205396.929894924,10,192.328125,7834.250
1785205396.929894924,15,216.718750,6529.500
1785205396.929894924,15,219.984375,5995.500
1785205396.929894924,15,224.875000,5417.500
1785205396.929894924,15,228.156250,5123.750
1785205396.929894924,15,229.781250,5020.750
1785205396.929894924,15,233.031250,4788.250
1785205396.929894924,15,239.562500,4226.250
1785205396.929894924,15,241.171875,4165.250
1785205396.929894924,15,242.828125,4096.250
1785205396.929894924,15,244.437500,4015.500
1785205396.929894924,15,246.093750,3965.000
1785205396.929894924,15,247.718750,3929.000
1785205396.929894924,15,249.343750,3885.250
1785205396.929894924,15,250.968750,3842.250
1785205396.929894924,15,252.562500,3796.500
1785205396.929894924,15,255.812500,3894.500
1785205396.929894924,15,257.421875,3940.500
1785205396.929894924,15,260.656250,4112.000
1785205396.929894924,15,262.281250,4095.750
1785205396.929894924,15,263.906250,4086.750
1785205396.929894924,15,265.531250,4073.250
1785205396.929894924,15,267.156250,4066.250
1785205396.929894924,15,268.781250,4061.750
1785205396.929894924,15,270.421875,4057.250
1785205396.929894924,15,272.015625,4058.250
1785205396.929894924,15,273.640625,4070.250
1785205396.929894924,15,275.218750,4080.750
1785205396.929894924,15,276.828125,4084.750
1785205396.929894924,15,278.453125,4085.250
1785205396.929894924,15,280.078125,4113.000
1785205396.929894924,15,281.703125,4153.000
1785205396.929894924,15,283.328125,4167.000
1785205396.929894924,15,284.937500,4184.500
1785205396.929894924,15,288.187500,3976.500
1785205396.929894924,15,293.093750,3653.000
1785205396.929894924,15,294.687500,3702.750
1785205396.929894924,15,296.296875,3750.000
1785205396.929894924,15,297.921875,3804.250
1785205396.929894924,15,299.656250,3871.250
1785205396.929894924,15,301.281250,3923.250
1785205396.929894924,15,302.890625,3970.250
1785205396.929894924,15,306.078125,4611.500
1785205396.929894924,15,307.718750,4699.000
1785205396.929894924,15,309.328125,4779.000
1785205396.929894924,15,310.953125,4895.250
1785205396.929894924,15,312.578125,5022.500
1785205396.929894924,15,314.187500,5147.000
1785205396.929894924,15,315.796875,5287.250
1785205396.929894924,15,317.437500,5424.000
1785205396.929894924,15,320.671875,5813.750
1785205396.929894924,15,322.375000,5976.000
1785205397.044636965,15,356.515625,5183.500
1785205397.044636965,14,358.140625,5106.750
1785205397.044636965,9,359.765625,5044.250
1785205397.044636965,8,1.390625,4955.250
1785205397.044636965,15,3.015625,4870.500
1785205397.044636965,10,4.656250,4815.000
1785205397.044636965,13,6.281250,4776.250
1785205397.044636965,15,7.906250,4737.500
1785205397.044636965,15,9.515625,4704.250
1785205397.044636965,15,11.125000,4709.000
1785205397.044636965,12,12.765625,4712.250
1785205397.044636965,12,14.375000,4684.250
1785205397.044636965,11,16.000000,4620.750
1785205397.044636965,10,17.625000,4561.250
1785205397.044636965,14,19.265625,4512.750
1785205397.044636965,14,20.890625,4473.000
1785205397.044636965,7,174.796875,10246.750
1785205397.044636965,8,178.046875,10192.000
1785205397.044636965,7,184.500000,10159.500
1785205397.044636965,15,217.031250,6480.750
1785205397.044636965,15,220.281250,6007.500
1785205397.044636965,15,225.187500,5420.250
1785205397.044636965,15,226.812500,5290.750
1785205397.044636965,15,228.421875,5144.000
1785205397.044636965,15,230.046875,5030.750
1785205397.044636965,15,231.687500,4925.750
1785205397.044636965,15,233.312500,4815.250
1785205397.044636965,15,239.843750,4252.750
1785205397.044636965,15,241.468750,4178.750
1785205397.044636965,15,243.078125,4110.750
1785205397.044636965,15,244.718750,4055.250
1785205397.044636965,15,246.343750,3994.250
1785205397.044636965,15,247.968750,3945.500
1785205397.044636965,15,249.562500,3912.500
1785205397.044636965,15,251.203125,3865.500
1785205397.044636965,15,252.828125,3832.000
1785205397.044636965,15,254.437500,3882.750
1785205397.044636965,15,256.062500,3924.250
1785205397.044636965,15,257.671875,3946.500
1785205397.044636965,15,260.890625,4160.500
1785205397.044636965,15,262.515625,4122.750
1785205397.044636965,15,264.140625,4110.500
1785205397.044636965,15,265.765625,4107.250
1785205397.044636965,15,267.375000,4092.250
1785205397.044636965,15,269.015625,4093.250
1785205397.044636965,15,270.609375,4098.750
1785205397.044636965,15,272.250000,4114.000
1785205397.044636965,15,273.859375,4119.000
1785205397.044636965,15,275.437500,4095.250
1785205397.044636965,15,277.046875,4110.500
1785205397.044636965,15,278.687500,4146.750
1785205397.044636965,15,280.296875,4161.750
1785205397.044636965,15,281.921875,4174.500
1785205397.044636965,15,283.531250,4198.250
1785205397.044636965,15,285.156250,4226.500
1785205397.044636965,15,288.406250,3975.500
1785205397.044636965,15,291.671875,3686.750
1785205397.044636965,15,293.296875,3712.250
1785205397.044636965,15,294.906250,3747.500
1785205397.044636965,15,296.500000,3794.500
1785205397.044636965,15,298.140625,3850.750
1785205397.044636965,15,299.828125,3906.500
1785205397.044636965,15,301.468750,3954.500
1785205397.044636965,15,304.656250,4561.500
1785205397.044636965,15,306.281250,4651.750
1785205397.044636965,15,307.906250,4746.250
1785205397.044636965,15,309.515625,4832.750
1785205397.044636965,15,311.125000,4945.750
1785205397.044636965,15,312.734375,5076.250
1785205397.044636965,15,314.359375,5204.500
1785205397.044636965,15,315.984375,5344.750
1785205397.044636965,15,317.593750,5491.250
1785205397.156965017,15,356.656250,5168.500
1785205397.156965017,14,358.281250,5080.000
1785205397.156965017,8,359.906250,5019.250
1785205397.156965017,15,1.531250,4903.250
1785205397.156965017,15,3.171875,4803.000
1785205397.156965017,15,4.796875,4755.000
1785205397.156965017,15,6.421875,4692.500
1785205397.156965017,11,8.046875,4626.500
1785205397.156965017,13,9.671875,4597.500
1785205397.156965017,12,11.281250,4562.000
1785205397.156965017,12,12.921875,4504.750
1785205397.156965017,15,14.546875,4452.500
1785205397.156965017,12,16.156250,4411.750
1785205397.156965017,15,17.796875,4380.750
1785205397.156965017,10,19.421875,4369.500
1785205397.156965017,8,178.156250,10146.500
1785205397.156965017,9,182.968750,10169.000
1785205397.156965017,8,184.578125,10176.000
1785205397.156965017,12,192.718750,7808.500
1785205397.156965017,15,220.437500,6024.250
1785205397.156965017,15,225.343750,5428.500
1785205397.156965017,15,226.906250,5314.500
1785205397.156965017,15,228.546875,5179.500
1785205397.156965017,15,230.156250,5045.750
1785205397.156965017,15,231.796875,4949.000
1785205397.156965017,15,239.953125,4275.500
1785205397.156965017,15,241.562500,4206.750
1785205397.156965017,15,243.203125,4164.000
1785205397.156965017,15,244.812500,4097.500
1785205397.156965017,15,246.437500,4027.500
1785205397.156965017,15,248.062500,3975.500
1785205397.156965017,15,249.687500,3936.750
1785205397.156965017,15,251.343750,3899.500
1785205397.156965017,15,252.953125,3856.250
1785205397.156965017,15,254.578125,3890.750
1785205397.156965017,15,256.203125,3936.250
1785205397.156965017,15,257.812500,3982.750
1785205397.156965017,15,261.031250,4191.500
1785205397.156965017,15,262.671875,4185.500
1785205397.156965017,15,264.296875,4171.250
1785205397.156965017,15,265.906250,4150.500
1785205397.156965017,15,267.531250,4123.750
1785205397.156965017,15,269.156250,4113.000
1785205397.156965017,15,270.781250,4129.750
1785205397.156965017,15,272.375000,4142.250
1785205397.156965017,15,274.015625,4133.000
1785205397.156965017,15,275.609375,4148.000
1785205397.156965017,15,277.250000,4174.500
1785205397.156965017,15,278.875000,4184.250
1785205397.156965017,15,280.500000,4193.750
1785205397.156965017,15,282.093750,4212.500
1785205397.156965017,15,283.734375,4232.500
1785205397.156965017,15,285.343750,4211.000
1785205397.156965017,15,288.609375,3984.000
1785205397.156965017,15,291.875000,3698.500
1785205397.156965017,15,293.500000,3747.750
1785205397.156965017,15,295.093750,3790.000
1785205397.156965017,15,296.703125,3838.000
1785205397.156965017,15,298.421875,3900.000
1785205397.156965017,15,300.031250,3940.500
1785205397.156965017,15,301.640625,3991.000
1785205397.156965017,15,304.843750,4621.750
1785205397.156965017,15,306.484375,4703.750
1785205397.156965017,15,308.109375,4783.750
1785205397.156965017,15,309.718750,4903.250
1785205397.156965017,15,311.343750,5019.750
1785205397.156965017,15,312.953125,5120.750
1785205397.156965017,15,314.562500,5259.500
1785205397.156965017,15,316.187500,5398.500
1785205397.156965017,15,321.046875,5949.500
1785205397.156965017,15,324.328125,6407.000
1785205397.270979166,15,356.859375,5131.250
1785205397.270979166,15,358.484375,5071.750
1785205397.270979166,7,0.109375,5000.000
1785205397.270979166,13,1.718750,4897.750
1785205397.270979166,15,3.375000,4806.500
1785205397.270979166,15,4.984375,4763.250
1785205397.270979166,15,6.609375,4715.250
1785205397.270979166,15,8.250000,4678.250
1785205397.270979166,12,9.875000,4650.500
1785205397.270979166,9,11.531250,4618.500
1785205397.270979166,15,13.156250,4569.750
1785205397.270979166,11,14.796875,4504.750
1785205397.270979166,13,16.421875,4463.250
1785205397.270979166,13,18.031250,4435.750
1785205397.270979166,14,19.656250,4425.750
1785205397.270979166,15,165.421875,10102.000
1785205397.270979166,7,178.421875,10143.250
1785205397.270979166,7,180.046875,10169.000
1785205397.270979166,15,217.421875,6528.500
1785205397.270979166,15,220.687500,6018.750
1785205397.270979166,15,225.578125,5457.500
1785205397.270979166,15,227.156250,5318.000
1785205397.270979166,15,228.781250,5183.250
1785205397.270979166,15,230.421875,5069.250
1785205397.270979166,15,232.031250,4953.750
1785205397.270979166,15,240.156250,4308.500
1785205397.270979166,15,241.812500,4220.250
1785205397.270979166,15,243.437500,4167.000
1785205397.270979166,15,245.031250,4116.750
1785205397.270979166,15,246.671875,4052.000
1785205397.270979166,15,248.296875,3986.500
1785205397.270979166,15,249.906250,3944.750
1785205397.270979166,15,251.609375,3919.250
1785205397.270979166,15,253.250000,3891.750
1785205397.270979166,15,254.875000,3933.250
1785205397.270979166,15,256.500000,3962.250
1785205397.270979166,15,259.734375,4159.750
1785205397.270979166,15,261.328125,4217.250
1785205397.270979166,15,262.953125,4200.000
1785205397.270979166,15,264.609375,4182.750
1785205397.270979166,15,266.218750,4173.250
1785205397.270979166,15,267.828125,4174.500
1785205397.270979166,15,269.468750,4179.750
1785205397.270979166,15,271.078125,4166.000
1785205397.270979166,15,272.703125,4168.250
1785205397.270979166,15,274.328125,4178.750
1785205397.270979166,15,275.906250,4192.500
1785205397.270979166,15,277.546875,4215.750
1785205397.270979166,15,279.171875,4216.750
1785205397.270979166,15,280.765625,4225.500
1785205397.270979166,15,282.390625,4257.000
1785205397.270979166,15,284.015625,4279.500
1785205397.270979166,15,287.281250,4077.000
1785205397.270979166,15,292.171875,3741.500
1785205397.270979166,15,293.796875,3781.250
1785205397.270979166,15,295.406250,3831.750
1785205397.270979166,15,297.000000,3885.750
1785205397.270979166,15,298.671875,3931.750
1785205397.270979166,15,300.312500,3985.750
1785205397.270979166,15,301.921875,4064.500
1785205397.270979166,15,305.093750,4680.000
1785205397.270979166,15,306.718750,4758.000
1785205397.270979166,15,308.359375,4840.750
1785205397.270979166,15,309.968750,4957.750
1785205397.270979166,15,311.578125,5080.500
1785205397.270979166,15,313.203125,5190.000
1785205397.270979166,15,314.812500,5327.250
1785205397.270979166,15,316.421875,5468.500
1785205397.270979166,15,319.671875,5841.250
1785205397.270979166,15,324.562500,6545.750
1785205397.385310888,15,355.500000,5178.000
1785205397.385310888,15,357.125000,5104.250
1785205397.385310888,15,358.750000,5053.500
1785205397.385310888,8,0.359375,4965.000
1785205397.385310888,11,1.984375,4877.750
1785205397.385310888,15,3.640625,4826.250
1785205397.385310888,15,5.234375,4780.000
1785205397.385310888,15,6.875000,4732.000
1785205397.385310888,15,8.500000,4696.250
1785205397.385310888,12,10.109375,4677.000
1785205397.385310888,12,11.750000,4633.750
1785205397.385310888,15,13.375000,4565.250
1785205397.385310888,13,14.984375,4491.000
1785205397.385310888,15,16.625000,4446.000
1785205397.385310888,15,18.250000,4424.000
1785205397.385310888,11,19.859375,4394.000
1785205397.385310888,15,217.593750,6547.000
1785205397.385310888,15,222.468750,5862.750
1785205397.385310888,15,225.718750,5482.750
1785205397.385310888,15,227.343750,5345.500
1785205397.385310888,15,228.968750,5219.500
1785205397.385310888,15,230.593750,5095.250
1785205397.385310888,15,232.203125,4975.250
1785205397.385310888,15,240.328125,4338.500
1785205397.385310888,15,241.984375,4254.000
1785205397.385310888,15,243.578125,4191.750
1785205397.385310888,15,245.203125,4134.750
1785205397.385310888,15,246.843750,4071.250
1785205397.385310888,15,248.453125,4014.750
1785205397.385310888,15,250.078125,3964.000
1785205397.385310888,15,251.765625,3934.500
1785205397.385310888,15,253.406250,3912.750
1785205397.385310888,15,255.015625,3956.750
1785205397.385310888,15,256.640625,3996.250
1785205397.385310888,15,259.875000,4213.250
1785205397.385310888,15,261.468750,4247.750
1785205397.385310888,15,263.125000,4233.000
1785205397.385310888,15,264.734375,4229.750
1785205397.385310888,15,266.359375,4218.000
1785205397.385310888,15,267.984375,4205.000
1785205397.385310888,15,269.609375,4199.750
1785205397.385310888,15,271.250000,4197.500
1785205397.385310888,15,272.843750,4203.500
1785205397.385310888,15,274.437500,4209.250
1785205397.385310888,15,276.046875,4210.500
1785205397.385310888,15,277.671875,4233.000
1785205397.385310888,15,279.281250,4253.000
1785205397.385310888,15,280.921875,4267.750
1785205397.385310888,15,282.531250,4290.500
1785205397.385310888,15,284.140625,4314.000
1785205397.385310888,15,287.390625,4107.500
1785205397.385310888,15,290.671875,3802.500
1785205397.385310888,15,292.281250,3776.750
1785205397.385310888,15,293.921875,3817.750
1785205397.385310888,15,295.515625,3865.250
1785205397.385310888,15,297.140625,3920.750
1785205397.385310888,15,298.828125,3961.500
1785205397.385310888,15,300.421875,4021.750
1785205397.385310888,15,303.640625,4639.500
1785205397.385310888,15,305.250000,4719.000
1785205397.385310888,15,306.859375,4800.000
1785205397.385310888,15,308.484375,4913.000
1785205397.385310888,15,310.109375,5017.000
1785205397.385310888,15,311.734375,5127.000
1785205397.385310888,15,313.343750,5247.000
1785205397.385310888,15,314.953125,5384.250
1785205397.385310888,15,318.171875,5731.500
1785205397.385310888,15,319.796875,5907.250
1785205397.497077942,15,355.703125,5141.750
1785205397.497077942,14,357.343750,5105.000
1785205397.497077942,12,358.968750,5046.250
1785205397.497077942,10,0.593750,4952.000
1785205397.497077942,15,2.234375,4874.000
1785205397.497077942,15,3.843750,4820.500
1785205397.497077942,15,5.484375,4765.000
1785205397.497077942,15,7.125000,4705.750
1785205397.497077942,15,8.734375,4688.750
1785205397.497077942,13,10.390625,4673.750
1785205397.497077942,14,11.921875,4622.000
1785205397.497077942,11,13.531250,4549.250
1785205397.497077942,12,15.171875,4479.750
1785205397.497077942,15,16.796875,4458.000
1785205397.497077942,14,18.406250,4435.750
1785205397.497077942,11,20.031250,4398.250
1785205397.497077942,15,141.187500,100.000
1785205397.497077942,7,174.000000,10118.500
1785205397.497077942,7,175.640625,10131.250
1785205397.497077942,15,217.750000,6545.250
1785205397.497077942,15,222.625000,5862.500
1785205397.497077942,15,227.531250,5363.750
1785205397.497077942,15,229.171875,5240.250
1785205397.497077942,15,230.781250,5104.250
1785205397.497077942,15,232.406250,4988.000
1785205397.497077942,15,240.546875,4355.250
1785205397.497077942,15,242.187500,4271.000
1785205397.497077942,15,243.796875,4209.500
1785205397.497077942,15,245.437500,4157.500
1785205397.497077942,15,247.046875,4098.000
1785205397.497077942,15,248.687500,4040.250
1785205397.497077942,15,250.296875,3997.250
1785205397.497077942,15,251.968750,3963.250
1785205397.497077942,15,253.578125,3960.750
1785205397.497077942,15,255.218750,4008.000
1785205397.497077942,15,256.828125,4032.500
1785205397.497077942,15,260.062500,4269.000
1785205397.497077942,15,261.703125,4276.750
1785205397.497077942,15,263.328125,4255.750
1785205397.497077942,15,264.921875,4253.500
1785205397.497077942,15,266.578125,4246.000
1785205397.497077942,15,268.187500,4237.250
1785205397.497077942,15,269.796875,4239.500
1785205397.497077942,15,271.421875,4245.500
1785205397.497077942,15,273.031250,4248.250
1785205397.497077942,15,274.609375,4253.000
1785205397.497077942,15,276.218750,4253.000
1785205397.497077942,15,277.843750,4259.000
1785205397.497077942,15,279.453125,4272.250
1785205397.497077942,15,281.062500,4298.500
1785205397.497077942,15,282.703125,4323.500
1785205397.497077942,15,284.296875,4349.750
1785205397.497077942,15,287.546875,4083.250
1785205397.497077942,15,290.828125,3790.750
1785205397.497077942,15,292.437500,3819.500
1785205397.497077942,15,294.046875,3866.500
1785205397.497077942,15,295.671875,3908.750
1785205397.497077942,15,297.296875,3953.250
1785205397.497077942,15,298.968750,4009.750
1785205397.497077942,15,300.593750,4083.500
1785205397.497077942,15,303.781250,4688.250
1785205397.497077942,15,305.421875,4740.250
1785205397.497077942,15,307.015625,4835.500
1785205397.497077942,15,308.656250,4955.000
1785205397.497077942,15,310.265625,5063.750
1785205397.497077942,15,311.875000,5182.500
1785205397.497077942,15,313.484375,5305.500
1785205397.497077942,15,315.109375,5437.250
1785205397.497077942,15,319.968750,5982.750
1785205397.611346006,15,355.906250,5146.000
1785205397.611346006,15,357.546875,5109.000
1785205397.611346006,13,359.156250,5087.000
1785205397.611346006,11,0.796875,5047.500
1785205397.611346006,11,2.437500,4975.750
1785205397.611346006,12,4.062500,4909.500
1785205397.611346006,15,5.687500,4854.000
1785205397.611346006,15,7.328125,4801.500
1785205397.611346006,15,8.953125,4768.000
1785205397.611346006,15,10.500000,4751.000
1785205397.611346006,15,12.125000,4734.000
1785205397.611346006,13,13.750000,4699.750
1785205397.611346006,9,15.390625,4647.500
1785205397.611346006,12,17.000000,4587.500
1785205397.611346006,14,18.656250,4529.500
1785205397.611346006,9,20.265625,4472.000
1785205397.611346006,15,218.250000,6511.000
1785205397.611346006,15,226.406250,5485.750
1785205397.611346006,15,228.031250,5341.000
1785205397.611346006,15,229.640625,5213.500
1785205397.611346006,15,231.265625,5096.000
1785205397.611346006,7,232.890625,5022.000
1785205397.611346006,15,241.156250,3391.250
1785205397.611346006,15,244.296875,4224.500
1785205397.611346006,15,245.937500,4170.750
1785205397.611346006,15,247.562500,4124.250
1785205397.611346006,15,249.187500,4068.750
1785205397.611346006,15,250.812500,4007.500
1785205397.611346006,15,252.437500,3969.250
1785205397.611346006,15,254.046875,4009.500
1785205397.611346006,15,255.671875,4056.250
1785205397.611346006,15,257.281250,4078.750
1785205397.611346006,15,260.500000,4316.750
1785205397.611346006,15,262.140625,4279.000
1785205397.611346006,15,263.765625,4262.250
1785205397.611346006,15,265.375000,4271.750
1785205397.611346006,15,267.000000,4268.500
1785205397.611346006,15,268.640625,4255.250
1785205397.611346006,15,270.250000,4259.500
1785205397.611346006,15,271.859375,4261.750
1785205397.611346006,15,273.500000,4247.500
1785205397.611346006,15,275.078125,4253.000
1785205397.611346006,15,276.671875,4279.000
1785205397.611346006,15,278.296875,4300.500
1785205397.611346006,15,279.921875,4311.750
1785205397.611346006,15,281.531250,4329.750
1785205397.611346006,15,283.140625,4362.250
1785205397.611346006,15,286.406250,4179.000
1785205397.611346006,15,288.062500,4069.500
1785205397.611346006,15,291.296875,3810.750
1785205397.611346006,15,292.906250,3861.250
1785205397.611346006,15,294.515625,3904.250
1785205397.611346006,15,296.156250,3941.000
1785205397.611346006,15,297.750000,4001.000
1785205397.611346006,15,299.484375,4073.250
1785205397.611346006,15,301.078125,4134.500
1785205397.611346006,15,304.296875,4737.500
1785205397.611346006,15,305.921875,4811.250
1785205397.611346006,15,307.531250,4924.250
1785205397.611346006,15,309.171875,5035.500
1785205397.611346006,15,310.781250,5151.750
1785205397.611346006,15,312.390625,5277.250
1785205397.611346006,15,314.015625,5396.750
1785205397.611346006,15,318.875000,5938.750
1785205397.611346006,15,320.484375,6114.500
1785205397.725738049,14,354.765625,5183.750
1785205397.725738049,15,356.375000,5118.750
1785205397.725738049,13,358.015625,5077.000
1785205397.725738049,11,359.640625,5032.750
1785205397.725738049,10,1.281250,4946.500
1785205397.725738049,15,2.906250,4865.500
1785205397.725738049,14,4.546875,4814.500
1785205397.725738049,15,6.171875,4748.500
1785205397.725738049,15,7.812500,4711.750
1785205397.725738049,15,9.421875,4709.250
1785205397.725738049,15,11.015625,4712.250
1785205397.725738049,12,12.656250,4684.000
1785205397.725738049,9,14.281250,4652.500
1785205397.725738049,13,15.921875,4621.250
1785205397.725738049,10,17.546875,4593.500
1785205397.725738049,8,19.171875,4591.000
1785205397.725738049,8,20.796875,4527.000
1785205397.725738049,15,218.812500,6494.750
1785205397.725738049,15,222.078125,5984.000
1785205397.725738049,15,226.968750,5466.750
1785205397.725738049,15,228.593750,5331.250
1785205397.725738049,15,230.234375,5200.000
1785205397.725738049,15,231.859375,5092.250
1785205397.725738049,15,233.484375,4996.500
1785205397.725738049,11,240.015625,4435.250
1785205397.725738049,15,241.656250,4371.500
1785205397.725738049,15,243.296875,4284.500
1785205397.725738049,15,244.890625,4218.250
1785205397.725738049,15,246.546875,4168.750
1785205397.725738049,15,248.156250,4119.250
1785205397.725738049,15,249.781250,4071.750
1785205397.725738049,15,251.375000,4022.750
1785205397.725738049,15,253.000000,3978.250
1785205397.725738049,15,254.609375,4033.250
1785205397.725738049,15,256.234375,4084.750
1785205397.725738049,15,257.859375,4116.500
1785205397.725738049,15,261.078125,4328.500
1785205397.725738049,15,262.687500,4318.500
1785205397.725738049,15,264.328125,4306.000
1785205397.725738049,15,265.937500,4286.000
1785205397.725738049,15,267.562500,4281.000
1785205397.725738049,15,269.187500,4285.000
1785205397.725738049,15,270.812500,4281.500
1785205397.725738049,15,272.437500,4286.000
1785205397.725738049,15,274.046875,4294.250
1785205397.725738049,15,275.625000,4310.000
1785205397.725738049,15,277.250000,4325.000
1785205397.725738049,15,278.875000,4321.750
1785205397.725738049,15,280.468750,4332.500
1785205397.725738049,15,282.078125,4380.250
1785205397.725738049,15,283.703125,4409.750
1785205397.725738049,15,285.343750,4358.250
1785205397.725738049,15,290.234375,3859.000
1785205397.725738049,15,291.859375,3867.500
1785205397.725738049,15,293.437500,3916.000
1785205397.725738049,15,295.078125,3951.750
1785205397.725738049,15,296.687500,3996.000
1785205397.725738049,15,298.437500,4068.500
1785205397.725738049,15,300.078125,4133.500
1785205397.725738049,15,303.281250,4723.000
1785205397.725738049,15,304.890625,4805.000
1785205397.725738049,15,306.515625,4920.500
1785205397.725738049,15,308.125000,5020.750
1785205397.725738049,15,309.765625,5114.750
1785205397.725738049,15,311.390625,5238.750
1785205397.725738049,15,313.015625,5370.250
1785205397.725738049,15,314.640625,5491.000
1785205397.725738049,15,317.859375,5849.500
1785205397.725738049,15,322.734375,6509.000
1785205397.838202000,15,353.718750,5205.500
1785205397.838202000,15,355.359375,5126.250
1785205397.838202000,15,356.953125,5102.000
1785205397.838202000,15,358.609375,5073.750
1785205397.838202000,14,0.234375,5052.750
1785205397.838202000,9,1.859375,5005.250
1785205397.838202000,9,3.484375,4954.500
1785205397.838202000,9,5.125000,4916.750
1785205397.838202000,13,6.750000,4865.500
1785205397.838202000,15,8.375000,4821.250
1785205397.838202000,15,10.000000,4800.000
1785205397.838202000,15,11.546875,4773.000
1785205397.838202000,15,13.171875,4743.500
1785205397.838202000,15,14.781250,4717.750
1785205397.838202000,13,16.406250,4703.000
1785205397.838202000,12,18.031250,4689.000
1785205397.838202000,8,178.671875,10134.500
1785205397.838202000,9,193.328125,7921.250
1785205397.838202000,15,222.625000,5964.000
1785205397.838202000,15,225.906250,5571.750
1785205397.838202000,15,227.531250,5440.250
1785205397.838202000,15,230.796875,5170.500
1785205397.838202000,15,232.437500,5084.500
1785205397.838202000,15,234.046875,4995.000
1785205397.838202000,15,238.937500,4504.000
1785205397.838202000,15,240.578125,4431.250
1785205397.838202000,15,242.218750,4370.500
1785205397.838202000,15,243.828125,4301.250
1785205397.838202000,15,245.453125,4236.000
1785205397.838202000,15,247.093750,4178.750
1785205397.838202000,15,248.703125,4150.500
1785205397.838202000,15,250.343750,4107.750
1785205397.838202000,15,251.953125,4043.500
1785205397.838202000,15,253.578125,4028.250
1785205397.838202000,15,255.187500,4074.000
1785205397.838202000,15,256.796875,4091.750
1785205397.838202000,15,260.031250,4339.750
1785205397.838202000,15,261.656250,4366.750
1785205397.838202000,15,263.296875,4349.000
1785205397.838202000,15,264.921875,4330.250
1785205397.838202000,15,266.546875,4328.000
1785205397.838202000,15,268.156250,4321.250
1785205397.838202000,15,269.781250,4306.000
1785205397.838202000,15,271.406250,4301.000
1785205397.838202000,15,273.031250,4303.250
1785205397.838202000,15,274.625000,4315.500
1785205397.838202000,15,276.234375,4330.250
1785205397.838202000,15,277.875000,4348.500
1785205397.838202000,15,279.484375,4367.250
1785205397.838202000,15,281.093750,4398.250
1785205397.838202000,15,282.718750,4421.000
1785205397.838202000,15,284.343750,4378.750
1785205397.838202000,15,287.593750,4129.750
1785205397.838202000,15,290.875000,3873.000
1785205397.838202000,15,292.468750,3915.250
1785205397.838202000,15,294.109375,3956.500
1785205397.838202000,15,295.703125,4006.750
1785205397.838202000,15,297.328125,4082.000
1785205397.838202000,15,299.046875,4148.500
1785205397.838202000,15,302.250000,4705.000
1785205397.838202000,15,303.875000,4779.000
1785205397.838202000,15,305.515625,4871.500
1785205397.838202000,15,307.140625,4975.250
1785205397.838202000,15,308.750000,5079.500
1785205397.838202000,15,310.359375,5194.250
1785205397.838202000,15,311.984375,5321.250
1785205397.838202000,15,313.625000,5440.500
1785205397.838202000,15,316.859375,5807.250
1785205397.838202000,15,318.468750,5969.500
1785205397.838202000,12,346.171875,5379.750
1785205397.838202000,13,347.843750,5337.500
1785205397.838202000,12,349.484375,5243.500
1785205397.952826023,13,351.109375,5147.750
1785205397.952826023,15,352.750000,5097.000
1785205397.952826023,14,354.375000,5057.500
1785205397.952826023,11,355.984375,4990.250
1785205397.952826023,14,357.640625,4901.000
1785205397.952826023,15,359.265625,4824.750
1785205397.952826023,14,0.890625,4780.000
1785205397.952826023,15,2.515625,4765.500
1785205397.952826023,13,4.140625,4711.500
1785205397.952826023,15,5.796875,4656.500
1785205397.952826023,15,7.437500,4663.000
1785205397.952826023,15,9.046875,4665.000
1785205397.952826023,13,10.671875,4627.250
1785205397.952826023,10,12.296875,4574.500
1785205397.952826023,13,13.921875,4535.500
1785205397.952826023,10,15.562500,4512.500
1785205397.952826023,13,17.187500,4477.250
1785205397.952826023,10,18.812500,4448.750
1785205397.952826023,15,164.796875,10182.000
1785205397.952826023,15,166.421875,10153.000
1785205397.952826023,15,168.062500,10080.000
1785205397.952826023,9,171.312500,10141.750
1785205397.952826023,8,179.421875,10230.500
1785205397.952826023,10,181.046875,10202.000
1785205397.952826023,7,184.296875,10267.500
1785205397.952826023,15,194.109375,7803.750
1785205397.952826023,15,223.375000,5902.500
1785205397.952826023,15,224.984375,5730.500
1785205397.952826023,15,226.609375,5559.250
1785205397.952826023,15,228.234375,5424.750
1785205397.952826023,15,231.484375,5161.250
1785205397.952826023,15,233.125000,5061.250
1785205397.952826023,15,241.250000,4445.000
1785205397.952826023,15,242.875000,4378.750
1785205397.952826023,15,244.515625,4303.000
1785205397.952826023,15,246.156250,4227.750
1785205397.952826023,15,247.781250,4189.500
1785205397.952826023,15,249.390625,4155.250
1785205397.952826023,15,251.046875,4101.500
1785205397.952826023,15,252.687500,4056.000
1785205397.952826023,15,255.906250,4160.500
1785205397.952826023,15,257.546875,4189.750
1785205397.952826023,15,260.781250,4411.500
1785205397.952826023,15,262.390625,4398.250
1785205397.952826023,15,264.031250,4358.750
1785205397.952826023,15,265.640625,4355.250
1785205397.952826023,15,267.281250,4360.000
1785205397.952826023,15,268.921875,4346.750
1785205397.952826023,15,270.531250,4361.500
1785205397.952826023,15,272.171875,4361.500
1785205397.952826023,15,273.765625,4352.500
1785205397.952826023,15,275.390625,4369.250
1785205397.952826023,15,277.031250,4384.250
1785205397.952826023,15,278.640625,4388.750
1785205397.952826023,15,280.265625,4404.750
1785205397.952826023,15,281.906250,4438.750
1785205397.952826023,15,283.531250,4464.500
1785205397.952826023,15,286.812500,4216.000
1785205397.952826023,15,290.078125,3895.000
1785205397.952826023,15,291.687500,3920.750
1785205397.952826023,15,293.312500,3966.000
1785205397.952826023,15,294.937500,4014.250
1785205397.952826023,15,296.546875,4060.250
1785205397.952826023,15,298.187500,4120.000
1785205397.952826023,15,299.859375,4190.250
1785205397.952826023,15,303.046875,4767.000
1785205397.952826023,15,304.687500,4848.750
1785205397.952826023,15,306.281250,4961.250
1785205397.952826023,15,307.921875,5073.250
1785205397.952826023,15,309.531250,5178.000
1785205397.952826023,15,311.171875,5297.500
1785205397.952826023,15,312.781250,5429.750
1785205397.952826023,15,314.390625,5581.750
1785205397.952826023,15,317.640625,5935.000
1785205398.066382170,14,355.062500,5145.500
1785205398.066382170,15,356.687500,5108.000
1785205398.066382170,13,358.312500,5077.000
1785205398.066382170,11,359.937500,5018.500
1785205398.066382170,12,1.578125,4928.250
1785205398.066382170,14,3.203125,4849.000
1785205398.066382170,15,4.828125,4779.750
1785205398.066382170,15,6.468750,4739.000
1785205398.066382170,15,8.093750,4727.750
1785205398.066382170,10,9.718750,4691.000
1785205398.066382170,14,11.375000,4597.500
1785205398.066382170,9,12.984375,4504.250
1785205398.066382170,11,14.625000,4452.250
1785205398.066382170,13,16.250000,4412.500
1785205398.066382170,10,17.875000,4383.500
1785205398.066382170,15,142.203125,105.750
1785205398.066382170,15,165.468750,10186.000
1785205398.066382170,8,176.843750,10150.500
1785205398.066382170,15,219.156250,6530.250
1785205398.066382170,15,224.046875,5881.500
1785205398.066382170,15,228.890625,5395.500
1785205398.066382170,15,230.515625,5265.500
1785205398.066382170,15,232.140625,5143.750
1785205398.066382170,15,237.046875,4663.500
1785205398.066382170,15,238.656250,4569.750
1785205398.066382170,15,245.171875,4305.500
1785205398.066382170,15,246.796875,4255.500
1785205398.066382170,15,248.421875,4193.000
1785205398.066382170,15,250.046875,4151.000
1785205398.066382170,15,251.718750,4122.000
1785205398.066382170,15,253.328125,4081.750
1785205398.066382170,15,256.546875,4176.750
1785205398.066382170,15,259.781250,4382.500
1785205398.066382170,15,261.406250,4427.000
1785205398.066382170,15,263.031250,4404.000
1785205398.066382170,15,264.656250,4384.750
1785205398.066382170,15,266.281250,4379.500
1785205398.066382170,15,267.906250,4381.250
1785205398.066382170,15,269.531250,4380.500
1785205398.066382170,15,271.156250,4365.750
1785205398.066382170,15,272.781250,4364.000
1785205398.066382170,15,274.390625,4385.750
1785205398.066382170,15,276.015625,4394.500
1785205398.066382170,15,277.625000,4410.500
1785205398.066382170,15,279.234375,4428.250
1785205398.066382170,15,280.859375,4453.250
1785205398.066382170,15,282.484375,4485.750
1785205398.066382170,15,285.781250,4272.750
1785205398.066382170,15,290.656250,3934.500
1785205398.066382170,15,292.281250,3965.750
1785205398.066382170,15,293.906250,4014.250
1785205398.066382170,15,295.515625,4083.750
1785205398.066382170,15,297.093750,4143.750
1785205398.066382170,15,298.781250,4191.000
1785205398.066382170,15,302.000000,4762.750
1785205398.066382170,15,303.640625,4852.250
1785205398.066382170,15,305.234375,4949.750
1785205398.066382170,15,306.859375,5030.750
1785205398.066382170,15,308.484375,5137.250
1785205398.066382170,15,310.109375,5275.000
1785205398.066382170,15,311.734375,5398.250
1785205398.066382170,15,313.343750,5531.250
1785205398.066382170,15,314.968750,5699.000
1785205398.066382170,15,316.578125,5873.500
1785205398.066382170,15,318.203125,6051.000
1785205398.066382170,15,321.421875,6476.750
1785205398.178557873,14,352.453125,5203.000
1785205398.178557873,15,354.078125,5149.250
1785205398.178557873,15,355.734375,5118.500
1785205398.178557873,13,357.359375,5096.000
1785205398.178557873,9,358.968750,5040.000
1785205398.178557873,11,0.609375,4948.250
1785205398.178557873,15,2.250000,4870.500
1785205398.178557873,13,3.859375,4816.000
1785205398.178557873,15,5.500000,4762.250
1785205398.178557873,15,7.140625,4709.000
1785205398.178557873,12,8.765625,4690.750
1785205398.178557873,11,10.343750,4670.500
1785205398.178557873,12,11.968750,4583.000
1785205398.178557873,12,13.593750,4509.000
1785205398.178557873,15,15.218750,4474.750
1785205398.178557873,15,16.843750,4434.500
1785205398.178557873,8,18.453125,4403.500
1785205398.178557873,15,165.984375,10170.750
1785205398.178557873,15,193.640625,7909.250
1785205398.178557873,15,219.640625,6470.750
1785205398.178557873,15,222.906250,6023.500
1785205398.178557873,15,224.515625,5863.500
1785205398.178557873,15,226.171875,5706.000
1785205398.178557873,15,229.406250,5385.500
1785205398.178557873,15,231.015625,5268.750
1785205398.178557873,15,232.640625,5148.250
1785205398.178557873,15,234.265625,5050.000
1785205398.178557873,15,237.531250,4683.750
1785205398.178557873,15,239.156250,4596.750
1785205398.178557873,15,240.781250,4504.500
1785205398.178557873,15,242.421875,4443.500
1785205398.178557873,15,244.046875,4391.750
1785205398.178557873,15,245.656250,4319.250
1785205398.178557873,15,247.296875,4253.250
1785205398.178557873,15,248.921875,4217.250
1785205398.178557873,15,250.578125,4178.750
1785205398.178557873,15,252.203125,4124.250
1785205398.178557873,15,253.828125,4108.750
1785205398.178557873,15,255.437500,4156.000
1785205398.178557873,15,257.062500,4188.750
1785205398.178557873,15,260.281250,4469.250
1785205398.178557873,15,261.921875,4451.250
1785205398.178557873,15,263.531250,4425.750
1785205398.178557873,15,265.156250,4406.250
1785205398.178557873,15,266.796875,4411.500
1785205398.178557873,15,268.406250,4421.500
1785205398.178557873,15,270.015625,4427.500
1785205398.178557873,15,271.656250,4425.250
1785205398.178557873,15,273.281250,4418.000
1785205398.178557873,15,274.843750,4428.250
1785205398.178557873,15,276.468750,4439.500
1785205398.178557873,15,278.093750,4446.500
1785205398.178557873,15,279.703125,4461.500
1785205398.178557873,15,281.328125,4478.000
1785205398.178557873,15,282.937500,4493.750
1785205398.178557873,15,286.203125,4298.500
1785205398.178557873,15,289.484375,3973.500
1785205398.178557873,15,291.078125,3963.000
1785205398.178557873,15,292.687500,4010.250
1785205398.178557873,15,294.328125,4072.750
1785205398.178557873,15,295.921875,4133.750
1785205398.178557873,15,297.562500,4188.250
1785205398.178557873,15,299.265625,4227.500
1785205398.178557873,15,302.468750,4801.000
1785205398.178557873,15,304.093750,4907.500
1785205398.178557873,15,305.703125,5017.500
1785205398.178557873,15,307.328125,5110.000
1785205398.178557873,15,308.953125,5224.000
1785205398.178557873,15,310.578125,5343.250
1785205398.178557873,15,312.171875,5460.000
1785205398.178557873,15,315.437500,5803.000
1785205398.178557873,15,317.031250,5949.250
1785205398.178557873,15,320.265625,6391.500
1785205398.292879105,12,351.359375,5237.750
1785205398.292879105,15,353.000000,5146.000
1785205398.292879105,14,354.640625,5128.000
1785205398.292879105,14,356.265625,5111.000
1785205398.292879105,14,357.890625,5075.000
1785205398.292879105,12,359.531250,5038.250
1785205398.292879105,14,1.171875,4985.500
1785205398.292879105,12,2.812500,4954.500
1785205398.292879105,10,4.437500,4947.000
1785205398.292879105,9,6.062500,4916.250
1785205398.292879105,10,7.703125,4887.500
1785205398.292879105,15,9.343750,4856.750
1785205398.292879105,15,10.828125,4807.000
1785205398.292879105,15,12.453125,4767.250
1785205398.292879105,15,14.078125,4747.750
1785205398.292879105,12,15.703125,4745.750
1785205398.292879105,14,17.328125,4746.000
1785205398.292879105,10,18.937500,4729.250
1785205398.292879105,8,20.578125,4684.250
1785205398.292879105,15,219.984375,6465.750
1785205398.292879105,15,223.250000,5987.000
1785205398.292879105,15,224.875000,5841.250
1785205398.292879105,15,226.531250,5668.500
1785205398.292879105,15,228.156250,5503.750
1785205398.292879105,15,229.781250,5373.750
1785205398.292879105,15,231.421875,5251.500
1785205398.292879105,15,233.031250,5128.500
1785205398.292879105,15,234.656250,5044.500
1785205398.292879105,15,237.937500,4683.750
1785205398.292879105,15,239.546875,4587.000
1785205398.292879105,15,241.187500,4495.750
1785205398.292879105,15,242.812500,4440.500
1785205398.292879105,15,244.421875,4401.750
1785205398.292879105,15,246.046875,4338.000
1785205398.292879105,15,247.687500,4264.250
1785205398.292879105,15,249.312500,4223.250
1785205398.292879105,15,250.937500,4192.000
1785205398.292879105,15,252.593750,4148.500
1785205398.292879105,15,254.187500,4161.500
1785205398.292879105,15,255.828125,4204.500
1785205398.292879105,15,257.437500,4269.500
1785205398.292879105,15,260.687500,4477.250
1785205398.292879105,15,262.296875,4459.750
1785205398.292879105,15,263.921875,4456.750
1785205398.292879105,15,265.531250,4457.250
1785205398.292879105,15,267.171875,4449.000
1785205398.292879105,15,268.796875,4439.250
1785205398.292879105,15,270.406250,4446.000
1785205398.292879105,15,272.046875,4438.750
1785205398.292879105,15,273.671875,4434.500
1785205398.292879105,15,275.203125,4465.250
1785205398.292879105,15,276.828125,4480.250
1785205398.292879105,15,278.453125,4478.500
1785205398.292879105,15,280.046875,4488.250
1785205398.292879105,15,281.703125,4509.500
1785205398.292879105,15,283.296875,4550.750
1785205398.292879105,15,286.562500,4263.500
1785205398.292879105,15,289.812500,3961.750
1785205398.292879105,15,291.406250,4014.500
1785205398.292879105,15,293.046875,4072.250
1785205398.292879105,15,294.640625,4120.750
1785205398.292879105,15,296.281250,4169.250
1785205398.292879105,15,297.875000,4220.750
1785205398.292879105,15,302.796875,4896.750
1785205398.292879105,15,304.437500,4984.250
1785205398.292879105,15,306.062500,5075.500
1785205398.292879105,15,307.671875,5161.000
1785205398.292879105,15,309.281250,5278.000
1785205398.292879105,15,310.890625,5408.250
1785205398.292879105,15,312.531250,5539.000
1785205398.292879105,15,314.156250,5695.500
1785205398.292879105,15,315.765625,5862.750
1785205398.292879105,15,317.375000,6015.000
1785205398.292879105,15,320.609375,6503.750
1785205398.407187939,15,353.250000,5198.000
1785205398.407187939,15,354.875000,5159.250
1785205398.407187939,15,356.500000,5143.750
1785205398.407187939,15,358.140625,5108.500
1785205398.407187939,13,359.750000,5076.500
1785205398.407187939,15,1.390625,5062.750
1785205398.407187939,11,3.000000,5055.000
1785205398.407187939,13,4.625000,5063.000
1785205398.407187939,12,6.265625,5039.000
1785205398.407187939,12,7.906250,4981.000
1785205398.407187939,15,9.531250,4917.750
1785205398.407187939,15,11.093750,4862.500
1785205398.407187939,13,12.734375,4808.750
1785205398.407187939,15,14.343750,4769.500
1785205398.407187939,15,15.968750,4765.250
1785205398.407187939,14,17.593750,4749.500
1785205398.407187939,11,19.203125,4720.250
1785205398.407187939,8,20.828125,4687.500
1785205398.407187939,10,179.593750,10191.000
1785205398.407187939,7,184.453125,10167.500
1785205398.407187939,15,194.234375,7814.250
1785205398.407187939,15,220.187500,6455.250
1785205398.407187939,15,223.453125,6007.250
1785205398.407187939,15,226.750000,5674.750
1785205398.407187939,15,228.375000,5518.750
1785205398.407187939,15,230.015625,5394.500
1785205398.407187939,15,231.625000,5286.750
1785205398.407187939,15,233.265625,5165.000
1785205398.407187939,15,238.156250,4709.750
1785205398.407187939,15,239.781250,4636.750
1785205398.407187939,15,241.421875,4551.000
1785205398.407187939,15,243.046875,4471.500
1785205398.407187939,15,244.687500,4421.500
1785205398.407187939,15,246.296875,4382.500
1785205398.407187939,15,247.937500,4312.500
1785205398.407187939,15,249.578125,4251.500
1785205398.407187939,15,251.171875,4221.500
1785205398.407187939,15,252.781250,4183.000
1785205398.407187939,15,256.000000,4268.000
1785205398.407187939,15,257.625000,4297.500
1785205398.407187939,15,259.234375,4431.000
1785205398.407187939,15,260.875000,4501.000
1785205398.407187939,15,262.484375,4494.750
1785205398.407187939,15,264.093750,4479.000
1785205398.407187939,15,265.718750,4473.000
1785205398.407187939,15,267.343750,4464.000
1785205398.407187939,15,268.968750,4454.250
1785205398.407187939,15,270.578125,4460.250
1785205398.407187939,15,272.218750,4457.250
1785205398.407187939,15,273.812500,4453.250
1785205398.407187939,15,275.390625,4479.500
1785205398.407187939,15,277.015625,4498.500
1785205398.407187939,15,278.625000,4511.500
1785205398.407187939,15,280.234375,4520.750
1785205398.407187939,15,281.859375,4524.500
1785205398.407187939,15,283.484375,4508.500
1785205398.407187939,15,286.718750,4255.750
1785205398.407187939,15,289.984375,4002.250
1785205398.407187939,15,291.593750,4055.000
1785205398.407187939,15,293.218750,4108.000
1785205398.407187939,15,294.828125,4154.000
1785205398.407187939,15,296.437500,4207.000
1785205398.407187939,15,298.046875,4268.000
1785205398.407187939,15,301.375000,4835.000
1785205398.407187939,15,303.000000,4933.000
1785205398.407187939,15,304.625000,5030.750
1785205398.407187939,15,306.234375,5120.250
1785205398.407187939,15,307.859375,5218.500
1785205398.407187939,15,309.468750,5340.000
1785205398.407187939,15,311.078125,5463.750
1785205398.407187939,15,312.703125,5600.250
1785205398.407187939,15,314.328125,5769.750
1785205398.407187939,15,315.937500,5943.250
1785205398.407187939,15,320.796875,6573.500
1785205398.518625021,15,355.046875,5173.500
1785205398.518625021,15,356.687500,5157.500
1785205398.518625021,15,358.328125,5136.000
1785205398.518625021,13,359.937500,5117.750
1785205398.518625021,14,1.578125,5093.500
1785205398.518625021,15,3.187500,5084.000
1785205398.518625021,15,4.812500,5074.500
1785205398.518625021,15,6.421875,5046.500
1785205398.518625021,11,8.078125,5035.000
1785205398.518625021,11,9.687500,4993.250
1785205398.518625021,11,11.265625,4920.750
1785205398.518625021,15,12.875000,4897.750
1785205398.518625021,15,14.500000,4901.500
1785205398.518625021,8,16.125000,4896.250
1785205398.518625021,10,17.734375,4859.000
1785205398.518625021,10,19.375000,4816.250
1785205398.518625021,12,20.984375,4808.500
1785205398.518625021,8,184.593750,10187.250
1785205398.518625021,15,220.343750,6489.500
1785205398.518625021,15,223.609375,6027.000
1785205398.518625021,15,225.250000,5873.000
1785205398.518625021,15,226.875000,5719.250
1785205398.518625021,15,230.125000,5406.500
1785205398.518625021,15,231.765625,5286.250
1785205398.518625021,15,233.390625,5174.500
1785205398.518625021,15,238.281250,4726.500
1785205398.518625021,15,239.906250,4653.000
1785205398.518625021,15,241.531250,4555.250
1785205398.518625021,15,243.156250,4486.500
1785205398.518625021,15,244.796875,4437.250
1785205398.518625021,15,246.406250,4392.000
1785205398.518625021,15,248.031250,4323.000
1785205398.518625021,15,249.671875,4257.250
1785205398.518625021,15,251.281250,4226.500
1785205398.518625021,15,252.906250,4187.750
1785205398.518625021,15,256.125000,4302.250
1785205398.518625021,15,257.750000,4317.250
1785205398.518625021,15,260.968750,4512.750
1785205398.518625021,15,262.593750,4504.750
1785205398.518625021,15,264.234375,4497.250
1785205398.518625021,15,265.828125,4491.250
1785205398.518625021,15,267.453125,4484.500
1785205398.518625021,15,269.078125,4499.250
1785205398.518625021,15,270.718750,4505.750
1785205398.518625021,15,272.312500,4495.500
1785205398.518625021,15,273.937500,4499.750
1785205398.518625021,15,275.531250,4499.750
1785205398.518625021,15,277.156250,4507.750
1785205398.518625021,15,278.781250,4521.250
1785205398.518625021,15,280.390625,4538.750
1785205398.518625021,15,282.000000,4567.000
1785205398.518625021,15,283.625000,4538.500
1785205398.518625021,15,285.265625,4429.750
1785205398.518625021,15,288.531250,4064.000
1785205398.518625021,15,290.125000,4044.500
1785205398.518625021,15,291.750000,4097.000
1785205398.518625021,15,293.359375,4147.000
1785205398.518625021,15,294.968750,4187.250
1785205398.518625021,15,296.593750,4239.750
1785205398.518625021,15,298.343750,4327.500
1785205398.518625021,15,301.562500,4894.000
1785205398.518625021,15,303.171875,4987.750
1785205398.518625021,15,304.796875,5070.750
1785205398.518625021,15,306.421875,5181.750
1785205398.518625021,15,308.046875,5286.500
1785205398.518625021,15,309.656250,5382.750
1785205398.518625021,15,311.281250,5502.500
1785205398.518625021,15,314.531250,5861.250
1785205398.518625021,15,316.156250,6008.750
1785205398.518625021,15,319.375000,6424.750
1785205398.632981062,15,356.890625,5168.250
1785205398.632981062,13,358.515625,5156.000
1785205398.632981062,15,0.156250,5125.250
1785205398.632981062,14,1.781250,5094.500
1785205398.632981062,14,3.406250,5076.250
1785205398.632981062,13,5.046875,5064.500
1785205398.632981062,13,6.671875,5040.500
1785205398.632981062,11,8.296875,5007.500
1785205398.632981062,13,9.937500,4931.500
1785205398.632981062,15,11.531250,4876.750
1785205398.632981062,11,13.156250,4852.500
1785205398.632981062,9,14.765625,4836.750
1785205398.632981062,15,16.390625,4844.500
1785205398.632981062,13,18.031250,4808.000
1785205398.632981062,11,19.656250,4776.250
1785205398.632981062,7,180.171875,10129.750
1785205398.632981062,8,194.812500,7834.000
1785205398.632981062,15,220.843750,6469.500
1785205398.632981062,15,224.109375,6004.000
1785205398.632981062,15,225.734375,5862.250
1785205398.632981062,15,228.984375,5530.250
1785205398.632981062,15,230.609375,5407.250
1785205398.632981062,15,232.234375,5284.750
1785205398.632981062,15,233.875000,5160.500
1785205398.632981062,15,240.375000,4652.500
1785205398.632981062,15,242.015625,4562.750
1785205398.632981062,15,243.640625,4487.750
1785205398.632981062,15,245.265625,4438.250
1785205398.632981062,15,246.875000,4411.000
1785205398.632981062,15,248.515625,4349.500
1785205398.632981062,15,250.156250,4283.750
1785205398.632981062,15,251.734375,4246.500
1785205398.632981062,15,253.375000,4211.500
1785205398.632981062,15,256.593750,4323.750
1785205398.632981062,15,259.828125,4509.750
1785205398.632981062,15,261.468750,4531.750
1785205398.632981062,15,263.078125,4525.000
1785205398.632981062,15,264.687500,4521.250
1785205398.632981062,15,266.328125,4509.000
1785205398.632981062,15,267.937500,4505.250
1785205398.632981062,15,269.578125,4505.750
1785205398.632981062,15,271.171875,4502.250
1785205398.632981062,15,272.796875,4499.750
1785205398.632981062,15,274.421875,4511.500
1785205398.632981062,15,276.046875,4521.250
1785205398.632981062,15,277.656250,4527.500
1785205398.632981062,15,279.281250,4544.250
1785205398.632981062,15,280.906250,4575.250
1785205398.632981062,15,282.515625,4614.750
1785205398.632981062,15,285.781250,4413.750
1785205398.632981062,15,289.031250,4034.750
1785205398.632981062,15,290.640625,4095.500
1785205398.632981062,15,292.265625,4148.500
1785205398.632981062,15,293.890625,4192.500
1785205398.632981062,15,295.500000,4241.250
1785205398.632981062,15,297.093750,4314.500
1785205398.632981062,15,300.453125,4875.750
1785205398.632981062,15,302.078125,4963.750
1785205398.632981062,15,303.687500,5046.000
1785205398.632981062,15,305.312500,5129.000
1785205398.632981062,15,306.937500,5237.750
1785205398.632981062,15,308.562500,5365.750
1785205398.632981062,15,310.171875,5485.250
1785205398.632981062,15,311.796875,5623.750
1785205398.632981062,15,313.421875,5793.750
1785205398.632981062,15,315.046875,5947.000
1785205398.632981062,15,318.296875,6386.500
1785205398.632981062,15,319.906250,6557.000
1785205398.744731903,15,355.750000,5208.000
1785205398.744731903,14,357.375000,5162.000
1785205398.744731903,13,359.015625,5113.000
1785205398.744731903,12,0.656250,5087.000
1785205398.744731903,15,2.250000,5083.250
1785205398.744731903,15,3.890625,5079.250
1785205398.744731903,13,5.515625,5059.000
1785205398.744731903,12,7.125000,5043.500
1785205398.744731903,11,8.781250,5000.000
1785205398.744731903,11,10.406250,4928.000
1785205398.744731903,15,12.015625,4895.500
1785205398.744731903,15,13.656250,4888.250
1785205398.744731903,13,15.281250,4868.000
1785205398.744731903,11,16.906250,4832.500
1785205398.744731903,10,18.531250,4791.000
1785205398.744731903,12,20.156250,4769.750
1785205398.744731903,15,221.390625,6435.000
1785205398.744731903,15,224.671875,5999.250
1785205398.744731903,15,226.265625,5852.000
1785205398.744731903,15,229.515625,5522.250
1785205398.744731903,15,231.140625,5402.750
1785205398.744731903,15,232.765625,5295.500
1785205398.744731903,15,237.640625,4806.250
1785205398.744731903,15,242.609375,3665.500
1785205398.744731903,15,245.765625,4455.750
1785205398.744731903,15,247.390625,4400.500
1785205398.744731903,15,249.031250,4358.250
1785205398.744731903,15,250.671875,4306.750
1785205398.744731903,15,252.312500,4260.250
1785205398.744731903,15,253.921875,4250.750
1785205398.744731903,15,255.531250,4309.500
1785205398.744731903,15,257.156250,4354.750
1785205398.744731903,15,260.390625,4598.250
1785205398.744731903,15,262.000000,4560.500
1785205398.744731903,15,263.640625,4538.000
1785205398.744731903,15,265.250000,4529.250
1785205398.744731903,15,266.875000,4533.750
1785205398.744731903,15,268.484375,4535.000
1785205398.744731903,15,270.109375,4531.250
1785205398.744731903,15,271.718750,4534.250
1785205398.744731903,15,273.359375,4537.500
1785205398.744731903,15,274.984375,4542.500
1785205398.744731903,15,276.609375,4557.500
1785205398.744731903,15,278.234375,4573.250
1785205398.744731903,15,279.843750,4596.250
1785205398.744731903,15,281.468750,4642.250
1785205398.744731903,15,284.718750,4456.250
1785205398.744731903,15,289.625000,4105.000
1785205398.744731903,15,291.234375,4154.750
1785205398.744731903,15,292.875000,4193.000
1785205398.744731903,15,294.484375,4236.750
1785205398.744731903,15,296.093750,4311.750
1785205398.744731903,15,297.718750,4387.750
1785205398.744731903,15,301.015625,4953.500
1785205398.744731903,15,302.625000,5033.000
1785205398.744731903,15,304.250000,5114.500
1785205398.744731903,15,305.890625,5206.000
1785205398.744731903,15,307.500000,5332.250
1785205398.744731903,15,309.125000,5453.250
1785205398.744731903,15,310.750000,5562.500
1785205398.744731903,15,314.000000,5886.000
1785205398.744731903,15,315.609375,6033.750
1785205398.744731903,15,318.859375,6483.500
1785205398.859039068,15,4.500000,5214.750
1785205398.859039068,15,6.125000,5189.500
1785205398.859039068,15,7.750000,5152.500
1785205398.859039068,14,9.359375,5135.250
1785205398.859039068,13,10.937500,5111.500
1785205398.859039068,15,12.562500,5097.500
1785205398.859039068,15,14.187500,5081.000
1785205398.859039068,15,15.828125,5058.250
1785205398.859039068,8,17.453125,5033.250
1785205398.859039068,9,20.703125,4956.000
1785205398.859039068,8,171.453125,10263.750
1785205398.859039068,9,174.703125,10223.000
1785205398.859039068,7,177.937500,10282.000
1785205398.859039068,15,208.843750,8677.500
1785205398.859039068,15,220.250000,6579.250
1785205398.859039068,15,225.125000,5962.500
1785205398.859039068,15,226.765625,5817.750
1785205398.859039068,15,228.390625,5653.500
1785205398.859039068,15,230.015625,5511.750
1785205398.859039068,15,231.640625,5385.750
1785205398.859039068,15,233.281250,5260.000
1785205398.859039068,15,234.906250,5164.250
1785205398.859039068,15,238.156250,4796.000
1785205398.859039068,15,239.781250,4737.500
1785205398.859039068,15,244.671875,4526.250
1785205398.859039068,15,246.296875,4465.500
1785205398.859039068,15,247.906250,4414.500
1785205398.859039068,15,249.531250,4371.750
1785205398.859039068,15,251.171875,4318.500
1785205398.859039068,15,252.812500,4267.500
1785205398.859039068,15,256.031250,4376.750
1785205398.859039068,15,257.640625,4420.750
1785205398.859039068,15,259.265625,4547.750
1785205398.859039068,15,260.875000,4607.750
1785205398.859039068,15,262.500000,4589.250
1785205398.859039068,15,264.125000,4561.250
1785205398.859039068,15,265.750000,4562.500
1785205398.859039068,15,267.375000,4563.750
1785205398.859039068,15,268.984375,4555.500
1785205398.859039068,15,270.609375,4553.750
1785205398.859039068,15,272.250000,4555.500
1785205398.859039068,15,273.859375,4569.250
1785205398.859039068,15,275.453125,4583.250
1785205398.859039068,15,277.062500,4607.750
1785205398.859039068,15,278.687500,4625.750
1785205398.859039068,15,280.296875,4646.500
1785205398.859039068,15,281.921875,4677.500
1785205398.859039068,15,285.171875,4460.000
1785205398.859039068,15,288.437500,4098.500
1785205398.859039068,15,290.062500,4138.500
1785205398.859039068,15,291.671875,4180.250
1785205398.859039068,15,293.281250,4241.250
1785205398.859039068,15,294.906250,4304.000
1785205398.859039068,15,296.515625,4368.750
1785205398.859039068,15,301.406250,5016.750
1785205398.859039068,15,303.062500,5088.750
1785205398.859039068,15,304.671875,5178.000
1785205398.859039068,15,306.281250,5293.250
1785205398.859039068,15,307.906250,5399.000
1785205398.859039068,15,309.515625,5513.000
1785205398.859039068,15,311.140625,5667.500
1785205398.859039068,15,312.750000,5836.000
1785205398.859039068,15,314.375000,5999.750
1785205398.973831892,15,351.921875,5256.000
1785205398.973831892,13,353.562500,5180.500
1785205398.973831892,15,355.203125,5152.250
1785205398.973831892,14,356.812500,5162.500
1785205398.973831892,15,358.453125,5126.000
1785205398.973831892,13,0.078125,5095.250
1785205398.973831892,14,1.718750,5088.500
1785205398.973831892,15,3.359375,5073.500
1785205398.973831892,14,4.984375,5061.500
1785205398.973831892,13,6.593750,5035.000
1785205398.973831892,10,8.218750,4982.500
1785205398.973831892,11,9.859375,4917.000
1785205398.973831892,15,11.437500,4885.750
1785205398.973831892,14,13.062500,4885.000
1785205398.973831892,8,14.687500,4867.750
1785205398.973831892,13,16.328125,4826.500
1785205398.973831892,11,17.937500,4786.250
1785205398.973831892,12,19.578125,4770.000
1785205398.973831892,8,184.984375,10195.250
1785205398.973831892,15,209.312500,8604.500
1785205398.973831892,15,220.718750,6552.250
1785205398.973831892,15,225.609375,5952.500
1785205398.973831892,15,227.250000,5818.750
1785205398.973831892,15,228.859375,5671.250
1785205398.973831892,15,232.125000,5383.500
1785205398.973831892,15,233.765625,5280.000
1785205398.973831892,15,235.390625,5169.500
1785205398.973831892,15,238.656250,4788.500
1785205398.973831892,15,240.281250,4729.250
1785205398.973831892,15,241.906250,4669.750
1785205398.973831892,15,243.546875,4598.250
1785205398.973831892,15,245.156250,4535.750
1785205398.973831892,15,246.781250,4481.500
1785205398.973831892,15,248.390625,4444.250
1785205398.973831892,15,250.015625,4400.750
1785205398.973831892,15,251.671875,4341.250
1785205398.973831892,15,253.281250,4307.250
1785205398.973831892,15,254.906250,4365.500
1785205398.973831892,15,256.531250,4405.750
1785205398.973831892,15,259.750000,4592.250
1785205398.973831892,15,261.375000,4638.000
1785205398.973831892,15,263.000000,4620.000
1785205398.973831892,15,264.625000,4611.500
1785205398.973831892,15,266.250000,4596.250
1785205398.973831892,15,267.875000,4586.500
1785205398.973831892,15,269.500000,4580.250
1785205398.973831892,15,271.109375,4579.500
1785205398.973831892,15,272.734375,4593.000
1785205398.973831892,15,274.328125,4601.250
1785205398.973831892,15,275.921875,4626.500
1785205398.973831892,15,277.546875,4653.750
1785205398.973831892,15,279.171875,4678.750
1785205398.973831892,15,280.781250,4699.500
1785205398.973831892,15,282.390625,4737.500
1785205398.973831892,15,285.671875,4398.250
1785205398.973831892,15,288.906250,4147.000
1785205398.973831892,15,290.531250,4204.250
1785205398.973831892,15,292.140625,4243.750
1785205398.973831892,15,293.750000,4288.500
1785205398.973831892,15,295.375000,4361.250
1785205398.973831892,15,296.968750,4417.000
1785205398.973831892,15,300.250000,4998.750
1785205398.973831892,15,301.875000,5070.000
1785205398.973831892,15,303.500000,5145.000
1785205398.973831892,15,305.109375,5241.500
1785205398.973831892,15,306.734375,5350.750
1785205398.973831892,15,308.343750,5466.500
1785205398.973831892,15,309.968750,5602.250
1785205398.973831892,15,311.578125,5778.250
1785205398.973831892,15,313.187500,5928.250
1785205398.973831892,15,314.812500,6078.750
1785205398.973831892,15,318.046875,6509.000
1785205399.085520983,15,352.343750,5239.500
1785205399.085520983,15,353.968750,5203.000
1785205399.085520983,15,355.593750,5164.000
1785205399.085520983,12,357.234375,5149.750
1785205399.085520983,15,358.859375,5128.500
1785205399.085520983,15,0.484375,5108.750
1785205399.085520983,15,2.109375,5098.250
1785205399.085520983,15,3.718750,5088.000
1785205399.085520983,15,5.359375,5079.250
1785205399.085520983,13,6.984375,5064.000
1785205399.085520983,10,8.625000,5007.250
1785205399.085520983,9,10.265625,4936.750
1785205399.085520983,15,11.781250,4905.000
1785205399.085520983,11,13.406250,4894.750
1785205399.085520983,12,15.031250,4873.750
1785205399.085520983,15,16.656250,4824.000
1785205399.085520983,12,18.281250,4785.250
1785205399.085520983,12,19.890625,4776.250
1785205399.085520983,7,178.656250,10121.000
1785205399.085520983,8,180.281250,10181.000
1785205399.085520983,15,209.421875,8661.750
1785205399.085520983,15,220.812500,6555.500
1785205399.085520983,15,222.437500,6378.250
1785205399.085520983,15,225.703125,5953.250
1785205399.085520983,15,227.359375,5812.250
1785205399.085520983,15,229.015625,5666.000
1785205399.085520983,15,230.625000,5528.500
1785205399.085520983,15,232.265625,5402.750
1785205399.085520983,15,233.890625,5295.500
1785205399.085520983,15,238.781250,4805.750
1785205399.085520983,15,240.406250,4740.750
1785205399.085520983,15,242.046875,4682.250
1785205399.085520983,15,243.656250,4624.500
1785205399.085520983,15,245.281250,4556.000
1785205399.085520983,15,246.906250,4507.750
1785205399.085520983,15,248.531250,4479.750
1785205399.085520983,15,250.156250,4427.750
1785205399.085520983,15,251.812500,4381.250
1785205399.085520983,15,253.437500,4331.750
1785205399.085520983,15,256.671875,4430.500
1785205399.085520983,15,259.906250,4655.750
1785205399.085520983,15,261.531250,4648.500
1785205399.085520983,15,263.156250,4629.000
1785205399.085520983,15,264.781250,4626.250
1785205399.085520983,15,266.406250,4618.500
1785205399.085520983,15,268.015625,4612.750
1785205399.085520983,15,269.656250,4613.500
1785205399.085520983,15,271.281250,4601.250
1785205399.085520983,15,272.890625,4605.000
1785205399.085520983,15,274.437500,4632.250
1785205399.085520983,15,276.062500,4637.500
1785205399.085520983,15,277.687500,4653.250
1785205399.085520983,15,279.281250,4695.000
1785205399.085520983,15,280.921875,4721.750
1785205399.085520983,15,282.531250,4680.250
1785205399.085520983,15,289.031250,4182.000
1785205399.085520983,15,290.656250,4229.750
1785205399.085520983,15,292.265625,4276.750
1785205399.085520983,15,293.875000,4331.750
1785205399.085520983,15,295.500000,4389.500
1785205399.085520983,15,297.125000,4446.750
1785205399.085520983,15,300.421875,5027.500
1785205399.085520983,15,302.046875,5099.750
1785205399.085520983,15,303.671875,5169.500
1785205399.085520983,15,305.281250,5283.000
1785205399.085520983,15,306.906250,5408.250
1785205399.085520983,15,308.531250,5531.250
1785205399.085520983,15,310.140625,5691.750
1785205399.085520983,15,311.750000,5836.250
1785205399.085520983,15,313.390625,5974.000
1785205399.085520983,15,316.625000,6404.250
1785205399.085520983,15,318.234375,6587.000
1785205399.085520983,14,349.203125,5270.750
1785205399.200131178,13,350.828125,5191.250
1785205399.200131178,14,352.468750,5124.500
1785205399.200131178,15,354.078125,5098.250
1785205399.200131178,14,355.703125,5084.250
1785205399.200131178,13,357.343750,5062.000
1785205399.200131178,11,358.968750,5031.250
1785205399.200131178,10,0.593750,4999.000
1785205399.200131178,10,2.218750,4941.000
1785205399.200131178,8,3.859375,4887.500
1785205399.200131178,13,5.484375,4868.750
1785205399.200131178,15,7.109375,4832.500
1785205399.200131178,15,8.734375,4786.250
1785205399.200131178,15,10.359375,4755.000
1785205399.200131178,15,11.906250,4742.750
1785205399.200131178,14,13.546875,4742.000
1785205399.200131178,12,15.156250,4735.250
1785205399.200131178,8,16.796875,4704.750
1785205399.200131178,10,18.421875,4665.000
1785205399.200131178,15,167.546875,9979.250
1785205399.200131178,15,169.171875,9917.750
1785205399.200131178,8,175.671875,10002.750
1785205399.200131178,11,182.093750,10181.750
1785205399.200131178,15,209.687500,8624.750
1785205399.200131178,15,221.078125,6571.000
1785205399.200131178,15,222.718750,6385.250
1785205399.200131178,15,225.968750,5962.500
1785205399.200131178,15,227.593750,5823.000
1785205399.200131178,15,229.234375,5685.000
1785205399.200131178,15,230.859375,5546.750
1785205399.200131178,15,232.484375,5425.500
1785205399.200131178,15,234.109375,5308.500
1785205399.200131178,15,237.375000,4950.750
1785205399.200131178,15,239.000000,4830.250
1785205399.200131178,15,240.625000,4754.500
1785205399.200131178,15,242.250000,4707.750
1785205399.200131178,15,243.875000,4641.500
1785205399.200131178,15,245.500000,4583.500
1785205399.200131178,15,247.125000,4522.750
1785205399.200131178,15,248.750000,4466.250
1785205399.200131178,15,250.390625,4438.750
1785205399.200131178,15,252.015625,4394.250
1785205399.200131178,15,253.625000,4342.250
1785205399.200131178,15,256.859375,4454.500
1785205399.200131178,15,260.078125,4684.750
1785205399.200131178,15,261.703125,4680.750
1785205399.200131178,15,263.328125,4677.500
1785205399.200131178,15,264.953125,4663.500
1785205399.200131178,15,266.562500,4663.000
1785205399.200131178,15,268.187500,4659.750
1785205399.200131178,15,269.812500,4653.750
1785205399.200131178,15,271.421875,4642.750
1785205399.200131178,15,273.062500,4641.250
1785205399.200131178,15,274.625000,4649.250
1785205399.200131178,15,276.265625,4672.250
1785205399.200131178,15,277.859375,4698.750
1785205399.200131178,15,279.500000,4717.750
1785205399.200131178,15,281.093750,4743.500
1785205399.200131178,15,282.734375,4691.750
1785205399.200131178,15,284.359375,4578.250
1785205399.200131178,15,287.609375,4231.000
1785205399.200131178,15,289.250000,4216.750
1785205399.200131178,15,290.875000,4265.250
1785205399.200131178,15,292.468750,4332.000
1785205399.200131178,15,294.078125,4386.500
1785205399.200131178,15,295.703125,4436.500
1785205399.200131178,15,300.671875,5071.250
1785205399.200131178,15,302.281250,5146.750
1785205399.200131178,15,303.921875,5241.000
1785205399.200131178,15,305.546875,5359.250
1785205399.200131178,15,307.140625,5458.000
1785205399.200131178,15,308.765625,5577.500
1785205399.200131178,15,312.015625,5907.500
1785205399.200131178,15,313.625000,6033.500
1785205399.200131178,15,316.890625,6473.000
1785205399.314851046,15,354.359375,5217.250
1785205399.314851046,14,355.968750,5172.000
1785205399.314851046,14,357.609375,5123.750
1785205399.314851046,13,359.234375,5100.000
1785205399.314851046,15,0.859375,5083.250
1785205399.314851046,12,2.500000,5068.250
1785205399.314851046,14,4.125000,5032.000
1785205399.314851046,10,5.765625,4958.000
1785205399.314851046,14,7.390625,4874.750
1785205399.314851046,14,9.000000,4824.000
1785205399.314851046,12,10.546875,4789.000
1785205399.314851046,15,12.171875,4749.750
1785205399.314851046,15,13.781250,4729.250
1785205399.314851046,10,15.421875,4711.500
1785205399.314851046,8,17.046875,4656.000
1785205399.314851046,7,18.656250,4623.750
1785205399.314851046,15,166.218750,10055.000
1785205399.314851046,15,167.843750,9951.500
1785205399.314851046,11,195.406250,7929.250
1785205399.314851046,15,211.671875,8217.750
1785205399.314851046,15,221.468750,6543.500
1785205399.314851046,15,226.343750,5960.250
1785205399.314851046,15,227.953125,5830.250
1785205399.314851046,15,229.593750,5681.500
1785205399.314851046,15,231.234375,5534.750
1785205399.314851046,15,232.859375,5410.000
1785205399.314851046,15,234.468750,5288.000
1785205399.314851046,15,237.750000,4935.250
1785205399.314851046,15,239.359375,4837.000
1785205399.314851046,15,241.015625,4770.250
1785205399.314851046,15,242.609375,4711.750
1785205399.314851046,15,244.250000,4645.500
1785205399.314851046,15,245.875000,4592.250
1785205399.314851046,15,247.500000,4545.250
1785205399.314851046,15,249.125000,4504.750
1785205399.314851046,15,250.718750,4469.000
1785205399.314851046,15,252.343750,4419.250
1785205399.314851046,15,253.968750,4369.750
1785205399.314851046,15,255.578125,4410.250
1785205399.314851046,15,257.203125,4491.250
1785205399.314851046,15,260.421875,4722.500
1785205399.314851046,15,262.062500,4702.250
1785205399.314851046,15,263.671875,4688.000
1785205399.314851046,15,265.296875,4683.500
1785205399.314851046,15,266.906250,4669.500
1785205399.314851046,15,268.531250,4664.250
1785205399.314851046,15,270.140625,4661.750
1785205399.314851046,15,271.765625,4659.000
1785205399.314851046,15,273.390625,4673.000
1785205399.314851046,15,275.000000,4692.250
1785205399.314851046,15,276.625000,4715.000
1785205399.314851046,15,278.234375,4740.000
1785205399.314851046,15,279.843750,4751.000
1785205399.314851046,15,281.468750,4760.000
1785205399.314851046,15,284.718750,4573.250
1785205399.314851046,15,288.000000,4223.250
1785205399.314851046,15,289.593750,4265.750
1785205399.314851046,15,291.203125,4323.250
1785205399.314851046,15,292.812500,4374.500
1785205399.314851046,15,294.453125,4421.250
1785205399.314851046,15,296.046875,4470.000
1785205399.314851046,15,299.421875,5056.750
1785205399.314851046,15,301.031250,5109.250
1785205399.314851046,15,302.640625,5194.250
1785205399.314851046,15,304.296875,5305.250
1785205399.314851046,15,305.906250,5413.750
1785205399.314851046,15,307.531250,5537.750
1785205399.314851046,15,309.140625,5681.250
1785205399.314851046,15,310.765625,5833.750
1785205399.314851046,15,312.390625,5974.750
1785205399.314851046,15,317.265625,6542.250
1785205399.314851046,13,349.843750,5222.000
1785205399.425728083,15,351.500000,5159.250
1785205399.425728083,15,353.109375,5139.750
1785205399.425728083,11,354.734375,5127.500
1785205399.425728083,15,356.359375,5108.500
1785205399.425728083,13,357.984375,5077.000
1785205399.425728083,15,359.625000,5064.000
1785205399.425728083,15,1.250000,5058.250
1785205399.425728083,13,2.890625,5009.250
1785205399.425728083,10,4.484375,4987.750
1785205399.425728083,14,6.156250,4941.250
1785205399.425728083,15,7.765625,4854.500
1785205399.425728083,13,9.390625,4822.000
1785205399.425728083,15,10.937500,4793.250
1785205399.425728083,15,12.578125,4763.250
1785205399.425728083,14,14.203125,4744.750
1785205399.425728083,12,15.812500,4725.000
1785205399.425728083,11,17.437500,4703.500
1785205399.425728083,9,19.062500,4701.500
1785205399.425728083,8,20.671875,4697.500
1785205399.425728083,7,168.000000,9947.500
1785205399.425728083,9,179.406250,10019.500
1785205399.425728083,9,181.031250,10153.750
1785205399.425728083,15,221.671875,6576.500
1785205399.425728083,15,223.296875,6405.000
1785205399.425728083,15,226.515625,5974.500
1785205399.425728083,15,228.140625,5848.750
1785205399.425728083,15,229.750000,5699.250
1785205399.425728083,15,231.390625,5558.250
1785205399.425728083,15,233.000000,5436.750
1785205399.425728083,15,234.640625,5337.000
1785205399.425728083,15,237.890625,5005.000
1785205399.425728083,15,239.515625,4877.750
1785205399.425728083,15,241.125000,4785.000
1785205399.425728083,15,242.750000,4730.000
1785205399.425728083,15,244.406250,4678.250
1785205399.425728083,15,246.015625,4620.000
1785205399.425728083,15,247.640625,4557.500
1785205399.425728083,15,249.250000,4504.750
1785205399.425728083,15,250.906250,4472.500
1785205399.425728083,15,252.531250,4446.500
1785205399.425728083,15,254.140625,4441.250
1785205399.425728083,15,255.750000,4477.500
1785205399.425728083,15,257.390625,4515.250
1785205399.425728083,15,260.609375,4744.750
1785205399.425728083,15,262.234375,4740.000
1785205399.425728083,15,263.843750,4717.750
1785205399.425728083,15,265.484375,4691.000
1785205399.425728083,15,267.109375,4699.000
1785205399.425728083,15,268.718750,4705.500
1785205399.425728083,15,270.343750,4684.000
1785205399.425728083,15,271.953125,4695.500
1785205399.425728083,15,273.578125,4713.500
1785205399.425728083,15,275.203125,4732.500
1785205399.425728083,15,276.812500,4755.750
1785205399.425728083,15,278.421875,4766.000
1785205399.425728083,15,280.046875,4769.500
1785205399.425728083,15,281.656250,4789.000
1785205399.425728083,15,284.921875,4536.750
1785205399.425728083,15,288.171875,4267.500
1785205399.425728083,15,289.781250,4323.750
1785205399.425728083,15,291.421875,4374.500
1785205399.425728083,15,293.031250,4421.000
1785205399.425728083,15,294.625000,4466.000
1785205399.425728083,15,296.250000,4533.000
1785205399.425728083,15,299.562500,5101.250
1785205399.425728083,15,301.187500,5174.750
1785205399.425728083,15,302.812500,5272.750
1785205399.425728083,15,304.421875,5372.750
1785205399.425728083,15,306.046875,5478.750
1785205399.425728083,15,307.656250,5602.750
1785205399.425728083,15,309.281250,5733.000
1785205399.425728083,15,310.906250,5874.250
1785205399.425728083,15,312.515625,6021.000
1785205399.425728083,15,315.765625,6459.000
1785205399.425728083,15,317.375000,6614.500
1785205399.425728083,13,349.968750,5218.250
1785205399.540729046,15,351.593750,5168.500
1785205399.540729046,15,353.218750,5132.000
1785205399.540729046,15,354.859375,5095.250
1785205399.540729046,15,356.484375,5075.250
1785205399.540729046,15,358.109375,5045.000
1785205399.540729046,10,359.734375,5002.750
1785205399.540729046,10,1.343750,4987.000
1785205399.540729046,8,2.984375,4963.000
1785205399.540729046,15,4.625000,4901.750
1785205399.540729046,15,6.265625,4827.000
1785205399.540729046,15,7.859375,4776.500
1785205399.540729046,15,9.500000,4761.250
1785205399.540729046,13,11.109375,4757.250
1785205399.540729046,15,12.750000,4761.250
1785205399.540729046,14,14.375000,4762.500
1785205399.540729046,9,16.000000,4726.500
1785205399.540729046,14,17.640625,4711.500
1785205399.540729046,11,19.265625,4717.500
1785205399.540729046,12,20.859375,4692.250
1785205399.540729046,15,166.546875,9961.500
1785205399.540729046,8,174.640625,10071.250
1785205399.540729046,9,177.875000,10161.500
1785205399.540729046,15,221.781250,6586.750
1785205399.540729046,15,223.421875,6415.750
1785205399.540729046,15,226.656250,5994.750
1785205399.540729046,15,228.281250,5871.750
1785205399.540729046,15,229.906250,5721.250
1785205399.540729046,15,231.515625,5561.000
1785205399.540729046,15,233.156250,5447.750
1785205399.540729046,15,234.765625,5361.250
1785205399.540729046,15,238.046875,5018.000
1785205399.540729046,15,239.671875,4900.000
1785205399.540729046,15,241.296875,4804.500
1785205399.540729046,15,242.921875,4751.000
1785205399.540729046,15,244.531250,4717.750
1785205399.540729046,15,246.156250,4657.000
1785205399.540729046,15,247.781250,4593.750
1785205399.540729046,15,249.406250,4557.500
1785205399.540729046,15,251.046875,4500.750
1785205399.540729046,15,252.671875,4456.750
1785205399.540729046,15,254.296875,4478.000
1785205399.540729046,15,255.906250,4509.500
1785205399.540729046,15,257.515625,4573.500
1785205399.540729046,15,259.125000,4695.750
1785205399.540729046,15,260.765625,4757.000
1785205399.540729046,15,262.375000,4751.500
1785205399.540729046,15,264.000000,4739.250
1785205399.540729046,15,265.625000,4723.000
1785205399.540729046,15,267.234375,4721.000
1785205399.540729046,15,268.859375,4711.750
1785205399.540729046,15,270.484375,4704.250
1785205399.540729046,15,272.109375,4723.750
1785205399.540729046,15,273.734375,4740.000
1785205399.540729046,15,275.343750,4754.250
1785205399.540729046,15,276.953125,4766.000
1785205399.540729046,15,278.562500,4773.750
1785205399.540729046,15,280.187500,4787.500
1785205399.540729046,15,281.812500,4807.750
1785205399.540729046,15,288.328125,4290.000
1785205399.540729046,15,289.937500,4352.250
1785205399.540729046,15,291.578125,4410.000
1785205399.540729046,15,293.187500,4447.750
1785205399.540729046,15,294.812500,4490.750
1785205399.540729046,15,296.421875,4559.000
1785205399.540729046,15,299.687500,5109.500
1785205399.540729046,15,301.296875,5179.750
1785205399.540729046,15,302.921875,5280.500
1785205399.540729046,15,304.531250,5381.000
1785205399.540729046,15,306.156250,5486.250
1785205399.540729046,15,307.765625,5629.250
1785205399.540729046,15,309.406250,5802.000
1785205399.540729046,15,311.015625,5923.250
1785205399.540729046,15,315.875000,6483.500
1785205399.540729046,12,350.078125,5244.500
1785205399.654794931,13,351.703125,5218.000
1785205399.654794931,13,353.328125,5164.000
1785205399.654794931,10,354.953125,5121.500
1785205399.654794931,13,356.593750,5101.000
1785205399.654794931,14,358.218750,5084.750
1785205399.654794931,15,359.828125,5090.250
1785205399.654794931,15,1.453125,5081.000
1785205399.654794931,15,3.093750,5075.750
1785205399.654794931,14,4.718750,5066.750
1785205399.654794931,9,6.328125,5021.000
1785205399.654794931,9,7.968750,4986.000
1785205399.654794931,15,9.593750,4962.750
1785205399.654794931,15,11.203125,4921.500
1785205399.654794931,13,12.828125,4905.250
1785205399.654794931,10,14.437500,4908.750
1785205399.654794931,10,17.687500,4923.500
1785205399.654794931,8,19.328125,4911.000
1785205399.654794931,8,181.296875,10163.750
1785205399.654794931,15,215.343750,7662.750
1785205399.654794931,15,221.859375,6592.250
1785205399.654794931,15,223.468750,6452.500
1785205399.654794931,15,226.703125,6002.500
1785205399.654794931,15,228.328125,5879.250
1785205399.654794931,15,229.937500,5729.000
1785205399.654794931,15,231.593750,5592.750
1785205399.654794931,15,233.203125,5477.000
1785205399.654794931,15,234.828125,5365.000
1785205399.654794931,15,238.078125,5021.500
1785205399.654794931,15,241.328125,4790.000
1785205399.654794931,15,242.937500,4757.500
1785205399.654794931,15,244.562500,4719.250
1785205399.654794931,15,246.187500,4682.500
1785205399.654794931,15,247.812500,4620.750
1785205399.654794931,15,249.437500,4556.500
1785205399.654794931,15,251.125000,4516.250
1785205399.654794931,15,252.765625,4478.250
1785205399.654794931,15,254.375000,4485.000
1785205399.654794931,15,256.000000,4513.500
1785205399.654794931,15,257.625000,4573.250
1785205399.654794931,15,260.843750,4783.500
1785205399.654794931,15,262.484375,4757.250
1785205399.654794931,15,264.093750,4755.750
1785205399.654794931,15,265.703125,4755.750
1785205399.654794931,15,267.343750,4755.000
1785205399.654794931,15,268.968750,4766.750
1785205399.654794931,15,270.593750,4759.250
1785205399.654794931,15,272.218750,4745.500
1785205399.654794931,15,273.843750,4764.000
1785205399.654794931,15,275.390625,4770.500
1785205399.654794931,15,277.031250,4785.250
1785205399.654794931,15,278.640625,4794.000
1785205399.654794931,15,280.265625,4810.250
1785205399.654794931,15,281.875000,4828.000
1785205399.654794931,15,286.765625,4373.750
1785205399.654794931,15,288.375000,4322.250
1785205399.654794931,15,290.000000,4358.250
1785205399.654794931,15,291.625000,4413.500
1785205399.654794931,15,293.218750,4452.250
1785205399.654794931,15,294.843750,4519.500
1785205399.654794931,15,296.453125,4587.750
1785205399.654794931,15,299.703125,5141.500
1785205399.654794931,15,301.328125,5240.000
1785205399.654794931,15,302.937500,5350.500
1785205399.654794931,15,304.578125,5443.000
1785205399.654794931,15,306.171875,5558.250
1785205399.654794931,15,307.796875,5698.250
1785205399.654794931,15,309.406250,5836.750
1785205399.654794931,15,311.031250,5972.500
1785205399.654794931,15,314.250000,6362.000
1785205399.654794931,15,315.875000,6532.000
1785205399.654794931,15,319.093750,7008.500
1785205399.770021915,15,358.265625,5197.000
1785205399.770021915,14,359.875000,5176.750
1785205399.770021915,15,1.515625,5145.250
1785205399.770021915,15,3.140625,5107.000
1785205399.770021915,15,4.765625,5073.500
1785205399.770021915,13,6.390625,5065.250
1785205399.770021915,9,8.031250,5067.500
1785205399.770021915,10,9.640625,5049.750
1785205399.770021915,15,11.203125,4970.500
1785205399.770021915,9,12.828125,4911.000
1785205399.770021915,9,14.453125,4887.750
1785205399.770021915,11,16.062500,4853.000
1785205399.770021915,12,17.703125,4836.750
1785205399.770021915,11,19.312500,4819.750
1785205399.770021915,10,20.953125,4811.000
1785205399.770021915,15,168.359375,9878.000
1785205399.770021915,7,178.093750,10021.500
1785205399.770021915,15,210.468750,8628.250
1785205399.770021915,15,223.484375,6484.000
1785205399.770021915,15,228.359375,5913.500
1785205399.770021915,15,231.625000,5620.000
1785205399.770021915,15,233.250000,5505.500
1785205399.770021915,15,234.875000,5374.500
1785205399.770021915,15,238.140625,5047.000
1785205399.770021915,15,239.765625,4968.500
1785205399.770021915,15,241.390625,4852.250
1785205399.770021915,15,243.000000,4763.500
1785205399.770021915,15,244.640625,4723.500
1785205399.770021915,15,246.265625,4688.500
1785205399.770021915,15,247.890625,4650.500
1785205399.770021915,15,249.500000,4586.500
1785205399.770021915,15,251.187500,4527.250
1785205399.770021915,15,252.812500,4496.750
1785205399.770021915,15,254.453125,4504.750
1785205399.770021915,15,256.078125,4546.750
1785205399.770021915,15,257.687500,4618.500
1785205399.770021915,15,260.921875,4822.500
1785205399.770021915,15,262.546875,4812.000
1785205399.770021915,15,264.171875,4785.750
1785205399.770021915,15,265.812500,4779.250
1785205399.770021915,15,267.421875,4773.750
1785205399.770021915,15,269.062500,4765.750
1785205399.770021915,15,270.671875,4784.250
1785205399.770021915,15,272.296875,4772.500
1785205399.770021915,15,273.921875,4766.750
1785205399.770021915,15,275.453125,4802.750
1785205399.770021915,15,277.078125,4826.750
1785205399.770021915,15,278.687500,4841.750
1785205399.770021915,15,280.296875,4871.750
1785205399.770021915,15,281.921875,4825.500
1785205399.770021915,15,283.578125,4708.250
1785205399.770021915,15,286.828125,4384.750
1785205399.770021915,15,288.453125,4380.000
1785205399.770021915,15,290.046875,4423.000
1785205399.770021915,15,291.671875,4462.750
1785205399.770021915,15,293.296875,4500.000
1785205399.770021915,15,294.890625,4564.000
1785205399.770021915,15,298.093750,5115.750
1785205399.770021915,15,299.796875,5183.750
1785205399.770021915,15,301.421875,5263.750
1785205399.770021915,15,303.031250,5357.500
1785205399.770021915,15,304.656250,5452.250
1785205399.770021915,15,306.265625,5563.000
1785205399.770021915,15,307.890625,5702.250
1785205399.770021915,15,309.515625,5843.750
1785205399.770021915,15,311.140625,5981.000
1785205399.770021915,15,314.359375,6443.750
1785205399.770021915,15,315.968750,6575.250
1785205399.881344080,13,1.625000,5170.500
1785205399.881344080,14,3.234375,5132.500
1785205399.881344080,15,4.875000,5100.500
1785205399.881344080,13,6.500000,5085.000
1785205399.881344080,14,8.125000,5064.500
1785205399.881344080,13,9.750000,5065.250
1785205399.881344080,13,11.328125,5048.000
1785205399.881344080,13,12.953125,5024.000
1785205399.881344080,8,14.562500,5003.500
1785205399.881344080,8,16.203125,4960.000
1785205399.881344080,10,17.828125,4933.750
1785205399.881344080,9,19.437500,4936.750
1785205399.881344080,8,21.062500,4971.250
1785205399.881344080,7,176.703125,10230.500
1785205399.881344080,8,179.890625,10121.500
1785205399.881344080,7,183.140625,10099.000
1785205399.881344080,9,184.765625,10156.000
1785205399.881344080,15,210.671875,8659.500
1785205399.881344080,15,215.546875,7723.500
1785205399.881344080,15,223.671875,6489.000
1785205399.881344080,15,226.937500,6070.500
1785205399.881344080,15,228.578125,5932.500
1785205399.881344080,15,230.203125,5791.750
1785205399.881344080,15,231.812500,5651.750
1785205399.881344080,15,233.437500,5542.250
1785205399.881344080,15,235.078125,5406.250
1785205399.881344080,15,238.343750,5074.750
1785205399.881344080,15,239.953125,5001.500
1785205399.881344080,15,241.578125,4901.250
1785205399.881344080,15,243.218750,4812.750
1785205399.881344080,15,244.828125,4757.750
1785205399.881344080,15,246.468750,4713.000
1785205399.881344080,15,248.078125,4674.250
1785205399.881344080,15,249.687500,4631.000
1785205399.881344080,15,251.328125,4577.750
1785205399.881344080,15,252.937500,4519.500
1785205399.881344080,15,254.546875,4532.250
1785205399.881344080,15,256.156250,4573.750
1785205399.881344080,15,257.781250,4620.750
1785205399.881344080,15,261.015625,4842.500
1785205399.881344080,15,262.640625,4811.250
1785205399.881344080,15,264.250000,4809.750
1785205399.881344080,15,265.875000,4804.500
1785205399.881344080,15,267.484375,4775.500
1785205399.881344080,15,269.109375,4793.500
1785205399.881344080,15,270.734375,4814.250
1785205399.881344080,15,272.343750,4815.000
1785205399.881344080,15,273.984375,4843.750
1785205399.881344080,15,275.609375,4841.250
1785205399.881344080,15,277.234375,4839.250
1785205399.881344080,15,278.859375,4885.500
1785205399.881344080,15,280.468750,4907.500
1785205399.881344080,15,282.109375,4855.750
1785205399.881344080,15,283.718750,4760.500
1785205399.881344080,15,286.968750,4366.750
1785205399.881344080,15,288.593750,4394.000
1785205399.881344080,15,290.203125,4435.500
1785205399.881344080,15,291.828125,4484.250
1785205399.881344080,15,293.453125,4535.750
1785205399.881344080,15,295.078125,4598.250
1785205399.881344080,15,298.375000,5138.250
1785205399.881344080,15,299.968750,5229.500
1785205399.881344080,15,301.593750,5330.750
1785205399.881344080,15,303.218750,5436.750
1785205399.881344080,15,304.828125,5537.250
1785205399.881344080,15,306.437500,5659.250
1785205399.881344080,15,308.078125,5808.000
1785205399.881344080,15,309.671875,5944.750
1785205399.881344080,15,311.312500,6085.250
1785205399.881344080,15,314.546875,6486.250
1785205399.881344080,15,317.781250,6896.250
1785205399.995685101,10,6.718750,5219.000
1785205399.995685101,12,8.343750,5181.000
1785205399.995685101,13,9.968750,5142.000
1785205399.995685101,13,11.484375,5097.750
1785205399.995685101,12,13.093750,5065.250
1785205399.995685101,13,14.703125,5035.750
1785205399.995685101,10,16.328125,5026.500
1785205399.995685101,13,17.968750,5014.250
1785205399.995685101,11,19.578125,4972.750
1785205399.995685101,8,180.000000,10154.500
1785205399.995685101,8,181.625000,10115.500
1785205399.995685101,8,184.859375,10160.750
1785205399.995685101,15,210.812500,8640.500
1785205399.995685101,15,223.812500,6494.750
1785205399.995685101,15,225.453125,6328.500
1785205399.995685101,15,228.703125,5952.250
1785205399.995685101,15,230.328125,5823.250
1785205399.995685101,15,231.953125,5675.000
1785205399.995685101,15,233.593750,5564.250
1785205399.995685101,15,235.203125,5450.000
1785205399.995685101,15,238.453125,5084.750
1785205399.995685101,15,240.078125,5013.000
1785205399.995685101,15,241.718750,4949.000
1785205399.995685101,15,243.328125,4867.250
1785205399.995685101,15,244.968750,4788.500
1785205399.995685101,15,246.578125,4742.000
1785205399.995685101,15,248.203125,4709.000
1785205399.995685101,15,249.828125,4659.750
1785205399.995685101,15,251.437500,4595.000
1785205399.995685101,15,253.046875,4555.000
1785205399.995685101,15,254.671875,4567.000
1785205399.995685101,15,256.281250,4625.500
1785205399.995685101,15,257.890625,4697.750
1785205399.995685101,15,261.140625,4866.000
1785205399.995685101,15,262.734375,4847.250
1785205399.995685101,15,264.359375,4843.750
1785205399.995685101,15,265.984375,4836.000
1785205399.995685101,15,267.609375,4826.750
1785205399.995685101,15,269.218750,4828.750
1785205399.995685101,15,270.828125,4836.000
1785205399.995685101,15,272.453125,4833.250
1785205399.995685101,15,274.078125,4836.750
1785205399.995685101,15,275.671875,4844.500
1785205399.995685101,15,277.265625,4853.750
1785205399.995685101,15,278.890625,4890.250
1785205399.995685101,15,280.500000,4932.750
1785205399.995685101,15,283.765625,4741.500
1785205399.995685101,15,287.000000,4386.750
1785205399.995685101,15,288.609375,4440.750
1785205399.995685101,15,290.234375,4474.250
1785205399.995685101,15,291.843750,4522.750
1785205399.995685101,15,293.453125,4592.000
1785205399.995685101,15,295.078125,4636.500
1785205399.995685101,15,298.406250,5166.750
1785205399.995685101,15,300.031250,5255.750
1785205399.995685101,15,301.625000,5376.500
1785205399.995685101,15,303.250000,5460.750
1785205399.995685101,15,304.875000,5564.000
1785205399.995685101,15,306.500000,5688.250
1785205399.995685101,15,309.734375,5968.000
1785205399.995685101,15,312.984375,6340.250
1785205399.995685101,15,314.593750,6489.750
1785205400.110986948,9,8.203125,5197.000
1785205400.110986948,14,9.812500,5163.500
1785205400.110986948,15,11.453125,5137.750
1785205400.110986948,14,13.062500,5123.750
1785205400.110986948,13,14.718750,5112.250
1785205400.110986948,15,16.328125,5108.000
1785205400.110986948,12,17.953125,5095.250
1785205400.110986948,15,19.578125,5091.250
1785205400.110986948,9,21.203125,5094.250
1785205400.110986948,9,207.328125,9775.750
1785205400.110986948,15,210.578125,8670.000
1785205400.110986948,15,215.468750,7819.500
1785205400.110986948,15,228.468750,6007.250
1785205400.110986948,15,230.109375,5900.750
1785205400.110986948,15,233.359375,5608.500
1785205400.110986948,15,234.968750,5508.500
1785205400.110986948,12,236.593750,5397.000
1785205400.110986948,15,239.875000,5050.750
1785205400.110986948,15,241.484375,4974.250
1785205400.110986948,15,243.109375,4901.750
1785205400.110986948,15,244.734375,4832.750
1785205400.110986948,15,246.359375,4773.750
1785205400.110986948,15,247.984375,4731.250
1785205400.110986948,15,249.609375,4688.250
1785205400.110986948,15,251.187500,4646.000
1785205400.110986948,15,252.812500,4602.750
1785205400.110986948,15,254.437500,4572.750
1785205400.110986948,15,256.046875,4624.750
1785205400.110986948,15,257.671875,4676.750
1785205400.110986948,15,260.890625,4877.500
1785205400.110986948,15,262.500000,4863.750
1785205400.110986948,15,264.109375,4834.000
1785205400.110986948,15,265.734375,4838.250
1785205400.110986948,15,267.359375,4844.500
1785205400.110986948,15,268.968750,4834.000
1785205400.110986948,15,270.609375,4850.250
1785205400.110986948,15,272.218750,4850.750
1785205400.110986948,15,273.828125,4849.000
1785205400.110986948,15,275.390625,4870.000
1785205400.110986948,15,277.015625,4898.000
1785205400.110986948,15,278.625000,4938.250
1785205400.110986948,15,280.234375,4956.750
1785205400.110986948,15,281.859375,4914.250
1785205400.110986948,15,286.734375,4411.500
1785205400.110986948,15,288.343750,4449.500
1785205400.110986948,15,289.968750,4486.250
1785205400.110986948,15,291.562500,4527.500
1785205400.110986948,15,293.171875,4590.000
1785205400.110986948,15,294.781250,4662.500
1785205400.110986948,15,297.984375,5202.000
1785205400.110986948,15,299.734375,5311.250
1785205400.110986948,15,301.359375,5401.750
1785205400.110986948,15,302.984375,5490.750
1785205400.110986948,15,304.593750,5595.750
1785205400.110986948,15,306.218750,5716.750
1785205400.110986948,15,307.843750,5861.500
1785205400.110986948,15,309.468750,6001.500
1785205400.110986948,15,312.687500,6354.750
1785205400.110986948,15,314.328125,6522.500
1785205400.110986948,15,315.937500,6701.750
1785205400.221616983,8,9.531250,5229.500
1785205400.221616983,12,11.125000,5177.500
1785205400.221616983,13,12.718750,5169.250
1785205400.221616983,12,14.359375,5158.500
1785205400.221616983,15,15.968750,5136.750
1785205400.221616983,15,17.593750,5131.000
1785205400.221616983,13,19.218750,5127.750
1785205400.221616983,15,20.828125,5128.500
1785205400.221616983,7,174.671875,10167.250
1785205400.221616983,8,176.296875,10244.250
1785205400.221616983,7,184.390625,10166.250
1785205400.221616983,15,216.859375,7622.500
1785205400.221616983,15,225.000000,6487.750
1785205400.221616983,15,228.218750,6046.000
1785205400.221616983,15,229.828125,5927.000
1785205400.221616983,15,231.468750,5809.000
1785205400.221616983,15,233.093750,5682.000
1785205400.221616983,15,234.718750,5546.500
1785205400.221616983,15,242.843750,5004.000
1785205400.221616983,15,244.453125,4904.750
1785205400.221616983,15,246.062500,4818.000
1785205400.221616983,15,247.703125,4768.750
1785205400.221616983,15,249.312500,4733.250
1785205400.221616983,15,250.953125,4683.000
1785205400.221616983,15,252.578125,4636.750
1785205400.221616983,15,254.203125,4591.750
1785205400.221616983,15,255.812500,4636.500
1785205400.221616983,15,257.421875,4696.000
1785205400.221616983,15,260.640625,4914.000
1785205400.221616983,15,262.265625,4902.250
1785205400.221616983,15,263.890625,4884.000
1785205400.221616983,15,265.515625,4886.000
1785205400.221616983,15,267.125000,4903.500
1785205400.221616983,15,268.734375,4898.500
1785205400.221616983,15,270.343750,4896.500
1785205400.221616983,15,271.968750,4895.750
1785205400.221616983,15,273.593750,4897.000
1785205400.221616983,15,275.250000,4922.000
1785205400.221616983,15,276.859375,4956.000
1785205400.221616983,15,278.500000,4968.750
1785205400.221616983,15,280.109375,4990.000
1785205400.221616983,15,283.375000,4796.750
1785205400.221616983,15,286.625000,4470.250
1785205400.221616983,15,288.250000,4454.250
1785205400.221616983,15,289.859375,4509.500
1785205400.221616983,15,291.484375,4577.750
1785205400.221616983,15,293.093750,4645.500
1785205400.221616983,15,294.703125,4693.500
1785205400.221616983,15,297.921875,5204.250
1785205400.221616983,15,299.578125,5330.000
1785205400.221616983,15,301.203125,5431.750
1785205400.221616983,15,302.828125,5515.250
1785205400.221616983,15,304.437500,5620.000
1785205400.221616983,15,306.062500,5759.250
1785205400.221616983,15,307.671875,5900.750
1785205400.221616983,15,309.296875,6000.250
1785205400.221616983,15,312.515625,6370.000
1785205400.221616983,15,314.140625,6519.500
1785205400.221616983,15,317.375000,6986.500
1785205400.336939096,11,9.421875,5227.500
1785205400.336939096,13,11.000000,5173.500
1785205400.336939096,13,12.640625,5162.500
1785205400.336939096,15,14.265625,5152.000
1785205400.336939096,15,15.890625,5131.250
1785205400.336939096,15,17.484375,5123.250
1785205400.336939096,15,19.109375,5121.000
1785205400.336939096,13,20.734375,5103.000
1785205400.336939096,8,182.640625,10227.250
1785205400.336939096,15,211.812500,8601.750
1785205400.336939096,15,224.828125,6510.250
1785205400.336939096,15,229.687500,5985.500
1785205400.336939096,15,231.296875,5875.000
1785205400.336939096,15,232.921875,5728.500
1785205400.336939096,15,234.531250,5589.750
1785205400.336939096,15,244.296875,4904.250
1785205400.336939096,15,245.921875,4821.500
1785205400.336939096,15,247.531250,4774.000
1785205400.336939096,15,249.140625,4745.000
1785205400.336939096,15,250.812500,4719.000
1785205400.336939096,15,252.437500,4689.000
1785205400.336939096,15,254.062500,4650.500
1785205400.336939096,15,255.671875,4673.000
1785205400.336939096,15,257.296875,4700.250
1785205400.336939096,15,260.500000,4979.500
1785205400.336939096,15,262.140625,4941.500
1785205400.336939096,15,263.750000,4954.500
1785205400.336939096,15,265.390625,4922.000
1785205400.336939096,15,266.984375,4906.000
1785205400.336939096,15,268.625000,4905.000
1785205400.336939096,15,270.234375,4900.000
1785205400.336939096,15,271.859375,4920.250
1785205400.336939096,15,273.468750,4926.500
1785205400.336939096,15,275.125000,4943.750
1785205400.336939096,15,276.750000,4973.250
1785205400.336939096,15,278.359375,4988.250
1785205400.336939096,15,279.968750,5025.750
1785205400.336939096,15,283.218750,4830.500
1785205400.336939096,15,286.484375,4500.750
1785205400.336939096,15,288.109375,4517.750
1785205400.336939096,15,289.734375,4557.000
1785205400.336939096,15,291.359375,4609.250
1785205400.336939096,15,292.968750,4674.500
1785205400.336939096,15,294.578125,4717.750
1785205400.336939096,15,297.812500,5241.500
1785205400.336939096,15,299.453125,5339.750
1785205400.336939096,15,301.078125,5439.500
1785205400.336939096,15,302.703125,5546.250
1785205400.336939096,15,304.312500,5646.500
1785205400.336939096,15,305.921875,5775.000
1785205400.336939096,15,307.546875,5917.250
1785205400.336939096,15,309.171875,6049.500
1785205400.336939096,15,312.406250,6429.500
1785205400.336939096,15,314.015625,6573.000
1785205400.336939096,14,317.265625,7035.750
1785205400.450817108,11,4.500000,5212.000
1785205400.450817108,13,6.109375,5180.250
1785205400.450817108,15,7.750000,5151.250
1785205400.450817108,15,9.375000,5136.750
1785205400.450817108,15,10.953125,5117.500
1785205400.450817108,15,12.562500,5106.500
1785205400.450817108,15,14.203125,5095.250
1785205400.450817108,15,15.812500,5091.000
1785205400.450817108,15,17.437500,5086.250
1785205400.450817108,14,19.062500,5080.750
1785205400.450817108,15,20.687500,5090.250
1785205400.450817108,8,174.640625,10140.000
1785205400.450817108,8,176.265625,10204.500
1785205400.450817108,8,177.890625,10173.750
1785205400.450817108,9,182.828125,10196.500
1785205400.450817108,15,212.000000,8588.500
1785205400.450817108,15,226.656250,6358.750
1785205400.450817108,15,229.906250,5983.750
1785205400.450817108,15,231.546875,5870.500
1785205400.450817108,15,234.796875,5599.500
1785205400.450817108,15,244.546875,4938.750
1785205400.450817108,15,246.171875,4848.500
1785205400.450817108,15,247.812500,4787.500
1785205400.450817108,15,249.437500,4752.250
1785205400.450817108,15,251.078125,4721.000
1785205400.450817108,15,252.718750,4693.500
1785205400.450817108,15,254.343750,4662.250
1785205400.450817108,15,255.937500,4692.750
1785205400.450817108,15,257.562500,4735.250
1785205400.450817108,15,260.796875,4996.000
1785205400.450817108,15,262.421875,4999.750
1785205400.450817108,15,264.046875,4978.500
1785205400.450817108,15,265.687500,4959.750
1785205400.450817108,15,267.296875,4950.750
1785205400.450817108,15,268.921875,4949.250
1785205400.450817108,15,270.546875,4950.750
1785205400.450817108,15,272.156250,4948.000
1785205400.450817108,15,273.781250,4979.500
1785205400.450817108,15,275.375000,5004.250
1785205400.450817108,15,276.984375,5015.000
1785205400.450817108,15,278.609375,5035.750
1785205400.450817108,15,280.203125,5064.500
1785205400.450817108,15,283.484375,4828.250
1785205400.450817108,15,286.734375,4507.000
1785205400.450817108,15,288.343750,4542.750
1785205400.450817108,15,289.984375,4595.000
1785205400.450817108,15,291.593750,4656.000
1785205400.450817108,15,293.203125,4711.500
1785205400.450817108,15,294.812500,4742.750
1785205400.450817108,15,298.031250,5308.250
1785205400.450817108,15,299.734375,5397.250
1785205400.450817108,15,301.359375,5492.500
1785205400.450817108,15,302.968750,5600.750
1785205400.450817108,15,304.593750,5723.750
1785205400.450817108,15,306.218750,5850.500
1785205400.450817108,15,307.828125,5937.750
1785205400.450817108,15,312.687500,6486.250
1785205400.562464952,11,8.187500,5204.000
1785205400.562464952,12,9.812500,5168.500
1785205400.562464952,15,11.343750,5143.500
1785205400.562464952,13,12.968750,5123.500
1785205400.562464952,15,14.578125,5097.500
1785205400.562464952,15,16.203125,5081.500
1785205400.562464952,13,17.812500,5073.750
1785205400.562464952,15,19.437500,5070.000
1785205400.562464952,14,21.062500,5075.250
1785205400.562464952,15,143.718750,105.500
1785205400.562464952,15,168.640625,9876.000
1785205400.562464952,8,178.343750,9903.750
1785205400.562464952,8,186.468750,10122.250
1785205400.562464952,9,205.937500,10131.750
1785205400.562464952,9,207.562500,9909.500
1785205400.562464952,15,217.328125,7679.250
1785205400.562464952,15,228.734375,6116.750
1785205400.562464952,15,230.359375,5992.250
1785205400.562464952,15,231.984375,5879.500
1785205400.562464952,15,233.609375,5732.250
1785205400.562464952,15,235.234375,5601.500
1785205400.562464952,15,243.390625,5046.250
1785205400.562464952,15,248.265625,4801.500
1785205400.562464952,15,249.859375,4764.750
1785205400.562464952,15,251.531250,4744.750
1785205400.562464952,15,253.140625,4721.000
1785205400.562464952,15,254.781250,4693.500
1785205400.562464952,15,256.390625,4717.750
1785205400.562464952,15,258.015625,4787.750
1785205400.562464952,15,261.234375,5041.250
1785205400.562464952,15,262.875000,5023.500
1785205400.562464952,15,264.500000,5009.500
1785205400.562464952,15,266.125000,5009.500
1785205400.562464952,15,267.734375,4996.750
1785205400.562464952,15,269.375000,4987.500
1785205400.562464952,15,270.984375,4992.250
1785205400.562464952,15,272.593750,4989.250
1785205400.562464952,15,274.234375,5004.250
1785205400.562464952,15,275.812500,5038.000
1785205400.562464952,15,277.437500,5065.250
1785205400.562464952,15,279.062500,5093.750
1785205400.562464952,15,280.671875,5110.500
1785205400.562464952,15,283.937500,4774.750
1785205400.562464952,15,287.203125,4545.000
1785205400.562464952,15,288.812500,4586.500
1785205400.562464952,15,290.421875,4649.000
1785205400.562464952,15,292.046875,4711.000
1785205400.562464952,15,293.656250,4738.750
1785205400.562464952,15,296.875000,5267.750
1785205400.562464952,15,298.593750,5380.000
1785205400.562464952,15,300.218750,5469.000
1785205400.562464952,15,301.828125,5552.750
1785205400.562464952,15,303.453125,5670.250
1785205400.562464952,15,305.078125,5821.000
1785205400.562464952,15,306.703125,5935.500
1785205400.562464952,15,308.312500,6020.500
1785205400.562464952,15,311.562500,6449.750
1785205400.562464952,15,313.171875,6585.500
1785205400.677242041,12,8.734375,5222.000
1785205400.677242041,13,10.359375,5151.750
1785205400.677242041,14,11.843750,5138.500
1785205400.677242041,15,13.453125,5122.000
1785205400.677242041,15,15.078125,5096.000
1785205400.677242041,13,16.718750,5083.250
1785205400.677242041,15,18.312500,5086.250
1785205400.677242041,15,19.937500,5094.250
1785205400.677242041,8,177.328125,10150.250
1785205400.677242041,10,178.937500,10111.750
1785205400.677242041,8,182.171875,10139.000
1785205400.677242041,9,183.796875,10203.500
1785205400.677242041,7,185.421875,10160.000
1785205400.677242041,7,188.671875,10257.750
1785205400.677242041,15,213.062500,8490.250
1785205400.677242041,15,227.718750,6343.000
1785205400.677242041,15,230.968750,5973.250
1785205400.677242041,15,232.609375,5875.000
1785205400.677242041,15,234.234375,5738.500
1785205400.677242041,11,235.859375,5589.250
1785205400.677242041,15,237.500000,5486.750
1785205400.677242041,15,240.765625,5101.000
1785205400.677242041,15,242.406250,5091.500
1785205400.677242041,15,244.015625,5031.250
1785205400.677242041,15,245.640625,4960.000
1785205400.677242041,15,247.265625,4880.000
1785205400.677242041,15,248.890625,4829.000
1785205400.677242041,15,250.515625,4786.250
1785205400.677242041,15,252.140625,4745.500
1785205400.677242041,15,253.750000,4717.750
1785205400.677242041,15,255.390625,4742.500
1785205400.677242041,15,257.000000,4778.500
1785205400.677242041,15,260.234375,5014.000
1785205400.677242041,15,261.843750,5069.750
1785205400.677242041,15,263.484375,5059.750
1785205400.677242041,15,265.109375,5038.750
1785205400.677242041,15,266.718750,5019.500
1785205400.677242041,15,268.343750,5017.250
1785205400.677242041,15,269.968750,5024.250
1785205400.677242041,15,271.578125,5032.000
1785205400.677242041,15,273.203125,5056.750
1785205400.677242041,15,274.781250,5073.750
1785205400.677242041,15,276.421875,5077.000
1785205400.677242041,15,278.031250,5092.750
1785205400.677242041,15,279.656250,5117.750
1785205400.677242041,15,281.281250,5081.750
1785205400.677242041,15,286.156250,4565.500
1785205400.677242041,15,287.781250,4608.000
1785205400.677242041,15,289.390625,4669.500
1785205400.677242041,15,291.015625,4702.750
1785205400.677242041,15,292.625000,4738.000
1785205400.677242041,15,294.218750,4782.750
1785205400.677242041,15,297.437500,5359.250
1785205400.677242041,15,299.203125,5437.250
1785205400.677242041,15,300.828125,5530.000
1785205400.677242041,15,302.453125,5640.750
1785205400.677242041,15,304.062500,5760.000
1785205400.677242041,15,305.703125,5893.250
1785205400.677242041,15,307.312500,5982.000
1785205400.677242041,15,312.171875,6502.000
1785205400.792508841,15,1.062500,5234.250
1785205400.792508841,13,2.703125,5200.500
1785205400.792508841,11,4.328125,5171.000
1785205400.792508841,10,5.953125,5167.500
1785205400.792508841,15,7.578125,5155.250
1785205400.792508841,12,9.203125,5135.000
1785205400.792508841,13,10.796875,5115.000
1785205400.792508841,14,12.437500,5109.750
1785205400.792508841,15,14.046875,5108.750
1785205400.792508841,15,15.656250,5108.000
1785205400.792508841,15,17.296875,5106.500
1785205400.792508841,15,18.906250,5109.750
1785205400.792508841,10,20.531250,5110.500
1785205400.792508841,15,211.953125,8687.250
1785205400.792508841,15,220.093750,7286.000
1785205400.792508841,15,229.890625,6100.500
1785205400.792508841,15,231.531250,5964.500
1785205400.792508841,15,233.156250,5857.750
1785205400.792508841,15,234.781250,5739.000
1785205400.792508841,15,236.406250,5626.000
1785205400.792508841,15,239.687500,5223.500
1785205400.792508841,15,244.562500,5045.000
1785205400.792508841,15,246.187500,4986.500
1785205400.792508841,15,247.812500,4909.750
1785205400.792508841,15,249.453125,4844.000
1785205400.792508841,15,251.062500,4784.250
1785205400.792508841,15,252.671875,4751.750
1785205400.792508841,15,254.312500,4731.250
1785205400.792508841,15,255.953125,4763.750
1785205400.792508841,15,257.562500,4798.500
1785205400.792508841,15,260.781250,5088.000
1785205400.792508841,15,262.390625,5081.000
1785205400.792508841,15,264.031250,5077.750
1785205400.792508841,15,265.656250,5052.750
1785205400.792508841,15,267.265625,5043.500
1785205400.792508841,15,268.906250,5054.250
1785205400.792508841,15,270.531250,5052.750
1785205400.792508841,15,272.156250,5063.500
1785205400.792508841,15,273.781250,5080.000
1785205400.792508841,15,275.328125,5083.250
1785205400.792508841,15,276.953125,5094.500
1785205400.792508841,15,278.562500,5121.250
1785205400.792508841,15,280.203125,5147.500
1785205400.792508841,15,283.437500,4910.250
1785205400.792508841,15,286.718750,4584.000
1785205400.792508841,15,288.328125,4645.500
1785205400.792508841,15,289.937500,4701.500
1785205400.792508841,15,291.546875,4740.750
1785205400.792508841,15,293.187500,4777.000
1785205400.792508841,15,296.375000,5320.000
1785205400.792508841,15,298.015625,5422.500
1785205400.792508841,15,299.781250,5488.750
1785205400.792508841,15,301.406250,5598.750
1785205400.792508841,15,303.031250,5724.750
1785205400.792508841,15,304.671875,5853.750
1785205400.792508841,15,306.281250,5974.500
1785205400.792508841,15,307.921875,6099.000
1785205400.792508841,15,311.156250,6477.250
1785205400.792508841,15,312.781250,6603.000
1785205400.902875900,10,9.812500,5249.000
1785205400.902875900,10,11.390625,5231.750
1785205400.902875900,10,13.015625,5219.000
1785205400.902875900,11,14.640625,5194.500
1785205400.902875900,15,16.250000,5176.000
1785205400.902875900,15,17.875000,5192.750
1785205400.902875900,10,19.515625,5200.250
1785205400.902875900,7,21.140625,5210.500
1785205400.902875900,10,178.546875,10102.000
1785205400.902875900,8,186.671875,10137.500
1785205400.902875900,15,188.296875,10194.750
1785205400.902875900,15,212.718750,8626.500
1785205400.902875900,15,215.968750,7991.000
1785205400.902875900,15,220.875000,7233.250
1785205400.902875900,15,227.343750,6428.250
1785205400.902875900,15,230.609375,6066.750
1785205400.902875900,15,232.234375,5932.500
1785205400.902875900,15,233.859375,5810.000
1785205400.902875900,15,235.468750,5693.000
1785205400.902875900,15,243.625000,5115.750
1785205400.902875900,15,245.265625,5019.000
1785205400.902875900,15,246.875000,4958.250
1785205400.902875900,15,248.500000,4911.750
1785205400.902875900,15,250.125000,4871.750
1785205400.902875900,15,251.750000,4809.750
1785205400.902875900,15,253.406250,4751.000
1785205400.902875900,15,255.015625,4777.250
1785205400.902875900,15,256.625000,4810.500
1785205400.902875900,15,258.250000,4879.250
1785205400.902875900,15,259.859375,5032.500
1785205400.902875900,15,261.484375,5109.750
1785205400.902875900,15,263.109375,5102.250
1785205400.902875900,15,264.734375,5090.250
1785205400.902875900,15,266.359375,5075.250
1785205400.902875900,15,267.968750,5068.250
1785205400.902875900,15,269.609375,5062.000
1785205400.902875900,15,271.218750,5071.500
1785205400.902875900,15,272.859375,5091.000
1785205400.902875900,15,274.453125,5104.000
1785205400.902875900,15,276.078125,5116.250
1785205400.902875900,15,277.703125,5117.000
1785205400.902875900,15,279.312500,5132.750
1785205400.902875900,15,280.937500,5104.000
1785205400.902875900,15,282.562500,5004.250
1785205400.902875900,15,285.828125,4607.750
1785205400.902875900,15,287.437500,4654.750
1785205400.902875900,15,289.078125,4708.250
1785205400.902875900,15,290.687500,4744.000
1785205400.902875900,15,292.296875,4772.250
1785205400.902875900,15,293.921875,4825.000
1785205400.902875900,15,297.140625,5437.250
1785205400.902875900,15,298.859375,5507.500
1785205400.902875900,15,300.468750,5596.500
1785205400.902875900,15,302.125000,5689.750
1785205400.902875900,15,303.734375,5820.250
1785205400.902875900,15,305.359375,5945.500
1785205400.902875900,15,306.984375,6056.500
1785205400.902875900,15,310.234375,6447.250
1785205400.902875900,15,311.843750,6568.750
1785205400.902875900,15,316.718750,7242.250
1785205401.017354965,11,7.312500,5194.500
1785205401.017354965,14,8.937500,5156.000
1785205401.017354965,14,10.546875,5148.500
1785205401.017354965,13,12.187500,5149.250
1785205401.017354965,15,13.812500,5122.750
1785205401.017354965,15,15.437500,5109.750
1785205401.017354965,15,17.046875,5119.500
1785205401.017354965,15,18.671875,5130.250
1785205401.017354965,12,20.312500,5138.500
1785205401.017354965,15,141.859375,104.250
1785205401.017354965,7,179.375000,10193.250
1785205401.017354965,8,206.968750,10048.000
1785205401.017354965,15,213.484375,8492.250
1785205401.017354965,15,216.765625,7904.500
1785205401.017354965,15,221.640625,7151.250
1785205401.017354965,15,228.109375,6382.500
1785205401.017354965,15,231.359375,6012.750
1785205401.017354965,15,232.984375,5907.250
1785205401.017354965,15,234.609375,5795.250
1785205401.017354965,15,241.125000,5191.250
1785205401.017354965,15,242.734375,5135.250
1785205401.017354965,15,244.375000,5093.000
1785205401.017354965,15,245.984375,5031.500
1785205401.017354965,15,247.625000,4962.250
1785205401.017354965,15,249.250000,4923.500
1785205401.017354965,15,250.906250,4872.000
1785205401.017354965,15,252.515625,4807.250
1785205401.017354965,15,254.140625,4765.500
1785205401.017354965,15,255.765625,4817.750
1785205401.017354965,15,257.390625,4867.500
1785205401.017354965,15,260.625000,5133.500
1785205401.017354965,15,262.250000,5123.500
1785205401.017354965,15,263.859375,5116.250
1785205401.017354965,15,265.500000,5104.750
1785205401.017354965,15,267.125000,5104.000
1785205401.017354965,15,268.718750,5113.000
1785205401.017354965,15,270.359375,5113.000
1785205401.017354965,15,271.968750,5108.000
1785205401.017354965,15,273.593750,5108.000
1785205401.017354965,15,275.203125,5123.500
1785205401.017354965,15,276.812500,5138.500
1785205401.017354965,15,278.437500,5165.000
1785205401.017354965,15,280.062500,5181.750
1785205401.017354965,15,283.312500,4899.000
1785205401.017354965,15,286.562500,4673.750
1785205401.017354965,15,288.171875,4717.000
1785205401.017354965,15,289.796875,4753.750
1785205401.017354965,15,291.421875,4777.750
1785205401.017354965,15,293.046875,4835.000
1785205401.017354965,15,296.250000,5399.750
1785205401.017354965,15,297.875000,5483.000
1785205401.017354965,15,299.593750,5569.000
1785205401.017354965,15,301.234375,5674.000
1785205401.017354965,15,302.859375,5802.750
1785205401.017354965,15,304.468750,5918.250
1785205401.017354965,15,306.109375,6017.250
1785205401.017354965,15,309.359375,6368.500
1785205401.017354965,15,310.968750,6518.250
1785205401.017354965,15,315.843750,7180.250
1785205401.128861904,10,6.375000,5225.000
1785205401.128861904,11,7.984375,5193.500
1785205401.128861904,11,9.609375,5172.500
1785205401.128861904,12,11.218750,5158.750
1785205401.128861904,13,12.843750,5158.750
1785205401.128861904,14,14.500000,5155.000
1785205401.128861904,15,16.109375,5162.500
1785205401.128861904,15,17.734375,5202.750
1785205401.128861904,11,19.359375,5223.250
1785205401.128861904,15,143.484375,105.500
1785205401.128861904,15,212.484375,8678.250
1785205401.128861904,15,220.625000,7300.000
1785205401.128861904,15,222.250000,7103.750
1785205401.128861904,15,230.359375,6132.250
1785205401.128861904,15,231.968750,6000.000
1785205401.128861904,15,233.593750,5906.250
1785205401.128861904,15,235.218750,5778.750
1785205401.128861904,15,236.843750,5658.750
1785205401.128861904,15,240.093750,5312.250
1785205401.128861904,15,244.968750,5090.500
1785205401.128861904,15,246.593750,5043.500
1785205401.128861904,15,248.218750,4991.500
1785205401.128861904,15,249.828125,4948.000
1785205401.128861904,15,251.515625,4893.750
1785205401.128861904,15,253.125000,4823.500
1785205401.128861904,15,254.734375,4775.750
1785205401.128861904,15,258.000000,4969.000
1785205401.128861904,15,259.609375,5074.500
1785205401.128861904,15,261.218750,5143.250
1785205401.128861904,15,262.843750,5136.000
1785205401.128861904,15,264.468750,5123.500
1785205401.128861904,15,266.078125,5124.500
1785205401.128861904,15,267.718750,5130.250
1785205401.128861904,15,269.328125,5126.000
1785205401.128861904,15,270.953125,5127.750
1785205401.128861904,15,272.562500,5126.250
1785205401.128861904,15,274.203125,5122.000
1785205401.128861904,15,275.796875,5146.000
1785205401.128861904,15,277.421875,5166.000
1785205401.128861904,15,279.046875,5176.750
1785205401.128861904,15,280.671875,5148.000
1785205401.128861904,15,282.296875,5051.250
1785205401.128861904,15,285.546875,4687.500
1785205401.128861904,15,287.171875,4717.000
1785205401.128861904,15,288.781250,4751.750
1785205401.128861904,15,290.406250,4798.000
1785205401.128861904,15,292.031250,4841.000
1785205401.128861904,15,293.640625,4903.250
1785205401.128861904,15,296.859375,5476.250
1785205401.128861904,15,298.546875,5553.750
1785205401.128861904,15,300.171875,5640.750
1785205401.128861904,15,301.796875,5755.000
1785205401.128861904,15,303.421875,5890.000
1785205401.128861904,15,305.031250,5987.750
1785205401.128861904,15,308.281250,6355.500
1785205401.128861904,15,309.921875,6487.500
1785205401.128861904,15,311.531250,6640.500
1785205401.128861904,15,314.765625,7085.500
1785205401.128861904,15,316.390625,7286.000
1785205401.243397951,10,5.359375,5221.000
1785205401.243397951,11,7.000000,5165.000
1785205401.243397951,14,8.640625,5159.250
1785205401.243397951,9,10.250000,5165.750
1785205401.243397951,14,11.796875,5154.500
1785205401.243397951,15,13.437500,5144.500
1785205401.243397951,15,15.062500,5121.000
1785205401.243397951,15,16.671875,5124.250
1785205401.243397951,10,18.312500,5170.000
1785205401.243397951,10,19.921875,5187.500
1785205401.243397951,8,177.343750,10087.500
1785205401.243397951,7,183.859375,10138.500
1785205401.243397951,11,206.562500,10089.000
1785205401.243397951,15,213.078125,8599.000
1785205401.243397951,15,217.953125,7761.000
1785205401.243397951,15,221.218750,7294.750
1785205401.243397951,15,227.718750,6474.500
1785205401.243397951,15,232.640625,5968.500
1785205401.243397951,15,234.250000,5891.000
1785205401.243397951,15,235.859375,5765.250
1785205401.243397951,15,237.500000,5619.750
1785205401.243397951,15,244.015625,5192.250
1785205401.243397951,15,248.890625,4992.250
1785205401.243397951,15,250.531250,4943.500
1785205401.243397951,15,252.156250,4903.750
1785205401.243397951,15,253.765625,4843.500
1785205401.243397951,15,255.390625,4875.750
1785205401.243397951,15,257.031250,4928.000
1785205401.243397951,15,260.250000,5124.250
1785205401.243397951,15,261.890625,5155.000
1785205401.243397951,15,263.500000,5141.000
1785205401.243397951,15,265.125000,5146.750
1785205401.243397951,15,266.734375,5141.000
1785205401.243397951,15,268.375000,5138.500
1785205401.243397951,15,270.000000,5143.250
1785205401.243397951,15,271.609375,5151.750
1785205401.243397951,15,273.234375,5180.250
1785205401.243397951,15,274.796875,5181.750
1785205401.243397951,15,276.390625,5185.250
1785205401.243397951,15,278.031250,5200.250
1785205401.243397951,15,279.640625,5226.000
1785205401.243397951,15,282.890625,4962.250
1785205401.243397951,15,286.125000,4703.000
1785205401.243397951,15,287.765625,4737.250
1785205401.243397951,15,289.375000,4759.750
1785205401.243397951,15,291.000000,4827.250
1785205401.243397951,15,292.609375,4920.750
1785205401.243397951,15,295.812500,5452.250
1785205401.243397951,15,297.421875,5537.250
1785205401.243397951,15,299.140625,5618.750
1785205401.243397951,15,300.765625,5726.000
1785205401.243397951,15,302.375000,5852.250
1785205401.243397951,15,304.015625,5947.750
1785205401.243397951,15,308.875000,6459.000
1785205401.243397951,15,310.484375,6577.000
1785205401.243397951,15,315.343750,7254.750
1785205401.358217955,13,4.343750,5212.250
1785205401.358217955,9,5.968750,5207.750
1785205401.358217955,15,7.593750,5179.500
1785205401.358217955,12,9.234375,5141.500
1785205401.358217955,11,10.750000,5151.250
1785205401.358217955,10,12.375000,5165.000
1785205401.358217955,15,14.000000,5136.000
1785205401.358217955,15,15.625000,5136.750
1785205401.358217955,15,17.250000,5184.250
1785205401.358217955,7,184.171875,10179.250
1785205401.358217955,9,185.796875,10168.500
1785205401.358217955,15,215.000000,8258.250
1785205401.358217955,15,221.531250,7259.750
1785205401.358217955,15,231.312500,6097.250
1785205401.358217955,15,232.937500,5983.250
1785205401.358217955,15,234.562500,5908.500
1785205401.358217955,15,236.187500,5776.000
1785205401.358217955,15,237.812500,5648.750
1785205401.358217955,15,242.718750,5210.000
1785205401.358217955,15,247.593750,5055.750
1785205401.358217955,15,249.203125,5019.750
1785205401.358217955,15,250.843750,4963.750
1785205401.358217955,15,252.453125,4912.000
1785205401.358217955,15,254.093750,4852.500
1785205401.358217955,15,255.718750,4899.750
1785205401.358217955,15,257.328125,4959.000
1785205401.358217955,15,260.578125,5166.000
1785205401.358217955,15,262.203125,5180.750
1785205401.358217955,15,263.812500,5174.250
1785205401.358217955,15,265.453125,5160.000
1785205401.358217955,15,267.078125,5150.750
1785205401.358217955,15,268.687500,5165.000
1785205401.358217955,15,270.312500,5172.500
1785205401.358217955,15,271.921875,5165.750
1785205401.358217955,15,273.546875,5167.500
1785205401.358217955,15,275.078125,5175.000
1785205401.358217955,15,276.687500,5221.000
1785205401.358217955,15,278.328125,5250.750
1785205401.358217955,15,279.937500,5267.250
1785205401.358217955,15,283.187500,4962.750
1785205401.358217955,15,286.421875,4740.750
1785205401.358217955,15,288.031250,4770.250
1785205401.358217955,15,289.656250,4831.500
1785205401.358217955,15,291.265625,4903.750
1785205401.358217955,15,292.859375,4959.250
1785205401.358217955,15,296.062500,5509.500
1785205401.358217955,15,297.671875,5590.500
1785205401.358217955,15,299.421875,5693.000
1785205401.358217955,15,301.031250,5808.750
1785205401.358217955,15,302.656250,5911.500
1785205401.358217955,15,304.281250,6019.750
1785205401.358217955,15,305.890625,6163.750
1785205401.358217955,15,309.125000,6508.750
1785205401.358217955,15,310.750000,6633.000
1785205401.470010996,15,357.968750,5246.250
1785205401.470010996,11,359.593750,5218.250
1785205401.470010996,11,1.234375,5165.750
1785205401.470010996,14,2.843750,5146.750
1785205401.470010996,15,4.468750,5127.750
1785205401.470010996,14,6.109375,5115.500
1785205401.470010996,14,7.718750,5109.000
1785205401.470010996,12,9.343750,5092.750
1785205401.470010996,15,10.921875,5097.500
1785205401.470010996,15,12.531250,5083.500
1785205401.470010996,15,14.156250,5076.250
1785205401.470010996,15,15.765625,5128.000
1785205401.470010996,15,17.390625,5187.750
1785205401.470010996,7,19.000000,5239.750
1785205401.470010996,7,176.359375,10171.500
1785205401.470010996,8,182.843750,10133.750
1785205401.470010996,8,207.156250,10058.500
1785205401.470010996,15,218.562500,7732.750
1785205401.470010996,15,221.812500,7263.500
1785205401.470010996,15,229.984375,6332.250
1785205401.470010996,15,231.625000,6150.750
1785205401.470010996,15,233.250000,6008.250
1785205401.470010996,15,234.875000,5902.750
1785205401.470010996,15,236.515625,5801.250
1785205401.470010996,15,243.031250,5223.000
1785205401.470010996,15,244.656250,5145.000
1785205401.470010996,15,246.265625,5110.500
1785205401.470010996,15,247.921875,5088.000
1785205401.470010996,15,249.531250,5046.750
1785205401.470010996,15,251.156250,4987.750
1785205401.470010996,15,252.796875,4939.750
1785205401.470010996,15,254.406250,4889.250
1785205401.470010996,15,256.015625,4938.000
1785205401.470010996,15,257.640625,4995.250
1785205401.470010996,15,260.875000,5220.750
1785205401.470010996,15,262.500000,5199.500
1785205401.470010996,15,264.125000,5195.250
1785205401.470010996,15,265.750000,5202.000
1785205401.470010996,15,267.375000,5192.000
1785205401.470010996,15,268.984375,5176.000
1785205401.470010996,15,270.625000,5190.250
1785205401.470010996,15,272.234375,5208.750
1785205401.470010996,15,273.859375,5219.750
1785205401.470010996,15,275.453125,5242.000
1785205401.470010996,15,277.046875,5260.250
1785205401.470010996,15,278.687500,5287.250
1785205401.470010996,15,280.312500,5237.750
1785205401.470010996,15,281.937500,5114.000
1785205401.470010996,15,285.203125,4739.250
1785205401.470010996,15,286.812500,4760.500
1785205401.470010996,15,288.421875,4818.750
1785205401.470010996,15,290.031250,4895.250
1785205401.470010996,15,291.656250,4961.500
1785205401.470010996,15,293.296875,5020.500
1785205401.470010996,15,296.484375,5555.500
1785205401.470010996,15,298.109375,5638.750
1785205401.470010996,15,299.843750,5741.000
1785205401.470010996,15,301.453125,5870.000
1785205401.470010996,15,303.093750,5987.750
1785205401.470010996,15,304.703125,6106.000
1785205401.470010996,15,306.328125,6277.750
1785205401.470010996,15,307.953125,6442.250
1785205401.470010996,15,309.562500,6570.250
1785205401.470010996,15,312.812500,6994.250
1785205401.470010996,15,314.437500,7201.250
1785205401.584496975,15,353.625000,5262.000
1785205401.584496975,12,355.250000,5239.500
1785205401.584496975,13,356.890625,5192.750
1785205401.584496975,12,358.515625,5165.750
1785205401.584496975,13,0.140625,5165.000
1785205401.584496975,11,1.765625,5156.750
1785205401.584496975,14,3.390625,5152.500
1785205401.584496975,13,5.031250,5142.750
1785205401.584496975,14,6.656250,5127.750
1785205401.584496975,15,8.281250,5127.000
1785205401.584496975,12,9.906250,5134.250
1785205401.584496975,15,11.468750,5137.500
1785205401.584496975,15,13.093750,5113.000
1785205401.584496975,15,14.703125,5132.500
1785205401.584496975,15,16.343750,5174.500
1785205401.584496975,9,17.953125,5191.500
1785205401.584496975,8,19.562500,5246.750
1785205401.584496975,14,207.875000,9878.000
1785205401.584496975,15,212.765625,8680.000
1785205401.584496975,15,216.031250,8155.500
1785205401.584496975,15,219.296875,7651.500
1785205401.584496975,15,222.562500,7181.750
1785205401.584496975,15,229.062500,6443.750
1785205401.584496975,15,230.687500,6277.500
1785205401.584496975,15,233.937500,5968.750
1785205401.584496975,15,235.578125,5880.250
1785205401.584496975,15,238.828125,5514.750
1785205401.584496975,15,240.453125,5404.500
1785205401.584496975,15,245.328125,5157.500
1785205401.584496975,15,246.953125,5109.250
1785205401.584496975,15,248.578125,5066.000
1785205401.584496975,15,250.218750,5038.750
1785205401.584496975,15,251.843750,4992.250
1785205401.584496975,15,253.468750,4937.500
1785205401.584496975,15,255.078125,4929.250
1785205401.584496975,15,256.703125,4984.250
1785205401.584496975,15,258.328125,5059.000
1785205401.584496975,15,259.921875,5171.250
1785205401.584496975,15,261.562500,5239.500
1785205401.584496975,15,263.171875,5207.000
1785205401.584496975,15,264.796875,5196.000
1785205401.584496975,15,266.406250,5201.250
1785205401.584496975,15,268.046875,5197.000
1785205401.584496975,15,269.671875,5202.000
1785205401.584496975,15,271.296875,5216.250
1785205401.584496975,15,272.906250,5238.500
1785205401.584496975,15,274.500000,5268.750
1785205401.584496975,15,276.140625,5290.500
1785205401.584496975,15,277.750000,5310.000
1785205401.584496975,15,279.375000,5332.000
1785205401.584496975,15,282.609375,5018.250
1785205401.584496975,15,285.890625,4768.750
1785205401.584496975,15,287.484375,4822.750
1785205401.584496975,15,289.109375,4886.500
1785205401.584496975,15,290.734375,4951.750
1785205401.584496975,15,292.343750,5014.250
1785205401.584496975,15,295.546875,5549.750
1785205401.584496975,15,297.171875,5623.750
1785205401.584496975,15,298.921875,5730.250
1785205401.584496975,15,300.546875,5862.000
1785205401.584496975,15,302.171875,5960.000
1785205401.584496975,15,303.796875,6072.500
1785205401.584496975,15,307.046875,6422.750
1785205401.584496975,15,308.671875,6534.000
1785205401.584496975,15,313.546875,7162.750
1785205401.699704170,12,359.218750,5221.750
1785205401.699704170,12,0.843750,5179.250
1785205401.699704170,11,2.453125,5185.250
1785205401.699704170,13,4.125000,5174.250
1785205401.699704170,15,5.750000,5139.250
1785205401.699704170,14,7.359375,5122.750
1785205401.699704170,15,8.984375,5126.750
1785205401.699704170,13,10.546875,5119.500
1785205401.699704170,15,12.171875,5079.500
1785205401.699704170,15,13.796875,5079.750
1785205401.699704170,14,15.421875,5111.250
1785205401.699704170,13,17.046875,5124.000
1785205401.699704170,11,18.671875,5138.500
1785205401.699704170,8,20.281250,5175.250
1785205401.699704170,10,187.390625,10108.750
1785205401.699704170,11,208.531250,9903.500
1785205401.699704170,15,213.437500,8643.250
1785205401.699704170,15,218.312500,7804.250
1785205401.699704170,15,221.578125,7338.250
1785205401.699704170,15,223.203125,7132.500
1785205401.699704170,15,229.687500,6405.250
1785205401.699704170,15,234.578125,5949.250
1785205401.699704170,15,236.203125,5871.750
1785205401.699704170,15,237.828125,5760.750
1785205401.699704170,15,244.343750,5284.500
1785205401.699704170,15,249.218750,5100.250
1785205401.699704170,15,250.859375,5058.250
1785205401.699704170,15,252.468750,5015.000
1785205401.699704170,15,254.093750,4979.250
1785205401.699704170,15,255.703125,5021.750
1785205401.699704170,15,257.328125,5059.000
1785205401.699704170,15,260.562500,5273.250
1785205401.699704170,15,262.187500,5281.000
1785205401.699704170,15,263.796875,5266.250
1785205401.699704170,15,265.421875,5249.750
1785205401.699704170,15,267.046875,5242.000
1785205401.699704170,15,268.671875,5242.000
1785205401.699704170,15,270.296875,5262.000
1785205401.699704170,15,271.906250,5273.250
1785205401.699704170,15,273.546875,5268.750
1785205401.699704170,15,275.156250,5288.000
1785205401.699704170,15,276.765625,5317.750
1785205401.699704170,15,278.390625,5350.000
1785205401.699704170,15,280.015625,5294.250
1785205401.699704170,15,281.656250,5168.000
1785205401.699704170,15,284.921875,4771.500
1785205401.699704170,15,286.531250,4819.250
1785205401.699704170,15,288.140625,4891.250
1785205401.699704170,15,289.765625,4945.000
1785205401.699704170,15,291.375000,5002.250
1785205401.699704170,15,293.000000,5058.250
1785205401.699704170,15,296.203125,5622.000
1785205401.699704170,15,297.828125,5713.250
1785205401.699704170,15,299.546875,5816.000
1785205401.699704170,15,301.187500,5910.250
1785205401.699704170,15,302.796875,6014.000
1785205401.699704170,15,306.031250,6378.250
1785205401.699704170,15,307.656250,6502.250
1785205401.699704170,15,309.281250,6634.500
1785205401.699704170,15,310.906250,6803.750
1785205401.809965134,15,358.218750,5228.250
1785205401.809965134,11,359.843750,5205.250
1785205401.809965134,10,1.468750,5172.000
1785205401.809965134,15,3.109375,5164.000
1785205401.809965134,15,4.750000,5152.500
1785205401.809965134,13,6.375000,5131.000
1785205401.809965134,14,8.015625,5116.250
1785205401.809965134,15,9.656250,5117.000
1785205401.809965134,15,11.203125,5100.750
1785205401.809965134,15,12.828125,5094.250
1785205401.809965134,15,14.453125,5117.500
1785205401.809965134,14,16.062500,5129.000
1785205401.809965134,12,17.687500,5133.500
1785205401.809965134,11,19.312500,5161.750
1785205401.809965134,7,20.937500,5186.000
1785205401.809965134,8,176.531250,10137.000
1785205401.809965134,10,179.859375,10160.750
1785205401.809965134,7,184.734375,10160.000
1785205401.809965134,15,213.984375,8574.000
1785205401.809965134,15,218.875000,7762.500
1785205401.809965134,15,222.140625,7305.000
1785205401.809965134,15,223.781250,7090.000
1785205401.809965134,15,233.500000,6060.000
1785205401.809965134,15,235.125000,5954.250
1785205401.809965134,15,236.750000,5873.750
1785205401.809965134,15,243.265625,5311.000
1785205401.809965134,15,244.890625,5245.500
1785205401.809965134,15,246.515625,5186.000
1785205401.809965134,15,248.140625,5136.000
1785205401.809965134,15,249.765625,5107.250
1785205401.809965134,15,251.390625,5070.000
1785205401.809965134,15,253.031250,5020.500
1785205401.809965134,15,254.656250,4980.000
1785205401.809965134,15,256.265625,5017.000
1785205401.809965134,15,257.890625,5091.250
1785205401.809965134,15,261.140625,5331.250
1785205401.809965134,15,262.750000,5315.250
1785205401.809965134,15,264.375000,5289.750
1785205401.809965134,15,266.000000,5274.000
1785205401.809965134,15,267.625000,5282.750
1785205401.809965134,15,269.250000,5302.000
1785205401.809965134,15,270.859375,5301.000
1785205401.809965134,15,272.500000,5302.000
1785205401.809965134,15,274.109375,5341.000
1785205401.809965134,15,275.734375,5359.750
1785205401.809965134,15,277.375000,5357.000
1785205401.809965134,15,278.968750,5393.250
1785205401.809965134,15,282.250000,5056.750
1785205401.809965134,15,285.515625,4818.500
1785205401.809965134,15,287.140625,4878.250
1785205401.809965134,15,288.734375,4946.000
1785205401.809965134,15,290.343750,5007.500
1785205401.809965134,15,291.984375,5063.500
1785205401.809965134,15,295.187500,5602.500
1785205401.809965134,15,296.812500,5689.750
1785205401.809965134,15,298.500000,5780.500
1785205401.809965134,15,300.125000,5892.250
1785205401.809965134,15,301.750000,5984.500
1785205401.809965134,15,305.015625,6321.000
1785205401.809965134,15,306.625000,6467.750
1785205401.809965134,15,308.250000,6597.750
1785205401.809965134,15,309.875000,6781.250
1785205401.809965134,15,311.484375,6978.750
1785205401.809965134,15,313.109375,7180.750
1785205401.925338984,11,0.484375,5228.250
1785205401.925338984,15,2.125000,5239.500
1785205401.925338984,14,3.750000,5206.500
1785205401.925338984,13,5.375000,5171.500
1785205401.925338984,15,7.031250,5159.250
1785205401.925338984,13,8.640625,5153.250
1785205401.925338984,15,10.265625,5146.500
1785205401.925338984,15,11.828125,5102.250
1785205401.925338984,15,13.468750,5103.750
1785205401.925338984,13,15.062500,5118.000
1785205401.925338984,15,16.703125,5123.500
1785205401.925338984,11,18.328125,5163.750
1785205401.925338984,12,19.953125,5181.500
1785205401.925338984,15,196.781250,8205.000
1785205401.925338984,15,216.171875,8203.000
1785205401.925338984,15,219.421875,7705.000
1785205401.925338984,15,222.671875,7261.250
1785205401.925338984,15,232.453125,6197.500
1785205401.925338984,15,234.062500,6033.500
1785205401.925338984,15,235.703125,5942.000
1785205401.925338984,15,240.609375,5460.500
1785205401.925338984,15,245.468750,5238.000
1785205401.925338984,15,247.109375,5177.750
1785205401.925338984,15,248.718750,5132.750
1785205401.925338984,15,250.375000,5104.750
1785205401.925338984,15,252.000000,5074.500
1785205401.925338984,15,253.625000,5040.250
1785205401.925338984,15,255.250000,5028.000
1785205401.925338984,15,256.843750,5068.000
1785205401.925338984,15,258.468750,5167.500
1785205401.925338984,15,260.078125,5273.500
1785205401.925338984,15,261.703125,5316.250
1785205401.925338984,15,263.343750,5308.250
1785205401.925338984,15,264.968750,5304.500
1785205401.925338984,15,266.593750,5299.250
1785205401.925338984,15,268.203125,5307.250
1785205401.925338984,15,269.828125,5324.000
1785205401.925338984,15,271.453125,5333.000
1785205401.925338984,15,273.078125,5333.750
1785205401.925338984,15,274.640625,5323.250
1785205401.925338984,15,276.265625,5346.500
1785205401.925338984,15,277.890625,5386.000
1785205401.925338984,11,279.515625,5367.250
1785205401.925338984,15,284.406250,4856.000
1785205401.925338984,15,286.015625,4890.500
1785205401.925338984,15,287.609375,4958.750
1785205401.925338984,15,289.250000,5026.500
1785205401.925338984,15,290.859375,5057.500
1785205401.925338984,15,292.484375,5095.500
1785205401.925338984,15,295.703125,5650.500
1785205401.925338984,15,297.296875,5758.750
1785205401.925338984,15,299.015625,5881.250
1785205401.925338984,15,300.625000,5966.500
1785205401.925338984,15,303.875000,6267.000
1785205401.925338984,15,305.484375,6398.500
1785205401.925338984,15,307.109375,6511.250
1785205401.925338984,15,313.593750,7334.750
1785205401.925338984,13,342.968750,5451.000
1785205401.925338984,9,344.609375,5415.500
1785205401.925338984,9,346.234375,5340.500
1785205401.925338984,9,347.890625,5258.750
1785205401.925338984,12,349.515625,5202.500
1785205402.036919117,12,351.140625,5181.500
1785205402.036919117,13,352.781250,5172.500
1785205402.036919117,15,354.406250,5148.500
1785205402.036919117,15,356.046875,5130.250
1785205402.036919117,15,357.671875,5120.500
1785205402.036919117,13,359.296875,5096.750
1785205402.036919117,13,0.921875,5083.250
1785205402.036919117,15,2.546875,5091.250
1785205402.036919117,15,4.187500,5086.500
1785205402.036919117,14,5.812500,5069.750
1785205402.036919117,12,7.453125,5066.750
1785205402.036919117,14,9.078125,5017.750
1785205402.036919117,15,10.593750,5008.500
1785205402.036919117,13,12.218750,5052.000
1785205402.036919117,15,13.828125,5074.500
1785205402.036919117,13,15.453125,5083.250
1785205402.036919117,12,17.078125,5096.250
1785205402.036919117,15,18.687500,5135.000
1785205402.036919117,15,20.312500,5149.000
1785205402.036919117,15,167.796875,9890.750
1785205402.036919117,15,169.421875,9781.750
1785205402.036919117,8,182.375000,10133.750
1785205402.036919117,7,185.609375,10198.000
1785205402.036919117,8,187.234375,10273.250
1785205402.036919117,15,188.859375,10263.500
1785205402.036919117,15,213.203125,8734.750
1785205402.036919117,15,216.468750,8203.000
1785205402.036919117,15,219.718750,7712.000
1785205402.036919117,15,222.984375,7231.250
1785205402.036919117,15,224.593750,7074.250
1785205402.036919117,15,234.359375,6018.500
1785205402.036919117,15,235.984375,5937.500
1785205402.036919117,15,237.609375,5848.250
1785205402.036919117,15,240.875000,5467.000
1785205402.036919117,15,245.750000,5256.750
1785205402.036919117,15,247.375000,5190.500
1785205402.036919117,15,249.000000,5126.000
1785205402.036919117,15,250.640625,5101.500
1785205402.036919117,15,252.281250,5075.500
1785205402.036919117,15,253.921875,5044.250
1785205402.036919117,15,255.515625,5081.000
1785205402.036919117,15,257.140625,5120.500
1785205402.036919117,15,260.390625,5378.000
1785205402.036919117,15,262.015625,5355.250
1785205402.036919117,15,263.640625,5350.750
1785205402.036919117,15,265.250000,5336.500
1785205402.036919117,15,266.890625,5348.000
1785205402.036919117,15,268.500000,5357.000
1785205402.036919117,15,270.125000,5358.750
1785205402.036919117,15,271.750000,5364.250
1785205402.036919117,15,273.375000,5377.750
1785205402.036919117,15,274.937500,5397.750
1785205402.036919117,15,276.546875,5418.750
1785205402.036919117,15,278.171875,5440.000
1785205402.036919117,15,279.812500,5376.250
1785205402.036919117,15,281.437500,5230.000
1785205402.036919117,15,284.703125,4882.500
1785205402.036919117,15,286.312500,4931.250
1785205402.036919117,15,287.906250,4996.000
1785205402.036919117,15,289.546875,5042.750
1785205402.036919117,15,291.156250,5101.000
1785205402.036919117,15,294.359375,5633.500
1785205402.036919117,15,295.984375,5698.000
1785205402.036919117,15,297.593750,5823.250
1785205402.036919117,15,299.312500,5935.500
1785205402.036919117,15,300.937500,6007.000
1785205402.036919117,15,304.187500,6342.000
1785205402.036919117,15,305.812500,6487.500
1785205402.036919117,15,307.437500,6616.500
1785205402.036919117,15,309.031250,6791.000
1785205402.036919117,15,312.281250,7197.250
1785205402.036919117,11,341.687500,5497.000
1785205402.036919117,11,343.328125,5460.500
1785205402.036919117,8,344.968750,5408.750
1785205402.036919117,10,346.593750,5334.250
1785205402.036919117,13,348.234375,5253.500
1785205402.036919117,10,349.859375,5195.500
1785205402.151596069,11,351.500000,5164.000
1785205402.151596069,12,353.125000,5146.500
1785205402.151596069,11,354.734375,5135.000
1785205402.151596069,14,356.390625,5138.250
1785205402.151596069,15,358.000000,5125.250
1785205402.151596069,13,359.640625,5105.750
1785205402.151596069,15,1.265625,5124.250
1785205402.151596069,15,2.890625,5127.500
1785205402.151596069,11,4.515625,5100.750
1785205402.151596069,13,6.156250,5094.250
1785205402.151596069,15,7.796875,5095.000
1785205402.151596069,15,9.437500,5089.500
1785205402.151596069,15,10.937500,5064.500
1785205402.151596069,15,12.562500,5054.750
1785205402.151596069,14,14.171875,5081.250
1785205402.151596069,14,15.812500,5107.000
1785205402.151596069,13,17.406250,5135.250
1785205402.151596069,13,19.046875,5155.000
1785205402.151596069,15,20.656250,5171.000
1785205402.151596069,15,168.281250,9854.750
1785205402.151596069,15,169.921875,9737.000
1785205402.151596069,9,174.781250,10127.250
1785205402.151596069,11,176.406250,10111.250
1785205402.151596069,9,179.593750,10042.250
1785205402.151596069,9,181.218750,10054.500
1785205402.151596069,8,182.828125,10161.000
1785205402.151596069,9,184.453125,10207.000
1785205402.151596069,7,186.078125,10204.500
1785205402.151596069,9,208.734375,9928.500
1785205402.151596069,15,216.875000,8128.000
1785205402.151596069,15,218.484375,7916.000
1785205402.151596069,15,220.125000,7704.500
1785205402.151596069,15,223.375000,7224.750
1785205402.151596069,15,234.812500,6049.500
1785205402.151596069,15,236.421875,5956.500
1785205402.151596069,15,238.062500,5879.250
1785205402.151596069,10,242.937500,5367.500
1785205402.151596069,15,244.562500,5316.250
1785205402.151596069,15,249.453125,5150.750
1785205402.151596069,15,251.078125,5131.750
1785205402.151596069,15,252.703125,5109.750
1785205402.151596069,15,254.328125,5090.250
1785205402.151596069,15,255.953125,5110.750
1785205402.151596069,15,257.562500,5134.250
1785205402.151596069,15,260.812500,5401.250
1785205402.151596069,15,262.421875,5395.750
1785205402.151596069,15,264.046875,5372.500
1785205402.151596069,15,265.656250,5356.250
1785205402.151596069,15,267.281250,5367.000
1785205402.151596069,15,268.921875,5358.000
1785205402.151596069,15,270.546875,5370.500
1785205402.151596069,15,272.140625,5384.000
1785205402.151596069,15,273.781250,5385.000
1785205402.151596069,15,275.343750,5426.250
1785205402.151596069,15,276.937500,5459.500
1785205402.151596069,15,278.562500,5494.500
1785205402.151596069,15,281.828125,5124.000
1785205402.151596069,15,285.062500,4921.000
1785205402.151596069,15,286.687500,4984.750
1785205402.151596069,15,288.312500,5049.000
1785205402.151596069,15,289.921875,5098.500
1785205402.151596069,15,291.546875,5150.250
1785205402.151596069,15,294.734375,5692.750
1785205402.151596069,15,296.359375,5792.250
1785205402.151596069,15,297.984375,5906.250
1785205402.151596069,15,299.703125,5974.250
1785205402.151596069,15,301.328125,6077.250
1785205402.151596069,15,304.578125,6422.750
1785205402.151596069,15,306.187500,6523.000
1785205402.151596069,15,309.437500,6909.750
1785205402.151596069,15,311.046875,7118.500
1785205402.151596069,9,330.687500,6046.250
1785205402.151596069,11,332.343750,5947.250
1785205402.151596069,15,333.968750,5821.250
1785205402.151596069,8,335.593750,5724.500
1785205402.151596069,15,337.234375,5630.750
1785205402.151596069,10,338.859375,5558.250
1785205402.151596069,8,340.515625,5477.750
1785205402.151596069,8,345.406250,5228.500
1785205402.151596069,10,347.000000,5194.500
1785205402.151596069,13,348.625000,5168.500
1785205402.151596069,12,350.250000,5169.250
1785205402.265839100,12,351.875000,5176.750
1785205402.265839100,15,353.500000,5165.250
1785205402.265839100,15,355.140625,5145.250
1785205402.265839100,14,356.781250,5105.750
1785205402.265839100,10,358.390625,5079.250
1785205402.265839100,13,0.031250,5062.000
1785205402.265839100,13,1.656250,5053.500
1785205402.265839100,12,3.281250,5033.500
1785205402.265839100,15,4.906250,4983.250
1785205402.265839100,13,6.531250,4940.500
1785205402.265839100,9,8.171875,4914.000
1785205402.265839100,9,9.812500,4894.000
1785205402.265839100,10,11.359375,4878.250
1785205402.265839100,8,12.984375,4913.500
1785205402.265839100,11,14.609375,4951.500
1785205402.265839100,10,16.218750,4972.000
1785205402.265839100,11,17.843750,5026.500
1785205402.265839100,9,19.468750,5055.750
1785205402.265839100,11,21.093750,5077.000
1785205402.265839100,15,168.734375,9814.500
1785205402.265839100,15,170.359375,9714.500
1785205402.265839100,15,172.000000,9673.000
1785205402.265839100,11,175.234375,10133.000
1785205402.265839100,7,178.453125,10162.000
1785205402.265839100,8,180.093750,10144.000
1785205402.265839100,9,209.281250,9825.500
1785205402.265839100,15,214.171875,8608.500
1785205402.265839100,15,217.421875,8081.250
1785205402.265839100,15,222.312500,7362.000
1785205402.265839100,15,223.937500,7195.500
1785205402.265839100,15,232.078125,6350.750
1785205402.265839100,15,233.703125,6186.500
1785205402.265839100,15,235.328125,6040.250
1785205402.265839100,15,236.953125,5934.500
1785205402.265839100,15,238.593750,5817.500
1785205402.265839100,15,243.484375,5427.000
1785205402.265839100,15,245.078125,5368.000
1785205402.265839100,15,246.718750,5274.000
1785205402.265839100,15,248.328125,5203.000
1785205402.265839100,15,249.968750,5176.750
1785205402.265839100,15,251.562500,5146.000
1785205402.265839100,15,253.171875,5111.500
1785205402.265839100,15,254.796875,5077.750
1785205402.265839100,15,256.421875,5109.750
1785205402.265839100,15,258.031250,5198.000
1785205402.265839100,15,261.265625,5444.500
1785205402.265839100,15,262.875000,5439.000
1785205402.265839100,15,264.515625,5412.250
1785205402.265839100,15,266.140625,5410.500
1785205402.265839100,15,267.750000,5383.250
1785205402.265839100,15,269.359375,5390.750
1785205402.265839100,15,270.984375,5407.000
1785205402.265839100,15,272.593750,5403.250
1785205402.265839100,15,274.218750,5435.500
1785205402.265839100,15,275.843750,5462.250
1785205402.265839100,15,277.468750,5502.750
1785205402.265839100,11,279.093750,5461.250
1785205402.265839100,15,283.984375,4948.000
1785205402.265839100,15,285.609375,4989.000
1785205402.265839100,15,287.218750,5037.500
1785205402.265839100,15,288.843750,5094.500
1785205402.265839100,15,290.453125,5136.750
1785205402.265839100,15,293.656250,5670.500
1785205402.265839100,15,295.281250,5748.000
1785205402.265839100,15,296.890625,5852.500
1785205402.265839100,15,298.640625,5943.250
1785205402.265839100,15,300.265625,6032.000
1785205402.265839100,15,303.500000,6393.250
1785205402.265839100,15,305.125000,6492.750
1785205402.265839100,15,306.750000,6601.500
1785205402.265839100,15,311.609375,7243.500
1785205402.265839100,8,319.781250,6744.500
1785205402.265839100,15,324.687500,6273.750
1785205402.265839100,8,327.953125,6198.500
1785205402.265839100,8,336.109375,5626.000
1785205402.265839100,11,342.656250,5199.500
1785205402.265839100,12,344.265625,5168.250
1785205402.265839100,13,345.906250,5147.500
1785205402.265839100,15,347.531250,5127.000
1785205402.265839100,15,349.171875,5122.000
1785205402.376926899,15,350.796875,5136.500
1785205402.376926899,15,352.437500,5132.500
1785205402.376926899,15,354.078125,5114.500
1785205402.376926899,15,355.703125,5094.000
1785205402.376926899,11,357.312500,5066.250
1785205402.376926899,13,358.953125,5063.000
1785205402.376926899,12,0.593750,5063.500
1785205402.376926899,14,2.218750,5059.750
1785205402.376926899,12,3.843750,5042.750
1785205402.376926899,15,5.484375,4995.250
1785205402.376926899,15,7.125000,4968.000
1785205402.376926899,12,8.734375,4983.000
1785205402.376926899,10,10.359375,4967.500
1785205402.376926899,15,11.906250,4953.000
1785205402.376926899,12,13.515625,4987.000
1785205402.376926899,11,15.156250,5031.250
1785205402.376926899,14,16.781250,5060.500
1785205402.376926899,15,18.406250,5075.250
1785205402.376926899,12,20.031250,5092.750
1785205402.376926899,15,169.203125,9711.500
1785205402.376926899,15,170.828125,9646.500
1785205402.376926899,8,183.828125,10182.500
1785205402.376926899,8,198.484375,8191.250
1785205402.376926899,10,209.828125,9738.750
1785205402.376926899,15,213.078125,8816.000
1785205402.376926899,15,217.984375,8002.750
1785205402.376926899,15,219.609375,7779.750
1785205402.376926899,15,222.859375,7339.500
1785205402.376926899,15,224.484375,7158.000
1785205402.376926899,15,227.734375,6739.750
1785205402.376926899,15,232.625000,6326.750
1785205402.376926899,15,235.875000,6013.750
1785205402.376926899,15,237.500000,5948.500
1785205402.376926899,15,240.734375,5559.500
1785205402.376926899,15,245.625000,5352.000
1785205402.376926899,15,247.265625,5271.000
1785205402.376926899,15,248.875000,5210.500
1785205402.376926899,15,250.468750,5196.000
1785205402.376926899,15,252.093750,5166.750
1785205402.376926899,15,253.718750,5125.250
1785205402.376926899,15,255.328125,5151.250
1785205402.376926899,15,256.953125,5181.000
1785205402.376926899,15,260.187500,5457.500
1785205402.376926899,15,261.796875,5461.250
1785205402.376926899,15,263.437500,5466.000
1785205402.376926899,15,265.046875,5468.750
1785205402.376926899,15,266.656250,5464.000
1785205402.376926899,15,268.281250,5465.000
1785205402.376926899,15,269.890625,5468.750
1785205402.376926899,15,271.515625,5501.000
1785205402.376926899,15,273.140625,5506.500
1785205402.376926899,15,274.734375,5498.000
1785205402.376926899,15,276.359375,5491.250
1785205402.376926899,15,277.984375,5517.250
1785205402.376926899,15,279.578125,5487.750
1785205402.376926899,15,281.218750,5336.750
1785205402.376926899,15,284.468750,4986.500
1785205402.376926899,15,286.062500,5038.000
1785205402.376926899,15,287.703125,5076.500
1785205402.376926899,15,289.312500,5117.000
1785205402.376926899,15,290.921875,5156.750
1785205402.376926899,15,294.125000,5746.250
1785205402.376926899,15,295.734375,5858.750
1785205402.376926899,15,297.359375,5932.000
1785205402.376926899,15,299.125000,5987.750
1785205402.376926899,15,302.359375,6328.250
1785205402.376926899,15,303.984375,6468.000
1785205402.376926899,15,305.609375,6570.000
1785205402.376926899,15,307.218750,6720.000
1785205402.376926899,15,310.468750,7149.500
1785205402.376926899,12,343.046875,5207.000
1785205402.376926899,13,344.687500,5168.500
1785205402.376926899,15,346.328125,5135.250
1785205402.376926899,15,347.937500,5123.750
1785205402.376926899,12,349.578125,5120.250
1785205402.491662025,15,351.187500,5111.250
1785205402.491662025,15,352.812500,5100.750
1785205402.491662025,15,354.437500,5089.500
1785205402.491662025,15,356.078125,5078.500
1785205402.491662025,15,357.687500,5057.500
1785205402.491662025,15,359.328125,5033.500
1785205402.491662025,13,0.937500,5050.250
1785205402.491662025,11,2.578125,5032.000
1785205402.491662025,15,4.203125,4952.750
1785205402.491662025,9,5.828125,4906.000
1785205402.491662025,9,7.468750,4885.500
1785205402.491662025,12,9.078125,4853.750
1785205402.491662025,15,10.671875,4826.000
1785205402.491662025,12,12.281250,4826.750
1785205402.491662025,15,13.906250,4837.500
1785205402.491662025,9,15.531250,4847.250
1785205402.491662025,9,17.171875,4850.750
1785205402.491662025,8,18.765625,4870.250
1785205402.491662025,7,20.390625,4951.500
1785205402.491662025,15,143.046875,104.250
1785205402.491662025,15,167.921875,9791.000
1785205402.491662025,15,169.546875,9749.000
1785205402.491662025,9,180.937500,10133.750
1785205402.491662025,8,187.437500,10140.000
1785205402.491662025,15,198.843750,8155.750
1785205402.491662025,15,216.718750,8235.250
1785205402.491662025,15,218.343750,8014.250
1785205402.491662025,15,219.968750,7804.250
1785205402.491662025,15,223.234375,7319.500
1785205402.491662025,15,224.859375,7155.750
1785205402.491662025,15,231.343750,6501.750
1785205402.491662025,15,232.968750,6324.250
1785205402.491662025,15,234.593750,6165.000
1785205402.491662025,15,236.218750,6033.000
1785205402.491662025,15,237.859375,5918.500
1785205402.491662025,15,241.125000,5592.250
1785205402.491662025,15,245.984375,5358.500
1785205402.491662025,15,247.609375,5262.250
1785205402.491662025,15,249.234375,5232.750
1785205402.491662025,15,250.859375,5202.250
1785205402.491662025,15,252.468750,5155.750
1785205402.491662025,15,254.093750,5136.750
1785205402.491662025,15,255.703125,5166.250
1785205402.491662025,15,257.343750,5191.000
1785205402.491662025,15,260.546875,5518.000
1785205402.491662025,15,262.187500,5509.250
1785205402.491662025,15,263.812500,5513.000
1785205402.491662025,15,265.421875,5498.000
1785205402.491662025,15,267.062500,5473.500
1785205402.491662025,15,268.671875,5490.250
1785205402.491662025,15,270.296875,5483.750
1785205402.491662025,15,271.921875,5482.000
1785205402.491662025,15,273.515625,5524.500
1785205402.491662025,15,275.156250,5561.000
1785205402.491662025,15,276.750000,5568.750
1785205402.491662025,15,278.390625,5565.750
1785205402.491662025,15,283.281250,5012.750
1785205402.491662025,15,284.890625,5035.750
1785205402.491662025,15,286.500000,5077.000
1785205402.491662025,15,288.125000,5119.750
1785205402.491662025,15,289.750000,5163.500
1785205402.491662025,15,291.359375,5210.500
1785205402.491662025,15,294.578125,5836.250
1785205402.491662025,15,296.187500,5920.000
1785205402.491662025,15,297.796875,5995.750
1785205402.491662025,15,299.531250,6117.500
1785205402.491662025,15,301.140625,6261.000
1785205402.491662025,15,302.750000,6397.250
1785205402.491662025,15,304.390625,6533.000
1785205402.491662025,15,306.000000,6683.000
1785205402.491662025,15,307.609375,6845.750
1785205402.491662025,15,310.875000,7238.250
1785205402.491662025,10,341.843750,5192.000
1785205402.491662025,10,343.468750,5153.500
1785205402.491662025,15,345.125000,5128.500
1785205402.491662025,15,346.750000,5111.250
1785205402.491662025,15,348.375000,5100.750
1785205402.491662025,15,350.015625,5098.250
1785205402.605680943,15,351.656250,5095.000
1785205402.605680943,15,353.250000,5101.500
1785205402.605680943,15,354.875000,5091.500
1785205402.605680943,14,356.515625,5066.750
1785205402.605680943,13,358.156250,5072.500
1785205402.605680943,12,359.765625,5081.750
1785205402.605680943,13,1.406250,5076.000
1785205402.605680943,12,3.031250,5061.250
1785205402.605680943,14,4.656250,5035.000
1785205402.605680943,15,6.312500,4984.750
1785205402.605680943,14,7.921875,4989.250
1785205402.605680943,11,9.546875,5018.000
1785205402.605680943,15,11.125000,5027.250
1785205402.605680943,12,12.765625,5052.000
1785205402.605680943,15,14.390625,5063.500
1785205402.605680943,14,16.000000,5074.500
1785205402.605680943,13,17.625000,5100.000
1785205402.605680943,13,19.265625,5118.500
1785205402.605680943,12,20.890625,5132.000
1785205402.605680943,15,142.187500,101.750
1785205402.605680943,15,168.281250,9756.250
1785205402.605680943,15,169.890625,9614.750
1785205402.605680943,8,187.796875,10179.750
1785205402.605680943,15,213.750000,8759.000
1785205402.605680943,15,215.375000,8512.250
1785205402.605680943,15,218.625000,8003.000
1785205402.605680943,15,220.265625,7777.500
1785205402.605680943,15,223.500000,7306.000
1785205402.605680943,15,225.125000,7133.750
1785205402.605680943,15,228.375000,6722.750
1785205402.605680943,15,233.265625,6330.750
1785205402.605680943,15,234.890625,6164.750
1785205402.605680943,15,236.515625,6027.500
1785205402.605680943,13,238.140625,5907.500
1785205402.605680943,15,249.531250,5268.000
1785205402.605680943,15,251.171875,5223.250
1785205402.605680943,15,252.812500,5182.750
1785205402.605680943,15,254.437500,5141.750
1785205402.605680943,15,256.046875,5170.250
1785205402.605680943,15,257.671875,5251.000
1785205402.605680943,15,260.906250,5546.500
1785205402.605680943,15,262.531250,5533.000
1785205402.605680943,15,264.156250,5523.500
1785205402.605680943,15,265.765625,5498.000
1785205402.605680943,15,267.390625,5518.000
1785205402.605680943,15,269.015625,5538.000
1785205402.605680943,15,270.640625,5534.000
1785205402.605680943,15,272.265625,5545.500
1785205402.605680943,15,273.890625,5547.500
1785205402.605680943,15,275.515625,5561.000
1785205402.605680943,15,277.125000,5577.500
1785205402.605680943,15,278.781250,5520.250
1785205402.605680943,15,280.390625,5395.750
1785205402.605680943,15,283.656250,5044.250
1785205402.605680943,15,285.281250,5094.750
1785205402.605680943,15,286.890625,5137.750
1785205402.605680943,15,288.515625,5166.000
1785205402.605680943,15,290.125000,5206.500
1785205402.605680943,15,293.359375,5782.750
1785205402.605680943,15,294.968750,5889.750
1785205402.605680943,15,296.593750,5966.500
1785205402.605680943,15,298.265625,6063.000
1785205402.605680943,15,299.890625,6198.000
1785205402.605680943,15,301.500000,6349.250
1785205402.605680943,15,303.125000,6475.750
1785205402.605680943,15,304.750000,6594.750
1785205402.605680943,15,306.375000,6742.000
1785205402.605680943,15,307.984375,6921.750
1785205402.605680943,15,309.609375,7131.000
1785205402.605680943,8,325.953125,6188.000
1785205402.605680943,11,327.578125,6116.250
1785205402.605680943,9,329.218750,6069.750
1785205402.605680943,12,330.859375,5987.000
1785205402.605680943,15,337.390625,5627.750
1785205402.605680943,7,339.031250,5561.000
1785205402.605680943,9,340.640625,5517.750
1785205402.605680943,12,342.281250,5467.250
1785205402.605680943,9,343.906250,5436.250
1785205402.605680943,8,345.546875,5419.750
1785205402.605680943,9,347.140625,5353.750
1785205402.605680943,10,348.781250,5294.250
1785205402.718159914,9,350.406250,5249.750
1785205402.718159914,13,352.031250,5207.000
1785205402.718159914,13,353.656250,5172.500
1785205402.718159914,15,355.281250,5141.000
1785205402.718159914,14,356.921875,5118.750
1785205402.718159914,12,358.546875,5105.500
1785205402.718159914,15,0.156250,5100.000
1785205402.718159914,13,1.796875,5077.000
1785205402.718159914,13,3.406250,5062.000
1785205402.718159914,14,5.062500,5048.250
1785205402.718159914,14,6.687500,4983.000
1785205402.718159914,10,8.296875,4977.000
1785205402.718159914,10,9.921875,5001.250
1785205402.718159914,11,11.515625,4996.750
1785205402.718159914,12,13.140625,5008.000
1785205402.718159914,12,14.765625,5022.750
1785205402.718159914,11,16.390625,5048.000
1785205402.718159914,14,18.000000,5058.750
1785205402.718159914,12,19.625000,5061.500
1785205402.718159914,15,140.359375,99.250
1785205402.718159914,15,170.468750,9712.750
1785205402.718159914,15,172.109375,9621.250
1785205402.718159914,8,178.625000,10169.250
1785205402.718159914,8,180.234375,10129.000
1785205402.718159914,8,183.500000,10149.750
1785205402.718159914,15,214.359375,8711.000
1785205402.718159914,15,217.609375,8190.750
1785205402.718159914,15,220.859375,7728.750
1785205402.718159914,15,224.125000,7267.500
1785205402.718159914,15,225.750000,7119.250
1785205402.718159914,15,229.000000,6672.250
1785205402.718159914,15,230.609375,6529.750
1785205402.718159914,15,232.218750,6448.250
1785205402.718159914,15,233.859375,6320.750
1785205402.718159914,15,235.500000,6154.000
1785205402.718159914,15,237.109375,6028.500
1785205402.718159914,15,238.734375,5945.500
1785205402.718159914,15,243.625000,5507.500
1785205402.718159914,15,245.250000,5418.250
1785205402.718159914,15,246.875000,5363.250
1785205402.718159914,15,248.500000,5326.000
1785205402.718159914,15,250.125000,5281.000
1785205402.718159914,15,251.765625,5234.500
1785205402.718159914,15,253.390625,5191.000
1785205402.718159914,15,255.015625,5210.500
1785205402.718159914,15,256.640625,5243.750
1785205402.718159914,15,258.250000,5335.000
1785205402.718159914,15,259.890625,5496.000
1785205402.718159914,15,261.484375,5559.000
1785205402.718159914,15,263.109375,5546.500
1785205402.718159914,15,264.734375,5539.750
1785205402.718159914,15,266.359375,5547.500
1785205402.718159914,15,267.984375,5531.500
1785205402.718159914,15,269.593750,5535.250
1785205402.718159914,15,271.234375,5563.000
1785205402.718159914,15,272.859375,5560.000
1785205402.718159914,15,274.453125,5575.500
1785205402.718159914,15,276.078125,5589.000
1785205402.718159914,15,277.703125,5594.000
1785205402.718159914,15,280.953125,5310.000
1785205402.718159914,15,284.203125,5092.250
1785205402.718159914,15,285.828125,5117.000
1785205402.718159914,15,287.437500,5154.250
1785205402.718159914,15,289.062500,5209.750
1785205402.718159914,15,290.687500,5261.000
1785205402.718159914,15,293.890625,5877.750
1785205402.718159914,15,295.515625,5942.000
1785205402.718159914,15,297.125000,6016.000
1785205402.718159914,15,298.828125,6155.750
1785205402.718159914,15,300.453125,6334.500
1785205402.718159914,15,302.062500,6468.000
1785205402.718159914,15,303.703125,6537.500
1785205402.718159914,15,306.953125,6897.750
1785205402.718159914,15,308.562500,7091.250
1785205402.718159914,11,339.562500,5572.500
1785205402.718159914,13,341.187500,5522.750
1785205402.718159914,11,342.843750,5467.000
1785205402.718159914,10,346.093750,5376.750
1785205402.718159914,9,347.734375,5275.000
1785205402.718159914,12,349.359375,5220.750
1785205402.831972122,15,351.000000,5181.000
1785205402.831972122,14,352.609375,5135.500
1785205402.831972122,15,354.265625,5116.250
1785205402.831972122,13,355.875000,5101.000
1785205402.831972122,10,357.515625,5070.000
1785205402.831972122,12,359.140625,5061.250
1785205402.831972122,11,0.765625,5054.250
1785205402.831972122,12,2.390625,5029.750
1785205402.831972122,15,4.031250,4978.000
1785205402.831972122,11,5.671875,4957.500
1785205402.831972122,11,7.296875,4981.500
1785205402.831972122,11,8.937500,4981.500
1785205402.831972122,12,10.468750,4990.750
1785205402.831972122,11,12.093750,5029.750
1785205402.831972122,14,13.687500,5043.500
1785205402.831972122,14,15.312500,5056.500
1785205402.831972122,14,16.953125,5092.250
1785205402.831972122,13,18.562500,5110.750
1785205402.831972122,11,20.187500,5127.500
1785205402.831972122,15,169.406250,9733.500
1785205402.831972122,15,171.031250,9632.000
1785205402.831972122,8,180.750000,10237.750
1785205402.831972122,9,208.296875,9993.500
1785205402.831972122,12,209.921875,9746.250
1785205402.831972122,15,214.812500,8617.250
1785205402.831972122,15,216.437500,8390.000
1785205402.831972122,15,221.312500,7650.750
1785205402.831972122,15,224.562500,7217.750
1785205402.831972122,15,226.234375,7062.000
1785205402.831972122,15,232.750000,6450.750
1785205402.831972122,15,234.375000,6344.000
1785205402.831972122,15,237.625000,6046.250
1785205402.831972122,15,240.890625,5638.000
1785205402.831972122,15,242.531250,5506.500
1785205402.831972122,15,244.140625,5477.500
1785205402.831972122,15,245.765625,5471.250
1785205402.831972122,15,247.406250,5406.000
1785205402.831972122,15,249.031250,5349.250
1785205402.831972122,15,250.671875,5284.500
1785205402.831972122,15,252.296875,5232.750
1785205402.831972122,15,253.921875,5188.500
1785205402.831972122,15,255.562500,5236.000
1785205402.831972122,15,257.171875,5288.750
1785205402.831972122,15,260.406250,5578.500
1785205402.831972122,15,262.031250,5569.750
1785205402.831972122,15,263.671875,5563.750
1785205402.831972122,15,265.296875,5562.750
1785205402.831972122,15,266.906250,5558.000
1785205402.831972122,15,268.531250,5559.000
1785205402.831972122,15,270.156250,5564.750
1785205402.831972122,15,271.796875,5571.500
1785205402.831972122,15,273.390625,5589.250
1785205402.831972122,15,274.953125,5597.000
1785205402.831972122,15,276.578125,5602.000
1785205402.831972122,15,278.203125,5659.750
1785205402.831972122,15,283.078125,5089.750
1785205402.831972122,15,284.703125,5118.000
1785205402.831972122,15,286.312500,5146.000
1785205402.831972122,15,287.937500,5180.250
1785205402.831972122,15,289.562500,5248.500
1785205402.831972122,15,292.765625,5832.000
1785205402.831972122,15,294.390625,5917.750
1785205402.831972122,15,296.015625,5991.000
1785205402.831972122,15,297.609375,6110.750
1785205402.831972122,15,299.328125,6271.250
1785205402.831972122,15,300.953125,6403.250
1785205402.831972122,15,302.578125,6510.250
1785205402.831972122,15,304.218750,6637.000
1785205402.831972122,15,309.062500,7195.250
1785205402.831972122,15,348.312500,5334.750
1785205402.831972122,7,349.953125,5275.250
1785205402.946959019,10,351.578125,5207.250
1785205402.946959019,13,353.203125,5166.750
1785205402.946959019,13,354.843750,5117.750
1785205402.946959019,13,356.468750,5075.500
1785205402.946959019,14,358.109375,5077.250
1785205402.946959019,14,359.734375,5081.250
1785205402.946959019,12,1.375000,5072.500
1785205402.946959019,13,2.984375,5025.500
1785205402.946959019,13,4.640625,4975.500
1785205402.946959019,10,6.265625,4959.500
1785205402.946959019,12,7.890625,4927.750
1785205402.946959019,10,9.500000,4952.750
1785205402.946959019,12,11.046875,4984.500
1785205402.946959019,12,12.671875,4990.750
1785205402.946959019,13,14.265625,5040.500
1785205402.946959019,15,15.906250,5073.750
1785205402.946959019,13,17.531250,5097.750
1785205402.946959019,10,19.140625,5119.000
1785205402.946959019,11,20.765625,5135.750
1785205402.946959019,15,169.953125,9734.250
1785205402.946959019,15,189.375000,10267.750
1785205402.946959019,15,197.546875,8257.500
1785205402.946959019,12,210.453125,9686.000
1785205402.946959019,15,215.328125,8592.000
1785205402.946959019,15,218.593750,8034.500
1785205402.946959019,15,220.203125,7840.000
1785205402.946959019,15,223.453125,7400.750
1785205402.946959019,15,225.093750,7223.500
1785205402.946959019,15,226.718750,7041.750
1785205402.946959019,15,233.234375,6440.750
1785205402.946959019,15,234.859375,6293.500
1785205402.946959019,15,236.484375,6118.000
1785205402.946959019,15,238.109375,5963.750
1785205402.946959019,15,239.718750,5814.750
1785205402.946959019,15,241.375000,5677.000
1785205402.946959019,15,244.593750,5557.750
1785205402.946959019,15,246.234375,5473.500
1785205402.946959019,15,247.859375,5419.750
1785205402.946959019,15,249.484375,5359.750
1785205402.946959019,15,251.140625,5306.500
1785205402.946959019,15,252.765625,5253.250
1785205402.946959019,15,254.375000,5223.250
1785205402.946959019,15,256.000000,5282.500
1785205402.946959019,15,257.609375,5368.750
1785205402.946959019,15,260.843750,5580.250
1785205402.946959019,15,262.484375,5568.500
1785205402.946959019,15,264.078125,5558.750
1785205402.946959019,15,265.718750,5568.750
1785205402.946959019,15,267.328125,5563.000
1785205402.946959019,15,268.953125,5575.750
1785205402.946959019,15,270.593750,5593.000
1785205402.946959019,15,272.218750,5576.250
1785205402.946959019,15,273.812500,5580.250
1785205402.946959019,15,275.390625,5613.750
1785205402.946959019,15,276.984375,5641.500
1785205402.946959019,15,278.625000,5573.000
1785205402.946959019,15,280.250000,5467.000
1785205402.946959019,15,283.500000,5111.750
1785205402.946959019,15,285.109375,5155.000
1785205402.946959019,15,286.734375,5191.750
1785205402.946959019,15,288.343750,5231.750
1785205402.946959019,15,289.953125,5298.750
1785205402.946959019,15,293.156250,5887.750
1785205402.946959019,15,294.765625,5982.250
1785205402.946959019,15,296.390625,6061.500
1785205402.946959019,15,298.015625,6197.500
1785205402.946959019,15,299.718750,6351.250
1785205402.946959019,15,301.328125,6458.750
1785205402.946959019,15,302.953125,6560.750
1785205402.946959019,15,306.187500,6956.250
1785205402.946959019,15,307.796875,7122.000
1785205402.946959019,15,309.421875,7274.750
1785205402.946959019,15,311.046875,7467.750
1785205403.058448792,12,1.578125,5225.500
1785205403.058448792,11,3.187500,5165.500
1785205403.058448792,15,4.828125,5152.750
1785205403.058448792,15,6.437500,5133.750
1785205403.058448792,15,8.062500,5082.750
1785205403.058448792,15,9.687500,5078.000
1785205403.058448792,15,11.281250,5121.000
1785205403.058448792,13,12.890625,5138.500
1785205403.058448792,13,14.515625,5155.750
1785205403.058448792,9,16.140625,5160.750
1785205403.058448792,9,17.750000,5177.750
1785205403.058448792,9,183.062500,10168.750
1785205403.058448792,7,184.687500,10166.750
1785205403.058448792,7,187.921875,10213.000
1785205403.058448792,15,213.890625,8794.500
1785205403.058448792,15,215.515625,8582.750
1785205403.058448792,15,218.781250,8059.750
1785205403.058448792,15,222.015625,7598.750
1785205403.058448792,15,223.656250,7404.500
1785205403.058448792,15,225.281250,7229.750
1785205403.058448792,15,233.453125,6458.750
1785205403.058448792,15,235.078125,6340.250
1785205403.058448792,15,236.703125,6185.250
1785205403.058448792,15,239.968750,5839.250
1785205403.058448792,15,241.593750,5720.000
1785205403.058448792,15,244.843750,5566.000
1785205403.058448792,15,246.468750,5472.500
1785205403.058448792,15,248.109375,5441.750
1785205403.058448792,15,249.734375,5413.250
1785205403.058448792,15,251.328125,5364.500
1785205403.058448792,15,252.953125,5290.000
1785205403.058448792,15,254.578125,5236.000
1785205403.058448792,15,256.187500,5272.750
1785205403.058448792,15,257.828125,5397.750
1785205403.058448792,15,259.421875,5533.750
1785205403.058448792,15,261.046875,5601.750
1785205403.058448792,15,262.656250,5598.000
1785205403.058448792,15,264.296875,5588.250
1785205403.058448792,15,265.921875,5576.500
1785205403.058448792,15,267.546875,5581.250
1785205403.058448792,15,269.156250,5592.000
1785205403.058448792,15,270.765625,5604.000
1785205403.058448792,15,272.406250,5624.500
1785205403.058448792,15,274.000000,5641.500
1785205403.058448792,15,275.578125,5640.500
1785205403.058448792,15,277.203125,5657.500
1785205403.058448792,14,278.828125,5623.250
1785205403.058448792,15,283.703125,5135.000
1785205403.058448792,15,285.312500,5177.750
1785205403.058448792,15,286.921875,5240.500
1785205403.058448792,15,288.531250,5314.000
1785205403.058448792,15,290.156250,5380.500
1785205403.058448792,15,293.359375,5948.750
1785205403.058448792,15,294.984375,6007.750
1785205403.058448792,15,296.578125,6124.000
1785205403.058448792,15,298.328125,6288.250
1785205403.058448792,15,299.937500,6405.750
1785205403.058448792,15,301.562500,6510.250
1785205403.058448792,15,303.203125,6631.250
1785205403.058448792,15,304.812500,6760.250
1785205403.058448792,15,308.031250,7183.000
1785205403.058448792,15,311.296875,7571.250
1785205403.172415018,14,1.718750,5172.750
1785205403.172415018,15,3.343750,5156.000
1785205403.172415018,14,4.984375,5151.750
1785205403.172415018,15,6.593750,5134.250
1785205403.172415018,15,8.234375,5095.500
1785205403.172415018,15,9.828125,5080.000
1785205403.172415018,15,11.484375,5118.750
1785205403.172415018,10,13.093750,5160.750
1785205403.172415018,8,14.734375,5178.250
1785205403.172415018,8,184.843750,10106.250
1785205403.172415018,9,197.843750,8404.500
1785205403.172415018,15,215.734375,8566.250
1785205403.172415018,15,220.609375,7855.250
1785205403.172415018,15,222.234375,7669.500
1785205403.172415018,15,225.500000,7233.000
1785205403.172415018,15,227.078125,7086.250
1785205403.172415018,15,233.562500,6459.250
1785205403.172415018,15,235.187500,6341.750
1785205403.172415018,15,236.812500,6211.750
1785205403.172415018,8,238.437500,6108.750
1785205403.172415018,15,244.921875,5591.000
1785205403.172415018,15,249.781250,5414.000
1785205403.172415018,15,251.421875,5365.000
1785205403.172415018,15,253.046875,5328.750
1785205403.172415018,15,254.656250,5275.500
1785205403.172415018,15,257.875000,5451.000
1785205403.172415018,15,259.500000,5562.250
1785205403.172415018,15,261.140625,5628.000
1785205403.172415018,15,262.734375,5599.750
1785205403.172415018,15,264.359375,5591.750
1785205403.172415018,15,265.984375,5608.000
1785205403.172415018,15,267.593750,5612.500
1785205403.172415018,15,269.234375,5597.750
1785205403.172415018,15,270.843750,5607.500
1785205403.172415018,15,272.468750,5625.000
1785205403.172415018,15,274.078125,5637.000
1785205403.172415018,15,275.703125,5661.250
1785205403.172415018,15,277.312500,5681.000
1785205403.172415018,15,282.203125,5226.000
1785205403.172415018,15,283.843750,5176.750
1785205403.172415018,15,285.437500,5225.750
1785205403.172415018,15,287.062500,5263.750
1785205403.172415018,15,288.671875,5337.500
1785205403.172415018,15,293.500000,5987.750
1785205403.172415018,15,295.125000,6067.250
1785205403.172415018,15,296.734375,6191.250
1785205403.172415018,15,298.453125,6350.500
1785205403.172415018,15,300.078125,6462.500
1785205403.172415018,15,301.718750,6536.250
1785205403.172415018,15,304.953125,6854.250
1785205403.172415018,15,308.187500,7248.000
1785205403.172415018,15,309.812500,7438.750
1785205403.172415018,15,311.437500,7643.750
1785205403.287896156,13,8.437500,5339.250
1785205403.287896156,11,10.046875,5384.000
1785205403.287896156,8,11.625000,5483.250
1785205403.287896156,9,13.234375,5498.000
1785205403.287896156,8,14.875000,5492.250
1785205403.287896156,7,16.500000,5517.750
1785205403.287896156,11,18.109375,5525.500
1785205403.287896156,7,19.718750,5534.000
1785205403.287896156,13,170.468750,8723.750
1785205403.287896156,15,214.218750,8795.000
1785205403.287896156,15,215.843750,8560.250
1785205403.287896156,15,219.109375,8070.750
1785205403.287896156,15,220.718750,7851.500
1785205403.287896156,15,222.359375,7660.750
1785205403.287896156,15,225.593750,7238.750
1785205403.287896156,15,227.218750,7089.500
1785205403.287896156,15,230.468750,6689.750
1785205403.287896156,15,232.109375,6560.750
1785205403.287896156,15,233.734375,6472.750
1785205403.287896156,15,235.359375,6349.500
1785205403.287896156,15,236.984375,6227.500
1785205403.287896156,15,245.093750,5562.000
1785205403.287896156,15,249.984375,5431.750
1785205403.287896156,15,251.593750,5396.000
1785205403.287896156,15,253.234375,5344.750
1785205403.287896156,15,254.843750,5318.750
1785205403.287896156,15,256.453125,5395.750
1785205403.287896156,15,258.078125,5533.000
1785205403.287896156,15,259.687500,5620.500
1785205403.287896156,15,261.296875,5638.500
1785205403.287896156,15,262.937500,5634.500
1785205403.287896156,15,264.546875,5627.500
1785205403.287896156,15,266.171875,5617.500
1785205403.287896156,15,267.781250,5629.500
1785205403.287896156,15,269.406250,5662.500
1785205403.287896156,15,271.015625,5670.500
1785205403.287896156,15,272.640625,5655.500
1785205403.287896156,15,274.281250,5664.500
1785205403.287896156,15,275.906250,5693.500
1785205403.287896156,15,277.515625,5731.500
1785205403.287896156,15,282.421875,5178.250
1785205403.287896156,15,284.031250,5212.250
1785205403.287896156,15,285.656250,5263.750
1785205403.287896156,15,287.265625,5324.250
1785205403.287896156,15,288.875000,5401.750
1785205403.287896156,15,292.093750,5948.750
1785205403.287896156,15,293.703125,6029.750
1785205403.287896156,15,295.328125,6157.750
1785205403.287896156,15,296.953125,6300.250
1785205403.287896156,15,298.656250,6411.000
1785205403.287896156,15,300.296875,6515.500
1785205403.287896156,15,301.921875,6621.500
1785205403.287896156,15,303.531250,6746.250
1785205403.287896156,15,306.781250,7147.500
1785205403.287896156,15,308.406250,7307.750
1785205403.287896156,15,311.656250,7733.750
1785205403.399241924,15,172.468750,8827.000
1785205403.399241924,8,178.968750,10051.250
1785205403.399241924,7,182.203125,10140.750
1785205403.399241924,13,209.734375,9947.500
1785205403.399241924,15,214.609375,8780.250
1785205403.399241924,15,217.859375,8275.250
1785205403.399241924,15,221.125000,7822.750
1785205403.399241924,15,222.734375,7656.250
1785205403.399241924,15,226.000000,7228.000
1785205403.399241924,15,227.593750,7100.250
1785205403.399241924,15,229.218750,6945.250
1785205403.399241924,15,232.468750,6568.500
1785205403.399241924,15,234.093750,6489.000
1785205403.399241924,15,235.718750,6404.250
1785205403.399241924,15,243.843750,5640.750
1785205403.399241924,15,248.687500,5493.250
1785205403.399241924,15,250.390625,5471.500
1785205403.399241924,15,252.000000,5430.750
1785205403.399241924,15,253.609375,5375.250
1785205403.399241924,15,255.234375,5420.500
1785205403.399241924,15,256.843750,5481.000
1785205403.399241924,15,260.093750,5684.500
1785205403.399241924,15,261.703125,5668.500
1785205403.399241924,15,263.328125,5647.500
1785205403.399241924,15,264.953125,5647.500
1785205403.399241924,15,266.578125,5651.500
1785205403.399241924,15,268.187500,5656.500
1785205403.399241924,15,269.812500,5665.500
1785205403.399241924,15,271.437500,5667.500
1785205403.399241924,15,273.062500,5684.500
1785205403.399241924,15,274.671875,5739.750
1785205403.399241924,15,276.296875,5770.500
1785205403.399241924,15,277.906250,5713.500
1785205403.399241924,15,279.546875,5600.500
1785205403.399241924,15,282.812500,5213.000
1785205403.399241924,15,284.437500,5261.250
1785205403.399241924,15,286.046875,5326.000
1785205403.399241924,15,287.640625,5385.250
1785205403.399241924,15,289.265625,5436.500
1785205403.399241924,15,292.484375,5977.500
1785205403.399241924,15,294.109375,6087.750
1785205403.399241924,15,295.718750,6219.250
1785205403.399241924,15,297.343750,6347.000
1785205403.399241924,15,299.046875,6467.750
1785205403.399241924,15,300.656250,6555.250
1785205403.399241924,15,302.281250,6684.250
1785205403.399241924,15,303.906250,6865.250
1785205403.399241924,15,305.515625,7068.000
1785205403.399241924,15,307.140625,7221.500
1785205403.399241924,15,308.765625,7391.000
1785205403.399241924,15,310.375000,7609.750
1785205403.513460875,15,141.375000,101.000
1785205403.513460875,15,160.703125,1456.750
1785205403.513460875,15,172.921875,8742.750
1785205403.513460875,8,184.265625,10207.750
1785205403.513460875,11,208.593750,10099.250
1785205403.513460875,10,210.203125,9873.750
1785205403.513460875,15,215.093750,8708.500
1785205403.513460875,15,216.718750,8491.750
1785205403.513460875,15,219.968750,8000.500
1785205403.513460875,15,221.609375,7798.500
1785205403.513460875,15,223.234375,7598.500
1785205403.513460875,15,226.500000,7213.250
1785205403.513460875,15,228.109375,7077.000
1785205403.513460875,15,234.609375,6466.500
1785205403.513460875,15,236.250000,6355.250
1785205403.513460875,15,241.125000,5844.000
1785205403.513460875,15,242.750000,5729.750
1785205403.513460875,15,244.375000,5656.500
1785205403.513460875,15,246.015625,5605.000
1785205403.513460875,15,247.625000,5543.750
1785205403.513460875,15,249.265625,5504.500
1785205403.513460875,15,250.890625,5469.000
1785205403.513460875,15,252.515625,5430.750
1785205403.513460875,15,254.140625,5403.250
1785205403.513460875,15,255.781250,5450.000
1785205403.513460875,15,257.390625,5463.500
1785205403.513460875,15,260.625000,5710.000
1785205403.513460875,15,262.250000,5706.750
1785205403.513460875,15,263.859375,5671.500
1785205403.513460875,15,265.484375,5660.500
1785205403.513460875,15,267.109375,5692.750
1785205403.513460875,15,268.734375,5703.750
1785205403.513460875,15,270.359375,5693.500
1785205403.513460875,15,271.984375,5698.750
1785205403.513460875,15,273.609375,5732.500
1785205403.513460875,15,275.171875,5789.500
1785205403.513460875,15,276.796875,5829.500
1785205403.513460875,14,280.062500,5438.500
1785205403.513460875,15,281.671875,5319.500
1785205403.513460875,15,283.296875,5266.250
1785205403.513460875,15,284.906250,5307.500
1785205403.513460875,15,286.531250,5367.250
1785205403.513460875,15,288.156250,5432.750
1785205403.513460875,15,291.359375,5956.750
1785205403.513460875,15,292.984375,6053.500
1785205403.513460875,15,294.593750,6168.250
1785205403.513460875,15,296.187500,6314.250
1785205403.513460875,15,297.812500,6439.500
1785205403.513460875,15,299.531250,6517.750
1785205403.513460875,15,301.171875,6630.500
1785205403.513460875,15,302.781250,6784.500
1785205403.513460875,15,306.015625,7161.750
1785205403.513460875,15,307.640625,7294.250
1785205403.513460875,15,310.875000,7734.500
1785205403.624506950,14,8.000000,5340.250
1785205403.624506950,8,9.609375,5432.500
1785205403.624506950,10,11.171875,5498.000
1785205403.624506950,9,12.781250,5523.750
1785205403.624506950,9,14.421875,5555.250
1785205403.624506950,10,16.031250,5564.750
1785205403.624506950,15,161.265625,1439.500
1785205403.624506950,9,183.109375,10112.750
1785205403.624506950,7,184.734375,10155.250
1785205403.624506950,13,210.703125,9761.500
1785205403.624506950,15,215.578125,8668.500
1785205403.624506950,15,218.828125,8164.750
1785205403.624506950,15,220.453125,7973.250
1785205403.624506950,15,222.078125,7766.000
1785205403.624506950,15,225.343750,7339.750
1785205403.624506950,15,226.984375,7167.000
1785205403.624506950,15,228.625000,7009.000
1785205403.624506950,15,236.781250,6354.000
1785205403.624506950,15,241.671875,5839.250
1785205403.624506950,15,243.281250,5764.500
1785205403.624506950,15,244.921875,5680.000
1785205403.624506950,15,246.546875,5604.750
1785205403.624506950,15,248.187500,5576.500
1785205403.624506950,15,249.796875,5538.000
1785205403.624506950,15,251.421875,5479.250
1785205403.624506950,15,253.046875,5435.250
1785205403.624506950,15,254.671875,5405.000
1785205403.624506950,15,256.296875,5455.500
1785205403.624506950,15,257.890625,5584.000
1785205403.624506950,15,259.515625,5671.500
1785205403.624506950,15,261.140625,5712.000
1785205403.624506950,15,262.765625,5718.000
1785205403.624506950,15,264.390625,5725.250
1785205403.624506950,15,266.015625,5707.000
1785205403.624506950,15,267.640625,5697.750
1785205403.624506950,15,269.250000,5728.250
1785205403.624506950,15,270.890625,5737.500
1785205403.624506950,15,272.500000,5750.750
1785205403.624506950,15,274.109375,5788.500
1785205403.624506950,15,275.671875,5837.000
1785205403.624506950,15,282.187500,5256.250
1785205403.624506950,15,283.796875,5308.250
1785205403.624506950,15,285.406250,5367.500
1785205403.624506950,15,287.015625,5430.750
1785205403.624506950,15,288.640625,5470.750
1785205403.624506950,15,291.843750,6017.000
1785205403.624506950,15,293.453125,6119.000
1785205403.624506950,15,295.078125,6278.500
1785205403.624506950,15,296.687500,6403.250
1785205403.624506950,15,298.406250,6499.500
1785205403.624506950,15,300.031250,6591.500
1785205403.624506950,15,301.640625,6734.250
1785205403.624506950,15,303.265625,6925.750
1785205403.624506950,15,304.890625,7103.750
1785205403.624506950,15,306.515625,7257.500
1785205403.624506950,15,309.765625,7632.500
1785205403.624506950,15,311.375000,7821.500
1785205403.740032911,9,11.656250,5450.000
1785205403.740032911,11,13.281250,5527.250
1785205403.740032911,7,14.906250,5525.750
1785205403.740032911,8,18.156250,5525.500
1785205403.740032911,15,161.765625,1440.500
1785205403.740032911,15,170.671875,8672.000
1785205403.740032911,8,178.765625,10101.750
1785205403.740032911,7,180.390625,10061.250
1785205403.740032911,7,185.265625,10129.250
1785205403.740032911,15,216.109375,8586.000
1785205403.740032911,15,217.734375,8375.000
1785205403.740032911,15,219.359375,8161.000
1785205403.740032911,15,222.625000,7728.500
1785205403.740032911,15,225.875000,7312.250
1785205403.740032911,15,227.531250,7176.250
1785205403.740032911,15,237.312500,6337.250
1785205403.740032911,15,248.718750,5559.000
1785205403.740032911,15,250.328125,5514.750
1785205403.740032911,15,251.968750,5471.000
1785205403.740032911,15,253.578125,5469.750
1785205403.740032911,15,255.203125,5506.750
1785205403.740032911,15,256.828125,5549.250
1785205403.740032911,15,260.062500,5774.750
1785205403.740032911,15,261.687500,5749.750
1785205403.740032911,15,263.312500,5728.250
1785205403.740032911,15,264.937500,5726.250
1785205403.740032911,15,266.562500,5735.250
1785205403.740032911,15,268.171875,5720.000
1785205403.740032911,15,269.812500,5725.250
1785205403.740032911,15,271.437500,5755.000
1785205403.740032911,15,273.046875,5777.750
1785205403.740032911,15,274.593750,5817.000
1785205403.740032911,15,276.218750,5873.500
1785205403.740032911,15,279.484375,5599.250
1785205403.740032911,15,282.718750,5297.000
1785205403.740032911,15,284.328125,5368.000
1785205403.740032911,15,285.968750,5430.750
1785205403.740032911,15,287.546875,5478.250
1785205403.740032911,15,289.187500,5534.250
1785205403.740032911,15,292.390625,6129.000
1785205403.740032911,15,294.015625,6256.000
1785205403.740032911,15,295.640625,6380.500
1785205403.740032911,15,297.250000,6472.750
1785205403.740032911,15,298.984375,6541.750
1785205403.740032911,15,300.625000,6675.000
1785205403.740032911,15,302.218750,6848.500
1785205403.740032911,15,303.843750,7035.750
1785205403.740032911,15,305.484375,7202.000
1785205403.740032911,15,307.093750,7344.500
1785205403.740032911,15,308.718750,7543.750
1785205403.740032911,15,310.328125,7755.000
1785205403.854043961,15,141.250000,101.000
1785205403.854043961,15,160.687500,1428.750
1785205403.854043961,15,162.359375,1411.750
1785205403.854043961,15,172.828125,8681.250
1785205403.854043961,7,177.671875,10116.250
1785205403.854043961,7,179.296875,10114.500
1785205403.854043961,8,180.921875,10067.250
1785205403.854043961,7,184.171875,10096.000
1785205403.854043961,7,185.781250,10253.750
1785205403.854043961,8,208.515625,10177.500
1785205403.854043961,11,210.140625,9890.500
1785205403.854043961,15,216.656250,8504.750
1785205403.854043961,15,219.921875,8052.250
1785205403.854043961,15,221.531250,7890.500
1785205403.854043961,15,223.171875,7709.500
1785205403.854043961,15,224.796875,7526.000
1785205403.854043961,15,228.046875,7145.000
1785205403.854043961,15,234.546875,6569.500
1785205403.854043961,15,236.187500,6438.000
1785205403.854043961,15,237.812500,6327.750
1785205403.854043961,15,241.062500,5905.250
1785205403.854043961,15,242.703125,5844.750
1785205403.854043961,15,244.328125,5740.000
1785205403.854043961,15,245.937500,5658.500
1785205403.854043961,15,247.562500,5608.750
1785205403.854043961,15,249.203125,5577.500
1785205403.854043961,15,250.812500,5559.000
1785205403.854043961,15,252.437500,5527.500
1785205403.854043961,15,254.062500,5475.500
1785205403.854043961,15,255.687500,5511.000
1785205403.854043961,13,257.281250,5566.750
1785205403.854043961,15,260.515625,5768.500
1785205403.854043961,15,262.140625,5772.750
1785205403.854043961,15,263.781250,5767.500
1785205403.854043961,15,265.406250,5752.750
1785205403.854043961,15,267.015625,5738.500
1785205403.854043961,15,268.640625,5740.500
1785205403.854043961,15,270.265625,5775.750
1785205403.854043961,15,271.890625,5790.250
1785205403.854043961,15,273.500000,5821.000
1785205403.854043961,15,275.078125,5875.500
1785205403.854043961,15,276.718750,5898.250
1785205403.854043961,15,281.593750,5323.250
1785205403.854043961,15,283.218750,5359.750
1785205403.854043961,15,284.843750,5414.250
1785205403.854043961,15,286.437500,5472.750
1785205403.854043961,15,288.046875,5544.000
1785205403.854043961,15,291.265625,6098.500
1785205403.854043961,15,292.890625,6198.750
1785205403.854043961,15,294.500000,6320.250
1785205403.854043961,15,296.125000,6444.500
1785205403.854043961,15,297.734375,6541.750
1785205403.854043961,15,299.531250,6636.750
1785205403.854043961,15,301.156250,6763.250
1785205403.854043961,15,304.406250,7147.500
1785205403.854043961,15,306.031250,7284.250
1785205403.854043961,15,307.671875,7473.500
1785205403.854043961,15,309.296875,7675.000
1785205403.854043961,15,310.906250,7869.250
1785205403.854043961,8,312.531250,8089.750
1785205403.965499878,15,161.265625,1406.250
1785205403.965499878,15,162.859375,1401.750
1785205403.965499878,15,164.500000,1412.250
1785205403.965499878,11,209.140625,10014.000
1785205403.965499878,10,210.781250,9857.500
1785205403.965499878,15,215.656250,8684.500
1785205403.965499878,15,217.312500,8474.500
1785205403.965499878,15,220.562500,8007.750
1785205403.965499878,15,222.203125,7802.500
1785205403.965499878,15,223.812500,7628.750
1785205403.965499878,15,227.046875,7257.500
1785205403.965499878,15,228.656250,7120.750
1785205403.965499878,15,230.296875,6950.000
1785205403.965499878,15,231.921875,6770.500
1785205403.965499878,15,235.171875,6586.000
1785205403.965499878,15,236.796875,6438.000
1785205403.965499878,15,238.421875,6316.750
1785205403.965499878,15,241.687500,5920.250
1785205403.965499878,15,243.312500,5843.500
1785205403.965499878,15,244.937500,5756.500
1785205403.965499878,15,246.562500,5671.750
1785205403.965499878,15,248.187500,5621.500
1785205403.965499878,15,249.796875,5596.000
1785205403.965499878,15,251.421875,5572.750
1785205403.965499878,15,253.046875,5547.500
1785205403.965499878,15,254.687500,5491.500
1785205403.965499878,15,256.296875,5520.500
1785205403.965499878,15,259.531250,5839.000
1785205403.965499878,15,261.156250,5845.250
1785205403.965499878,15,262.765625,5830.500
1785205403.965499878,15,264.390625,5777.500
1785205403.965499878,15,266.015625,5776.250
1785205403.965499878,15,267.640625,5802.000
1785205403.965499878,15,269.265625,5802.000
1785205403.965499878,15,270.875000,5818.750
1785205403.965499878,15,272.500000,5820.000
1785205403.965499878,15,274.125000,5841.250
1785205403.965499878,15,275.750000,5901.500
1785205403.965499878,15,277.390625,5851.750
1785205403.965499878,15,279.000000,5717.500
1785205403.965499878,15,282.265625,5382.250
1785205403.965499878,15,283.890625,5421.750
1785205403.965499878,15,285.500000,5465.250
1785205403.965499878,15,287.125000,5517.000
1785205403.965499878,15,288.750000,5570.750
1785205403.965499878,15,291.968750,6165.000
1785205403.965499878,15,293.578125,6297.500
1785205403.965499878,15,295.203125,6395.750
1785205403.965499878,15,296.812500,6501.000
1785205403.965499878,15,298.546875,6610.750
1785205403.965499878,15,300.156250,6719.000
1785205403.965499878,15,301.796875,6880.250
1785205403.965499878,15,303.421875,7070.750
1785205403.965499878,15,305.031250,7208.500
1785205403.965499878,15,308.296875,7617.250
1785205403.965499878,15,309.921875,7795.500
1785205403.965499878,15,311.546875,7950.750
1785205404.080400944,8,19.953125,5586.250
1785205404.080400944,15,161.937500,1394.500
1785205404.080400944,15,163.515625,1418.750
1785205404.080400944,15,165.140625,1426.250
1785205404.080400944,15,216.328125,8659.000
1785205404.080400944,15,219.578125,8188.000
1785205404.080400944,15,221.203125,7986.750
1785205404.080400944,15,222.828125,7788.500
1785205404.080400944,15,224.453125,7613.000
1785205404.080400944,15,226.078125,7423.000
1785205404.080400944,15,227.671875,7246.250
1785205404.080400944,15,235.796875,6525.750
1785205404.080400944,15,237.437500,6426.500
1785205404.080400944,15,239.046875,6334.750
1785205404.080400944,15,243.937500,5849.000
1785205404.080400944,15,245.562500,5786.250
1785205404.080400944,15,247.187500,5730.500
1785205404.080400944,15,248.796875,5650.500
1785205404.080400944,15,250.468750,5591.250
1785205404.080400944,15,252.062500,5552.250
1785205404.080400944,15,253.718750,5531.250
1785205404.080400944,15,255.312500,5556.250
1785205404.080400944,15,256.953125,5597.000
1785205404.080400944,15,260.187500,5852.750
1785205404.080400944,15,261.812500,5833.750
1785205404.080400944,15,263.421875,5835.000
1785205404.080400944,15,265.046875,5879.750
1785205404.080400944,15,266.671875,5854.000
1785205404.080400944,15,268.281250,5813.500
1785205404.080400944,15,269.906250,5826.250
1785205404.080400944,15,271.531250,5868.000
1785205404.080400944,15,273.156250,5904.750
1785205404.080400944,15,274.781250,5925.500
1785205404.080400944,15,276.406250,5948.500
1785205404.080400944,15,281.296875,5407.750
1785205404.080400944,15,282.921875,5442.750
1785205404.080400944,15,284.531250,5483.000
1785205404.080400944,15,286.156250,5536.250
1785205404.080400944,15,287.781250,5585.250
1785205404.080400944,15,290.984375,6178.250
1785205404.080400944,15,292.609375,6257.000
1785205404.080400944,15,294.234375,6370.500
1785205404.080400944,15,295.859375,6479.500
1785205404.080400944,15,297.468750,6575.500
1785205404.080400944,15,299.140625,6696.500
1785205404.080400944,15,300.765625,6848.750
1785205404.080400944,15,302.375000,7043.500
1785205404.080400944,15,304.015625,7195.500
1785205404.080400944,15,305.625000,7338.000
1785205404.080400944,15,307.250000,7545.500
1785205404.080400944,15,308.875000,7728.250
1785205404.080400944,15,310.500000,7902.000
1785205404.080400944,15,312.109375,8111.750
1785205404.080400944,15,315.359375,8591.750
1785205404.080400944,12,316.968750,8786.500
1785205404.195199966,15,162.437500,1370.000
1785205404.195199966,15,164.062500,1395.500
1785205404.195199966,15,165.687500,1396.000
1785205404.195199966,15,218.343750,8326.000
1785205404.195199966,15,219.984375,8156.750
1785205404.195199966,15,223.234375,7722.500
1785205404.195199966,15,226.468750,7333.000
1785205404.195199966,15,228.093750,7188.750
1785205404.195199966,15,229.718750,7063.750
1785205404.195199966,15,236.234375,6518.000
1785205404.195199966,15,237.828125,6421.250
1785205404.195199966,15,245.953125,5770.500
1785205404.195199966,15,247.578125,5734.750
1785205404.195199966,15,249.203125,5635.750
1785205404.195199966,15,250.859375,5565.750
1785205404.195199966,15,252.500000,5565.000
1785205404.195199966,15,254.109375,5573.500
1785205404.195199966,15,255.718750,5604.000
1785205404.195199966,15,257.328125,5664.500
1785205404.195199966,15,260.578125,5923.250
1785205404.195199966,15,262.187500,5910.250
1785205404.195199966,15,263.828125,5877.500
1785205404.195199966,15,265.453125,5854.000
1785205404.195199966,15,267.062500,5870.250
1785205404.195199966,15,268.687500,5885.250
1785205404.195199966,15,270.296875,5889.500
1785205404.195199966,15,271.921875,5927.750
1785205404.195199966,15,273.546875,5947.500
1785205404.195199966,15,275.171875,5972.000
1785205404.195199966,9,276.781250,6030.750
1785205404.195199966,15,281.687500,5425.250
1785205404.195199966,15,283.312500,5461.500
1785205404.195199966,15,284.906250,5506.500
1785205404.195199966,15,286.546875,5554.500
1785205404.195199966,15,288.156250,5613.750
1785205404.195199966,15,291.375000,6203.750
1785205404.195199966,15,292.984375,6326.500
1785205404.195199966,15,294.625000,6450.000
1785205404.195199966,15,296.234375,6543.000
1785205404.195199966,15,297.843750,6628.500
1785205404.195199966,15,299.515625,6759.000
1785205404.195199966,15,301.125000,6939.750
1785205404.195199966,15,302.734375,7127.250
1785205404.195199966,15,304.359375,7270.750
1785205404.195199966,15,307.593750,7639.750
1785205404.195199966,15,309.218750,7811.750
1785205404.195199966,15,310.843750,8010.500
1785205404.195199966,15,312.468750,8224.500
1785205404.195199966,15,314.078125,8451.500
1785205404.195199966,15,315.703125,8658.750
1785205404.195199966,8,317.328125,8897.500
1785205404.195199966,15,335.265625,7639.250
1785205404.195199966,15,341.781250,7019.000
1785205404.195199966,15,343.390625,6963.750
1785205404.305783033,15,161.109375,1362.500
1785205404.305783033,15,162.703125,1356.500
1785205404.305783033,15,164.312500,1376.000
1785205404.305783033,15,167.562500,1401.250
1785205404.305783033,8,178.015625,10136.000
1785205404.305783033,8,181.265625,10149.500
1785205404.305783033,10,182.890625,10211.250
1785205404.305783033,15,215.328125,8828.000
1785205404.305783033,15,216.953125,8603.750
1785205404.305783033,15,218.578125,8372.250
1785205404.305783033,15,220.203125,8167.250
1785205404.305783033,15,221.828125,7972.750
1785205404.305783033,15,223.453125,7788.500
1785205404.305783033,15,225.078125,7595.500
1785205404.305783033,15,226.703125,7378.750
1785205404.305783033,15,228.328125,7208.750
1785205404.305783033,15,229.953125,7072.000
1785205404.305783033,15,236.453125,6503.250
1785205404.305783033,15,238.078125,6429.000
1785205404.305783033,15,241.328125,5996.500
1785205404.305783033,15,242.953125,5939.750
1785205404.305783033,15,244.578125,5881.000
1785205404.305783033,15,246.203125,5813.750
1785205404.305783033,15,247.812500,5707.500
1785205404.305783033,15,249.453125,5632.500
1785205404.305783033,15,251.156250,5609.750
1785205404.305783033,15,252.781250,5585.250
1785205404.305783033,15,254.421875,5544.750
1785205404.305783033,15,256.015625,5584.250
1785205404.305783033,15,257.640625,5710.500
1785205404.305783033,15,260.890625,5949.750
1785205404.305783033,15,262.515625,5940.750
1785205404.305783033,15,264.156250,5939.750
1785205404.305783033,15,265.765625,5951.750
1785205404.305783033,15,267.390625,5929.000
1785205404.305783033,15,269.031250,5897.000
1785205404.305783033,15,270.640625,5945.500
1785205404.305783033,15,272.265625,5967.500
1785205404.305783033,15,273.890625,5974.250
1785205404.305783033,15,275.453125,6007.750
1785205404.305783033,15,277.093750,5945.000
1785205404.305783033,15,278.703125,5825.500
1785205404.305783033,15,281.953125,5484.750
1785205404.305783033,15,283.593750,5508.250
1785205404.305783033,15,285.203125,5545.750
1785205404.305783033,15,286.828125,5600.000
1785205404.305783033,15,291.671875,6325.250
1785205404.305783033,15,293.296875,6431.500
1785205404.305783033,15,294.906250,6507.000
1785205404.305783033,15,296.515625,6597.250
1785205404.305783033,15,298.125000,6719.250
1785205404.305783033,15,299.828125,6860.250
1785205404.305783033,15,301.453125,7038.750
1785205404.305783033,15,303.078125,7180.750
1785205404.305783033,15,304.703125,7314.500
1785205404.305783033,15,306.312500,7520.750
1785205404.305783033,15,307.953125,7709.750
1785205404.305783033,15,309.562500,7908.250
1785205404.305783033,15,311.171875,8113.250
1785205404.305783033,8,312.796875,8322.750
1785205404.305783033,15,314.421875,8555.250
1785205404.305783033,15,316.046875,8731.250
1785205404.305783033,15,334.078125,7683.000
1785205404.305783033,15,335.703125,7608.750
1785205404.305783033,15,337.328125,7552.750
1785205404.305783033,11,338.968750,7540.250
1785205404.305783033,15,342.250000,7054.250
1785205404.305783033,15,343.875000,6979.250
1785205404.305783033,15,345.515625,6905.250
1785205404.305783033,15,347.093750,6871.250
1785205404.420967817,11,17.984375,5632.500
1785205404.420967817,15,140.828125,99.500
1785205404.420967817,15,163.328125,1345.000
1785205404.420967817,15,168.093750,1404.250
1785205404.420967817,10,178.609375,10174.000
1785205404.420967817,7,181.859375,10212.750
1785205404.420967817,8,183.468750,10179.500
1785205404.420967817,7,186.718750,10175.500
1785205404.420967817,8,209.437500,10140.750
1785205404.420967817,14,211.062500,9937.500
1785205404.420967817,15,215.937500,8789.500
1785205404.420967817,15,217.562500,8555.500
1785205404.420967817,15,219.187500,8312.000
1785205404.420967817,15,220.828125,8123.250
1785205404.420967817,15,222.437500,7935.750
1785205404.420967817,15,224.078125,7739.500
1785205404.420967817,15,227.343750,7341.250
1785205404.420967817,15,228.968750,7192.500
1785205404.420967817,15,230.609375,7049.000
1785205404.420967817,15,238.734375,6405.000
1785205404.420967817,15,243.625000,6019.000
1785205404.420967817,15,245.250000,5921.250
1785205404.420967817,15,246.875000,5785.500
1785205404.420967817,15,248.500000,5709.000
1785205404.420967817,15,250.125000,5668.500
1785205404.420967817,15,251.765625,5623.750
1785205404.420967817,15,253.390625,5593.000
1785205404.420967817,15,255.015625,5619.750
1785205404.420967817,15,256.625000,5642.500
1785205404.420967817,15,259.859375,5994.250
1785205404.420967817,15,261.484375,5976.500
1785205404.420967817,15,263.109375,5952.000
1785205404.420967817,15,264.734375,5962.000
1785205404.420967817,15,266.359375,5941.000
1785205404.420967817,15,267.984375,5944.500
1785205404.420967817,15,269.593750,5991.000
1785205404.420967817,15,271.234375,6007.750
1785205404.420967817,15,272.859375,6016.750
1785205404.420967817,15,274.437500,6036.250
1785205404.420967817,15,276.078125,6067.000
1785205404.420967817,15,280.968750,5450.250
1785205404.420967817,15,282.578125,5529.500
1785205404.420967817,15,284.203125,5578.500
1785205404.420967817,15,285.828125,5603.750
1785205404.420967817,15,287.437500,5650.500
1785205404.420967817,15,290.671875,6321.250
1785205404.420967817,15,292.265625,6421.000
1785205404.420967817,15,293.906250,6490.000
1785205404.420967817,15,295.515625,6566.000
1785205404.420967817,15,297.140625,6681.250
1785205404.420967817,15,298.859375,6841.500
1785205404.420967817,15,300.468750,7015.000
1785205404.420967817,15,302.093750,7158.750
1785205404.420967817,15,303.734375,7292.500
1785205404.420967817,15,306.984375,7683.750
1785205404.420967817,15,308.609375,7845.500
1785205404.420967817,15,310.218750,8014.000
1785205404.420967817,15,313.484375,8482.500
1785205404.420967817,15,315.093750,8670.250
1785205404.420967817,15,331.421875,8096.250
1785205404.420967817,15,334.703125,7659.250
1785205404.420967817,15,336.328125,7590.500
1785205404.420967817,13,337.953125,7547.500
1785205404.420967817,15,341.218750,7096.500
1785205404.420967817,15,342.859375,7023.500
1785205404.420967817,15,344.484375,6959.250
1785205404.420967817,15,346.125000,6918.750
1785205404.420967817,15,347.750000,6875.500
1785205404.535465002,15,162.500000,1335.000
1785205404.535465002,15,164.140625,1340.250
1785205404.535465002,12,165.703125,1353.750
1785205404.535465002,15,167.328125,1383.500
1785205404.535465002,15,169.015625,1384.250
1785205404.535465002,8,181.031250,10060.500
1785205404.535465002,15,215.140625,8959.250
1785205404.535465002,15,216.765625,8715.500
1785205404.535465002,15,220.015625,8168.750
1785205404.535465002,15,221.656250,7999.500
1785205404.535465002,15,223.281250,7821.000
1785205404.535465002,15,224.906250,7665.000
1785205404.535465002,15,228.156250,7285.750
1785205404.535465002,15,229.796875,7169.750
1785205404.535465002,15,231.421875,7024.500
1785205404.535465002,15,233.046875,6840.000
1785205404.535465002,15,236.296875,6657.000
1785205404.535465002,15,237.921875,6503.500
1785205404.535465002,15,239.562500,6384.250
1785205404.535465002,15,249.328125,5721.250
1785205404.535465002,15,250.906250,5666.500
1785205404.535465002,15,252.531250,5622.750
1785205404.535465002,15,254.171875,5598.000
1785205404.535465002,15,255.781250,5658.000
1785205404.535465002,15,257.390625,5774.250
1785205404.535465002,15,260.640625,6055.500
1785205404.535465002,15,262.250000,5997.750
1785205404.535465002,15,263.875000,5962.000
1785205404.535465002,15,265.500000,5986.500
1785205404.535465002,15,267.109375,6003.250
1785205404.535465002,15,268.734375,5998.750
1785205404.535465002,15,270.359375,6032.750
1785205404.535465002,15,271.984375,6055.500
1785205404.535465002,15,273.593750,6055.500
1785205404.535465002,15,275.218750,6062.250
1785205404.535465002,15,276.828125,5986.250
1785205404.535465002,15,278.453125,5896.000
1785205404.535465002,15,281.703125,5523.500
1785205404.535465002,15,283.343750,5560.000
1785205404.535465002,15,284.953125,5605.750
1785205404.535465002,15,286.562500,5674.750
1785205404.535465002,15,289.796875,6272.750
1785205404.535465002,15,291.390625,6363.750
1785205404.535465002,15,293.015625,6461.500
1785205404.535465002,15,294.625000,6553.750
1785205404.535465002,15,296.265625,6643.500
1785205404.535465002,15,299.609375,6990.000
1785205404.535465002,15,301.250000,7120.750
1785205404.535465002,15,302.859375,7242.500
1785205404.535465002,15,304.484375,7392.250
1785205404.535465002,15,306.125000,7589.750
1785205404.535465002,15,307.750000,7788.750
1785205404.535465002,15,309.359375,7980.250
1785205404.535465002,15,315.843750,8866.750
1785205404.535465002,8,319.093750,9630.000
1785205404.535465002,15,333.812500,7697.750
1785205404.535465002,15,335.453125,7637.500
1785205404.535465002,15,337.062500,7532.000
1785205404.535465002,15,341.984375,7043.750
1785205404.535465002,15,343.609375,6980.500
1785205404.535465002,15,345.234375,6941.250
1785205404.535465002,11,346.875000,6877.250
1785205404.647274017,15,141.546875,102.500
1785205404.647274017,15,161.531250,1332.750
1785205404.647274017,15,163.187500,1326.250
1785205404.647274017,15,164.812500,1326.250
1785205404.647274017,15,166.390625,1331.250
1785205404.647274017,15,168.031250,1353.750
1785205404.647274017,15,169.609375,1356.500
1785205404.647274017,15,215.828125,8870.250
1785205404.647274017,15,217.468750,8631.000
1785205404.647274017,15,219.078125,8399.000
1785205404.647274017,15,220.718750,8167.750
1785205404.647274017,15,222.343750,7968.500
1785205404.647274017,15,223.984375,7799.500
1785205404.647274017,15,225.593750,7640.000
1785205404.647274017,15,228.828125,7254.000
1785205404.647274017,15,230.453125,7130.250
1785205404.647274017,15,232.078125,6996.250
1785205404.647274017,15,233.703125,6833.250
1785205404.647274017,15,235.328125,6659.250
1785205404.647274017,15,236.937500,6560.500
1785205404.647274017,15,238.578125,6491.500
1785205404.647274017,15,243.453125,6068.750
1785205404.647274017,15,245.078125,5941.750
1785205404.647274017,15,246.703125,5853.000
1785205404.647274017,15,248.328125,5824.250
1785205404.647274017,15,249.953125,5758.750
1785205404.647274017,15,251.578125,5703.750
1785205404.647274017,15,253.203125,5663.500
1785205404.647274017,15,254.812500,5628.500
1785205404.647274017,15,256.437500,5697.250
1785205404.647274017,15,258.046875,5848.750
1785205404.647274017,15,259.656250,5999.250
1785205404.647274017,15,261.281250,6061.250
1785205404.647274017,15,262.906250,6029.500
1785205404.647274017,15,264.531250,6031.750
1785205404.647274017,15,266.156250,6065.750
1785205404.647274017,15,267.765625,6065.750
1785205404.647274017,15,269.390625,6061.250
1785205404.647274017,15,271.000000,6077.500
1785205404.647274017,15,272.625000,6100.500
1785205404.647274017,15,274.250000,6122.500
1785205404.647274017,15,275.843750,6160.250
1785205404.647274017,15,280.765625,5532.250
1785205404.647274017,15,282.359375,5577.500
1785205404.647274017,15,284.000000,5605.750
1785205404.647274017,15,285.593750,5643.500
1785205404.647274017,15,287.218750,5702.750
1785205404.647274017,15,290.437500,6350.000
1785205404.647274017,15,292.046875,6451.000
1785205404.647274017,15,293.671875,6539.000
1785205404.647274017,15,295.281250,6618.750
1785205404.647274017,15,296.906250,6719.000
1785205404.647274017,15,300.250000,7075.250
1785205404.647274017,15,301.890625,7198.500
1785205404.647274017,15,303.500000,7346.500
1785205404.647274017,15,305.125000,7556.000
1785205404.647274017,15,306.750000,7730.000
1785205404.647274017,15,308.375000,7890.250
1785205404.647274017,15,310.000000,8062.500
1785205404.647274017,15,311.625000,8269.250
1785205404.647274017,15,313.234375,8510.000
1785205404.647274017,15,314.875000,8720.000
1785205404.647274017,8,319.750000,9764.750
1785205404.647274017,15,332.859375,7775.000
1785205404.647274017,15,334.500000,7675.750
1785205404.647274017,15,336.125000,7617.500
1785205404.647274017,15,337.750000,7521.500
1785205404.647274017,15,341.031250,7101.250
1785205404.647274017,15,342.640625,7034.250
1785205404.647274017,15,344.281250,6979.000
1785205404.647274017,15,345.921875,6926.250
1785205404.647274017,15,347.500000,6881.500
1785205404.760981083,7,20.031250,5617.750
1785205404.760981083,9,162.171875,1332.250
1785205404.760981083,15,163.812500,1325.250
1785205404.760981083,15,165.437500,1323.000
1785205404.760981083,15,167.015625,1330.500
1785205404.760981083,7,185.656250,10200.750
1785205404.760981083,9,187.296875,10291.250
1785205404.760981083,10,210.093750,10123.000
1785205404.760981083,15,211.734375,9852.250
1785205404.760981083,15,218.265625,8607.250
1785205404.760981083,15,221.531250,8100.750
1785205404.760981083,15,223.171875,7927.500
1785205404.760981083,15,224.796875,7720.500
1785205404.760981083,15,226.343750,7547.250
1785205404.760981083,15,227.968750,7370.250
1785205404.760981083,15,229.593750,7216.500
1785205404.760981083,15,231.218750,7098.500
1785205404.760981083,15,237.718750,6555.000
1785205404.760981083,15,239.343750,6483.500
1785205404.760981083,15,244.234375,6047.250
1785205404.760981083,15,245.843750,5934.500
1785205404.760981083,15,250.750000,5748.750
1785205404.760981083,15,252.359375,5695.750
1785205404.760981083,15,253.984375,5663.500
1785205404.760981083,15,255.609375,5713.500
1785205404.760981083,15,257.218750,5784.000
1785205404.760981083,15,260.468750,6085.500
1785205404.760981083,15,262.078125,6064.500
1785205404.760981083,15,263.718750,6079.500
1785205404.760981083,15,265.328125,6085.250
1785205404.760981083,15,266.937500,6077.250
1785205404.760981083,15,268.578125,6072.750
1785205404.760981083,15,270.187500,6092.500
1785205404.760981083,15,271.812500,6113.250
1785205404.760981083,15,273.437500,6102.750
1785205404.760981083,15,275.046875,6138.250
1785205404.760981083,15,278.296875,5941.000
1785205404.760981083,15,281.546875,5570.750
1785205404.760981083,15,283.171875,5591.250
1785205404.760981083,15,284.781250,5648.750
1785205404.760981083,15,286.406250,5731.500
1785205404.760981083,15,289.640625,6310.750
1785205404.760981083,15,291.234375,6436.500
1785205404.760981083,15,292.875000,6500.500
1785205404.760981083,15,294.484375,6581.000
1785205404.760981083,15,296.109375,6695.250
1785205404.760981083,15,297.718750,6844.500
1785205404.760981083,15,299.406250,7022.750
1785205404.760981083,15,301.031250,7168.250
1785205404.760981083,15,302.656250,7305.750
1785205404.760981083,15,304.281250,7490.750
1785205404.760981083,15,305.906250,7663.500
1785205404.760981083,15,307.531250,7807.250
1785205404.760981083,15,309.140625,7988.750
1785205404.760981083,15,312.390625,8497.500
1785205404.760981083,15,314.000000,8640.250
1785205404.760981083,15,333.546875,7696.000
1785205404.760981083,15,335.171875,7636.250
1785205404.760981083,15,336.812500,7558.750
1785205404.760981083,15,340.062500,7131.250
1785205404.760981083,15,341.687500,7057.500
1785205404.760981083,15,343.328125,7021.750
1785205404.760981083,15,344.953125,6976.250
1785205404.760981083,15,346.609375,6918.750
1785205404.872700930,15,351.500000,6845.250
1785205404.872700930,10,353.109375,6784.000
1785205404.872700930,15,162.828125,1320.000
1785205404.872700930,15,166.031250,1320.000
1785205404.872700930,15,167.687500,1318.500
1785205404.872700930,15,169.250000,1331.750
1785205404.872700930,15,172.515625,1348.500
1785205404.872700930,9,199.234375,8525.000
1785205404.872700930,10,212.171875,9821.250
1785205404.872700930,15,217.062500,8731.250
1785205404.872700930,15,218.703125,8539.750
1785205404.872700930,15,221.953125,8042.250
1785205404.872700930,15,223.578125,7880.250
1785205404.872700930,15,225.187500,7724.500
1785205404.872700930,15,226.812500,7555.750
1785205404.872700930,15,228.437500,7378.250
1785205404.872700930,15,230.046875,7237.750
1785205404.872700930,15,231.703125,7083.500
1785205404.872700930,15,239.796875,6475.500
1785205404.872700930,15,249.562500,5821.000
1785205404.872700930,15,251.218750,5749.000
1785205404.872700930,15,252.828125,5703.750
1785205404.872700930,15,254.453125,5698.750
1785205404.872700930,15,256.093750,5733.500
1785205404.872700930,15,257.687500,5838.750
1785205404.872700930,15,260.937500,6109.750
1785205404.872700930,15,262.562500,6105.000
1785205404.872700930,15,264.171875,6114.500
1785205404.872700930,15,265.796875,6132.000
1785205404.872700930,15,267.437500,6120.250
1785205404.872700930,15,269.031250,6127.500
1785205404.872700930,15,270.671875,6141.500
1785205404.872700930,15,272.296875,6139.000
1785205404.872700930,15,273.921875,6168.750
1785205404.872700930,15,275.515625,6199.750
1785205404.872700930,15,278.781250,5793.500
1785205404.872700930,15,280.421875,5641.000
1785205404.872700930,15,282.015625,5602.000
1785205404.872700930,15,283.640625,5630.500
1785205404.872700930,15,285.265625,5697.250
1785205404.872700930,15,286.875000,5788.250
1785205404.872700930,15,290.093750,6412.500
1785205404.872700930,15,291.718750,6503.000
1785205404.872700930,15,293.312500,6579.500
1785205404.872700930,15,294.953125,6689.750
1785205404.872700930,15,296.562500,6804.500
1785205404.872700930,15,298.281250,6948.250
1785205404.872700930,15,299.890625,7119.250
1785205404.872700930,15,301.500000,7224.500
1785205404.872700930,15,303.125000,7363.750
1785205404.872700930,15,304.750000,7584.750
1785205404.872700930,15,306.359375,7781.000
1785205404.872700930,15,308.000000,7934.500
1785205404.872700930,15,309.609375,8078.500
1785205404.872700930,15,312.843750,8582.750
1785205404.872700930,15,314.468750,8759.750
1785205404.872700930,15,332.390625,7754.750
1785205404.872700930,15,334.015625,7685.750
1785205404.872700930,15,335.656250,7604.500
1785205404.872700930,15,337.281250,7506.750
1785205404.872700930,15,340.531250,7107.750
1785205404.872700930,15,342.171875,7056.500
1785205404.872700930,15,343.796875,6984.250
1785205404.872700930,15,345.421875,6915.000
1785205404.872700930,15,347.062500,6883.750
1785205404.872700930,12,348.687500,6842.000
1785205404.987246990,15,163.125000,1323.500
1785205404.987246990,15,166.421875,1318.750
1785205404.987246990,15,168.093750,1314.000
1785205404.987246990,15,169.671875,1321.500
1785205404.987246990,9,172.890625,1342.000
1785205404.987246990,9,183.312500,10071.750
1785205404.987246990,8,199.578125,8506.250
1785205404.987246990,12,210.843750,10015.000
1785205404.987246990,11,212.468750,9745.000
1785205404.987246990,15,217.343750,8734.500
1785205404.987246990,15,220.593750,8249.500
1785205404.987246990,15,222.218750,8084.250
1785205404.987246990,15,225.453125,7724.000
1785205404.987246990,15,227.062500,7567.000
1785205404.987246990,15,228.687500,7359.750
1785205404.987246990,15,230.312500,7202.000
1785205404.987246990,15,231.937500,7093.500
1785205404.987246990,15,240.062500,6472.250
1785205404.987246990,15,246.531250,5954.000
1785205404.987246990,15,248.171875,5909.250
1785205404.987246990,15,249.781250,5848.750
1785205404.987246990,15,251.437500,5789.500
1785205404.987246990,15,253.078125,5732.500
1785205404.987246990,15,254.703125,5675.250
1785205404.987246990,15,256.312500,5727.250
1785205404.987246990,15,259.546875,6145.000
1785205404.987246990,15,261.171875,6149.750
1785205404.987246990,15,262.781250,6128.500
1785205404.987246990,15,264.406250,6104.000
1785205404.987246990,15,266.015625,6106.500
1785205404.987246990,15,267.640625,6151.000
1785205404.987246990,15,269.265625,6164.000
1785205404.987246990,15,270.890625,6172.250
1785205404.987246990,15,272.500000,6187.750
1785205404.987246990,15,274.125000,6199.750
1785205404.987246990,15,275.734375,6223.750
1785205404.987246990,15,280.625000,5604.500
1785205404.987246990,15,282.218750,5631.500
1785205404.987246990,15,283.843750,5681.750
1785205404.987246990,15,285.453125,5741.500
1785205404.987246990,15,287.078125,5822.500
1785205404.987246990,15,290.296875,6429.000
1785205404.987246990,15,291.906250,6540.500
1785205404.987246990,15,293.531250,6616.000
1785205404.987246990,15,295.140625,6728.250
1785205404.987246990,15,296.750000,6888.250
1785205404.987246990,15,298.421875,7044.250
1785205404.987246990,15,300.046875,7187.500
1785205404.987246990,15,301.656250,7319.000
1785205404.987246990,15,303.281250,7505.000
1785205404.987246990,15,304.890625,7674.250
1785205404.987246990,15,306.515625,7799.500
1785205404.987246990,15,308.140625,7974.750
1785205404.987246990,15,309.750000,8165.000
1785205404.987246990,15,312.984375,8628.500
1785205404.987246990,12,314.609375,8808.250
1785205404.987246990,9,319.468750,9896.750
1785205404.987246990,15,332.500000,7754.000
1785205404.987246990,15,334.125000,7688.250
1785205404.987246990,15,335.750000,7611.750
1785205404.987246990,15,337.375000,7513.750
1785205404.987246990,15,340.625000,7113.250
1785205404.987246990,15,342.250000,7060.250
1785205404.987246990,15,343.890625,7011.500
1785205404.987246990,15,345.500000,6974.250
1785205404.987246990,15,348.812500,6886.750
1785205405.102375031,15,353.687500,6807.000
1785205405.102375031,15,143.500000,105.500
1785205405.102375031,15,163.015625,1318.500
1785205405.102375031,15,164.625000,1306.750
1785205405.102375031,15,166.296875,1299.000
1785205405.102375031,15,167.953125,1297.250
1785205405.102375031,15,169.562500,1303.750
1785205405.102375031,15,171.187500,1314.750
1785205405.102375031,8,183.109375,10115.750
1785205405.102375031,9,186.343750,10198.750
1785205405.102375031,11,208.984375,10280.000
1785205405.102375031,12,212.234375,9818.500
1785205405.102375031,15,215.468750,9019.000
1785205405.102375031,15,217.109375,8788.000
1785205405.102375031,15,218.718750,8549.250
1785205405.102375031,15,220.343750,8322.250
1785205405.102375031,15,221.968750,8130.000
1785205405.102375031,15,223.578125,7928.750
1785205405.102375031,15,225.203125,7762.500
1785205405.102375031,15,226.875000,7631.000
1785205405.102375031,15,230.125000,7241.750
1785205405.102375031,15,231.734375,7150.750
1785205405.102375031,15,238.250000,6576.500
1785205405.102375031,15,239.859375,6525.250
1785205405.102375031,15,249.609375,5887.500
1785205405.102375031,15,251.281250,5828.750
1785205405.102375031,15,252.906250,5771.750
1785205405.102375031,15,254.531250,5728.250
1785205405.102375031,15,256.156250,5778.750
1785205405.102375031,15,259.390625,6114.000
1785205405.102375031,15,261.015625,6179.250
1785205405.102375031,15,262.625000,6172.250
1785205405.102375031,15,264.250000,6172.250
1785205405.102375031,15,265.875000,6177.000
1785205405.102375031,15,267.500000,6175.750
1785205405.102375031,15,269.125000,6177.000
1785205405.102375031,15,270.750000,6180.500
1785205405.102375031,15,272.359375,6201.000
1785205405.102375031,15,274.000000,6199.750
1785205405.102375031,15,275.562500,6227.750
1785205405.102375031,15,280.437500,5625.500
1785205405.102375031,15,282.046875,5674.500
1785205405.102375031,15,283.671875,5741.000
1785205405.102375031,15,285.296875,5808.250
1785205405.102375031,15,286.921875,5859.500
1785205405.102375031,15,290.125000,6468.500
1785205405.102375031,15,291.734375,6546.250
1785205405.102375031,15,293.359375,6622.000
1785205405.102375031,15,294.968750,6736.750
1785205405.102375031,15,296.593750,6924.500
1785205405.102375031,15,298.312500,7089.000
1785205405.102375031,15,299.953125,7181.500
1785205405.102375031,15,301.562500,7278.250
1785205405.102375031,15,303.187500,7450.500
1785205405.102375031,15,304.812500,7624.750
1785205405.102375031,15,308.046875,8024.000
1785205405.102375031,15,309.671875,8203.250
1785205405.102375031,15,311.281250,8436.500
1785205405.102375031,14,312.906250,8635.500
1785205405.102375031,10,319.390625,9956.250
1785205405.102375031,15,332.578125,7760.250
1785205405.102375031,15,334.203125,7699.750
1785205405.102375031,15,335.828125,7626.750
1785205405.102375031,15,340.734375,7128.000
1785205405.102375031,15,342.375000,7058.750
1785205405.102375031,15,344.015625,7010.250
1785205405.102375031,15,345.640625,6968.000
1785205405.213160992,13,355.375000,6801.250
1785205405.213160992,15,163.203125,1331.000
1785205405.213160992,15,164.906250,1301.000
1785205405.213160992,14,166.500000,1295.250
1785205405.213160992,15,169.750000,1298.250
1785205405.213160992,15,171.359375,1297.500
1785205405.213160992,15,172.937500,1312.000
1785205405.213160992,15,176.203125,1333.000
1785205405.213160992,8,209.296875,10267.500
1785205405.213160992,14,210.906250,10168.000
1785205405.213160992,13,212.531250,9865.000
1785205405.213160992,15,217.406250,8762.500
1785205405.213160992,15,219.046875,8577.750
1785205405.213160992,15,222.281250,8129.500
1785205405.213160992,15,223.906250,7970.500
1785205405.213160992,15,225.531250,7792.250
1785205405.213160992,15,227.203125,7616.500
1785205405.213160992,15,228.843750,7431.500
1785205405.213160992,15,230.453125,7274.000
1785205405.213160992,15,232.078125,7166.500
1785205405.213160992,15,233.703125,7024.500
1785205405.213160992,15,235.328125,6848.750
1785205405.213160992,15,236.953125,6705.000
1785205405.213160992,15,238.593750,6621.250
1785205405.213160992,15,240.203125,6546.000
1785205405.213160992,15,245.078125,6076.000
1785205405.213160992,15,249.953125,5901.500
1785205405.213160992,15,251.578125,5859.500
1785205405.213160992,15,253.203125,5808.250
1785205405.213160992,15,254.812500,5786.250
1785205405.213160992,15,256.437500,5842.750
1785205405.213160992,15,259.671875,6146.250
1785205405.213160992,15,261.296875,6177.500
1785205405.213160992,15,262.906250,6188.750
1785205405.213160992,15,264.546875,6184.000
1785205405.213160992,15,266.156250,6157.250
1785205405.213160992,15,267.781250,6158.500
1785205405.213160992,15,269.390625,6198.750
1785205405.213160992,15,271.015625,6205.500
1785205405.213160992,15,272.640625,6189.000
1785205405.213160992,15,274.265625,6236.750
1785205405.213160992,15,275.796875,6293.500
1785205405.213160992,15,280.687500,5660.500
1785205405.213160992,15,282.312500,5711.000
1785205405.213160992,15,283.906250,5774.750
1785205405.213160992,15,285.531250,5853.250
1785205405.213160992,15,287.156250,5906.750
1785205405.213160992,15,290.359375,6513.750
1785205405.213160992,15,291.984375,6577.750
1785205405.213160992,15,293.578125,6674.250
1785205405.213160992,15,295.203125,6818.000
1785205405.213160992,15,296.812500,6950.750
1785205405.213160992,15,298.531250,7073.500
1785205405.213160992,15,300.156250,7195.000
1785205405.213160992,15,301.781250,7351.000
1785205405.213160992,15,303.390625,7565.250
1785205405.213160992,15,305.015625,7737.250
1785205405.213160992,15,306.640625,7868.500
1785205405.213160992,15,308.265625,8020.000
1785205405.213160992,15,309.890625,8226.750
1785205405.213160992,15,311.500000,8471.750
1785205405.213160992,15,313.125000,8691.750
1785205405.213160992,12,314.750000,8904.000
1785205405.213160992,13,317.968750,9712.750
1785205405.213160992,8,319.609375,9980.750
1785205405.213160992,15,332.734375,7765.500
1785205405.213160992,15,334.343750,7701.500
1785205405.213160992,15,335.984375,7635.250
1785205405.213160992,15,339.250000,7152.000
1785205405.213160992,15,340.890625,7107.500
1785205405.213160992,15,342.500000,7043.000
1785205405.213160992,15,344.140625,6991.000
1785205405.213160992,15,345.781250,6968.250
1785205405.327893019,15,355.484375,6800.250
1785205405.327893019,15,357.109375,6887.500
1785205405.327893019,15,163.421875,1324.750
1785205405.327893019,15,165.125000,1302.000
1785205405.327893019,15,166.703125,1286.500
1785205405.327893019,15,168.328125,1279.000
1785205405.327893019,15,169.953125,1277.000
1785205405.327893019,15,171.562500,1276.250
1785205405.327893019,15,173.171875,1287.000
1785205405.327893019,15,174.828125,1316.000
1785205405.327893019,15,176.406250,1328.500
1785205405.327893019,7,183.562500,10090.750
1785205405.327893019,8,209.562500,10205.000
1785205405.327893019,12,211.187500,10093.500
1785205405.327893019,15,212.812500,9837.500
1785205405.327893019,15,217.703125,8794.250
1785205405.327893019,15,219.343750,8589.250
1785205405.327893019,15,222.593750,8131.500
1785205405.327893019,15,224.218750,7976.500
1785205405.327893019,15,225.843750,7794.250
1785205405.327893019,15,227.468750,7630.750
1785205405.327893019,15,230.718750,7260.750
1785205405.327893019,15,232.343750,7169.500
1785205405.327893019,15,233.968750,7070.250
1785205405.327893019,15,235.609375,6918.250
1785205405.327893019,15,237.234375,6765.750
1785205405.327893019,15,238.843750,6650.500
1785205405.327893019,15,240.468750,6571.250
1785205405.327893019,15,245.375000,6125.500
1785205405.327893019,15,250.250000,5931.000
1785205405.327893019,15,251.828125,5891.750
1785205405.327893019,15,253.468750,5866.750
1785205405.327893019,15,255.093750,5830.500
1785205405.327893019,15,256.703125,5858.750
1785205405.327893019,15,259.937500,6183.500
1785205405.327893019,15,261.562500,6239.500
1785205405.327893019,15,263.171875,6214.250
1785205405.327893019,15,264.796875,6201.000
1785205405.327893019,15,266.437500,6204.500
1785205405.327893019,15,268.046875,6205.500
1785205405.327893019,15,269.656250,6210.500
1785205405.327893019,15,271.296875,6219.000
1785205405.327893019,15,272.906250,6242.000
1785205405.327893019,15,274.515625,6261.500
1785205405.327893019,15,276.156250,6303.500
1785205405.327893019,15,281.031250,5688.750
1785205405.327893019,15,282.656250,5722.000
1785205405.327893019,15,284.281250,5790.000
1785205405.327893019,15,285.890625,5895.250
1785205405.327893019,15,287.515625,5956.250
1785205405.327893019,15,290.734375,6543.000
1785205405.327893019,15,292.343750,6614.500
1785205405.327893019,15,293.968750,6729.500
1785205405.327893019,15,295.593750,6858.250
1785205405.327893019,15,297.187500,7008.000
1785205405.327893019,15,298.937500,7155.250
1785205405.327893019,15,300.578125,7257.500
1785205405.327893019,15,302.203125,7402.000
1785205405.327893019,15,303.812500,7591.750
1785205405.327893019,15,305.437500,7790.500
1785205405.327893019,15,307.062500,7964.250
1785205405.327893019,15,308.687500,8104.750
1785205405.327893019,15,311.953125,8550.500
1785205405.327893019,15,313.562500,8738.750
1785205405.327893019,15,318.437500,9777.250
1785205405.327893019,8,320.046875,10050.250
1785205405.327893019,15,329.859375,8240.250
1785205405.327893019,15,333.140625,7750.250
1785205405.327893019,15,334.750000,7675.750
1785205405.327893019,15,336.390625,7626.500
1785205405.327893019,15,339.656250,7154.750
1785205405.327893019,15,341.281250,7102.500
1785205405.327893019,15,342.906250,7033.500
1785205405.327893019,15,344.546875,6969.500
1785205405.327893019,15,346.171875,6963.000
1785205405.443060875,15,352.687500,6926.500
1785205405.443060875,15,355.937500,6824.750
1785205405.443060875,15,357.562500,6844.000
1785205405.443060875,14,163.921875,1328.250
1785205405.443060875,15,165.593750,1311.750
1785205405.443060875,15,167.250000,1281.500
1785205405.443060875,15,168.921875,1272.750
1785205405.443060875,13,170.500000,1269.000
1785205405.443060875,15,172.140625,1270.000
1785205405.443060875,15,173.781250,1281.000
1785205405.443060875,15,175.359375,1296.250
1785205405.443060875,15,178.593750,1341.000
1785205405.443060875,12,213.296875,9821.500
1785205405.443060875,15,216.562500,9034.750
1785205405.443060875,15,218.187500,8803.750
1785205405.443060875,15,219.812500,8603.000
1785205405.443060875,15,223.062500,8167.000
1785205405.443060875,15,224.687500,7980.750
1785205405.443060875,15,226.296875,7783.000
1785205405.443060875,15,227.921875,7614.500
1785205405.443060875,15,229.546875,7436.750
1785205405.443060875,15,231.156250,7295.250
1785205405.443060875,15,232.781250,7197.250
1785205405.443060875,15,234.421875,7064.250
1785205405.443060875,15,236.046875,6926.500
1785205405.443060875,15,237.656250,6773.500
1785205405.443060875,15,239.281250,6653.000
1785205405.443060875,15,240.921875,6560.750
1785205405.443060875,15,244.156250,6198.500
1785205405.443060875,15,245.796875,6149.750
1785205405.443060875,15,250.656250,5939.750
1785205405.443060875,15,252.281250,5914.500
1785205405.443060875,15,253.906250,5881.000
1785205405.443060875,15,255.531250,5858.250
1785205405.443060875,15,257.156250,5895.000
1785205405.443060875,15,260.375000,6246.750
1785205405.443060875,15,262.015625,6216.500
1785205405.443060875,15,263.625000,6233.500
1785205405.443060875,15,265.234375,6249.250
1785205405.443060875,15,266.859375,6237.250
1785205405.443060875,15,268.484375,6227.500
1785205405.443060875,15,270.093750,6238.500
1785205405.443060875,15,271.718750,6270.000
1785205405.443060875,15,273.343750,6293.500
1785205405.443060875,15,274.953125,6351.000
1785205405.443060875,15,276.578125,6307.000
1785205405.443060875,15,278.203125,6140.250
1785205405.443060875,15,281.453125,5728.250
1785205405.443060875,15,283.078125,5797.000
1785205405.443060875,15,284.703125,5845.250
1785205405.443060875,15,286.312500,5900.750
1785205405.443060875,15,289.531250,6519.250
1785205405.443060875,15,291.140625,6610.750
1785205405.443060875,15,292.765625,6720.250
1785205405.443060875,15,294.390625,6817.250
1785205405.443060875,15,295.984375,6943.750
1785205405.443060875,15,297.609375,7079.500
1785205405.443060875,15,299.359375,7195.750
1785205405.443060875,15,301.000000,7334.000
1785205405.443060875,15,302.609375,7493.750
1785205405.443060875,15,304.234375,7665.750
1785205405.443060875,15,305.875000,7855.750
1785205405.443060875,15,307.484375,8029.750
1785205405.443060875,15,309.109375,8183.750
1785205405.443060875,15,310.734375,8366.500
1785205405.443060875,15,312.359375,8591.250
1785205405.443060875,15,313.984375,8805.750
1785205405.443060875,10,318.843750,9863.750
1785205405.443060875,15,331.953125,7835.500
1785205405.443060875,15,333.578125,7737.000
1785205405.443060875,15,335.203125,7645.000
1785205405.443060875,15,336.828125,7562.250
1785205405.443060875,15,340.109375,7164.000
1785205405.443060875,15,341.750000,7131.250
1785205405.443060875,15,343.375000,7061.250
1785205405.443060875,15,345.015625,6991.750
1785205405.554340124,15,354.703125,6872.500
1785205405.554340124,15,356.328125,6816.000
1785205405.554340124,15,166.046875,1317.500
1785205405.554340124,15,167.640625,1295.500
1785205405.554340124,15,169.265625,1277.750
1785205405.554340124,14,172.546875,1266.750
1785205405.554340124,15,174.171875,1262.500
1785205405.554340124,15,175.781250,1278.750
1785205405.554340124,15,177.406250,1306.000
1785205405.554340124,15,179.046875,1320.000
1785205405.554340124,15,213.812500,9789.750
1785205405.554340124,15,217.062500,8993.750
1785205405.554340124,15,218.687500,8779.750
1785205405.554340124,15,220.328125,8573.250
1785205405.554340124,15,223.593750,8107.250
1785205405.554340124,15,225.203125,7929.000
1785205405.554340124,15,226.765625,7760.250
1785205405.554340124,15,228.406250,7639.250
1785205405.554340124,15,231.656250,7285.250
1785205405.554340124,15,233.281250,7192.250
1785205405.554340124,15,234.906250,7064.250
1785205405.554340124,15,236.515625,6887.500
1785205405.554340124,15,238.140625,6742.750
1785205405.554340124,15,239.765625,6669.750
1785205405.554340124,15,243.000000,6348.750
1785205405.554340124,15,246.265625,6107.500
1785205405.554340124,15,247.890625,6071.750
1785205405.554340124,15,249.500000,6025.750
1785205405.554340124,15,251.140625,5987.750
1785205405.554340124,15,252.781250,5941.000
1785205405.554340124,15,254.406250,5895.000
1785205405.554340124,15,256.015625,5926.000
1785205405.554340124,15,257.625000,5993.250
1785205405.554340124,15,260.875000,6257.750
1785205405.554340124,15,262.500000,6255.250
1785205405.554340124,15,264.109375,6240.750
1785205405.554340124,15,265.734375,6248.250
1785205405.554340124,15,267.359375,6265.250
1785205405.554340124,15,268.968750,6266.500
1785205405.554340124,15,270.593750,6262.750
1785205405.554340124,15,272.203125,6275.250
1785205405.554340124,15,273.843750,6320.750
1785205405.554340124,15,275.500000,6359.750
1785205405.554340124,15,277.125000,6287.500
1785205405.554340124,15,282.000000,5787.750
1785205405.554340124,15,283.625000,5870.250
1785205405.554340124,15,285.250000,5924.500
1785205405.554340124,15,286.859375,5955.250
1785205405.554340124,15,290.093750,6580.500
1785205405.554340124,15,291.718750,6635.000
1785205405.554340124,15,293.343750,6742.000
1785205405.554340124,15,294.953125,6919.750
1785205405.554340124,15,296.562500,7065.500
1785205405.554340124,15,298.250000,7166.500
1785205405.554340124,15,299.859375,7252.250
1785205405.554340124,15,303.109375,7605.250
1785205405.554340124,15,304.750000,7724.250
1785205405.554340124,15,308.000000,8070.750
1785205405.554340124,15,309.609375,8209.000
1785205405.554340124,15,311.234375,8447.000
1785205405.554340124,15,312.859375,8676.500
1785205405.554340124,13,314.484375,8919.750
1785205405.554340124,8,319.343750,9955.500
1785205405.554340124,15,332.406250,7767.250
1785205405.554340124,15,334.046875,7724.500
1785205405.554340124,15,335.671875,7690.500
1785205405.554340124,15,338.937500,7169.500
1785205405.554340124,15,340.546875,7120.000
1785205405.554340124,15,342.187500,7066.500
1785205405.554340124,15,343.828125,7019.500
1785205405.554340124,11,345.437500,6977.500
1785205405.669228077,15,355.234375,6821.500
1785205405.669228077,15,356.859375,6858.000
1785205405.669228077,13,166.625000,1311.000
1785205405.669228077,15,168.312500,1298.750
1785205405.669228077,15,169.968750,1270.750
1785205405.669228077,15,171.562500,1261.000
1785205405.669228077,15,174.812500,1264.000
1785205405.669228077,15,176.484375,1271.500
1785205405.669228077,15,178.015625,1290.250
1785205405.669228077,15,181.250000,1339.500
1785205405.669228077,14,214.312500,9735.500
1785205405.669228077,15,217.562500,8948.500
1785205405.669228077,15,219.187500,8734.500
1785205405.669228077,15,220.828125,8543.000
1785205405.669228077,15,224.062500,8123.000
1785205405.669228077,15,225.687500,7984.500
1785205405.669228077,15,227.312500,7790.750
1785205405.669228077,15,228.937500,7612.750
1785205405.669228077,15,230.562500,7426.500
1785205405.669228077,15,232.203125,7282.000
1785205405.669228077,15,233.812500,7193.750
1785205405.669228077,15,235.437500,7076.750
1785205405.669228077,15,237.062500,6918.250
1785205405.669228077,15,238.687500,6768.750
1785205405.669228077,15,240.296875,6669.750
1785205405.669228077,15,243.562500,6346.250
1785205405.669228077,15,245.187500,6247.000
1785205405.669228077,15,246.812500,6167.750
1785205405.669228077,15,248.437500,6075.500
1785205405.669228077,15,250.046875,6005.500
1785205405.669228077,15,251.718750,5986.500
1785205405.669228077,15,253.343750,5946.750
1785205405.669228077,15,254.984375,5903.500
1785205405.669228077,15,256.593750,5960.250
1785205405.669228077,15,258.203125,6005.500
1785205405.669228077,15,261.453125,6270.000
1785205405.669228077,15,263.078125,6273.750
1785205405.669228077,15,264.687500,6297.250
1785205405.669228077,15,266.328125,6312.000
1785205405.669228077,15,267.937500,6288.750
1785205405.669228077,15,269.578125,6265.250
1785205405.669228077,15,271.203125,6296.000
1785205405.669228077,15,272.828125,6302.000
1785205405.669228077,15,274.406250,6345.000
1785205405.669228077,15,276.031250,6408.000
1785205405.669228077,15,280.906250,5791.500
1785205405.669228077,15,282.531250,5821.250
1785205405.669228077,15,284.156250,5890.750
1785205405.669228077,15,285.765625,5943.000
1785205405.669228077,15,287.375000,5986.500
1785205405.669228077,15,290.609375,6597.000
1785205405.669228077,15,292.234375,6695.250
1785205405.669228077,15,293.843750,6833.750
1785205405.669228077,15,295.453125,6996.750
1785205405.669228077,15,297.078125,7117.000
1785205405.669228077,15,298.750000,7202.000
1785205405.669228077,15,300.359375,7308.750
1785205405.669228077,15,301.984375,7466.250
1785205405.669228077,15,303.609375,7645.250
1785205405.669228077,15,305.234375,7821.000
1785205405.669228077,15,306.843750,7998.000
1785205405.669228077,15,308.468750,8142.000
1785205405.669228077,8,314.937500,9072.000
1785205405.669228077,11,318.187500,9791.750
1785205405.669228077,15,329.718750,8232.000
1785205405.669228077,15,332.984375,7766.750
1785205405.669228077,15,334.625000,7699.000
1785205405.669228077,15,336.265625,7597.750
1785205405.669228077,15,339.515625,7172.750
1785205405.669228077,15,341.156250,7139.250
1785205405.669228077,15,342.796875,7093.250
1785205405.669228077,15,344.437500,7015.250
1785205405.669228077,15,347.625000,6897.500
1785205405.783238888,15,352.500000,6862.500
1785205405.783238888,15,354.125000,6846.500
1785205405.783238888,15,168.703125,1318.000
1785205405.783238888,15,170.375000,1294.250
1785205405.783238888,15,171.984375,1276.750
1785205405.783238888,15,176.828125,1268.750
1785205405.783238888,15,178.421875,1282.750
1785205405.783238888,13,180.015625,1315.000
1785205405.783238888,15,181.609375,1332.000
1785205405.783238888,11,213.125000,10028.000
1785205405.783238888,14,214.750000,9774.000
1785205405.783238888,15,219.625000,8779.500
1785205405.783238888,15,221.250000,8555.750
1785205405.783238888,15,222.875000,8309.750
1785205405.783238888,15,224.500000,8115.250
1785205405.783238888,15,226.140625,7958.500
1785205405.783238888,15,227.703125,7796.000
1785205405.783238888,15,229.328125,7650.750
1785205405.783238888,15,230.953125,7470.000
1785205405.783238888,15,232.578125,7292.250
1785205405.783238888,15,234.187500,7195.250
1785205405.783238888,15,235.812500,7098.500
1785205405.783238888,15,237.437500,6975.000
1785205405.783238888,15,239.062500,6831.250
1785205405.783238888,15,243.921875,6404.250
1785205405.783238888,15,245.546875,6314.000
1785205405.783238888,15,247.171875,6189.500
1785205405.783238888,15,248.796875,6081.000
1785205405.783238888,15,250.453125,6048.500
1785205405.783238888,15,252.093750,6014.750
1785205405.783238888,15,253.703125,5959.500
1785205405.783238888,15,255.328125,5937.500
1785205405.783238888,15,256.953125,6004.250
1785205405.783238888,15,258.562500,6141.750
1785205405.783238888,15,260.171875,6248.500
1785205405.783238888,15,261.781250,6303.500
1785205405.783238888,15,263.421875,6314.500
1785205405.783238888,15,265.031250,6312.000
1785205405.783238888,15,266.656250,6331.000
1785205405.783238888,15,268.281250,6337.000
1785205405.783238888,15,269.906250,6325.750
1785205405.783238888,15,271.531250,6349.500
1785205405.783238888,15,273.140625,6392.750
1785205405.783238888,15,274.718750,6437.750
1785205405.783238888,15,276.343750,6470.250
1785205405.783238888,15,281.218750,5823.000
1785205405.783238888,15,282.843750,5861.500
1785205405.783238888,15,284.453125,5917.750
1785205405.783238888,15,286.062500,5967.500
1785205405.783238888,15,287.687500,6086.750
1785205405.783238888,15,290.890625,6643.500
1785205405.783238888,15,292.515625,6734.500
1785205405.783238888,15,294.125000,6873.500
1785205405.783238888,15,295.750000,7036.500
1785205405.783238888,15,297.359375,7158.250
1785205405.783238888,15,299.062500,7237.500
1785205405.783238888,15,300.687500,7359.500
1785205405.783238888,15,303.921875,7760.000
1785205405.783238888,15,305.546875,7927.250
1785205405.783238888,15,307.171875,8065.750
1785205405.783238888,15,308.796875,8209.250
1785205405.783238888,15,310.406250,8427.250
1785205405.783238888,15,312.031250,8633.000
1785205405.783238888,15,313.656250,8805.750
1785205405.783238888,10,318.500000,9869.750
1785205405.783238888,15,331.625000,7871.750
1785205405.783238888,15,333.250000,7800.500
1785205405.783238888,15,334.890625,7724.500
1785205405.783238888,15,336.515625,7632.000
1785205405.783238888,15,339.781250,7171.000
1785205405.783238888,15,341.406250,7112.500
1785205405.783238888,15,343.046875,7080.750
1785205405.783238888,15,344.687500,7042.000
1785205405.783238888,15,349.562500,6920.750
1785205405.894109011,15,143.234375,104.250
1785205405.894109011,15,168.906250,1318.250
1785205405.894109011,15,172.203125,1280.250
1785205405.894109011,15,173.828125,1267.500
1785205405.894109011,15,177.156250,1271.500
1785205405.894109011,15,178.687500,1280.500
1785205405.894109011,12,180.343750,1301.250
1785205405.894109011,15,183.562500,1325.500
1785205405.894109011,15,215.046875,9726.750
1785205405.894109011,15,218.312500,9022.000
1785205405.894109011,15,219.921875,8782.250
1785205405.894109011,15,221.546875,8557.500
1785205405.894109011,15,223.187500,8339.500
1785205405.894109011,15,224.796875,8150.500
1785205405.894109011,15,226.437500,7974.500
1785205405.894109011,15,228.062500,7796.000
1785205405.894109011,15,229.703125,7643.500
1785205405.894109011,15,231.328125,7461.250
1785205405.894109011,15,232.937500,7300.250
1785205405.894109011,15,234.562500,7216.500
1785205405.894109011,15,236.203125,7109.750
1785205405.894109011,15,237.828125,6961.500
1785205405.894109011,15,239.453125,6819.250
1785205405.894109011,13,241.062500,6741.250
1785205405.894109011,15,247.578125,6363.500
1785205405.894109011,15,249.218750,6202.750
1785205405.894109011,15,250.796875,6106.250
1785205405.894109011,15,252.437500,6061.250
1785205405.894109011,15,254.046875,6017.000
1785205405.894109011,15,255.671875,5972.000
1785205405.894109011,15,257.296875,6023.250
1785205405.894109011,15,258.906250,6145.250
1785205405.894109011,15,260.515625,6264.750
1785205405.894109011,15,262.140625,6347.000
1785205405.894109011,15,263.765625,6367.250
1785205405.894109011,15,265.375000,6362.250
1785205405.894109011,15,267.015625,6356.000
1785205405.894109011,15,268.625000,6368.500
1785205405.894109011,15,270.250000,6359.750
1785205405.894109011,15,271.859375,6358.500
1785205405.894109011,15,273.484375,6409.500
1785205405.894109011,15,275.062500,6474.250
1785205405.894109011,13,276.687500,6512.250
1785205405.894109011,15,281.562500,5863.750
1785205405.894109011,15,283.171875,5920.000
1785205405.894109011,15,284.781250,5969.750
1785205405.894109011,15,286.406250,6032.750
1785205405.894109011,15,289.625000,6610.500
1785205405.894109011,15,291.234375,6701.000
1785205405.894109011,15,292.859375,6785.250
1785205405.894109011,15,294.468750,6903.750
1785205405.894109011,15,296.078125,7079.750
1785205405.894109011,15,297.703125,7197.000
1785205405.894109011,15,299.406250,7298.750
1785205405.894109011,15,301.046875,7461.000
1785205405.894109011,15,302.656250,7639.750
1785205405.894109011,15,304.265625,7782.500
1785205405.894109011,15,305.890625,7951.000
1785205405.894109011,15,307.515625,8111.000
1785205405.894109011,15,309.140625,8299.000
1785205405.894109011,15,310.750000,8520.750
1785205405.894109011,15,312.375000,8674.500
1785205405.894109011,15,331.953125,7839.750
1785205405.894109011,15,333.593750,7781.250
1785205405.894109011,15,335.218750,7727.750
1785205405.894109011,15,338.484375,7238.500
1785205405.894109011,15,340.125000,7166.000
1785205405.894109011,15,341.750000,7131.750
1785205405.894109011,15,343.359375,7101.000
1785205405.894109011,15,345.000000,7033.750
1785205406.009651899,15,351.531250,6853.000
1785205406.009651899,15,354.781250,6833.750
1785205406.009651899,15,356.437500,6868.250
1785205406.009651899,11,358.062500,6841.750
1785205406.009651899,10,170.750000,1300.500
1785205406.009651899,15,172.390625,1294.500
1785205406.009651899,15,174.000000,1266.750
1785205406.009651899,15,175.671875,1260.000
1785205406.009651899,10,177.296875,1264.000
1785205406.009651899,15,178.890625,1270.750
1785205406.009651899,14,180.500000,1286.750
1785205406.009651899,15,182.062500,1312.000
1785205406.009651899,12,215.187500,9718.000
1785205406.009651899,15,218.421875,9033.750
1785205406.009651899,15,221.687500,8557.000
1785205406.009651899,15,223.312500,8346.250
1785205406.009651899,15,224.937500,8150.250
1785205406.009651899,15,226.609375,7992.000
1785205406.009651899,15,228.234375,7828.250
1785205406.009651899,15,229.859375,7700.000
1785205406.009651899,15,231.484375,7552.250
1785205406.009651899,15,233.125000,7356.500
1785205406.009651899,15,234.734375,7219.750
1785205406.009651899,15,236.375000,7123.500
1785205406.009651899,15,238.000000,6999.500
1785205406.009651899,15,239.609375,6890.750
1785205406.009651899,9,241.234375,6774.750
1785205406.009651899,15,244.500000,6449.500
1785205406.009651899,15,246.140625,6380.250
1785205406.009651899,15,247.750000,6279.250
1785205406.009651899,15,249.390625,6197.250
1785205406.009651899,15,250.953125,6123.000
1785205406.009651899,15,252.593750,6053.250
1785205406.009651899,15,254.203125,6016.750
1785205406.009651899,15,255.828125,5997.750
1785205406.009651899,15,257.453125,6053.750
1785205406.009651899,15,259.062500,6171.500
1785205406.009651899,15,260.671875,6304.250
1785205406.009651899,15,262.296875,6389.000
1785205406.009651899,15,263.906250,6413.250
1785205406.009651899,15,265.546875,6396.500
1785205406.009651899,15,267.140625,6378.750
1785205406.009651899,15,268.781250,6400.500
1785205406.009651899,15,270.390625,6452.250
1785205406.009651899,15,272.000000,6474.250
1785205406.009651899,15,273.640625,6504.750
1785205406.009651899,15,275.203125,6552.250
1785205406.009651899,15,281.671875,5886.250
1785205406.009651899,15,283.296875,5920.000
1785205406.009651899,15,284.906250,5971.500
1785205406.009651899,15,286.515625,6058.000
1785205406.009651899,15,289.734375,6651.500
1785205406.009651899,15,291.359375,6770.250
1785205406.009651899,15,292.968750,6887.750
1785205406.009651899,15,294.578125,7010.250
1785205406.009651899,15,296.187500,7118.000
1785205406.009651899,15,297.796875,7199.750
1785205406.009651899,15,299.546875,7317.250
1785205406.009651899,15,302.796875,7677.750
1785205406.009651899,15,304.406250,7809.250
1785205406.009651899,15,306.031250,7980.250
1785205406.009651899,15,307.656250,8131.750
1785205406.009651899,15,309.265625,8327.000
1785205406.009651899,15,310.890625,8550.500
1785205406.009651899,15,312.515625,8726.750
1785205406.009651899,12,314.140625,8944.500
1785205406.009651899,13,317.359375,9743.000
1785205406.009651899,15,332.046875,7856.500
1785205406.009651899,15,333.671875,7745.250
1785205406.009651899,15,335.296875,7670.750
1785205406.009651899,15,338.562500,7240.250
1785205406.009651899,15,340.203125,7177.500
1785205406.009651899,15,341.828125,7148.500
1785205406.009651899,15,343.437500,7107.500
1785205406.009651899,15,345.078125,7023.750
1785205406.123380899,15,143.156250,105.000
1785205406.123380899,13,172.546875,1312.250
1785205406.123380899,15,174.187500,1294.000
1785205406.123380899,15,175.812500,1266.250
1785205406.123380899,15,177.437500,1263.750
1785205406.123380899,15,179.046875,1273.750
1785205406.123380899,15,180.593750,1281.750
1785205406.123380899,15,182.265625,1300.750
1785205406.123380899,10,215.328125,9766.750
1785205406.123380899,15,220.218750,8756.250
1785205406.123380899,15,221.843750,8603.000
1785205406.123380899,15,225.093750,8157.500
1785205406.123380899,15,226.750000,8015.750
1785205406.123380899,15,228.390625,7849.750
1785205406.123380899,15,230.015625,7703.750
1785205406.123380899,15,231.640625,7543.750
1785205406.123380899,15,233.265625,7364.250
1785205406.123380899,15,234.890625,7263.750
1785205406.123380899,15,236.531250,7181.000
1785205406.123380899,15,238.156250,7059.500
1785205406.123380899,12,239.781250,6891.750
1785205406.123380899,15,241.406250,6758.250
1785205406.123380899,15,249.546875,6222.500
1785205406.123380899,15,251.140625,6178.250
1785205406.123380899,15,252.781250,6106.750
1785205406.123380899,15,254.406250,6026.000
1785205406.123380899,15,256.015625,6019.250
1785205406.123380899,15,257.640625,6104.750
1785205406.123380899,15,259.281250,6255.250
1785205406.123380899,15,260.890625,6368.500
1785205406.123380899,15,262.500000,6427.500
1785205406.123380899,15,264.125000,6435.250
1785205406.123380899,15,265.750000,6421.000
1785205406.123380899,15,267.390625,6419.500
1785205406.123380899,15,269.000000,6426.000
1785205406.123380899,15,270.625000,6475.500
1785205406.123380899,15,272.234375,6471.750
1785205406.123380899,15,273.859375,6481.000
1785205406.123380899,15,275.421875,6529.500
1785205406.123380899,15,277.046875,6491.500
1785205406.123380899,15,278.687500,6372.000
1785205406.123380899,15,281.921875,5917.750
1785205406.123380899,15,283.546875,5959.750
1785205406.123380899,15,285.156250,6025.000
1785205406.123380899,15,286.781250,6091.250
1785205406.123380899,15,290.000000,6703.000
1785205406.123380899,15,291.609375,6784.250
1785205406.123380899,15,293.218750,6916.500
1785205406.123380899,15,294.828125,7053.000
1785205406.123380899,15,296.453125,7148.750
1785205406.123380899,15,298.234375,7247.500
1785205406.123380899,15,299.843750,7362.500
1785205406.123380899,15,303.109375,7741.000
1785205406.123380899,15,304.734375,7868.250
1785205406.123380899,15,306.359375,7996.250
1785205406.123380899,15,307.984375,8183.250
1785205406.123380899,15,309.593750,8404.750
1785205406.123380899,15,311.218750,8596.000
1785205406.123380899,15,312.859375,8811.500
1785205406.123380899,12,314.468750,9057.750
1785205406.123380899,13,317.734375,9777.250
1785205406.123380899,15,329.140625,8357.000
1785205406.123380899,15,332.406250,7864.250
1785205406.123380899,15,334.031250,7759.500
1785205406.123380899,15,335.671875,7687.750
1785205406.123380899,15,338.937500,7177.500
1785205406.123380899,15,340.562500,7132.250
1785205406.123380899,15,342.203125,7110.750
1785205406.123380899,15,343.828125,7101.000
1785205406.235875130,15,174.640625,1314.250
1785205406.235875130,15,176.234375,1305.250
1785205406.235875130,15,177.890625,1291.000
1785205406.235875130,15,179.500000,1286.000
1785205406.235875130,15,182.750000,1287.250
1785205406.235875130,14,215.921875,9744.500
1785205406.235875130,15,219.187500,9037.500
1785205406.235875130,15,220.812500,8782.750
1785205406.235875130,15,222.453125,8566.250
1785205406.235875130,15,224.078125,8370.000
1785205406.235875130,15,225.703125,8169.500
1785205406.235875130,15,227.265625,8021.500
1785205406.235875130,15,228.906250,7859.750
1785205406.235875130,15,230.515625,7724.000
1785205406.235875130,15,232.156250,7586.500
1785205406.235875130,15,233.765625,7395.000
1785205406.235875130,15,235.390625,7257.500
1785205406.235875130,15,237.015625,7149.000
1785205406.235875130,15,238.656250,7031.500
1785205406.235875130,15,240.265625,6926.250
1785205406.235875130,15,241.890625,6825.000
1785205406.235875130,15,246.765625,6438.250
1785205406.235875130,15,248.390625,6321.250
1785205406.235875130,15,253.265625,6119.500
1785205406.235875130,15,254.906250,6077.250
1785205406.235875130,15,256.515625,6053.000
1785205406.235875130,15,258.140625,6109.250
1785205406.235875130,15,261.359375,6534.000
1785205406.235875130,15,262.984375,6488.500
1785205406.235875130,15,264.625000,6480.750
1785205406.235875130,15,266.250000,6457.000
1785205406.235875130,15,267.859375,6474.000
1785205406.235875130,15,269.484375,6504.250
1785205406.235875130,15,271.109375,6511.000
1785205406.235875130,15,272.734375,6539.000
1785205406.235875130,15,274.359375,6553.500
1785205406.235875130,15,276.000000,6560.250
1785205406.235875130,15,279.234375,6177.500
1785205406.235875130,15,280.859375,6041.750
1785205406.235875130,15,282.500000,5975.250
1785205406.235875130,15,284.125000,6012.250
1785205406.235875130,15,285.734375,6079.750
1785205406.235875130,15,287.359375,6164.250
1785205406.235875130,15,290.593750,6776.250
1785205406.235875130,15,292.203125,6928.250
1785205406.235875130,15,293.812500,7046.750
1785205406.235875130,15,295.437500,7136.000
1785205406.235875130,15,297.062500,7219.750
1785205406.235875130,15,298.796875,7339.250
1785205406.235875130,15,300.421875,7477.500
1785205406.235875130,15,302.031250,7621.750
1785205406.235875130,15,303.671875,7790.250
1785205406.235875130,15,305.281250,7968.500
1785205406.235875130,15,306.921875,8110.750
1785205406.235875130,15,310.171875,8520.250
1785205406.235875130,15,311.796875,8698.750
1785205406.235875130,15,313.421875,8903.750
1785205406.235875130,10,318.281250,9900.500
1785205406.235875130,15,331.328125,7934.500
1785205406.235875130,15,332.953125,7810.750
1785205406.235875130,15,334.562500,7705.750
1785205406.235875130,15,336.203125,7668.500
1785205406.235875130,15,339.484375,7181.000
1785205406.235875130,15,341.093750,7145.000
1785205406.235875130,15,342.734375,7099.500
1785205406.235875130,15,344.359375,7025.000
1785205406.349817038,15,350.875000,6902.750
1785205406.349817038,15,175.265625,1332.250
1785205406.349817038,15,176.937500,1312.000
1785205406.349817038,15,180.234375,1288.750
1785205406.349817038,9,181.781250,1284.500
1785205406.349817038,15,183.406250,1298.250
1785205406.349817038,8,185.031250,1328.000
1785205406.349817038,15,221.531250,8712.500
1785205406.349817038,15,223.171875,8499.250
1785205406.349817038,15,224.796875,8304.250
1785205406.349817038,15,226.375000,8150.750
1785205406.349817038,15,228.015625,7968.500
1785205406.349817038,15,229.625000,7796.000
1785205406.349817038,15,231.265625,7668.750
1785205406.349817038,15,232.890625,7546.250
1785205406.349817038,15,234.515625,7380.000
1785205406.349817038,15,236.140625,7245.750
1785205406.349817038,15,237.765625,7156.750
1785205406.349817038,15,239.390625,7054.500
1785205406.349817038,15,241.031250,6947.500
1785205406.349817038,15,242.640625,6826.500
1785205406.349817038,15,252.421875,6216.500
1785205406.349817038,15,254.046875,6180.500
1785205406.349817038,15,255.656250,6135.500
1785205406.349817038,15,257.281250,6183.500
1785205406.349817038,15,258.906250,6220.250
1785205406.349817038,15,262.140625,6569.750
1785205406.349817038,15,263.765625,6557.500
1785205406.349817038,15,265.375000,6537.750
1785205406.349817038,15,267.015625,6515.000
1785205406.349817038,15,268.625000,6528.250
1785205406.349817038,15,270.265625,6548.250
1785205406.349817038,15,271.875000,6571.000
1785205406.349817038,15,273.500000,6584.500
1785205406.349817038,15,275.125000,6596.750
1785205406.349817038,15,276.750000,6624.000
1785205406.349817038,15,281.640625,5942.000
1785205406.349817038,15,283.265625,5993.250
1785205406.349817038,15,284.875000,6078.750
1785205406.349817038,15,286.500000,6159.250
1785205406.349817038,15,289.734375,6713.250
1785205406.349817038,15,291.343750,6854.750
1785205406.349817038,15,292.968750,6993.000
1785205406.349817038,15,294.578125,7096.750
1785205406.349817038,15,296.203125,7202.000
1785205406.349817038,15,297.828125,7255.750
1785205406.349817038,15,301.140625,7638.000
1785205406.349817038,15,302.765625,7754.000
1785205406.349817038,15,304.406250,7908.000
1785205406.349817038,15,306.031250,8042.000
1785205406.349817038,15,307.656250,8180.750
1785205406.349817038,15,309.265625,8405.250
1785205406.349817038,15,310.890625,8591.750
1785205406.349817038,15,312.515625,8788.000
1785205406.349817038,12,317.375000,9750.750
1785205406.349817038,15,332.109375,7979.750
1785205406.349817038,15,333.765625,7812.250
1785205406.349817038,15,335.390625,7681.000
1785205406.349817038,15,338.656250,7237.500
1785205406.349817038,15,340.296875,7179.750
1785205406.349817038,15,341.921875,7149.250
1785205406.349817038,15,343.546875,7116.000
1785205406.349817038,15,348.453125,6994.000
1785205406.464103937,15,143.406250,105.500
1785205406.464103937,15,177.671875,1307.500
1785205406.464103937,14,179.390625,1296.750
1785205406.464103937,15,181.015625,1284.250
1785205406.464103937,15,182.671875,1281.000
1785205406.464103937,15,202.781250,8560.750
1785205406.464103937,15,214.125000,10113.250
1785205406.464103937,14,215.750000,9855.000
1785205406.464103937,15,219.000000,9166.250
1785205406.464103937,15,220.640625,8919.250
1785205406.464103937,15,222.265625,8680.250
1785205406.464103937,15,223.890625,8477.750
1785205406.464103937,15,227.140625,8082.250
1785205406.464103937,15,228.750000,7937.000
1785205406.464103937,15,230.375000,7771.250
1785205406.464103937,15,232.015625,7646.750
1785205406.464103937,15,233.640625,7499.250
1785205406.464103937,15,235.250000,7329.000
1785205406.464103937,15,236.890625,7224.500
1785205406.464103937,15,249.890625,6335.750
1785205406.464103937,15,251.546875,6286.250
1785205406.464103937,15,253.187500,6240.750
1785205406.464103937,15,254.812500,6204.500
1785205406.464103937,15,256.437500,6126.750
1785205406.464103937,15,258.062500,6166.500
1785205406.464103937,15,259.671875,6339.250
1785205406.464103937,15,261.296875,6511.000
1785205406.464103937,15,262.921875,6586.000
1785205406.464103937,15,264.531250,6544.250
1785205406.464103937,15,266.171875,6555.000
1785205406.464103937,15,267.796875,6571.000
1785205406.464103937,15,269.421875,6535.250
1785205406.464103937,15,271.031250,6552.750
1785205406.464103937,15,272.656250,6585.250
1785205406.464103937,15,274.281250,6596.000
1785205406.464103937,15,275.890625,6633.750
1785205406.464103937,15,277.515625,6559.000
1785205406.464103937,15,282.390625,6004.250
1785205406.464103937,15,284.031250,6046.250
1785205406.464103937,15,285.656250,6115.000
1785205406.464103937,15,287.281250,6199.000
1785205406.464103937,15,290.484375,6785.500
1785205406.464103937,15,292.125000,6937.750
1785205406.464103937,15,293.734375,7080.250
1785205406.464103937,15,295.343750,7170.250
1785205406.464103937,15,296.984375,7232.000
1785205406.464103937,15,298.656250,7358.000
1785205406.464103937,15,300.281250,7543.500
1785205406.464103937,15,301.906250,7702.000
1785205406.464103937,15,303.531250,7849.500
1785205406.464103937,15,305.156250,8007.750
1785205406.464103937,15,306.781250,8142.000
1785205406.464103937,15,310.031250,8568.000
1785205406.464103937,15,311.656250,8724.500
1785205406.464103937,7,318.140625,9960.500
1785205406.464103937,15,331.234375,7983.750
1785205406.464103937,15,332.875000,7868.250
1785205406.464103937,15,334.500000,7768.750
1785205406.464103937,15,339.406250,7200.750
1785205406.464103937,15,341.015625,7150.750
1785205406.464103937,15,342.671875,7145.500
1785205406.464103937,15,344.296875,7123.250
1785205406.576117039,15,178.515625,1315.750
1785205406.576117039,15,180.203125,1313.500
1785205406.576117039,15,181.828125,1297.500
1785205406.576117039,12,185.062500,1302.250
1785205406.576117039,15,186.703125,1306.000
1785205406.576117039,12,205.218750,8466.000
1785205406.576117039,12,216.562500,9751.000
1785205406.576117039,15,221.437500,8854.500
1785205406.576117039,15,223.078125,8670.250
1785205406.576117039,15,224.703125,8454.250
1785205406.576117039,15,226.359375,8230.250
1785205406.576117039,15,227.984375,8054.250
1785205406.576117039,15,229.609375,7903.500
1785205406.576117039,15,231.234375,7767.250
1785205406.576117039,15,232.875000,7645.000
1785205406.576117039,15,236.125000,7256.500
1785205406.576117039,15,237.750000,7169.250
1785205406.576117039,15,239.390625,7090.250
1785205406.576117039,15,247.531250,6488.250
1785205406.576117039,15,249.171875,6377.750
1785205406.576117039,15,252.406250,6280.000
1785205406.576117039,15,254.031250,6219.750
1785205406.576117039,15,255.656250,6198.500
1785205406.576117039,15,257.296875,6165.000
1785205406.576117039,15,258.906250,6203.750
1785205406.576117039,15,262.156250,6575.000
1785205406.576117039,15,263.765625,6568.000
1785205406.576117039,15,265.406250,6581.000
1785205406.576117039,15,267.031250,6592.500
1785205406.576117039,15,268.640625,6611.750
1785205406.576117039,15,270.281250,6596.500
1785205406.576117039,15,271.890625,6577.750
1785205406.576117039,15,273.515625,6621.750
1785205406.576117039,15,275.078125,6636.000
1785205406.576117039,15,276.703125,6633.250
1785205406.576117039,15,281.578125,6012.250
1785205406.576117039,15,283.218750,6040.000
1785205406.576117039,15,284.812500,6118.250
1785205406.576117039,15,286.437500,6199.000
1785205406.576117039,15,289.656250,6826.500
1785205406.576117039,15,291.281250,6925.000
1785205406.576117039,15,292.890625,7004.000
1785205406.576117039,15,294.500000,7108.500
1785205406.576117039,15,296.125000,7206.750
1785205406.576117039,15,297.750000,7314.500
1785205406.576117039,15,299.453125,7485.500
1785205406.576117039,15,301.078125,7650.000
1785205406.576117039,15,302.703125,7756.250
1785205406.576117039,15,304.328125,7912.750
1785205406.576117039,15,305.937500,8049.500
1785205406.576117039,15,309.171875,8491.750
1785205406.576117039,15,310.796875,8679.500
1785205406.576117039,10,312.421875,8828.000
1785205406.576117039,12,317.281250,9825.000
1785205406.576117039,15,332.015625,7961.750
1785205406.576117039,15,333.656250,7856.750
1785205406.576117039,15,335.281250,7730.750
1785205406.576117039,15,338.562500,7236.500
1785205406.576117039,15,340.171875,7182.750
1785205406.576117039,15,341.828125,7153.750
1785205406.576117039,15,343.437500,7111.250
1785205406.690590858,15,171.718750,10208.000
1785205406.690590858,15,182.437500,1292.250
1785205406.690590858,10,217.125000,9771.000
1785205406.690590858,15,220.390625,9070.000
1785205406.690590858,15,223.640625,8589.250
1785205406.690590858,15,225.265625,8385.250
1785205406.690590858,15,226.906250,8182.000
1785205406.690590858,15,228.531250,8039.500
1785205406.690590858,15,230.156250,7888.500
1785205406.690590858,15,231.781250,7742.500
1785205406.690590858,15,233.406250,7602.500
1785205406.690590858,15,235.031250,7419.000
1785205406.690590858,15,236.656250,7287.000
1785205406.690590858,15,238.296875,7195.250
1785205406.690590858,15,239.906250,7120.250
1785205406.690590858,15,241.546875,6983.500
1785205406.690590858,15,243.171875,6862.250
1785205406.690590858,15,248.046875,6509.750
1785205406.690590858,15,252.937500,6288.750
1785205406.690590858,15,254.562500,6259.000
1785205406.690590858,15,256.187500,6223.750
1785205406.690590858,15,257.796875,6231.250
1785205406.690590858,15,259.437500,6264.000
1785205406.690590858,15,262.671875,6648.000
1785205406.690590858,15,264.281250,6610.500
1785205406.690590858,15,265.921875,6632.250
1785205406.690590858,15,267.546875,6636.500
1785205406.690590858,15,269.156250,6648.750
1785205406.690590858,15,270.781250,6668.250
1785205406.690590858,15,272.406250,6655.750
1785205406.690590858,15,274.031250,6675.500
1785205406.690590858,15,275.625000,6711.500
1785205406.690590858,12,277.250000,6657.250
1785205406.690590858,15,278.890625,6522.750
1785205406.690590858,15,282.140625,6047.750
1785205406.690590858,15,283.750000,6129.750
1785205406.690590858,15,285.375000,6189.000
1785205406.690590858,15,287.000000,6289.500
1785205406.690590858,15,290.218750,6875.750
1785205406.690590858,15,291.828125,6975.000
1785205406.690590858,15,293.453125,7098.500
1785205406.690590858,15,295.062500,7197.000
1785205406.690590858,15,296.703125,7275.250
1785205406.690590858,15,298.406250,7400.250
1785205406.690590858,15,300.031250,7582.500
1785205406.690590858,15,301.656250,7733.250
1785205406.690590858,15,303.265625,7872.500
1785205406.690590858,15,304.890625,8021.750
1785205406.690590858,15,306.515625,8127.250
1785205406.690590858,15,308.140625,8292.500
1785205406.690590858,11,317.875000,9922.750
1785205406.690590858,15,331.031250,8039.500
1785205406.690590858,15,332.656250,7925.000
1785205406.690590858,15,334.281250,7795.500
1785205406.690590858,13,335.937500,7657.500
1785205406.690590858,15,339.203125,7208.000
1785205406.690590858,15,340.843750,7185.500
1785205406.690590858,15,342.468750,7150.250
1785205406.690590858,15,344.109375,7123.250
1785205406.690590858,7,345.734375,7032.250
1785205406.801494122,15,181.328125,1315.250
1785205406.801494122,15,183.000000,1317.250
1785205406.801494122,12,186.281250,1302.750
1785205406.801494122,10,187.890625,1307.500
1785205406.801494122,12,216.093750,9934.500
1785205406.801494122,15,222.593750,8752.750
1785205406.801494122,15,224.234375,8580.250
1785205406.801494122,15,225.843750,8368.000
1785205406.801494122,15,227.531250,8171.250
1785205406.801494122,15,229.156250,8035.500
1785205406.801494122,15,230.765625,7882.500
1785205406.801494122,15,232.406250,7716.750
1785205406.801494122,15,234.031250,7599.750
1785205406.801494122,15,237.281250,7291.750
1785205406.801494122,15,238.906250,7219.750
1785205406.801494122,15,240.531250,7131.250
1785205406.801494122,15,242.156250,7048.250
1785205406.801494122,15,245.421875,6617.250
1785205406.801494122,15,250.265625,6437.750
1785205406.801494122,15,251.875000,6395.250
1785205406.801494122,15,253.500000,6338.500
1785205406.801494122,15,255.125000,6281.250
1785205406.801494122,15,256.750000,6238.250
1785205406.801494122,15,258.375000,6291.750
1785205406.801494122,15,259.984375,6398.000
1785205406.801494122,15,263.218750,6687.750
1785205406.801494122,15,264.843750,6642.000
1785205406.801494122,15,266.453125,6624.000
1785205406.801494122,15,268.078125,6647.500
1785205406.801494122,15,269.703125,6664.000
1785205406.801494122,15,271.312500,6679.250
1785205406.801494122,15,272.937500,6682.000
1785205406.801494122,15,274.531250,6684.750
1785205406.801494122,15,276.125000,6722.750
1785205406.801494122,15,277.750000,6673.250
1785205406.801494122,15,282.640625,6129.750
1785205406.801494122,15,284.234375,6225.000
1785205406.801494122,15,285.859375,6275.250
1785205406.801494122,15,287.468750,6376.500
1785205406.801494122,15,290.687500,6975.500
1785205406.801494122,15,292.296875,7091.750
1785205406.801494122,15,293.921875,7164.750
1785205406.801494122,15,295.531250,7250.750
1785205406.801494122,15,297.140625,7361.000
1785205406.801494122,15,298.921875,7523.750
1785205406.801494122,15,300.546875,7663.250
1785205406.801494122,15,302.171875,7782.500
1785205406.801494122,15,303.781250,7948.750
1785205406.801494122,15,305.421875,8074.000
1785205406.801494122,15,307.046875,8215.750
1785205406.801494122,15,310.281250,8674.500
1785205406.801494122,15,311.921875,8842.750
1785205406.801494122,10,316.781250,9785.250
1785205406.801494122,15,331.500000,7977.500
1785205406.801494122,15,333.125000,7867.500
1785205406.801494122,15,334.781250,7773.500
1785205406.801494122,15,338.046875,7242.250
1785205406.801494122,15,339.671875,7214.250
1785205406.801494122,15,341.312500,7187.250
1785205406.801494122,15,342.921875,7124.750
1785205406.916919947,12,186.687500,1291.000
1785205406.916919947,15,194.656250,1435.000
1785205406.916919947,9,214.906250,10267.500
1785205406.916919947,12,218.171875,9654.500
1785205406.916919947,15,223.046875,8714.000
1785205406.916919947,15,224.656250,8570.500
1785205406.916919947,15,227.890625,8141.750
1785205406.916919947,15,229.515625,8047.750
1785205406.916919947,15,231.140625,7900.000
1785205406.916919947,15,232.765625,7746.500
1785205406.916919947,15,234.390625,7598.750
1785205406.916919947,15,236.015625,7436.000
1785205406.916919947,15,237.625000,7323.500
1785205406.916919947,15,239.265625,7221.500
1785205406.916919947,15,240.875000,7134.250
1785205406.916919947,15,242.500000,7066.750
1785205406.916919947,15,245.765625,6636.500
1785205406.916919947,15,247.375000,6559.250
1785205406.916919947,15,249.000000,6500.500
1785205406.916919947,15,250.609375,6475.500
1785205406.916919947,15,252.234375,6406.000
1785205406.916919947,15,253.859375,6334.500
1785205406.916919947,15,255.468750,6288.750
1785205406.916919947,15,257.078125,6238.500
1785205406.916919947,15,258.703125,6298.250
1785205406.916919947,15,261.953125,6667.000
1785205406.916919947,15,263.562500,6672.500
1785205406.916919947,15,265.171875,6660.000
1785205406.916919947,15,266.812500,6675.000
1785205406.916919947,15,268.421875,6676.500
1785205406.916919947,15,270.031250,6680.750
1785205406.916919947,15,271.640625,6700.250
1785205406.916919947,15,273.265625,6731.250
1785205406.916919947,15,274.890625,6728.250
1785205406.916919947,15,276.515625,6749.750
1785205406.916919947,15,281.390625,6135.750
1785205406.916919947,15,283.015625,6196.250
1785205406.916919947,15,284.625000,6245.750
1785205406.916919947,15,286.250000,6296.000
1785205406.916919947,15,289.468750,6864.750
1785205406.916919947,15,291.078125,7014.750
1785205406.916919947,15,292.703125,7129.750
1785205406.916919947,15,294.312500,7201.750
1785205406.916919947,15,295.921875,7295.500
1785205406.916919947,15,297.546875,7418.750
1785205406.916919947,15,299.312500,7543.000
1785205406.916919947,15,300.921875,7673.000
1785205406.916919947,15,302.546875,7826.500
1785205406.916919947,15,304.187500,7978.000
1785205406.916919947,15,305.812500,8130.000
1785205406.916919947,15,307.421875,8342.000
1785205406.916919947,15,309.046875,8547.750
1785205406.916919947,15,310.671875,8719.750
1785205406.916919947,15,312.312500,8923.750
1785205406.916919947,10,317.171875,9912.250
1785205406.916919947,15,328.578125,8502.000
1785205406.916919947,15,331.843750,7959.500
1785205406.916919947,15,333.500000,7842.250
1785205406.916919947,9,335.125000,7734.750
1785205406.916919947,15,338.390625,7268.000
1785205406.916919947,15,340.015625,7202.750
1785205406.916919947,12,341.640625,7136.750
1785205407.031152964,15,185.328125,1318.250
1785205407.031152964,15,186.921875,1312.500
1785205407.031152964,15,188.531250,1308.750
1785205407.031152964,9,190.203125,1311.500
1785205407.031152964,15,191.781250,1319.250
1785205407.031152964,15,216.796875,9961.500
1785205407.031152964,15,221.687500,8994.500
1785205407.031152964,15,223.328125,8765.250
1785205407.031152964,15,224.937500,8597.750
1785205407.031152964,15,228.171875,8163.000
1785205407.031152964,15,229.796875,8063.750
1785205407.031152964,15,231.406250,7952.750
1785205407.031152964,15,233.046875,7792.000
1785205407.031152964,15,234.671875,7618.750
1785205407.031152964,15,236.296875,7453.250
1785205407.031152964,15,237.921875,7322.250
1785205407.031152964,15,239.546875,7213.250
1785205407.031152964,15,241.156250,7150.250
1785205407.031152964,15,242.796875,7079.500
1785205407.031152964,15,249.281250,6607.500
1785205407.031152964,15,250.875000,6490.000
1785205407.031152964,15,252.484375,6428.750
1785205407.031152964,15,254.109375,6381.250
1785205407.031152964,15,255.718750,6324.750
1785205407.031152964,15,257.343750,6282.250
1785205407.031152964,15,258.953125,6322.250
1785205407.031152964,15,262.171875,6680.750
1785205407.031152964,15,263.796875,6742.500
1785205407.031152964,15,265.421875,6708.500
1785205407.031152964,15,267.031250,6698.750
1785205407.031152964,15,268.656250,6694.500
1785205407.031152964,15,270.265625,6711.500
1785205407.031152964,15,271.875000,6727.000
1785205407.031152964,15,273.500000,6741.000
1785205407.031152964,15,275.140625,6773.750
1785205407.031152964,15,276.750000,6810.000
1785205407.031152964,15,281.625000,6191.250
1785205407.031152964,15,283.265625,6245.750
1785205407.031152964,15,284.875000,6300.750
1785205407.031152964,15,286.484375,6362.500
1785205407.031152964,15,289.703125,6980.500
1785205407.031152964,15,291.296875,7081.250
1785205407.031152964,15,292.937500,7172.750
1785205407.031152964,15,294.546875,7242.500
1785205407.031152964,15,296.171875,7338.750
1785205407.031152964,15,297.796875,7476.250
1785205407.031152964,15,299.500000,7627.000
1785205407.031152964,15,301.125000,7744.750
1785205407.031152964,15,302.750000,7898.000
1785205407.031152964,15,304.359375,8047.750
1785205407.031152964,15,306.000000,8190.250
1785205407.031152964,15,307.625000,8385.250
1785205407.031152964,15,309.234375,8552.000
1785205407.031152964,15,310.859375,8739.500
1785205407.031152964,15,312.484375,8940.500
1785205407.031152964,10,315.734375,9656.750
1785205407.031152964,15,330.390625,8100.500
1785205407.031152964,15,332.015625,7954.000
1785205407.031152964,15,333.640625,7834.250
1785205407.031152964,15,335.265625,7720.500
1785205407.031152964,15,338.546875,7242.750
1785205407.031152964,15,340.156250,7189.750
1785205407.031152964,15,341.796875,7158.000
1785205407.031152964,15,343.406250,7116.000
1785205407.145771027,8,20.781250,5596.500
1785205407.145771027,15,190.406250,1313.000
1785205407.145771027,15,216.984375,9978.250
1785205407.145771027,15,218.609375,9715.250
1785205407.145771027,15,223.500000,8769.500
1785205407.145771027,15,225.140625,8600.500
1785205407.145771027,15,226.734375,8400.750
1785205407.145771027,15,228.359375,8206.750
1785205407.145771027,15,229.984375,8074.000
1785205407.145771027,15,231.609375,7942.750
1785205407.145771027,15,233.234375,7775.250
1785205407.145771027,15,234.859375,7655.750
1785205407.145771027,15,236.468750,7530.750
1785205407.145771027,15,238.109375,7354.500
1785205407.145771027,15,239.718750,7245.500
1785205407.145771027,15,241.359375,7180.750
1785205407.145771027,15,242.984375,7113.750
1785205407.145771027,15,251.093750,6497.750
1785205407.145771027,15,252.734375,6453.250
1785205407.145771027,15,254.359375,6395.250
1785205407.145771027,15,255.984375,6340.750
1785205407.145771027,15,257.609375,6282.500
1785205407.145771027,15,259.203125,6342.250
1785205407.145771027,15,262.453125,6797.250
1785205407.145771027,15,264.078125,6746.750
1785205407.145771027,15,265.687500,6756.750
1785205407.145771027,15,267.312500,6746.750
1785205407.145771027,15,268.921875,6727.000
1785205407.145771027,15,270.562500,6742.500
1785205407.145771027,15,272.171875,6769.500
1785205407.145771027,15,273.796875,6791.000
1785205407.145771027,15,275.437500,6836.000
1785205407.145771027,15,277.046875,6869.750
1785205407.145771027,15,281.953125,6223.750
1785205407.145771027,15,283.546875,6278.750
1785205407.145771027,15,285.171875,6348.750
1785205407.145771027,15,286.796875,6426.250
1785205407.145771027,15,290.031250,7042.000
1785205407.145771027,15,291.656250,7124.750
1785205407.145771027,15,293.265625,7206.750
1785205407.145771027,15,294.890625,7281.750
1785205407.145771027,15,296.500000,7371.000
1785205407.145771027,15,298.109375,7514.750
1785205407.145771027,15,299.765625,7641.250
1785205407.145771027,15,301.390625,7781.000
1785205407.145771027,15,303.015625,7964.500
1785205407.145771027,15,304.640625,8096.250
1785205407.145771027,15,306.265625,8238.750
1785205407.145771027,15,307.890625,8460.750
1785205407.145771027,12,315.968750,9776.500
1785205407.145771027,15,330.640625,8054.750
1785205407.145771027,9,332.265625,7915.000
1785205407.145771027,15,337.156250,7403.250
1785205407.145771027,10,338.765625,7343.500
1785205407.257576942,8,19.515625,5614.250
1785205407.257576942,10,190.828125,1303.500
1785205407.257576942,12,215.796875,10166.250
1785205407.257576942,14,217.406250,9938.250
1785205407.257576942,15,222.296875,9032.250
1785205407.257576942,15,223.937500,8796.750
1785205407.257576942,15,225.546875,8614.000
1785205407.257576942,15,227.187500,8416.500
1785205407.257576942,15,228.796875,8206.750
1785205407.257576942,15,230.421875,8048.250
1785205407.257576942,15,232.046875,7905.250
1785205407.257576942,15,233.671875,7763.750
1785205407.257576942,15,235.312500,7655.750
1785205407.257576942,15,238.546875,7338.500
1785205407.257576942,15,240.187500,7257.250
1785205407.257576942,15,241.796875,7179.250
1785205407.257576942,15,243.421875,7076.750
1785205407.257576942,15,254.859375,6403.000
1785205407.257576942,15,256.484375,6361.000
1785205407.257576942,8,258.109375,6322.250
1785205407.257576942,15,259.734375,6383.750
1785205407.257576942,15,262.968750,6745.250
1785205407.257576942,15,264.593750,6744.000
1785205407.257576942,15,266.218750,6735.500
1785205407.257576942,15,267.843750,6734.000
1785205407.257576942,15,269.468750,6755.250
1785205407.257576942,15,271.093750,6789.750
1785205407.257576942,15,272.718750,6796.750
1785205407.257576942,15,274.312500,6786.750
1785205407.257576942,15,275.937500,6830.500
1785205407.257576942,15,277.578125,6787.750
1785205407.257576942,15,279.187500,6646.500
1785205407.257576942,15,282.437500,6231.000
1785205407.257576942,15,284.062500,6299.000
1785205407.257576942,15,285.687500,6401.750
1785205407.257576942,15,287.312500,6467.500
1785205407.257576942,15,290.515625,7081.000
1785205407.257576942,15,292.140625,7152.000
1785205407.257576942,15,293.765625,7221.250
1785205407.257576942,15,295.390625,7325.500
1785205407.257576942,15,297.000000,7472.750
1785205407.257576942,15,298.687500,7627.000
1785205407.257576942,15,300.312500,7758.000
1785205407.257576942,15,301.937500,7881.750
1785205407.257576942,15,303.546875,8005.750
1785205407.257576942,15,305.171875,8119.000
1785205407.257576942,15,308.421875,8575.750
1785205407.257576942,15,310.046875,8740.500
1785205407.257576942,15,311.671875,8891.250
1785205407.257576942,9,316.531250,9845.750
1785205407.257576942,15,331.187500,7988.750
1785205407.257576942,15,332.812500,7877.250
1785205407.257576942,15,334.453125,7778.750
1785205407.257576942,15,337.718750,7286.750
1785205407.257576942,15,339.343750,7243.750
1785205407.257576942,15,340.968750,7197.750
1785205407.257576942,15,342.578125,7140.000
1785205407.371407986,7,18.406250,5530.250
1785205407.371407986,9,20.031250,5531.250
1785205407.371407986,15,193.218750,1319.250
1785205407.371407986,15,205.203125,8569.250
1785205407.371407986,15,218.156250,9848.500
1785205407.371407986,15,223.046875,8902.000
1785205407.371407986,15,224.671875,8717.000
1785205407.371407986,15,226.296875,8530.750
1785205407.371407986,15,227.921875,8288.000
1785205407.371407986,15,229.546875,8125.250
1785205407.371407986,15,231.171875,8037.500
1785205407.371407986,15,232.796875,7932.500
1785205407.371407986,15,234.421875,7782.750
1785205407.371407986,15,236.046875,7629.000
1785205407.371407986,15,237.687500,7481.250
1785205407.371407986,15,239.312500,7348.750
1785205407.371407986,15,244.187500,7188.500
1785205407.371407986,15,247.437500,6696.250
1785205407.371407986,15,249.078125,6618.750
1785205407.371407986,15,253.984375,6479.500
1785205407.371407986,15,255.609375,6416.000
1785205407.371407986,15,257.234375,6366.000
1785205407.371407986,15,260.468750,6624.250
1785205407.371407986,15,262.093750,6717.750
1785205407.371407986,15,263.718750,6787.250
1785205407.371407986,15,265.343750,6827.500
1785205407.371407986,15,266.968750,6834.750
1785205407.371407986,15,268.609375,6808.500
1785205407.371407986,15,270.218750,6815.750
1785205407.371407986,15,271.843750,6808.500
1785205407.371407986,15,273.468750,6826.000
1785205407.371407986,15,275.062500,6869.750
1785205407.371407986,15,276.671875,6907.000
1785205407.371407986,15,281.578125,6256.750
1785205407.371407986,15,283.187500,6288.750
1785205407.371407986,15,284.812500,6367.000
1785205407.371407986,15,286.421875,6455.750
1785205407.371407986,15,289.656250,7085.500
1785205407.371407986,15,291.265625,7132.000
1785205407.371407986,15,292.890625,7182.000
1785205407.371407986,15,294.500000,7253.500
1785205407.371407986,15,297.750000,7610.250
1785205407.371407986,15,299.468750,7674.500
1785205407.371407986,15,301.078125,7820.250
1785205407.371407986,15,302.703125,7999.750
1785205407.371407986,15,304.343750,8081.000
1785205407.371407986,15,305.953125,8197.000
1785205407.371407986,9,309.203125,8658.000
1785205407.371407986,12,314.078125,9441.250
1785205407.371407986,10,315.703125,9670.500
1785205407.371407986,15,330.453125,8064.750
1785205407.371407986,15,332.078125,7973.250
1785205407.371407986,15,336.984375,7334.500
1785205407.371407986,15,338.625000,7250.000
1785205407.371407986,15,340.234375,7229.500
1785205407.371407986,9,341.859375,7187.250
1785205407.483145952,11,17.656250,5634.500
1785205407.483145952,14,190.687500,1329.250
1785205407.483145952,15,193.984375,1327.500
1785205407.483145952,15,217.359375,10072.000
1785205407.483145952,15,223.859375,8848.750
1785205407.483145952,15,225.500000,8665.500
1785205407.483145952,15,227.156250,8430.250
1785205407.483145952,15,228.781250,8215.750
1785205407.483145952,15,230.406250,8087.750
1785205407.483145952,15,232.046875,7997.500
1785205407.483145952,15,233.671875,7866.500
1785205407.483145952,15,235.281250,7711.000
1785205407.483145952,15,236.906250,7549.750
1785205407.483145952,15,238.531250,7418.500
1785205407.483145952,15,240.171875,7297.750
1785205407.483145952,15,251.546875,6579.250
1785205407.483145952,15,253.187500,6555.000
1785205407.483145952,15,254.812500,6504.500
1785205407.483145952,15,256.437500,6465.000
1785205407.483145952,15,258.062500,6441.500
1785205407.483145952,15,259.687500,6512.250
1785205407.483145952,15,262.921875,6813.000
1785205407.483145952,15,264.531250,6792.500
1785205407.483145952,15,266.156250,6824.250
1785205407.483145952,15,267.796875,6817.000
1785205407.483145952,15,269.406250,6828.750
1785205407.483145952,15,271.031250,6836.500
1785205407.483145952,15,272.656250,6866.000
1785205407.483145952,15,274.265625,6909.750
1785205407.483145952,15,275.875000,6912.750
1785205407.483145952,15,282.375000,6326.500
1785205407.483145952,15,283.984375,6419.750
1785205407.483145952,15,285.609375,6462.500
1785205407.483145952,15,287.234375,6504.500
1785205407.483145952,15,290.468750,7121.750
1785205407.483145952,15,292.078125,7194.000
1785205407.483145952,15,293.703125,7262.750
1785205407.483145952,15,295.312500,7335.500
1785205407.483145952,15,296.937500,7483.250
1785205407.483145952,15,298.671875,7637.500
1785205407.483145952,15,300.281250,7767.750
1785205407.483145952,15,301.921875,7939.250
1785205407.483145952,15,303.562500,8064.000
1785205407.483145952,15,305.171875,8208.500
1785205407.483145952,15,306.796875,8409.250
1785205407.483145952,15,308.421875,8580.750
1785205407.483145952,15,310.062500,8740.000
1785205407.483145952,14,314.921875,9690.250
1785205407.483145952,11,316.546875,9895.500
1785205407.483145952,15,328.046875,8547.500
1785205407.483145952,15,331.328125,8043.500
1785205407.483145952,15,332.953125,7948.250
1785205407.483145952,9,334.593750,7820.250
1785205407.483145952,15,337.859375,7338.500
1785205407.483145952,15,339.500000,7277.000
1785205407.483145952,15,341.125000,7226.000
1785205407.483145952,15,342.765625,7186.000
1785205407.483145952,10,344.406250,7074.000
1785205407.597437859,12,15.281250,5604.750
1785205407.597437859,9,18.562500,5587.250
1785205407.597437859,10,20.156250,5568.750
1785205407.597437859,15,191.468750,1342.250
1785205407.597437859,15,193.140625,1318.250
1785205407.597437859,15,194.781250,1312.000
1785205407.597437859,15,197.937500,1344.000
1785205407.597437859,10,201.093750,1525.500
1785205407.597437859,15,223.046875,9021.250
1785205407.597437859,15,224.687500,8799.000
1785205407.597437859,15,226.312500,8624.750
1785205407.597437859,15,227.937500,8452.000
1785205407.597437859,15,229.546875,8259.250
1785205407.597437859,15,231.187500,8099.750
1785205407.597437859,15,232.796875,7987.750
1785205407.597437859,15,236.062500,7699.750
1785205407.597437859,15,237.687500,7616.250
1785205407.597437859,15,240.921875,7292.250
1785205407.597437859,15,242.562500,7234.250
1785205407.597437859,15,247.453125,6820.500
1785205407.597437859,15,250.656250,6705.000
1785205407.597437859,15,255.531250,6527.000
1785205407.597437859,15,257.156250,6489.750
1785205407.597437859,15,258.765625,6554.500
1785205407.597437859,15,260.406250,6602.250
1785205407.597437859,15,263.625000,6875.750
1785205407.597437859,15,265.250000,6872.750
1785205407.597437859,15,266.875000,6863.750
1785205407.597437859,15,268.484375,6881.500
1785205407.597437859,15,270.109375,6883.000
1785205407.597437859,15,271.734375,6865.250
1785205407.597437859,15,273.343750,6898.000
1785205407.597437859,15,274.953125,6932.250
1785205407.597437859,15,276.562500,6944.250
1785205407.597437859,15,281.437500,6311.250
1785205407.597437859,15,283.062500,6362.250
1785205407.597437859,15,284.671875,6415.000
1785205407.597437859,15,286.296875,6487.250
1785205407.597437859,15,289.515625,7107.500
1785205407.597437859,15,291.125000,7180.750
1785205407.597437859,15,292.734375,7257.250
1785205407.597437859,15,294.359375,7371.250
1785205407.597437859,15,295.984375,7512.500
1785205407.597437859,15,297.593750,7637.750
1785205407.597437859,15,299.312500,7746.500
1785205407.597437859,15,300.937500,7876.500
1785205407.597437859,15,302.578125,8021.750
1785205407.597437859,15,304.203125,8112.500
1785205407.597437859,15,305.828125,8269.250
1785205407.597437859,15,307.437500,8500.500
1785205407.597437859,14,309.062500,8686.500
1785205407.597437859,13,315.546875,9749.250
1785205407.597437859,15,330.234375,8103.000
1785205407.597437859,15,331.875000,7960.500
1785205407.597437859,15,336.765625,7401.250
1785205407.597437859,12,338.406250,7335.000
1785205407.712196112,15,142.859375,105.000
1785205407.712196112,15,193.609375,1328.250
1785205407.712196112,15,196.843750,1337.750
1785205407.712196112,10,205.703125,8607.250
1785205407.712196112,9,207.328125,8497.250
1785205407.712196112,15,218.671875,9934.000
1785205407.712196112,15,223.578125,8996.500
1785205407.712196112,15,225.203125,8789.000
1785205407.712196112,15,226.812500,8632.500
1785205407.712196112,15,230.062500,8200.500
1785205407.712196112,15,231.687500,8070.000
1785205407.712196112,15,233.312500,7962.000
1785205407.712196112,15,234.937500,7822.750
1785205407.712196112,15,236.562500,7694.500
1785205407.712196112,15,238.187500,7583.750
1785205407.712196112,15,239.828125,7446.500
1785205407.712196112,15,241.437500,7320.250
1785205407.712196112,15,243.062500,7240.750
1785205407.712196112,15,244.687500,7176.000
1785205407.712196112,15,247.968750,6794.500
1785205407.712196112,15,249.578125,6688.000
1785205407.712196112,15,254.468750,6594.000
1785205407.712196112,15,256.093750,6553.750
1785205407.712196112,15,257.718750,6499.000
1785205407.712196112,15,259.328125,6539.250
1785205407.712196112,15,260.968750,6650.250
1785205407.712196112,15,262.578125,6806.500
1785205407.712196112,15,264.203125,6914.250
1785205407.712196112,15,265.812500,6920.250
1785205407.712196112,15,267.437500,6920.250
1785205407.712196112,15,269.078125,6915.750
1785205407.712196112,15,270.687500,6926.250
1785205407.712196112,15,272.328125,6909.750
1785205407.712196112,15,273.953125,6950.750
1785205407.712196112,15,275.531250,7024.750
1785205407.712196112,15,277.156250,7028.000
1785205407.712196112,15,282.031250,6371.250
1785205407.712196112,15,283.671875,6437.750
1785205407.712196112,15,285.281250,6500.500
1785205407.712196112,15,286.906250,6552.250
1785205407.712196112,15,290.140625,7171.000
1785205407.712196112,15,291.750000,7236.000
1785205407.712196112,15,293.375000,7315.250
1785205407.712196112,15,294.984375,7454.250
1785205407.712196112,15,296.593750,7612.500
1785205407.712196112,15,298.328125,7713.000
1785205407.712196112,15,299.968750,7837.750
1785205407.712196112,15,301.593750,7979.750
1785205407.712196112,15,303.203125,8082.250
1785205407.712196112,15,304.843750,8219.750
1785205407.712196112,15,306.468750,8450.000
1785205407.712196112,15,308.109375,8634.500
1785205407.712196112,15,309.718750,8791.750
1785205407.712196112,14,311.343750,9024.500
1785205407.712196112,13,314.578125,9686.500
1785205407.712196112,8,316.218750,9975.250
1785205407.712196112,15,330.984375,8042.500
1785205407.712196112,15,332.609375,7955.500
1785205407.712196112,15,334.234375,7858.500
1785205407.712196112,15,337.515625,7335.250
1785205407.712196112,15,339.156250,7260.500
1785205407.712196112,15,340.796875,7195.250
1785205407.712196112,15,342.437500,7161.250
1785205407.824280024,15,194.484375,1337.000
1785205407.824280024,15,197.796875,1341.750
1785205407.824280024,13,221.250000,9477.750
1785205407.824280024,15,224.500000,8918.500
1785205407.824280024,15,226.140625,8748.000
1785205407.824280024,15,227.671875,8564.250
1785205407.824280024,15,229.296875,8352.750
1785205407.824280024,15,230.921875,8167.000
1785205407.824280024,15,232.546875,8051.500
1785205407.824280024,15,234.171875,7952.000
1785205407.824280024,15,235.781250,7811.000
1785205407.824280024,15,237.406250,7681.500
1785205407.824280024,15,239.031250,7532.750
1785205407.824280024,15,240.656250,7381.000
1785205407.824280024,15,248.765625,6738.750
1785205407.824280024,15,250.437500,6686.250
1785205407.824280024,15,252.062500,6657.250
1785205407.824280024,15,253.687500,6620.000
1785205407.824280024,15,255.312500,6605.000
1785205407.824280024,15,256.937500,6551.000
1785205407.824280024,15,258.546875,6513.500
1785205407.824280024,15,260.187500,6588.000
1785205407.824280024,15,263.421875,6917.250
1785205407.824280024,15,265.046875,6915.750
1785205407.824280024,15,266.656250,6912.750
1785205407.824280024,15,268.281250,6905.250
1785205407.824280024,15,269.906250,6914.250
1785205407.824280024,15,271.531250,6941.250
1785205407.824280024,15,273.140625,6976.000
1785205407.824280024,15,274.781250,7012.500
1785205407.824280024,15,276.406250,7045.000
1785205407.824280024,15,278.046875,6969.750
1785205407.824280024,15,281.312500,6538.500
1785205407.824280024,15,282.921875,6458.500
1785205407.824280024,15,284.546875,6494.000
1785205407.824280024,15,286.156250,6572.750
1785205407.824280024,15,289.375000,7062.750
1785205407.824280024,15,291.015625,7216.250
1785205407.824280024,15,292.640625,7291.250
1785205407.824280024,15,294.250000,7378.750
1785205407.824280024,15,295.859375,7560.750
1785205407.824280024,15,297.484375,7680.250
1785205407.824280024,15,299.171875,7783.750
1785205407.824280024,15,300.812500,7942.500
1785205407.824280024,15,302.421875,8068.000
1785205407.824280024,15,304.046875,8189.750
1785205407.824280024,15,307.296875,8583.750
1785205407.824280024,15,308.921875,8702.750
1785205407.824280024,10,315.406250,9802.750
1785205407.824280024,15,330.062500,8094.250
1785205407.824280024,15,331.703125,8009.750
1785205407.824280024,11,333.328125,7901.250
1785205407.824280024,15,336.593750,7404.750
1785205407.824280024,15,338.218750,7320.250
1785205407.824280024,15,339.843750,7224.750
1785205407.824280024,15,341.468750,7175.750
1785205407.824280024,15,346.390625,7109.750
1785205407.937811852,7,15.687500,5584.250
1785205407.937811852,10,18.937500,5573.500
1785205407.937811852,15,196.734375,1350.250
1785205407.937811852,15,218.468750,10059.750
1785205407.937811852,13,220.093750,9786.250
1785205407.937811852,15,223.359375,9111.250
1785205407.937811852,15,224.984375,8896.250
1785205407.937811852,15,226.578125,8707.750
1785205407.937811852,15,228.218750,8534.250
1785205407.937811852,15,229.828125,8337.500
1785205407.937811852,15,231.453125,8162.500
1785205407.937811852,15,233.078125,8053.750
1785205407.937811852,15,234.687500,7919.250
1785205407.937811852,15,236.343750,7778.500
1785205407.937811852,15,237.953125,7698.000
1785205407.937811852,15,239.578125,7587.500
1785205407.937811852,15,241.203125,7417.500
1785205407.937811852,15,247.687500,6873.500
1785205407.937811852,9,249.328125,6794.000
1785205407.937811852,15,251.000000,6740.000
1785205407.937811852,15,255.859375,6607.750
1785205407.937811852,15,257.484375,6582.500
1785205407.937811852,15,259.109375,6608.750
1785205407.937811852,15,260.734375,6649.000
1785205407.937811852,15,263.968750,6938.250
1785205407.937811852,15,265.593750,6948.750
1785205407.937811852,15,267.218750,6944.250
1785205407.937811852,15,268.843750,6972.750
1785205407.937811852,15,270.468750,6957.750
1785205407.937811852,15,272.093750,6945.750
1785205407.937811852,15,273.718750,7013.000
1785205407.937811852,15,275.328125,7068.250
1785205407.937811852,15,276.968750,7042.000
1785205407.937811852,15,281.843750,6470.250
1785205407.937811852,15,283.468750,6504.500
1785205407.937811852,15,285.093750,6552.500
1785205407.937811852,15,286.718750,6620.250
1785205407.937811852,15,289.953125,7201.750
1785205407.937811852,15,291.562500,7272.250
1785205407.937811852,15,293.187500,7363.750
1785205407.937811852,15,294.796875,7492.000
1785205407.937811852,15,296.437500,7650.750
1785205407.937811852,15,298.062500,7763.250
1785205407.937811852,15,299.750000,7907.750
1785205407.937811852,15,301.375000,8033.250
1785205407.937811852,15,303.000000,8104.500
1785205407.937811852,15,304.609375,8242.750
1785205407.937811852,15,306.250000,8458.750
1785205407.937811852,15,307.859375,8667.750
1785205407.937811852,15,309.484375,8800.500
1785205407.937811852,12,314.343750,9706.500
1785205407.937811852,15,330.687500,8055.250
1785205407.937811852,15,332.312500,7966.000
1785205407.937811852,15,333.953125,7883.500
1785205407.937811852,15,337.203125,7354.000
1785205407.937811852,15,338.843750,7304.000
1785205407.937811852,15,340.468750,7239.000
1785205407.937811852,15,345.359375,7152.250
1785205408.050106049,8,14.703125,5592.250
1785205408.050106049,7,16.328125,5554.250
1785205408.050106049,8,17.937500,5546.500
1785205408.050106049,15,173.843750,10207.750
1785205408.050106049,12,192.578125,1432.250
1785205408.050106049,15,220.859375,9708.500
1785205408.050106049,15,224.093750,9049.000
1785205408.050106049,15,225.734375,8857.500
1785205408.050106049,15,227.359375,8665.500
1785205408.050106049,15,228.984375,8463.000
1785205408.050106049,15,230.593750,8265.750
1785205408.050106049,15,232.218750,8133.500
1785205408.050106049,15,233.843750,8031.500
1785205408.050106049,15,235.468750,7936.250
1785205408.050106049,15,237.078125,7792.500
1785205408.050106049,15,238.718750,7648.500
1785205408.050106049,15,240.343750,7528.500
1785205408.050106049,15,241.968750,7405.000
1785205408.050106049,15,243.593750,7290.500
1785205408.050106049,15,245.218750,7213.000
1785205408.050106049,15,250.093750,6846.000
1785205408.050106049,15,255.031250,6621.250
1785205408.050106049,15,256.656250,6586.000
1785205408.050106049,15,258.296875,6582.000
1785205408.050106049,15,259.906250,6654.500
1785205408.050106049,15,261.546875,6799.500
1785205408.050106049,15,263.140625,6950.500
1785205408.050106049,15,264.765625,7006.500
1785205408.050106049,15,266.406250,6985.000
1785205408.050106049,15,268.031250,6979.000
1785205408.050106049,15,269.640625,6970.000
1785205408.050106049,15,271.265625,6948.750
1785205408.050106049,15,272.906250,6974.500
1785205408.050106049,15,274.484375,7009.500
1785205408.050106049,15,276.093750,7027.750
1785205408.050106049,15,277.718750,6997.250
1785205408.050106049,15,279.359375,6898.250
1785205408.050106049,15,282.593750,6529.500
1785205408.050106049,15,284.203125,6543.000
1785205408.050106049,15,285.843750,6580.500
1785205408.050106049,15,287.453125,6639.250
1785205408.050106049,15,290.671875,7254.000
1785205408.050106049,15,292.296875,7333.500
1785205408.050106049,15,293.906250,7458.750
1785205408.050106049,15,295.531250,7614.500
1785205408.050106049,15,297.156250,7735.250
1785205408.050106049,15,298.828125,7845.250
1785205408.050106049,15,300.468750,7970.000
1785205408.050106049,15,302.093750,8080.000
1785205408.050106049,15,303.703125,8232.500
1785205408.050106049,15,305.328125,8422.250
1785205408.050106049,15,306.953125,8591.250
1785205408.050106049,15,308.578125,8755.250
1785205408.050106049,15,310.187500,8941.000
1785205408.050106049,12,315.046875,9881.500
1785205408.050106049,15,329.796875,8102.250
1785205408.050106049,15,331.437500,8009.750
1785205408.050106049,15,333.062500,7909.500
1785205408.050106049,15,336.343750,7442.500
1785205408.050106049,15,337.968750,7330.750
1785205408.050106049,15,339.609375,7273.750
1785205408.050106049,15,341.234375,7195.250
1785205408.163921833,9,17.046875,5552.250
1785205408.163921833,9,20.312500,5551.000
1785205408.163921833,15,194.921875,1471.000
1785205408.163921833,11,196.562500,1455.250
1785205408.163921833,15,220.031250,9796.750
1785205408.163921833,14,221.671875,9549.000
1785205408.163921833,15,226.546875,8723.250
1785205408.163921833,15,228.156250,8576.000
1785205408.163921833,15,231.406250,8170.250
1785205408.163921833,15,233.031250,8061.750
1785205408.163921833,15,234.656250,7998.250
1785205408.163921833,15,236.296875,7899.500
1785205408.163921833,15,237.921875,7752.000
1785205408.163921833,15,239.531250,7598.750
1785205408.163921833,15,241.156250,7455.750
1785205408.163921833,15,242.796875,7379.000
1785205408.163921833,15,244.421875,7303.750
1785205408.163921833,15,246.031250,7137.500
1785205408.163921833,15,249.296875,6800.500
1785205408.163921833,15,250.921875,6786.750
1785205408.163921833,15,252.562500,6737.250
1785205408.163921833,15,254.187500,6678.000
1785205408.163921833,15,255.796875,6652.500
1785205408.163921833,15,257.421875,6644.250
1785205408.163921833,11,259.046875,6665.750
1785205408.163921833,15,260.671875,6692.250
1785205408.163921833,15,263.906250,7017.250
1785205408.163921833,15,265.531250,7023.250
1785205408.163921833,15,267.171875,6991.000
1785205408.163921833,15,268.781250,6978.500
1785205408.163921833,15,270.406250,7001.500
1785205408.163921833,15,272.015625,7041.750
1785205408.163921833,15,273.640625,7058.750
1785205408.163921833,15,275.218750,7060.250
1785205408.163921833,15,276.843750,7112.500
1785205408.163921833,15,281.703125,6512.250
1785205408.163921833,15,283.328125,6555.000
1785205408.163921833,15,284.953125,6586.000
1785205408.163921833,15,286.562500,6643.500
1785205408.163921833,15,289.796875,7240.750
1785205408.163921833,15,291.421875,7296.750
1785205408.163921833,15,293.015625,7438.500
1785205408.163921833,15,294.640625,7576.250
1785205408.163921833,15,296.265625,7691.250
1785205408.163921833,15,297.875000,7808.500
1785205408.163921833,15,299.625000,7928.000
1785205408.163921833,15,301.250000,8036.250
1785205408.163921833,15,302.875000,8171.750
1785205408.163921833,15,304.484375,8358.500
1785205408.163921833,15,306.125000,8516.000
1785205408.163921833,15,307.750000,8676.500
1785205408.163921833,15,309.359375,8804.000
1785205408.163921833,14,314.218750,9723.750
1785205408.163921833,9,330.625000,8060.500
1785205408.163921833,13,337.171875,7482.250
1785205408.279226065,7,16.218750,5595.500
1785205408.279226065,8,17.859375,5552.750
1785205408.279226065,15,197.281250,1453.750
1785205408.279226065,8,202.234375,1375.500
1785205408.279226065,15,205.437500,1407.750
1785205408.279226065,15,219.171875,10017.750
1785205408.279226065,15,220.796875,9759.250
1785205408.279226065,15,222.421875,9482.250
1785205408.279226065,15,225.671875,8901.500
1785205408.279226065,15,227.312500,8711.500
1785205408.279226065,15,228.953125,8518.750
1785205408.279226065,15,230.578125,8365.000
1785205408.279226065,15,232.203125,8186.250
1785205408.279226065,15,233.828125,8038.500
1785205408.279226065,15,235.453125,7941.250
1785205408.279226065,15,237.078125,7829.750
1785205408.279226065,15,238.718750,7716.750
1785205408.279226065,15,240.343750,7565.000
1785205408.279226065,15,241.968750,7413.500
1785205408.279226065,15,248.484375,6970.000
1785205408.279226065,15,250.109375,6895.250
1785205408.279226065,15,251.750000,6810.000
1785205408.279226065,15,253.375000,6756.750
1785205408.279226065,15,254.984375,6720.000
1785205408.279226065,15,256.609375,6683.500
1785205408.279226065,15,258.250000,6637.750
1785205408.279226065,15,259.859375,6668.750
1785205408.279226065,15,261.484375,6816.750
1785205408.279226065,15,263.093750,6954.250
1785205408.279226065,15,264.718750,7008.250
1785205408.279226065,15,266.359375,7024.500
1785205408.279226065,15,267.968750,7045.000
1785205408.279226065,15,269.609375,7040.250
1785205408.279226065,15,271.218750,7040.250
1785205408.279226065,15,272.843750,7059.000
1785205408.279226065,15,274.406250,7076.000
1785205408.279226065,15,276.031250,7113.750
1785205408.279226065,15,279.281250,7049.250
1785205408.279226065,15,282.546875,6555.000
1785205408.279226065,15,284.140625,6607.750
1785205408.279226065,15,285.765625,6664.250
1785205408.279226065,15,287.390625,6715.750
1785205408.279226065,15,290.609375,7275.250
1785205408.279226065,15,292.234375,7393.500
1785205408.279226065,15,293.843750,7540.750
1785205408.279226065,15,295.453125,7674.500
1785205408.279226065,15,297.078125,7763.000
1785205408.279226065,15,298.796875,7849.250
1785205408.279226065,15,300.421875,7977.750
1785205408.279226065,15,302.046875,8089.250
1785205408.279226065,15,303.671875,8239.750
1785205408.279226065,15,305.296875,8427.250
1785205408.279226065,15,306.921875,8600.500
1785205408.279226065,15,308.546875,8813.500
1785205408.279226065,10,310.171875,9001.750
1785205408.279226065,10,315.046875,9878.500
1785205408.279226065,15,329.812500,8105.000
1785205408.279226065,15,331.437500,8010.750
1785205408.279226065,15,336.343750,7442.750
1785205408.279226065,15,337.984375,7365.000
1785205408.390336037,9,15.359375,5584.750
1785205408.390336037,8,18.609375,5579.500
1785205408.390336037,8,20.234375,5559.750
1785205408.390336037,15,142.718750,108.000
1785205408.390336037,15,174.546875,10298.250
1785205408.390336037,12,194.875000,1487.500
1785205408.390336037,15,196.453125,1485.250
1785205408.390336037,15,198.062500,1489.000
1785205408.390336037,15,199.703125,1465.000
1785205408.390336037,15,206.234375,1469.500
1785205408.390336037,9,218.390625,10238.500
1785205408.390336037,13,221.656250,9651.250
1785205408.390336037,15,224.921875,9014.250
1785205408.390336037,15,226.546875,8830.000
1785205408.390336037,15,228.187500,8639.250
1785205408.390336037,15,229.812500,8447.500
1785205408.390336037,15,231.437500,8280.750
1785205408.390336037,15,233.062500,8145.750
1785205408.390336037,15,234.703125,8040.750
1785205408.390336037,15,236.328125,7907.750
1785205408.390336037,15,237.953125,7794.750
1785205408.390336037,15,239.578125,7709.250
1785205408.390336037,15,241.218750,7576.750
1785205408.390336037,15,242.843750,7430.750
1785205408.390336037,15,244.468750,7311.750
1785205408.390336037,15,246.093750,7176.500
1785205408.390336037,15,247.734375,7033.000
1785205408.390336037,15,252.593750,6818.750
1785205408.390336037,15,254.203125,6731.000
1785205408.390336037,15,255.828125,6663.000
1785205408.390336037,15,257.453125,6652.250
1785205408.390336037,15,259.078125,6664.500
1785205408.390336037,15,260.703125,6724.000
1785205408.390336037,15,263.937500,7065.500
1785205408.390336037,15,265.562500,7027.500
1785205408.390336037,15,267.187500,7053.500
1785205408.390336037,15,268.812500,7068.250
1785205408.390336037,15,270.437500,7069.750
1785205408.390336037,15,272.046875,7082.250
1785205408.390336037,15,273.687500,7095.000
1785205408.390336037,15,275.281250,7137.500
1785205408.390336037,15,276.890625,7162.250
1785205408.390336037,15,281.781250,6517.000
1785205408.390336037,15,283.406250,6592.000
1785205408.390336037,15,285.015625,6651.500
1785205408.390336037,15,286.640625,6680.250
1785205408.390336037,15,289.875000,7284.000
1785205408.390336037,15,291.484375,7386.000
1785205408.390336037,15,293.109375,7495.000
1785205408.390336037,15,294.718750,7629.000
1785205408.390336037,15,296.343750,7743.500
1785205408.390336037,15,297.968750,7889.500
1785205408.390336037,15,299.687500,8008.500
1785205408.390336037,15,301.312500,8048.250
1785205408.390336037,15,302.937500,8180.000
1785205408.390336037,15,304.562500,8394.750
1785205408.390336037,15,306.187500,8556.750
1785205408.390336037,15,307.812500,8684.000
1785205408.390336037,9,314.312500,9773.750
1785205408.390336037,15,329.015625,8237.500
1785205408.390336037,15,330.640625,8063.250
1785205408.390336037,10,332.265625,7977.500
1785205408.390336037,15,335.546875,7539.000
1785205408.390336037,15,337.187500,7425.250
1785205408.390336037,15,338.796875,7363.750
1785205408.505413055,9,12.968750,5615.250
1785205408.505413055,12,14.593750,5592.000
1785205408.505413055,9,16.234375,5559.750
1785205408.505413055,8,17.843750,5556.250
1785205408.505413055,15,175.328125,10149.750
1785205408.505413055,8,186.734375,10067.250
1785205408.505413055,14,197.312500,1484.000
1785205408.505413055,15,198.890625,1497.750
1785205408.505413055,15,200.578125,1484.750
1785205408.505413055,15,222.515625,9496.500
1785205408.505413055,15,224.140625,9250.500
1785205408.505413055,15,225.781250,9029.250
1785205408.505413055,15,227.359375,8816.000
1785205408.505413055,15,228.984375,8648.750
1785205408.505413055,15,232.234375,8258.500
1785205408.505413055,15,233.859375,8136.000
1785205408.505413055,15,235.484375,8035.500
1785205408.505413055,15,237.109375,7932.750
1785205408.505413055,15,238.750000,7766.000
1785205408.505413055,15,240.359375,7648.250
1785205408.505413055,15,241.984375,7571.000
1785205408.505413055,15,248.484375,7098.000
1785205408.505413055,10,250.093750,7017.750
1785205408.505413055,15,251.765625,6918.750
1785205408.505413055,15,256.640625,6707.250
1785205408.505413055,15,258.265625,6682.000
1785205408.505413055,15,259.890625,6749.000
1785205408.505413055,15,261.500000,6865.500
1785205408.505413055,15,263.125000,7006.250
1785205408.505413055,15,264.750000,7093.250
1785205408.505413055,15,266.359375,7064.750
1785205408.505413055,15,268.000000,7091.500
1785205408.505413055,15,269.625000,7087.000
1785205408.505413055,15,271.234375,7083.750
1785205408.505413055,15,272.875000,7104.750
1785205408.505413055,15,274.500000,7115.750
1785205408.505413055,15,276.093750,7177.500
1785205408.505413055,15,279.359375,6960.250
1785205408.505413055,15,282.625000,6567.750
1785205408.505413055,15,284.234375,6617.500
1785205408.505413055,15,285.859375,6713.000
1785205408.505413055,15,287.484375,6756.750
1785205408.505413055,15,290.703125,7340.250
1785205408.505413055,15,292.343750,7480.250
1785205408.505413055,15,293.953125,7610.250
1785205408.505413055,15,295.578125,7700.250
1785205408.505413055,15,297.187500,7828.000
1785205408.505413055,15,298.906250,7954.000
1785205408.505413055,15,300.531250,8047.500
1785205408.505413055,15,302.156250,8158.750
1785205408.505413055,15,303.765625,8337.250
1785205408.505413055,15,305.406250,8534.500
1785205408.505413055,15,307.031250,8695.750
1785205408.505413055,12,313.546875,9694.750
1785205408.505413055,11,315.156250,9953.000
1785205408.505413055,15,329.906250,8118.000
1785205408.505413055,9,331.531250,7988.500
1785205408.505413055,15,336.453125,7442.250
1785205408.505413055,15,338.078125,7390.500
1785205408.505413055,15,339.718750,7336.500
1785205408.619932890,12,15.500000,5647.500
1785205408.619932890,15,142.031250,101.250
1785205408.619932890,11,198.234375,1493.250
1785205408.619932890,15,199.812500,1502.750
1785205408.619932890,15,201.453125,1494.250
1785205408.619932890,10,204.765625,1434.750
1785205408.619932890,15,206.343750,1447.750
1785205408.619932890,15,207.984375,1472.750
1785205408.619932890,15,221.781250,9759.250
1785205408.619932890,15,228.218750,8708.000
1785205408.619932890,15,229.843750,8582.000
1785205408.619932890,15,231.468750,8424.250
1785205408.619932890,15,233.093750,8226.000
1785205408.619932890,15,234.703125,8056.000
1785205408.619932890,15,236.343750,7968.250
1785205408.619932890,15,237.968750,7883.500
1785205408.619932890,15,239.593750,7776.500
1785205408.619932890,15,241.218750,7683.250
1785205408.619932890,15,242.843750,7567.750
1785205408.619932890,15,244.468750,7484.000
1785205408.619932890,15,250.968750,7010.500
1785205408.619932890,15,252.609375,6858.000
1785205408.619932890,15,254.234375,6786.250
1785205408.619932890,15,255.843750,6754.000
1785205408.619932890,15,257.468750,6727.000
1785205408.619932890,15,259.093750,6700.500
1785205408.619932890,15,260.703125,6728.500
1785205408.619932890,15,263.953125,7132.000
1785205408.619932890,15,265.562500,7131.250
1785205408.619932890,15,267.187500,7093.250
1785205408.619932890,15,268.812500,7104.250
1785205408.619932890,15,270.421875,7107.750
1785205408.619932890,15,272.062500,7126.750
1785205408.619932890,15,273.671875,7193.750
1785205408.619932890,15,275.312500,7199.250
1785205408.619932890,15,276.921875,7199.250
1785205408.619932890,15,281.812500,6587.250
1785205408.619932890,15,283.421875,6630.250
1785205408.619932890,15,285.062500,6708.250
1785205408.619932890,15,286.671875,6794.000
1785205408.619932890,15,289.906250,7348.750
1785205408.619932890,15,291.531250,7454.750
1785205408.619932890,15,293.140625,7591.000
1785205408.619932890,15,294.765625,7690.250
1785205408.619932890,15,296.375000,7790.250
1785205408.619932890,15,298.000000,7935.500
1785205408.619932890,15,299.703125,8046.750
1785205408.619932890,15,301.328125,8125.000
1785205408.619932890,15,302.968750,8225.250
1785205408.619932890,15,304.593750,8401.500
1785205408.619932890,15,306.203125,8613.750
1785205408.619932890,15,307.828125,8843.250
1785205408.619932890,12,309.468750,9018.750
1785205408.619932890,14,312.687500,9627.000
1785205408.619932890,13,314.328125,9833.750
1785205408.619932890,15,329.015625,8178.750
1785205408.619932890,10,330.640625,8071.500
1785205408.619932890,15,335.531250,7542.750
1785205408.619932890,15,337.171875,7425.750
1785205408.619932890,9,338.796875,7493.000
1785205408.730731010,7,16.281250,5623.500
1785205408.730731010,7,19.500000,5598.500
1785205408.730731010,15,198.828125,1538.250
1785205408.730731010,12,200.500000,1532.000
1785205408.730731010,15,202.140625,1524.000
1785205408.730731010,15,220.703125,9956.250
1785205408.730731010,13,222.328125,9714.750
1785205408.730731010,15,227.203125,8894.000
1785205408.730731010,15,228.828125,8714.750
1785205408.730731010,15,230.453125,8581.750
1785205408.730731010,15,232.078125,8411.750
1785205408.730731010,15,233.687500,8213.250
1785205408.730731010,15,235.328125,8070.000
1785205408.730731010,15,236.953125,7960.000
1785205408.730731010,15,238.562500,7852.750
1785205408.730731010,15,240.187500,7767.000
1785205408.730731010,15,241.828125,7647.250
1785205408.730731010,15,243.437500,7540.500
1785205408.730731010,15,245.078125,7451.500
1785205408.730731010,15,246.703125,7275.000
1785205408.730731010,15,248.312500,7136.000
1785205408.730731010,15,249.953125,7009.250
1785205408.730731010,15,251.593750,6926.250
1785205408.730731010,15,253.234375,6909.750
1785205408.730731010,15,254.843750,6847.750
1785205408.730731010,15,256.468750,6804.250
1785205408.730731010,15,258.093750,6764.000
1785205408.730731010,15,259.718750,6807.750
1785205408.730731010,15,261.343750,6885.750
1785205408.730731010,15,262.968750,6998.750
1785205408.730731010,15,264.578125,7113.750
1785205408.730731010,15,266.203125,7128.000
1785205408.730731010,15,267.828125,7143.750
1785205408.730731010,15,269.453125,7142.250
1785205408.730731010,15,271.078125,7159.750
1785205408.730731010,15,272.703125,7187.000
1785205408.730731010,15,274.312500,7206.500
1785205408.730731010,15,275.937500,7257.000
1785205408.730731010,15,277.546875,7278.500
1785205408.730731010,15,282.437500,6647.500
1785205408.730731010,15,284.062500,6689.000
1785205408.730731010,15,285.671875,6749.750
1785205408.730731010,15,287.296875,6849.750
1785205408.730731010,15,290.531250,7430.500
1785205408.730731010,15,292.140625,7566.000
1785205408.730731010,15,293.765625,7687.000
1785205408.730731010,15,295.390625,7741.500
1785205408.730731010,15,297.000000,7854.500
1785205408.730731010,15,298.687500,7993.500
1785205408.730731010,15,300.296875,8078.000
1785205408.730731010,15,301.937500,8175.000
1785205408.730731010,15,305.171875,8579.500
1785205408.730731010,15,306.796875,8707.500
1785205408.730731010,10,313.281250,9700.750
1785205408.730731010,13,314.906250,9948.750
1785205408.730731010,15,329.640625,8145.000
1785205408.730731010,10,331.281250,8029.750
1785205408.730731010,15,336.171875,7508.500
1785205408.730731010,15,337.796875,7468.250
1785205408.845105886,7,16.890625,5646.500
1785205408.845105886,14,201.031250,1532.750
1785205408.845105886,15,202.656250,1530.500
1785205408.845105886,15,204.234375,1507.250
1785205408.845105886,11,207.515625,1452.000
1785205408.845105886,15,221.265625,9943.750
1785205408.845105886,13,222.890625,9671.750
1785205408.845105886,15,224.500000,9405.000
1785205408.845105886,15,226.140625,9145.750
1785205408.845105886,15,227.765625,8896.750
1785205408.845105886,15,229.390625,8707.750
1785205408.845105886,15,231.031250,8538.750
1785205408.845105886,15,232.640625,8356.500
1785205408.845105886,15,234.265625,8190.000
1785205408.845105886,15,235.906250,8086.000
1785205408.845105886,15,237.515625,8015.500
1785205408.845105886,15,239.156250,7891.750
1785205408.845105886,15,240.765625,7763.250
1785205408.845105886,15,242.406250,7634.500
1785205408.845105886,15,244.015625,7501.750
1785205408.845105886,10,245.640625,7470.000
1785205408.845105886,15,257.062500,6812.750
1785205408.845105886,15,258.687500,6795.500
1785205408.845105886,15,260.296875,6846.750
1785205408.845105886,15,261.921875,6978.000
1785205408.845105886,15,263.546875,7122.500
1785205408.845105886,15,265.171875,7175.750
1785205408.845105886,15,266.796875,7151.750
1785205408.845105886,15,268.406250,7155.000
1785205408.845105886,15,270.031250,7169.500
1785205408.845105886,15,271.656250,7205.000
1785205408.845105886,15,273.281250,7253.750
1785205408.845105886,15,274.875000,7270.250
1785205408.845105886,15,276.484375,7276.750
1785205408.845105886,15,278.109375,7234.500
1785205408.845105886,15,281.375000,6752.500
1785205408.845105886,15,282.984375,6692.000
1785205408.845105886,15,284.593750,6759.750
1785205408.845105886,15,286.218750,6852.750
1785205408.845105886,15,289.453125,7394.750
1785205408.845105886,15,291.062500,7545.000
1785205408.845105886,15,292.687500,7648.250
1785205408.845105886,15,294.312500,7705.500
1785205408.845105886,15,295.921875,7812.750
1785205408.845105886,15,297.546875,7946.250
1785205408.845105886,15,299.265625,8047.500
1785205408.845105886,15,300.890625,8154.500
1785205408.845105886,15,302.515625,8311.000
1785205408.845105886,15,304.125000,8484.750
1785205408.845105886,15,305.750000,8656.250
1785205408.845105886,15,307.375000,8798.250
1785205408.845105886,15,310.625000,9283.000
1785205408.845105886,12,313.859375,9833.500
1785205408.845105886,15,328.593750,8259.500
1785205408.845105886,15,330.218750,8105.750
1785205408.845105886,15,335.125000,7608.750
1785205408.845105886,15,336.750000,7464.250
1785205408.845105886,14,338.390625,7342.500
1785205408.845105886,8,340.015625,7413.250
1785205408.957458019,10,15.843750,5665.250
1785205408.957458019,9,17.468750,5615.500
1785205408.957458019,8,20.718750,5573.000
1785205408.957458019,15,178.156250,9373.750
1785205408.957458019,7,192.750000,10079.750
1785205408.957458019,15,203.281250,1528.750
1785205408.957458019,15,204.875000,1520.000
1785205408.957458019,15,221.921875,9882.750
1785205408.957458019,15,225.156250,9301.750
1785205408.957458019,15,226.843750,9087.500
1785205408.957458019,15,228.453125,8870.250
1785205408.957458019,15,230.078125,8649.250
1785205408.957458019,15,231.703125,8497.750
1785205408.957458019,15,233.343750,8307.750
1785205408.957458019,15,234.968750,8147.750
1785205408.957458019,15,236.593750,8086.000
1785205408.957458019,15,238.218750,7986.000
1785205408.957458019,15,239.843750,7845.250
1785205408.957458019,15,241.468750,7735.250
1785205408.957458019,15,243.109375,7636.000
1785205408.957458019,15,256.140625,6932.250
1785205408.957458019,15,257.781250,6883.250
1785205408.957458019,15,259.375000,6823.000
1785205408.957458019,15,261.000000,6860.000
1785205408.957458019,15,264.250000,7203.250
1785205408.957458019,15,265.875000,7217.750
1785205408.957458019,15,267.500000,7232.500
1785205408.957458019,15,269.125000,7229.250
1785205408.957458019,15,270.750000,7230.750
1785205408.957458019,15,272.375000,7245.500
1785205408.957458019,15,274.000000,7245.500
1785205408.957458019,15,275.578125,7272.000
1785205408.957458019,15,277.187500,7333.500
1785205408.957458019,15,282.078125,6703.250
1785205408.957458019,15,283.703125,6759.750
1785205408.957458019,15,285.328125,6794.000
1785205408.957458019,15,286.937500,6905.000
1785205408.957458019,15,290.156250,7458.500
1785205408.957458019,15,291.781250,7589.250
1785205408.957458019,15,293.406250,7683.250
1785205408.957458019,15,295.015625,7773.000
1785205408.957458019,15,296.640625,7917.000
1785205408.957458019,15,298.343750,8021.250
1785205408.957458019,15,299.968750,8104.750
1785205408.957458019,15,301.593750,8225.250
1785205408.957458019,15,304.828125,8639.250
1785205408.957458019,15,306.468750,8762.500
1785205408.957458019,15,308.078125,8928.250
1785205408.957458019,15,309.718750,9145.750
1785205408.957458019,15,312.937500,9729.500
1785205408.957458019,10,314.578125,9959.250
1785205408.957458019,15,329.343750,8170.250
1785205408.957458019,15,330.968750,8051.250
1785205408.957458019,15,332.609375,7961.000
1785205408.957458019,15,335.890625,7503.750
1785205408.957458019,15,337.515625,7403.000
1785205408.957458019,15,339.156250,7299.250
1785205408.957458019,15,344.046875,7200.500
1785205409.071205139,7,18.140625,5639.500
1785205409.071205139,7,191.718750,10149.750
1785205409.071205139,15,203.828125,1565.500
1785205409.071205139,11,205.437500,1566.750
1785205409.071205139,14,224.171875,9486.000
1785205409.071205139,15,225.812500,9231.750
1785205409.071205139,15,227.468750,9006.250
1785205409.071205139,15,229.093750,8810.750
1785205409.071205139,15,230.718750,8649.000
1785205409.071205139,15,232.343750,8471.500
1785205409.071205139,15,233.984375,8295.750
1785205409.071205139,15,235.593750,8150.250
1785205409.071205139,15,237.234375,8045.500
1785205409.071205139,15,238.859375,7952.000
1785205409.071205139,15,240.484375,7820.500
1785205409.071205139,15,242.125000,7735.000
1785205409.071205139,15,243.750000,7663.250
1785205409.071205139,15,251.843750,6971.500
1785205409.071205139,15,253.468750,6982.000
1785205409.071205139,15,255.093750,6953.250
1785205409.071205139,15,256.718750,6935.250
1785205409.071205139,15,258.343750,6897.750
1785205409.071205139,15,259.953125,6854.250
1785205409.071205139,15,261.578125,6911.500
1785205409.071205139,15,264.812500,7257.000
1785205409.071205139,15,266.437500,7245.500
1785205409.071205139,15,268.062500,7242.250
1785205409.071205139,15,269.687500,7262.000
1785205409.071205139,15,271.296875,7281.750
1785205409.071205139,15,272.937500,7308.250
1785205409.071205139,15,274.515625,7300.000
1785205409.071205139,15,276.140625,7300.000
1785205409.071205139,15,277.750000,7382.750
1785205409.071205139,15,282.640625,6754.250
1785205409.071205139,15,284.265625,6830.250
1785205409.071205139,15,285.890625,6913.000
1785205409.071205139,15,287.484375,7069.500
1785205409.071205139,15,290.718750,7567.750
1785205409.071205139,15,292.328125,7675.750
1785205409.071205139,15,293.953125,7740.750
1785205409.071205139,15,295.562500,7839.500
1785205409.071205139,15,297.203125,7958.000
1785205409.071205139,15,298.953125,8057.750
1785205409.071205139,15,300.562500,8175.250
1785205409.071205139,15,302.187500,8341.500
1785205409.071205139,15,303.812500,8527.500
1785205409.071205139,15,305.453125,8691.000
1785205409.071205139,15,307.062500,8849.500
1785205409.071205139,12,308.703125,9013.250
1785205409.071205139,15,311.953125,9633.750
1785205409.071205139,13,313.562500,9879.250
1785205409.071205139,10,315.203125,10135.750
1785205409.071205139,15,326.640625,8617.750
1785205409.071205139,15,329.906250,8146.750
1785205409.071205139,15,331.531250,8084.000
1785205409.071205139,15,334.812500,7612.000
1785205409.071205139,15,336.437500,7500.250
1785205409.071205139,15,338.078125,7393.500
1785205409.071205139,15,339.703125,7334.500
1785205409.186728954,15,141.812500,101.250
1785205409.186728954,15,204.531250,1575.250
1785205409.186728954,15,206.140625,1569.250
1785205409.186728954,15,207.875000,1536.500
1785205409.186728954,15,221.625000,9995.500
1785205409.186728954,15,223.250000,9780.250
1785205409.186728954,15,224.890625,9508.500
1785205409.186728954,15,228.140625,8973.500
1785205409.186728954,15,229.765625,8779.500
1785205409.186728954,15,231.390625,8630.000
1785205409.186728954,15,233.000000,8480.250
1785205409.186728954,15,234.625000,8289.750
1785205409.186728954,15,236.265625,8139.750
1785205409.186728954,15,237.906250,8041.500
1785205409.186728954,15,239.500000,7938.250
1785205409.186728954,15,241.140625,7814.750
1785205409.186728954,15,242.765625,7736.750
1785205409.186728954,15,244.390625,7638.250
1785205409.186728954,15,246.015625,7531.500
1785205409.186728954,15,250.906250,7177.750
1785205409.186728954,15,252.515625,7082.500
1785205409.186728954,15,257.390625,6974.500
1785205409.186728954,15,259.015625,6876.500
1785205409.186728954,15,260.656250,6899.250
1785205409.186728954,15,262.265625,7080.000
1785205409.186728954,15,263.890625,7238.000
1785205409.186728954,15,265.515625,7296.750
1785205409.186728954,15,267.140625,7263.500
1785205409.186728954,15,268.765625,7271.750
1785205409.186728954,15,270.375000,7285.000
1785205409.186728954,15,272.000000,7280.250
1785205409.186728954,15,273.625000,7269.000
1785205409.186728954,15,275.218750,7290.750
1785205409.186728954,15,276.843750,7346.750
1785205409.186728954,14,278.453125,7341.750
1785205409.186728954,15,281.718750,6753.750
1785205409.186728954,15,283.328125,6801.500
1785205409.186728954,15,284.953125,6884.750
1785205409.186728954,15,286.578125,6973.250
1785205409.186728954,15,289.796875,7515.750
1785205409.186728954,15,291.406250,7630.750
1785205409.186728954,15,293.031250,7733.250
1785205409.186728954,15,294.640625,7837.750
1785205409.186728954,15,296.281250,7961.750
1785205409.186728954,15,297.875000,8043.500
1785205409.186728954,15,299.656250,8129.500
1785205409.186728954,15,301.281250,8251.000
1785205409.186728954,15,302.906250,8420.250
1785205409.186728954,15,304.531250,8595.750
1785205409.186728954,15,306.156250,8757.750
1785205409.186728954,13,309.406250,9265.250
1785205409.186728954,15,312.671875,9737.500
1785205409.186728954,12,314.281250,9883.750
1785205409.186728954,15,329.031250,8192.000
1785205409.186728954,15,330.671875,8114.500
1785205409.186728954,15,332.312500,8051.750
1785205409.186728954,15,335.593750,7543.500
1785205409.186728954,15,337.218750,7430.250
1785205409.186728954,15,338.843750,7346.750
1785205409.186728954,15,343.765625,7234.750
1785205409.297916889,14,207.046875,1594.750
1785205409.297916889,15,210.296875,1561.250
1785205409.297916889,14,213.531250,1592.250
1785205409.297916889,15,220.890625,10176.500
1785205409.297916889,15,222.531250,9913.750
1785205409.297916889,14,224.140625,9625.250
1785205409.297916889,15,225.765625,9374.750
1785205409.297916889,15,228.984375,8917.750
1785205409.297916889,15,230.609375,8772.250
1785205409.297916889,15,232.218750,8586.750
1785205409.297916889,15,233.843750,8417.750
1785205409.297916889,15,235.484375,8240.750
1785205409.297916889,15,237.093750,8090.500
1785205409.297916889,15,238.718750,8017.250
1785205409.297916889,15,240.343750,7928.750
1785205409.297916889,15,241.984375,7822.000
1785205409.297916889,15,243.593750,7729.750
1785205409.297916889,15,245.218750,7610.750
1785205409.297916889,15,246.843750,7494.750
1785205409.297916889,15,248.468750,7333.250
1785205409.297916889,15,251.718750,7171.250
1785205409.297916889,15,254.968750,6919.500
1785205409.297916889,15,256.593750,6959.250
1785205409.297916889,15,258.218750,6939.750
1785205409.297916889,15,259.843750,6898.750
1785205409.297916889,15,261.453125,6967.250
1785205409.297916889,15,264.687500,7338.500
1785205409.297916889,15,266.312500,7323.500
1785205409.297916889,15,267.953125,7305.000
1785205409.297916889,15,269.546875,7310.000
1785205409.297916889,15,271.187500,7318.250
1785205409.297916889,15,272.796875,7333.250
1785205409.297916889,15,274.437500,7351.750
1785205409.297916889,15,276.062500,7375.500
1785205409.297916889,15,277.687500,7413.250
1785205409.297916889,15,282.562500,6846.500
1785205409.297916889,15,284.187500,6912.750
1785205409.297916889,15,285.796875,7002.500
1785205409.297916889,15,287.421875,7112.750
1785205409.297916889,15,290.656250,7621.250
1785205409.297916889,15,292.281250,7686.750
1785205409.297916889,15,293.906250,7811.500
1785205409.297916889,15,295.531250,7956.000
1785205409.297916889,15,297.140625,8014.750
1785205409.297916889,15,298.859375,8077.500
1785205409.297916889,15,300.484375,8198.000
1785205409.297916889,15,302.109375,8381.250
1785205409.297916889,15,303.718750,8561.250
1785205409.297916889,15,305.359375,8703.000
1785205409.297916889,15,306.984375,8864.250
1785205409.297916889,11,308.609375,9025.500
1785205409.297916889,15,311.859375,9639.500
1785205409.297916889,14,313.468750,9875.250
1785205409.297916889,11,315.109375,10131.000
1785205409.297916889,15,328.171875,8306.000
1785205409.297916889,15,329.796875,8210.500
1785205409.297916889,15,331.437500,8100.500
1785205409.297916889,15,334.718750,7624.750
1785205409.297916889,15,336.343750,7492.500
1785205409.297916889,15,337.968750,7360.500
1785205409.297916889,15,342.859375,7262.500
1785205409.297916889,15,347.734375,7110.000
1785205409.412355185,14,207.890625,1599.500
1785205409.412355185,15,209.546875,1580.500
1785205409.412355185,15,221.750000,10084.750
1785205409.412355185,15,223.390625,9819.000
1785205409.412355185,13,226.609375,9253.500
1785205409.412355185,15,228.234375,9003.500
1785205409.412355185,15,229.843750,8793.250
1785205409.412355185,15,231.484375,8645.250
1785205409.412355185,15,233.109375,8491.000
1785205409.412355185,15,234.734375,8297.750
1785205409.412355185,15,236.359375,8146.000
1785205409.412355185,15,237.984375,8049.000
1785205409.412355185,15,239.609375,7999.750
1785205409.412355185,15,241.234375,7922.750
1785205409.412355185,15,242.859375,7793.250
1785205409.412355185,15,244.484375,7710.250
1785205409.412355185,12,246.109375,7644.750
1785205409.412355185,9,247.734375,7509.500
1785205409.412355185,15,254.250000,7076.250
1785205409.412355185,15,255.859375,7021.750
1785205409.412355185,15,257.484375,7012.500
1785205409.412355185,15,259.125000,6989.500
1785205409.412355185,15,260.734375,6987.000
1785205409.412355185,15,262.343750,7088.500
1785205409.412355185,15,263.968750,7244.250
1785205409.412355185,15,265.593750,7307.000
1785205409.412355185,15,267.218750,7274.750
1785205409.412355185,15,268.843750,7283.000
1785205409.412355185,15,270.468750,7321.250
1785205409.412355185,15,272.078125,7345.250
1785205409.412355185,15,273.718750,7338.500
1785205409.412355185,15,275.296875,7355.250
1785205409.412355185,15,276.921875,7432.000
1785205409.412355185,15,281.796875,6761.250
1785205409.412355185,15,283.406250,6849.500
1785205409.412355185,15,285.031250,6982.250
1785205409.412355185,15,286.656250,7032.750
1785205409.412355185,15,289.875000,7652.750
1785205409.412355185,15,291.500000,7722.250
1785205409.412355185,15,293.109375,7783.000
1785205409.412355185,15,294.718750,7890.750
1785205409.412355185,15,296.343750,7970.250
1785205409.412355185,15,297.968750,8048.000
1785205409.412355185,15,299.656250,8134.500
1785205409.412355185,15,301.265625,8298.250
1785205409.412355185,15,302.906250,8523.500
1785205409.412355185,15,304.515625,8707.500
1785205409.412355185,15,306.140625,8849.250
1785205409.412355185,15,307.765625,9024.000
1785205409.412355185,15,311.015625,9555.500
1785205409.412355185,15,312.625000,9818.750
1785205409.412355185,11,314.250000,10100.500
1785205409.412355185,9,315.875000,10350.250
1785205409.412355185,15,329.000000,8207.000
1785205409.412355185,15,330.625000,8123.750
1785205409.412355185,15,332.250000,8055.750
1785205409.412355185,15,335.531250,7550.000
1785205409.412355185,15,337.156250,7435.250
1785205409.412355185,15,338.796875,7349.750
1785205409.412355185,15,343.671875,7254.000
1785205409.412355185,13,345.296875,7130.250
1785205409.524101019,10,14.593750,5663.750
1785205409.524101019,8,17.859375,5600.000
1785205409.524101019,8,189.921875,10163.500
1785205409.524101019,8,191.546875,10079.500
1785205409.524101019,8,193.171875,10150.000
1785205409.524101019,15,222.343750,10030.250
1785205409.524101019,14,225.593750,9483.250
1785205409.524101019,15,227.234375,9242.000
1785205409.524101019,15,228.859375,9010.000
1785205409.524101019,15,230.484375,8783.000
1785205409.524101019,15,232.125000,8653.750
1785205409.524101019,15,233.734375,8549.750
1785205409.524101019,15,235.375000,8351.000
1785205409.524101019,15,237.000000,8176.750
1785205409.524101019,15,238.625000,8070.000
1785205409.524101019,15,240.250000,7985.250
1785205409.524101019,15,241.875000,7914.500
1785205409.524101019,15,243.500000,7816.250
1785205409.524101019,15,245.125000,7718.500
1785205409.524101019,9,246.734375,7607.000
1785205409.524101019,15,251.656250,7220.250
1785205409.524101019,15,253.281250,7130.750
1785205409.524101019,15,254.921875,7107.500
1785205409.524101019,15,256.562500,7052.750
1785205409.524101019,15,258.171875,7003.250
1785205409.524101019,15,259.796875,6997.250
1785205409.524101019,15,261.421875,7036.000
1785205409.524101019,15,264.656250,7348.000
1785205409.524101019,15,266.296875,7326.750
1785205409.524101019,15,267.906250,7311.000
1785205409.524101019,15,269.531250,7347.250
1785205409.524101019,15,271.156250,7382.250
1785205409.524101019,15,272.781250,7370.000
1785205409.524101019,15,274.359375,7385.500
1785205409.524101019,15,275.968750,7420.000
1785205409.524101019,15,277.593750,7423.250
1785205409.524101019,15,279.218750,7329.500
1785205409.524101019,15,282.453125,6902.500
1785205409.524101019,15,284.078125,6982.250
1785205409.524101019,15,285.703125,7051.250
1785205409.524101019,15,287.328125,7112.250
1785205409.524101019,15,290.546875,7670.500
1785205409.524101019,15,292.156250,7759.500
1785205409.524101019,15,293.781250,7860.750
1785205409.524101019,15,295.406250,7971.750
1785205409.524101019,15,297.031250,8053.500
1785205409.524101019,15,298.734375,8118.250
1785205409.524101019,15,301.984375,8458.250
1785205409.524101019,15,303.609375,8572.750
1785205409.524101019,15,305.234375,8713.500
1785205409.524101019,15,306.859375,8914.500
1785205409.524101019,11,308.468750,9121.000
1785205409.524101019,15,311.734375,9732.000
1785205409.524101019,15,313.359375,9909.250
1785205409.524101019,15,328.000000,8339.500
1785205409.524101019,15,329.640625,8177.000
1785205409.524101019,15,331.265625,8094.250
1785205409.524101019,15,334.546875,7612.250
1785205409.524101019,15,336.156250,7540.250
1785205409.524101019,15,337.796875,7435.250
1785205409.524101019,15,342.671875,7279.250
1785205409.638247013,8,193.734375,10153.000
1785205409.638247013,8,195.359375,10181.750
1785205409.638247013,15,224.468750,9688.500
1785205409.638247013,15,226.093750,9447.000
1785205409.638247013,15,227.750000,9192.250
1785205409.638247013,15,229.375000,8985.750
1785205409.638247013,15,231.000000,8796.500
1785205409.638247013,15,232.640625,8630.250
1785205409.638247013,15,234.250000,8456.000
1785205409.638247013,15,235.875000,8329.500
1785205409.638247013,15,237.500000,8199.000
1785205409.638247013,15,239.125000,8063.750
1785205409.638247013,15,240.750000,7991.500
1785205409.638247013,15,242.375000,7904.750
1785205409.638247013,15,244.000000,7814.500
1785205409.638247013,15,245.609375,7714.750
1785205409.638247013,15,247.234375,7650.250
1785205409.638247013,15,252.156250,7259.000
1785205409.638247013,15,255.390625,7005.500
1785205409.638247013,15,257.031250,7057.250
1785205409.638247013,15,258.656250,7048.000
1785205409.638247013,15,260.281250,7028.000
1785205409.638247013,15,261.906250,7030.750
1785205409.638247013,15,265.140625,7379.000
1785205409.638247013,15,266.765625,7396.000
1785205409.638247013,15,268.390625,7404.500
1785205409.638247013,15,270.015625,7385.750
1785205409.638247013,15,271.640625,7380.500
1785205409.638247013,15,273.265625,7390.750
1785205409.638247013,15,274.796875,7418.250
1785205409.638247013,15,276.421875,7433.750
1785205409.638247013,15,278.031250,7442.250
1785205409.638247013,15,282.906250,6967.000
1785205409.638247013,15,284.531250,7020.250
1785205409.638247013,15,286.125000,7084.000
1785205409.638247013,15,289.359375,7605.000
1785205409.638247013,15,290.968750,7709.250
1785205409.638247013,15,292.593750,7806.750
1785205409.638247013,15,294.203125,7926.750
1785205409.638247013,15,295.812500,8035.500
1785205409.638247013,15,297.437500,8102.500
1785205409.638247013,15,299.156250,8191.500
1785205409.638247013,15,302.406250,8577.000
1785205409.638247013,15,304.015625,8676.750
1785205409.638247013,15,305.656250,8818.000
1785205409.638247013,15,307.265625,8988.000
1785205409.638247013,11,312.125000,9782.250
1785205409.638247013,13,313.750000,9984.000
1785205409.638247013,15,328.437500,8294.500
1785205409.638247013,15,330.046875,8191.500
1785205409.638247013,15,331.687500,8100.500
1785205409.638247013,15,334.937500,7641.000
1785205409.638247013,15,336.562500,7530.750
1785205409.638247013,15,338.203125,7413.250
1785205409.752314091,15,140.828125,100.750
1785205409.752314091,14,221.390625,10327.500
1785205409.752314091,14,223.015625,10050.250
1785205409.752314091,15,226.281250,9474.500
1785205409.752314091,15,229.546875,9012.750
1785205409.752314091,15,231.156250,8860.000
1785205409.752314091,15,232.796875,8697.750
1785205409.752314091,15,234.406250,8559.250
1785205409.752314091,15,236.031250,8374.000
1785205409.752314091,15,237.656250,8202.500
1785205409.752314091,15,239.281250,8088.250
1785205409.752314091,15,240.921875,8031.250
1785205409.752314091,15,242.531250,7934.750
1785205409.752314091,15,244.156250,7818.250
1785205409.752314091,15,245.781250,7751.750
1785205409.752314091,15,247.390625,7688.750
1785205409.752314091,15,252.281250,7262.250
1785205409.752314091,15,255.515625,7017.750
1785205409.752314091,15,257.140625,7068.500
1785205409.752314091,15,258.765625,7051.750
1785205409.752314091,15,260.390625,7065.000
1785205409.752314091,15,262.000000,7099.500
1785205409.752314091,15,265.250000,7381.500
1785205409.752314091,15,266.859375,7401.000
1785205409.752314091,15,268.484375,7405.750
1785205409.752314091,15,270.109375,7390.250
1785205409.752314091,15,271.718750,7388.500
1785205409.752314091,15,273.359375,7393.750
1785205409.752314091,15,274.921875,7451.250
1785205409.752314091,15,276.546875,7474.750
1785205409.752314091,15,278.156250,7418.000
1785205409.752314091,15,283.031250,6978.000
1785205409.752314091,15,284.640625,7039.250
1785205409.752314091,15,286.250000,7115.500
1785205409.752314091,15,289.468750,7679.500
1785205409.752314091,15,291.093750,7757.750
1785205409.752314091,15,292.703125,7858.500
1785205409.752314091,15,294.328125,7957.750
1785205409.752314091,15,295.937500,8033.500
1785205409.752314091,15,297.546875,8127.250
1785205409.752314091,15,299.281250,8233.500
1785205409.752314091,15,300.921875,8394.250
1785205409.752314091,15,302.531250,8556.500
1785205409.752314091,15,304.156250,8684.250
1785205409.752314091,15,305.765625,8864.500
1785205409.752314091,15,307.406250,9028.250
1785205409.752314091,14,310.625000,9592.750
1785205409.752314091,15,312.265625,9791.750
1785205409.752314091,15,328.625000,8252.250
1785205409.752314091,15,330.265625,8145.000
1785205409.752314091,15,331.890625,8080.000
1785205409.752314091,15,335.171875,7610.500
1785205409.752314091,15,336.796875,7471.250
1785205409.752314091,15,338.437500,7350.000
1785205409.752314091,15,341.703125,7273.500
1785205409.752314091,15,343.328125,7219.500
1785205409.752314091,15,344.953125,7192.000
1785205409.864210844,15,141.921875,104.750
1785205409.864210844,14,223.265625,10046.000
1785205409.864210844,15,226.562500,9491.500
1785205409.864210844,15,228.187500,9234.750
1785205409.864210844,15,229.828125,9053.750
1785205409.864210844,15,231.453125,8865.250
1785205409.864210844,15,233.062500,8690.750
1785205409.864210844,15,234.703125,8557.000
1785205409.864210844,15,236.328125,8371.750
1785205409.864210844,15,237.953125,8210.750
1785205409.864210844,15,239.578125,8104.500
1785205409.864210844,15,241.203125,8021.500
1785205409.864210844,15,242.828125,7959.500
1785205409.864210844,15,244.453125,7855.250
1785205409.864210844,15,246.093750,7753.750
1785205409.864210844,15,247.718750,7690.750
1785205409.864210844,15,252.546875,7277.500
1785205409.864210844,15,254.171875,7216.250
1785205409.864210844,15,255.796875,7193.500
1785205409.864210844,15,257.421875,7142.250
1785205409.864210844,15,259.046875,7099.500
1785205409.864210844,15,260.671875,7136.250
1785205409.864210844,15,262.281250,7179.500
1785205409.864210844,15,263.906250,7279.000
1785205409.864210844,15,265.531250,7404.500
1785205409.864210844,15,267.140625,7416.500
1785205409.864210844,15,268.765625,7423.250
1785205409.864210844,15,270.375000,7426.750
1785205409.864210844,15,272.015625,7433.750
1785205409.864210844,15,273.625000,7451.000
1785205409.864210844,15,275.203125,7461.500
1785205409.864210844,15,276.828125,7521.250
1785205409.864210844,15,278.437500,7469.750
1785205409.864210844,15,281.687500,6988.000
1785205409.864210844,15,283.296875,7042.000
1785205409.864210844,15,284.921875,7101.250
1785205409.864210844,15,286.531250,7147.250
1785205409.864210844,15,289.750000,7725.750
1785205409.864210844,15,291.375000,7809.000
1785205409.864210844,15,292.984375,7930.250
1785205409.864210844,15,294.609375,8015.250
1785205409.864210844,15,296.218750,8073.750
1785205409.864210844,15,297.843750,8188.000
1785205409.864210844,15,299.625000,8325.500
1785205409.864210844,15,301.234375,8460.000
1785205409.864210844,15,302.875000,8596.500
1785205409.864210844,15,304.500000,8757.000
1785205409.864210844,15,306.125000,8935.500
1785205409.864210844,8,314.250000,10150.000
1785205409.864210844,15,328.968750,8245.000
1785205409.864210844,15,330.593750,8156.250
1785205409.864210844,15,333.859375,7709.000
1785205409.864210844,15,335.500000,7623.500
1785205409.864210844,15,337.125000,7471.250
1785205409.864210844,15,342.015625,7316.000
1785205409.978570938,15,180.000000,9437.500
1785205409.978570938,15,223.875000,9989.750
1785205409.978570938,15,227.109375,9432.250
1785205409.978570938,15,230.359375,8970.500
1785205409.978570938,15,231.984375,8815.500
1785205409.978570938,15,233.609375,8653.750
1785205409.978570938,15,235.250000,8533.500
1785205409.978570938,15,236.859375,8400.250
1785205409.978570938,15,238.500000,8223.500
1785205409.978570938,15,240.109375,8104.500
1785205409.978570938,15,241.734375,8041.500
1785205409.978570938,15,243.359375,7946.250
1785205409.978570938,15,244.984375,7848.750
1785205409.978570938,15,246.609375,7787.750
1785205409.978570938,12,248.234375,7649.750
1785205409.978570938,15,254.734375,7224.250
1785205409.978570938,15,256.375000,7172.750
1785205409.978570938,15,258.000000,7150.250
1785205409.978570938,15,259.609375,7129.500
1785205409.978570938,15,261.234375,7163.500
1785205409.978570938,15,262.859375,7255.500
1785205409.978570938,15,264.484375,7368.000
1785205409.978570938,15,266.109375,7447.500
1785205409.978570938,15,267.718750,7447.500
1785205409.978570938,15,269.328125,7458.000
1785205409.978570938,15,270.968750,7458.000
1785205409.978570938,15,272.593750,7461.250
1785205409.978570938,15,274.203125,7459.500
1785205409.978570938,15,275.812500,7498.250
1785205409.978570938,15,277.437500,7603.250
1785205409.978570938,15,282.312500,7072.750
1785205409.978570938,15,283.921875,7110.500
1785205409.978570938,15,285.546875,7145.500
1785205409.978570938,15,287.171875,7187.250
1785205409.978570938,15,290.390625,7799.000
1785205409.978570938,15,292.015625,7883.750
1785205409.978570938,15,293.640625,7975.500
1785205409.978570938,15,295.250000,8035.500
1785205409.978570938,15,296.875000,8110.750
1785205409.978570938,15,298.609375,8225.500
1785205409.978570938,15,300.234375,8389.250
1785205409.978570938,15,301.859375,8556.750
1785205409.978570938,15,303.484375,8679.000
1785205409.978570938,15,305.125000,8853.000
1785205409.978570938,15,306.750000,9046.250
1785205409.978570938,15,308.359375,9245.500
1785205409.978570938,15,309.984375,9511.250
1785205409.978570938,15,311.609375,9789.750
1785205409.978570938,12,313.234375,10027.000
1785205409.978570938,15,327.921875,8349.750
1785205409.978570938,15,329.546875,8188.500
1785205409.978570938,15,331.187500,8103.250
1785205409.978570938,15,334.453125,7671.000
1785205409.978570938,15,336.078125,7591.250
1785205409.978570938,8,337.718750,7524.750
1785205409.978570938,15,349.093750,7099.750
1785205410.092803001,15,350.734375,7073.000
1785205410.092803001,15,143.109375,103.750
1785205410.092803001,15,224.562500,9941.250
1785205410.092803001,15,226.171875,9702.750
1785205410.092803001,15,231.031250,8931.000
1785205410.092803001,15,232.671875,8767.000
1785205410.092803001,15,234.281250,8640.750
1785205410.092803001,15,235.906250,8545.250
1785205410.092803001,15,237.531250,8357.000
1785205410.092803001,15,239.171875,8154.750
1785205410.092803001,15,240.781250,8039.750
1785205410.092803001,15,242.406250,7993.750
1785205410.092803001,15,244.031250,7882.250
1785205410.092803001,15,245.656250,7764.000
1785205410.092803001,15,258.640625,7177.500
1785205410.092803001,15,260.281250,7124.500
1785205410.092803001,15,261.890625,7165.000
1785205410.092803001,15,263.500000,7353.750
1785205410.092803001,15,265.140625,7477.000
1785205410.092803001,15,266.765625,7463.000
1785205410.092803001,15,268.359375,7454.500
1785205410.092803001,15,270.000000,7480.500
1785205410.092803001,15,271.625000,7491.000
1785205410.092803001,15,273.250000,7519.250
1785205410.092803001,15,274.875000,7592.250
1785205410.092803001,15,276.500000,7604.750
1785205410.092803001,15,279.750000,7526.500
1785205410.092803001,15,283.000000,7066.750
1785205410.092803001,15,284.625000,7136.000
1785205410.092803001,15,286.234375,7198.500
1785205410.092803001,15,289.468750,7723.750
1785205410.092803001,15,291.078125,7767.000
1785205410.092803001,15,292.718750,7901.750
1785205410.092803001,15,294.328125,8004.750
1785205410.092803001,15,295.953125,8045.000
1785205410.092803001,15,297.562500,8138.000
1785205410.092803001,15,299.296875,8323.250
1785205410.092803001,15,300.906250,8527.250
1785205410.092803001,15,302.546875,8655.750
1785205410.092803001,15,304.171875,8791.250
1785205410.092803001,15,305.796875,8960.500
1785205410.092803001,15,307.406250,9174.250
1785205410.092803001,15,309.031250,9450.000
1785205410.092803001,15,310.671875,9651.250
1785205410.092803001,13,313.921875,10128.000
1785205410.092803001,10,320.406250,11996.000
1785205410.092803001,11,322.046875,11896.000
1785205410.092803001,15,328.609375,8299.500
1785205410.092803001,15,330.234375,8195.500
1785205410.092803001,15,333.500000,7717.500
1785205410.092803001,15,335.125000,7617.750
1785205410.092803001,15,336.765625,7513.250
1785205410.092803001,15,346.546875,7186.500
1785205410.092803001,15,348.187500,7131.000
1785205410.092803001,15,349.796875,7082.500
1785205410.205401182,15,217.796875,1637.750
1785205410.205401182,8,221.000000,1749.500
1785205410.205401182,15,226.796875,9613.250
1785205410.205401182,15,230.046875,9128.750
1785205410.205401182,15,231.671875,8936.500
1785205410.205401182,15,233.296875,8752.500
1785205410.205401182,15,234.921875,8657.750
1785205410.205401182,15,236.531250,8508.000
1785205410.205401182,15,238.171875,8291.750
1785205410.205401182,15,239.781250,8160.250
1785205410.205401182,15,241.406250,8086.250
1785205410.205401182,15,243.031250,8013.500
1785205410.205401182,15,244.656250,7928.500
1785205410.205401182,15,246.296875,7831.500
1785205410.205401182,15,247.906250,7765.000
1785205410.205401182,15,252.828125,7365.500
1785205410.205401182,15,257.687500,7200.000
1785205410.205401182,15,259.312500,7167.750
1785205410.205401182,15,262.562500,7181.500
1785205410.205401182,15,265.812500,7512.000
1785205410.205401182,15,267.406250,7482.250
1785205410.205401182,15,269.031250,7494.750
1785205410.205401182,15,270.671875,7512.000
1785205410.205401182,15,272.296875,7519.000
1785205410.205401182,15,273.906250,7581.500
1785205410.205401182,15,275.562500,7641.000
1785205410.205401182,15,277.203125,7644.500
1785205410.205401182,15,278.828125,7560.500
1785205410.205401182,15,282.093750,7074.500
1785205410.205401182,15,283.703125,7123.250
1785205410.205401182,15,285.312500,7164.750
1785205410.205401182,15,286.968750,7226.250
1785205410.205401182,15,290.171875,7844.750
1785205410.205401182,15,291.812500,7922.500
1785205410.205401182,15,293.437500,7999.250
1785205410.205401182,15,295.062500,8074.000
1785205410.205401182,15,296.687500,8152.000
1785205410.205401182,15,298.328125,8268.000
1785205410.205401182,15,299.968750,8426.500
1785205410.205401182,15,301.578125,8593.750
1785205410.205401182,15,303.203125,8721.500
1785205410.205401182,15,304.828125,8847.000
1785205410.205401182,15,306.468750,9042.000
1785205410.205401182,15,308.078125,9280.250
1785205410.205401182,14,309.703125,9556.750
1785205410.205401182,15,311.312500,9815.750
1785205410.205401182,13,312.953125,10024.000
1785205410.205401182,8,314.578125,10215.000
1785205410.205401182,15,327.640625,8437.500
1785205410.205401182,15,329.265625,8314.500
1785205410.205401182,15,330.906250,8169.250
1785205410.205401182,15,334.156250,7681.500
1785205410.205401182,15,335.796875,7603.250
1785205410.205401182,15,342.343750,6040.750
1785205410.205401182,15,343.968750,6078.250
1785205410.205401182,15,348.859375,7115.250
1785205410.319855213,15,350.500000,7074.750
1785205410.319855213,15,353.750000,7035.750
1785205410.319855213,15,355.390625,6997.500
1785205410.319855213,15,357.015625,6944.250
1785205410.319855213,15,358.640625,6957.750
1785205410.319855213,15,0.281250,6992.500
1785205410.319855213,15,227.421875,9563.750
1785205410.319855213,14,229.046875,9340.000
1785205410.319855213,15,230.656250,9131.250
1785205410.319855213,15,232.281250,8963.500
1785205410.319855213,15,233.921875,8774.500
1785205410.319855213,15,235.546875,8602.750
1785205410.319855213,15,237.171875,8439.750
1785205410.319855213,15,238.781250,8293.500
1785205410.319855213,15,240.406250,8170.750
1785205410.319855213,15,242.031250,8092.250
1785205410.319855213,15,243.656250,8021.500
1785205410.319855213,15,245.281250,7940.000
1785205410.319855213,15,246.906250,7875.750
1785205410.319855213,15,248.515625,7760.250
1785205410.319855213,15,250.218750,7621.250
1785205410.319855213,15,255.093750,7278.500
1785205410.319855213,15,256.718750,7270.250
1785205410.319855213,15,258.343750,7250.500
1785205410.319855213,15,259.968750,7211.250
1785205410.319855213,15,261.593750,7266.000
1785205410.319855213,15,263.218750,7380.750
1785205410.319855213,15,264.828125,7506.000
1785205410.319855213,15,266.468750,7549.500
1785205410.319855213,15,268.078125,7519.000
1785205410.319855213,15,269.718750,7531.500
1785205410.319855213,15,271.343750,7558.250
1785205410.319855213,15,272.953125,7585.000
1785205410.319855213,15,274.515625,7594.000
1785205410.319855213,15,276.156250,7652.250
1785205410.319855213,15,277.765625,7720.000
1785205410.319855213,15,282.656250,7126.250
1785205410.319855213,15,284.265625,7174.250
1785205410.319855213,15,285.890625,7221.000
1785205410.319855213,15,290.734375,7852.500
1785205410.319855213,15,292.359375,7954.000
1785205410.319855213,15,293.968750,8023.250
1785205410.319855213,15,295.578125,8072.000
1785205410.319855213,15,297.203125,8200.500
1785205410.319855213,15,298.875000,8305.750
1785205410.319855213,15,302.109375,8660.500
1785205410.319855213,15,303.750000,8796.000
1785205410.319855213,15,305.375000,8988.750
1785205410.319855213,15,306.984375,9194.250
1785205410.319855213,15,308.609375,9365.750
1785205410.319855213,15,311.843750,9916.000
1785205410.319855213,11,313.468750,10164.000
1785205410.319855213,9,318.312500,11794.000
1785205410.319855213,9,321.562500,11828.000
1785205410.319855213,15,328.234375,8305.250
1785205410.319855213,15,329.875000,8156.750
1785205410.319855213,15,333.140625,7757.750
1785205410.319855213,15,334.781250,7647.000
1785205410.319855213,15,336.406250,7551.250
1785205410.319855213,15,341.343750,5960.750
1785205410.319855213,9,342.968750,6042.500
1785205410.319855213,15,347.765625,7148.500
1785205410.319855213,15,349.390625,7104.250
1785205410.434244156,15,351.015625,7054.250
1785205410.434244156,15,352.640625,7018.750
1785205410.434244156,15,354.281250,6992.750
1785205410.434244156,15,355.890625,6976.000
1785205410.434244156,15,357.531250,6947.750
1785205410.434244156,12,359.156250,6920.500
1785205410.434244156,14,227.687500,9622.500
1785205410.434244156,15,230.921875,9074.750
1785205410.434244156,15,232.546875,8918.000
1785205410.434244156,15,234.171875,8767.250
1785205410.434244156,15,235.781250,8630.000
1785205410.434244156,15,237.406250,8480.250
1785205410.434244156,15,239.031250,8304.500
1785205410.434244156,15,240.640625,8174.750
1785205410.434244156,15,242.250000,8088.250
1785205410.434244156,15,243.875000,8033.250
1785205410.434244156,15,245.500000,7936.750
1785205410.434244156,15,247.125000,7840.750
1785205410.434244156,15,248.734375,7728.750
1785205410.434244156,15,255.265625,7325.250
1785205410.434244156,15,256.890625,7286.750
1785205410.434244156,15,258.515625,7244.000
1785205410.434244156,15,260.140625,7198.250
1785205410.434244156,15,261.750000,7256.000
1785205410.434244156,15,263.375000,7379.500
1785205410.434244156,15,264.984375,7529.000
1785205410.434244156,15,266.609375,7603.000
1785205410.434244156,15,268.203125,7617.500
1785205410.434244156,15,269.828125,7621.250
1785205410.434244156,15,271.468750,7606.500
1785205410.434244156,15,273.093750,7628.250
1785205410.434244156,15,274.671875,7681.500
1785205410.434244156,15,276.296875,7755.500
1785205410.434244156,15,277.890625,7759.250
1785205410.434244156,15,282.765625,7120.250
1785205410.434244156,15,284.390625,7203.250
1785205410.434244156,15,286.000000,7262.000
1785205410.434244156,15,289.218750,7787.750
1785205410.434244156,15,290.828125,7876.000
1785205410.434244156,15,292.453125,7985.500
1785205410.434244156,15,294.062500,8051.500
1785205410.434244156,15,295.687500,8102.500
1785205410.434244156,15,297.281250,8234.500
1785205410.434244156,15,299.015625,8399.750
1785205410.434244156,15,300.609375,8564.000
1785205410.434244156,15,302.250000,8678.750
1785205410.434244156,15,303.859375,8794.000
1785205410.434244156,15,305.484375,8992.250
1785205410.434244156,15,307.109375,9191.000
1785205410.434244156,15,310.343750,9744.250
1785205410.434244156,13,311.968750,9923.500
1785205410.434244156,10,313.578125,10168.750
1785205410.434244156,10,320.046875,11983.500
1785205410.434244156,13,321.687500,11960.750
1785205410.434244156,15,328.296875,8359.750
1785205410.434244156,15,329.937500,8212.500
1785205410.434244156,15,333.203125,7755.250
1785205410.434244156,15,334.828125,7683.500
1785205410.434244156,15,336.453125,7593.500
1785205410.434244156,8,339.750000,5972.750
1785205410.434244156,15,341.390625,6009.750
1785205410.434244156,15,347.859375,7146.000
1785205410.434244156,15,349.484375,7108.500
1785205410.545738935,15,351.109375,7064.000
1785205410.545738935,15,352.750000,7027.750
1785205410.545738935,15,354.375000,7026.250
1785205410.545738935,15,356.000000,7018.750
1785205410.545738935,15,357.640625,7000.250
1785205410.545738935,15,359.250000,6937.250
1785205410.545738935,11,0.890625,6874.250
1785205410.545738935,15,218.812500,1738.250
1785205410.545738935,8,220.468750,1703.250
1785205410.545738935,12,227.843750,9630.000
1785205410.545738935,15,229.484375,9410.750
1785205410.545738935,15,231.109375,9153.250
1785205410.545738935,15,232.718750,8928.250
1785205410.545738935,15,234.359375,8735.250
1785205410.545738935,15,235.984375,8651.750
1785205410.545738935,15,237.593750,8546.250
1785205410.545738935,15,239.218750,8362.500
1785205410.545738935,15,240.843750,8227.750
1785205410.545738935,15,242.468750,8117.000
1785205410.545738935,15,244.093750,8035.500
1785205410.545738935,15,245.703125,7950.000
1785205410.545738935,15,247.343750,7862.250
1785205410.545738935,15,248.968750,7752.250
1785205410.545738935,15,255.421875,7365.500
1785205410.545738935,15,257.046875,7310.000
1785205410.545738935,15,258.671875,7262.000
1785205410.545738935,15,260.296875,7232.500
1785205410.545738935,15,261.906250,7285.750
1785205410.545738935,15,265.140625,7626.500
1785205410.545738935,15,266.750000,7608.500
1785205410.545738935,15,268.375000,7637.500
1785205410.545738935,15,270.000000,7692.250
1785205410.545738935,15,271.609375,7683.000
1785205410.545738935,15,273.234375,7698.000
1785205410.545738935,15,274.812500,7742.500
1785205410.545738935,15,276.421875,7750.000
1785205410.545738935,15,278.046875,7755.500
1785205410.545738935,15,282.906250,7183.750
1785205410.545738935,15,284.515625,7231.000
1785205410.545738935,15,286.125000,7274.250
1785205410.545738935,15,289.343750,7846.750
1785205410.545738935,15,290.968750,7913.000
1785205410.545738935,15,292.593750,7988.000
1785205410.545738935,15,294.203125,8053.000
1785205410.545738935,15,295.812500,8112.000
1785205410.545738935,15,297.421875,8243.250
1785205410.545738935,15,299.171875,8431.750
1785205410.545738935,15,300.796875,8605.000
1785205410.545738935,15,302.406250,8716.500
1785205410.545738935,15,304.031250,8827.500
1785205410.545738935,15,305.656250,9021.750
1785205410.545738935,15,307.281250,9258.750
1785205410.545738935,15,308.890625,9502.500
1785205410.545738935,15,310.515625,9729.500
1785205410.545738935,14,312.140625,9946.500
1785205410.545738935,7,318.609375,11799.250
1785205410.545738935,14,320.234375,11995.750
1785205410.545738935,13,321.875000,11925.250
1785205410.545738935,10,323.562500,11849.500
1785205410.545738935,15,328.500000,8355.000
1785205410.545738935,15,330.125000,8193.500
1785205410.545738935,15,333.390625,7727.750
1785205410.545738935,15,335.031250,7639.750
1785205410.545738935,12,339.953125,5988.000
1785205410.545738935,7,341.593750,6076.250
1785205410.545738935,15,343.218750,6100.500
1785205410.545738935,15,348.015625,7132.750
1785205410.545738935,15,349.640625,7107.500
1785205410.659945965,15,352.890625,7051.500
1785205410.659945965,15,354.515625,6999.000
1785205410.659945965,15,356.140625,6941.250
1785205410.659945965,15,357.765625,6948.000
1785205410.659945965,15,359.390625,6982.750
1785205410.659945965,14,1.015625,6960.750
1785205410.659945965,10,2.656250,6908.500
1785205410.659945965,10,182.531250,9391.000
1785205410.659945965,15,229.562500,9413.750
1785205410.659945965,15,231.171875,9233.500
1785205410.659945965,15,234.437500,8796.750
1785205410.659945965,15,236.046875,8699.500
1785205410.659945965,15,237.687500,8547.750
1785205410.659945965,15,239.312500,8371.750
1785205410.659945965,15,240.937500,8232.250
1785205410.659945965,15,242.562500,8116.750
1785205410.659945965,15,244.187500,8045.500
1785205410.659945965,15,245.812500,8001.250
1785205410.659945965,15,247.437500,7920.750
1785205410.659945965,15,249.046875,7808.750
1785205410.659945965,15,255.531250,7386.750
1785205410.659945965,15,257.156250,7324.000
1785205410.659945965,15,258.765625,7264.000
1785205410.659945965,15,260.390625,7241.000
1785205410.659945965,15,262.000000,7294.750
1785205410.659945965,15,265.250000,7653.750
1785205410.659945965,15,266.843750,7646.750
1785205410.659945965,15,268.484375,7656.000
1785205410.659945965,15,270.093750,7709.750
1785205410.659945965,15,271.718750,7691.750
1785205410.659945965,15,273.343750,7713.250
1785205410.659945965,15,274.921875,7749.000
1785205410.659945965,15,276.531250,7750.250
1785205410.659945965,15,278.140625,7770.000
1785205410.659945965,15,283.000000,7190.250
1785205410.659945965,15,284.625000,7241.250
1785205410.659945965,15,286.234375,7286.000
1785205410.659945965,15,289.453125,7905.500
1785205410.659945965,15,291.078125,7987.250
1785205410.659945965,15,292.687500,8027.500
1785205410.659945965,15,294.312500,8096.250
1785205410.659945965,15,295.921875,8200.250
1785205410.659945965,15,297.531250,8316.750
1785205410.659945965,15,299.265625,8451.250
1785205410.659945965,15,300.875000,8626.000
1785205410.659945965,15,302.500000,8769.250
1785205410.659945965,15,304.125000,8933.500
1785205410.659945965,15,305.734375,9107.750
1785205410.659945965,10,307.359375,9307.250
1785205410.659945965,15,310.593750,9854.250
1785205410.659945965,15,312.218750,10039.750
1785205410.659945965,11,313.828125,10295.000
1785205410.659945965,8,317.062500,11591.250
1785205410.659945965,10,321.953125,11841.250
1785205410.659945965,15,326.921875,8536.500
1785205410.659945965,15,328.546875,8362.500
1785205410.659945965,15,330.171875,8195.750
1785205410.659945965,15,333.437500,7736.250
1785205410.659945965,15,335.062500,7652.750
1785205410.659945965,15,341.609375,6129.750
1785205410.659945965,15,343.234375,6154.750
1785205410.659945965,15,348.046875,7137.750
1785205410.659945965,15,349.687500,7097.750
1785205410.774791002,15,352.921875,7041.750
1785205410.774791002,15,354.546875,7003.500
1785205410.774791002,15,356.171875,6948.750
1785205410.774791002,13,357.796875,7009.000
1785205410.774791002,15,142.750000,104.500
1785205410.774791002,11,217.421875,1768.500
1785205410.774791002,15,219.031250,1777.500
1785205410.774791002,15,220.671875,1762.500
1785205410.774791002,15,222.328125,1725.500
1785205410.774791002,15,229.703125,9385.250
1785205410.774791002,15,231.328125,9223.000
1785205410.774791002,15,234.562500,8786.500
1785205410.774791002,15,236.187500,8703.000
1785205410.774791002,15,237.828125,8600.250
1785205410.774791002,15,239.453125,8420.500
1785205410.774791002,15,241.062500,8276.000
1785205410.774791002,15,242.687500,8189.500
1785205410.774791002,15,244.312500,8083.250
1785205410.774791002,15,245.921875,8004.750
1785205410.774791002,15,247.546875,7956.000
1785205410.774791002,15,249.187500,7850.750
1785205410.774791002,14,250.812500,7678.250
1785205410.774791002,15,254.046875,7490.500
1785205410.774791002,15,255.671875,7379.750
1785205410.774791002,15,257.281250,7352.750
1785205410.774791002,15,258.906250,7326.750
1785205410.774791002,15,260.515625,7296.750
1785205410.774791002,15,262.140625,7349.000
1785205410.774791002,15,263.765625,7516.000
1785205410.774791002,15,265.375000,7667.750
1785205410.774791002,15,266.984375,7683.250
1785205410.774791002,15,268.625000,7672.500
1785205410.774791002,15,270.234375,7754.500
1785205410.774791002,15,271.859375,7810.250
1785205410.774791002,15,273.468750,7782.750
1785205410.774791002,15,275.093750,7756.500
1785205410.774791002,15,276.734375,7812.500
1785205410.774791002,15,278.343750,7856.250
1785205410.774791002,15,283.218750,7208.250
1785205410.774791002,15,284.843750,7265.250
1785205410.774791002,15,286.453125,7318.250
1785205410.774791002,15,289.687500,7922.750
1785205410.774791002,15,291.296875,8015.250
1785205410.774791002,15,292.906250,8069.750
1785205410.774791002,15,294.546875,8125.000
1785205410.774791002,15,296.156250,8227.750
1785205410.774791002,15,297.781250,8418.750
1785205410.774791002,15,299.500000,8553.750
1785205410.774791002,15,301.109375,8620.750
1785205410.774791002,15,302.734375,8774.750
1785205410.774791002,15,304.359375,8937.750
1785205410.774791002,14,305.968750,9087.500
1785205410.774791002,13,312.468750,10112.250
1785205410.774791002,10,314.093750,10368.250
1785205410.774791002,9,317.328125,11645.500
1785205410.774791002,15,327.093750,8514.000
1785205410.774791002,15,328.734375,8346.750
1785205410.774791002,15,330.343750,8200.750
1785205410.774791002,15,333.609375,7726.500
1785205410.774791002,15,335.234375,7628.500
1785205410.774791002,15,341.765625,6175.750
1785205410.774791002,15,346.640625,7168.000
1785205410.774791002,15,348.265625,7151.750
1785205410.774791002,15,349.890625,7109.000
1785205410.885625124,15,353.156250,7060.500
1785205410.885625124,15,354.765625,7015.500
1785205410.885625124,15,356.390625,6927.750
1785205410.885625124,15,358.031250,6961.500
1785205410.885625124,14,359.640625,6990.250
1785205410.885625124,8,192.500000,10266.500
1785205410.885625124,15,222.421875,1763.000
1785205410.885625124,15,231.421875,9250.000
1785205410.885625124,15,233.031250,9049.500
1785205410.885625124,15,234.656250,8905.500
1785205410.885625124,15,236.281250,8744.250
1785205410.885625124,15,237.906250,8563.500
1785205410.885625124,15,239.531250,8441.750
1785205410.885625124,15,241.156250,8287.500
1785205410.885625124,15,242.781250,8162.250
1785205410.885625124,15,244.406250,8102.250
1785205410.885625124,15,246.031250,8051.500
1785205410.885625124,15,247.640625,7999.250
1785205410.885625124,15,249.265625,7907.000
1785205410.885625124,15,250.890625,7743.750
1785205410.885625124,15,255.765625,7392.500
1785205410.885625124,15,257.390625,7380.750
1785205410.885625124,15,259.000000,7353.750
1785205410.885625124,15,260.625000,7316.750
1785205410.885625124,15,262.250000,7360.750
1785205410.885625124,15,265.468750,7767.000
1785205410.885625124,15,267.093750,7778.250
1785205410.885625124,15,268.718750,7782.000
1785205410.885625124,15,270.343750,7774.500
1785205410.885625124,15,271.953125,7776.250
1785205410.885625124,15,273.562500,7821.750
1785205410.885625124,15,275.203125,7839.000
1785205410.885625124,15,276.812500,7854.250
1785205410.885625124,13,278.453125,7786.500
1785205410.885625124,9,280.078125,7618.250
1785205410.885625124,15,283.312500,7268.750
1785205410.885625124,15,284.937500,7301.750
1785205410.885625124,15,286.546875,7345.500
1785205410.885625124,15,289.796875,7944.000
1785205410.885625124,15,291.406250,8021.250
1785205410.885625124,15,293.031250,8065.750
1785205410.885625124,15,294.640625,8141.750
1785205410.885625124,15,296.250000,8248.500
1785205410.885625124,15,297.875000,8409.500
1785205410.885625124,15,299.625000,8586.250
1785205410.885625124,15,301.234375,8688.250
1785205410.885625124,15,302.875000,8823.000
1785205410.885625124,15,304.484375,9003.250
1785205410.885625124,15,306.125000,9224.500
1785205410.885625124,14,307.734375,9442.750
1785205410.885625124,15,309.375000,9663.000
1785205410.885625124,15,311.000000,9918.750
1785205410.885625124,15,312.609375,10177.250
1785205410.885625124,8,317.468750,11768.500
1785205410.885625124,15,327.265625,8542.750
1785205410.885625124,15,328.890625,8381.000
1785205410.885625124,15,330.515625,8196.250
1785205410.885625124,15,333.781250,7716.500
1785205410.885625124,15,335.421875,7672.000
1785205410.885625124,14,340.328125,6020.250
1785205410.885625124,15,341.953125,6092.250
1785205410.885625124,15,346.828125,7190.250
1785205410.885625124,15,348.437500,7145.500
1785205410.885625124,15,350.062500,7110.500
1785205411.000411987,15,220.921875,1800.250
1785205411.000411987,15,222.562500,1787.000
1785205411.000411987,15,224.203125,1749.500
1785205411.000411987,15,231.609375,9234.250
1785205411.000411987,15,233.234375,9049.000
1785205411.000411987,15,234.859375,8920.250
1785205411.000411987,15,236.484375,8772.500
1785205411.000411987,15,238.109375,8600.250
1785205411.000411987,15,239.734375,8461.750
1785205411.000411987,15,241.359375,8338.500
1785205411.000411987,15,242.968750,8212.750
1785205411.000411987,15,244.593750,8100.500
1785205411.000411987,15,246.234375,8037.250
1785205411.000411987,15,247.843750,8003.250
1785205411.000411987,15,249.453125,7915.000
1785205411.000411987,15,255.968750,7416.750
1785205411.000411987,15,257.593750,7377.250
1785205411.000411987,15,259.218750,7348.500
1785205411.000411987,15,260.828125,7345.250
1785205411.000411987,15,262.453125,7399.500
1785205411.000411987,15,265.703125,7816.000
1785205411.000411987,15,267.312500,7821.750
1785205411.000411987,15,268.937500,7829.500
1785205411.000411987,15,270.546875,7782.000
1785205411.000411987,15,272.171875,7782.000
1785205411.000411987,15,273.781250,7816.000
1785205411.000411987,15,275.421875,7823.750
1785205411.000411987,15,277.031250,7848.750
1785205411.000411987,15,278.671875,7839.250
1785205411.000411987,15,283.531250,7291.750
1785205411.000411987,15,285.156250,7320.000
1785205411.000411987,15,286.781250,7406.750
1785205411.000411987,15,290.000000,7977.500
1785205411.000411987,15,291.609375,8045.500
1785205411.000411987,15,293.234375,8100.500
1785205411.000411987,15,294.859375,8189.750
1785205411.000411987,15,296.484375,8314.750
1785205411.000411987,15,298.171875,8466.750
1785205411.000411987,15,299.796875,8623.250
1785205411.000411987,15,301.406250,8723.750
1785205411.000411987,15,303.031250,8852.000
1785205411.000411987,15,304.640625,9036.500
1785205411.000411987,14,306.281250,9247.750
1785205411.000411987,15,307.906250,9488.250
1785205411.000411987,15,309.515625,9696.750
1785205411.000411987,15,311.140625,9922.750
1785205411.000411987,15,327.406250,8542.750
1785205411.000411987,15,332.296875,7872.000
1785205411.000411987,15,333.906250,7759.750
1785205411.000411987,15,335.546875,7661.250
1785205411.000411987,15,340.453125,6106.250
1785205411.000411987,15,347.000000,7176.750
1785205411.000411987,15,348.640625,7142.250
1785205411.115544081,15,351.890625,7099.750
1785205411.115544081,15,353.531250,7045.000
1785205411.115544081,15,355.171875,7035.500
1785205411.115544081,15,222.906250,1807.000
1785205411.115544081,15,224.562500,1783.500
1785205411.115544081,15,231.984375,9266.000
1785205411.115544081,15,233.609375,9092.500
1785205411.115544081,15,235.250000,8933.000
1785205411.115544081,15,236.859375,8751.000
1785205411.115544081,15,238.500000,8613.750
1785205411.115544081,15,240.093750,8506.750
1785205411.115544081,15,241.734375,8382.000
1785205411.115544081,15,243.359375,8253.000
1785205411.115544081,15,244.984375,8121.250
1785205411.115544081,15,246.609375,8055.500
1785205411.115544081,15,248.218750,7999.500
1785205411.115544081,15,249.859375,7868.750
1785205411.115544081,15,251.515625,7731.500
1785205411.115544081,15,256.406250,7482.250
1785205411.115544081,15,258.031250,7440.750
1785205411.115544081,15,259.656250,7411.250
1785205411.115544081,15,261.281250,7397.500
1785205411.115544081,15,262.890625,7421.750
1785205411.115544081,15,266.125000,7841.000
1785205411.115544081,15,267.765625,7835.250
1785205411.115544081,15,269.375000,7825.500
1785205411.115544081,15,271.000000,7782.000
1785205411.115544081,15,272.640625,7799.250
1785205411.115544081,15,274.218750,7865.750
1785205411.115544081,15,275.812500,7867.750
1785205411.115544081,15,277.453125,7867.750
1785205411.115544081,15,279.062500,7841.000
1785205411.115544081,15,282.328125,7271.750
1785205411.115544081,15,283.953125,7332.000
1785205411.115544081,15,285.562500,7396.000
1785205411.115544081,15,287.187500,7497.250
1785205411.115544081,15,290.406250,8023.500
1785205411.115544081,15,292.031250,8080.000
1785205411.115544081,15,293.640625,8137.500
1785205411.115544081,15,295.281250,8246.500
1785205411.115544081,15,296.890625,8393.250
1785205411.115544081,15,298.593750,8531.500
1785205411.115544081,15,300.203125,8641.500
1785205411.115544081,15,301.828125,8801.500
1785205411.115544081,15,303.453125,8960.000
1785205411.115544081,14,305.078125,9098.000
1785205411.115544081,15,306.703125,9306.750
1785205411.115544081,15,308.328125,9550.500
1785205411.115544081,15,309.953125,9795.000
1785205411.115544081,15,311.562500,10001.750
1785205411.115544081,8,318.046875,11876.750
1785205411.115544081,15,327.906250,8484.500
1785205411.115544081,15,329.546875,8302.750
1785205411.115544081,15,332.812500,7808.750
1785205411.115544081,15,334.453125,7714.750
1785205411.115544081,15,336.078125,7630.250
1785205411.115544081,15,344.234375,7272.250
1785205411.115544081,15,345.875000,7203.250
1785205411.115544081,15,347.484375,7168.250
1785205411.115544081,15,349.109375,7133.000
1785205411.226464033,15,352.375000,7091.750
1785205411.226464033,15,354.015625,7062.000
1785205411.226464033,15,355.625000,7009.750
1785205411.226464033,15,357.250000,6996.000
1785205411.226464033,15,358.890625,7014.250
1785205411.226464033,15,160.390625,1362.250
1785205411.226464033,15,223.390625,1830.500
1785205411.226464033,15,225.062500,1808.750
1785205411.226464033,13,232.578125,9253.500
1785205411.226464033,15,234.187500,9061.250
1785205411.226464033,15,235.828125,8915.750
1785205411.226464033,15,237.437500,8767.000
1785205411.226464033,15,239.078125,8641.750
1785205411.226464033,15,240.703125,8491.250
1785205411.226464033,15,242.328125,8328.000
1785205411.226464033,15,243.953125,8206.250
1785205411.226464033,15,245.578125,8143.500
1785205411.226464033,15,247.203125,8088.250
1785205411.226464033,15,248.828125,8009.500
1785205411.226464033,15,250.453125,7876.500
1785205411.226464033,15,252.062500,7746.250
1785205411.226464033,15,253.703125,7675.750
1785205411.226464033,15,255.312500,7580.000
1785205411.226464033,15,260.187500,7418.250
1785205411.226464033,15,261.812500,7366.000
1785205411.226464033,15,263.437500,7389.000
1785205411.226464033,15,266.656250,7807.000
1785205411.226464033,15,268.296875,7841.000
1785205411.226464033,15,269.906250,7850.500
1785205411.226464033,15,271.531250,7877.500
1785205411.226464033,15,273.156250,7875.500
1785205411.226464033,15,274.734375,7875.500
1785205411.226464033,15,276.359375,7875.500
1785205411.226464033,15,277.968750,7895.000
1785205411.226464033,15,282.843750,7306.500
1785205411.226464033,15,284.468750,7355.250
1785205411.226464033,15,286.078125,7437.250
1785205411.226464033,15,289.296875,7962.250
1785205411.226464033,15,290.921875,8043.500
1785205411.226464033,15,292.531250,8086.250
1785205411.226464033,15,294.156250,8183.250
1785205411.226464033,15,295.781250,8284.500
1785205411.226464033,15,297.390625,8429.000
1785205411.226464033,15,299.109375,8595.500
1785205411.226464033,15,300.734375,8721.750
1785205411.226464033,15,302.359375,8859.250
1785205411.226464033,15,303.984375,9000.500
1785205411.226464033,15,305.609375,9198.000
1785205411.226464033,15,307.234375,9452.000
1785205411.226464033,15,308.859375,9685.750
1785205411.226464033,15,310.468750,9891.000
1785205411.226464033,11,312.109375,10109.750
1785205411.226464033,8,313.718750,10355.500
1785205411.226464033,15,326.843750,8541.000
1785205411.226464033,15,328.453125,8397.500
1785205411.226464033,15,330.093750,8267.750
1785205411.226464033,15,333.375000,7785.500
1785205411.226464033,15,335.000000,7739.000
1785205411.226464033,15,339.937500,6031.250
1785205411.226464033,15,346.406250,7185.500
1785205411.226464033,15,348.046875,7145.250
1785205411.226464033,15,349.671875,7116.000
1785205411.341366053,15,351.312500,7095.500
1785205411.341366053,15,352.921875,7068.000
1785205411.341366053,15,354.546875,7040.000
1785205411.341366053,15,356.187500,7048.000
1785205411.341366053,15,357.828125,7017.250
1785205411.341366053,15,359.437500,6995.750
1785205411.341366053,15,222.515625,1826.500
1785205411.341366053,15,224.171875,1844.750
1785205411.341366053,15,225.796875,1825.250
1785205411.341366053,15,233.312500,9205.250
1785205411.341366053,15,234.937500,9035.750
1785205411.341366053,15,236.562500,8893.750
1785205411.341366053,15,238.187500,8724.250
1785205411.341366053,15,239.828125,8581.750
1785205411.341366053,15,241.453125,8442.000
1785205411.341366053,15,243.078125,8321.000
1785205411.341366053,15,244.703125,8210.750
1785205411.341366053,15,246.328125,8114.750
1785205411.341366053,15,247.968750,8049.500
1785205411.341366053,15,257.734375,7445.000
1785205411.341366053,15,259.359375,7491.250
1785205411.341366053,15,260.984375,7430.250
1785205411.341366053,15,262.609375,7474.250
1785205411.341366053,15,264.234375,7616.250
1785205411.341366053,15,265.843750,7787.000
1785205411.341366053,15,267.468750,7879.500
1785205411.341366053,15,269.093750,7881.250
1785205411.341366053,15,270.734375,7912.500
1785205411.341366053,15,272.343750,7904.750
1785205411.341366053,15,273.968750,7875.500
1785205411.341366053,15,275.546875,7885.250
1785205411.341366053,15,277.171875,7922.250
1785205411.341366053,9,278.812500,7868.500
1785205411.341366053,8,280.421875,7715.000
1785205411.341366053,15,283.671875,7347.000
1785205411.341366053,15,285.296875,7420.250
1785205411.341366053,15,286.906250,7510.750
1785205411.341366053,15,290.156250,8035.250
1785205411.341366053,15,291.781250,8098.500
1785205411.341366053,15,293.390625,8189.500
1785205411.341366053,15,295.015625,8289.000
1785205411.341366053,15,296.640625,8456.000
1785205411.341366053,15,298.375000,8604.250
1785205411.341366053,15,300.000000,8698.000
1785205411.341366053,15,301.625000,8827.250
1785205411.341366053,15,303.250000,8980.750
1785205411.341366053,15,304.875000,9173.750
1785205411.341366053,15,306.515625,9368.500
1785205411.341366053,15,308.125000,9561.500
1785205411.341366053,15,309.750000,9823.000
1785205411.341366053,14,311.390625,10029.500
1785205411.341366053,15,327.781250,8499.750
1785205411.341366053,15,329.437500,8365.250
1785205411.341366053,15,332.718750,7856.500
1785205411.341366053,15,334.343750,7759.500
1785205411.341366053,15,340.937500,6152.000
1785205411.341366053,15,345.796875,7203.000
1785205411.341366053,15,347.359375,7175.250
1785205411.341366053,15,349.000000,7143.000
1785205411.453245878,15,352.250000,7095.250
1785205411.453245878,15,353.890625,7070.000
1785205411.453245878,15,355.531250,7060.500
1785205411.453245878,15,357.156250,7008.000
1785205411.453245878,15,358.765625,6997.250
1785205411.453245878,15,0.406250,7062.250
1785205411.453245878,15,2.046875,7036.250
1785205411.453245878,7,3.671875,6926.250
1785205411.453245878,15,183.937500,9337.000
1785205411.453245878,15,226.828125,1841.750
1785205411.453245878,15,234.312500,9125.750
1785205411.453245878,15,235.937500,8976.000
1785205411.453245878,15,237.562500,8798.500
1785205411.453245878,15,239.187500,8679.000
1785205411.453245878,15,240.828125,8581.500
1785205411.453245878,15,242.453125,8464.000
1785205411.453245878,15,244.078125,8315.250
1785205411.453245878,15,245.703125,8177.000
1785205411.453245878,15,247.312500,8092.250
1785205411.453245878,15,248.968750,8035.500
1785205411.453245878,15,250.578125,7896.500
1785205411.453245878,15,252.203125,7746.250
1785205411.453245878,15,255.453125,7502.750
1785205411.453245878,15,257.078125,7617.500
1785205411.453245878,15,258.703125,7587.000
1785205411.453245878,15,260.328125,7475.750
1785205411.453245878,15,261.968750,7396.250
1785205411.453245878,15,266.812500,7873.500
1785205411.453245878,15,268.437500,7879.250
1785205411.453245878,15,270.062500,7879.250
1785205411.453245878,15,271.687500,7881.250
1785205411.453245878,15,273.312500,7891.000
1785205411.453245878,15,274.875000,7896.750
1785205411.453245878,15,276.500000,7924.250
1785205411.453245878,15,278.125000,7957.500
1785205411.453245878,15,279.750000,7869.000
1785205411.453245878,15,283.000000,7375.500
1785205411.453245878,15,284.625000,7444.250
1785205411.453245878,15,286.234375,7521.000
1785205411.453245878,15,289.468750,8029.750
1785205411.453245878,15,291.093750,8092.000
1785205411.453245878,15,292.703125,8156.250
1785205411.453245878,15,294.312500,8272.000
1785205411.453245878,15,295.937500,8431.250
1785205411.453245878,15,297.562500,8560.750
1785205411.453245878,15,299.312500,8653.500
1785205411.453245878,15,300.953125,8752.250
1785205411.453245878,15,302.578125,8901.500
1785205411.453245878,14,304.218750,9082.000
1785205411.453245878,15,305.828125,9291.250
1785205411.453245878,15,327.062500,8599.750
1785205411.453245878,15,328.703125,8469.500
1785205411.453245878,15,330.343750,8246.250
1785205411.453245878,15,331.968750,8010.000
1785205411.453245878,15,333.609375,7820.500
1785205411.453245878,15,335.234375,7722.000
1785205411.453245878,15,341.812500,6096.000
1785205411.453245878,15,346.609375,7178.750
1785205411.453245878,15,348.234375,7147.250
1785205411.567817926,15,351.484375,7131.750
1785205411.567817926,15,353.109375,7080.000
1785205411.567817926,15,354.750000,7020.250
1785205411.567817926,15,356.375000,7019.500
1785205411.567817926,15,358.000000,7012.500
1785205411.567817926,15,1.250000,7028.000
1785205411.567817926,15,161.468750,1246.250
1785205411.567817926,15,219.562500,1940.750
1785205411.567817926,15,222.906250,1825.500
1785205411.567817926,15,227.703125,1823.250
1785205411.567817926,15,235.171875,9062.250
1785205411.567817926,15,236.796875,8905.500
1785205411.567817926,15,238.421875,8788.500
1785205411.567817926,15,240.031250,8660.500
1785205411.567817926,15,241.671875,8527.250
1785205411.567817926,15,243.296875,8397.500
1785205411.567817926,15,244.921875,8272.000
1785205411.567817926,15,246.531250,8187.250
1785205411.567817926,15,248.156250,8121.000
1785205411.567817926,11,249.781250,7994.000
1785205411.567817926,15,251.421875,7853.000
1785205411.567817926,15,253.062500,7755.750
1785205411.567817926,15,254.671875,7696.000
1785205411.567817926,15,259.546875,7538.500
1785205411.567817926,15,261.171875,7515.500
1785205411.567817926,15,262.765625,7606.250
1785205411.567817926,15,264.390625,7772.500
1785205411.567817926,15,266.031250,7869.500
1785205411.567817926,15,267.640625,7896.750
1785205411.567817926,15,269.265625,7893.000
1785205411.567817926,15,270.875000,7898.750
1785205411.567817926,15,272.500000,7895.000
1785205411.567817926,15,274.140625,7890.500
1785205411.567817926,15,275.796875,7880.250
1785205411.567817926,15,277.421875,7930.000
1785205411.567817926,14,279.046875,7898.750
1785205411.567817926,15,283.937500,7454.750
1785205411.567817926,15,285.546875,7533.250
1785205411.567817926,15,287.171875,7576.750
1785205411.567817926,15,290.406250,8038.500
1785205411.567817926,15,292.031250,8129.000
1785205411.567817926,15,293.656250,8216.750
1785205411.567817926,15,295.265625,8345.750
1785205411.567817926,15,296.890625,8532.250
1785205411.567817926,15,298.593750,8615.250
1785205411.567817926,15,300.218750,8695.500
1785205411.567817926,15,301.843750,8852.750
1785205411.567817926,15,303.468750,8971.500
1785205411.567817926,15,305.093750,9150.750
1785205411.567817926,15,306.734375,9356.750
1785205411.567817926,15,308.343750,9563.250
1785205411.567817926,15,309.968750,9811.500
1785205411.567817926,9,313.218750,10389.250
1785205411.567817926,9,316.468750,11648.500
1785205411.567817926,15,327.890625,8520.500
1785205411.567817926,15,329.515625,8372.000
1785205411.567817926,15,332.781250,7851.750
1785205411.567817926,15,334.421875,7750.500
1785205411.567817926,13,337.718750,6160.250
1785205411.567817926,15,339.343750,6142.750
1785205411.567817926,15,345.812500,7208.750
1785205411.567817926,15,347.484375,7177.750
1785205411.567817926,15,349.125000,7147.000
1785205411.681826115,15,350.750000,7072.000
1785205411.681826115,15,352.390625,7043.500
1785205411.681826115,15,354.015625,7070.750
1785205411.681826115,15,355.640625,7038.250
1785205411.681826115,15,357.281250,6998.750
1785205411.681826115,15,358.921875,6986.000
1785205411.681826115,15,0.531250,6998.250
1785205411.681826115,15,2.171875,7017.250
1785205411.681826115,15,162.218750,1227.750
1785205411.681826115,15,163.796875,1234.750
1785205411.681826115,15,183.921875,9463.750
1785205411.681826115,15,228.359375,1884.750
1785205411.681826115,15,235.828125,9028.500
1785205411.681826115,15,237.468750,8927.500
1785205411.681826115,15,239.093750,8789.250
1785205411.681826115,15,240.718750,8662.250
1785205411.681826115,15,242.328125,8568.000
1785205411.681826115,15,243.953125,8437.250
1785205411.681826115,15,245.593750,8285.500
1785205411.681826115,15,247.218750,8170.500
1785205411.681826115,15,248.828125,8098.500
1785205411.681826115,15,252.171875,4679.000
1785205411.681826115,15,256.937500,7666.750
1785205411.681826115,15,258.546875,7624.500
1785205411.681826115,15,260.171875,7571.000
1785205411.681826115,15,261.796875,7506.750
1785205411.681826115,15,263.406250,7615.250
1785205411.681826115,15,265.031250,7832.750
1785205411.681826115,15,266.640625,7953.500
1785205411.681826115,15,268.250000,7943.750
1785205411.681826115,15,269.890625,7905.500
1785205411.681826115,15,271.500000,7915.250
1785205411.681826115,15,273.109375,7939.750
1785205411.681826115,15,274.734375,7955.750
1785205411.681826115,15,276.343750,7959.500
1785205411.681826115,15,277.984375,7971.500
1785205411.681826115,15,279.593750,7922.750
1785205411.681826115,15,282.843750,7420.000
1785205411.681826115,15,284.468750,7454.750
1785205411.681826115,15,286.078125,7542.250
1785205411.681826115,15,287.687500,7645.000
1785205411.681826115,15,290.937500,8094.250
1785205411.681826115,15,292.546875,8204.250
1785205411.681826115,15,294.156250,8321.250
1785205411.681826115,15,295.781250,8460.000
1785205411.681826115,15,297.390625,8597.750
1785205411.681826115,15,299.125000,8663.000
1785205411.681826115,15,300.765625,8787.750
1785205411.681826115,15,302.375000,8975.500
1785205411.681826115,15,304.000000,9107.750
1785205411.681826115,15,305.640625,9285.500
1785205411.681826115,15,307.250000,9536.500
1785205411.681826115,15,308.890625,9738.500
1785205411.681826115,15,310.515625,9905.500
1785205411.681826115,13,312.125000,10119.750
1785205411.681826115,15,326.796875,8600.750
1785205411.681826115,15,328.437500,8491.250
1785205411.681826115,15,330.062500,8313.750
1785205411.681826115,15,333.328125,7828.250
1785205411.681826115,15,334.953125,7737.000
1785205411.681826115,10,338.265625,6124.000
1785205411.681826115,15,339.875000,6208.500
1785205411.681826115,15,346.359375,7191.000
1785205411.681826115,15,347.984375,7152.000
1785205411.793517113,15,351.234375,7151.000
1785205411.793517113,15,161.171875,1220.250
1785205411.793517113,15,162.750000,1240.000
1785205411.793517113,15,164.359375,1240.250
1785205411.793517113,15,184.484375,9309.500
1785205411.793517113,15,228.968750,1909.250
1785205411.793517113,15,236.453125,9066.500
1785205411.793517113,15,238.078125,8945.250
1785205411.793517113,15,239.703125,8801.000
1785205411.793517113,15,241.312500,8672.000
1785205411.793517113,15,242.953125,8519.000
1785205411.793517113,15,244.578125,8366.750
1785205411.793517113,15,246.203125,8253.000
1785205411.793517113,15,247.828125,8158.000
1785205411.793517113,15,249.453125,8102.500
1785205411.793517113,15,252.718750,7787.750
1785205411.793517113,15,257.593750,7723.750
1785205411.793517113,15,259.218750,7670.250
1785205411.793517113,15,260.859375,7583.500
1785205411.793517113,15,262.468750,7486.750
1785205411.793517113,15,265.703125,7838.250
1785205411.793517113,15,267.343750,7943.750
1785205411.793517113,15,268.953125,7953.500
1785205411.793517113,15,270.578125,7951.500
1785205411.793517113,15,272.203125,7947.750
1785205411.793517113,15,273.828125,7945.750
1785205411.793517113,15,275.390625,7957.750
1785205411.793517113,15,277.015625,7997.250
1785205411.793517113,15,278.640625,8031.250
1785205411.793517113,15,280.265625,7927.750
1785205411.793517113,15,283.515625,7508.500
1785205411.793517113,15,285.140625,7583.500
1785205411.793517113,15,286.750000,7675.750
1785205411.793517113,15,289.984375,8114.750
1785205411.793517113,15,291.593750,8168.250
1785205411.793517113,15,293.218750,8257.500
1785205411.793517113,15,294.828125,8424.500
1785205411.793517113,15,296.453125,8547.000
1785205411.793517113,15,298.062500,8623.000
1785205411.793517113,15,299.765625,8702.500
1785205411.793517113,15,301.390625,8842.500
1785205411.793517113,15,303.000000,9008.250
1785205411.793517113,15,304.640625,9181.500
1785205411.793517113,15,306.250000,9430.500
1785205411.793517113,15,307.890625,9638.250
1785205411.793517113,15,309.500000,9818.750
1785205411.793517113,14,311.109375,10039.750
1785205411.793517113,8,317.609375,11808.000
1785205411.793517113,15,327.437500,8591.500
1785205411.793517113,15,329.062500,8426.500
1785205411.793517113,15,332.343750,7906.500
1785205411.793517113,15,333.968750,7763.250
1785205411.793517113,15,340.515625,6282.000
1785205411.793517113,15,345.375000,7247.250
1785205411.793517113,15,347.062500,7188.000
1785205411.793517113,15,348.687500,7153.250
1785205411.908718109,15,142.531250,105.750
1785205411.908718109,15,161.718750,1218.500
1785205411.908718109,15,163.359375,1233.750
1785205411.908718109,15,165.031250,1233.250
1785205411.908718109,15,166.593750,1236.750
1785205411.908718109,15,185.046875,9348.750
1785205411.908718109,15,233.734375,9465.750
1785205411.908718109,15,235.375000,9303.000
1785205411.908718109,15,238.625000,8868.500
1785205411.908718109,15,240.250000,8755.000
1785205411.908718109,15,241.859375,8655.500
1785205411.908718109,15,243.500000,8525.250
1785205411.908718109,15,245.125000,8399.500
1785205411.908718109,15,246.750000,8276.750
1785205411.908718109,15,248.375000,8164.250
1785205411.908718109,15,249.984375,8102.500
1785205411.908718109,15,251.671875,7978.250
1785205411.908718109,15,256.562500,7822.500
1785205411.908718109,15,258.203125,7735.000
1785205411.908718109,15,259.828125,7696.000
1785205411.908718109,15,261.453125,7621.250
1785205411.908718109,15,263.078125,7639.750
1785205411.908718109,15,264.703125,7729.500
1785205411.908718109,15,266.328125,7847.750
1785205411.908718109,15,267.953125,7945.750
1785205411.908718109,15,269.578125,7939.750
1785205411.908718109,15,271.203125,7936.000
1785205411.908718109,15,272.843750,7965.500
1785205411.908718109,15,274.390625,8005.250
1785205411.908718109,15,276.015625,8025.250
1785205411.908718109,15,277.640625,8033.250
1785205411.908718109,15,282.515625,7635.000
1785205411.908718109,15,284.140625,7561.750
1785205411.908718109,15,285.734375,7619.250
1785205411.908718109,15,287.375000,7687.000
1785205411.908718109,15,290.609375,8137.250
1785205411.908718109,15,292.218750,8223.250
1785205411.908718109,15,293.843750,8349.250
1785205411.908718109,15,295.453125,8473.000
1785205411.908718109,15,297.078125,8607.000
1785205411.908718109,15,298.796875,8714.250
1785205411.908718109,15,300.421875,8793.000
1785205411.908718109,15,302.046875,8949.000
1785205411.908718109,15,303.671875,9141.500
1785205411.908718109,15,305.281250,9287.000
1785205411.908718109,15,308.546875,9794.250
1785205411.908718109,12,310.156250,9948.750
1785205411.908718109,14,311.796875,10171.250
1785205411.908718109,15,326.500000,8662.750
1785205411.908718109,15,328.125000,8540.750
1785205411.908718109,15,329.765625,8378.250
1785205411.908718109,15,333.031250,7862.750
1785205411.908718109,15,334.671875,7757.500
1785205411.908718109,14,337.968750,6154.250
1785205411.908718109,15,339.609375,6244.500
1785205411.908718109,15,346.078125,7240.750
1785205411.908718109,15,347.718750,7181.250
1785205412.019738913,15,161.031250,1204.000
1785205412.019738913,15,162.640625,1201.250
1785205412.019738913,15,164.250000,1214.750
1785205412.019738913,15,165.859375,1240.500
1785205412.019738913,15,167.531250,1239.000
1785205412.019738913,8,208.640625,11915.500
1785205412.019738913,15,230.359375,1965.500
1785205412.019738913,15,237.906250,9030.750
1785205412.019738913,15,239.546875,8869.500
1785205412.019738913,15,241.171875,8723.750
1785205412.019738913,15,242.796875,8637.000
1785205412.019738913,15,244.421875,8500.250
1785205412.019738913,15,246.046875,8384.000
1785205412.019738913,15,247.671875,8272.250
1785205412.019738913,15,249.296875,8152.000
1785205412.019738913,15,250.953125,8100.250
1785205412.019738913,15,255.828125,7787.500
1785205412.019738913,15,257.468750,7750.250
1785205412.019738913,15,259.093750,7688.750
1785205412.019738913,15,260.718750,7648.250
1785205412.019738913,15,262.343750,7637.250
1785205412.019738913,15,263.968750,7699.000
1785205412.019738913,15,265.593750,7872.500
1785205412.019738913,15,267.218750,7968.500
1785205412.019738913,15,268.843750,7958.500
1785205412.019738913,15,270.468750,7997.250
1785205412.019738913,15,272.093750,7986.500
1785205412.019738913,15,273.703125,7998.500
1785205412.019738913,15,275.281250,8041.500
1785205412.019738913,15,276.906250,8043.500
1785205412.019738913,15,278.515625,8051.500
1785205412.019738913,15,280.156250,7964.500
1785205412.019738913,15,283.406250,7594.000
1785205412.019738913,15,285.015625,7606.750
1785205412.019738913,15,286.640625,7650.250
1785205412.019738913,15,289.875000,8120.750
1785205412.019738913,15,291.500000,8158.250
1785205412.019738913,15,293.109375,8274.250
1785205412.019738913,15,294.750000,8433.250
1785205412.019738913,15,296.343750,8572.500
1785205412.019738913,15,297.984375,8665.000
1785205412.019738913,15,299.718750,8762.000
1785205412.019738913,15,301.343750,8936.500
1785205412.019738913,15,302.968750,9105.000
1785205412.019738913,15,304.578125,9231.000
1785205412.019738913,13,306.218750,9447.250
1785205412.019738913,15,307.843750,9685.250
1785205412.019738913,15,309.468750,9897.500
1785205412.019738913,12,311.109375,10131.750
1785205412.019738913,15,327.484375,8594.500
1785205412.019738913,15,329.125000,8472.000
1785205412.019738913,15,332.406250,7954.000
1785205412.019738913,15,334.031250,7831.750
1785205412.019738913,15,335.671875,7705.750
1785205412.019738913,15,345.484375,7247.250
1785205412.019738913,15,347.062500,7194.250
1785205412.135314941,15,162.078125,1197.500
1785205412.135314941,15,163.625000,1198.750
1785205412.135314941,15,165.296875,1217.500
1785205412.135314941,15,166.890625,1239.250
1785205412.135314941,15,185.343750,9278.500
1785205412.135314941,8,209.703125,11937.500
1785205412.135314941,15,235.734375,9285.750
1785205412.135314941,15,237.359375,9064.500
1785205412.135314941,15,238.984375,8908.250
1785205412.135314941,15,240.609375,8783.750
1785205412.135314941,15,242.234375,8695.500
1785205412.135314941,15,243.859375,8625.250
1785205412.135314941,15,245.500000,8502.500
1785205412.135314941,15,247.109375,8351.750
1785205412.135314941,15,248.750000,8242.000
1785205412.135314941,15,250.359375,8156.000
1785205412.135314941,15,251.984375,8050.000
1785205412.135314941,15,253.609375,7936.250
1785205412.135314941,15,255.234375,7845.000
1785205412.135314941,15,256.859375,7799.000
1785205412.135314941,15,258.500000,7761.250
1785205412.135314941,15,260.109375,7735.000
1785205412.135314941,15,261.734375,7712.750
1785205412.135314941,15,263.375000,7710.750
1785205412.135314941,15,264.968750,7767.000
1785205412.135314941,15,266.609375,7885.750
1785205412.135314941,15,268.234375,7998.750
1785205412.135314941,15,269.859375,8019.250
1785205412.135314941,15,271.468750,8011.250
1785205412.135314941,15,273.093750,8023.250
1785205412.135314941,15,274.671875,8043.500
1785205412.135314941,15,276.296875,8059.500
1785205412.135314941,15,277.921875,8079.750
1785205412.135314941,15,279.531250,8063.750
1785205412.135314941,15,282.781250,7657.500
1785205412.135314941,15,284.421875,7657.500
1785205412.135314941,15,286.031250,7711.000
1785205412.135314941,15,287.656250,7784.000
1785205412.135314941,15,290.890625,8189.250
1785205412.135314941,15,292.500000,8302.250
1785205412.135314941,15,294.109375,8419.250
1785205412.135314941,15,295.734375,8543.500
1785205412.135314941,15,297.375000,8646.000
1785205412.135314941,15,299.125000,8767.750
1785205412.135314941,15,300.750000,8892.000
1785205412.135314941,15,302.375000,8983.500
1785205412.135314941,15,304.000000,9161.750
1785205412.135314941,15,305.625000,9342.000
1785205412.135314941,15,307.265625,9542.000
1785205412.135314941,10,310.515625,10042.250
1785205412.135314941,15,326.859375,8652.750
1785205412.135314941,15,328.500000,8530.750
1785205412.135314941,15,331.765625,7943.250
1785205412.135314941,15,333.406250,7826.000
1785205412.135314941,15,335.046875,7740.500
1785205412.135314941,15,338.312500,7601.250
1785205412.135314941,15,339.937500,7444.500
1785205412.135314941,15,343.203125,7332.250
1785205412.135314941,15,344.828125,7255.500
1785205412.135314941,15,346.468750,7237.250
1785205412.248945951,15,161.203125,1194.500
1785205412.248945951,13,162.859375,1184.000
1785205412.248945951,15,164.546875,1184.500
1785205412.248945951,15,166.125000,1200.000
1785205412.248945951,15,167.703125,1221.750
1785205412.248945951,15,169.312500,1224.000
1785205412.248945951,15,170.937500,1228.000
1785205412.248945951,15,210.546875,9719.500
1785205412.248945951,15,238.125000,9095.000
1785205412.248945951,15,239.750000,8938.250
1785205412.248945951,15,241.359375,8800.500
1785205412.248945951,15,243.000000,8707.250
1785205412.248945951,15,244.625000,8584.250
1785205412.248945951,15,246.250000,8433.000
1785205412.248945951,15,247.875000,8299.750
1785205412.248945951,15,249.500000,8202.000
1785205412.248945951,15,251.109375,8135.250
1785205412.248945951,15,252.734375,8042.000
1785205412.248945951,15,254.343750,7946.000
1785205412.248945951,15,255.984375,7881.500
1785205412.248945951,15,257.593750,7778.500
1785205412.248945951,15,259.218750,7753.750
1785205412.248945951,15,260.859375,7761.250
1785205412.248945951,15,262.468750,7703.250
1785205412.248945951,15,264.078125,7758.000
1785205412.248945951,15,265.703125,7941.250
1785205412.248945951,15,267.328125,8039.250
1785205412.248945951,15,268.937500,8037.250
1785205412.248945951,15,270.562500,8036.250
1785205412.248945951,15,272.187500,8042.250
1785205412.248945951,15,273.812500,8053.500
1785205412.248945951,15,275.406250,8071.750
1785205412.248945951,15,277.031250,8104.500
1785205412.248945951,15,278.656250,8137.250
1785205412.248945951,15,283.531250,7633.750
1785205412.248945951,15,285.156250,7724.250
1785205412.248945951,15,286.765625,7781.750
1785205412.248945951,15,289.984375,8153.250
1785205412.248945951,15,291.609375,8250.500
1785205412.248945951,15,293.234375,8406.500
1785205412.248945951,15,294.843750,8495.500
1785205412.248945951,15,296.468750,8598.750
1785205412.248945951,15,298.187500,8755.000
1785205412.248945951,15,299.796875,8883.500
1785205412.248945951,15,301.421875,8982.500
1785205412.248945951,14,303.031250,9102.750
1785205412.248945951,15,304.671875,9293.250
1785205412.248945951,15,306.296875,9491.000
1785205412.248945951,15,307.906250,9716.250
1785205412.248945951,13,309.531250,9939.750
1785205412.248945951,13,311.156250,10145.250
1785205412.248945951,9,316.015625,11605.500
1785205412.248945951,15,327.500000,8599.250
1785205412.248945951,15,329.140625,8458.250
1785205412.248945951,15,332.406250,7950.000
1785205412.248945951,15,334.046875,7829.750
1785205412.248945951,15,343.828125,7436.750
1785205412.360368013,15,161.781250,1184.500
1785205412.360368013,15,163.421875,1176.750
1785205412.360368013,15,165.015625,1177.000
1785205412.360368013,15,166.640625,1182.500
1785205412.360368013,15,168.312500,1199.750
1785205412.360368013,15,169.828125,1229.500
1785205412.360368013,13,221.406250,2217.000
1785205412.360368013,15,232.781250,2013.000
1785205412.360368013,15,238.703125,9048.750
1785205412.360368013,15,240.343750,8886.250
1785205412.360368013,15,241.953125,8754.750
1785205412.360368013,15,243.593750,8676.500
1785205412.360368013,15,245.203125,8606.750
1785205412.360368013,15,246.828125,8452.000
1785205412.360368013,15,248.453125,8297.250
1785205412.360368013,15,250.093750,8214.750
1785205412.360368013,13,253.453125,4830.750
1785205412.360368013,15,256.578125,7920.500
1785205412.360368013,15,258.203125,7846.750
1785205412.360368013,15,259.843750,7800.750
1785205412.360368013,15,261.453125,7761.250
1785205412.360368013,15,263.078125,7721.000
1785205412.360368013,15,264.703125,7791.250
1785205412.360368013,15,266.328125,7917.500
1785205412.360368013,15,267.937500,8012.500
1785205412.360368013,15,269.578125,8061.500
1785205412.360368013,15,271.187500,8045.250
1785205412.360368013,15,272.828125,8061.500
1785205412.360368013,15,274.468750,8114.500
1785205412.360368013,15,276.093750,8122.750
1785205412.360368013,15,277.718750,8116.750
1785205412.360368013,15,279.343750,8133.000
1785205412.360368013,15,280.953125,8058.250
1785205412.360368013,15,284.218750,7731.250
1785205412.360368013,15,285.859375,7774.250
1785205412.360368013,15,287.468750,7831.500
1785205412.360368013,15,290.703125,8234.000
1785205412.360368013,15,292.328125,8360.500
1785205412.360368013,15,293.953125,8493.250
1785205412.360368013,15,295.578125,8592.750
1785205412.360368013,15,297.203125,8669.750
1785205412.360368013,15,298.875000,8786.250
1785205412.360368013,15,300.515625,8920.500
1785205412.360368013,15,302.140625,9074.750
1785205412.360368013,15,303.750000,9244.500
1785205412.360368013,14,305.406250,9412.500
1785205412.360368013,15,307.015625,9622.000
1785205412.360368013,15,308.656250,9830.250
1785205412.360368013,15,310.265625,10040.000
1785205412.360368013,8,311.890625,10244.000
1785205412.360368013,15,326.562500,8667.250
1785205412.360368013,15,328.187500,8549.750
1785205412.360368013,15,331.453125,7992.250
1785205412.360368013,15,333.093750,7866.500
1785205412.360368013,15,334.718750,7758.500
1785205412.360368013,15,337.968750,7664.500
1785205412.360368013,15,339.609375,7581.500
1785205412.360368013,15,344.500000,7292.500
1785205412.360368013,14,346.125000,7248.250
1785205412.474511862,15,160.812500,1201.250
1785205412.474511862,15,162.421875,1177.750
1785205412.474511862,15,164.062500,1168.500
1785205412.474511862,15,165.796875,1157.750
1785205412.474511862,15,167.375000,1159.250
1785205412.474511862,15,168.984375,1178.250
1785205412.474511862,15,170.546875,1204.500
1785205412.474511862,13,172.218750,1207.500
1785205412.474511862,15,239.281250,9063.750
1785205412.474511862,15,240.906250,8901.750
1785205412.474511862,15,242.515625,8745.250
1785205412.474511862,15,244.140625,8662.500
1785205412.474511862,15,245.765625,8541.000
1785205412.474511862,15,247.390625,8434.750
1785205412.474511862,15,249.015625,8351.500
1785205412.474511862,15,250.671875,8238.000
1785205412.474511862,15,253.921875,8077.250
1785205412.474511862,15,255.562500,7957.500
1785205412.474511862,15,257.171875,7908.500
1785205412.474511862,15,258.796875,7839.000
1785205412.474511862,15,260.421875,7812.250
1785205412.474511862,15,262.046875,7802.750
1785205412.474511862,15,263.656250,7806.500
1785205412.474511862,15,265.296875,7887.500
1785205412.474511862,15,266.890625,8011.750
1785205412.474511862,15,268.531250,8080.000
1785205412.474511862,15,270.140625,8098.250
1785205412.474511862,15,271.781250,8094.250
1785205412.474511862,15,273.390625,8067.750
1785205412.474511862,15,274.984375,8082.000
1785205412.474511862,15,276.593750,8125.000
1785205412.474511862,15,278.218750,8172.500
1785205412.474511862,15,279.843750,8113.250
1785205412.474511862,15,283.078125,7672.250
1785205412.474511862,15,284.703125,7723.750
1785205412.474511862,15,286.328125,7780.250
1785205412.474511862,15,287.937500,7840.250
1785205412.474511862,15,291.171875,8318.750
1785205412.474511862,15,292.796875,8397.250
1785205412.474511862,15,294.406250,8513.500
1785205412.474511862,15,296.031250,8634.500
1785205412.474511862,15,297.640625,8743.000
1785205412.474511862,15,299.375000,8858.750
1785205412.474511862,15,300.984375,9018.750
1785205412.474511862,15,302.609375,9154.250
1785205412.474511862,15,304.234375,9304.000
1785205412.474511862,15,305.859375,9530.250
1785205412.474511862,15,327.031250,8647.500
1785205412.474511862,15,328.671875,8534.750
1785205412.474511862,15,331.937500,7963.750
1785205412.474511862,15,333.562500,7855.750
1785205412.474511862,15,343.343750,7393.250
1785205412.589788914,15,142.406250,105.000
1785205412.589788914,15,162.843750,1181.000
1785205412.589788914,15,164.484375,1164.500
1785205412.589788914,15,166.171875,1159.000
1785205412.589788914,15,167.750000,1157.750
1785205412.589788914,15,169.359375,1162.250
1785205412.589788914,15,170.968750,1181.000
1785205412.589788914,15,172.609375,1209.250
1785205412.589788914,15,233.703125,2064.750
1785205412.589788914,15,241.234375,8868.500
1785205412.589788914,15,242.859375,8762.000
1785205412.589788914,15,244.484375,8653.250
1785205412.589788914,15,246.109375,8574.500
1785205412.589788914,15,247.718750,8471.000
1785205412.589788914,15,249.343750,8325.750
1785205412.589788914,15,251.031250,8225.000
1785205412.589788914,15,252.656250,8121.500
1785205412.589788914,15,254.296875,8031.250
1785205412.589788914,9,255.906250,7930.250
1785205412.589788914,15,257.546875,7861.500
1785205412.589788914,15,259.171875,7875.500
1785205412.589788914,15,260.781250,7844.750
1785205412.589788914,15,262.406250,7818.000
1785205412.589788914,15,264.031250,7833.750
1785205412.589788914,15,265.656250,7941.000
1785205412.589788914,15,267.281250,8081.500
1785205412.589788914,15,268.890625,8092.250
1785205412.589788914,15,270.515625,8077.750
1785205412.589788914,15,272.156250,8135.250
1785205412.589788914,15,273.765625,8147.750
1785205412.589788914,15,275.359375,8112.000
1785205412.589788914,15,276.984375,8111.500
1785205412.589788914,15,278.593750,8144.500
1785205412.589788914,15,280.234375,8046.250
1785205412.589788914,15,283.468750,7694.250
1785205412.589788914,15,285.093750,7776.500
1785205412.589788914,15,286.718750,7814.500
1785205412.589788914,15,289.937500,8207.250
1785205412.589788914,15,291.562500,8374.500
1785205412.589788914,15,293.187500,8487.000
1785205412.589788914,15,294.796875,8553.250
1785205412.589788914,15,296.421875,8657.250
1785205412.589788914,15,298.046875,8795.750
1785205412.589788914,15,299.734375,8927.500
1785205412.589788914,15,301.343750,9013.000
1785205412.589788914,15,302.984375,9192.500
1785205412.589788914,15,304.609375,9381.750
1785205412.589788914,15,306.234375,9579.250
1785205412.589788914,15,307.859375,9815.500
1785205412.589788914,15,309.468750,10027.250
1785205412.589788914,13,311.093750,10212.000
1785205412.589788914,15,327.453125,8610.000
1785205412.589788914,15,329.078125,8491.750
1785205412.589788914,15,332.343750,7959.750
1785205412.589788914,15,333.968750,7864.250
1785205412.589788914,15,343.765625,7369.000
1785205412.589788914,15,345.390625,7279.000
1785205412.589788914,15,347.062500,7226.250
1785205412.589788914,15,348.687500,7213.000
1785205412.700365067,8,350.312500,7128.750
1785205412.700365067,15,163.390625,1175.000
1785205412.700365067,15,165.062500,1163.250
1785205412.700365067,15,166.687500,1155.750
1785205412.700365067,15,168.359375,1153.250
1785205412.700365067,15,169.906250,1158.250
1785205412.700365067,15,171.515625,1170.750
1785205412.700365067,15,173.109375,1195.000
1785205412.700365067,15,176.421875,1238.000
1785205412.700365067,15,186.687500,9355.500
1785205412.700365067,15,222.781250,2294.500
1785205412.700365067,15,232.578125,2090.500
1785205412.700365067,15,234.234375,2080.000
1785205412.700365067,15,241.796875,8905.500
1785205412.700365067,15,243.421875,8781.500
1785205412.700365067,15,245.046875,8672.000
1785205412.700365067,15,246.671875,8565.750
1785205412.700365067,15,248.296875,8470.250
1785205412.700365067,15,249.921875,8356.500
1785205412.700365067,15,254.828125,7979.250
1785205412.700365067,15,256.453125,7928.750
1785205412.700365067,13,258.093750,7809.750
1785205412.700365067,15,259.703125,7822.750
1785205412.700365067,15,261.343750,7881.500
1785205412.700365067,15,262.953125,7852.500
1785205412.700365067,15,264.578125,7887.250
1785205412.700365067,15,266.203125,8014.500
1785205412.700365067,15,267.812500,8131.250
1785205412.700365067,15,269.453125,8125.000
1785205412.700365067,15,271.078125,8118.750
1785205412.700365067,15,272.687500,8135.250
1785205412.700365067,15,274.265625,8118.750
1785205412.700365067,15,275.875000,8143.500
1785205412.700365067,15,277.484375,8195.500
1785205412.700365067,15,279.109375,8191.250
1785205412.700365067,15,280.750000,8085.000
1785205412.700365067,15,283.984375,7799.250
1785205412.700365067,15,285.593750,7840.750
1785205412.700365067,15,287.218750,7858.250
1785205412.700365067,15,290.453125,8308.250
1785205412.700365067,15,292.062500,8419.500
1785205412.700365067,15,293.687500,8531.250
1785205412.700365067,15,295.296875,8634.500
1785205412.700365067,15,296.906250,8750.250
1785205412.700365067,15,298.625000,8851.250
1785205412.700365067,15,300.250000,8955.250
1785205412.700365067,15,301.875000,9145.250
1785205412.700365067,14,303.500000,9335.500
1785205412.700365067,15,305.125000,9501.750
1785205412.700365067,15,306.734375,9718.000
1785205412.700365067,15,308.359375,9943.500
1785205412.700365067,15,310.000000,10127.750
1785205412.700365067,15,326.375000,8728.750
1785205412.700365067,15,328.000000,8620.750
1785205412.700365067,15,331.281250,8035.500
1785205412.700365067,15,332.906250,7934.500
1785205412.700365067,15,334.546875,7794.000
1785205412.700365067,15,344.343750,7277.000
1785205412.700365067,15,345.968750,7240.750
1785205412.700365067,15,347.578125,7217.750
1785205412.700365067,8,349.203125,7206.500
1785205412.815252066,15,163.937500,1192.250
1785205412.815252066,15,165.640625,1170.750
1785205412.815252066,15,167.250000,1156.250
1785205412.815252066,15,168.906250,1151.500
1785205412.815252066,15,170.484375,1148.500
1785205412.815252066,13,172.078125,1154.500
1785205412.815252066,14,173.750000,1179.750
1785205412.815252066,15,187.250000,9362.750
1785205412.815252066,15,223.375000,2312.000
1785205412.815252066,15,234.796875,2109.750
1785205412.815252066,15,240.765625,8977.000
1785205412.815252066,15,242.390625,8868.500
1785205412.815252066,15,244.015625,8723.250
1785205412.815252066,15,245.625000,8631.000
1785205412.815252066,15,247.265625,8565.750
1785205412.815252066,15,248.875000,8472.750
1785205412.815252066,15,250.484375,8380.000
1785205412.815252066,15,252.109375,8265.500
1785205412.815252066,15,253.734375,8125.750
1785205412.815252066,15,255.359375,8005.500
1785205412.815252066,15,256.984375,7949.750
1785205412.815252066,15,258.593750,7928.000
1785205412.815252066,15,260.218750,7893.250
1785205412.815252066,15,261.843750,7867.750
1785205412.815252066,15,263.468750,7850.500
1785205412.815252066,15,265.078125,7853.750
1785205412.815252066,15,268.312500,8170.500
1785205412.815252066,15,269.937500,8174.750
1785205412.815252066,15,271.562500,8166.250
1785205412.815252066,15,273.171875,8143.500
1785205412.815252066,15,274.796875,8158.000
1785205412.815252066,15,276.406250,8166.250
1785205412.815252066,15,278.031250,8176.750
1785205412.815252066,15,284.515625,7825.750
1785205412.815252066,15,286.140625,7902.750
1785205412.815252066,15,287.765625,7955.000
1785205412.815252066,15,290.984375,8400.000
1785205412.815252066,15,292.609375,8495.000
1785205412.815252066,15,294.218750,8598.250
1785205412.815252066,15,295.828125,8731.000
1785205412.815252066,15,297.453125,8814.750
1785205412.815252066,15,299.187500,8872.000
1785205412.815252066,15,300.812500,9018.000
1785205412.815252066,15,302.437500,9212.250
1785205412.815252066,15,304.062500,9368.500
1785205412.815252066,15,305.671875,9573.250
1785205412.815252066,15,326.875000,8662.250
1785205412.815252066,15,328.500000,8543.500
1785205412.815252066,15,331.765625,7992.500
1785205412.815252066,15,333.390625,7907.000
1785205412.815252066,10,343.171875,7516.500
1785205412.929807901,15,162.578125,1239.000
1785205412.929807901,15,165.984375,1168.250
1785205412.929807901,15,167.578125,1154.000
1785205412.929807901,15,169.171875,1151.500
1785205412.929807901,15,170.796875,1149.000
1785205412.929807901,15,172.437500,1151.750
1785205412.929807901,15,178.875000,1208.000
1785205412.929807901,15,187.593750,9351.500
1785205412.929807901,15,223.781250,2338.000
1785205412.929807901,15,225.406250,2281.500
1785205412.929807901,15,242.812500,8888.750
1785205412.929807901,15,244.421875,8754.750
1785205412.929807901,15,246.078125,8681.250
1785205412.929807901,15,247.703125,8586.250
1785205412.929807901,15,249.296875,8479.500
1785205412.929807901,15,250.906250,8406.000
1785205412.929807901,15,257.390625,8003.250
1785205412.929807901,15,262.265625,7879.500
1785205412.929807901,15,263.875000,7866.000
1785205412.929807901,15,265.515625,7928.500
1785205412.929807901,15,267.125000,8078.750
1785205412.929807901,15,268.750000,8183.000
1785205412.929807901,15,270.359375,8170.500
1785205412.929807901,15,271.984375,8158.000
1785205412.929807901,15,273.609375,8176.750
1785205412.929807901,15,275.187500,8191.250
1785205412.929807901,15,276.796875,8206.000
1785205412.929807901,15,278.421875,8244.000
1785205412.929807901,15,280.031250,8208.500
1785205412.929807901,15,283.281250,7821.750
1785205412.929807901,15,284.890625,7835.250
1785205412.929807901,15,286.500000,7866.000
1785205412.929807901,15,289.734375,8334.500
1785205412.929807901,15,291.359375,8459.500
1785205412.929807901,15,292.968750,8549.500
1785205412.929807901,15,294.593750,8627.500
1785205412.929807901,15,296.203125,8726.250
1785205412.929807901,15,297.812500,8869.000
1785205412.929807901,15,299.578125,9013.250
1785205412.929807901,15,301.203125,9131.000
1785205412.929807901,15,302.828125,9260.250
1785205412.929807901,15,304.453125,9446.250
1785205412.929807901,15,306.078125,9677.000
1785205412.929807901,15,307.703125,9860.250
1785205412.929807901,8,315.812500,11863.750
1785205412.929807901,15,325.625000,8832.750
1785205412.929807901,15,327.265625,8676.750
1785205412.929807901,15,328.890625,8552.000
1785205412.929807901,15,332.171875,8025.500
1785205412.929807901,15,333.781250,7866.500
1785205412.929807901,15,337.062500,7709.750
1785205412.929807901,15,338.687500,7612.000
1785205412.929807901,15,341.937500,7484.000
1785205412.929807901,15,343.578125,7387.500
1785205413.040572882,15,164.812500,1236.000
1785205413.040572882,15,168.125000,1176.250
1785205413.040572882,15,169.671875,1164.250
1785205413.040572882,15,171.312500,1159.250
1785205413.040572882,13,172.984375,1160.500
1785205413.040572882,15,174.546875,1170.250
1785205413.040572882,14,176.171875,1191.750
1785205413.040572882,15,241.656250,9041.250
1785205413.040572882,15,243.296875,8881.250
1785205413.040572882,15,244.906250,8761.750
1785205413.040572882,15,246.531250,8688.500
1785205413.040572882,15,248.156250,8602.250
1785205413.040572882,15,249.781250,8542.500
1785205413.040572882,15,251.421875,8433.500
1785205413.040572882,15,257.906250,8035.500
1785205413.040572882,15,259.531250,7969.500
1785205413.040572882,15,261.156250,7914.500
1785205413.040572882,15,262.781250,7879.250
1785205413.040572882,15,264.390625,7924.500
1785205413.040572882,15,266.000000,8027.750
1785205413.040572882,15,267.625000,8125.250
1785205413.040572882,15,269.250000,8170.500
1785205413.040572882,15,270.875000,8183.000
1785205413.040572882,15,272.500000,8233.500
1785205413.040572882,15,274.125000,8219.000
1785205413.040572882,15,275.734375,8202.000
1785205413.040572882,15,277.359375,8252.500
1785205413.040572882,15,278.984375,8265.250
1785205413.040572882,15,280.609375,8167.500
1785205413.040572882,15,283.843750,7827.500
1785205413.040572882,15,285.484375,7887.500
1785205413.040572882,15,287.093750,7955.750
1785205413.040572882,15,290.328125,8355.750
1785205413.040572882,15,291.937500,8453.000
1785205413.040572882,15,293.562500,8602.750
1785205413.040572882,15,295.187500,8707.000
1785205413.040572882,15,296.796875,8815.500
1785205413.040572882,15,298.500000,8932.500
1785205413.040572882,15,300.140625,9020.750
1785205413.040572882,14,301.750000,9152.000
1785205413.040572882,15,303.390625,9315.750
1785205413.040572882,15,305.000000,9511.000
1785205413.040572882,15,306.625000,9733.250
1785205413.040572882,15,308.250000,9951.000
1785205413.040572882,9,311.500000,10493.000
1785205413.040572882,15,326.109375,8733.250
1785205413.040572882,15,327.750000,8634.750
1785205413.040572882,15,331.000000,8067.750
1785205413.040572882,15,332.625000,7962.250
1785205413.040572882,14,334.250000,7802.500
1785205413.156151056,8,13.328125,5628.750
1785205413.156151056,9,14.953125,5601.250
1785205413.156151056,15,170.062500,1171.000
1785205413.156151056,15,171.671875,1158.000
1785205413.156151056,15,173.250000,1155.750
1785205413.156151056,14,174.953125,1156.250
1785205413.156151056,11,176.515625,1169.750
1785205413.156151056,7,206.203125,11776.500
1785205413.156151056,8,207.812500,11911.250
1785205413.156151056,15,241.875000,9071.500
1785205413.156151056,15,243.500000,8985.250
1785205413.156151056,15,245.125000,8856.750
1785205413.156151056,15,246.750000,8719.000
1785205413.156151056,15,248.359375,8602.500
1785205413.156151056,15,249.984375,8462.000
1785205413.156151056,15,251.640625,8334.250
1785205413.156151056,15,254.890625,8176.000
1785205413.156151056,15,256.515625,8049.500
1785205413.156151056,15,258.140625,8009.250
1785205413.156151056,15,259.765625,7959.000
1785205413.156151056,15,261.390625,7937.250
1785205413.156151056,15,263.000000,7906.250
1785205413.156151056,15,264.625000,7936.000
1785205413.156151056,15,266.250000,8126.750
1785205413.156151056,15,267.875000,8235.500
1785205413.156151056,15,269.484375,8203.750
1785205413.156151056,15,271.109375,8167.250
1785205413.156151056,15,272.718750,8194.750
1785205413.156151056,15,274.359375,8233.250
1785205413.156151056,15,275.984375,8239.750
1785205413.156151056,15,277.593750,8236.000
1785205413.156151056,15,279.218750,8253.000
1785205413.156151056,15,280.859375,8206.750
1785205413.156151056,15,282.468750,8012.750
1785205413.156151056,15,284.093750,7877.000
1785205413.156151056,15,285.718750,7906.500
1785205413.156151056,15,287.343750,7967.500
1785205413.156151056,15,290.578125,8446.250
1785205413.156151056,15,292.203125,8572.500
1785205413.156151056,15,293.828125,8662.250
1785205413.156151056,15,295.421875,8767.250
1785205413.156151056,15,297.046875,8883.000
1785205413.156151056,15,298.718750,8975.250
1785205413.156151056,15,300.328125,9121.000
1785205413.156151056,15,301.953125,9311.750
1785205413.156151056,15,303.578125,9453.500
1785205413.156151056,15,305.187500,9601.500
1785205413.156151056,15,306.812500,9843.500
1785205413.156151056,13,326.406250,8725.250
1785205413.156151056,15,331.312500,8007.000
1785205413.156151056,15,332.937500,7924.500
1785205413.156151056,8,342.718750,7635.750
1785205413.269927025,8,10.296875,5537.000
1785205413.269927025,11,171.796875,1181.250
1785205413.269927025,15,173.515625,1174.500
1785205413.269927025,11,175.078125,1172.250
1785205413.269927025,15,176.703125,1169.750
1785205413.269927025,15,240.484375,9196.500
1785205413.269927025,15,242.109375,9074.250
1785205413.269927025,15,243.734375,8943.000
1785205413.269927025,15,245.343750,8803.000
1785205413.269927025,15,246.968750,8690.750
1785205413.269927025,15,248.593750,8622.750
1785205413.269927025,15,250.265625,8556.250
1785205413.269927025,15,251.875000,8531.000
1785205413.269927025,15,255.125000,8127.250
1785205413.269927025,15,256.750000,8067.750
1785205413.269927025,15,261.609375,7959.500
1785205413.269927025,15,263.234375,7928.250
1785205413.269927025,15,264.859375,7960.000
1785205413.269927025,15,268.093750,8254.500
1785205413.269927025,15,269.703125,8233.250
1785205413.269927025,15,271.328125,8227.000
1785205413.269927025,15,272.937500,8233.500
1785205413.269927025,15,274.593750,8273.750
1785205413.269927025,15,276.203125,8273.750
1785205413.269927025,15,277.828125,8286.750
1785205413.269927025,15,279.453125,8336.000
1785205413.269927025,15,281.078125,8247.250
1785205413.269927025,15,284.328125,7906.500
1785205413.269927025,15,285.953125,7951.750
1785205413.269927025,15,287.562500,8015.250
1785205413.269927025,15,290.812500,8526.750
1785205413.269927025,15,292.406250,8606.750
1785205413.269927025,15,294.031250,8681.250
1785205413.269927025,15,295.656250,8801.000
1785205413.269927025,15,297.281250,8912.750
1785205413.269927025,15,298.953125,9005.500
1785205413.269927025,15,300.578125,9152.250
1785205413.269927025,15,302.203125,9316.750
1785205413.269927025,15,303.828125,9453.500
1785205413.269927025,15,305.453125,9660.250
1785205413.382373810,13,168.859375,1226.500
1785205413.382373810,15,172.203125,1163.250
1785205413.382373810,15,173.796875,1149.250
1785205413.382373810,15,175.421875,1147.750
1785205413.382373810,15,177.031250,1151.500
1785205413.382373810,15,178.640625,1160.750
1785205413.382373810,15,244.046875,8952.500
1785205413.382373810,15,245.671875,8837.250
1785205413.382373810,15,247.281250,8714.250
1785205413.382373810,15,248.906250,8643.750
1785205413.382373810,15,250.578125,8532.000
1785205413.382373810,15,255.453125,8085.500
1785205413.382373810,15,257.078125,8098.250
1785205413.382373810,14,258.703125,8010.500
1785205413.382373810,15,260.328125,7958.250
1785205413.382373810,15,261.968750,7969.500
1785205413.382373810,15,263.578125,7949.750
1785205413.382373810,15,265.203125,7989.750
1785205413.382373810,15,268.453125,8303.500
1785205413.382373810,15,270.062500,8252.000
1785205413.382373810,15,271.703125,8239.250
1785205413.382373810,15,273.312500,8273.750
1785205413.382373810,15,274.875000,8286.500
1785205413.382373810,15,276.484375,8334.000
1785205413.382373810,15,278.109375,8386.000
1785205413.382373810,9,279.718750,8399.250
1785205413.382373810,15,284.578125,7936.000
1785205413.382373810,15,286.203125,7945.250
1785205413.382373810,15,287.812500,7970.000
1785205413.382373810,15,291.046875,8584.250
1785205413.382373810,15,292.656250,8650.750
1785205413.382373810,15,294.281250,8731.500
1785205413.382373810,15,295.906250,8856.000
1785205413.382373810,15,297.515625,8960.250
1785205413.382373810,15,299.234375,9066.250
1785205413.382373810,15,300.859375,9221.250
1785205413.382373810,15,302.468750,9362.250
1785205413.382373810,15,304.093750,9490.750
1785205413.382373810,15,305.718750,9727.250
1785205413.382373810,13,307.343750,9952.250
1785205413.382373810,15,325.312500,8876.250
1785205413.382373810,15,326.921875,8706.250
1785205413.382373810,15,331.843750,8005.000
1785205413.382373810,15,333.468750,7905.250
1785205413.382373810,9,341.625000,7614.250
1785205413.496858120,8,9.375000,5550.500
1785205413.496858120,12,10.921875,5533.250
1785205413.496858120,8,12.531250,5502.750
1785205413.496858120,8,14.156250,5479.250
1785205413.496858120,8,17.406250,5494.250
1785205413.496858120,9,19.031250,5544.250
1785205413.496858120,8,20.671875,5564.500
1785205413.496858120,15,174.281250,1171.750
1785205413.496858120,15,175.859375,1156.750
1785205413.496858120,15,177.546875,1156.500
1785205413.496858120,15,179.140625,1164.250
1785205413.496858120,11,180.656250,1181.750
1785205413.496858120,15,236.843750,2265.750
1785205413.496858120,15,244.453125,8968.500
1785205413.496858120,15,246.078125,8803.000
1785205413.496858120,15,247.703125,8711.750
1785205413.496858120,15,249.312500,8664.750
1785205413.496858120,15,251.000000,8566.000
1785205413.496858120,15,255.875000,8110.000
1785205413.496858120,15,257.500000,8046.250
1785205413.496858120,15,259.109375,8049.500
1785205413.496858120,15,260.734375,8035.250
1785205413.496858120,15,262.375000,8013.250
1785205413.496858120,15,264.000000,8007.250
1785205413.496858120,15,265.625000,8029.250
1785205413.496858120,15,268.859375,8333.750
1785205413.496858120,15,270.484375,8340.250
1785205413.496858120,15,272.109375,8333.750
1785205413.496858120,15,273.718750,8325.250
1785205413.496858120,15,275.281250,8267.000
1785205413.496858120,15,276.890625,8310.750
1785205413.496858120,15,278.515625,8441.500
1785205413.496858120,15,280.140625,8353.000
1785205413.496858120,15,283.375000,7934.000
1785205413.496858120,15,285.000000,7971.750
1785205413.496858120,15,286.625000,8025.250
1785205413.496858120,15,289.843750,8517.500
1785205413.496858120,15,291.453125,8604.750
1785205413.496858120,15,293.078125,8716.750
1785205413.496858120,15,294.703125,8793.000
1785205413.496858120,15,296.312500,8881.000
1785205413.496858120,15,297.937500,8995.500
1785205413.496858120,12,299.625000,9105.000
1785205413.496858120,15,301.250000,9274.500
1785205413.496858120,15,302.859375,9490.750
1785205413.496858120,14,304.484375,9688.250
1785205413.496858120,15,306.109375,9866.500
1785205413.496858120,15,307.734375,10061.750
1785205413.496858120,7,310.968750,10609.500
1785205413.496858120,9,330.640625,8098.000
1785205413.496858120,10,332.281250,7961.750
1785205413.607397079,15,176.250000,1145.000
1785205413.607397079,15,177.906250,1139.000
1785205413.607397079,15,179.437500,1140.000
1785205413.607397079,15,181.046875,1140.750
1785205413.607397079,15,244.781250,8957.500
1785205413.607397079,15,246.406250,8847.000
1785205413.607397079,15,248.031250,8726.000
1785205413.607397079,15,249.656250,8650.750
1785205413.607397079,15,251.265625,8586.000
1785205413.607397079,15,252.906250,8538.000
1785205413.607397079,15,256.140625,8151.750
1785205413.607397079,15,257.765625,8104.500
1785205413.607397079,15,259.390625,8075.750
1785205413.607397079,15,261.015625,8049.500
1785205413.607397079,15,262.625000,8035.250
1785205413.607397079,15,264.250000,8031.250
1785205413.607397079,15,265.875000,8061.750
1785205413.607397079,15,267.500000,8198.500
1785205413.607397079,15,269.109375,8295.000
1785205413.607397079,15,270.734375,8316.500
1785205413.607397079,15,272.359375,8329.500
1785205413.607397079,15,273.984375,8338.250
1785205413.607397079,15,275.531250,8368.500
1785205413.607397079,15,277.140625,8395.000
1785205413.607397079,15,278.765625,8419.250
1785205413.607397079,15,282.000000,8036.250
1785205413.607397079,15,283.609375,7961.500
1785205413.607397079,15,285.250000,7995.250
1785205413.607397079,15,286.843750,8029.250
1785205413.607397079,15,290.078125,8549.500
1785205413.607397079,15,291.687500,8632.250
1785205413.607397079,15,293.296875,8705.000
1785205413.607397079,15,294.921875,8827.500
1785205413.607397079,15,296.531250,8960.250
1785205413.607397079,15,298.296875,9061.250
1785205413.607397079,15,299.921875,9205.000
1785205413.607397079,15,301.546875,9346.250
1785205413.607397079,14,303.171875,9448.000
1785205413.607397079,15,306.421875,9961.500
1785205413.607397079,12,325.984375,8737.000
1785205413.607397079,15,330.875000,8112.750
1785205413.607397079,10,332.515625,7986.500
1785205413.722009182,9,13.125000,5605.250
1785205413.722009182,15,142.609375,102.500
1785205413.722009182,9,172.953125,1245.750
1785205413.722009182,15,177.953125,1148.750
1785205413.722009182,15,179.546875,1149.750
1785205413.722009182,12,181.187500,1154.000
1785205413.722009182,15,182.765625,1157.750
1785205413.722009182,10,227.546875,2508.750
1785205413.722009182,15,244.984375,9030.500
1785205413.722009182,15,246.609375,8906.000
1785205413.722009182,15,248.234375,8774.000
1785205413.722009182,15,249.859375,8690.750
1785205413.722009182,15,251.468750,8625.250
1785205413.722009182,15,253.093750,8554.000
1785205413.722009182,15,256.343750,8149.500
1785205413.722009182,15,257.953125,8124.750
1785205413.722009182,15,259.593750,8084.000
1785205413.722009182,15,261.203125,8057.500
1785205413.722009182,15,262.828125,8041.250
1785205413.722009182,15,264.453125,8004.750
1785205413.722009182,15,266.062500,8034.500
1785205413.722009182,15,269.296875,8401.750
1785205413.722009182,15,270.921875,8360.000
1785205413.722009182,15,272.531250,8368.750
1785205413.722009182,15,274.156250,8381.750
1785205413.722009182,15,275.765625,8366.500
1785205413.722009182,15,277.375000,8381.750
1785205413.722009182,15,279.000000,8434.750
1785205413.722009182,15,282.234375,8087.500
1785205413.722009182,15,283.875000,8001.250
1785205413.722009182,15,285.468750,8033.250
1785205413.722009182,15,287.093750,8069.750
1785205413.722009182,15,290.328125,8597.500
1785205413.722009182,15,291.937500,8667.000
1785205413.722009182,15,293.562500,8735.750
1785205413.722009182,15,295.171875,8866.750
1785205413.722009182,15,296.781250,9020.750
1785205413.722009182,15,298.546875,9133.500
1785205413.722009182,15,300.187500,9249.500
1785205413.722009182,15,301.812500,9351.500
1785205413.722009182,15,303.437500,9531.250
1785205413.722009182,15,305.062500,9758.500
1785205413.722009182,15,306.687500,9975.000
1785205413.836581230,8,19.968750,5627.750
1785205413.836581230,12,178.406250,1165.500
1785205413.836581230,15,180.078125,1157.000
1785205413.836581230,15,181.671875,1156.750
1785205413.836581230,8,183.250000,1168.750
1785205413.836581230,12,184.859375,1195.750
1785205413.836581230,15,242.234375,9280.000
1785205413.836581230,15,243.859375,9097.250
1785205413.836581230,15,245.468750,8995.250
1785205413.836581230,15,247.109375,8883.500
1785205413.836581230,15,248.734375,8762.000
1785205413.836581230,15,250.359375,8679.000
1785205413.836581230,15,251.984375,8609.000
1785205413.836581230,15,258.468750,8139.500
1785205413.836581230,15,260.093750,8104.500
1785205413.836581230,15,261.718750,8069.750
1785205413.836581230,15,263.343750,8039.250
1785205413.836581230,15,264.968750,8103.000
1785205413.836581230,15,266.578125,8191.250
1785205413.836581230,15,268.203125,8291.750
1785205413.836581230,15,269.828125,8362.000
1785205413.836581230,15,271.437500,8375.250
1785205413.836581230,15,273.062500,8448.250
1785205413.836581230,15,274.656250,8452.500
1785205413.836581230,15,276.281250,8414.750
1785205413.836581230,15,277.906250,8445.750
1785205413.836581230,15,279.515625,8499.500
1785205413.836581230,15,284.375000,8019.250
1785205413.836581230,15,286.015625,8065.750
1785205413.836581230,15,287.640625,8110.500
1785205413.836581230,15,290.843750,8667.500
1785205413.836581230,15,292.468750,8733.250
1785205413.836581230,15,294.093750,8790.750
1785205413.836581230,15,295.718750,8866.500
1785205413.836581230,15,297.312500,9004.500
1785205413.836581230,15,299.093750,9157.000
1785205413.836581230,15,300.718750,9298.250
1785205413.836581230,15,302.359375,9409.000
1785205413.836581230,15,305.593750,9849.000
1785205413.836581230,14,307.218750,10081.000
1785205413.836581230,15,325.125000,8884.250
1785205413.836581230,12,326.765625,8693.750
1785205413.836581230,15,330.031250,8140.500
1785205413.836581230,15,331.671875,8010.250
1785205413.948353052,8,5.906250,5555.250
1785205413.948353052,14,7.531250,5534.250
1785205413.948353052,7,9.156250,5544.750
1785205413.948353052,8,10.796875,5572.500
1785205413.948353052,9,12.406250,5558.000
1785205413.948353052,7,14.031250,5552.250
1785205413.948353052,7,15.656250,5568.500
1785205413.948353052,7,18.906250,5565.500
1785205413.948353052,8,168.187500,10178.750
1785205413.948353052,11,177.390625,1219.250
1785205413.948353052,10,180.718750,1159.750
1785205413.948353052,15,182.296875,1157.250
1785205413.948353052,8,185.609375,1155.250
1785205413.948353052,15,215.328125,9481.250
1785205413.948353052,15,244.468750,9118.250
1785205413.948353052,15,246.078125,9002.750
1785205413.948353052,15,247.703125,8886.000
1785205413.948353052,15,249.328125,8776.250
1785205413.948353052,15,250.984375,8693.250
1785205413.948353052,15,252.609375,8595.500
1785205413.948353052,15,257.484375,8187.250
1785205413.948353052,15,262.343750,8063.750
1785205413.948353052,15,263.968750,8049.500
1785205413.948353052,15,265.593750,8117.250
1785205413.948353052,15,268.812500,8432.500
1785205413.948353052,15,270.453125,8448.250
1785205413.948353052,15,272.062500,8463.750
1785205413.948353052,15,273.687500,8445.750
1785205413.948353052,15,275.328125,8432.500
1785205413.948353052,15,276.953125,8452.500
1785205413.948353052,15,278.578125,8531.250
1785205413.948353052,15,280.218750,8456.000
1785205413.948353052,15,283.453125,7997.250
1785205413.948353052,15,285.078125,8047.500
1785205413.948353052,15,286.687500,8082.000
1785205413.948353052,15,289.937500,8632.250
1785205413.948353052,15,291.546875,8693.250
1785205413.948353052,15,293.171875,8773.750
1785205413.948353052,15,294.796875,8898.500
1785205413.948353052,15,296.406250,9006.500
1785205413.948353052,15,298.031250,9112.000
1785205413.948353052,15,299.734375,9260.000
1785205413.948353052,15,301.343750,9361.750
1785205413.948353052,14,302.968750,9486.750
1785205413.948353052,15,306.218750,9936.000
1785205413.948353052,13,307.843750,10080.750
1785205414.062777042,9,13.125000,5638.750
1785205414.062777042,7,14.734375,5611.000
1785205414.062777042,10,19.640625,5588.000
1785205414.062777042,10,183.109375,1182.500
1785205414.062777042,15,186.312500,1186.750
1785205414.062777042,15,243.687500,9141.500
1785205414.062777042,15,245.296875,9048.250
1785205414.062777042,15,246.921875,8980.000
1785205414.062777042,15,248.562500,8868.750
1785205414.062777042,15,250.203125,8740.500
1785205414.062777042,15,251.796875,8624.750
1785205414.062777042,15,253.437500,8601.500
1785205414.062777042,15,256.687500,8261.250
1785205414.062777042,15,258.296875,8178.750
1785205414.062777042,15,259.921875,8151.750
1785205414.062777042,15,261.562500,8160.000
1785205414.062777042,15,263.171875,8135.250
1785205414.062777042,15,264.796875,8156.250
1785205414.062777042,15,266.421875,8210.250
1785205414.062777042,15,268.046875,8315.750
1785205414.062777042,15,269.656250,8428.000
1785205414.062777042,15,271.281250,8421.250
1785205414.062777042,15,272.906250,8445.750
1785205414.062777042,15,274.500000,8461.250
1785205414.062777042,15,276.125000,8454.500
1785205414.062777042,15,277.734375,8533.750
1785205414.062777042,15,279.375000,8627.500
1785205414.062777042,15,282.609375,8178.500
1785205414.062777042,15,284.234375,8061.500
1785205414.062777042,15,285.875000,8086.000
1785205414.062777042,15,287.468750,8129.000
1785205414.062777042,15,290.703125,8634.750
1785205414.062777042,15,292.312500,8747.750
1785205414.062777042,15,293.937500,8866.250
1785205414.062777042,15,295.562500,9018.500
1785205414.062777042,15,297.187500,9157.000
1785205414.062777042,15,298.890625,9243.750
1785205414.062777042,15,300.515625,9363.000
1785205414.062777042,15,302.140625,9561.500
1785205414.062777042,15,303.765625,9755.500
1785205414.062777042,15,305.375000,9909.000
1785205414.177674055,14,10.671875,5572.750
1785205414.177674055,9,17.156250,5591.500
1785205414.177674055,7,171.296875,10111.500
1785205414.177674055,9,172.921875,10089.500
1785205414.177674055,12,185.359375,1160.500
1785205414.177674055,10,187.031250,1177.500
1785205414.177674055,7,218.390625,9701.750
1785205414.177674055,15,239.937500,2423.500
1785205414.177674055,15,246.031250,9015.500
1785205414.177674055,15,247.656250,8927.750
1785205414.177674055,15,249.281250,8813.000
1785205414.177674055,15,250.921875,8697.750
1785205414.177674055,15,252.546875,8646.000
1785205414.177674055,15,254.187500,8523.500
1785205414.177674055,15,260.687500,8158.000
1785205414.177674055,15,262.312500,8151.750
1785205414.177674055,15,263.937500,8133.250
1785205414.177674055,15,265.562500,8155.500
1785205414.177674055,15,268.796875,8479.750
1785205414.177674055,15,270.421875,8487.000
1785205414.177674055,15,272.046875,8458.000
1785205414.177674055,15,273.687500,8450.250
1785205414.177674055,15,275.218750,8499.500
1785205414.177674055,15,276.843750,8554.000
1785205414.177674055,15,278.453125,8602.000
1785205414.177674055,15,280.093750,8547.750
1785205414.177674055,15,283.328125,8057.750
1785205414.177674055,15,284.953125,8088.000
1785205414.177674055,15,286.562500,8127.000
1785205414.177674055,15,289.812500,8674.000
1785205414.177674055,15,291.421875,8735.750
1785205414.177674055,15,293.046875,8851.500
1785205414.177674055,15,294.656250,8967.500
1785205414.177674055,15,296.265625,9061.250
1785205414.177674055,14,297.890625,9197.000
1785205414.177674055,15,299.593750,9310.000
1785205414.177674055,15,301.218750,9375.500
1785205414.177674055,15,304.484375,9833.000
1785205414.177674055,15,306.093750,9992.500
1785205414.289392233,10,184.484375,1162.750
1785205414.289392233,15,186.093750,1156.250
1785205414.289392233,13,187.640625,1157.500
1785205414.289392233,15,189.328125,1169.500
1785205414.289392233,15,190.921875,1195.750
1785205414.289392233,15,245.031250,9180.250
1785205414.289392233,15,246.656250,9082.250
1785205414.289392233,15,248.281250,8955.250
1785205414.289392233,15,249.906250,8834.500
1785205414.289392233,15,251.609375,8745.000
1785205414.289392233,9,253.234375,8608.250
1785205414.289392233,15,256.500000,8417.500
1785205414.289392233,15,258.125000,8284.750
1785205414.289392233,15,259.750000,8208.000
1785205414.289392233,15,261.375000,8172.500
1785205414.289392233,15,263.000000,8156.000
1785205414.289392233,15,264.640625,8149.750
1785205414.289392233,15,266.265625,8194.250
1785205414.289392233,15,267.890625,8362.000
1785205414.289392233,15,269.515625,8483.750
1785205414.289392233,15,271.140625,8461.500
1785205414.289392233,15,272.765625,8484.000
1785205414.289392233,15,274.296875,8542.500
1785205414.289392233,15,275.921875,8576.750
1785205414.289392233,15,277.546875,8588.250
1785205414.289392233,15,279.140625,8599.750
1785205414.289392233,15,284.031250,8082.000
1785205414.289392233,15,285.656250,8120.750
1785205414.289392233,15,287.265625,8153.750
1785205414.289392233,15,290.500000,8735.500
1785205414.289392233,15,292.109375,8817.250
1785205414.289392233,15,293.734375,8920.500
1785205414.289392233,15,295.359375,9036.000
1785205414.289392233,15,296.984375,9123.000
1785205414.289392233,15,298.656250,9242.000
1785205414.289392233,15,300.281250,9365.250
1785205414.289392233,15,301.906250,9545.500
1785205414.289392233,15,303.515625,9761.500
1785205414.289392233,15,305.140625,9927.750
1785205414.403866768,10,10.281250,5564.750
1785205414.403866768,9,11.890625,5570.750
1785205414.403866768,9,13.515625,5561.000
1785205414.403866768,10,15.140625,5562.000
1785205414.403866768,8,16.781250,5557.000
1785205414.403866768,9,18.375000,5547.500
1785205414.403866768,7,20.000000,5576.000
1785205414.403866768,9,174.156250,10191.750
1785205414.403866768,10,186.578125,1173.250
1785205414.403866768,12,188.203125,1170.750
1785205414.403866768,11,189.828125,1176.750
1785205414.403866768,15,191.484375,1189.500
1785205414.403866768,15,231.375000,2589.750
1785205414.403866768,15,241.140625,2445.500
1785205414.403866768,15,248.828125,8925.500
1785205414.403866768,15,250.437500,8831.750
1785205414.403866768,15,252.062500,8757.250
1785205414.403866768,15,253.687500,8690.500
1785205414.403866768,15,256.937500,8314.500
1785205414.403866768,15,258.562500,8299.500
1785205414.403866768,15,260.187500,8246.000
1785205414.403866768,15,261.796875,8195.500
1785205414.403866768,15,263.437500,8155.750
1785205414.403866768,13,265.046875,8208.500
1785205414.403866768,15,266.656250,8247.250
1785205414.403866768,15,269.906250,8524.250
1785205414.403866768,15,271.531250,8549.250
1785205414.403866768,15,273.156250,8560.500
1785205414.403866768,15,274.734375,8556.000
1785205414.403866768,15,276.343750,8602.250
1785205414.403866768,15,277.984375,8643.750
1785205414.403866768,15,279.593750,8667.000
1785205414.403866768,15,284.468750,8106.500
1785205414.403866768,15,286.078125,8154.000
1785205414.403866768,15,287.703125,8214.500
1785205414.403866768,15,290.937500,8771.500
1785205414.403866768,15,292.546875,8853.750
1785205414.403866768,15,294.171875,8937.500
1785205414.403866768,15,295.781250,9028.250
1785205414.403866768,15,297.406250,9160.250
1785205414.403866768,15,299.156250,9311.250
1785205414.403866768,15,300.796875,9391.000
1785205414.403866768,15,304.046875,9834.000
1785205414.403866768,15,305.671875,10029.750
1785205414.518232107,15,183.765625,1214.750
1785205414.518232107,10,188.671875,1154.000
1785205414.518232107,10,190.265625,1164.500
1785205414.518232107,13,191.843750,1178.000
1785205414.518232107,15,241.515625,2480.500
1785205414.518232107,15,247.593750,9094.500
1785205414.518232107,15,249.218750,8968.000
1785205414.518232107,15,250.828125,8848.750
1785205414.518232107,15,252.437500,8769.000
1785205414.518232107,15,258.921875,8258.750
1785205414.518232107,15,263.796875,8152.250
1785205414.518232107,15,265.406250,8220.000
1785205414.518232107,15,267.031250,8436.500
1785205414.518232107,15,268.640625,8581.250
1785205414.518232107,15,270.265625,8590.500
1785205414.518232107,15,271.890625,8585.750
1785205414.518232107,15,273.500000,8583.500
1785205414.518232107,15,275.093750,8558.500
1785205414.518232107,15,276.718750,8586.000
1785205414.518232107,15,278.328125,8636.750
1785205414.518232107,15,279.953125,8681.250
1785205414.518232107,15,284.828125,8116.500
1785205414.518232107,15,286.437500,8189.500
1785205414.518232107,15,288.046875,8370.500
1785205414.518232107,15,291.281250,8851.250
1785205414.518232107,15,292.890625,8991.000
1785205414.518232107,15,294.515625,9056.000
1785205414.518232107,15,296.125000,9129.250
1785205414.518232107,15,297.734375,9270.500
1785205414.518232107,15,299.468750,9390.500
1785205414.518232107,15,301.093750,9498.250
1785205414.518232107,15,302.718750,9642.250
1785205414.518232107,15,304.343750,9879.250
1785205414.629344940,7,174.671875,10204.500
1785205414.629344940,12,187.156250,1210.250
1785205414.629344940,8,190.406250,1186.000
1785205414.629344940,15,193.625000,1197.250
1785205414.629344940,15,231.875000,2645.000
1785205414.629344940,15,233.515625,2590.500
1785205414.629344940,15,240.015625,2535.250
1785205414.629344940,15,241.656250,2504.500
1785205414.629344940,12,243.281250,2499.000
1785205414.629344940,15,249.328125,8966.500
1785205414.629344940,15,250.953125,8854.750
1785205414.629344940,15,252.578125,8795.250
1785205414.629344940,15,259.062500,8178.000
1785205414.629344940,15,263.921875,8229.000
1785205414.629344940,15,265.546875,8271.000
1785205414.629344940,15,267.171875,8375.000
1785205414.629344940,15,268.781250,8523.750
1785205414.629344940,15,270.406250,8592.750
1785205414.629344940,15,272.015625,8589.750
1785205414.629344940,15,273.640625,8594.000
1785205414.629344940,15,275.265625,8637.500
1785205414.629344940,15,276.875000,8669.250
1785205414.629344940,15,278.500000,8678.750
1785205414.629344940,12,280.109375,8674.250
1785205414.629344940,15,284.984375,8166.250
1785205414.629344940,15,286.593750,8206.000
1785205414.629344940,15,289.828125,8771.250
1785205414.629344940,15,291.437500,8841.500
1785205414.629344940,15,293.062500,8975.500
1785205414.629344940,15,294.687500,9089.250
1785205414.629344940,15,296.296875,9164.750
1785205414.629344940,15,297.906250,9250.500
1785205414.629344940,15,299.640625,9318.250
1785205414.629344940,15,302.906250,9711.750
1785205414.629344940,15,304.515625,9895.250
1785205414.744610071,8,171.671875,10172.250
1785205414.744610071,10,173.296875,10130.500
1785205414.744610071,15,190.640625,1195.750
1785205414.744610071,15,192.250000,1193.250
1785205414.744610071,15,193.921875,1203.250
1785205414.744610071,15,195.531250,1221.000
1785205414.744610071,15,232.125000,2668.000
1785205414.744610071,15,233.781250,2610.750
1785205414.744610071,15,235.437500,2562.750
1785205414.744610071,15,237.046875,2524.000
1785205414.744610071,15,238.687500,2473.000
1785205414.744610071,15,240.312500,2429.000
1785205414.744610071,15,243.515625,2497.000
1785205414.744610071,15,249.609375,9030.500
1785205414.744610071,15,251.250000,8935.250
1785205414.744610071,15,252.875000,8805.500
1785205414.744610071,15,254.484375,8647.000
1785205414.744610071,15,256.125000,8515.500
1785205414.744610071,15,257.750000,8439.250
1785205414.744610071,15,259.359375,8353.750
1785205414.744610071,15,261.000000,8267.500
1785205414.744610071,15,262.609375,8258.750
1785205414.744610071,15,264.234375,8258.750
1785205414.744610071,15,265.859375,8273.750
1785205414.744610071,15,269.093750,8700.000
1785205414.744610071,15,270.718750,8678.750
1785205414.744610071,15,272.343750,8671.750
1785205414.744610071,15,273.953125,8709.500
1785205414.744610071,15,275.578125,8702.500
1785205414.744610071,15,277.187500,8700.000
1785205414.744610071,15,278.812500,8728.500
1785205414.744610071,15,280.437500,8674.500
1785205414.744610071,15,283.687500,8139.500
1785205414.744610071,15,285.312500,8191.500
1785205414.744610071,15,286.937500,8250.250
1785205414.744610071,15,290.156250,8854.250
1785205414.744610071,15,291.796875,8937.500
1785205414.744610071,15,293.421875,8987.750
1785205414.744610071,15,295.031250,9094.750
1785205414.744610071,15,296.640625,9209.500
1785205414.744610071,15,298.359375,9294.500
1785205414.744610071,15,299.984375,9412.500
1785205414.744610071,15,301.609375,9619.000
1785205414.744610071,15,303.234375,9815.250
1785205414.744610071,15,304.875000,9999.000
1785205414.744610071,14,306.468750,10179.250
1785205414.859098196,15,182.062500,7844.750
1785205414.859098196,15,187.859375,1325.250
1785205414.859098196,15,192.875000,1190.000
1785205414.859098196,15,194.468750,1202.500
1785205414.859098196,12,229.015625,11819.000
1785205414.859098196,15,232.671875,2697.750
1785205414.859098196,15,234.281250,2637.250
1785205414.859098196,14,239.171875,2514.750
1785205414.859098196,12,240.796875,2534.000
1785205414.859098196,15,242.421875,2554.250
1785205414.859098196,15,244.031250,2534.000
1785205414.859098196,15,250.187500,8985.250
1785205414.859098196,15,251.812500,8890.500
1785205414.859098196,8,253.437500,8743.000
1785205414.859098196,15,255.062500,8585.500
1785205414.859098196,14,256.687500,8526.500
1785205414.859098196,15,258.312500,8475.000
1785205414.859098196,15,259.937500,8412.500
1785205414.859098196,15,261.562500,8336.500
1785205414.859098196,15,263.187500,8250.250
1785205414.859098196,15,264.812500,8227.000
1785205414.859098196,15,266.437500,8300.000
1785205414.859098196,15,269.687500,8709.500
1785205414.859098196,15,271.296875,8681.000
1785205414.859098196,15,272.937500,8733.500
1785205414.859098196,15,274.500000,8750.000
1785205414.859098196,15,276.109375,8752.500
1785205414.859098196,15,277.750000,8783.250
1785205414.859098196,15,279.375000,8788.000
1785205414.859098196,15,284.234375,8183.000
1785205414.859098196,15,285.875000,8233.500
1785205414.859098196,15,287.484375,8297.500
1785205414.859098196,15,290.703125,8930.000
1785205414.859098196,15,292.328125,8992.750
1785205414.859098196,15,293.953125,9076.750
1785205414.859098196,15,295.562500,9159.500
1785205414.859098196,15,297.187500,9271.000
1785205414.859098196,15,298.890625,9390.000
1785205414.859098196,15,300.515625,9533.000
1785205414.859098196,15,302.140625,9747.250
1785205414.859098196,15,303.765625,9924.250
1785205414.859098196,15,305.390625,10083.500
1785205414.970238924,9,169.765625,10143.250
1785205414.970238924,8,174.656250,10137.000
1785205414.970238924,15,182.781250,7797.500
1785205414.970238924,15,188.515625,1328.750
1785205414.970238924,15,191.859375,1228.750
1785205414.970238924,15,193.484375,1206.500
1785205414.970238924,15,195.140625,1199.500
1785205414.970238924,15,196.765625,1204.500
1785205414.970238924,15,198.406250,1220.750
1785205414.970238924,15,243.140625,2584.750
1785205414.970238924,15,249.250000,9133.250
1785205414.970238924,15,250.921875,9061.250
1785205414.970238924,15,252.546875,8894.750
1785205414.970238924,15,259.062500,8446.000
1785205414.970238924,15,260.671875,8386.250
1785205414.970238924,15,262.312500,8334.000
1785205414.970238924,15,263.937500,8268.750
1785205414.970238924,15,265.546875,8280.250
1785205414.970238924,15,267.171875,8377.750
1785205414.970238924,15,270.421875,8707.000
1785205414.970238924,15,272.046875,8702.250
1785205414.970238924,15,273.671875,8655.000
1785205414.970238924,15,275.250000,8642.000
1785205414.970238924,15,276.875000,8741.500
1785205414.970238924,15,278.484375,8750.000
1785205414.970238924,15,280.109375,8784.000
1785205414.970238924,15,284.984375,8218.250
1785205414.970238924,15,286.609375,8288.750
1785205414.970238924,15,291.453125,9020.250
1785205414.970238924,15,293.078125,9057.750
1785205414.970238924,15,294.687500,9100.750
1785205414.970238924,15,296.312500,9176.500
1785205414.970238924,15,297.937500,9297.000
1785205414.970238924,15,299.656250,9411.750
1785205414.970238924,15,301.265625,9599.500
1785205414.970238924,15,302.875000,9854.750
1785205414.970238924,15,304.515625,10051.750
1785205414.970238924,12,306.125000,10214.750
1785205415.085552931,15,23.968750,463.000
1785205415.085552931,7,173.671875,10191.750
1785205415.085552931,15,181.812500,7852.500
1785205415.085552931,15,183.437500,7908.500
1785205415.085552931,15,189.156250,1324.500
1785205415.085552931,15,190.859375,1319.250
1785205415.085552931,15,195.843750,1193.250
1785205415.085552931,11,197.437500,1210.500
1785205415.085552931,15,246.656250,9303.000
1785205415.085552931,15,248.281250,9196.250
1785205415.085552931,15,249.906250,9123.000
1785205415.085552931,15,251.515625,9035.750
1785205415.085552931,15,253.156250,8927.750
1785205415.085552931,15,254.765625,8829.500
1785205415.085552931,15,256.390625,8691.500
1785205415.085552931,15,259.640625,8529.500
1785205415.085552931,15,264.500000,8310.250
1785205415.085552931,15,266.140625,8308.000
1785205415.085552931,15,269.375000,8807.250
1785205415.085552931,15,271.000000,8785.750
1785205415.085552931,15,272.625000,8783.250
1785205415.085552931,15,274.187500,8773.750
1785205415.085552931,15,275.812500,8820.000
1785205415.085552931,15,277.421875,8868.250
1785205415.085552931,15,279.046875,8826.750
1785205415.085552931,15,280.656250,8708.250
1785205415.085552931,15,283.906250,8210.250
1785205415.085552931,15,285.531250,8258.750
1785205415.085552931,15,287.140625,8308.250
1785205415.085552931,15,290.375000,8950.250
1785205415.085552931,15,291.984375,9076.750
1785205415.085552931,15,293.609375,9143.500
1785205415.085552931,15,295.218750,9172.500
1785205415.085552931,15,296.828125,9249.250
1785205415.085552931,14,298.593750,9390.500
1785205415.085552931,15,300.218750,9549.500
1785205415.085552931,15,301.859375,9717.500
1785205415.085552931,15,303.468750,9921.750
1785205415.085552931,15,305.093750,10076.500
1785205415.085552931,10,311.578125,11467.250
1785205415.085552931,15,324.734375,9022.000
1785205415.085552931,15,326.359375,8841.500
1785205415.085552931,15,329.625000,8253.000
1785205415.085552931,15,331.265625,8131.250
1785205415.085552931,12,341.062500,7603.000
1785205415.195966959,15,19.656250,460.250
1785205415.195966959,15,21.468750,461.750
1785205415.195966959,15,22.750000,470.000
1785205415.195966959,15,182.609375,7826.000
1785205415.195966959,15,184.218750,7802.750
1785205415.195966959,9,188.406250,1363.000
1785205415.195966959,15,190.000000,1347.500
1785205415.195966959,15,191.671875,1318.250
1785205415.195966959,15,194.953125,1224.750
1785205415.195966959,15,196.609375,1217.250
1785205415.195966959,15,198.171875,1227.750
1785205415.195966959,15,199.890625,1243.750
1785205415.195966959,10,228.015625,12036.000
1785205415.195966959,12,229.640625,11924.750
1785205415.195966959,15,249.171875,9125.500
1785205415.195966959,15,250.750000,9036.250
1785205415.195966959,15,252.390625,8915.250
1785205415.195966959,15,255.625000,8746.750
1785205415.195966959,15,258.875000,8563.500
1785205415.195966959,15,260.500000,8452.750
1785205415.195966959,15,262.125000,8362.250
1785205415.195966959,15,263.750000,8321.000
1785205415.195966959,15,265.375000,8291.000
1785205415.195966959,15,267.000000,8343.250
1785205415.195966959,15,270.234375,8766.500
1785205415.195966959,15,271.843750,8773.750
1785205415.195966959,15,273.468750,8773.750
1785205415.195966959,15,275.062500,8757.000
1785205415.195966959,15,276.687500,8795.750
1785205415.195966959,15,278.312500,8863.250
1785205415.195966959,15,279.921875,8846.250
1785205415.195966959,15,281.546875,8703.750
1785205415.195966959,15,284.796875,8201.750
1785205415.195966959,15,286.406250,8287.000
1785205415.195966959,15,288.031250,8417.750
1785205415.195966959,15,291.250000,8950.000
1785205415.195966959,15,292.875000,9037.750
1785205415.195966959,15,294.500000,9172.250
1785205415.195966959,15,296.109375,9251.000
1785205415.195966959,15,297.734375,9329.500
1785205415.195966959,15,299.500000,9443.750
1785205415.195966959,15,301.125000,9618.250
1785205415.195966959,15,302.750000,9860.750
1785205415.195966959,15,304.375000,10039.000
1785205415.195966959,14,306.015625,10215.250
1785205415.195966959,10,307.625000,10441.500
1785205415.195966959,15,328.875000,8374.000
1785205415.195966959,15,330.500000,8200.000
1785205415.195966959,7,335.406250,7739.500
1785205415.310576200,15,19.000000,458.000
1785205415.310576200,15,20.718750,464.000
1785205415.310576200,15,22.140625,471.750
1785205415.310576200,15,23.765625,476.750
1785205415.310576200,15,183.328125,7971.750
1785205415.310576200,15,190.765625,1331.250
1785205415.310576200,15,195.750000,1201.750
1785205415.310576200,9,197.312500,1213.000
1785205415.310576200,15,228.734375,11965.500
1785205415.310576200,15,248.250000,9193.000
1785205415.310576200,15,249.859375,9056.750
1785205415.310576200,15,251.484375,8977.500
1785205415.310576200,15,253.109375,8926.500
1785205415.310576200,15,254.718750,8819.750
1785205415.310576200,15,256.359375,8685.000
1785205415.310576200,15,259.593750,8382.250
1785205415.310576200,15,264.468750,8312.250
1785205415.310576200,15,266.078125,8356.000
1785205415.310576200,15,269.312500,8667.250
1785205415.310576200,15,270.953125,8695.750
1785205415.310576200,15,272.562500,8735.500
1785205415.310576200,15,274.187500,8730.250
1785205415.310576200,15,275.765625,8775.500
1785205415.310576200,15,277.375000,8814.750
1785205415.310576200,15,279.000000,8823.750
1785205415.310576200,15,280.625000,8754.250
1785205415.310576200,15,283.859375,8212.750
1785205415.310576200,15,285.484375,8261.500
1785205415.310576200,15,287.093750,8317.250
1785205415.310576200,15,290.312500,8899.000
1785205415.310576200,15,291.953125,8952.500
1785205415.310576200,15,293.562500,9069.250
1785205415.310576200,15,295.171875,9163.250
1785205415.310576200,15,296.796875,9250.750
1785205415.310576200,15,298.531250,9391.750
1785205415.310576200,15,300.140625,9543.000
1785205415.310576200,15,301.765625,9715.250
1785205415.310576200,15,303.390625,9916.250
1785205415.310576200,15,305.015625,10132.250
1785205415.310576200,11,311.500000,11468.500
1785205415.310576200,15,329.437500,8291.250
1785205415.310576200,15,331.062500,8139.000
1785205415.310576200,8,335.953125,7790.000
1785205415.426020145,15,18.046875,463.000
1785205415.426020145,15,19.390625,460.250
1785205415.426020145,15,21.218750,468.250
1785205415.426020145,15,22.875000,473.750
1785205415.426020145,15,24.140625,480.500
1785205415.426020145,7,173.937500,10172.250
1785205415.426020145,8,175.562500,10198.000
1785205415.426020145,15,183.750000,7801.000
1785205415.426020145,15,187.843750,1350.750
1785205415.426020145,15,189.546875,1339.500
1785205415.426020145,15,191.140625,1321.250
1785205415.426020145,10,194.546875,1221.750
1785205415.426020145,15,196.093750,1210.500
1785205415.426020145,13,197.687500,1223.000
1785205415.426020145,12,229.125000,11759.250
1785205415.426020145,15,248.609375,9178.250
1785205415.426020145,15,250.250000,9079.000
1785205415.426020145,15,251.875000,9020.500
1785205415.426020145,15,253.500000,8930.250
1785205415.426020145,15,255.125000,8767.750
1785205415.426020145,15,256.750000,8634.500
1785205415.426020145,15,258.375000,8572.250
1785205415.426020145,15,260.015625,8477.500
1785205415.426020145,15,261.625000,8350.500
1785205415.426020145,15,263.234375,8346.250
1785205415.426020145,15,264.875000,8343.500
1785205415.426020145,15,266.500000,8334.750
1785205415.426020145,15,269.734375,8793.250
1785205415.426020145,15,271.343750,8786.000
1785205415.426020145,15,272.984375,8802.750
1785205415.426020145,15,274.609375,8783.250
1785205415.426020145,15,276.234375,8809.750
1785205415.426020145,15,277.859375,8824.250
1785205415.426020145,15,279.484375,8836.500
1785205415.426020145,15,284.359375,8250.500
1785205415.426020145,15,285.984375,8342.750
1785205415.426020145,15,287.609375,8406.000
1785205415.426020145,15,290.843750,8906.000
1785205415.426020145,15,292.468750,9000.000
1785205415.426020145,15,294.078125,9074.500
1785205415.426020145,15,295.703125,9199.000
1785205415.426020145,15,297.312500,9303.000
1785205415.426020145,15,299.015625,9395.500
1785205415.426020145,15,300.640625,9540.250
1785205415.426020145,15,302.281250,9753.750
1785205415.426020145,15,303.906250,9986.250
1785205415.426020145,15,305.531250,10166.000
1785205415.426020145,9,307.156250,10371.500
1785205415.426020145,15,329.968750,8222.750
1785205415.537045002,15,18.343750,460.750
1785205415.537045002,15,20.125000,467.000
1785205415.537045002,15,21.562500,473.500
1785205415.537045002,15,23.468750,476.500
1785205415.537045002,7,174.625000,10211.750
1785205415.537045002,15,182.843750,7904.750
1785205415.537045002,15,190.218750,1338.250
1785205415.537045002,15,195.187500,1213.000
1785205415.537045002,15,196.890625,1214.000
1785205415.537045002,9,229.812500,11681.750
1785205415.537045002,15,237.937500,10176.000
1785205415.537045002,15,249.312500,9132.000
1785205415.537045002,15,250.984375,9053.750
1785205415.537045002,15,252.593750,8936.500
1785205415.537045002,15,259.093750,8522.750
1785205415.537045002,15,260.734375,8457.000
1785205415.537045002,15,262.359375,8348.500
1785205415.537045002,15,263.984375,8305.750
1785205415.537045002,15,265.593750,8267.250
1785205415.537045002,15,267.218750,8368.500
1785205415.537045002,15,268.828125,8617.500
1785205415.537045002,15,270.453125,8745.000
1785205415.537045002,15,272.078125,8764.250
1785205415.537045002,15,273.703125,8766.500
1785205415.537045002,15,275.328125,8761.750
1785205415.537045002,15,276.937500,8759.250
1785205415.537045002,15,278.578125,8802.750
1785205415.537045002,15,280.203125,8848.500
1785205415.537045002,15,285.078125,8303.750
1785205415.537045002,15,286.703125,8364.500
1785205415.537045002,15,289.937500,8881.000
1785205415.537045002,15,291.562500,8975.000
1785205415.537045002,15,293.171875,9095.250
1785205415.537045002,15,294.796875,9180.250
1785205415.537045002,15,296.421875,9220.000
1785205415.537045002,15,298.046875,9313.750
1785205415.537045002,15,299.734375,9477.000
1785205415.537045002,15,301.359375,9660.000
1785205415.537045002,15,302.968750,9849.000
1785205415.537045002,15,304.609375,10054.000
1785205415.537045002,14,306.234375,10222.000
1785205415.537045002,9,307.859375,10459.250
1785205415.537045002,15,329.062500,8349.750
1785205415.537045002,15,330.703125,8175.750
1785205415.537045002,15,333.953125,7994.250
1785205415.537045002,9,335.593750,7854.750
1785205415.652235985,15,17.562500,466.750
1785205415.652235985,15,19.015625,466.000
1785205415.652235985,15,20.765625,472.500
1785205415.652235985,15,22.390625,477.000
1785205415.652235985,15,23.937500,478.750
1785205415.652235985,15,142.828125,102.500
1785205415.652235985,9,175.281250,10076.750
1785205415.652235985,15,183.453125,7952.750
1785205415.652235985,15,189.218750,1349.750
1785205415.652235985,15,190.906250,1327.250
1785205415.652235985,15,195.781250,1197.750
1785205415.652235985,15,197.484375,1213.250
1785205415.652235985,10,220.734375,9532.500
1785205415.652235985,10,228.812500,11838.500
1785205415.652235985,15,246.687500,9268.250
1785205415.652235985,15,248.312500,9157.000
1785205415.652235985,15,249.937500,9097.000
1785205415.652235985,15,251.609375,9003.250
1785205415.652235985,15,253.234375,8902.750
1785205415.652235985,15,254.859375,8784.250
1785205415.652235985,15,256.484375,8607.250
1785205415.652235985,15,258.109375,8453.000
1785205415.652235985,15,259.734375,8418.750
1785205415.652235985,15,261.359375,8469.750
1785205415.652235985,15,262.984375,8359.500
1785205415.652235985,15,264.609375,8271.750
1785205415.652235985,15,266.234375,8367.000
1785205415.652235985,15,269.468750,8792.250
1785205415.652235985,15,271.109375,8779.000
1785205415.652235985,15,272.718750,8781.250
1785205415.652235985,15,274.296875,8771.250
1785205415.652235985,15,275.921875,8745.000
1785205415.652235985,15,277.531250,8771.500
1785205415.652235985,15,279.156250,8814.750
1785205415.652235985,15,280.781250,8748.000
1785205415.652235985,15,284.031250,8208.000
1785205415.652235985,15,285.656250,8256.750
1785205415.652235985,15,287.265625,8376.000
1785205415.652235985,15,290.515625,8928.000
1785205415.652235985,15,292.125000,9022.750
1785205415.652235985,15,293.734375,9086.750
1785205415.652235985,15,295.359375,9164.750
1785205415.652235985,15,296.968750,9260.000
1785205415.652235985,15,298.703125,9376.500
1785205415.652235985,15,300.312500,9547.500
1785205415.652235985,15,301.937500,9729.000
1785205415.652235985,15,303.578125,9909.750
1785205415.652235985,15,305.203125,10096.000
1785205415.652235985,9,306.828125,10240.750
1785205415.652235985,11,311.687500,11588.750
1785205415.652235985,15,324.796875,9024.500
1785205415.652235985,15,331.328125,8117.000
1785205415.766536951,15,18.078125,470.250
1785205415.766536951,15,19.906250,476.000
1785205415.766536951,15,21.312500,480.000
1785205415.766536951,15,23.109375,481.000
1785205415.766536951,15,182.500000,7851.750
1785205415.766536951,15,184.125000,7928.250
1785205415.766536951,15,188.312500,1357.750
1785205415.766536951,15,189.890625,1339.000
1785205415.766536951,15,194.890625,1219.750
1785205415.766536951,15,196.531250,1213.000
1785205415.766536951,15,198.125000,1226.000
1785205415.766536951,15,199.750000,1240.250
1785205415.766536951,12,227.906250,11934.250
1785205415.766536951,11,229.531250,11750.250
1785205415.766536951,15,249.046875,9125.250
1785205415.766536951,15,250.703125,9074.500
1785205415.766536951,15,252.328125,8964.250
1785205415.766536951,15,253.953125,8816.500
1785205415.766536951,15,255.578125,8686.750
1785205415.766536951,15,258.843750,8517.250
1785205415.766536951,15,260.468750,8407.000
1785205415.766536951,15,262.093750,8370.750
1785205415.766536951,15,263.718750,8330.000
1785205415.766536951,15,265.343750,8294.000
1785205415.766536951,15,266.968750,8346.500
1785205415.766536951,15,270.218750,8770.000
1785205415.766536951,15,271.843750,8776.500
1785205415.766536951,15,273.468750,8774.250
1785205415.766536951,15,275.015625,8758.750
1785205415.766536951,15,276.640625,8792.500
1785205415.766536951,15,278.250000,8853.500
1785205415.766536951,15,279.875000,8840.250
1785205415.766536951,15,281.500000,8703.000
1785205415.766536951,15,284.750000,8204.250
1785205415.766536951,15,286.375000,8283.250
1785205415.766536951,15,287.984375,8372.000
1785205415.766536951,15,291.218750,8955.000
1785205415.766536951,15,292.843750,9039.500
1785205415.766536951,15,294.453125,9163.250
1785205415.766536951,15,296.062500,9256.500
1785205415.766536951,15,297.687500,9333.750
1785205415.766536951,15,299.437500,9442.000
1785205415.766536951,15,301.046875,9617.500
1785205415.766536951,15,302.671875,9851.500
1785205415.766536951,15,304.296875,10032.750
1785205415.766536951,15,305.921875,10215.250
1785205415.766536951,9,307.546875,10448.500
1785205415.766536951,9,310.781250,11438.750
1785205415.766536951,13,325.531250,8876.250
1785205415.766536951,15,328.812500,8380.000
1785205415.766536951,15,330.453125,8198.500
1785205415.766536951,10,335.359375,7816.500
1785205415.877252102,15,15.687500,483.750
1785205415.877252102,15,17.328125,478.750
1785205415.877252102,15,18.890625,483.750
1785205415.877252102,15,20.296875,487.000
1785205415.877252102,15,22.125000,487.000
1785205415.877252102,15,23.562500,489.250
1785205415.877252102,15,183.312500,7986.250
1785205415.877252102,15,190.718750,1331.500
1785205415.877252102,15,195.671875,1201.000
1785205415.877252102,10,197.296875,1213.000
1785205415.877252102,15,246.687500,9265.500
1785205415.877252102,15,248.312500,9149.000
1785205415.877252102,15,249.937500,9083.500
1785205415.877252102,15,251.531250,9020.000
1785205415.877252102,15,253.171875,8891.000
1785205415.877252102,15,254.781250,8751.250
1785205415.877252102,15,264.562500,8313.250
1785205415.877252102,15,266.156250,8369.000
1785205415.877252102,15,269.406250,8778.500
1785205415.877252102,15,271.031250,8767.250
1785205415.877252102,15,272.656250,8771.500
1785205415.877252102,15,274.265625,8771.750
1785205415.877252102,15,275.859375,8751.000
1785205415.877252102,15,277.484375,8776.750
1785205415.877252102,15,279.109375,8823.000
1785205415.877252102,15,280.734375,8754.500
1785205415.877252102,15,283.984375,8213.250
1785205415.877252102,15,285.609375,8265.250
1785205415.877252102,15,287.218750,8382.500
1785205415.877252102,15,290.453125,8921.000
1785205415.877252102,15,292.078125,9018.250
1785205415.877252102,15,293.687500,9091.250
1785205415.877252102,15,295.312500,9170.500
1785205415.877252102,15,296.937500,9260.750
1785205415.877252102,15,298.687500,9378.500
1785205415.877252102,15,300.312500,9546.500
1785205415.877252102,15,301.953125,9731.250
1785205415.877252102,15,303.578125,9915.750
1785205415.877252102,15,305.203125,10106.250
1785205415.877252102,9,306.828125,10296.250
1785205415.877252102,12,311.703125,11535.000
1785205415.877252102,15,324.828125,9019.250
1785205415.877252102,15,331.359375,8117.500
1785205415.877252102,9,334.625000,7967.250
1785205415.991714001,15,14.984375,484.500
1785205415.991714001,15,16.593750,487.000
1785205415.991714001,15,18.125000,491.000
1785205415.991714001,15,19.781250,492.750
1785205415.991714001,15,21.468750,491.750
1785205415.991714001,15,22.875000,495.750
1785205415.991714001,8,171.265625,10067.250
1785205415.991714001,12,172.875000,10051.500
1785205415.991714001,8,174.500000,10109.750
1785205415.991714001,15,182.687500,7737.000
1785205415.991714001,15,190.125000,1337.250
1785205415.991714001,15,195.046875,1213.500
1785205415.991714001,15,196.734375,1211.250
1785205415.991714001,15,198.250000,1229.000
1785205415.991714001,9,229.765625,11725.750
1785205415.991714001,15,237.906250,10170.250
1785205415.991714001,15,249.296875,9125.750
1785205415.991714001,15,250.921875,9045.250
1785205415.991714001,15,252.546875,8938.500
1785205415.991714001,15,259.046875,8514.000
1785205415.991714001,15,260.671875,8451.500
1785205415.991714001,15,262.296875,8340.500
1785205415.991714001,15,263.921875,8337.250
1785205415.991714001,15,265.562500,8339.750
1785205415.991714001,15,267.171875,8377.250
1785205415.991714001,15,270.421875,8713.500
1785205415.991714001,15,272.046875,8714.750
1785205415.991714001,15,273.671875,8742.000
1785205415.991714001,15,275.250000,8729.250
1785205415.991714001,15,276.875000,8749.000
1785205415.991714001,15,278.500000,8822.500
1785205415.991714001,15,280.125000,8857.750
1785205415.991714001,15,285.000000,8229.000
1785205415.991714001,15,286.609375,8332.000
1785205415.991714001,15,289.843750,8828.000
1785205415.991714001,15,291.468750,8945.000
1785205415.991714001,15,293.093750,9067.500
1785205415.991714001,15,294.703125,9154.750
1785205415.991714001,15,296.328125,9183.250
1785205415.991714001,15,297.953125,9297.750
1785205415.991714001,15,299.718750,9423.750
1785205415.991714001,15,301.343750,9602.000
1785205415.991714001,15,302.968750,9845.250
1785205415.991714001,15,304.593750,10052.500
1785205415.991714001,15,306.218750,10270.250
1785205415.991714001,11,307.843750,10508.500
1785205415.991714001,7,311.109375,11430.250
1785205415.991714001,15,329.109375,8351.000
1785205415.991714001,15,330.734375,8177.000
1785205415.991714001,13,334.000000,7996.250
1785205415.991714001,8,335.625000,7832.000
1785205416.103441000,15,14.187500,487.500
1785205416.103441000,15,15.796875,488.250
1785205416.103441000,15,17.578125,492.250
1785205416.103441000,15,18.984375,494.000
1785205416.103441000,15,20.750000,493.000
1785205416.103441000,9,172.218750,10153.750
1785205416.103441000,9,175.468750,10140.750
1785205416.103441000,15,183.640625,7853.250
1785205416.103441000,15,189.421875,1324.750
1785205416.103441000,15,191.046875,1322.250
1785205416.103441000,15,196.046875,1197.500
1785205416.103441000,15,197.640625,1216.500
1785205416.103441000,11,229.046875,11885.250
1785205416.103441000,15,248.562500,9177.500
1785205416.103441000,15,250.187500,9081.500
1785205416.103441000,15,251.812500,9019.750
1785205416.103441000,15,253.421875,8926.000
1785205416.103441000,15,255.046875,8764.750
1785205416.103441000,15,256.671875,8625.750
1785205416.103441000,15,258.296875,8499.250
1785205416.103441000,15,259.921875,8404.250
1785205416.103441000,15,261.546875,8350.000
1785205416.103441000,15,263.171875,8336.250
1785205416.103441000,15,264.796875,8304.750
1785205416.103441000,15,266.406250,8306.250
1785205416.103441000,15,269.640625,8715.250
1785205416.103441000,15,271.265625,8738.500
1785205416.103441000,15,272.906250,8785.000
1785205416.103441000,15,274.515625,8809.250
1785205416.103441000,15,276.125000,8868.500
1785205416.103441000,15,277.750000,8888.000
1785205416.103441000,15,279.375000,8836.500
1785205416.103441000,15,284.250000,8190.750
1785205416.103441000,15,285.859375,8240.750
1785205416.103441000,15,287.484375,8309.750
1785205416.103441000,15,290.718750,8923.250
1785205416.103441000,15,292.343750,8993.250
1785205416.103441000,15,293.953125,9117.750
1785205416.103441000,15,295.578125,9208.000
1785205416.103441000,15,297.203125,9275.500
1785205416.103441000,15,298.953125,9388.500
1785205416.103441000,15,300.578125,9533.250
1785205416.103441000,15,302.203125,9743.250
1785205416.103441000,15,303.828125,9967.500
1785205416.103441000,15,305.468750,10189.250
1785205416.103441000,10,307.093750,10397.000
1785205416.103441000,15,329.937500,8222.750
1785205416.103441000,10,331.562500,8104.750
1785205416.218535900,15,15.109375,481.750
1785205416.218535900,15,16.703125,486.500
1785205416.218535900,15,18.390625,490.500
1785205416.218535900,15,19.968750,490.500
1785205416.218535900,15,21.687500,489.000
1785205416.218535900,15,190.296875,1338.000
1785205416.218535900,15,195.250000,1212.750
1785205416.218535900,15,196.921875,1213.750
1785205416.218535900,15,200.078125,1242.250
1785205416.218535900,10,229.812500,11723.000
1785205416.218535900,15,237.937500,10179.750
1785205416.218535900,15,249.296875,9126.500
1785205416.218535900,15,250.937500,9038.500
1785205416.218535900,15,252.578125,8933.000
1785205416.218535900,15,259.062500,8514.750
1785205416.218535900,15,260.687500,8447.750
1785205416.218535900,15,262.312500,8342.000
1785205416.218535900,15,263.953125,8332.500
1785205416.218535900,15,265.562500,8329.250
1785205416.218535900,15,267.187500,8379.750
1785205416.218535900,15,268.796875,8597.000
1785205416.218535900,15,270.421875,8725.500
1785205416.218535900,15,272.046875,8727.000
1785205416.218535900,15,273.671875,8746.750
1785205416.218535900,15,275.312500,8767.000
1785205416.218535900,15,276.937500,8768.750
1785205416.218535900,15,278.546875,8812.500
1785205416.218535900,15,280.171875,8855.750
1785205416.218535900,15,283.421875,8382.500
1785205416.218535900,15,285.046875,8298.750
1785205416.218535900,15,286.687500,8362.250
1785205416.218535900,15,289.906250,8884.000
1785205416.218535900,15,291.531250,8973.000
1785205416.218535900,15,293.140625,9088.250
1785205416.218535900,15,294.781250,9184.750
1785205416.218535900,15,296.406250,9226.000
1785205416.218535900,15,298.031250,9311.000
1785205416.218535900,15,299.718750,9459.750
1785205416.218535900,15,301.343750,9645.250
1785205416.218535900,15,302.953125,9849.750
1785205416.218535900,15,304.593750,10053.000
1785205416.218535900,15,306.218750,10271.250
1785205416.218535900,11,307.843750,10532.000
1785205416.218535900,15,327.421875,8574.250
1785205416.218535900,15,329.062500,8354.000
1785205416.218535900,15,330.687500,8178.000
1785205416.218535900,15,333.937500,7997.250
1785205416.218535900,8,335.578125,7849.000
1785205416.332504988,15,14.125000,477.750
1785205416.332504988,15,15.781250,478.750
1785205416.332504988,15,17.625000,484.250
1785205416.332504988,15,19.218750,486.750
1785205416.332504988,15,20.625000,485.250
1785205416.332504988,15,141.703125,102.500
1785205416.332504988,7,168.843750,10121.000
1785205416.332504988,8,170.484375,10143.250
1785205416.332504988,7,175.343750,10156.000
1785205416.332504988,15,189.375000,1320.750
1785205416.332504988,15,191.015625,1325.000
1785205416.332504988,15,196.000000,1194.500
1785205416.332504988,15,197.562500,1216.500
1785205416.332504988,15,220.828125,9439.500
1785205416.332504988,12,228.890625,11846.500
1785205416.332504988,15,248.359375,9159.500
1785205416.332504988,15,249.984375,9090.000
1785205416.332504988,15,251.625000,9003.250
1785205416.332504988,15,253.250000,8880.250
1785205416.332504988,15,254.875000,8757.500
1785205416.332504988,15,256.500000,8608.500
1785205416.332504988,15,258.125000,8477.250
1785205416.332504988,15,259.750000,8433.000
1785205416.332504988,15,261.359375,8439.750
1785205416.332504988,15,263.000000,8374.000
1785205416.332504988,15,264.609375,8306.500
1785205416.332504988,15,266.218750,8365.000
1785205416.332504988,15,269.468750,8773.000
1785205416.332504988,15,271.093750,8764.000
1785205416.332504988,15,272.703125,8763.750
1785205416.332504988,15,274.312500,8765.000
1785205416.332504988,15,275.937500,8753.500
1785205416.332504988,15,277.562500,8783.750
1785205416.332504988,15,279.187500,8823.250
1785205416.332504988,15,280.812500,8745.250
1785205416.332504988,15,284.062500,8216.000
1785205416.332504988,15,285.671875,8261.000
1785205416.332504988,15,287.281250,8378.250
1785205416.332504988,15,290.531250,8918.250
1785205416.332504988,15,292.140625,9014.250
1785205416.332504988,15,293.750000,9094.000
1785205416.332504988,15,295.375000,9180.750
1785205416.332504988,15,297.000000,9271.750
1785205416.332504988,15,298.703125,9388.750
1785205416.332504988,15,300.328125,9550.000
1785205416.332504988,15,301.953125,9737.250
1785205416.332504988,15,303.578125,9926.250
1785205416.332504988,15,305.203125,10117.250
1785205416.332504988,9,306.812500,10299.500
1785205416.332504988,11,311.687500,11596.000
1785205416.332504988,15,324.765625,9028.250
1785205416.332504988,15,331.281250,8127.500
1785205416.444072008,15,14.812500,468.750
1785205416.444072008,15,16.515625,475.500
1785205416.444072008,15,18.156250,482.000
1785205416.444072008,15,19.906250,482.500
1785205416.444072008,15,21.453125,480.000
1785205416.444072008,7,167.921875,10172.000
1785205416.444072008,15,182.625000,7767.250
1785205416.444072008,15,184.250000,7822.250
1785205416.444072008,15,190.031250,1337.250
1785205416.444072008,15,194.984375,1217.000
1785205416.444072008,15,196.625000,1215.000
1785205416.444072008,15,198.234375,1229.000
1785205416.444072008,13,228.031250,11939.000
1785205416.444072008,10,229.640625,11716.250
1785205416.444072008,15,237.781250,10153.750
1785205416.444072008,15,249.171875,9118.750
1785205416.444072008,15,250.828125,9044.750
1785205416.444072008,15,252.437500,8946.750
1785205416.444072008,15,258.968750,8532.000
1785205416.444072008,15,260.578125,8419.750
1785205416.444072008,15,262.203125,8345.500
1785205416.444072008,15,263.828125,8326.500
1785205416.444072008,15,265.453125,8323.250
1785205416.444072008,15,267.078125,8372.250
1785205416.444072008,15,270.312500,8735.750
1785205416.444072008,15,271.953125,8729.000
1785205416.444072008,15,273.578125,8742.750
1785205416.444072008,15,275.140625,8774.500
1785205416.444072008,15,276.750000,8791.500
1785205416.444072008,15,278.359375,8813.250
1785205416.444072008,15,279.984375,8846.250
1785205416.444072008,15,281.609375,8725.500
1785205416.444072008,15,284.859375,8229.500
1785205416.444072008,15,286.484375,8324.000
1785205416.444072008,15,288.093750,8399.500
1785205416.444072008,15,291.328125,8991.000
1785205416.444072008,15,292.953125,9068.750
1785205416.444072008,15,294.562500,9116.250
1785205416.444072008,15,296.187500,9197.000
1785205416.444072008,15,297.796875,9301.500
1785205416.444072008,15,299.515625,9464.750
1785205416.444072008,15,301.125000,9658.750
1785205416.444072008,15,302.750000,9852.500
1785205416.444072008,15,304.375000,10040.750
1785205416.444072008,15,305.984375,10221.750
1785205416.444072008,10,307.625000,10450.000
1785205416.444072008,10,325.609375,8838.000
1785205416.444072008,15,328.859375,8378.250
1785205416.444072008,15,330.515625,8199.000
1785205416.444072008,10,335.406250,7814.500
1785205416.559095144,15,14.125000,464.750
1785205416.559095144,15,15.750000,462.500
1785205416.559095144,15,17.484375,471.750
1785205416.559095144,15,19.046875,480.500
1785205416.559095144,15,20.671875,480.000
1785205416.559095144,8,173.562500,10092.250
1785205416.559095144,15,183.312500,7985.000
1785205416.559095144,15,190.703125,1331.250
1785205416.559095144,15,195.656250,1202.000
1785205416.559095144,12,197.281250,1213.750
1785205416.559095144,13,228.703125,11856.000
1785205416.559095144,15,248.218750,9186.000
1785205416.559095144,15,249.843750,9049.750
1785205416.559095144,15,251.468750,8976.250
1785205416.559095144,15,253.109375,8927.500
1785205416.559095144,15,254.718750,8817.250
1785205416.559095144,15,256.359375,8680.500
1785205416.559095144,15,259.609375,8379.000
1785205416.559095144,15,264.468750,8316.500
1785205416.559095144,15,266.109375,8400.250
1785205416.559095144,15,267.718750,8600.500
1785205416.559095144,15,269.359375,8676.000
1785205416.559095144,15,270.953125,8701.500
1785205416.559095144,15,272.593750,8741.500
1785205416.559095144,15,274.218750,8735.750
1785205416.559095144,15,275.765625,8769.000
1785205416.559095144,15,277.375000,8804.250
1785205416.559095144,15,279.015625,8815.250
1785205416.559095144,15,280.625000,8750.750
1785205416.559095144,15,283.875000,8209.000
1785205416.559095144,15,285.484375,8260.750
1785205416.559095144,15,287.093750,8325.750
1785205416.559095144,15,290.328125,8896.000
1785205416.559095144,15,291.953125,8952.000
1785205416.559095144,15,293.562500,9075.750
1785205416.559095144,15,295.171875,9166.000
1785205416.559095144,15,296.796875,9256.500
1785205416.559095144,15,298.500000,9371.250
1785205416.559095144,15,300.125000,9507.500
1785205416.559095144,15,301.734375,9726.750
1785205416.559095144,15,303.375000,9932.750
1785205416.559095144,15,304.984375,10124.750
1785205416.559095144,11,311.468750,11459.000
1785205416.559095144,15,329.453125,8294.750
1785205416.559095144,15,331.078125,8139.750
1785205416.559095144,9,335.968750,7794.000
1785205416.670361042,15,14.687500,456.250
1785205416.670361042,15,16.218750,457.250
1785205416.670361042,15,17.875000,467.000
1785205416.670361042,15,19.515625,475.500
1785205416.670361042,15,21.078125,474.250
1785205416.670361042,7,173.953125,10227.250
1785205416.670361042,9,175.578125,10194.750
1785205416.670361042,15,183.718750,7795.500
1785205416.670361042,15,187.843750,1345.500
1785205416.670361042,15,189.453125,1334.000
1785205416.670361042,15,191.125000,1321.750
1785205416.670361042,15,196.078125,1202.250
1785205416.670361042,15,197.734375,1218.500
1785205416.670361042,11,229.093750,11830.000
1785205416.670361042,15,248.593750,9175.000
1785205416.670361042,15,250.234375,9079.500
1785205416.670361042,15,251.828125,9016.750
1785205416.670361042,15,253.468750,8925.000
1785205416.670361042,15,255.093750,8766.000
1785205416.670361042,15,256.703125,8624.250
1785205416.670361042,15,258.343750,8506.750
1785205416.670361042,15,259.953125,8414.000
1785205416.670361042,15,261.578125,8386.500
1785205416.670361042,15,263.203125,8368.000
1785205416.670361042,15,264.828125,8304.500
1785205416.670361042,15,266.453125,8314.500
1785205416.670361042,15,269.687500,8723.750
1785205416.670361042,15,271.312500,8744.750
1785205416.670361042,15,272.937500,8787.500
1785205416.670361042,15,274.531250,8810.500
1785205416.670361042,15,276.156250,8863.500
1785205416.670361042,15,277.765625,8879.250
1785205416.670361042,15,279.390625,8837.500
1785205416.670361042,15,281.015625,8688.500
1785205416.670361042,15,284.265625,8228.750
1785205416.670361042,15,285.890625,8252.250
1785205416.670361042,15,287.500000,8356.500
1785205416.670361042,15,290.718750,8923.750
1785205416.670361042,15,292.359375,8996.750
1785205416.670361042,15,293.968750,9121.750
1785205416.670361042,14,295.593750,9210.750
1785205416.670361042,15,297.203125,9275.000
1785205416.670361042,15,298.953125,9386.750
1785205416.670361042,15,300.578125,9531.000
1785205416.670361042,15,302.218750,9742.750
1785205416.670361042,15,303.828125,9964.500
1785205416.670361042,13,305.468750,10132.250
1785205416.670361042,10,307.093750,10290.500
1785205416.670361042,14,325.062500,8942.750
1785205416.670361042,15,329.953125,8230.250
1785205416.670361042,15,331.578125,8118.000
1785205416.784886122,15,15.093750,453.750
1785205416.784886122,15,16.703125,460.750
1785205416.784886122,15,18.500000,471.250
1785205416.784886122,15,19.890625,476.250
1785205416.784886122,15,21.687500,472.000
1785205416.784886122,8,169.656250,10142.250
1785205416.784886122,15,182.718750,7738.250
1785205416.784886122,15,188.484375,1325.500
1785205416.784886122,15,190.125000,1337.250
1785205416.784886122,15,195.093750,1213.250
1785205416.784886122,15,196.687500,1211.750
1785205416.784886122,15,198.296875,1229.000
1785205416.784886122,9,229.750000,11724.500
1785205416.784886122,15,237.890625,10133.250
1785205416.784886122,15,249.265625,9076.500
1785205416.784886122,15,250.890625,8999.750
1785205416.784886122,15,252.500000,8951.250
1785205416.784886122,15,259.015625,8480.000
1785205416.784886122,15,260.640625,8423.500
1785205416.784886122,15,262.250000,8344.750
1785205416.784886122,15,263.890625,8319.500
1785205416.784886122,15,265.500000,8316.750
1785205416.784886122,15,267.109375,8336.000
1785205416.784886122,15,270.359375,8738.500
1785205416.784886122,15,271.984375,8733.000
1785205416.784886122,15,273.593750,8738.500
1785205416.784886122,15,275.203125,8769.000
1785205416.784886122,15,276.828125,8786.250
1785205416.784886122,15,278.453125,8811.250
1785205416.784886122,15,280.062500,8852.500
1785205416.784886122,15,284.937500,8235.750
1785205416.784886122,15,286.562500,8326.250
1785205416.784886122,15,288.187500,8473.000
1785205416.784886122,15,291.421875,8979.000
1785205416.784886122,15,293.031250,9065.000
1785205416.784886122,15,294.656250,9116.500
1785205416.784886122,15,296.265625,9198.250
1785205416.784886122,15,297.890625,9353.500
1785205416.784886122,15,299.640625,9513.000
1785205416.784886122,15,301.281250,9652.000
1785205416.784886122,15,302.906250,9850.250
1785205416.784886122,15,304.531250,10051.000
1785205416.784886122,13,306.156250,10194.750
1785205416.784886122,9,311.031250,11476.000
1785205416.784886122,15,327.375000,8578.000
1785205416.784886122,15,329.015625,8353.000
1785205416.784886122,15,330.656250,8211.500
1785205416.784886122,9,335.562500,7812.500
1785205416.899875164,15,14.203125,458.000
1785205416.899875164,15,15.875000,456.250
1785205416.899875164,15,17.421875,465.750
1785205416.899875164,15,19.093750,474.500
1785205416.899875164,15,20.875000,474.500
1785205416.899875164,15,142.625000,105.750
1785205416.899875164,15,183.421875,7955.500
1785205416.899875164,15,189.187500,1349.750
1785205416.899875164,15,190.859375,1327.250
1785205416.899875164,15,195.828125,1198.000
1785205416.899875164,14,197.453125,1213.500
1785205416.899875164,11,220.765625,9510.250
1785205416.899875164,10,228.812500,11854.750
1785205416.899875164,15,246.703125,9275.000
1785205416.899875164,15,248.312500,9157.500
1785205416.899875164,15,249.937500,9085.750
1785205416.899875164,15,251.578125,9001.250
1785205416.899875164,15,253.203125,8879.500
1785205416.899875164,15,254.828125,8761.000
1785205416.899875164,12,256.453125,8607.750
1785205416.899875164,15,259.703125,8343.000
1785205416.899875164,15,262.953125,8220.750
1785205416.899875164,15,264.578125,8299.250
1785205416.899875164,15,266.187500,8357.250
1785205416.899875164,15,269.437500,8766.000
1785205416.899875164,15,271.046875,8762.250
1785205416.899875164,15,272.671875,8761.750
1785205416.899875164,15,274.281250,8764.750
1785205416.899875164,15,275.906250,8755.500
1785205416.899875164,15,277.531250,8783.750
1785205416.899875164,15,279.140625,8822.250
1785205416.899875164,15,280.781250,8745.750
1785205416.899875164,15,284.031250,8209.250
1785205416.899875164,15,285.640625,8254.500
1785205416.899875164,15,287.281250,8373.750
1785205416.899875164,15,290.515625,8920.500
1785205416.899875164,15,292.125000,9021.500
1785205416.899875164,15,293.750000,9099.250
1785205416.899875164,15,295.359375,9176.500
1785205416.899875164,15,296.984375,9268.750
1785205416.899875164,15,298.687500,9392.500
1785205416.899875164,15,300.312500,9551.250
1785205416.899875164,15,301.937500,9732.250
1785205416.899875164,15,303.578125,9922.000
1785205416.899875164,15,305.187500,10122.500
1785205416.899875164,8,306.812500,10307.000
1785205416.899875164,15,324.765625,9031.000
1785205416.899875164,15,331.296875,8122.000
1785205417.011396170,15,15.156250,451.500
1785205417.011396170,15,16.640625,456.000
1785205417.011396170,15,18.156250,466.250
1785205417.011396170,15,19.703125,473.750
1785205417.011396170,15,21.312500,471.500
1785205417.011396170,15,22.921875,471.000
1785205417.011396170,8,172.593750,10172.750
1785205417.011396170,8,174.218750,10113.000
1785205417.011396170,15,182.453125,7833.500
1785205417.011396170,15,184.078125,7921.250
1785205417.011396170,15,188.203125,1358.000
1785205417.011396170,15,189.875000,1339.000
1785205417.011396170,15,194.812500,1219.750
1785205417.011396170,15,196.453125,1213.000
1785205417.011396170,15,198.093750,1226.000
1785205417.011396170,15,199.671875,1240.500
1785205417.011396170,11,229.468750,11756.500
1785205417.011396170,15,248.968750,9120.750
1785205417.011396170,15,250.609375,9020.500
1785205417.011396170,15,252.234375,8950.000
1785205417.011396170,15,253.859375,8868.500
1785205417.011396170,15,255.500000,8692.250
1785205417.011396170,15,263.609375,8367.750
1785205417.011396170,15,265.234375,8309.250
1785205417.011396170,15,266.859375,8357.250
1785205417.011396170,15,270.093750,8769.500
1785205417.011396170,15,271.718750,8773.250
1785205417.011396170,15,273.343750,8771.500
1785205417.011396170,15,274.984375,8764.750
1785205417.011396170,15,276.593750,8760.000
1785205417.011396170,15,278.218750,8810.500
1785205417.011396170,15,279.828125,8839.000
1785205417.011396170,15,281.453125,8707.250
1785205417.011396170,15,284.718750,8211.000
1785205417.011396170,15,286.328125,8285.000
1785205417.011396170,15,287.953125,8377.250
1785205417.011396170,15,291.203125,8952.250
1785205417.011396170,15,292.812500,9034.750
1785205417.011396170,15,294.437500,9152.500
1785205417.011396170,15,296.046875,9246.000
1785205417.011396170,14,297.671875,9332.750
1785205417.011396170,15,299.375000,9450.250
1785205417.011396170,15,301.000000,9601.250
1785205417.011396170,15,302.609375,9822.000
1785205417.011396170,15,304.234375,9992.000
1785205417.011396170,15,305.859375,10160.500
1785205417.011396170,12,307.484375,10421.750
1785205417.011396170,7,309.109375,10677.250
1785205417.011396170,12,325.437500,8937.000
1785205417.011396170,15,330.328125,8187.750
1785205417.011396170,12,335.234375,7813.500
1785205417.125459909,15,15.671875,448.000
1785205417.125459909,15,17.500000,456.000
1785205417.125459909,15,18.859375,465.750
1785205417.125459909,15,20.593750,468.750
1785205417.125459909,15,22.015625,465.250
1785205417.125459909,8,170.109375,10192.000
1785205417.125459909,8,171.734375,10175.750
1785205417.125459909,9,174.984375,10134.500
1785205417.125459909,15,190.609375,1332.250
1785205417.125459909,15,195.546875,1206.750
1785205417.125459909,15,197.203125,1212.000
1785205417.125459909,10,220.421875,9758.000
1785205417.125459909,14,228.500000,11934.000
1785205417.125459909,15,249.609375,9117.750
1785205417.125459909,15,251.296875,8994.250
1785205417.125459909,15,252.921875,8893.500
1785205417.125459909,15,256.171875,8763.750
1785205417.125459909,15,257.812500,8556.750
1785205417.125459909,15,259.421875,8446.000
1785205417.125459909,15,261.062500,8417.000
1785205417.125459909,15,262.687500,8403.750
1785205417.125459909,15,264.312500,8349.000
1785205417.125459909,15,265.921875,8362.250
1785205417.125459909,15,267.546875,8514.250
1785205417.125459909,15,269.171875,8660.250
1785205417.125459909,15,270.796875,8733.250
1785205417.125459909,15,272.421875,8746.250
1785205417.125459909,15,274.031250,8730.750
1785205417.125459909,15,275.609375,8787.250
1785205417.125459909,15,277.234375,8863.500
1785205417.125459909,15,278.859375,8846.500
1785205417.125459909,15,280.468750,8747.750
1785205417.125459909,15,283.718750,8185.500
1785205417.125459909,15,285.343750,8201.250
1785205417.125459909,15,286.953125,8301.000
1785205417.125459909,15,290.203125,8911.000
1785205417.125459909,15,291.796875,9011.250
1785205417.125459909,15,293.437500,9115.250
1785205417.125459909,15,295.062500,9150.750
1785205417.125459909,15,296.671875,9244.000
1785205417.125459909,15,298.375000,9376.000
1785205417.125459909,15,299.984375,9503.750
1785205417.125459909,15,301.625000,9681.250
1785205417.125459909,15,303.250000,9888.500
1785205417.125459909,15,304.875000,10064.750
1785205417.125459909,9,306.500000,10192.750
1785205417.125459909,15,329.343750,8304.750
1785205417.125459909,15,330.968750,8146.000
1785205417.125459909,9,335.875000,7799.000
1785205417.239454031,15,14.750000,442.000
1785205417.239454031,15,16.375000,443.000
1785205417.239454031,15,17.750000,453.000
1785205417.239454031,15,19.546875,460.750
1785205417.239454031,15,21.125000,459.500
1785205417.239454031,8,175.546875,10095.500
1785205417.239454031,15,183.703125,7797.500
1785205417.239454031,15,187.828125,1345.250
1785205417.239454031,15,189.468750,1333.500
1785205417.239454031,15,191.156250,1322.250
1785205417.239454031,15,196.078125,1199.500
1785205417.239454031,14,197.703125,1216.250
1785205417.239454031,11,229.078125,11832.750
1785205417.239454031,15,248.593750,9171.250
1785205417.239454031,15,250.250000,9077.500
1785205417.239454031,15,251.875000,9017.500
1785205417.239454031,15,253.515625,8920.000
1785205417.239454031,15,255.125000,8758.000
1785205417.239454031,15,256.765625,8605.500
1785205417.239454031,15,258.390625,8526.750
1785205417.239454031,15,260.031250,8458.000
1785205417.239454031,15,261.640625,8398.250
1785205417.239454031,15,263.281250,8389.500
1785205417.239454031,15,264.906250,8340.250
1785205417.239454031,15,266.515625,8331.750
1785205417.239454031,15,269.765625,8730.750
1785205417.239454031,15,271.390625,8776.750
1785205417.239454031,15,273.015625,8793.500
1785205417.239454031,15,274.609375,8782.000
1785205417.239454031,15,276.218750,8804.750
1785205417.239454031,15,277.843750,8823.000
1785205417.239454031,15,279.468750,8838.250
1785205417.239454031,15,284.328125,8242.000
1785205417.239454031,15,285.953125,8286.500
1785205417.239454031,15,287.562500,8349.500
1785205417.239454031,15,290.812500,8904.250
1785205417.239454031,15,292.437500,9003.000
1785205417.239454031,15,294.046875,9083.500
1785205417.239454031,15,295.656250,9204.750
1785205417.239454031,15,297.296875,9304.250
1785205417.239454031,15,299.000000,9404.000
1785205417.239454031,15,300.625000,9546.250
1785205417.239454031,15,302.250000,9747.500
1785205417.239454031,15,303.875000,9960.750
1785205417.239454031,13,305.500000,10184.000
1785205417.239454031,9,307.125000,10348.500
1785205417.239454031,13,325.109375,8944.250
1785205417.239454031,15,330.031250,8235.250
1785205417.350868940,15,15.484375,432.500
1785205417.350868940,15,17.093750,441.000
1785205417.350868940,15,18.593750,450.250
1785205417.350868940,15,20.453125,451.500
1785205417.350868940,15,22.046875,448.000
1785205417.350868940,7,169.984375,10227.250
1785205417.350868940,15,183.000000,7939.750
1785205417.350868940,15,190.390625,1338.500
1785205417.350868940,15,195.421875,1210.250
1785205417.350868940,15,196.968750,1213.250
1785205417.350868940,14,228.390625,11876.500
1785205417.350868940,15,249.531250,9094.500
1785205417.350868940,15,251.171875,9028.250
1785205417.350868940,15,252.781250,8972.500
1785205417.350868940,15,257.671875,8574.250
1785205417.350868940,15,259.296875,8490.000
1785205417.350868940,15,260.921875,8420.250
1785205417.350868940,15,262.546875,8403.750
1785205417.350868940,15,264.156250,8355.500
1785205417.350868940,15,265.781250,8368.750
1785205417.350868940,15,267.406250,8507.250
1785205417.350868940,15,269.031250,8696.000
1785205417.350868940,15,270.656250,8771.750
1785205417.350868940,15,272.281250,8762.250
1785205417.350868940,15,273.890625,8753.000
1785205417.350868940,15,275.468750,8758.250
1785205417.350868940,15,277.078125,8832.500
1785205417.350868940,15,278.703125,8871.750
1785205417.350868940,15,285.203125,8291.250
1785205417.350868940,15,286.828125,8362.250
1785205417.350868940,15,290.046875,8887.500
1785205417.350868940,15,291.656250,9010.250
1785205417.350868940,15,293.296875,9118.750
1785205417.350868940,15,294.906250,9175.000
1785205417.350868940,15,296.515625,9231.000
1785205417.350868940,15,298.250000,9328.500
1785205417.350868940,15,299.875000,9502.500
1785205417.350868940,15,301.500000,9678.750
1785205417.350868940,15,303.125000,9852.000
1785205417.350868940,15,304.750000,10048.500
1785205417.350868940,12,306.375000,10215.000
1785205417.350868940,8,309.625000,10899.250
1785205417.350868940,15,329.296875,8365.500
1785205417.350868940,15,330.921875,8171.000
1785205417.350868940,8,335.843750,7758.500
1785205417.466838121,15,14.750000,426.000
1785205417.466838121,15,16.250000,425.500
1785205417.466838121,15,17.843750,435.250
1785205417.466838121,15,19.468750,442.500
1785205417.466838121,15,21.109375,441.500
1785205417.466838121,7,164.312500,10524.250
1785205417.466838121,7,165.953125,10300.000
1785205417.466838121,8,175.718750,10205.250
1785205417.466838121,15,183.875000,7839.750
1785205417.466838121,15,188.031250,1353.500
1785205417.466838121,15,189.671875,1340.000
1785205417.466838121,15,194.625000,1226.250
1785205417.466838121,15,196.250000,1217.250
1785205417.466838121,12,197.890625,1224.250
1785205417.466838121,10,199.515625,1245.250
1785205417.466838121,14,221.187500,9721.750
1785205417.466838121,15,229.265625,11811.000
1785205417.466838121,15,248.796875,9175.250
1785205417.466838121,15,250.406250,9058.750
1785205417.466838121,15,252.015625,8952.500
1785205417.466838121,15,253.640625,8883.000
1785205417.466838121,15,255.265625,8742.000
1785205417.466838121,15,256.890625,8584.250
1785205417.466838121,15,260.140625,8488.750
1785205417.466838121,15,261.750000,8400.500
1785205417.466838121,15,263.375000,8352.750
1785205417.466838121,15,265.000000,8304.000
1785205417.466838121,15,266.625000,8339.000
1785205417.466838121,15,269.859375,8726.750
1785205417.466838121,15,271.468750,8681.250
1785205417.466838121,15,273.109375,8754.000
1785205417.466838121,15,274.718750,8749.250
1785205417.466838121,15,276.328125,8760.500
1785205417.466838121,15,277.968750,8816.500
1785205417.466838121,15,279.593750,8840.000
1785205417.466838121,15,284.453125,8236.000
1785205417.466838121,15,286.078125,8317.250
1785205417.466838121,15,287.703125,8381.250
1785205417.466838121,15,290.937500,8905.000
1785205417.466838121,15,292.546875,9027.250
1785205417.466838121,15,294.171875,9160.500
1785205417.466838121,15,295.781250,9204.000
1785205417.466838121,15,297.406250,9306.750
1785205417.466838121,15,299.171875,9414.500
1785205417.466838121,15,300.812500,9596.250
1785205417.466838121,15,302.421875,9818.250
1785205417.466838121,14,304.046875,9970.250
1785205417.466838121,15,305.687500,10128.750
1785205417.466838121,12,307.312500,10381.500
1785205417.466838121,15,330.203125,8234.500
1785205417.577191830,15,15.828125,419.500
1785205417.577191830,15,17.234375,426.750
1785205417.577191830,15,18.875000,437.750
1785205417.577191830,15,20.468750,441.750
1785205417.577191830,15,190.546875,1337.500
1785205417.577191830,15,195.484375,1206.750
1785205417.577191830,15,197.171875,1211.500
1785205417.577191830,7,220.500000,9756.500
1785205417.577191830,12,228.562500,11936.000
1785205417.577191830,15,248.093750,9219.750
1785205417.577191830,15,249.718750,9162.750
1785205417.577191830,15,251.343750,9009.250
1785205417.577191830,15,252.953125,8897.000
1785205417.577191830,15,256.203125,8764.000
1785205417.577191830,15,257.828125,8594.750
1785205417.577191830,15,259.453125,8486.750
1785205417.577191830,15,261.078125,8424.750
1785205417.577191830,15,262.703125,8416.250
1785205417.577191830,15,264.343750,8356.250
1785205417.577191830,15,265.953125,8360.750
1785205417.577191830,15,267.562500,8518.750
1785205417.577191830,15,269.187500,8686.250
1785205417.577191830,15,270.812500,8752.500
1785205417.577191830,15,272.437500,8743.250
1785205417.577191830,15,274.062500,8738.250
1785205417.577191830,15,275.640625,8789.000
1785205417.577191830,15,277.265625,8852.500
1785205417.577191830,15,278.890625,8845.750
1785205417.577191830,15,280.515625,8749.000
1785205417.577191830,15,283.750000,8217.000
1785205417.577191830,15,285.375000,8245.250
1785205417.577191830,15,287.000000,8308.750
1785205417.577191830,15,290.218750,8910.750
1785205417.577191830,15,291.843750,9013.000
1785205417.577191830,15,293.453125,9119.000
1785205417.577191830,15,295.078125,9155.500
1785205417.577191830,15,296.687500,9248.750
1785205417.577191830,15,298.437500,9376.000
1785205417.577191830,15,300.078125,9509.000
1785205417.577191830,15,301.703125,9686.250
1785205417.577191830,15,303.328125,9887.000
1785205417.577191830,15,304.953125,10074.750
1785205417.577191830,11,311.453125,11450.750
1785205417.577191830,15,329.437500,8307.000
1785205417.577191830,15,331.078125,8144.000
1785205417.577191830,8,335.968750,7811.000
1785205417.691791773,15,15.031250,424.000
1785205417.691791773,15,16.796875,423.750
1785205417.691791773,15,17.968750,435.000
1785205417.691791773,15,19.921875,444.250
1785205417.691791773,15,21.265625,443.500
1785205417.691791773,8,174.218750,10106.000
1785205417.691791773,15,182.421875,7812.000
1785205417.691791773,15,184.031250,7856.500
1785205417.691791773,15,188.156250,1358.000
1785205417.691791773,15,189.781250,1338.250
1785205417.691791773,15,194.781250,1219.000
1785205417.691791773,15,196.421875,1212.500
1785205417.691791773,15,198.000000,1225.750
1785205417.691791773,15,199.656250,1240.500
1785205417.691791773,12,229.484375,11759.000
1785205417.691791773,15,249.031250,9139.250
1785205417.691791773,15,250.640625,9059.500
1785205417.691791773,15,252.265625,8962.500
1785205417.691791773,15,253.890625,8857.750
1785205417.691791773,15,255.515625,8722.750
1785205417.691791773,15,263.656250,8343.000
1785205417.691791773,15,265.281250,8299.750
1785205417.691791773,15,266.906250,8345.250
1785205417.691791773,15,270.140625,8764.000
1785205417.691791773,15,271.765625,8774.500
1785205417.691791773,15,273.390625,8778.000
1785205417.691791773,15,275.000000,8773.500
1785205417.691791773,15,276.625000,8764.500
1785205417.691791773,15,278.250000,8803.750
1785205417.691791773,15,279.859375,8832.250
1785205417.691791773,15,281.500000,8704.000
1785205417.691791773,15,284.750000,8210.250
1785205417.691791773,15,286.375000,8280.000
1785205417.691791773,15,288.000000,8369.000
1785205417.691791773,15,291.234375,8952.250
1785205417.691791773,15,292.859375,8997.000
1785205417.691791773,15,294.468750,9117.750
1785205417.691791773,15,296.093750,9248.500
1785205417.691791773,15,297.718750,9325.750
1785205417.691791773,15,299.406250,9431.750
1785205417.691791773,15,301.046875,9608.500
1785205417.691791773,15,302.671875,9844.500
1785205417.691791773,15,304.296875,10034.000
1785205417.691791773,13,305.921875,10213.500
1785205417.691791773,10,307.546875,10451.000
1785205417.691791773,7,325.484375,8930.500
1785205417.691791773,15,330.375000,8191.500
1785205417.691791773,9,335.281250,7813.750
1785205417.806295156,15,15.921875,422.000
1785205417.806295156,15,17.656250,428.750
1785205417.806295156,15,19.062500,441.000
1785205417.806295156,15,20.718750,447.250
1785205417.806295156,15,22.406250,443.750
1785205417.806295156,15,189.187500,1350.250
1785205417.806295156,15,190.828125,1328.000
1785205417.806295156,15,195.859375,1197.750
1785205417.806295156,13,197.468750,1213.750
1785205417.806295156,11,220.734375,9515.750
1785205417.806295156,11,228.843750,11855.250
1785205417.806295156,15,246.734375,9276.500
1785205417.806295156,15,248.375000,9161.750
1785205417.806295156,15,250.000000,9087.750
1785205417.806295156,15,251.640625,9002.750
1785205417.806295156,15,253.265625,8884.750
1785205417.806295156,15,254.890625,8762.500
1785205417.806295156,15,256.531250,8605.750
1785205417.806295156,15,258.140625,8472.250
1785205417.806295156,15,259.781250,8388.500
1785205417.806295156,15,261.390625,8362.000
1785205417.806295156,15,263.046875,8336.750
1785205417.806295156,15,264.656250,8304.000
1785205417.806295156,15,266.296875,8362.250
1785205417.806295156,15,269.531250,8770.250
1785205417.806295156,15,271.156250,8759.500
1785205417.806295156,15,272.781250,8731.000
1785205417.806295156,15,274.406250,8759.750
1785205417.806295156,15,276.031250,8853.000
1785205417.806295156,15,277.656250,8875.000
1785205417.806295156,15,279.281250,8837.250
1785205417.806295156,15,280.921875,8691.250
1785205417.806295156,15,284.171875,8226.000
1785205417.806295156,15,285.796875,8252.750
1785205417.806295156,15,287.421875,8316.250
1785205417.806295156,15,290.656250,8922.000
1785205417.806295156,15,292.281250,8990.000
1785205417.806295156,15,293.906250,9068.500
1785205417.806295156,15,295.531250,9165.750
1785205417.806295156,15,297.140625,9277.000
1785205417.806295156,15,298.812500,9390.500
1785205417.806295156,15,300.437500,9543.750
1785205417.806295156,15,302.062500,9732.000
1785205417.806295156,15,303.703125,9922.500
1785205417.806295156,15,305.328125,10119.000
1785205417.806295156,11,306.953125,10365.750
1785205417.806295156,9,308.578125,10649.250
1785205417.806295156,10,311.828125,11518.750
1785205417.806295156,11,324.921875,9009.250
1785205417.806295156,15,329.812500,8255.750
1785205417.806295156,15,331.437500,8119.500
1785205417.806295156,10,334.703125,7953.250
1785205417.918737888,15,16.984375,422.500
1785205417.918737888,15,18.578125,426.250
1785205417.918737888,15,21.546875,447.000
1785205417.918737888,15,23.515625,445.000
1785205417.918737888,8,168.156250,10274.750
1785205417.918737888,8,174.640625,10188.250
1785205417.918737888,15,182.875000,7938.750
1785205417.918737888,15,190.328125,1337.750
1785205417.918737888,15,195.250000,1212.750
1785205417.918737888,15,196.937500,1213.500
1785205417.918737888,15,200.140625,1242.500
1785205417.918737888,15,229.890625,11721.250
1785205417.918737888,15,238.031250,10161.250
1785205417.918737888,15,249.421875,9158.000
1785205417.918737888,15,251.046875,9030.250
1785205417.918737888,15,252.687500,8924.000
1785205417.918737888,15,259.187500,8479.750
1785205417.918737888,15,260.812500,8401.500
1785205417.918737888,15,262.437500,8357.750
1785205417.918737888,15,264.078125,8313.750
1785205417.918737888,15,265.703125,8375.250
1785205417.918737888,15,267.312500,8508.750
1785205417.918737888,15,268.921875,8661.500
1785205417.918737888,15,270.562500,8755.250
1785205417.918737888,15,272.187500,8770.000
1785205417.918737888,15,273.796875,8764.750
1785205417.918737888,15,275.406250,8764.500
1785205417.918737888,15,277.046875,8828.000
1785205417.918737888,15,278.656250,8861.000
1785205417.918737888,15,280.281250,8841.500
1785205417.918737888,15,285.171875,8287.250
1785205417.918737888,15,286.781250,8350.750
1785205417.918737888,15,290.015625,8891.750
1785205417.918737888,15,291.625000,9011.500
1785205417.918737888,15,293.265625,9127.000
1785205417.918737888,15,294.890625,9186.750
1785205417.918737888,15,296.515625,9238.250
1785205417.918737888,15,298.218750,9325.500
1785205417.918737888,13,299.828125,9432.750
1785205417.918737888,15,301.468750,9611.000
1785205417.918737888,15,303.078125,9849.750
1785205417.918737888,15,304.718750,10049.250
1785205417.918737888,11,306.343750,10269.000
1785205417.918737888,10,307.953125,10564.000
1785205417.918737888,10,309.578125,10841.250
1785205417.918737888,15,329.234375,8320.000
1785205417.918737888,15,330.859375,8174.750
1785205417.918737888,9,335.750000,7822.750
1785205418.032503128,15,18.109375,422.500
1785205418.032503128,15,19.625000,426.750
1785205418.032503128,15,21.281250,439.250
1785205418.032503128,15,22.875000,446.250
1785205418.032503128,15,24.218750,447.750
1785205418.032503128,7,175.609375,10185.500
1785205418.032503128,15,182.140625,7816.250
1785205418.032503128,15,183.750000,7742.500
1785205418.032503128,15,187.890625,1365.250
1785205418.032503128,15,189.562500,1353.750
1785205418.032503128,15,191.187500,1326.250
1785205418.032503128,13,194.546875,1225.250
1785205418.032503128,15,196.125000,1215.000
1785205418.032503128,13,197.734375,1223.750
1785205418.032503128,14,229.140625,11833.750
1785205418.032503128,15,248.671875,9133.250
1785205418.032503128,15,250.328125,9055.500
1785205418.032503128,15,251.953125,8954.500
1785205418.032503128,15,253.578125,8883.500
1785205418.032503128,15,255.203125,8744.250
1785205418.032503128,15,256.828125,8624.500
1785205418.032503128,9,258.453125,8564.000
1785205418.032503128,15,260.093750,8431.250
1785205418.032503128,15,261.718750,8367.000
1785205418.032503128,15,263.343750,8347.500
1785205418.032503128,15,264.968750,8295.250
1785205418.032503128,15,266.593750,8336.000
1785205418.032503128,15,269.828125,8788.500
1785205418.032503128,15,271.453125,8746.250
1785205418.032503128,15,273.078125,8748.750
1785205418.032503128,15,274.640625,8749.250
1785205418.032503128,15,276.281250,8772.250
1785205418.032503128,15,277.890625,8826.250
1785205418.032503128,15,279.515625,8837.750
1785205418.032503128,15,284.390625,8236.500
1785205418.032503128,15,286.015625,8282.500
1785205418.032503128,15,287.625000,8344.000
1785205418.032503128,15,290.859375,8902.000
1785205418.032503128,15,292.468750,8978.500
1785205418.032503128,15,294.109375,9104.750
1785205418.032503128,15,295.718750,9202.750
1785205418.032503128,15,297.328125,9311.250
1785205418.032503128,15,299.078125,9422.250
1785205418.032503128,15,300.703125,9594.000
1785205418.032503128,15,302.328125,9810.750
1785205418.032503128,15,303.953125,9965.500
1785205418.032503128,12,305.578125,10118.250
1785205418.032503128,11,307.203125,10303.250
1785205418.032503128,15,330.125000,8230.000
1785205418.143542051,15,19.234375,422.750
1785205418.143542051,15,22.187500,441.000
1785205418.143542051,15,23.703125,447.500
1785205418.143542051,15,183.031250,7871.500
1785205418.143542051,15,190.437500,1337.250
1785205418.143542051,15,195.437500,1207.000
1785205418.143542051,15,197.015625,1212.500
1785205418.143542051,10,220.343750,9747.750
1785205418.143542051,13,228.453125,11877.750
1785205418.143542051,15,249.593750,9152.750
1785205418.143542051,15,251.218750,9013.500
1785205418.143542051,15,252.843750,8911.500
1785205418.143542051,15,257.734375,8509.500
1785205418.143542051,15,259.343750,8486.500
1785205418.143542051,15,260.968750,8427.750
1785205418.143542051,15,262.609375,8405.250
1785205418.143542051,15,264.218750,8362.000
1785205418.143542051,15,265.843750,8370.250
1785205418.143542051,15,267.468750,8499.500
1785205418.143542051,15,269.093750,8691.500
1785205418.143542051,15,270.718750,8772.250
1785205418.143542051,15,272.343750,8722.750
1785205418.143542051,15,273.968750,8716.000
1785205418.143542051,15,275.531250,8780.750
1785205418.143542051,15,277.140625,8851.000
1785205418.143542051,15,278.765625,8856.250
1785205418.143542051,12,280.375000,8716.250
1785205418.143542051,15,285.250000,8241.750
1785205418.143542051,15,286.859375,8309.000
1785205418.143542051,15,290.109375,8906.250
1785205418.143542051,15,291.703125,9016.250
1785205418.143542051,15,293.343750,9123.750
1785205418.143542051,13,294.953125,9157.000
1785205418.143542051,15,296.578125,9245.500
1785205418.143542051,15,298.312500,9356.500
1785205418.143542051,15,299.937500,9475.500
1785205418.143542051,15,301.562500,9594.750
1785205418.143542051,15,304.796875,10067.250
1785205418.143542051,13,306.437500,10200.500
1785205418.143542051,15,329.312500,8351.250
1785205418.143542051,15,330.937500,8170.000
1785205418.143542051,9,335.828125,7782.250
1785205418.258985996,15,19.562500,427.250
1785205418.258985996,15,22.593750,441.500
1785205418.258985996,15,24.234375,452.000
1785205418.258985996,8,175.531250,10173.250
1785205418.258985996,15,183.718750,7791.750
1785205418.258985996,15,187.875000,1343.250
1785205418.258985996,15,189.500000,1331.000
1785205418.258985996,15,196.109375,1202.750
1785205418.258985996,14,197.671875,1219.750
1785205418.258985996,11,229.125000,11830.250
1785205418.258985996,15,248.671875,9134.000
1785205418.258985996,15,250.265625,9079.000
1785205418.258985996,15,251.890625,9009.500
1785205418.258985996,15,253.515625,8913.250
1785205418.258985996,15,255.140625,8755.000
1785205418.258985996,15,256.765625,8615.500
1785205418.258985996,15,258.390625,8510.500
1785205418.258985996,15,260.000000,8421.250
1785205418.258985996,15,261.640625,8386.250
1785205418.258985996,15,263.250000,8393.250
1785205418.258985996,15,264.890625,8343.250
1785205418.258985996,15,266.500000,8335.000
1785205418.258985996,15,269.734375,8773.500
1785205418.258985996,15,271.359375,8744.500
1785205418.258985996,15,272.984375,8749.500
1785205418.258985996,15,274.578125,8786.250
1785205418.258985996,15,276.187500,8809.750
1785205418.258985996,15,277.812500,8833.750
1785205418.258985996,15,279.437500,8845.500
1785205418.258985996,15,284.312500,8241.250
1785205418.258985996,15,285.921875,8280.000
1785205418.258985996,15,287.531250,8372.500
1785205418.258985996,15,290.781250,8894.500
1785205418.258985996,15,292.406250,8980.750
1785205418.258985996,15,294.015625,9101.000
1785205418.258985996,15,295.625000,9204.250
1785205418.258985996,15,297.250000,9305.000
1785205418.258985996,15,299.015625,9407.000
1785205418.258985996,15,300.640625,9549.250
1785205418.258985996,15,302.265625,9753.250
1785205418.258985996,15,303.890625,9968.500
1785205418.258985996,14,305.515625,10150.750
1785205418.258985996,10,307.140625,10368.500
1785205418.258985996,7,308.765625,10642.500
1785205418.258985996,14,325.093750,8939.000
1785205418.258985996,15,330.000000,8232.750
1785205418.373884916,15,18.578125,458.000
1785205418.373884916,15,23.656250,455.000
1785205418.373884916,7,171.312500,10084.750
1785205418.373884916,8,172.937500,10061.500
1785205418.373884916,15,182.750000,7753.750
1785205418.373884916,15,190.156250,1336.750
1785205418.373884916,14,195.156250,1210.500
1785205418.373884916,15,196.703125,1209.000
1785205418.373884916,10,229.765625,11718.500
1785205418.373884916,15,237.906250,10139.750
1785205418.373884916,15,249.281250,9065.500
1785205418.373884916,15,250.890625,8956.750
1785205418.373884916,15,252.515625,8906.000
1785205418.373884916,15,259.000000,8482.000
1785205418.373884916,15,260.625000,8427.750
1785205418.373884916,15,262.234375,8347.500
1785205418.373884916,15,263.875000,8319.250
1785205418.373884916,15,265.484375,8314.000
1785205418.373884916,15,267.125000,8340.000
1785205418.373884916,15,270.343750,8737.750
1785205418.373884916,15,271.968750,8733.500
1785205418.373884916,15,273.593750,8744.250
1785205418.373884916,15,275.218750,8768.750
1785205418.373884916,15,276.843750,8779.000
1785205418.373884916,15,278.468750,8805.500
1785205418.373884916,15,280.093750,8850.250
1785205418.373884916,15,284.968750,8274.500
1785205418.373884916,15,286.593750,8362.250
1785205418.373884916,15,288.203125,8478.250
1785205418.373884916,15,291.437500,8938.500
1785205418.373884916,15,293.062500,9025.750
1785205418.373884916,15,294.687500,9114.250
1785205418.373884916,15,296.312500,9196.500
1785205418.373884916,15,297.921875,9347.500
1785205418.373884916,14,299.656250,9498.750
1785205418.373884916,15,301.281250,9651.000
1785205418.373884916,15,302.890625,9855.000
1785205418.373884916,15,304.531250,10045.500
1785205418.373884916,14,306.156250,10195.750
1785205418.373884916,15,327.359375,8580.000
1785205418.373884916,15,328.984375,8350.500
1785205418.373884916,15,330.625000,8171.250
1785205418.373884916,8,335.515625,7769.500
1785205418.484848022,15,140.859375,99.250
1785205418.484848022,15,183.437500,7952.750
1785205418.484848022,15,190.859375,1327.750
1785205418.484848022,15,195.812500,1197.250
1785205418.484848022,13,197.421875,1216.250
1785205418.484848022,11,220.718750,9519.250
1785205418.484848022,11,228.796875,11849.750
1785205418.484848022,15,246.671875,9277.750
1785205418.484848022,15,248.312500,9158.500
1785205418.484848022,15,249.921875,9081.000
1785205418.484848022,15,251.562500,8997.000
1785205418.484848022,15,253.203125,8884.750
1785205418.484848022,15,254.828125,8767.250
1785205418.484848022,9,256.453125,8605.500
1785205418.484848022,15,258.078125,8394.500
1785205418.484848022,15,259.687500,8365.500
1785205418.484848022,15,262.937500,8227.250
1785205418.484848022,15,264.562500,8302.250
1785205418.484848022,15,266.187500,8366.000
1785205418.484848022,15,269.421875,8761.500
1785205418.484848022,15,271.046875,8763.000
1785205418.484848022,15,272.671875,8763.250
1785205418.484848022,15,274.296875,8762.500
1785205418.484848022,15,275.921875,8753.500
1785205418.484848022,15,277.546875,8781.750
1785205418.484848022,15,279.171875,8821.000
1785205418.484848022,15,280.796875,8742.250
1785205418.484848022,15,284.046875,8206.750
1785205418.484848022,15,285.671875,8250.750
1785205418.484848022,15,287.296875,8368.750
1785205418.484848022,15,290.531250,8922.750
1785205418.484848022,15,292.156250,9017.250
1785205418.484848022,15,293.781250,9099.250
1785205418.484848022,15,295.390625,9184.000
1785205418.484848022,15,297.015625,9274.500
1785205418.484848022,15,298.734375,9383.250
1785205418.484848022,15,300.359375,9539.750
1785205418.484848022,15,301.984375,9726.000
1785205418.484848022,15,303.609375,9917.000
1785205418.484848022,15,305.234375,10121.250
1785205418.484848022,12,306.875000,10308.250
1785205418.484848022,12,311.734375,11595.500
1785205418.484848022,13,324.812500,9017.000
1785205418.484848022,15,329.703125,8256.250
1785205418.484848022,15,331.343750,8121.750
1785205418.599879980,15,18.484375,468.000
1785205418.599879980,7,174.390625,10102.000
1785205418.599879980,15,182.609375,7825.000
1785205418.599879980,15,184.218750,7873.250
1785205418.599879980,15,189.984375,1338.000
1785205418.599879980,15,195.031250,1217.000
1785205418.599879980,15,196.656250,1214.250
1785205418.599879980,15,198.265625,1227.500
1785205418.599879980,12,227.921875,11933.500
1785205418.599879980,10,229.546875,11740.000
1785205418.599879980,15,233.171875,2783.500
1785205418.599879980,15,249.031250,9121.000
1785205418.599879980,15,250.687500,9063.000
1785205418.599879980,15,252.312500,8998.000
1785205418.599879980,15,253.937500,8891.500
1785205418.599879980,15,255.562500,8723.000
1785205418.599879980,15,258.812500,8515.250
1785205418.599879980,14,260.421875,8397.750
1785205418.599879980,15,262.062500,8367.000
1785205418.599879980,15,263.687500,8339.000
1785205418.599879980,15,265.296875,8300.750
1785205418.599879980,15,266.937500,8347.250
1785205418.599879980,15,270.171875,8763.250
1785205418.599879980,15,271.781250,8773.750
1785205418.599879980,15,273.406250,8776.250
1785205418.599879980,15,275.015625,8768.750
1785205418.599879980,15,276.640625,8767.500
1785205418.599879980,15,278.265625,8809.250
1785205418.599879980,15,279.890625,8833.750
1785205418.599879980,15,281.500000,8704.000
1785205418.599879980,15,284.765625,8211.750
1785205418.599879980,15,286.390625,8276.750
1785205418.599879980,15,288.000000,8364.500
1785205418.599879980,15,291.218750,8957.250
1785205418.599879980,15,292.859375,9005.250
1785205418.599879980,15,294.484375,9118.750
1785205418.599879980,15,296.093750,9250.000
1785205418.599879980,15,297.718750,9324.000
1785205418.599879980,14,299.406250,9428.750
1785205418.599879980,15,301.031250,9605.500
1785205418.599879980,15,302.656250,9835.750
1785205418.599879980,15,304.281250,10028.250
1785205418.599879980,13,305.906250,10208.750
1785205418.599879980,11,307.531250,10450.500
1785205418.599879980,12,325.468750,8924.750
1785205418.599879980,15,330.359375,8196.250
1785205418.599879980,10,335.265625,7818.500
1785205418.710473061,15,18.937500,465.250
1785205418.710473061,8,171.828125,10204.500
1785205418.710473061,11,173.453125,10116.250
1785205418.710473061,10,175.078125,10035.250
1785205418.710473061,15,190.687500,1332.250
1785205418.710473061,15,195.640625,1202.000
1785205418.710473061,12,197.343750,1212.000
1785205418.710473061,15,228.640625,11934.500
1785205418.710473061,15,248.125000,9186.250
1785205418.710473061,15,249.750000,9102.000
1785205418.710473061,15,251.406250,9026.250
1785205418.710473061,15,253.031250,8930.500
1785205418.710473061,9,254.640625,8758.000
1785205418.710473061,15,256.281250,8627.250
1785205418.710473061,15,257.890625,8565.250
1785205418.710473061,15,259.515625,8483.000
1785205418.710473061,15,262.765625,8269.000
1785205418.710473061,15,264.390625,8349.000
1785205418.710473061,15,266.015625,8365.000
1785205418.710473061,15,267.640625,8531.250
1785205418.710473061,15,269.250000,8628.000
1785205418.710473061,15,270.875000,8687.750
1785205418.710473061,15,272.500000,8749.000
1785205418.710473061,15,274.125000,8741.000
1785205418.710473061,15,275.687500,8771.750
1785205418.710473061,15,277.296875,8808.500
1785205418.710473061,15,278.921875,8816.750
1785205418.710473061,15,280.546875,8753.000
1785205418.710473061,15,283.781250,8207.750
1785205418.710473061,15,285.406250,8258.000
1785205418.710473061,15,287.031250,8325.250
1785205418.710473061,15,290.250000,8900.250
1785205418.710473061,15,291.875000,8958.250
1785205418.710473061,15,293.484375,9078.000
1785205418.710473061,15,295.093750,9165.500
1785205418.710473061,15,296.734375,9253.250
1785205418.710473061,15,298.453125,9368.000
1785205418.710473061,15,300.078125,9508.500
1785205418.710473061,15,301.687500,9675.750
1785205418.710473061,15,303.328125,9874.500
1785205418.710473061,15,304.937500,10075.000
1785205418.710473061,10,311.421875,11461.500
1785205418.710473061,15,329.437500,8311.000
1785205418.710473061,15,331.078125,8143.750
1785205418.710473061,10,335.968750,7813.000
1785205418.824988842,15,19.890625,453.500
1785205418.824988842,15,21.375000,443.500
1785205418.824988842,8,175.640625,10192.250
1785205418.824988842,15,183.796875,7751.500
1785205418.824988842,15,187.953125,1350.750
1785205418.824988842,15,189.531250,1338.000
1785205418.824988842,15,191.218750,1317.250
1785205418.824988842,15,194.546875,1227.500
1785205418.824988842,15,196.140625,1217.250
1785205418.824988842,14,197.765625,1222.750
1785205418.824988842,12,229.171875,11820.000
1785205418.824988842,15,248.687500,9135.750
1785205418.824988842,15,250.312500,9057.750
1785205418.824988842,15,251.937500,8963.750
1785205418.824988842,15,253.546875,8887.750
1785205418.824988842,15,255.187500,8743.500
1785205418.824988842,15,256.812500,8618.250
1785205418.824988842,15,258.437500,8562.500
1785205418.824988842,15,260.062500,8498.750
1785205418.824988842,15,261.687500,8421.000
1785205418.824988842,15,263.296875,8354.750
1785205418.824988842,15,264.937500,8309.750
1785205418.824988842,15,266.546875,8334.750
1785205418.824988842,15,269.796875,8760.250
1785205418.824988842,15,271.406250,8742.250
1785205418.824988842,15,273.031250,8756.000
1785205418.824988842,15,274.593750,8788.500
1785205418.824988842,15,276.218750,8814.750
1785205418.824988842,15,277.843750,8827.000
1785205418.824988842,15,279.468750,8833.750
1785205418.824988842,15,284.328125,8223.000
1785205418.824988842,15,285.937500,8278.250
1785205418.824988842,15,287.546875,8350.750
1785205418.824988842,15,290.781250,8879.750
1785205418.824988842,15,292.406250,8989.250
1785205418.824988842,15,294.015625,9108.500
1785205418.824988842,15,295.640625,9212.750
1785205418.824988842,15,297.250000,9300.250
1785205418.824988842,15,298.953125,9398.000
1785205418.824988842,15,300.578125,9541.500
1785205418.824988842,15,302.203125,9745.000
1785205418.824988842,15,303.812500,9963.000
1785205418.824988842,14,305.437500,10177.000
1785205418.824988842,10,307.062500,10396.250
1785205418.824988842,8,311.906250,11652.000
1785205418.824988842,15,325.031250,8945.750
1785205418.824988842,15,329.921875,8237.250
1785205418.824988842,15,331.562500,8125.500
1785205418.940112829,15,21.859375,445.000
1785205418.940112829,8,171.187500,10065.000
1785205418.940112829,15,182.578125,7821.750
1785205418.940112829,15,184.203125,7876.750
1785205418.940112829,15,190.000000,1339.500
1785205418.940112829,15,194.984375,1218.500
1785205418.940112829,15,196.531250,1212.500
1785205418.940112829,15,198.125000,1225.750
1785205418.940112829,15,199.812500,1237.500
1785205418.940112829,13,227.968750,11948.000
1785205418.940112829,13,229.578125,11729.250
1785205418.940112829,15,249.109375,9133.000
1785205418.940112829,15,250.734375,9077.250
1785205418.940112829,15,252.343750,9003.750
1785205418.940112829,15,253.984375,8852.000
1785205418.940112829,15,255.609375,8687.000
1785205418.940112829,15,258.843750,8522.500
1785205418.940112829,15,260.484375,8406.500
1785205418.940112829,15,262.109375,8369.000
1785205418.940112829,15,263.734375,8332.750
1785205418.940112829,15,265.359375,8299.750
1785205418.940112829,15,266.968750,8350.500
1785205418.940112829,15,270.218750,8764.000
1785205418.940112829,15,271.828125,8773.000
1785205418.940112829,15,273.468750,8776.000
1785205418.940112829,15,275.015625,8765.750
1785205418.940112829,15,276.640625,8770.750
1785205418.940112829,15,278.265625,8813.500
1785205418.940112829,15,279.875000,8832.500
1785205418.940112829,15,281.515625,8705.000
1785205418.940112829,15,284.750000,8211.250
1785205418.940112829,15,286.375000,8274.750
1785205418.940112829,15,287.984375,8361.500
1785205418.940112829,15,291.218750,8961.750
1785205418.940112829,15,292.828125,9015.250
1785205418.940112829,15,294.453125,9123.750
1785205418.940112829,15,296.078125,9253.000
1785205418.940112829,15,297.687500,9321.250
1785205418.940112829,15,299.421875,9419.000
1785205418.940112829,15,301.062500,9599.750
1785205418.940112829,15,302.687500,9832.750
1785205418.940112829,15,304.312500,10018.500
1785205418.940112829,15,305.937500,10198.250
1785205418.940112829,10,307.546875,10448.500
1785205418.940112829,8,325.500000,8920.750
1785205418.940112829,15,330.406250,8195.750
1785205418.940112829,9,335.312500,7818.500
1785205419.051064014,15,18.781250,460.250
1785205419.051064014,15,20.625000,451.250
1785205419.051064014,15,24.062500,423.750
1785205419.051064014,15,190.484375,1337.000
1785205419.051064014,15,195.500000,1207.000
1785205419.051064014,15,197.109375,1212.000
1785205419.051064014,10,220.390625,9714.500
1785205419.051064014,13,228.484375,11918.750
1785205419.051064014,15,249.609375,9146.750
1785205419.051064014,15,251.234375,9004.500
1785205419.051064014,15,252.859375,8911.500
1785205419.051064014,15,257.734375,8466.250
1785205419.051064014,15,259.343750,8443.500
1785205419.051064014,15,260.968750,8423.250
1785205419.051064014,15,262.609375,8397.750
1785205419.051064014,15,264.234375,8359.750
1785205419.051064014,15,265.843750,8368.250
1785205419.051064014,15,267.468750,8495.250
1785205419.051064014,15,269.078125,8686.750
1785205419.051064014,15,270.687500,8763.500
1785205419.051064014,15,272.328125,8719.500
1785205419.051064014,15,273.937500,8721.500
1785205419.051064014,15,275.546875,8775.500
1785205419.051064014,15,277.171875,8848.250
1785205419.051064014,15,278.781250,8860.500
1785205419.051064014,15,280.421875,8754.250
1785205419.051064014,15,283.656250,8326.250
1785205419.051064014,15,285.281250,8250.750
1785205419.051064014,15,286.906250,8318.000
1785205419.051064014,15,290.125000,8907.750
1785205419.051064014,15,291.734375,9012.750
1785205419.051064014,15,293.375000,9119.500
1785205419.051064014,15,295.000000,9154.750
1785205419.051064014,15,296.609375,9237.750
1785205419.051064014,15,298.375000,9364.500
1785205419.051064014,15,300.000000,9511.000
1785205419.051064014,15,301.625000,9639.250
1785205419.051064014,15,304.890625,10073.000
1785205419.051064014,9,306.500000,10259.250
1785205419.051064014,11,311.390625,11463.500
1785205419.051064014,15,329.359375,8317.250
1785205419.051064014,15,330.984375,8143.250
1785205419.051064014,8,335.875000,7735.500
1785205419.166159868,15,21.250000,448.750
1785205419.166159868,8,175.593750,10134.250
1785205419.166159868,15,183.765625,7750.250
1785205419.166159868,15,187.875000,1351.000
1785205419.166159868,15,189.562500,1337.750
1785205419.166159868,15,191.234375,1316.750
1785205419.166159868,15,194.468750,1227.500
1785205419.166159868,15,196.093750,1217.250
1785205419.166159868,14,197.781250,1222.500
1785205419.166159868,11,229.156250,11818.750
1785205419.166159868,15,248.671875,9134.250
1785205419.166159868,15,250.281250,9061.750
1785205419.166159868,15,251.906250,8968.500
1785205419.166159868,15,253.531250,8889.000
1785205419.166159868,15,255.156250,8747.750
1785205419.166159868,15,256.781250,8613.500
1785205419.166159868,15,258.390625,8558.000
1785205419.166159868,15,260.015625,8463.250
1785205419.166159868,15,261.640625,8378.500
1785205419.166159868,15,263.250000,8385.250
1785205419.166159868,15,264.890625,8343.750
1785205419.166159868,15,266.500000,8331.750
1785205419.166159868,15,269.734375,8760.000
1785205419.166159868,15,271.375000,8748.250
1785205419.166159868,15,272.984375,8763.250
1785205419.166159868,15,274.593750,8789.500
1785205419.166159868,15,276.218750,8813.500
1785205419.166159868,15,277.843750,8826.750
1785205419.166159868,15,279.468750,8833.750
1785205419.166159868,15,284.328125,8225.000
1785205419.166159868,15,285.953125,8284.000
1785205419.166159868,15,287.562500,8358.000
1785205419.166159868,15,290.796875,8883.250
1785205419.166159868,15,292.437500,8985.000
1785205419.166159868,15,294.046875,9096.750
1785205419.166159868,15,295.656250,9207.750
1785205419.166159868,15,297.281250,9299.500
1785205419.166159868,15,299.015625,9400.000
1785205419.166159868,15,300.640625,9546.250
1785205419.166159868,15,302.265625,9753.000
1785205419.166159868,15,303.890625,9967.750
1785205419.166159868,15,305.531250,10155.250
1785205419.166159868,15,307.140625,10373.750
1785205419.166159868,13,325.093750,8943.500
1785205419.166159868,15,329.984375,8236.750
1785205419.166159868,12,331.609375,8133.500
1785205419.280731916,15,20.125000,454.750
1785205419.280731916,15,182.734375,7755.500
1785205419.280731916,15,190.140625,1337.250
1785205419.280731916,14,195.156250,1212.250
1785205419.280731916,15,196.765625,1213.750
1785205419.280731916,15,198.312500,1231.000
1785205419.280731916,11,228.093750,11950.250
1785205419.280731916,12,229.718750,11729.000
1785205419.280731916,15,237.843750,10148.500
1785205419.280731916,15,249.218750,9067.750
1785205419.280731916,15,250.843750,8962.000
1785205419.280731916,15,252.484375,8912.000
1785205419.280731916,15,258.984375,8530.750
1785205419.280731916,15,260.609375,8436.750
1785205419.280731916,15,262.234375,8355.250
1785205419.280731916,15,263.859375,8315.250
1785205419.280731916,15,265.484375,8310.750
1785205419.280731916,15,267.093750,8345.000
1785205419.280731916,15,270.328125,8735.250
1785205419.280731916,15,271.953125,8728.000
1785205419.280731916,15,273.578125,8744.250
1785205419.280731916,15,275.203125,8769.250
1785205419.280731916,15,276.828125,8775.750
1785205419.280731916,15,278.453125,8799.250
1785205419.280731916,15,280.062500,8845.500
1785205419.280731916,15,284.953125,8306.500
1785205419.280731916,15,286.562500,8357.250
1785205419.280731916,15,288.187500,8471.000
1785205419.280731916,15,291.421875,8943.250
1785205419.280731916,15,293.031250,9027.000
1785205419.280731916,15,294.656250,9113.000
1785205419.280731916,15,296.281250,9200.250
1785205419.280731916,15,297.906250,9310.000
1785205419.280731916,15,299.593750,9463.250
1785205419.280731916,15,301.234375,9659.250
1785205419.280731916,15,302.843750,9866.500
1785205419.280731916,15,304.468750,10054.750
1785205419.280731916,15,306.093750,10276.250
1785205419.280731916,9,307.718750,10537.000
1785205419.280731916,15,328.937500,8363.500
1785205419.280731916,15,330.562500,8192.500
1785205419.280731916,8,335.453125,7781.500
1785205419.391523123,15,19.437500,457.250
1785205419.391523123,7,173.500000,10117.250
1785205419.391523123,11,175.125000,10044.000
1785205419.391523123,15,183.328125,7852.500
1785205419.391523123,15,189.125000,1352.500
1785205419.391523123,15,190.703125,1330.750
1785205419.391523123,15,195.718750,1199.250
1785205419.391523123,13,197.375000,1212.500
1785205419.391523123,15,228.671875,11904.750
1785205419.391523123,15,248.171875,9143.250
1785205419.391523123,15,249.781250,9095.000
1785205419.391523123,15,251.437500,9014.000
1785205419.391523123,15,253.062500,8921.000
1785205419.391523123,15,254.687500,8753.750
1785205419.391523123,15,256.312500,8624.250
1785205419.391523123,15,257.937500,8489.000
1785205419.391523123,15,259.562500,8405.250
1785205419.391523123,15,264.437500,8343.000
1785205419.391523123,15,266.062500,8367.500
1785205419.391523123,15,267.671875,8540.750
1785205419.391523123,15,269.296875,8637.750
1785205419.391523123,15,270.906250,8688.500
1785205419.391523123,15,272.531250,8748.500
1785205419.391523123,15,274.156250,8742.500
1785205419.391523123,15,275.765625,8769.250
1785205419.391523123,15,277.390625,8803.250
1785205419.391523123,15,279.000000,8819.250
1785205419.391523123,15,280.625000,8758.250
1785205419.391523123,15,283.875000,8205.750
1785205419.391523123,15,285.484375,8255.000
1785205419.391523123,15,287.125000,8317.500
1785205419.391523123,15,290.343750,8900.000
1785205419.391523123,15,291.968750,8962.500
1785205419.391523123,15,293.578125,9084.000
1785205419.391523123,15,295.203125,9174.500
1785205419.391523123,15,296.812500,9259.000
1785205419.391523123,15,298.515625,9361.000
1785205419.391523123,15,300.140625,9504.750
1785205419.391523123,15,301.765625,9709.750
1785205419.391523123,15,303.375000,9905.500
1785205419.391523123,15,305.000000,10115.250
1785205419.391523123,9,311.484375,11459.000
1785205419.391523123,15,329.468750,8304.000
1785205419.391523123,15,331.109375,8136.500
1785205419.391523123,8,336.000000,7791.000
1785205419.506501198,15,17.906250,466.750
1785205419.506501198,15,19.812500,458.000
1785205419.506501198,7,172.390625,10121.000
1785205419.506501198,8,174.015625,10145.500
1785205419.506501198,15,183.796875,7825.000
1785205419.506501198,15,187.984375,1351.250
1785205419.506501198,15,189.625000,1338.250
1785205419.506501198,15,194.562500,1227.250
1785205419.506501198,15,196.203125,1216.750
1785205419.506501198,12,197.796875,1222.000
1785205419.506501198,8,199.359375,1242.500
1785205419.506501198,13,229.140625,11813.750
1785205419.506501198,15,248.625000,9133.250
1785205419.506501198,15,250.312500,9066.250
1785205419.506501198,15,251.937500,8970.750
1785205419.506501198,15,253.562500,8886.750
1785205419.506501198,15,255.187500,8746.000
1785205419.506501198,15,256.812500,8613.000
1785205419.506501198,15,258.453125,8559.750
1785205419.506501198,15,260.062500,8467.750
1785205419.506501198,15,261.703125,8375.000
1785205419.506501198,15,263.328125,8341.000
1785205419.506501198,15,264.953125,8303.500
1785205419.506501198,15,266.562500,8328.500
1785205419.506501198,15,269.812500,8764.500
1785205419.506501198,15,271.437500,8751.000
1785205419.506501198,15,273.062500,8765.250
1785205419.506501198,15,274.625000,8788.000
1785205419.506501198,15,276.250000,8817.250
1785205419.506501198,15,277.859375,8829.000
1785205419.506501198,15,279.468750,8833.750
1785205419.506501198,15,284.343750,8225.000
1785205419.506501198,15,285.968750,8287.750
1785205419.506501198,15,287.578125,8365.000
1785205419.506501198,15,290.812500,8894.750
1785205419.506501198,15,292.437500,8991.250
1785205419.506501198,15,294.062500,9092.250
1785205419.506501198,15,295.671875,9201.000
1785205419.506501198,15,297.296875,9293.000
1785205419.506501198,15,299.000000,9438.500
1785205419.506501198,15,300.625000,9591.500
1785205419.506501198,15,302.250000,9756.000
1785205419.506501198,15,303.875000,9963.750
1785205419.506501198,15,305.500000,10163.750
1785205419.506501198,15,307.109375,10385.750
1785205419.506501198,7,308.750000,10638.000
1785205419.506501198,8,311.984375,11705.750
1785205419.506501198,13,325.093750,8941.500
1785205419.506501198,15,329.984375,8229.000
1785205419.621195078,15,20.359375,451.250
1785205419.621195078,15,182.718750,7815.750
1785205419.621195078,15,190.125000,1337.000
1785205419.621195078,13,195.046875,1212.000
1785205419.621195078,15,196.718750,1210.750
1785205419.621195078,12,228.078125,11943.500
1785205419.621195078,15,229.703125,11727.750
1785205419.621195078,15,237.843750,10203.000
1785205419.621195078,15,249.234375,9070.500
1785205419.621195078,15,250.859375,8968.250
1785205419.621195078,15,252.484375,8910.250
1785205419.621195078,15,259.000000,8531.000
1785205419.621195078,15,260.609375,8437.750
1785205419.621195078,15,262.250000,8358.500
1785205419.621195078,15,263.875000,8310.750
1785205419.621195078,15,265.500000,8303.500
1785205419.621195078,15,267.109375,8347.750
1785205419.621195078,15,270.359375,8736.250
1785205419.621195078,15,271.984375,8725.500
1785205419.621195078,15,273.609375,8745.000
1785205419.621195078,15,275.171875,8763.750
1785205419.621195078,15,276.781250,8771.500
1785205419.621195078,15,278.406250,8761.750
1785205419.621195078,15,280.031250,8803.500
1785205419.621195078,15,284.906250,8254.500
1785205419.621195078,15,286.515625,8307.500
1785205419.621195078,15,288.125000,8462.750
1785205419.621195078,15,291.359375,8913.500
1785205419.621195078,15,293.000000,9035.500
1785205419.621195078,15,294.593750,9118.750
1785205419.621195078,15,296.218750,9206.000
1785205419.621195078,15,297.828125,9317.000
1785205419.621195078,15,299.593750,9473.500
1785205419.621195078,15,301.218750,9669.250
1785205419.621195078,15,302.843750,9870.500
1785205419.621195078,15,304.468750,10048.500
1785205419.621195078,15,306.078125,10270.500
1785205419.621195078,8,307.718750,10542.250
1785205419.621195078,15,327.359375,8567.000
1785205419.621195078,15,328.968750,8343.250
1785205419.621195078,15,330.609375,8171.750
1785205419.732518911,15,19.109375,450.500
1785205419.732518911,15,20.765625,444.750
1785205419.732518911,15,189.187500,1350.250
1785205419.732518911,15,190.859375,1325.500
1785205419.732518911,15,195.828125,1198.750
1785205419.732518911,13,197.406250,1213.000
1785205419.732518911,15,248.281250,9143.250
1785205419.732518911,15,249.906250,9094.000
1785205419.732518911,15,251.515625,9011.250
1785205419.732518911,15,253.156250,8915.250
1785205419.732518911,15,254.765625,8800.000
1785205419.732518911,15,264.515625,8307.750
1785205419.732518911,15,266.140625,8369.250
1785205419.732518911,15,269.375000,8722.500
1785205419.732518911,15,271.000000,8727.250
1785205419.732518911,15,272.609375,8799.250
1785205419.732518911,15,274.234375,8800.500
1785205419.732518911,15,275.828125,8775.250
1785205419.732518911,15,277.453125,8798.750
1785205419.732518911,15,279.078125,8818.750
1785205419.732518911,15,280.687500,8719.750
1785205419.732518911,15,283.953125,8197.750
1785205419.732518911,15,285.562500,8251.000
1785205419.732518911,15,287.187500,8330.250
1785205419.732518911,15,290.406250,8900.000
1785205419.732518911,15,292.031250,8969.250
1785205419.732518911,15,293.656250,9084.750
1785205419.732518911,15,295.281250,9176.500
1785205419.732518911,15,296.875000,9259.250
1785205419.732518911,15,298.640625,9360.750
1785205419.732518911,15,300.265625,9507.500
1785205419.732518911,15,301.906250,9702.500
1785205419.732518911,15,303.531250,9897.500
1785205419.732518911,15,305.140625,10109.500
1785205419.732518911,13,324.750000,9036.250
1785205419.732518911,15,329.656250,8261.000
1785205419.732518911,15,331.296875,8125.500
1785205419.847002029,15,18.203125,454.500
1785205419.847002029,15,19.937500,447.500
1785205419.847002029,15,23.218750,422.500
1785205419.847002029,15,184.078125,7832.000
1785205419.847002029,15,188.203125,1362.000
1785205419.847002029,15,189.875000,1339.000
1785205419.847002029,15,194.859375,1218.250
1785205419.847002029,15,196.437500,1212.500
1785205419.847002029,15,198.078125,1225.250
1785205419.847002029,15,199.671875,1237.250
1785205419.847002029,12,229.468750,11759.000
1785205419.847002029,15,248.968750,9136.250
1785205419.847002029,15,250.562500,9030.500
1785205419.847002029,15,252.187500,8950.500
1785205419.847002029,15,253.796875,8867.750
1785205419.847002029,15,255.421875,8701.000
1785205419.847002029,15,263.531250,8369.250
1785205419.847002029,15,265.156250,8307.500
1785205419.847002029,15,266.781250,8338.000
1785205419.847002029,15,270.015625,8742.750
1785205419.847002029,15,271.640625,8771.250
1785205419.847002029,15,273.250000,8761.750
1785205419.847002029,15,274.859375,8783.500
1785205419.847002029,15,276.468750,8769.250
1785205419.847002029,15,278.093750,8766.750
1785205419.847002029,15,279.703125,8831.500
1785205419.847002029,15,281.328125,8725.500
1785205419.847002029,15,284.593750,8244.250
1785205419.847002029,15,286.203125,8316.500
1785205419.847002029,15,287.828125,8377.500
1785205419.847002029,15,291.046875,8967.750
1785205419.847002029,15,292.671875,9048.250
1785205419.847002029,15,294.281250,9118.000
1785205419.847002029,15,295.906250,9201.500
1785205419.847002029,15,297.531250,9330.500
1785205419.847002029,13,299.296875,9461.750
1785205419.847002029,15,300.906250,9600.500
1785205419.847002029,15,302.531250,9815.000
1785205419.847002029,15,304.156250,9991.500
1785205419.847002029,13,305.765625,10163.500
1785205419.847002029,15,330.234375,8206.000
1785205419.962023020,15,18.890625,446.500
1785205419.962023020,15,20.484375,443.250
1785205419.962023020,7,171.453125,10089.750
1785205419.962023020,15,181.265625,7962.500
1785205419.962023020,15,182.890625,7871.250
1785205419.962023020,15,190.281250,1335.250
1785205419.962023020,15,195.281250,1209.500
1785205419.962023020,15,196.859375,1210.750
1785205419.962023020,15,229.890625,11734.000
1785205419.962023020,12,238.015625,10138.750
1785205419.962023020,15,249.390625,9159.000
1785205419.962023020,15,251.000000,9029.750
1785205419.962023020,15,252.640625,8920.500
1785205419.962023020,15,254.250000,8740.750
1785205419.962023020,15,259.140625,8484.000
1785205419.962023020,15,260.765625,8400.250
1785205419.962023020,15,262.375000,8357.000
1785205419.962023020,15,264.000000,8316.500
1785205419.962023020,15,265.625000,8310.250
1785205419.962023020,15,267.234375,8402.250
1785205419.962023020,15,268.859375,8617.250
1785205419.962023020,15,270.484375,8757.250
1785205419.962023020,15,272.093750,8773.250
1785205419.962023020,15,273.718750,8763.750
1785205419.962023020,15,275.328125,8764.250
1785205419.962023020,15,276.937500,8772.500
1785205419.962023020,15,278.562500,8805.750
1785205419.962023020,15,280.171875,8839.500
1785205419.962023020,15,283.437500,8380.000
1785205419.962023020,15,285.046875,8288.000
1785205419.962023020,15,286.671875,8345.250
1785205419.962023020,15,289.890625,8817.500
1785205419.962023020,15,291.515625,8961.250
1785205419.962023020,15,293.125000,9078.250
1785205419.962023020,15,294.750000,9185.750
1785205419.962023020,15,296.375000,9233.500
1785205419.962023020,15,297.984375,9315.250
1785205419.962023020,15,299.687500,9473.250
1785205419.962023020,15,301.312500,9665.750
1785205419.962023020,15,302.937500,9867.250
1785205419.962023020,15,304.562500,10049.750
1785205419.962023020,15,306.187500,10220.000
1785205419.962023020,11,307.812500,10489.000
1785205419.962023020,9,311.046875,11485.500
1785205419.962023020,15,327.359375,8561.500
1785205419.962023020,15,329.000000,8344.500
1785205419.962023020,15,330.625000,8173.500
1785205419.962023020,8,335.500000,7793.500
1785205420.073167086,15,19.296875,442.750
1785205420.073167086,15,20.984375,441.000
1785205420.073167086,7,173.500000,10207.000
1785205420.073167086,9,175.109375,10049.500
1785205420.073167086,15,183.296875,7889.000
1785205420.073167086,15,189.046875,1350.000
1785205420.073167086,15,190.671875,1331.750
1785205420.073167086,15,195.718750,1199.250
1785205420.073167086,12,197.328125,1214.500
1785205420.073167086,13,228.609375,11913.500
1785205420.073167086,15,248.093750,9173.000
1785205420.073167086,15,249.718750,9146.000
1785205420.073167086,15,251.390625,9033.750
1785205420.073167086,15,253.000000,8916.000
1785205420.073167086,15,256.265625,8733.750
1785205420.073167086,15,257.875000,8558.500
1785205420.073167086,15,259.500000,8470.250
1785205420.073167086,15,264.375000,8340.500
1785205420.073167086,15,266.000000,8370.000
1785205420.073167086,15,267.609375,8548.500
1785205420.073167086,15,269.234375,8645.000
1785205420.073167086,15,270.859375,8692.500
1785205420.073167086,15,272.484375,8755.750
1785205420.073167086,15,274.093750,8745.250
1785205420.073167086,15,275.718750,8769.250
1785205420.073167086,15,277.343750,8800.750
1785205420.073167086,15,278.953125,8821.750
1785205420.073167086,15,280.578125,8764.250
1785205420.073167086,15,283.828125,8210.250
1785205420.073167086,15,285.453125,8258.000
1785205420.073167086,15,287.078125,8323.500
1785205420.073167086,15,290.312500,8896.250
1785205420.073167086,15,291.921875,8968.750
1785205420.073167086,15,293.562500,9082.750
1785205420.073167086,15,295.171875,9177.500
1785205420.073167086,15,296.796875,9264.000
1785205420.073167086,15,298.484375,9364.750
1785205420.073167086,15,300.093750,9513.750
1785205420.073167086,15,301.718750,9725.250
1785205420.073167086,15,303.343750,9923.250
1785205420.073167086,15,304.968750,10088.250
1785205420.073167086,10,311.453125,11460.750
1785205420.073167086,15,329.390625,8303.750
1785205420.073167086,15,331.031250,8132.000
1785205420.073167086,10,335.906250,7785.250
1785205420.187170982,15,17.968750,453.500
1785205420.187170982,15,19.640625,442.250
1785205420.187170982,15,21.187500,438.000
1785205420.187170982,10,173.921875,10109.500
1785205420.187170982,9,175.546875,10171.250
1785205420.187170982,15,183.734375,7898.000
1785205420.187170982,15,187.921875,1351.500
1785205420.187170982,15,189.515625,1338.250
1785205420.187170982,15,191.156250,1317.750
1785205420.187170982,15,194.437500,1227.000
1785205420.187170982,15,196.078125,1214.000
1785205420.187170982,13,197.781250,1218.750
1785205420.187170982,14,229.046875,11861.750
1785205420.187170982,15,248.531250,9141.000
1785205420.187170982,15,250.203125,9086.750
1785205420.187170982,15,251.812500,9011.750
1785205420.187170982,15,253.453125,8911.750
1785205420.187170982,15,255.062500,8757.500
1785205420.187170982,15,256.703125,8612.500
1785205420.187170982,15,258.328125,8509.750
1785205420.187170982,15,259.953125,8424.000
1785205420.187170982,15,261.578125,8385.750
1785205420.187170982,15,263.203125,8366.500
1785205420.187170982,15,264.812500,8306.250
1785205420.187170982,15,266.453125,8318.750
1785205420.187170982,15,269.671875,8728.250
1785205420.187170982,15,271.296875,8747.250
1785205420.187170982,15,272.921875,8747.250
1785205420.187170982,15,274.500000,8764.500
1785205420.187170982,15,276.125000,8859.500
1785205420.187170982,15,277.750000,8872.250
1785205420.187170982,15,279.390625,8825.500
1785205420.187170982,15,281.000000,8687.750
1785205420.187170982,15,284.250000,8222.500
1785205420.187170982,15,285.859375,8269.500
1785205420.187170982,15,287.468750,8336.250
1785205420.187170982,15,290.718750,8928.250
1785205420.187170982,15,292.328125,8993.750
1785205420.187170982,15,293.953125,9067.500
1785205420.187170982,15,295.562500,9167.250
1785205420.187170982,15,297.187500,9270.750
1785205420.187170982,15,298.875000,9374.750
1785205420.187170982,15,300.500000,9527.750
1785205420.187170982,15,302.125000,9744.750
1785205420.187170982,15,303.750000,9954.000
1785205420.187170982,15,305.359375,10157.250
1785205420.187170982,14,306.984375,10379.250
1785205420.187170982,8,308.609375,10578.250
1785205420.187170982,8,311.843750,11548.500
1785205420.187170982,14,324.921875,9008.750
1785205420.187170982,15,329.828125,8265.500
1785205420.187170982,15,331.453125,8131.000
1785205420.187170982,7,334.703125,7961.000
1785205420.299401999,15,18.406250,450.250
1785205420.299401999,15,19.953125,442.500
1785205420.299401999,15,23.593750,420.250
1785205420.299401999,7,169.375000,10287.000
1785205420.299401999,8,174.250000,10159.250
1785205420.299401999,15,182.406250,7857.750
1785205420.299401999,15,184.015625,7845.750
1785205420.299401999,15,188.140625,1358.000
1785205420.299401999,15,189.781250,1339.750
1785205420.299401999,15,194.812500,1218.250
1785205420.299401999,15,196.375000,1211.500
1785205420.299401999,15,197.968750,1223.750
1785205420.299401999,15,199.609375,1238.250
1785205420.299401999,12,229.375000,11740.000
1785205420.299401999,15,248.859375,9181.500
1785205420.299401999,15,250.500000,9072.750
1785205420.299401999,15,252.125000,8946.750
1785205420.299401999,15,253.750000,8867.750
1785205420.299401999,15,255.375000,8708.250
1785205420.299401999,15,263.500000,8359.250
1785205420.299401999,15,265.125000,8301.000
1785205420.299401999,15,266.750000,8343.000
1785205420.299401999,15,269.984375,8738.500
1785205420.299401999,15,271.609375,8726.500
1785205420.299401999,15,273.218750,8730.250
1785205420.299401999,15,274.796875,8786.750
1785205420.299401999,15,276.406250,8766.500
1785205420.299401999,15,278.031250,8769.000
1785205420.299401999,15,279.640625,8826.500
1785205420.299401999,15,281.250000,8721.000
1785205420.299401999,15,284.515625,8244.750
1785205420.299401999,15,286.109375,8320.500
1785205420.299401999,15,287.750000,8380.750
1785205420.299401999,15,290.968750,8967.500
1785205420.299401999,15,292.578125,9045.000
1785205420.299401999,15,294.203125,9116.500
1785205420.299401999,15,295.812500,9198.750
1785205420.299401999,15,297.437500,9329.750
1785205420.299401999,15,299.156250,9446.750
1785205420.299401999,15,300.796875,9593.000
1785205420.299401999,15,302.406250,9812.000
1785205420.299401999,15,304.031250,9972.750
1785205420.299401999,13,305.656250,10130.500
1785205420.299401999,15,330.187500,8235.250
1785205420.414084196,15,18.796875,446.250
1785205420.414084196,15,20.375000,442.500
1785205420.414084196,15,23.640625,422.750
1785205420.414084196,8,163.296875,10399.500
1785205420.414084196,15,182.828125,7862.500
1785205420.414084196,15,190.265625,1335.250
1785205420.414084196,15,195.218750,1209.500
1785205420.414084196,15,196.828125,1210.500
1785205420.414084196,15,200.031250,1239.250
1785205420.414084196,15,229.828125,11746.500
1785205420.414084196,15,237.968750,10145.750
1785205420.414084196,15,249.343750,9120.000
1785205420.414084196,15,250.968750,9013.750
1785205420.414084196,15,252.578125,8906.500
1785205420.414084196,15,259.078125,8480.750
1785205420.414084196,15,260.703125,8427.000
1785205420.414084196,15,262.328125,8349.000
1785205420.414084196,15,263.937500,8307.250
1785205420.414084196,15,265.578125,8295.250
1785205420.414084196,15,267.187500,8343.250
1785205420.414084196,15,270.421875,8731.750
1785205420.414084196,15,272.046875,8728.500
1785205420.414084196,15,273.671875,8742.750
1785205420.414084196,15,275.250000,8756.750
1785205420.414084196,15,276.875000,8764.750
1785205420.414084196,15,278.500000,8765.750
1785205420.414084196,15,280.109375,8805.750
1785205420.414084196,15,284.968750,8258.250
1785205420.414084196,15,286.593750,8313.500
1785205420.414084196,15,288.203125,8465.500
1785205420.414084196,15,291.437500,8924.500
1785205420.414084196,15,293.062500,9040.000
1785205420.414084196,15,294.656250,9121.750
1785205420.414084196,15,296.281250,9210.750
1785205420.414084196,15,297.890625,9317.250
1785205420.414084196,15,299.625000,9473.250
1785205420.414084196,15,301.265625,9666.250
1785205420.414084196,15,302.890625,9862.500
1785205420.414084196,15,304.500000,10040.750
1785205420.414084196,15,306.140625,10226.500
1785205420.414084196,8,307.750000,10454.750
1785205420.414084196,7,311.000000,11390.000
1785205420.414084196,15,329.000000,8349.000
1785205420.414084196,15,330.640625,8176.000
1785205420.414084196,7,335.546875,7783.750
1785205420.528522015,15,19.265625,442.500
1785205420.528522015,15,20.750000,440.750
1785205420.528522015,12,175.156250,10102.000
1785205420.528522015,15,183.296875,7888.250
1785205420.528522015,15,189.078125,1349.750
1785205420.528522015,15,190.718750,1328.250
1785205420.528522015,15,195.625000,1199.000
1785205420.528522015,11,197.234375,1214.500
1785205420.528522015,14,228.703125,11903.500
1785205420.528522015,15,248.234375,9146.000
1785205420.528522015,15,249.859375,9088.500
1785205420.528522015,15,251.453125,9001.750
1785205420.528522015,15,253.078125,8912.500
1785205420.528522015,15,254.703125,8795.500
1785205420.528522015,15,256.343750,8665.500
1785205420.528522015,15,259.593750,8347.000
1785205420.528522015,15,264.453125,8309.000
1785205420.528522015,15,266.062500,8369.000
1785205420.528522015,15,267.687500,8550.250
1785205420.528522015,15,269.312500,8657.250
1785205420.528522015,15,270.921875,8697.750
1785205420.528522015,15,272.546875,8758.500
1785205420.528522015,15,274.171875,8749.500
1785205420.528522015,15,275.765625,8765.500
1785205420.528522015,15,277.406250,8800.000
1785205420.528522015,15,279.015625,8825.500
1785205420.528522015,15,280.625000,8761.000
1785205420.528522015,15,283.890625,8208.000
1785205420.528522015,15,285.515625,8258.000
1785205420.528522015,15,287.140625,8327.750
1785205420.528522015,15,290.359375,8895.500
1785205420.528522015,15,291.984375,8971.500
1785205420.528522015,15,293.593750,9077.250
1785205420.528522015,15,295.203125,9168.250
1785205420.528522015,15,296.843750,9258.250
1785205420.528522015,15,298.593750,9360.250
1785205420.528522015,15,300.218750,9510.000
1785205420.528522015,15,301.843750,9704.000
1785205420.528522015,15,303.468750,9899.500
1785205420.528522015,15,305.093750,10161.250
1785205420.528522015,8,311.593750,11454.750
1785205420.528522015,15,324.671875,9036.000
1785205420.528522015,15,329.578125,8269.000
1785205420.528522015,15,331.218750,8130.750
